model_1,model_2,prediction_correlation,residual_correlation,model_1_unique_win_days,model_2_unique_win_days
decomp_mean_daytype_shrunk/quality_weighted,decomp_ridge_calendar_mean/all,0.5329511307448364,0.752763389340406,2,0
decomp_mean_daytype_shrunk/quality_weighted,decomp_ridge_calendar_daytype/all,0.5338262558507822,0.7539267206958808,2,0
decomp_mean_mean/quality_weighted,decomp_ridge_calendar_mean/all,0.5310978581663215,0.7561811066190088,2,0
decomp_mean_mean/quality_weighted,decomp_ridge_calendar_daytype/all,0.5287732366107536,0.7567410473399971,2,0
decomp_mean_daytype_shrunk/exclude_outage_severe,decomp_ridge_calendar_mean/all,0.5338405897335727,0.7588003250118934,0,0
decomp_mean_daytype_shrunk/exclude_outage_severe,decomp_ridge_calendar_daytype/all,0.5336508481613292,0.759759416584775,0,0
decomp_mean_mean/exclude_outage_severe,decomp_ridge_calendar_mean/all,0.5318450550198831,0.7624095569547259,3,0
decomp_mean_mean/exclude_outage_severe,decomp_ridge_calendar_daytype/all,0.5274764530501804,0.7625860730424966,3,0
decomp_ridge_calendar_daytype/all,hour_mean/exclude_outage_severe,0.5256094797797457,0.7651876410438982,0,3
decomp_ridge_calendar_daytype/all,hour_mean/quality_weighted,0.5274274009689778,0.7654572500044335,0,2
decomp_ridge_calendar_mean/all,hour_mean/exclude_outage_severe,0.5343498810157139,0.7657976281503067,0,3
decomp_ridge_calendar_mean/all,hour_mean/quality_weighted,0.5362837622377841,0.7660839753580224,0,2
decomp_mean_daytype_shrunk/quality_weighted,decomp_ridge_calendar_vessel_daytype/all,0.613566224204355,0.7722550368328764,2,0
decomp_mean_daytype_shrunk/quality_weighted,decomp_ridge_calendar_vessel_mean/all,0.6108460756779552,0.7733092000238017,2,0
decomp_mean_mean/quality_weighted,decomp_ridge_calendar_vessel_daytype/all,0.6091079910843945,0.7748537207288416,2,0
decomp_mean_mean/quality_weighted,decomp_ridge_calendar_vessel_mean/all,0.6101840112920996,0.7767212684201298,2,0
decomp_mean_daytype_shrunk/exclude_outage_severe,decomp_ridge_calendar_vessel_daytype/all,0.6178943752158153,0.7788254544163183,0,0
decomp_mean_daytype_shrunk/exclude_outage_severe,decomp_ridge_calendar_vessel_mean/all,0.6112569910780576,0.7790360878913698,0,0
decomp_mean_mean/exclude_outage_severe,decomp_ridge_calendar_vessel_daytype/all,0.607369766991471,0.7802769724456299,3,0
decomp_mean_mean/exclude_outage_severe,decomp_ridge_calendar_vessel_mean/all,0.6103905304757125,0.782529815052384,3,0
decomp_ridge_calendar_vessel_daytype/all,hour_mean/exclude_outage_severe,0.6091540034544375,0.7834543442918802,0,3
decomp_ridge_calendar_vessel_daytype/all,hour_mean/quality_weighted,0.6109056695705368,0.7838135579772803,0,2
decomp_ridge_calendar_vessel_mean/all,hour_mean/exclude_outage_severe,0.6122333205373874,0.7856945624858516,0,3
decomp_ridge_calendar_vessel_mean/all,hour_mean/quality_weighted,0.6129928005569395,0.7858779835071915,0,2
decomp_ewm7_daytype_shrunk/exclude_outage_severe,decomp_ridge_calendar_mean/all,0.5362946882344439,0.7897022725310056,1,0
decomp_ewm7_daytype_shrunk/exclude_outage_severe,decomp_ridge_calendar_daytype/all,0.5373125750744333,0.7907736154677099,1,0
decomp_ewm7_daytype_shrunk/quality_weighted,decomp_ridge_calendar_mean/all,0.5419846872218995,0.7978398638619295,2,0
decomp_ewm7_daytype_shrunk/quality_weighted,decomp_ridge_calendar_daytype/all,0.5438717290879963,0.7990726566600984,2,0
decomp_ewm7_daytype_shrunk/exclude_outage_severe,decomp_ridge_calendar_vessel_daytype/all,0.6191013245743214,0.807925703135509,1,0
decomp_ewm7_daytype_shrunk/exclude_outage_severe,decomp_ridge_calendar_vessel_mean/all,0.6164962464199125,0.808905186170009,1,0
decomp_mean_daytype_shrunk/quality_weighted,ridge_direct_calendar/exclude_outage_severe,0.7425569795020791,0.8110284316825765,2,0
decomp_mean_daytype_shrunk/quality_weighted,poisson_direct_calendar/all,0.8804924751260796,0.8144048204214419,2,0
decomp_mean_daytype_shrunk/quality_weighted,ridge_direct_calendar/all,0.7043800108389644,0.8147547871634915,2,0
decomp_ewm7_daytype_shrunk/quality_weighted,decomp_ridge_calendar_vessel_daytype/all,0.6231282197633866,0.815647969026348,2,0
decomp_mean_mean/quality_weighted,ridge_direct_calendar/exclude_outage_severe,0.7473589160656626,0.8157692154270033,2,0
decomp_ewm7_daytype_shrunk/quality_weighted,decomp_ridge_calendar_vessel_mean/all,0.6182657526600227,0.8162202426458922,2,0
decomp_mean_daytype_shrunk/exclude_outage_severe,ridge_direct_calendar/exclude_outage_severe,0.7460702777456513,0.8170840989419048,0,0
decomp_mean_daytype_shrunk/exclude_outage_severe,ridge_direct_calendar/all,0.7004356958420057,0.8183704173250644,0,0
decomp_mean_mean/quality_weighted,poisson_direct_calendar/all,0.8835003517612495,0.8184811446792145,2,0
decomp_mean_mean/quality_weighted,ridge_direct_calendar/all,0.7067672050547709,0.818572783338603,2,0
decomp_mean_daytype_shrunk/exclude_outage_severe,poisson_direct_calendar/all,0.8776567587801303,0.8189220450802381,0,0
decomp_mean_daytype_shrunk/quality_weighted,ridge_direct_calendar_vessel/quality_weighted,0.7723471074660848,0.8189619344961968,2,0
decomp_mean_daytype_shrunk/quality_weighted,decomp_poisson_calendar_mean/all,0.8768679572293556,0.8196539266238092,2,0
decomp_mean_daytype_shrunk/quality_weighted,decomp_poisson_calendar_daytype/all,0.8603456280216195,0.8202669096088412,2,0
decomp_mean_mean/exclude_outage_severe,ridge_direct_calendar/exclude_outage_severe,0.7493326256995151,0.8215106152237694,3,0
decomp_mean_mean/exclude_outage_severe,ridge_direct_calendar/all,0.7041102204181506,0.8226226286870072,3,0
decomp_mean_mean/quality_weighted,decomp_poisson_calendar_daytype/all,0.8586275171972981,0.8230587408701162,2,0
hour_mean/exclude_outage_severe,ridge_direct_calendar/exclude_outage_severe,0.7486950020325743,0.8237621451580744,3,0
hour_mean/quality_weighted,ridge_direct_calendar/exclude_outage_severe,0.7493703817430336,0.8238855294666985,2,0
decomp_mean_daytype_shrunk/exclude_outage_severe,ridge_direct_calendar_vessel/quality_weighted,0.7731318371136179,0.8239770053332531,0,0
decomp_mean_mean/exclude_outage_severe,poisson_direct_calendar/all,0.8839770877543666,0.8239991743161716,3,0
decomp_mean_daytype_shrunk/exclude_outage_severe,decomp_poisson_calendar_mean/all,0.8747178641788227,0.8242012194642037,0,0
decomp_mean_mean/quality_weighted,decomp_poisson_calendar_mean/all,0.881762289399402,0.8242202132149886,2,0
decomp_mean_mean/quality_weighted,ridge_direct_calendar_vessel/quality_weighted,0.7785649820315497,0.8242503537252048,2,0
decomp_mean_daytype_shrunk/quality_weighted,poisson_direct_calendar_vessel/all,0.88157722097623,0.8244640976275531,2,0
decomp_mean_daytype_shrunk/exclude_outage_severe,decomp_poisson_calendar_daytype/all,0.8608972587658507,0.8254874917184747,0,0
decomp_mean_daytype_shrunk/quality_weighted,decomp_poisson_calendar_vessel_mean/all,0.8653330054800671,0.8255680087630695,2,0
hour_mean/exclude_outage_severe,ridge_direct_calendar/all,0.70955376674971,0.8267277211883651,3,0
hour_mean/quality_weighted,poisson_direct_calendar/all,0.8861262370515027,0.8270494126543945,2,0
hour_mean/exclude_outage_severe,poisson_direct_calendar/all,0.8861624633623386,0.8271272923985639,3,0
decomp_mean_daytype_shrunk/quality_weighted,decomp_poisson_calendar_vessel_daytype/all,0.8571626095718892,0.8272499841247561,2,0
hour_mean/quality_weighted,ridge_direct_calendar/all,0.7143951695324057,0.8284074631016605,2,0
decomp_mean_mean/exclude_outage_severe,decomp_poisson_calendar_daytype/all,0.8589887881477475,0.8284368826843014,3,0
decomp_mean_daytype_shrunk/exclude_outage_severe,poisson_direct_calendar_vessel/all,0.8779231884245123,0.8285784819417523,0,0
decomp_mean_mean/quality_weighted,poisson_direct_calendar_vessel/all,0.8854942878982683,0.828724350006336,2,0
decomp_mean_mean/exclude_outage_severe,ridge_direct_calendar_vessel/quality_weighted,0.7771511057045856,0.8287541370636773,3,0
decomp_mean_mean/quality_weighted,decomp_poisson_calendar_vessel_daytype/all,0.8532317782242461,0.82930622434855,2,0
decomp_mean_mean/exclude_outage_severe,decomp_poisson_calendar_mean/all,0.8820138014555358,0.829587172855679,3,0
decomp_mean_daytype_shrunk/exclude_outage_severe,decomp_poisson_calendar_vessel_mean/all,0.8636109701349114,0.8301305276179859,0,0
decomp_mean_mean/quality_weighted,decomp_poisson_calendar_vessel_mean/all,0.8709012562010621,0.8302872972156198,2,0
decomp_poisson_calendar_daytype/all,hour_mean/exclude_outage_severe,0.8597448317037433,0.831185171712368,0,3
decomp_poisson_calendar_daytype/all,hour_mean/quality_weighted,0.8613167743180932,0.8315198801852117,0,2
hour_mean/quality_weighted,ridge_direct_calendar_vessel/quality_weighted,0.7807275397623649,0.8322418700122398,2,0
decomp_mean_daytype_shrunk/exclude_outage_severe,decomp_poisson_calendar_vessel_daytype/all,0.8572310483013263,0.8322631387335939,0,0
decomp_poisson_calendar_mean/all,hour_mean/exclude_outage_severe,0.8835874247318791,0.832547609046192,0,3
hour_mean/exclude_outage_severe,ridge_direct_calendar_vessel/quality_weighted,0.78197689247695,0.8328314632886195,3,0
decomp_mean_daytype_shrunk/quality_weighted,decomp_ridge_calendar_vessel_mean/quality_weighted,0.8553173448323135,0.8331013279549571,2,0
decomp_poisson_calendar_mean/all,hour_mean/quality_weighted,0.8860916286484573,0.8331187336634645,0,2
decomp_mean_mean/exclude_outage_severe,poisson_direct_calendar_vessel/all,0.8846899669852866,0.833727686129886,3,0
decomp_mean_daytype_shrunk/quality_weighted,decomp_ridge_calendar_vessel_daytype/quality_weighted,0.8588558209637043,0.8341359800280685,2,0
decomp_mean_mean/exclude_outage_severe,decomp_poisson_calendar_vessel_daytype/all,0.8544153239558272,0.8347693157472945,3,0
decomp_mean_daytype_shrunk/quality_weighted,decomp_ridge_calendar_vessel_mean/exclude_outage_severe,0.8475601240929632,0.8350851885922098,2,0
decomp_mean_mean/exclude_outage_severe,decomp_poisson_calendar_vessel_mean/all,0.8712965575788693,0.8355467124098644,3,0
decomp_mean_daytype_shrunk/quality_weighted,decomp_ridge_calendar_vessel_daytype/exclude_outage_severe,0.8441435847927264,0.8358906685621589,2,0
decomp_mean_mean/quality_weighted,decomp_ridge_calendar_vessel_daytype/quality_weighted,0.8548740427790766,0.8359324920525616,2,0
decomp_mean_daytype_shrunk/quality_weighted,ridge_direct_calendar_vessel/all,0.759318375181354,0.8366783717237337,2,0
hour_mean/exclude_outage_severe,poisson_direct_calendar_vessel/all,0.8868086291365698,0.8367866190629962,3,0
decomp_poisson_calendar_vessel_daytype/all,hour_mean/exclude_outage_severe,0.8542338668920636,0.8371885580204362,0,3
decomp_mean_mean/quality_weighted,decomp_ridge_calendar_vessel_mean/quality_weighted,0.8589291366035974,0.8373919124404406,2,0
hour_mean/quality_weighted,poisson_direct_calendar_vessel/all,0.8894634350775792,0.8374588382103539,2,0
decomp_poisson_calendar_vessel_daytype/all,hour_mean/quality_weighted,0.8558806188150313,0.8376324417426626,0,2
decomp_mean_daytype_shrunk/exclude_outage_severe,decomp_ridge_calendar_vessel_mean/quality_weighted,0.8549675487019335,0.837737381855282,0,0
decomp_mean_mean/quality_weighted,decomp_ridge_calendar_vessel_daytype/exclude_outage_severe,0.8416340286674169,0.8380752273955605,2,0
decomp_poisson_calendar_vessel_mean/all,hour_mean/exclude_outage_severe,0.8735960150576377,0.8386434695253299,0,3
decomp_mean_daytype_shrunk/exclude_outage_severe,decomp_ridge_calendar_vessel_daytype/quality_weighted,0.8584866062224624,0.838772739626543,0,0
decomp_poisson_calendar_vessel_mean/all,hour_mean/quality_weighted,0.8744356926602314,0.8388657805914825,0,2
decomp_mean_daytype_shrunk/exclude_outage_severe,ridge_direct_calendar_vessel/all,0.7547686322743374,0.8395153256367017,0,0
decomp_mean_daytype_shrunk/exclude_outage_severe,decomp_ridge_calendar_vessel_mean/exclude_outage_severe,0.8473239572993604,0.8397219137158272,0,0
decomp_mean_mean/quality_weighted,decomp_ridge_calendar_vessel_mean/exclude_outage_severe,0.8524435460682844,0.8397729511646667,2,0
decomp_mean_mean/quality_weighted,ridge_direct_calendar_vessel/all,0.7612330129169435,0.840177443915475,2,0
decomp_mean_mean/exclude_outage_severe,decomp_ridge_calendar_vessel_daytype/quality_weighted,0.8533254146317053,0.8404548937768144,3,0
decomp_mean_daytype_shrunk/exclude_outage_severe,decomp_ridge_calendar_vessel_daytype/exclude_outage_severe,0.8473664979364891,0.8416732283449098,0,0
decomp_mean_mean/exclude_outage_severe,decomp_ridge_calendar_vessel_mean/quality_weighted,0.8573299953028893,0.8418761437387977,3,0
decomp_mean_daytype_shrunk/all,decomp_ridge_calendar_mean/all,0.5734630138046949,0.8424293168691642,2,0
decomp_mean_mean/exclude_outage_severe,decomp_ridge_calendar_vessel_daytype/exclude_outage_severe,0.8420762388328965,0.8431442802991044,3,0
decomp_ridge_calendar_vessel_daytype/quality_weighted,hour_mean/quality_weighted,0.8554441280087954,0.843410592661944,0,2
decomp_mean_mean/exclude_outage_severe,ridge_direct_calendar_vessel/all,0.7592958605999972,0.8439599853027847,3,0
decomp_ewm7_daytype_shrunk/exclude_outage_severe,ridge_direct_calendar/exclude_outage_severe,0.7516184245677607,0.8441277041363318,1,0
decomp_ridge_calendar_vessel_daytype/exclude_outage_severe,hour_mean/quality_weighted,0.8386300897772344,0.8442374365431555,0,2
decomp_ridge_calendar_vessel_daytype/quality_weighted,hour_mean/exclude_outage_severe,0.8578284763555306,0.8443216287894016,0,3
decomp_mean_mean/exclude_outage_severe,decomp_ridge_calendar_vessel_mean/exclude_outage_severe,0.8515343709689862,0.8443937691993869,3,0
decomp_ridge_calendar_vessel_mean/quality_weighted,hour_mean/quality_weighted,0.8594061102294368,0.844810484778054,0,2
decomp_ewm7_daytype_shrunk/exclude_outage_severe,ridge_direct_calendar/all,0.7081405593769466,0.8452652704208324,1,0
decomp_ridge_calendar_vessel_mean/quality_weighted,hour_mean/exclude_outage_severe,0.8631054832968046,0.8461573575000501,0,3
decomp_ridge_calendar_vessel_mean/exclude_outage_severe,hour_mean/quality_weighted,0.8501049675813313,0.8461839818991502,0,2
decomp_ewm7_daytype_shrunk/exclude_outage_severe,poisson_direct_calendar/all,0.881191375298576,0.8466933312830086,1,0
decomp_ridge_calendar_vessel_daytype/exclude_outage_severe,hour_mean/exclude_outage_severe,0.8461751182313021,0.8468820660777361,0,3
decomp_mean_daytype_shrunk/all,decomp_ridge_calendar_daytype/all,0.5994392882042061,0.8470269690870338,2,0
hour_mean/exclude_outage_severe,ridge_direct_calendar_vessel/all,0.7639173130171657,0.8478049897176113,3,0
decomp_ridge_calendar_vessel_mean/exclude_outage_severe,hour_mean/exclude_outage_severe,0.8570967672945169,0.8485917436095114,0,3
hour_mean/quality_weighted,ridge_direct_calendar_vessel/all,0.7687274472364679,0.8497175404732388,2,0
decomp_ewm7_daytype_shrunk/exclude_outage_severe,ridge_direct_calendar_vessel/quality_weighted,0.7796388733994958,0.8509527359230539,1,0
decomp_ewm7_daytype_shrunk/quality_weighted,ridge_direct_calendar/exclude_outage_severe,0.7574364650184116,0.8516805330232512,2,0
decomp_ewm7_daytype_shrunk/exclude_outage_severe,decomp_poisson_calendar_daytype/all,0.8633626434066227,0.8523062373184636,1,0
decomp_ewm7_daytype_shrunk/exclude_outage_severe,decomp_poisson_calendar_mean/all,0.8817887086674423,0.852394593934301,1,0
decomp_ewm7_daytype_shrunk/quality_weighted,ridge_direct_calendar/all,0.7152836995352925,0.853535421684312,2,0
decomp_ewm7_daytype_shrunk/quality_weighted,poisson_direct_calendar/all,0.8855675204998524,0.8539095644290593,2,0
decomp_mean_mean/all,decomp_ridge_calendar_mean/all,0.573884074887249,0.8545810064069371,2,0
decomp_mean_mean/all,decomp_ridge_calendar_daytype/all,0.5731812501749224,0.8552063963472852,2,0
decomp_ewm7_daytype_shrunk/exclude_outage_severe,poisson_direct_calendar_vessel/all,0.8857299594602909,0.8565362296973502,1,0
decomp_ewm7_daytype_shrunk/exclude_outage_severe,decomp_poisson_calendar_vessel_mean/all,0.8709658241118748,0.8577411604672536,1,0
decomp_ewm7_daytype_shrunk/exclude_outage_severe,decomp_poisson_calendar_vessel_daytype/all,0.8600876699521945,0.8584436105148818,1,0
decomp_mean_daytype_shrunk/all,decomp_ridge_calendar_vessel_mean/all,0.6519573834638314,0.8591395574270451,2,0
decomp_ewm7_daytype_shrunk/quality_weighted,ridge_direct_calendar_vessel/quality_weighted,0.7887743518916952,0.8594009534134547,2,0
decomp_ewm7_daytype_shrunk/quality_weighted,decomp_poisson_calendar_daytype/all,0.8688667361342427,0.8597220917262273,2,0
decomp_ewm7_daytype_shrunk/quality_weighted,decomp_poisson_calendar_mean/all,0.8873450824180006,0.8598244739318872,2,0
decomp_mean_daytype_shrunk/quality_weighted,poisson_direct_calendar_vessel/quality_weighted,0.9232501947156184,0.8608174401513745,2,0
decomp_mean_daytype_shrunk/all,decomp_ridge_calendar_vessel_daytype/all,0.6698817661432468,0.8611844534582825,2,0
decomp_ewm7_daytype_shrunk/quality_weighted,poisson_direct_calendar_vessel/all,0.8876019125831127,0.8631054221693663,2,0
decomp_mean_daytype_shrunk/quality_weighted,ridge_direct_calendar_vessel/exclude_outage_severe,0.8621900709564062,0.8635210568967283,2,0
decomp_mean_daytype_shrunk/quality_weighted,decomp_ridge_calendar_mean/quality_weighted,0.9099289685108913,0.8643856349159929,2,0
decomp_ewm7_daytype_shrunk/quality_weighted,decomp_poisson_calendar_vessel_mean/all,0.8735885018583598,0.8644734090042537,2,0
decomp_ewm7_daytype_shrunk/exclude_outage_severe,ridge_direct_calendar_vessel/all,0.7628551410362228,0.8647548482389665,1,0
decomp_ewm7_daytype_shrunk/exclude_outage_severe,decomp_ridge_calendar_vessel_mean/quality_weighted,0.8623686603102129,0.8648500241802427,1,0
decomp_mean_daytype_shrunk/exclude_outage_severe,poisson_direct_calendar_vessel/quality_weighted,0.9223936243832115,0.8648974299629804,0,0
decomp_ewm7_daytype_shrunk/quality_weighted,decomp_poisson_calendar_vessel_daytype/all,0.862959659966843,0.8652203777611612,2,0
decomp_ewm7_daytype_shrunk/exclude_outage_severe,decomp_ridge_calendar_vessel_daytype/quality_weighted,0.8646290339357958,0.8654177557662797,1,0
decomp_ewm7_daytype_shrunk/exclude_outage_severe,decomp_ridge_calendar_vessel_mean/exclude_outage_severe,0.8527340080808508,0.8658665143508864,1,0
decomp_ridge_calendar_mean/all,hour_mean/all,0.5624036887426936,0.8665053731737791,0,2
decomp_ridge_calendar_daytype/all,hour_mean/all,0.5586213401069271,0.8666529749588562,0,2
decomp_mean_mean/quality_weighted,poisson_direct_calendar_vessel/quality_weighted,0.932834670628925,0.8672592691142282,2,0
decomp_ewm7_daytype_shrunk/exclude_outage_severe,decomp_ridge_calendar_vessel_daytype/exclude_outage_severe,0.8522982061814336,0.8674552388414641,1,0
decomp_mean_daytype_shrunk/quality_weighted,decomp_ridge_calendar_daytype/quality_weighted,0.9183245091265402,0.8675599280125715,2,0
decomp_mean_daytype_shrunk/exclude_outage_severe,ridge_direct_calendar_vessel/exclude_outage_severe,0.8622812737864315,0.8676070381999068,0,0
decomp_mean_daytype_shrunk/exclude_outage_severe,decomp_ridge_calendar_mean/quality_weighted,0.9077798125640615,0.8677673239280642,0,0
decomp_mean_mean/quality_weighted,ridge_direct_calendar_vessel/exclude_outage_severe,0.8660154051555952,0.8678298837015737,2,0
decomp_mean_mean/all,decomp_ridge_calendar_vessel_daytype/all,0.6471146912289673,0.8685974074638331,2,0
decomp_mean_mean/quality_weighted,decomp_ridge_calendar_daytype/quality_weighted,0.9169334853936978,0.8698058172913511,2,0
decomp_mean_daytype_shrunk/quality_weighted,poisson_direct_calendar/quality_weighted,0.9237241237083373,0.8701484600701538,2,0
decomp_mean_mean/all,decomp_ridge_calendar_vessel_mean/all,0.6526979744785052,0.870715839044772,2,0
decomp_mean_mean/exclude_outage_severe,poisson_direct_calendar_vessel/quality_weighted,0.93022481654619,0.8709417688952533,3,0
decomp_mean_mean/exclude_outage_severe,ridge_direct_calendar_vessel/exclude_outage_severe,0.8636503559877465,0.8710704666372002,3,0
decomp_mean_daytype_shrunk/exclude_outage_severe,decomp_ridge_calendar_daytype/quality_weighted,0.9169514189793102,0.8711956156330225,0,0
decomp_mean_mean/quality_weighted,decomp_ridge_calendar_mean/quality_weighted,0.9210183738990206,0.871627200378333,2,0
decomp_ewm7_daytype_shrunk/quality_weighted,decomp_ridge_calendar_vessel_mean/quality_weighted,0.8693640854809817,0.8724740701699669,2,0
decomp_ewm7_daytype_shrunk/quality_weighted,ridge_direct_calendar_vessel/all,0.7696884588452705,0.8727484866922173,2,0
decomp_ewm7_daytype_shrunk/quality_weighted,decomp_ridge_calendar_vessel_mean/exclude_outage_severe,0.8578086078809772,0.8729349079719222,2,0
decomp_ewm7_daytype_shrunk/quality_weighted,decomp_ridge_calendar_vessel_daytype/quality_weighted,0.871318766595802,0.8729674696994265,2,0
hour_mean/quality_weighted,poisson_direct_calendar_vessel/quality_weighted,0.9312434230024874,0.8733787904830731,2,0
hour_mean/exclude_outage_severe,poisson_direct_calendar_vessel/quality_weighted,0.9310312218366227,0.8734772603857772,3,0
hour_mean/quality_weighted,ridge_direct_calendar_vessel/exclude_outage_severe,0.866638312241623,0.874258856448467,2,0
decomp_ewm7_daytype_shrunk/quality_weighted,decomp_ridge_calendar_vessel_daytype/exclude_outage_severe,0.8568263267086865,0.8743376265438579,2,0
decomp_mean_daytype_shrunk/exclude_outage_severe,poisson_direct_calendar/quality_weighted,0.9240438752395234,0.8745046251805669,0,0
decomp_mean_mean/exclude_outage_severe,decomp_ridge_calendar_daytype/quality_weighted,0.9174420712872078,0.874549343833191,3,0
hour_mean/exclude_outage_severe,ridge_direct_calendar_vessel/exclude_outage_severe,0.86981366632353,0.8757483430583646,3,0
decomp_ridge_calendar_daytype/quality_weighted,hour_mean/quality_weighted,0.9162660233726778,0.8760104575056672,0,2
decomp_mean_mean/exclude_outage_severe,decomp_ridge_calendar_mean/quality_weighted,0.9209397359490434,0.8760964178005181,3,0
decomp_mean_mean/quality_weighted,poisson_direct_calendar/quality_weighted,0.9322794137349273,0.8762722500237025,2,0
decomp_ridge_calendar_daytype/quality_weighted,hour_mean/exclude_outage_severe,0.9172714476545883,0.8766759180178009,0,3
decomp_ridge_calendar_mean/quality_weighted,hour_mean/quality_weighted,0.9203649051322901,0.8778363104035548,0,2
decomp_mean_daytype_shrunk/quality_weighted,decomp_poisson_calendar_vessel_mean/quality_weighted,0.9363768012899246,0.8778945812436458,2,0
decomp_ridge_calendar_mean/quality_weighted,hour_mean/exclude_outage_severe,0.9201894065928522,0.8779763209687877,0,3
decomp_mean_mean/exclude_outage_severe,poisson_direct_calendar/quality_weighted,0.9299005745120165,0.8797758250600359,3,0
decomp_ridge_calendar_vessel_daytype/all,hour_mean/all,0.6391014392729113,0.8799847448521344,0,2
decomp_mean_daytype_shrunk/quality_weighted,decomp_ridge_calendar_mean/exclude_outage_severe,0.9248577750174338,0.8805825956978142,2,0
decomp_mean_daytype_shrunk/exclude_outage_severe,decomp_poisson_calendar_vessel_mean/quality_weighted,0.9328171639545992,0.8806140390733562,0,0
decomp_mean_daytype_shrunk/quality_weighted,decomp_poisson_calendar_vessel_daytype/quality_weighted,0.944201012200922,0.881723702737624,2,0
decomp_ridge_calendar_vessel_mean/all,hour_mean/all,0.6424209472834437,0.8817622587358201,0,2
decomp_mean_daytype_shrunk/all,ridge_direct_calendar/exclude_outage_severe,0.7501771732381233,0.8821430061244133,2,0
decomp_mean_mean/quality_weighted,decomp_poisson_calendar_vessel_daytype/quality_weighted,0.93890539250062,0.8822267488027976,2,0
decomp_mean_daytype_shrunk/quality_weighted,poisson_direct_calendar/exclude_outage_severe,0.9344430823256414,0.8825336116235187,2,0
hour_mean/exclude_outage_severe,poisson_direct_calendar/quality_weighted,0.9317038899011986,0.8826077278144148,3,0
hour_mean/quality_weighted,poisson_direct_calendar/quality_weighted,0.9321370643195445,0.8826414692146254,2,0
decomp_mean_daytype_shrunk/quality_weighted,decomp_poisson_calendar_vessel_mean/exclude_outage_severe,0.9379275211660607,0.8833805645104179,2,0
decomp_mean_daytype_shrunk/exclude_outage_severe,decomp_ridge_calendar_mean/exclude_outage_severe,0.9237204859924047,0.8840276512005957,0,0
decomp_mean_daytype_shrunk/quality_weighted,decomp_ridge_calendar_daytype/exclude_outage_severe,0.9295359879527405,0.8842116231974194,2,0
decomp_mean_mean/quality_weighted,decomp_poisson_calendar_vessel_mean/quality_weighted,0.9456788416375393,0.8843048341879801,2,0
decomp_mean_daytype_shrunk/quality_weighted,poisson_direct_calendar_vessel/exclude_outage_severe,0.9384838923557062,0.8853871299708116,2,0
decomp_mean_mean/quality_weighted,decomp_ridge_calendar_daytype/exclude_outage_severe,0.9268892444074537,0.8856334022896704,2,0
decomp_mean_mean/exclude_outage_severe,decomp_poisson_calendar_vessel_daytype/quality_weighted,0.9372585015629558,0.8858917750162314,3,0
decomp_mean_daytype_shrunk/exclude_outage_severe,decomp_poisson_calendar_vessel_daytype/quality_weighted,0.9450068069673766,0.8861347165689868,0,0
decomp_mean_daytype_shrunk/exclude_outage_severe,poisson_direct_calendar/exclude_outage_severe,0.9343292066599654,0.8864707494443674,0,0
decomp_mean_mean/exclude_outage_severe,decomp_poisson_calendar_vessel_mean/quality_weighted,0.9409030660969133,0.8867137356962702,3,0
decomp_mean_mean/quality_weighted,decomp_ridge_calendar_mean/exclude_outage_severe,0.9331733195682752,0.8868625208926549,2,0
decomp_mean_daytype_shrunk/all,ridge_direct_calendar_vessel/quality_weighted,0.7749197620215502,0.8873004703092109,2,0
decomp_mean_mean/quality_weighted,decomp_poisson_calendar_vessel_daytype/exclude_outage_severe,0.9388479423449866,0.8875572309025357,2,1
decomp_poisson_calendar_vessel_daytype/quality_weighted,hour_mean/quality_weighted,0.9367934612990473,0.8876340834835821,0,2
decomp_mean_daytype_shrunk/exclude_outage_severe,decomp_poisson_calendar_vessel_mean/exclude_outage_severe,0.9388782916468704,0.8877980781082352,0,0
decomp_mean_daytype_shrunk/exclude_outage_severe,decomp_ridge_calendar_daytype/exclude_outage_severe,0.9291355270878984,0.8879155985504332,0,0
decomp_mean_daytype_shrunk/quality_weighted,decomp_poisson_calendar_vessel_daytype/exclude_outage_severe,0.9457770076491839,0.8879361922845314,2,1
decomp_mean_mean/quality_weighted,poisson_direct_calendar/exclude_outage_severe,0.9409484017651106,0.8879448693969013,2,0
decomp_mean_mean/quality_weighted,decomp_poisson_calendar_vessel_mean/exclude_outage_severe,0.9432967792303903,0.8882508842708848,2,0
decomp_poisson_calendar_vessel_daytype/quality_weighted,hour_mean/exclude_outage_severe,0.9382969410290322,0.8883993227203952,0,3
decomp_mean_daytype_shrunk/exclude_outage_severe,poisson_direct_calendar_vessel/exclude_outage_severe,0.9378241342546573,0.889091375618733,0,0
decomp_ewm7_daytype_shrunk/exclude_outage_severe,poisson_direct_calendar_vessel/quality_weighted,0.9260872846878996,0.8892302558228125,1,0
decomp_poisson_calendar_vessel_mean/quality_weighted,hour_mean/quality_weighted,0.942767716201504,0.8894235569680058,0,2
decomp_poisson_calendar_vessel_mean/quality_weighted,hour_mean/exclude_outage_severe,0.9430637441876418,0.8896396659160922,0,3
decomp_mean_mean/exclude_outage_severe,decomp_ridge_calendar_daytype/exclude_outage_severe,0.9271483616317909,0.8899554123592819,3,0
decomp_mean_daytype_shrunk/all,poisson_direct_calendar/all,0.8918758680414904,0.8899620408144683,2,0
decomp_ewm7_daytype_shrunk/exclude_outage_severe,ridge_direct_calendar_vessel/exclude_outage_severe,0.8669048814291557,0.8904415228130168,1,0
decomp_mean_mean/exclude_outage_severe,decomp_poisson_calendar_vessel_daytype/exclude_outage_severe,0.937998419563169,0.8914071717219066,3,1
decomp_mean_mean/quality_weighted,poisson_direct_calendar_vessel/exclude_outage_severe,0.9468061273743084,0.8915000579129391,2,0
decomp_ridge_calendar_daytype/exclude_outage_severe,hour_mean/quality_weighted,0.9267988512703995,0.8915845277234838,0,2
decomp_mean_mean/exclude_outage_severe,decomp_ridge_calendar_mean/exclude_outage_severe,0.934566820876088,0.8916712752535549,3,0
decomp_mean_mean/exclude_outage_severe,decomp_poisson_calendar_vessel_mean/exclude_outage_severe,0.941708697639579,0.8917951982019653,3,0
decomp_mean_mean/all,ridge_direct_calendar/exclude_outage_severe,0.7520648005845059,0.8919121328517507,2,0
decomp_mean_daytype_shrunk/quality_weighted,decomp_poisson_calendar_mean/quality_weighted,0.9458462564803806,0.8919500488337415,2,0
decomp_mean_mean/exclude_outage_severe,poisson_direct_calendar/exclude_outage_severe,0.9406606983237185,0.892034627258939,3,0
decomp_ridge_calendar_daytype/exclude_outage_severe,hour_mean/exclude_outage_severe,0.927998111336568,0.8923590872991332,0,3
decomp_poisson_calendar_vessel_daytype/exclude_outage_severe,hour_mean/quality_weighted,0.9362126181966592,0.8925091760200619,1,2
decomp_ewm7_daytype_shrunk/exclude_outage_severe,decomp_ridge_calendar_mean/quality_weighted,0.9140229026900626,0.8925237649265643,1,0
decomp_ridge_calendar_mean/exclude_outage_severe,hour_mean/quality_weighted,0.9325382222799131,0.8926088288874565,0,2
decomp_mean_daytype_shrunk/exclude_outage_severe,decomp_poisson_calendar_vessel_daytype/exclude_outage_severe,0.9486299920902788,0.8931054631073886,0,1
decomp_mean_daytype_shrunk/all,decomp_ridge_calendar_vessel_mean/exclude_outage_severe,0.8180067534393731,0.8933592403179579,2,0
decomp_mean_daytype_shrunk/all,decomp_ridge_calendar_vessel_daytype/quality_weighted,0.8285854037944631,0.8933604340048683,2,0
hour_mean/quality_weighted,poisson_direct_calendar/exclude_outage_severe,0.939442921532434,0.893381050156347,2,0
decomp_poisson_calendar_vessel_mean/exclude_outage_severe,hour_mean/quality_weighted,0.9409767882441579,0.8933939533700463,0,2
decomp_mean_daytype_shrunk/all,decomp_ridge_calendar_vessel_mean/quality_weighted,0.8288432148038621,0.8934959064787062,2,0
decomp_ridge_calendar_mean/exclude_outage_severe,hour_mean/exclude_outage_severe,0.9343561820585969,0.893606861834778,0,3
decomp_poisson_calendar_vessel_daytype/exclude_outage_severe,hour_mean/exclude_outage_severe,0.938976167528555,0.8938491857448507,1,3
decomp_mean_daytype_shrunk/all,decomp_ridge_calendar_vessel_daytype/exclude_outage_severe,0.8164218574991052,0.8940704188753743,2,0
hour_mean/exclude_outage_severe,poisson_direct_calendar/exclude_outage_severe,0.9410682532990191,0.8942359929591722,3,0
decomp_mean_mean/exclude_outage_severe,poisson_direct_calendar_vessel/exclude_outage_severe,0.9438931222551106,0.8944206174633275,3,0
decomp_mean_daytype_shrunk/quality_weighted,decomp_poisson_calendar_daytype/quality_weighted,0.9480105670073792,0.894595722459843,2,1
decomp_mean_daytype_shrunk/exclude_outage_severe,decomp_poisson_calendar_mean/quality_weighted,0.9434118871950666,0.8947076207303654,0,0
decomp_poisson_calendar_vessel_mean/exclude_outage_severe,hour_mean/exclude_outage_severe,0.9443398502249726,0.8949018861409052,0,3
decomp_ewm7_daytype_shrunk/exclude_outage_severe,decomp_ridge_calendar_daytype/quality_weighted,0.9213237238733735,0.8951243031584043,1,0
decomp_mean_daytype_shrunk/all,decomp_poisson_calendar_mean/all,0.8950824123065041,0.895404760253028,2,0
decomp_mean_daytype_shrunk/all,poisson_direct_calendar_vessel/all,0.883929302141599,0.8954206826625672,2,0
decomp_ewm7_daytype_shrunk/quality_weighted,poisson_direct_calendar_vessel/quality_weighted,0.9297668699608992,0.8954357190299314,2,0
decomp_mean_mean/quality_weighted,decomp_poisson_calendar_daytype/quality_weighted,0.9449017624444793,0.8957024274521508,2,1
decomp_mean_mean/all,ridge_direct_calendar_vessel/quality_weighted,0.7739199122110277,0.8957773612230564,2,0
hour_mean/quality_weighted,poisson_direct_calendar_vessel/exclude_outage_severe,0.9439241446282519,0.8963219853169851,2,0
decomp_mean_daytype_shrunk/all,ridge_direct_calendar/all,0.7662939938509232,0.8970407858012294,2,0
hour_mean/exclude_outage_severe,poisson_direct_calendar_vessel/exclude_outage_severe,0.946222007369853,0.8973845045770057,3,0
decomp_mean_mean/quality_weighted,decomp_poisson_calendar_mean/quality_weighted,0.9529628379867975,0.897645457122825,2,0
decomp_mean_daytype_shrunk/quality_weighted,ridge_direct_calendar/quality_weighted,0.8846941730130925,0.8977006203657585,2,0
decomp_ewm7_daytype_shrunk/exclude_outage_severe,poisson_direct_calendar/quality_weighted,0.9279164945443092,0.8978639168121048,1,0
decomp_ewm7_daytype_shrunk/quality_weighted,ridge_direct_calendar_vessel/exclude_outage_severe,0.8741831266922563,0.8979258184962526,2,0
decomp_mean_mean/exclude_outage_severe,decomp_poisson_calendar_daytype/quality_weighted,0.9413819024344734,0.898189540824814,3,1
decomp_ewm7_daytype_shrunk/quality_weighted,decomp_ridge_calendar_mean/quality_weighted,0.9182046204374081,0.8987440780289611,2,0
decomp_mean_daytype_shrunk/exclude_outage_severe,decomp_poisson_calendar_daytype/quality_weighted,0.9489665510822273,0.8988272542272684,0,1
decomp_mean_daytype_shrunk/all,decomp_poisson_calendar_vessel_mean/all,0.8866373673023502,0.8999400091962056,2,0
decomp_mean_daytype_shrunk/exclude_outage_severe,ridge_direct_calendar/quality_weighted,0.8841197667801283,0.9004877558959092,0,0
decomp_poisson_calendar_daytype/quality_weighted,hour_mean/exclude_outage_severe,0.942671486483886,0.9007146079135897,1,3
decomp_mean_mean/quality_weighted,ridge_direct_calendar/quality_weighted,0.8866232805348616,0.900795749315458,2,0
decomp_mean_mean/exclude_outage_severe,decomp_poisson_calendar_mean/quality_weighted,0.9509410995291188,0.9008021337234212,3,0
decomp_poisson_calendar_daytype/quality_weighted,hour_mean/quality_weighted,0.9437938795165386,0.9010382544169616,1,2
decomp_ewm7_daytype_shrunk/quality_weighted,decomp_ridge_calendar_daytype/quality_weighted,0.9257777618969195,0.9013698787249927,2,0
decomp_mean_mean/all,poisson_direct_calendar/all,0.8998440811020093,0.9016184031986306,2,0
decomp_poisson_calendar_mean/quality_weighted,hour_mean/exclude_outage_severe,0.950460466817868,0.9025459201365762,0,3
decomp_poisson_calendar_mean/quality_weighted,hour_mean/quality_weighted,0.9522092893544304,0.9031496723533096,0,2
decomp_ewm7_daytype_shrunk/all,decomp_ridge_calendar_mean/all,0.5685647802149033,0.9037005105428695,2,0
decomp_mean_daytype_shrunk/all,decomp_poisson_calendar_daytype/all,0.9156989382577441,0.9037020600503749,2,0
hour_mean/all,ridge_direct_calendar/exclude_outage_severe,0.7578655146331138,0.90371202265213,2,0
decomp_ewm7_daytype_shrunk/exclude_outage_severe,decomp_poisson_calendar_vessel_mean/quality_weighted,0.9382020104832556,0.9040255232660362,1,0
decomp_ewm7_daytype_shrunk/quality_weighted,poisson_direct_calendar/quality_weighted,0.9321315737629109,0.9041742306494314,2,0
decomp_mean_daytype_shrunk/quality_weighted,decomp_poisson_calendar_mean/exclude_outage_severe,0.9536873724797084,0.9042072324867688,2,2
decomp_mean_mean/all,ridge_direct_calendar/all,0.7581992664245641,0.9042119450623769,2,0
decomp_mean_mean/all,decomp_ridge_calendar_vessel_daytype/quality_weighted,0.8362738963158095,0.9042823445402447,2,0
decomp_mean_mean/exclude_outage_severe,ridge_direct_calendar/quality_weighted,0.887238962582373,0.904372332590482,3,0
decomp_mean_mean/all,decomp_ridge_calendar_vessel_daytype/exclude_outage_severe,0.8230171341270316,0.9046036560507412,2,0
decomp_mean_daytype_shrunk/quality_weighted,decomp_poisson_calendar_daytype/exclude_outage_severe,0.956375232036272,0.9048854246970274,2,1
decomp_mean_mean/quality_weighted,decomp_poisson_calendar_daytype/exclude_outage_severe,0.9529713812427604,0.9056546095085666,2,1
decomp_ewm7_daytype_shrunk/all,decomp_ridge_calendar_daytype/all,0.5881994683760444,0.9065760865036474,2,0
decomp_ewm7_daytype_shrunk/exclude_outage_severe,decomp_poisson_calendar_vessel_daytype/quality_weighted,0.9445074531583931,0.9070031700037019,1,0
decomp_ewm7_daytype_shrunk/exclude_outage_severe,decomp_ridge_calendar_mean/exclude_outage_severe,0.929277917029163,0.9071232056333756,1,0
decomp_mean_mean/all,decomp_ridge_calendar_vessel_mean/quality_weighted,0.8472113453286607,0.9071774270756756,2,0
decomp_mean_daytype_shrunk/all,decomp_poisson_calendar_vessel_daytype/all,0.9060741814054495,0.9072702624913619,2,0
decomp_mean_mean/all,poisson_direct_calendar_vessel/all,0.8947973120461182,0.9075049815372963,2,0
decomp_mean_mean/all,decomp_ridge_calendar_vessel_mean/exclude_outage_severe,0.8391041123386699,0.9078059021229012,2,0
hour_mean/quality_weighted,ridge_direct_calendar/quality_weighted,0.8909273717131586,0.9078429051077024,2,0
decomp_mean_daytype_shrunk/exclude_outage_severe,decomp_poisson_calendar_mean/exclude_outage_severe,0.9540687848637984,0.9079910670090173,0,2
hour_mean/exclude_outage_severe,ridge_direct_calendar/quality_weighted,0.8914918369583981,0.9082338188027189,3,0
decomp_ewm7_daytype_shrunk/exclude_outage_severe,poisson_direct_calendar/exclude_outage_severe,0.9373216256594047,0.9084434312465655,1,0
decomp_mean_mean/all,decomp_poisson_calendar_mean/all,0.9112826051303597,0.9085656230964821,2,0
decomp_mean_mean/all,decomp_poisson_calendar_daytype/all,0.8941887724454989,0.9085857776697844,2,0
decomp_mean_mean/exclude_outage_severe,decomp_poisson_calendar_daytype/exclude_outage_severe,0.9512461887469101,0.9086934062780437,3,1
decomp_mean_mean/quality_weighted,decomp_poisson_calendar_mean/exclude_outage_severe,0.9584627804745258,0.9088498446724042,1,1
hour_mean/all,ridge_direct_calendar_vessel/quality_weighted,0.7860142070000689,0.9088536310925133,2,0
decomp_mean_daytype_shrunk/exclude_outage_severe,decomp_poisson_calendar_daytype/exclude_outage_severe,0.9572622435302389,0.9089175489416654,0,1
decomp_ewm7_daytype_shrunk/exclude_outage_severe,decomp_poisson_calendar_vessel_mean/exclude_outage_severe,0.9420920612736086,0.9097415031790543,1,0
decomp_poisson_calendar_daytype/exclude_outage_severe,hour_mean/quality_weighted,0.9504454026427528,0.9100099680229681,1,2
decomp_ewm7_daytype_shrunk/quality_weighted,decomp_poisson_calendar_vessel_mean/quality_weighted,0.9418036619221289,0.9100707520367541,2,0
decomp_ewm7_daytype_shrunk/exclude_outage_severe,decomp_ridge_calendar_daytype/exclude_outage_severe,0.9333162616456908,0.9101431856239951,1,0
hour_mean/all,ridge_direct_calendar/all,0.7432948806984303,0.910657595100566,2,0
decomp_poisson_calendar_daytype/exclude_outage_severe,hour_mean/exclude_outage_severe,0.9517815513352083,0.9107960040561818,1,3
decomp_mean_daytype_shrunk/all,ridge_direct_calendar_vessel/all,0.808778690172868,0.9112473049894505,2,0
decomp_ewm7_daytype_shrunk/exclude_outage_severe,poisson_direct_calendar_vessel/exclude_outage_severe,0.9426457336510188,0.9114854851343416,1,0
decomp_mean_mean/all,decomp_poisson_calendar_vessel_daytype/all,0.8851666449041924,0.9119934707670627,2,0
decomp_mean_daytype_shrunk/all,decomp_ridge_calendar_mean/quality_weighted,0.8710946366355208,0.9123282543223897,2,0
decomp_mean_mean/exclude_outage_severe,decomp_poisson_calendar_mean/exclude_outage_severe,0.9581947296953822,0.9125198641236177,2,1
decomp_ewm7_daytype_shrunk/quality_weighted,decomp_ridge_calendar_mean/exclude_outage_severe,0.9323221862923662,0.9126210124389174,2,0
decomp_mean_mean/all,decomp_poisson_calendar_vessel_mean/all,0.9017173071939198,0.9128460537238631,2,0
hour_mean/all,poisson_direct_calendar/all,0.9000524189265066,0.9128924852644335,2,0
decomp_poisson_calendar_mean/exclude_outage_severe,hour_mean/quality_weighted,0.9557745717137521,0.9130627902772454,1,1
decomp_ewm7_daytype_shrunk/exclude_outage_severe,decomp_poisson_calendar_vessel_daytype/exclude_outage_severe,0.9479960286310699,0.9131678652382341,1,1
decomp_mean_daytype_shrunk/all,ridge_direct_calendar_vessel/exclude_outage_severe,0.8440825296336973,0.9134438201437406,2,0
decomp_ewm7_daytype_shrunk/quality_weighted,decomp_poisson_calendar_vessel_daytype/quality_weighted,0.9494882308924548,0.9134790511196196,2,0
decomp_mean_daytype_shrunk/all,decomp_ridge_calendar_daytype/quality_weighted,0.8752592797114087,0.9135696749074168,2,0
decomp_mean_daytype_shrunk/all,poisson_direct_calendar_vessel/quality_weighted,0.892789301746143,0.9139878410713972,2,0
decomp_poisson_calendar_mean/exclude_outage_severe,hour_mean/exclude_outage_severe,0.9575176461507399,0.914031803496202,1,2
decomp_ewm7_daytype_shrunk/quality_weighted,poisson_direct_calendar/exclude_outage_severe,0.9407739286557754,0.9142010126263848,2,0
decomp_ewm7_daytype_shrunk/quality_weighted,decomp_poisson_calendar_vessel_mean/exclude_outage_severe,0.9445626955254456,0.9152064506436844,2,0
decomp_ewm7_daytype_shrunk/quality_weighted,decomp_ridge_calendar_daytype/exclude_outage_severe,0.9361137443603256,0.91546969767605,2,0
decomp_ewm7_daytype_shrunk/all,decomp_ridge_calendar_vessel_mean/all,0.6461108056508359,0.915542431324031,2,0
decomp_ewm7_daytype_shrunk/exclude_outage_severe,decomp_poisson_calendar_mean/quality_weighted,0.9476820912451315,0.9164811350178135,1,0
decomp_ewm7_daytype_shrunk/all,decomp_ridge_calendar_vessel_daytype/all,0.6598288790738581,0.9165141071726919,2,0
decomp_poisson_calendar_daytype/all,hour_mean/all,0.8835501783092696,0.9170275770277523,0,2
decomp_ewm7_daytype_shrunk/quality_weighted,poisson_direct_calendar_vessel/exclude_outage_severe,0.9459843820785921,0.9172727680221733,2,0
decomp_ridge_calendar_vessel_daytype/quality_weighted,hour_mean/all,0.8501736563572833,0.917733345995682,0,2
decomp_ridge_calendar_daytype/all,ridge_direct_calendar/quality_weighted,0.6734305445434189,0.9179645908392701,0,0
decomp_poisson_calendar_mean/all,hour_mean/all,0.9048492010021617,0.9180745520625611,0,2
decomp_ridge_calendar_vessel_daytype/exclude_outage_severe,hour_mean/all,0.8373606835273742,0.9181096419646327,0,2
decomp_ewm7_daytype_shrunk/exclude_outage_severe,ridge_direct_calendar/quality_weighted,0.8888368137156443,0.9186301334860273,1,0
decomp_ridge_calendar_mean/all,ridge_direct_calendar/quality_weighted,0.6851772520538071,0.9187326238529374,0,0
decomp_ewm7_daytype_shrunk/quality_weighted,decomp_poisson_calendar_vessel_daytype/exclude_outage_severe,0.9512226771929875,0.9188308232830771,1,0
decomp_ewm7_daytype_shrunk/exclude_outage_severe,decomp_poisson_calendar_daytype/quality_weighted,0.950176179732839,0.9189442417599468,1,1
decomp_mean_mean/all,ridge_direct_calendar_vessel/all,0.8079787100987037,0.919261060079951,2,0
hour_mean/all,poisson_direct_calendar_vessel/all,0.9004327171066381,0.9195079634485999,2,0
decomp_ridge_calendar_vessel_mean/quality_weighted,hour_mean/all,0.8591937531705107,0.9200493305234961,0,2
decomp_mean_daytype_shrunk/all,decomp_ridge_calendar_mean/exclude_outage_severe,0.8790698153779363,0.9202366767937616,2,0
decomp_poisson_calendar_vessel_daytype/all,hour_mean/all,0.8758294463435791,0.9204606931180485,0,2
decomp_ridge_calendar_vessel_mean/exclude_outage_severe,hour_mean/all,0.8505350391422754,0.9205052159402671,0,2
decomp_mean_daytype_shrunk/all,poisson_direct_calendar/quality_weighted,0.8973098232975755,0.9208265248754262,2,0
decomp_poisson_calendar_vessel_mean/all,hour_mean/all,0.8951083049390847,0.922035506420404,0,2
decomp_ewm7_daytype_shrunk/quality_weighted,decomp_poisson_calendar_mean/quality_weighted,0.9515294633264072,0.9222759354345694,2,0
decomp_mean_daytype_shrunk/all,decomp_ridge_calendar_daytype/exclude_outage_severe,0.8841511078069845,0.9228250551011158,2,0
decomp_mean_daytype_shrunk/all,decomp_poisson_calendar_vessel_mean/quality_weighted,0.8999241347311292,0.9232270809362648,2,0
decomp_mean_mean/all,decomp_ridge_calendar_daytype/quality_weighted,0.8833170989898298,0.9234232418325568,2,0
decomp_mean_mean/all,ridge_direct_calendar_vessel/exclude_outage_severe,0.8566758431612739,0.9246728038401865,2,0
decomp_mean_mean/all,decomp_ridge_calendar_mean/quality_weighted,0.8867121893828271,0.9246786045964063,2,0
decomp_ewm7_daytype_shrunk/all,decomp_mean_mean/quality_weighted,0.9317716701847832,0.9247304831883253,1,1
decomp_ewm7_daytype_shrunk/quality_weighted,decomp_poisson_calendar_daytype/quality_weighted,0.9544876318511992,0.9249218646978006,1,0
decomp_ewm7_daytype_shrunk/all,decomp_mean_daytype_shrunk/quality_weighted,0.9353809729050009,0.9249539634672157,2,2
decomp_ewm7_daytype_shrunk/quality_weighted,ridge_direct_calendar/quality_weighted,0.8951307293959753,0.9252114901330688,2,0
decomp_ridge_calendar_vessel_daytype/all,ridge_direct_calendar/quality_weighted,0.715088865445649,0.9254226755105734,0,0
hour_mean/all,ridge_direct_calendar_vessel/all,0.799235834431217,0.9257275864126604,2,0
decomp_ewm7_daytype_shrunk/all,ridge_direct_calendar/exclude_outage_severe,0.734299516908212,0.9259303944224317,2,0
decomp_mean_daytype_shrunk/all,decomp_poisson_calendar_vessel_daytype/quality_weighted,0.9069901781718122,0.9259565451170019,2,0
decomp_ridge_calendar_vessel_mean/all,ridge_direct_calendar/quality_weighted,0.7190531816915589,0.9267403545697287,0,0
decomp_mean_mean/all,poisson_direct_calendar_vessel/quality_weighted,0.909782568694734,0.9268071170094277,2,0
decomp_mean_daytype_shrunk/all,decomp_poisson_calendar_vessel_mean/exclude_outage_severe,0.9027236298415251,0.9269062870507727,2,0
decomp_mean_daytype_shrunk/all,poisson_direct_calendar/exclude_outage_severe,0.9018221182727997,0.9270074508517251,2,0
decomp_ewm7_daytype_shrunk/all,decomp_mean_mean/exclude_outage_severe,0.9318841323077788,0.9277546219722201,1,2
decomp_ewm7_daytype_shrunk/exclude_outage_severe,decomp_poisson_calendar_mean/exclude_outage_severe,0.957434009447667,0.9280582916150704,0,1
decomp_mean_daytype_shrunk/all,decomp_poisson_calendar_vessel_daytype/exclude_outage_severe,0.9056746243398982,0.9286220242095317,1,0
decomp_ewm7_daytype_shrunk/all,decomp_mean_daytype_shrunk/exclude_outage_severe,0.937146884413246,0.9288185310511671,2,0
decomp_ewm7_daytype_shrunk/exclude_outage_severe,decomp_poisson_calendar_daytype/exclude_outage_severe,0.960547277615941,0.9289180419798445,1,1
decomp_ewm7_daytype_shrunk/all,ridge_direct_calendar_vessel/quality_weighted,0.7594853112851122,0.9290111703051053,2,0
decomp_ewm7_daytype_shrunk/all,hour_mean/exclude_outage_severe,0.9322477471373918,0.9293723456906898,1,2
decomp_ewm7_daytype_shrunk/all,hour_mean/quality_weighted,0.9324512045302753,0.9294299812896436,1,1
decomp_mean_daytype_shrunk/all,poisson_direct_calendar_vessel/exclude_outage_severe,0.9085997127753804,0.9298884565211485,2,0
decomp_mean_daytype_shrunk/all,decomp_poisson_calendar_mean/quality_weighted,0.9086623163451348,0.9318582815311722,2,0
decomp_ewm7_daytype_shrunk/quality_weighted,decomp_poisson_calendar_mean/exclude_outage_severe,0.9579597901009953,0.9321758773296581,0,0
decomp_mean_mean/all,decomp_ridge_calendar_daytype/exclude_outage_severe,0.8942038037725772,0.9328174614629794,2,0
decomp_mean_mean/all,poisson_direct_calendar/quality_weighted,0.9138629975172935,0.9333653070920842,2,0
decomp_ewm7_daytype_shrunk/quality_weighted,decomp_poisson_calendar_daytype/exclude_outage_severe,0.9617474974679704,0.9333660030731366,1,0
decomp_mean_mean/all,decomp_ridge_calendar_mean/exclude_outage_severe,0.9006017907112516,0.9343471033036044,2,0
decomp_mean_mean/all,decomp_poisson_calendar_vessel_daytype/quality_weighted,0.9122499940550551,0.9346723011565707,2,0
decomp_mean_mean/all,decomp_poisson_calendar_vessel_mean/quality_weighted,0.9148668798210435,0.9351942819738023,2,0
decomp_mean_daytype_shrunk/all,ridge_direct_calendar/quality_weighted,0.8784005094284301,0.9358820099685197,2,0
decomp_mean_daytype_shrunk/all,decomp_poisson_calendar_daytype/quality_weighted,0.9175419327060331,0.9359520881580714,1,0
decomp_ewm7_daytype_shrunk/all,ridge_direct_calendar/all,0.7491552988150837,0.9367337671910899,2,0
hour_mean/all,ridge_direct_calendar_vessel/exclude_outage_severe,0.8708005679171539,0.9369510434697248,2,0
decomp_mean_daytype_shrunk/all,decomp_poisson_calendar_mean/exclude_outage_severe,0.9108550592052347,0.9371278548271934,0,0
decomp_ewm7_daytype_shrunk/all,decomp_ridge_calendar_vessel_daytype/exclude_outage_severe,0.8078991454453242,0.9374689640133043,2,0
decomp_ewm7_daytype_shrunk/all,decomp_ridge_calendar_vessel_mean/exclude_outage_severe,0.8116588122106542,0.9377835315473001,2,0
decomp_ewm7_daytype_shrunk/all,decomp_ridge_calendar_vessel_daytype/quality_weighted,0.8223180662879259,0.9385626340529228,2,0
decomp_ridge_calendar_daytype/quality_weighted,hour_mean/all,0.906521220553581,0.9387888555213147,0,2
decomp_mean_mean/all,decomp_poisson_calendar_vessel_daytype/exclude_outage_severe,0.9166966528883844,0.9390130745102913,1,0
decomp_ewm7_daytype_shrunk/all,decomp_ridge_calendar_vessel_mean/quality_weighted,0.8262970009414308,0.9393670311597854,2,0
decomp_mean_mean/all,poisson_direct_calendar/exclude_outage_severe,0.918612939757286,0.9393938836584199,2,0
decomp_ridge_calendar_mean/quality_weighted,hour_mean/all,0.9101814556484472,0.9400997159837071,0,2
decomp_mean_daytype_shrunk/all,decomp_poisson_calendar_daytype/exclude_outage_severe,0.9195657126645701,0.9401528801184532,1,0
decomp_mean_mean/all,ridge_direct_calendar/quality_weighted,0.8788337162849822,0.9403119175341387,2,0
decomp_mean_mean/all,decomp_poisson_calendar_vessel_mean/exclude_outage_severe,0.9225406013538677,0.9403435622964303,2,0
decomp_ewm7_daytype_shrunk/all,poisson_direct_calendar/all,0.887908235387075,0.9406725150018841,2,0
hour_mean/all,poisson_direct_calendar_vessel/quality_weighted,0.9291309554864663,0.940972092781179,2,0
decomp_mean_mean/all,decomp_poisson_calendar_daytype/quality_weighted,0.9164600618616161,0.94174222341557,1,0
decomp_ewm7_daytype_shrunk/all,decomp_ewm7_daytype_shrunk/exclude_outage_severe,0.9354292160865721,0.9418618739626536,1,0
decomp_poisson_calendar_daytype/all,ridge_direct_calendar/quality_weighted,0.8610051174712492,0.9427501365531646,0,0
decomp_mean_mean/all,poisson_direct_calendar_vessel/exclude_outage_severe,0.9273371361533846,0.942912177261169,2,0
decomp_poisson_calendar_mean/exclude_outage_severe,decomp_ridge_calendar_daytype/all,0.5868271330620084,0.9430932303453364,2,0
decomp_poisson_calendar_mean/exclude_outage_severe,decomp_ridge_calendar_mean/all,0.5926265475528113,0.9432999521737363,2,0
poisson_direct_calendar/all,ridge_direct_calendar/quality_weighted,0.8979166858731277,0.9436872368838626,0,0
decomp_poisson_calendar_mean/all,ridge_direct_calendar/quality_weighted,0.8800231854355094,0.9438028306301165,0,0
decomp_ewm7_daytype_shrunk/all,poisson_direct_calendar_vessel/all,0.8802722938657355,0.9440225761073727,2,0
decomp_mean_mean/all,decomp_poisson_calendar_mean/quality_weighted,0.9259592878351286,0.9442775742810254,2,0
decomp_ewm7_daytype_shrunk/all,ridge_direct_calendar_vessel/exclude_outage_severe,0.8297245160007329,0.9446145291039868,2,0
decomp_ewm7_daytype_shrunk/all,decomp_poisson_calendar_mean/all,0.8945703899330422,0.9448401829969179,2,0
decomp_poisson_calendar_vessel_daytype/all,ridge_direct_calendar/quality_weighted,0.8558386853737244,0.945068151085327,0,0
decomp_poisson_calendar_daytype/exclude_outage_severe,decomp_ridge_calendar_mean/all,0.605053929903849,0.9450907854890626,1,0
decomp_ewm7_daytype_shrunk/all,ridge_direct_calendar_vessel/all,0.7947933630973937,0.9453744569990454,2,0
poisson_direct_calendar_vessel/all,ridge_direct_calendar/quality_weighted,0.881464916263311,0.9455466780335721,0,0
decomp_poisson_calendar_daytype/exclude_outage_severe,decomp_ridge_calendar_daytype/all,0.606484733013378,0.9456164882482372,1,0
hour_mean/all,poisson_direct_calendar/quality_weighted,0.9292025554713026,0.9461061576794055,2,0
decomp_poisson_calendar_vessel_mean/all,ridge_direct_calendar/quality_weighted,0.8710447269394087,0.9461286631557053,0,0
decomp_ewm7_daytype_shrunk/all,decomp_ewm7_daytype_shrunk/quality_weighted,0.9384324963973415,0.9465150558007163,0,0
decomp_ridge_calendar_daytype/exclude_outage_severe,hour_mean/all,0.9142533200716433,0.946847723930896,0,2
decomp_ewm7_daytype_shrunk/all,decomp_poisson_calendar_vessel_mean/all,0.8841738394224403,0.947238155567384,2,0
decomp_poisson_calendar_vessel_daytype/quality_weighted,hour_mean/all,0.9293915466816449,0.9478493558179832,0,2
decomp_mean_mean/all,decomp_poisson_calendar_daytype/exclude_outage_severe,0.925416108160685,0.9480381104406677,1,0
decomp_mean_daytype_shrunk/quality_weighted,decomp_mean_mean/all,0.9445380595269108,0.948074206070559,2,2
decomp_ridge_calendar_daytype/all,ridge_direct_calendar_vessel/exclude_outage_severe,0.6098950595934642,0.9481382023750295,0,0
decomp_ridge_calendar_mean/all,ridge_direct_calendar_vessel/exclude_outage_severe,0.616742178352325,0.9484527204150276,0,0
decomp_ridge_calendar_mean/exclude_outage_severe,hour_mean/all,0.9210488788067154,0.9485021583818972,0,2
decomp_poisson_calendar_vessel_mean/quality_weighted,hour_mean/all,0.9324071035165938,0.9485302121369648,0,2
decomp_mean_daytype_shrunk/all,decomp_mean_mean/quality_weighted,0.938677301438947,0.9488026484752893,1,1
decomp_mean_daytype_shrunk/all,hour_mean/exclude_outage_severe,0.9355129025490292,0.9491011572546039,1,2
decomp_mean_mean/all,decomp_poisson_calendar_mean/exclude_outage_severe,0.9284364975478174,0.9494562413196831,0,0
decomp_ewm7_daytype_shrunk/all,decomp_ridge_calendar_mean/quality_weighted,0.8637709712609908,0.9500087383277426,2,0
decomp_poisson_calendar_mean/exclude_outage_severe,decomp_ridge_calendar_vessel_daytype/all,0.6608125058056636,0.9500087577115165,2,0
decomp_mean_daytype_shrunk/all,decomp_mean_daytype_shrunk/quality_weighted,0.9424298554433473,0.9503839823223348,2,2
decomp_mean_daytype_shrunk/exclude_outage_severe,decomp_mean_mean/all,0.9454127833265747,0.9505269608673848,0,2
decomp_mean_daytype_shrunk/all,decomp_mean_mean/exclude_outage_severe,0.9388893334775205,0.9506326857380436,1,2
decomp_ewm7_daytype_shrunk/all,decomp_poisson_calendar_daytype/all,0.9134225725368834,0.9506600793013162,2,0
decomp_poisson_calendar_vessel_daytype/exclude_outage_severe,hour_mean/all,0.9298523101811043,0.9506606316203045,0,1
decomp_ewm7_daytype_shrunk/all,decomp_ridge_calendar_daytype/quality_weighted,0.8685450401902256,0.9510535563072685,2,0
decomp_mean_daytype_shrunk/all,hour_mean/quality_weighted,0.9383568648943104,0.9510692797642195,1,1
decomp_poisson_calendar_mean/exclude_outage_severe,decomp_ridge_calendar_vessel_mean/all,0.6622224482997553,0.9511262476556684,2,0
decomp_ewm7_daytype_shrunk/all,ridge_direct_calendar/quality_weighted,0.8658139807664553,0.951220803103633,2,0
decomp_poisson_calendar_daytype/quality_weighted,decomp_ridge_calendar_mean/all,0.6193546484453525,0.9518571367503538,1,0
decomp_poisson_calendar_vessel_mean/exclude_outage_severe,hour_mean/all,0.935387248007482,0.95194065659328,0,2
decomp_poisson_calendar_mean/quality_weighted,decomp_ridge_calendar_daytype/all,0.6045644756893893,0.9520683710024767,0,0
decomp_poisson_calendar_daytype/quality_weighted,decomp_ridge_calendar_daytype/all,0.6181371440735764,0.9520950041594558,1,0
hour_mean/all,ridge_direct_calendar/quality_weighted,0.89576593697619,0.9521394945143675,2,0
decomp_poisson_calendar_mean/quality_weighted,decomp_ridge_calendar_mean/all,0.609490633016863,0.9521935357453278,0,0
decomp_poisson_calendar_daytype/exclude_outage_severe,decomp_ridge_calendar_vessel_daytype/all,0.6765511226235494,0.9523626839114117,1,0
hour_mean/all,poisson_direct_calendar/exclude_outage_severe,0.9360469017939261,0.952461173391322,2,0
decomp_ewm7_daytype_shrunk/all,decomp_poisson_calendar_vessel_daytype/all,0.9030376556654549,0.9525639062134403,2,0
decomp_poisson_calendar_daytype/exclude_outage_severe,decomp_ridge_calendar_vessel_mean/all,0.6712618106140023,0.9526652081208471,1,0
decomp_ewm7_daytype_shrunk/all,poisson_direct_calendar_vessel/quality_weighted,0.8832097405079474,0.9527691830304515,2,0
decomp_ridge_calendar_vessel_daytype/all,ridge_direct_calendar_vessel/exclude_outage_severe,0.671902605817605,0.9536167532994642,0,0
decomp_ridge_calendar_vessel_mean/all,ridge_direct_calendar_vessel/exclude_outage_severe,0.6671470881336545,0.9538329904452899,0,0
decomp_mean_daytype_shrunk/all,decomp_mean_daytype_shrunk/exclude_outage_severe,0.9449644450906005,0.9538543624305542,2,0
decomp_ridge_calendar_mean/all,poisson_direct_calendar/exclude_outage_severe,0.5913464859854557,0.9540018323906337,0,0
decomp_ridge_calendar_daytype/all,poisson_direct_calendar/exclude_outage_severe,0.5888369106966868,0.9540657541207113,0,0
decomp_mean_mean/all,decomp_mean_mean/quality_weighted,0.951521131471179,0.954088966249267,1,1
decomp_ridge_calendar_vessel_daytype/exclude_outage_severe,ridge_direct_calendar/quality_weighted,0.8773957017872355,0.9542591429611639,0,0
decomp_ridge_calendar_daytype/all,decomp_ridge_calendar_daytype/exclude_outage_severe,0.6270060530723451,0.9544314191292983,0,0
decomp_ewm7_daytype_shrunk/all,decomp_ridge_calendar_mean/exclude_outage_severe,0.874282526206571,0.9544759380639493,2,0
hour_mean/all,poisson_direct_calendar_vessel/exclude_outage_severe,0.9409059845643434,0.9546487834073493,2,0
decomp_mean_mean/all,hour_mean/exclude_outage_severe,0.9485673376904641,0.9548119897840658,1,2
decomp_poisson_calendar_daytype/quality_weighted,hour_mean/all,0.9344722599555624,0.9548411148129051,0,1
decomp_ridge_calendar_daytype/all,poisson_direct_calendar_vessel/exclude_outage_severe,0.6048383667965422,0.9549889857740634,0,0
decomp_ridge_calendar_daytype/exclude_outage_severe,decomp_ridge_calendar_mean/all,0.6369380067289596,0.9550015351296541,0,0
decomp_mean_mean/all,decomp_mean_mean/exclude_outage_severe,0.9503829122688556,0.9551617810897262,1,2
decomp_ridge_calendar_mean/all,poisson_direct_calendar_vessel/exclude_outage_severe,0.6121474211966765,0.9553438964947821,0,0
decomp_ewm7_daytype_shrunk/all,decomp_ridge_calendar_daytype/exclude_outage_severe,0.8775107431506164,0.9555660763007232,2,0
decomp_ridge_calendar_vessel_daytype/quality_weighted,ridge_direct_calendar/quality_weighted,0.8954921740159839,0.9555836824800771,0,0
decomp_ridge_calendar_daytype/all,decomp_ridge_calendar_mean/exclude_outage_severe,0.6263518795710398,0.9556701062588748,0,0
decomp_ridge_calendar_vessel_mean/exclude_outage_severe,ridge_direct_calendar/quality_weighted,0.8874978260866336,0.9556964050677279,0,0
decomp_poisson_calendar_vessel_daytype/exclude_outage_severe,decomp_ridge_calendar_daytype/all,0.6208633514884228,0.9566029398322102,1,0
decomp_ewm7_daytype_shrunk/all,poisson_direct_calendar/quality_weighted,0.8882859330660426,0.9566085887954454,2,0
decomp_poisson_calendar_mean/exclude_outage_severe,ridge_direct_calendar/all,0.7301077428149206,0.9566647436371932,2,0
decomp_poisson_calendar_mean/quality_weighted,hour_mean/all,0.9422690423263888,0.9567489935085847,0,2
decomp_ridge_calendar_mean/all,decomp_ridge_calendar_mean/exclude_outage_severe,0.642745511994253,0.956832682541668,0,0
decomp_ridge_calendar_vessel_mean/quality_weighted,ridge_direct_calendar/quality_weighted,0.9014362586859711,0.9569425048120731,0,0
decomp_ridge_calendar_daytype/exclude_outage_severe,ridge_direct_calendar/all,0.7071188397526497,0.9570408971867872,0,0
decomp_mean_mean/all,hour_mean/quality_weighted,0.9520917495903074,0.9571603700838964,1,1
ridge_direct_calendar/all,ridge_direct_calendar_vessel/exclude_outage_severe,0.7274238140886433,0.9572399563487266,0,0
decomp_poisson_calendar_vessel_daytype/exclude_outage_severe,decomp_ridge_calendar_mean/all,0.6322442315701629,0.9573056226548002,1,0
decomp_poisson_calendar_daytype/exclude_outage_severe,ridge_direct_calendar/all,0.734232755870774,0.9577014080399213,1,0
decomp_poisson_calendar_daytype/quality_weighted,decomp_ridge_calendar_vessel_mean/all,0.6747219225749048,0.957762061119818,1,0
decomp_poisson_calendar_mean/quality_weighted,decomp_ridge_calendar_vessel_daytype/all,0.6729716687435836,0.9578013580618825,0,0
decomp_ewm7_daytype_shrunk/all,decomp_poisson_calendar_vessel_mean/quality_weighted,0.8907062357911574,0.9579063136279528,2,0
decomp_poisson_calendar_vessel_mean/exclude_outage_severe,decomp_ridge_calendar_daytype/all,0.6243476737688947,0.9579391360235395,0,0
ridge_direct_calendar_vessel/all,ridge_direct_calendar_vessel/exclude_outage_severe,0.7625584813583218,0.9582171622321644,0,0
decomp_poisson_calendar_daytype/quality_weighted,decomp_ridge_calendar_vessel_daytype/all,0.6876338517962343,0.9583293289763753,1,0
decomp_poisson_calendar_vessel_mean/exclude_outage_severe,decomp_ridge_calendar_mean/all,0.6335859530406459,0.9584469089742342,0,0
decomp_ewm7_daytype_shrunk/all,poisson_direct_calendar/exclude_outage_severe,0.8898123019711615,0.9586044385330621,2,0
decomp_poisson_calendar_mean/quality_weighted,decomp_ridge_calendar_vessel_mean/all,0.6739431644283232,0.9587974664559686,0,0
decomp_ridge_calendar_mean/exclude_outage_severe,ridge_direct_calendar/all,0.7153733016347447,0.959138294630227,0,0
decomp_mean_daytype_shrunk/quality_weighted,hour_mean/all,0.9679950026419076,0.9593742314584826,2,2
decomp_ewm7_daytype_shrunk/exclude_outage_severe,decomp_mean_daytype_shrunk/all,0.9422684753086126,0.9593758116915614,0,1
decomp_ridge_calendar_daytype/exclude_outage_severe,ridge_direct_calendar_vessel/all,0.7564769174991538,0.959478492708151,0,0
decomp_ridge_calendar_vessel_daytype/all,poisson_direct_calendar/exclude_outage_severe,0.6693452777149707,0.9603847395518145,0,0
decomp_poisson_calendar_daytype/exclude_outage_severe,hour_mean/all,0.942599822160945,0.960551828303588,0,1
decomp_ewm7_daytype_shrunk/all,decomp_poisson_calendar_vessel_daytype/quality_weighted,0.9006820028042306,0.9605828996553346,2,0
decomp_ewm7_daytype_shrunk/all,decomp_poisson_calendar_vessel_mean/exclude_outage_severe,0.8982112430281227,0.9609315310252889,2,0
decomp_poisson_calendar_vessel_daytype/quality_weighted,decomp_ridge_calendar_mean/all,0.6321281858382347,0.9610696325703049,0,0
decomp_ridge_calendar_vessel_mean/all,poisson_direct_calendar/exclude_outage_severe,0.6683219272332296,0.9611389000017105,0,0
decomp_poisson_calendar_vessel_mean/quality_weighted,decomp_ridge_calendar_daytype/all,0.6235669359286585,0.9612419912440217,0,0
decomp_ewm7_daytype_shrunk/all,poisson_direct_calendar_vessel/exclude_outage_severe,0.8981113383796392,0.9612990160478916,2,0
decomp_poisson_calendar_mean/exclude_outage_severe,ridge_direct_calendar_vessel/all,0.7816596780540931,0.9613091711403615,2,0
ridge_direct_calendar/exclude_outage_severe,ridge_direct_calendar/quality_weighted,0.8954844636307102,0.9613158611521955,0,0
decomp_mean_daytype_shrunk/exclude_outage_severe,hour_mean/all,0.9680268496173348,0.961346569767795,0,2
decomp_ridge_calendar_daytype/exclude_outage_severe,decomp_ridge_calendar_vessel_daytype/all,0.7030428510853934,0.9614020292478553,0,0
decomp_ridge_calendar_daytype/exclude_outage_severe,decomp_ridge_calendar_vessel_mean/all,0.6958700263358955,0.9614698954061757,0,0
decomp_poisson_calendar_vessel_mean/quality_weighted,decomp_ridge_calendar_mean/all,0.629932160221663,0.9615078996168812,0,0
decomp_ridge_calendar_mean/exclude_outage_severe,ridge_direct_calendar_vessel/all,0.765147628046229,0.9616094177002682,0,0
decomp_poisson_calendar_vessel_daytype/quality_weighted,decomp_ridge_calendar_daytype/all,0.63659070666109,0.9617486149648187,0,0
decomp_poisson_calendar_daytype/exclude_outage_severe,ridge_direct_calendar_vessel/all,0.7828084467752983,0.9617511156602091,1,0
decomp_ewm7_daytype_shrunk/exclude_outage_severe,decomp_mean_mean/all,0.9495451555633929,0.9618491967966906,0,1
decomp_ridge_calendar_vessel_mean/all,poisson_direct_calendar_vessel/exclude_outage_severe,0.6805236631556579,0.9618807288694016,0,0
decomp_ridge_calendar_vessel_daytype/all,poisson_direct_calendar_vessel/exclude_outage_severe,0.6894000361321933,0.9620123777017259,0,0
decomp_ridge_calendar_mean/exclude_outage_severe,decomp_ridge_calendar_vessel_daytype/all,0.6993778938649051,0.9620942664129657,0,0
decomp_ewm7_daytype_shrunk/all,decomp_poisson_calendar_vessel_daytype/exclude_outage_severe,0.9018529973091235,0.9621035708811737,1,0
decomp_poisson_calendar_mean/exclude_outage_severe,hour_mean/all,0.9461637291330848,0.9621185716850199,0,0
decomp_ridge_calendar_daytype/all,poisson_direct_calendar/quality_weighted,0.6148642933387435,0.9622004757046462,0,0
decomp_ridge_calendar_mean/all,poisson_direct_calendar/quality_weighted,0.6183703766709386,0.9622414305568018,0,0
ridge_direct_calendar/all,ridge_direct_calendar/quality_weighted,0.8681314448223144,0.962269754956285,0,0
poisson_direct_calendar_vessel/quality_weighted,ridge_direct_calendar/quality_weighted,0.9186010053037375,0.9630000424221726,0,0
decomp_ridge_calendar_daytype/exclude_outage_severe,ridge_direct_calendar/quality_weighted,0.8966085803934671,0.9630227402170324,0,0
decomp_poisson_calendar_vessel_daytype/exclude_outage_severe,decomp_ridge_calendar_vessel_mean/all,0.6894426907457046,0.9630572212556937,1,0
decomp_ridge_calendar_mean/exclude_outage_severe,decomp_ridge_calendar_vessel_mean/all,0.7008870480466497,0.9631043694694393,0,0
decomp_ewm7_daytype_shrunk/all,decomp_poisson_calendar_mean/quality_weighted,0.9031908783003475,0.9632099362242663,2,0
decomp_ewm7_daytype_shrunk/quality_weighted,decomp_mean_daytype_shrunk/all,0.9458531817984475,0.9633236508560615,0,0
decomp_poisson_calendar_vessel_daytype/exclude_outage_severe,decomp_ridge_calendar_vessel_daytype/all,0.6998727837802677,0.9633443646653749,1,0
decomp_ridge_calendar_mean/exclude_outage_severe,ridge_direct_calendar/quality_weighted,0.8999632071263746,0.9636672824987855,0,0
decomp_poisson_calendar_mean/quality_weighted,ridge_direct_calendar/all,0.7492944355301906,0.9639220967411688,0,0
decomp_ridge_calendar_daytype/all,decomp_ridge_calendar_mean/quality_weighted,0.637803915946064,0.9640198015972463,0,0
poisson_direct_calendar/exclude_outage_severe,ridge_direct_calendar/all,0.7401919347740644,0.9640945813158822,0,0
decomp_ridge_calendar_daytype/all,decomp_ridge_calendar_daytype/quality_weighted,0.6397283705566374,0.9641247151027028,0,0
decomp_poisson_calendar_vessel_daytype/exclude_outage_severe,ridge_direct_calendar/all,0.7417781390860951,0.9641546990479127,1,0
decomp_ridge_calendar_daytype/all,ridge_direct_calendar_vessel/all,0.7458963666641922,0.9642796805923779,0,0
ridge_direct_calendar/quality_weighted,ridge_direct_calendar_vessel/quality_weighted,0.9088435139155954,0.9642909737885592,0,0
decomp_poisson_calendar_vessel_mean/exclude_outage_severe,decomp_ridge_calendar_vessel_daytype/all,0.7025039025356737,0.9644434309692179,0,0
decomp_ridge_calendar_mean/all,ridge_direct_calendar_vessel/all,0.7520901958771445,0.9644839254986977,0,0
decomp_ridge_calendar_mean/all,decomp_ridge_calendar_mean/quality_weighted,0.6470552673730617,0.9645131377885915,0,0
decomp_poisson_calendar_daytype/quality_weighted,ridge_direct_calendar/all,0.7573683309604882,0.9645818819324716,1,0
decomp_ridge_calendar_daytype/quality_weighted,ridge_direct_calendar/quality_weighted,0.9127544277542295,0.9645873310494357,0,0
decomp_ridge_calendar_daytype/quality_weighted,decomp_ridge_calendar_mean/all,0.6488873882868067,0.9646072029496293,0,0
decomp_poisson_calendar_vessel_mean/exclude_outage_severe,decomp_ridge_calendar_vessel_mean/all,0.69740624063091,0.9646958282322844,0,0
decomp_poisson_calendar_vessel_daytype/exclude_outage_severe,ridge_direct_calendar/quality_weighted,0.9056148391373715,0.9648435546831308,1,0
decomp_ridge_calendar_daytype/quality_weighted,ridge_direct_calendar/all,0.7274074845897034,0.9649876517797603,0,0
poisson_direct_calendar_vessel/exclude_outage_severe,ridge_direct_calendar/all,0.7492901965469463,0.9650985032073105,0,0
decomp_poisson_calendar_daytype/all,ridge_direct_calendar_vessel/exclude_outage_severe,0.8211770228027504,0.9652954121416151,0,0
decomp_mean_mean/quality_weighted,hour_mean/all,0.9749454584696531,0.965317836539365,1,1
decomp_ridge_calendar_daytype/quality_weighted,ridge_direct_calendar_vessel/all,0.7719068618491409,0.9654289611545821,0,0
decomp_poisson_calendar_vessel_daytype/quality_weighted,ridge_direct_calendar/quality_weighted,0.9130717232430939,0.9655209248795974,0,0
decomp_poisson_calendar_vessel_daytype/all,ridge_direct_calendar_vessel/exclude_outage_severe,0.8134351959062668,0.9656329177934067,0,0
decomp_poisson_calendar_vessel_mean/quality_weighted,ridge_direct_calendar/quality_weighted,0.9145384657305634,0.9656540567458646,0,0
decomp_ridge_calendar_mean/quality_weighted,ridge_direct_calendar/quality_weighted,0.9174729294489194,0.9656927303236177,0,0
decomp_ewm7_daytype_shrunk/all,decomp_poisson_calendar_daytype/quality_weighted,0.91077752871175,0.9657615714758558,1,0
decomp_poisson_calendar_vessel_mean/exclude_outage_severe,ridge_direct_calendar/all,0.7497984175650769,0.9658121640597912,0,0
decomp_ewm7_daytype_shrunk/all,decomp_poisson_calendar_mean/exclude_outage_severe,0.9077807395515062,0.9658752907018893,0,0
decomp_poisson_calendar_daytype/exclude_outage_severe,ridge_direct_calendar/exclude_outage_severe,0.8140891022932333,0.966099905418656,1,0
decomp_mean_mean/exclude_outage_severe,hour_mean/all,0.9731962521515053,0.9661114807594552,2,1
poisson_direct_calendar/exclude_outage_severe,ridge_direct_calendar_vessel/all,0.7864738216146989,0.9661452858100643,0,0
decomp_ridge_calendar_mean/quality_weighted,ridge_direct_calendar/all,0.736813842063305,0.9662952783026776,0,0
decomp_ewm7_daytype_shrunk/quality_weighted,decomp_mean_mean/all,0.9539300249047087,0.9663444412879811,0,0
decomp_poisson_calendar_mean/all,ridge_direct_calendar_vessel/exclude_outage_severe,0.8356246781799306,0.9663571135917978,0,0
decomp_poisson_calendar_vessel_mean/exclude_outage_severe,ridge_direct_calendar/quality_weighted,0.9129336850566485,0.9665141907320783,0,0
decomp_ridge_calendar_daytype/all,poisson_direct_calendar_vessel/quality_weighted,0.6049380202144369,0.9666185772119429,0,0
decomp_poisson_calendar_mean/exclude_outage_severe,ridge_direct_calendar/exclude_outage_severe,0.8192584825004273,0.9667300721355426,2,0
decomp_ridge_calendar_mean/quality_weighted,ridge_direct_calendar_vessel/all,0.78178107163802,0.9669743379490238,0,0
hour_mean/all,hour_mean/exclude_outage_severe,0.9730966242452896,0.9669770613555156,1,2
decomp_ridge_calendar_daytype/all,ridge_direct_calendar/exclude_outage_severe,0.6175465551802656,0.9669782725834504,0,0
decomp_poisson_calendar_vessel_daytype/exclude_outage_severe,ridge_direct_calendar_vessel/all,0.7921126072050676,0.9670503189024999,1,0
decomp_poisson_calendar_daytype/all,decomp_poisson_calendar_mean/exclude_outage_severe,0.8549014768664643,0.9670795739901994,0,2
poisson_direct_calendar/all,ridge_direct_calendar_vessel/exclude_outage_severe,0.8509850597704661,0.9671598754824616,0,0
decomp_ridge_calendar_vessel_daytype/all,ridge_direct_calendar/exclude_outage_severe,0.6433331570970111,0.9672799636117222,0,0
decomp_ridge_calendar_mean/all,poisson_direct_calendar_vessel/quality_weighted,0.6162744151736467,0.9672950568983668,0,0
poisson_direct_calendar/quality_weighted,ridge_direct_calendar/quality_weighted,0.9241587513845972,0.9673046982879856,0,0
decomp_poisson_calendar_mean/quality_weighted,ridge_direct_calendar_vessel/all,0.798393247277496,0.9673274159152905,0,0
decomp_ridge_calendar_mean/all,ridge_direct_calendar/exclude_outage_severe,0.6248562249144405,0.9673656705824104,0,0
decomp_ridge_calendar_daytype/all,ridge_direct_calendar_vessel/quality_weighted,0.6597080650918797,0.9673956719250121,0,0
ridge_direct_calendar/quality_weighted,ridge_direct_calendar_vessel/exclude_outage_severe,0.9059778152387388,0.9674208379785901,0,0
decomp_ridge_calendar_vessel_daytype/all,poisson_direct_calendar/quality_weighted,0.6896458718584686,0.967425230648351,0,0
decomp_poisson_calendar_vessel_mean/all,ridge_direct_calendar_vessel/exclude_outage_severe,0.8312676691558913,0.9675343599956998,0,0
decomp_poisson_calendar_vessel_daytype/quality_weighted,decomp_ridge_calendar_vessel_daytype/all,0.7097841888730029,0.967558676713835,0,0
decomp_ewm7_daytype_shrunk/all,decomp_poisson_calendar_daytype/exclude_outage_severe,0.9134046336185361,0.9675591817245704,1,0
decomp_poisson_calendar_vessel_daytype/quality_weighted,decomp_ridge_calendar_vessel_mean/all,0.7021346630478255,0.9675594118190792,0,0
decomp_poisson_calendar_vessel_mean/quality_weighted,decomp_ridge_calendar_vessel_daytype/all,0.7054673386198411,0.9675675046163242,0,0
decomp_ridge_calendar_vessel_mean/all,poisson_direct_calendar/quality_weighted,0.6841489777610469,0.9676501510958221,0,0
decomp_ridge_calendar_mean/all,ridge_direct_calendar_vessel/quality_weighted,0.6672756796384666,0.9677604854299364,0,0
poisson_direct_calendar_vessel/exclude_outage_severe,ridge_direct_calendar_vessel/all,0.7978334667235104,0.9678338337302242,0,0
poisson_direct_calendar_vessel/all,ridge_direct_calendar_vessel/exclude_outage_severe,0.84131335161397,0.9679167713117754,0,0
decomp_poisson_calendar_vessel_daytype/quality_weighted,ridge_direct_calendar/all,0.7544697962236937,0.9679455939525685,0,0
hour_mean/all,hour_mean/quality_weighted,0.97467904663901,0.9679819434318178,1,1
decomp_ridge_calendar_vessel_daytype/exclude_outage_severe,ridge_direct_calendar_vessel/all,0.7833543929563225,0.9679918548327759,0,0
decomp_poisson_calendar_daytype/quality_weighted,ridge_direct_calendar_vessel/all,0.8045001045520942,0.9680099000080126,1,0
decomp_ridge_calendar_mean/quality_weighted,decomp_ridge_calendar_vessel_daytype/all,0.696105767107255,0.9680283737044779,0,0
decomp_poisson_calendar_vessel_mean/quality_weighted,ridge_direct_calendar/all,0.7549252865404882,0.9681156585589544,0,0
decomp_ridge_calendar_vessel_mean/all,ridge_direct_calendar/exclude_outage_severe,0.6479795717429397,0.9681474001268676,0,0
decomp_poisson_calendar_vessel_mean/quality_weighted,decomp_ridge_calendar_vessel_mean/all,0.7052787963496238,0.9682915230698466,0,0
poisson_direct_calendar_vessel/exclude_outage_severe,ridge_direct_calendar/quality_weighted,0.9186887814456001,0.9684758664324343,0,0
decomp_ridge_calendar_vessel_daytype/all,ridge_direct_calendar_vessel/all,0.7781450303242654,0.9685257979778374,0,0
decomp_ridge_calendar_daytype/quality_weighted,decomp_ridge_calendar_vessel_daytype/all,0.7010936434464483,0.9685309514238399,0,0
poisson_direct_calendar_vessel/quality_weighted,ridge_direct_calendar/all,0.736534470066611,0.9685567678699882,0,0
decomp_poisson_calendar_vessel_mean/exclude_outage_severe,ridge_direct_calendar_vessel/all,0.7996869891120193,0.9685803600694872,0,0
decomp_poisson_calendar_daytype/exclude_outage_severe,ridge_direct_calendar_vessel/quality_weighted,0.8403806629767628,0.9685829231803885,1,0
decomp_poisson_calendar_mean/exclude_outage_severe,poisson_direct_calendar/all,0.8855576032342339,0.9686187361378987,2,0
decomp_ridge_calendar_daytype/quality_weighted,decomp_ridge_calendar_vessel_mean/all,0.6943668168387386,0.9686697253061751,0,0
poisson_direct_calendar/exclude_outage_severe,ridge_direct_calendar/quality_weighted,0.9202071114464582,0.9687232142464633,0,0
ridge_direct_calendar/exclude_outage_severe,ridge_direct_calendar_vessel/all,0.7881115203279623,0.9687639533830272,0,0
decomp_ridge_calendar_vessel_daytype/exclude_outage_severe,ridge_direct_calendar/all,0.7410228180050213,0.9688517243221988,0,0
decomp_poisson_calendar_mean/exclude_outage_severe,decomp_poisson_calendar_vessel_daytype/all,0.8529958494185077,0.9689870561843172,2,0
decomp_poisson_calendar_daytype/exclude_outage_severe,poisson_direct_calendar/all,0.885466951983381,0.9690303128921826,1,0
decomp_poisson_calendar_mean/all,decomp_poisson_calendar_mean/exclude_outage_severe,0.8776640686529361,0.969098966986641,0,2
decomp_poisson_calendar_daytype/all,decomp_poisson_calendar_daytype/exclude_outage_severe,0.8661301110704083,0.9691462400789823,0,1
decomp_ridge_calendar_vessel_daytype/all,ridge_direct_calendar_vessel/quality_weighted,0.6946797727105829,0.969244590008864,0,0
decomp_ridge_calendar_mean/quality_weighted,decomp_ridge_calendar_vessel_mean/all,0.7007966261080358,0.9692760515144948,0,0
decomp_poisson_calendar_daytype/exclude_outage_severe,ridge_direct_calendar/quality_weighted,0.9136828887126054,0.9692857678331894,1,0
poisson_direct_calendar_vessel/quality_weighted,ridge_direct_calendar_vessel/all,0.7889357179231032,0.9693201739520763,0,0
poisson_direct_calendar/quality_weighted,ridge_direct_calendar/all,0.7581697145794368,0.969364122529862,0,0
ridge_direct_calendar_vessel/all,ridge_direct_calendar_vessel/quality_weighted,0.7990935635786393,0.9696256869688056,0,0
decomp_ridge_calendar_vessel_mean/all,ridge_direct_calendar_vessel/all,0.7878982943793039,0.9696538394837795,0,0
decomp_poisson_calendar_daytype/exclude_outage_severe,decomp_poisson_calendar_mean/all,0.8790080956336069,0.9696966998956955,1,0
decomp_poisson_calendar_mean/exclude_outage_severe,ridge_direct_calendar_vessel/quality_weighted,0.8481556050934246,0.9698036285895013,2,0
ridge_direct_calendar/quality_weighted,ridge_direct_calendar_vessel/all,0.8951396232878948,0.9698069798892974,0,0
decomp_ridge_calendar_vessel_mean/exclude_outage_severe,ridge_direct_calendar_vessel/all,0.7950140879331294,0.9698426550152545,0,0
decomp_poisson_calendar_vessel_daytype/quality_weighted,ridge_direct_calendar_vessel/all,0.8020030445143776,0.9698761986891831,0,0
decomp_ridge_calendar_vessel_mean/all,ridge_direct_calendar_vessel/quality_weighted,0.6964082936849775,0.9699188090669153,0,0
poisson_direct_calendar/quality_weighted,ridge_direct_calendar_vessel/all,0.8017196569074537,0.9702046909884229,0,0
decomp_poisson_calendar_vessel_daytype/all,ridge_direct_calendar/exclude_outage_severe,0.734958834557229,0.9704213047449889,0,0
decomp_poisson_calendar_vessel_mean/quality_weighted,ridge_direct_calendar_vessel/all,0.8060030886029184,0.9705111483460298,0,0
decomp_poisson_calendar_mean/exclude_outage_severe,ridge_direct_calendar/quality_weighted,0.9176472246660514,0.9705752984712815,2,0
decomp_poisson_calendar_daytype/all,ridge_direct_calendar/exclude_outage_severe,0.7341727845067304,0.9706430926565305,0,0
decomp_poisson_calendar_mean/exclude_outage_severe,decomp_poisson_calendar_vessel_mean/all,0.8725354520266738,0.9710110912517141,2,0
decomp_ridge_calendar_daytype/exclude_outage_severe,ridge_direct_calendar/exclude_outage_severe,0.821988071489028,0.971110935923977,0,0
decomp_ridge_calendar_vessel_mean/exclude_outage_severe,ridge_direct_calendar/all,0.7560326640707583,0.971171114719565,0,0
decomp_ridge_calendar_vessel_daytype/quality_weighted,ridge_direct_calendar_vessel/all,0.8035328117659097,0.9712791981107163,0,0
decomp_poisson_calendar_daytype/exclude_outage_severe,decomp_poisson_calendar_vessel_daytype/all,0.8658442931858091,0.9713252644413845,1,0
decomp_ridge_calendar_vessel_daytype/all,poisson_direct_calendar_vessel/quality_weighted,0.6846909906324113,0.9713646292517546,0,0
decomp_poisson_calendar_vessel_daytype/exclude_outage_severe,ridge_direct_calendar/exclude_outage_severe,0.8166789688637077,0.9715645455866049,1,0
decomp_poisson_calendar_vessel_daytype/exclude_outage_severe,ridge_direct_calendar_vessel/quality_weighted,0.8322175985204203,0.97164836935711,1,0
decomp_poisson_calendar_mean/exclude_outage_severe,poisson_direct_calendar_vessel/all,0.8879282292924839,0.9717823830603373,2,0
decomp_poisson_calendar_mean/quality_weighted,ridge_direct_calendar/exclude_outage_severe,0.8269062498646976,0.9717906239607276,0,0
decomp_poisson_calendar_daytype/all,ridge_direct_calendar_vessel/quality_weighted,0.7740014563125615,0.9718736595810293,0,0
decomp_poisson_calendar_daytype/quality_weighted,ridge_direct_calendar/exclude_outage_severe,0.8321886984750851,0.9720482960096498,1,0
decomp_poisson_calendar_daytype/exclude_outage_severe,decomp_poisson_calendar_vessel_mean/all,0.8771792221563328,0.9720704374005155,1,0
ridge_direct_calendar/all,ridge_direct_calendar_vessel/quality_weighted,0.777920066672397,0.9721006044529877,0,0
decomp_poisson_calendar_vessel_daytype/all,ridge_direct_calendar_vessel/quality_weighted,0.7748662450936649,0.9721252820465242,0,0
decomp_poisson_calendar_mean/quality_weighted,ridge_direct_calendar/quality_weighted,0.928635328652442,0.9721859778163866,0,0
decomp_ridge_calendar_mean/exclude_outage_severe,ridge_direct_calendar/exclude_outage_severe,0.8249772391429377,0.9722434376185075,0,0
decomp_poisson_calendar_vessel_mean/all,ridge_direct_calendar/exclude_outage_severe,0.7507607549563515,0.9723916412787953,0,0
ridge_direct_calendar/all,ridge_direct_calendar/exclude_outage_severe,0.7728106916744084,0.9724094324223921,0,0
decomp_ewm7_daytype_shrunk/exclude_outage_severe,hour_mean/all,0.9710233002317332,0.9724593284713963,0,1
decomp_poisson_calendar_daytype/all,decomp_ridge_calendar_daytype/exclude_outage_severe,0.8568393290562603,0.9724909528950283,0,0
decomp_ridge_calendar_vessel_mean/all,poisson_direct_calendar_vessel/quality_weighted,0.6899206373325678,0.9726073455683494,0,0
decomp_ridge_calendar_vessel_mean/quality_weighted,ridge_direct_calendar_vessel/all,0.8129113634915061,0.972624613085341,0,0
decomp_ridge_calendar_vessel_daytype/quality_weighted,ridge_direct_calendar/all,0.7617831770461914,0.9726273054705058,0,0
decomp_poisson_calendar_daytype/exclude_outage_severe,poisson_direct_calendar_vessel/all,0.8915658656547146,0.9726834236358725,1,0
poisson_direct_calendar_vessel/exclude_outage_severe,ridge_direct_calendar_vessel/quality_weighted,0.8382539345840307,0.972688060034985,0,0
decomp_ridge_calendar_daytype/all,ridge_direct_calendar/all,0.7448205319577514,0.9727520885639818,0,0
decomp_poisson_calendar_daytype/quality_weighted,ridge_direct_calendar/quality_weighted,0.9296348735246777,0.9728116092948494,1,0
decomp_poisson_calendar_daytype/all,decomp_poisson_calendar_mean/quality_weighted,0.8611966606039281,0.9729804871418074,0,0
decomp_poisson_calendar_vessel_mean/all,ridge_direct_calendar_vessel/quality_weighted,0.781760399960979,0.9729871642721877,0,0
decomp_ridge_calendar_daytype/exclude_outage_severe,ridge_direct_calendar_vessel/quality_weighted,0.8475593541027325,0.9731186504692335,0,0
decomp_poisson_calendar_daytype/all,decomp_poisson_calendar_daytype/quality_weighted,0.8682457924093673,0.9731501709958303,0,1
decomp_poisson_calendar_daytype/quality_weighted,poisson_direct_calendar/all,0.8869233837120384,0.9732344952918441,1,0
decomp_poisson_calendar_vessel_mean/exclude_outage_severe,ridge_direct_calendar_vessel/quality_weighted,0.8387484431636586,0.9732709898034184,0,0
poisson_direct_calendar_vessel/all,ridge_direct_calendar/exclude_outage_severe,0.757485056686845,0.9733108641690331,0,0
decomp_ridge_calendar_vessel_mean/quality_weighted,ridge_direct_calendar/all,0.7685873865794136,0.9734348249443324,0,0
decomp_ridge_calendar_mean/all,ridge_direct_calendar/all,0.7575934336533808,0.973443751463633,0,0
decomp_poisson_calendar_daytype/quality_weighted,ridge_direct_calendar_vessel/quality_weighted,0.8530938562781603,0.9734702131461515,1,0
decomp_poisson_calendar_mean/all,ridge_direct_calendar/exclude_outage_severe,0.7616238265557815,0.9736489315727129,0,0
decomp_poisson_calendar_mean/all,ridge_direct_calendar_vessel/quality_weighted,0.790827885493544,0.9736553086465256,0,0
decomp_poisson_calendar_daytype/quality_weighted,decomp_poisson_calendar_mean/all,0.8804206326889291,0.9737063018840617,1,0
poisson_direct_calendar_vessel/exclude_outage_severe,ridge_direct_calendar/exclude_outage_severe,0.8314641621378914,0.9738341173541147,0,0
decomp_poisson_calendar_daytype/all,ridge_direct_calendar_vessel/all,0.8321336612924832,0.9738633818378567,0,0
poisson_direct_calendar/exclude_outage_severe,ridge_direct_calendar/exclude_outage_severe,0.8304232996914495,0.9739666991526006,0,0
decomp_poisson_calendar_vessel_mean/exclude_outage_severe,ridge_direct_calendar/exclude_outage_severe,0.8291551405864298,0.9740311961309153,0,0
decomp_poisson_calendar_vessel_daytype/quality_weighted,ridge_direct_calendar_vessel/quality_weighted,0.8370612153900692,0.9740802117739722,0,0
decomp_ridge_calendar_vessel_daytype/all,ridge_direct_calendar/all,0.7556057511503019,0.9741547117527171,0,0
poisson_direct_calendar_vessel/all,ridge_direct_calendar_vessel/quality_weighted,0.7930019048210762,0.9741574606436939,0,0
decomp_poisson_calendar_mean/quality_weighted,ridge_direct_calendar_vessel/quality_weighted,0.8539466186682568,0.9741661283272124,0,0
decomp_ridge_calendar_mean/all,decomp_ridge_calendar_vessel_daytype/exclude_outage_severe,0.7039548655347109,0.9741907226817473,0,0
decomp_poisson_calendar_daytype/all,decomp_ridge_calendar_mean/exclude_outage_severe,0.8624701489757414,0.9742001813108373,0,0
decomp_ridge_calendar_mean/exclude_outage_severe,ridge_direct_calendar_vessel/quality_weighted,0.8505467286466324,0.9742233528403562,0,0
poisson_direct_calendar/all,ridge_direct_calendar_vessel/all,0.8516970354624742,0.9742519179851857,0,0
decomp_poisson_calendar_mean/quality_weighted,poisson_direct_calendar/all,0.8882155725586709,0.9742888098496703,0,0
decomp_poisson_calendar_vessel_mean/quality_weighted,ridge_direct_calendar_vessel/quality_weighted,0.8370464473024473,0.9743931994848141,0,0
decomp_poisson_calendar_vessel_daytype/quality_weighted,ridge_direct_calendar/exclude_outage_severe,0.8245008250003651,0.9745647194810473,0,0
decomp_poisson_calendar_mean/quality_weighted,decomp_poisson_calendar_vessel_daytype/all,0.8595239293646987,0.9745666725059622,0,0
decomp_poisson_calendar_mean/all,decomp_poisson_calendar_mean/quality_weighted,0.8806508928816127,0.9745761891979253,0,0
decomp_ridge_calendar_daytype/all,decomp_ridge_calendar_vessel_mean/exclude_outage_severe,0.6931549663764807,0.9746454399417205,0,0
poisson_direct_calendar_vessel/all,ridge_direct_calendar_vessel/all,0.8422337111640508,0.9746621354287056,0,0
decomp_poisson_calendar_daytype/all,poisson_direct_calendar/exclude_outage_severe,0.856648332855105,0.9746738740028497,0,0
decomp_ridge_calendar_daytype/all,decomp_ridge_calendar_vessel_daytype/exclude_outage_severe,0.7080094152941426,0.9746896035889075,0,0
decomp_ridge_calendar_daytype/exclude_outage_severe,poisson_direct_calendar/all,0.8905541190594801,0.9747230773381165,0,0
decomp_poisson_calendar_mean/all,ridge_direct_calendar_vessel/all,0.8451551764245927,0.9747602769755731,0,0
decomp_poisson_calendar_mean/all,decomp_ridge_calendar_daytype/exclude_outage_severe,0.8813873919274154,0.9748005913183214,0,0
decomp_poisson_calendar_daytype/quality_weighted,decomp_poisson_calendar_vessel_mean/all,0.8723521567634844,0.9748544930978411,1,0
decomp_poisson_calendar_vessel_daytype/all,poisson_direct_calendar/exclude_outage_severe,0.8472937107344557,0.9749472023969753,0,0
decomp_poisson_calendar_vessel_daytype/all,decomp_ridge_calendar_daytype/exclude_outage_severe,0.86193427461075,0.975062523006783,0,0
poisson_direct_calendar/all,ridge_direct_calendar_vessel/quality_weighted,0.8058114808757946,0.9750667674671041,0,0
decomp_ridge_calendar_vessel_mean/all,ridge_direct_calendar/all,0.7649880269348405,0.9751076040533363,0,0
decomp_poisson_calendar_daytype/quality_weighted,decomp_poisson_calendar_vessel_daytype/all,0.8691462895980459,0.9751927053087507,1,0
poisson_direct_calendar/all,ridge_direct_calendar/exclude_outage_severe,0.777802866328954,0.9753398092081341,0,0
decomp_ridge_calendar_mean/all,decomp_ridge_calendar_vessel_mean/exclude_outage_severe,0.7068221774134971,0.9754126683887044,0,0
decomp_ewm7_daytype_shrunk/quality_weighted,hour_mean/all,0.9730028084518926,0.9754940810581726,0,0
decomp_poisson_calendar_vessel_daytype/all,ridge_direct_calendar_vessel/all,0.841319589411918,0.9755298733878061,0,0
decomp_poisson_calendar_daytype/quality_weighted,poisson_direct_calendar_vessel/all,0.8863829819188205,0.9755648759455904,1,0
decomp_poisson_calendar_daytype/all,poisson_direct_calendar_vessel/exclude_outage_severe,0.8650856585286628,0.9755867731286884,0,0
decomp_poisson_calendar_mean/quality_weighted,decomp_poisson_calendar_vessel_mean/all,0.872666952119573,0.975691374078256,0,0
decomp_poisson_calendar_vessel_mean/quality_weighted,ridge_direct_calendar/exclude_outage_severe,0.8318199362832672,0.9759206899785202,0,0
decomp_poisson_calendar_daytype/all,decomp_poisson_calendar_vessel_daytype/exclude_outage_severe,0.8696275834134085,0.9761890667549096,0,1
decomp_poisson_calendar_daytype/all,decomp_poisson_calendar_vessel_mean/exclude_outage_severe,0.8642389314030513,0.976239792602251,0,0
decomp_poisson_calendar_vessel_mean/all,decomp_ridge_calendar_daytype/exclude_outage_severe,0.8764051931980051,0.9763666037729678,0,0
decomp_poisson_calendar_vessel_mean/all,ridge_direct_calendar_vessel/all,0.8516162972505927,0.9763668753163827,0,0
decomp_ridge_calendar_mean/exclude_outage_severe,poisson_direct_calendar/all,0.896125427368201,0.9763943382021985,0,0
poisson_direct_calendar/exclude_outage_severe,ridge_direct_calendar_vessel/quality_weighted,0.8590045603864791,0.9764424497704687,0,0
decomp_poisson_calendar_vessel_daytype/all,decomp_ridge_calendar_mean/exclude_outage_severe,0.8666279431874864,0.9765460899780468,0,0
decomp_poisson_calendar_mean/quality_weighted,poisson_direct_calendar_vessel/all,0.8878654402621214,0.9765828321644199,0,0
decomp_poisson_calendar_vessel_daytype/exclude_outage_severe,poisson_direct_calendar/all,0.8887625335661097,0.9765834403629634,1,0
decomp_ewm7_daytype_shrunk/all,hour_mean/all,0.9545844481604012,0.976645371622546,0,0
decomp_poisson_calendar_mean/all,poisson_direct_calendar/exclude_outage_severe,0.8786896638462238,0.9766687576866453,0,0
decomp_poisson_calendar_vessel_daytype/all,poisson_direct_calendar_vessel/exclude_outage_severe,0.8618696796602038,0.9766912584206494,0,0
decomp_poisson_calendar_daytype/all,ridge_direct_calendar/all,0.7924219533975793,0.976957759634276,0,0
decomp_poisson_calendar_mean/exclude_outage_severe,decomp_ridge_calendar_vessel_daytype/quality_weighted,0.9019749980236988,0.9769619145756431,2,0
poisson_direct_calendar/all,poisson_direct_calendar/exclude_outage_severe,0.8912850683240925,0.9771363271103586,0,0
decomp_ridge_calendar_daytype/all,decomp_ridge_calendar_vessel_mean/quality_weighted,0.7038824223310314,0.9771926446117837,0,0
decomp_poisson_calendar_mean/all,decomp_ridge_calendar_mean/exclude_outage_severe,0.8934322556085316,0.9773342413952424,0,0
decomp_poisson_calendar_mean/all,decomp_poisson_calendar_vessel_daytype/exclude_outage_severe,0.8860641392592609,0.9773895044005833,0,1
decomp_poisson_calendar_vessel_mean/all,poisson_direct_calendar/exclude_outage_severe,0.8703809448118595,0.9775085412026665,0,0
decomp_ewm7_daytype_shrunk/all,decomp_mean_mean/all,0.9641018905791968,0.9775317316441491,0,0
decomp_ridge_calendar_daytype/exclude_outage_severe,poisson_direct_calendar_vessel/all,0.8943531577293806,0.977611342299221,0,0
decomp_ridge_calendar_daytype/all,decomp_ridge_calendar_vessel_daytype/quality_weighted,0.7090620365175198,0.9777400844035793,0,0
decomp_poisson_calendar_daytype/all,decomp_ridge_calendar_daytype/quality_weighted,0.8530404110199026,0.9777517953512932,0,0
poisson_direct_calendar/all,poisson_direct_calendar_vessel/exclude_outage_severe,0.8990759017722817,0.9777992611826083,0,0
decomp_ridge_calendar_mean/all,decomp_ridge_calendar_vessel_mean/quality_weighted,0.7154653071543454,0.9778006556237437,0,0
decomp_poisson_calendar_mean/all,poisson_direct_calendar_vessel/exclude_outage_severe,0.8893467562272113,0.977809655665633,0,0
decomp_poisson_calendar_vessel_daytype/all,ridge_direct_calendar/all,0.8024119285244199,0.9778261749768842,0,0
decomp_ridge_calendar_vessel_daytype/quality_weighted,ridge_direct_calendar_vessel/exclude_outage_severe,0.8943309324559731,0.9778270767433628,0,0
decomp_ridge_calendar_daytype/quality_weighted,ridge_direct_calendar/exclude_outage_severe,0.8399818010620769,0.9779188204506251,0,0
decomp_poisson_calendar_mean/exclude_outage_severe,decomp_ridge_calendar_vessel_mean/quality_weighted,0.9076432566805633,0.9779212398288581,2,0
decomp_poisson_calendar_daytype/all,decomp_ridge_calendar_mean/quality_weighted,0.8533543340954568,0.9779657522884712,0,0
poisson_direct_calendar_vessel/all,ridge_direct_calendar/all,0.8038870532869834,0.9779893324762545,0,0
decomp_ridge_calendar_mean/all,decomp_ridge_calendar_vessel_daytype/quality_weighted,0.7157342143229029,0.9780082686484932,0,0
decomp_poisson_calendar_vessel_daytype/all,decomp_poisson_calendar_vessel_mean/exclude_outage_severe,0.8667587469580439,0.9780717368576574,0,0
decomp_ridge_calendar_vessel_daytype/all,decomp_ridge_calendar_vessel_daytype/exclude_outage_severe,0.7603460822333978,0.978128655564284,0,0
poisson_direct_calendar/quality_weighted,ridge_direct_calendar/exclude_outage_severe,0.8419896107648128,0.9781318852601045,0,0
decomp_poisson_calendar_daytype/exclude_outage_severe,ridge_direct_calendar_vessel/exclude_outage_severe,0.9046589852095173,0.9781325801472506,1,0
poisson_direct_calendar/exclude_outage_severe,poisson_direct_calendar_vessel/all,0.8832297747255803,0.9781850580405199,0,0
decomp_ridge_calendar_vessel_daytype/exclude_outage_severe,decomp_ridge_calendar_vessel_mean/all,0.7558347870907852,0.9782509163908588,0,0
decomp_poisson_calendar_vessel_daytype/exclude_outage_severe,ridge_direct_calendar_vessel/exclude_outage_severe,0.8978917861317407,0.9782734345791204,1,0
decomp_poisson_calendar_vessel_daytype/all,decomp_poisson_calendar_vessel_daytype/exclude_outage_severe,0.8729631240312736,0.9783049822211516,0,1
decomp_poisson_calendar_daytype/all,decomp_poisson_calendar_vessel_mean/quality_weighted,0.8630249880582473,0.9783233200752018,0,0
decomp_poisson_calendar_mean/exclude_outage_severe,decomp_ridge_calendar_vessel_daytype/exclude_outage_severe,0.9023627551473209,0.9784045286444675,2,0
decomp_poisson_calendar_daytype/exclude_outage_severe,decomp_ridge_calendar_vessel_mean/quality_weighted,0.9090211413611279,0.9784552900202291,1,0
decomp_mean_daytype_shrunk/all,hour_mean/all,0.9620625613981139,0.9784572046281736,0,0
decomp_ridge_calendar_vessel_daytype/exclude_outage_severe,ridge_direct_calendar_vessel/exclude_outage_severe,0.8934856847854602,0.978539072171067,0,0
decomp_poisson_calendar_vessel_mean/exclude_outage_severe,poisson_direct_calendar/all,0.8989230014939581,0.9786083809669849,0,0
decomp_poisson_calendar_vessel_mean/all,decomp_ridge_calendar_mean/exclude_outage_severe,0.8870204497101928,0.9786665529429925,0,0
decomp_ridge_calendar_vessel_daytype/all,decomp_ridge_calendar_vessel_mean/exclude_outage_severe,0.7574152827634508,0.9787070636953938,0,0
decomp_poisson_calendar_mean/all,ridge_direct_calendar/all,0.8112094419958336,0.9787698474821676,0,0
poisson_direct_calendar/all,ridge_direct_calendar/all,0.8169712634647571,0.9787726836220092,0,0
decomp_poisson_calendar_vessel_daytype/quality_weighted,ridge_direct_calendar_vessel/exclude_outage_severe,0.8985834166798423,0.9787776900301904,0,0
decomp_poisson_calendar_vessel_daytype/exclude_outage_severe,decomp_poisson_calendar_vessel_mean/all,0.8823613976099481,0.9789107556195132,1,0
decomp_poisson_calendar_daytype/exclude_outage_severe,decomp_ridge_calendar_vessel_daytype/quality_weighted,0.9114630989227142,0.9789410679313159,1,0
decomp_poisson_calendar_vessel_mean/all,ridge_direct_calendar/all,0.81273186213861,0.9789438247929894,0,0
decomp_poisson_calendar_vessel_mean/quality_weighted,ridge_direct_calendar_vessel/exclude_outage_severe,0.898996241670167,0.9789706876055762,0,0
decomp_poisson_calendar_daytype/all,poisson_direct_calendar/quality_weighted,0.8598828699925396,0.9789745182375051,0,0
decomp_ridge_calendar_vessel_mean/exclude_outage_severe,ridge_direct_calendar/exclude_outage_severe,0.8308323565895119,0.9789793523302797,0,0
decomp_poisson_calendar_vessel_mean/exclude_outage_severe,ridge_direct_calendar_vessel/exclude_outage_severe,0.9011536752953321,0.9791312428245672,0,0
decomp_poisson_calendar_daytype/exclude_outage_severe,decomp_ridge_calendar_vessel_mean/exclude_outage_severe,0.9068886711731173,0.9791585755206527,1,0
decomp_poisson_calendar_daytype/all,decomp_poisson_calendar_vessel_daytype/quality_weighted,0.8736601049232726,0.9791646374981887,0,0
decomp_poisson_calendar_vessel_daytype/exclude_outage_severe,poisson_direct_calendar_vessel/all,0.8928437337806479,0.9792103169947378,1,0
decomp_ridge_calendar_mean/quality_weighted,ridge_direct_calendar/exclude_outage_severe,0.8495381263551862,0.9793013980417358,0,0
decomp_poisson_calendar_vessel_daytype/all,decomp_ridge_calendar_mean/quality_weighted,0.854644726525065,0.9793136318305398,0,0
decomp_poisson_calendar_vessel_mean/all,poisson_direct_calendar_vessel/exclude_outage_severe,0.8860160662104871,0.9793192716426861,0,0
decomp_poisson_calendar_vessel_daytype/all,decomp_ridge_calendar_daytype/quality_weighted,0.8554709566956892,0.9793460530147539,0,0
decomp_ridge_calendar_vessel_mean/all,decomp_ridge_calendar_vessel_mean/exclude_outage_severe,0.7592679731818645,0.9793671572495314,0,0
decomp_ridge_calendar_vessel_mean/exclude_outage_severe,ridge_direct_calendar_vessel/exclude_outage_severe,0.8999315627705134,0.9794095424855539,0,0
decomp_ridge_calendar_vessel_mean/quality_weighted,ridge_direct_calendar_vessel/exclude_outage_severe,0.9041857289547133,0.9794432570935153,0,0
decomp_ridge_calendar_daytype/quality_weighted,ridge_direct_calendar_vessel/quality_weighted,0.8652231102717438,0.9794794417876951,0,0
decomp_poisson_calendar_mean/all,decomp_poisson_calendar_vessel_mean/exclude_outage_severe,0.896438763667524,0.9794827998264758,0,0
decomp_poisson_calendar_mean/exclude_outage_severe,ridge_direct_calendar_vessel/exclude_outage_severe,0.9111370946684534,0.9795506691201726,2,0
poisson_direct_calendar/quality_weighted,ridge_direct_calendar_vessel/quality_weighted,0.8656445396305193,0.9795702860635895,0,0
poisson_direct_calendar_vessel/all,poisson_direct_calendar_vessel/exclude_outage_severe,0.896833134637647,0.9796599570597972,0,0
decomp_ridge_calendar_mean/exclude_outage_severe,poisson_direct_calendar_vessel/all,0.9037341066125493,0.9797186153505354,0,0
decomp_ridge_calendar_mean/quality_weighted,ridge_direct_calendar_vessel/quality_weighted,0.8672114276600108,0.979794009905063,0,0
decomp_poisson_calendar_vessel_daytype/all,poisson_direct_calendar/quality_weighted,0.85830196490918,0.9798895569496985,0,0
decomp_ridge_calendar_vessel_mean/exclude_outage_severe,ridge_direct_calendar_vessel/quality_weighted,0.8533555912124867,0.9799220704386609,0,0
decomp_poisson_calendar_vessel_daytype/all,decomp_poisson_calendar_vessel_mean/quality_weighted,0.8660473617922996,0.979945819157405,0,0
decomp_poisson_calendar_mean/quality_weighted,decomp_ridge_calendar_vessel_daytype/exclude_outage_severe,0.8933002176906166,0.9799981497785667,0,0
decomp_ridge_calendar_vessel_daytype/exclude_outage_severe,ridge_direct_calendar/exclude_outage_severe,0.8413316178461282,0.9800080422449048,0,0
ridge_direct_calendar/exclude_outage_severe,ridge_direct_calendar_vessel/exclude_outage_severe,0.8904975007002683,0.9800127801546026,0,0
decomp_poisson_calendar_vessel_daytype/quality_weighted,poisson_direct_calendar/all,0.8950723952561589,0.9800263135787644,0,0
decomp_poisson_calendar_daytype/all,poisson_direct_calendar_vessel/quality_weighted,0.8451838250162839,0.980279937659534,0,0
decomp_poisson_calendar_daytype/exclude_outage_severe,decomp_ridge_calendar_vessel_daytype/exclude_outage_severe,0.911190400171668,0.9802934256126307,1,0
decomp_poisson_calendar_mean/exclude_outage_severe,decomp_ridge_calendar_vessel_mean/exclude_outage_severe,0.9145316790868431,0.9802974558271308,2,0
decomp_poisson_calendar_mean/all,decomp_poisson_calendar_vessel_daytype/quality_weighted,0.8897740208802214,0.9803762689993867,0,0
decomp_ridge_calendar_vessel_mean/quality_weighted,ridge_direct_calendar/exclude_outage_severe,0.838467569559582,0.9803836912121591,0,0
decomp_poisson_calendar_mean/quality_weighted,decomp_ridge_calendar_vessel_daytype/quality_weighted,0.901046192189286,0.9804103795725618,0,0
decomp_poisson_calendar_daytype/quality_weighted,decomp_ridge_calendar_vessel_mean/exclude_outage_severe,0.9000492183414901,0.9804279079040575,1,0
decomp_poisson_calendar_mean/all,decomp_ridge_calendar_daytype/quality_weighted,0.8802417082410728,0.9804559439954638,0,0
decomp_poisson_calendar_daytype/quality_weighted,ridge_direct_calendar_vessel/exclude_outage_severe,0.9105270885895781,0.9804691102244995,1,0
decomp_poisson_calendar_vessel_mean/all,decomp_poisson_calendar_vessel_mean/exclude_outage_severe,0.8896548670928506,0.9805166935671983,0,0
decomp_ridge_calendar_vessel_daytype/quality_weighted,ridge_direct_calendar/exclude_outage_severe,0.83940876666228,0.9805648024956745,0,0
poisson_direct_calendar_vessel/quality_weighted,ridge_direct_calendar_vessel/quality_weighted,0.864145687400437,0.9807486943136533,0,0
poisson_direct_calendar_vessel/quality_weighted,ridge_direct_calendar/exclude_outage_severe,0.8474238988571572,0.9807596109482231,0,0
decomp_mean_daytype_shrunk/all,decomp_mean_mean/all,0.9658320742937142,0.9807812450905196,0,0
decomp_ridge_calendar_vessel_daytype/exclude_outage_severe,ridge_direct_calendar_vessel/quality_weighted,0.8619299876154728,0.9808916737539727,0,0
decomp_poisson_calendar_mean/all,poisson_direct_calendar/quality_weighted,0.8814317589340025,0.9809428143439862,0,0
decomp_ridge_calendar_daytype/quality_weighted,poisson_direct_calendar/all,0.8912276216772221,0.9809461655009698,0,0
decomp_ridge_calendar_vessel_daytype/all,decomp_ridge_calendar_vessel_mean/quality_weighted,0.766954991791045,0.9809761120545727,0,0
decomp_poisson_calendar_daytype/all,decomp_ridge_calendar_vessel_daytype/exclude_outage_severe,0.8398136672858854,0.9809962931602003,0,0
decomp_poisson_calendar_vessel_mean/exclude_outage_severe,poisson_direct_calendar_vessel/all,0.901585315504016,0.9810126705476995,0,0
decomp_poisson_calendar_vessel_daytype/all,decomp_poisson_calendar_vessel_daytype/quality_weighted,0.8773978904040368,0.9810688300010663,0,0
decomp_ridge_calendar_mean/quality_weighted,poisson_direct_calendar/all,0.8912140745208202,0.9810885750691455,0,0
decomp_ridge_calendar_vessel_mean/all,decomp_ridge_calendar_vessel_mean/quality_weighted,0.7619807070013764,0.9810984022797677,0,0
decomp_poisson_calendar_vessel_daytype/all,poisson_direct_calendar_vessel/quality_weighted,0.8457046715135557,0.9811139978136022,0,0
decomp_poisson_calendar_vessel_mean/quality_weighted,poisson_direct_calendar/all,0.9002259642632067,0.9811383782012177,0,0
decomp_poisson_calendar_daytype/quality_weighted,decomp_ridge_calendar_vessel_mean/quality_weighted,0.9093936859601688,0.9811647214530389,1,0
decomp_poisson_calendar_vessel_mean/all,decomp_ridge_calendar_daytype/quality_weighted,0.8732531379871039,0.981202567399689,0,0
decomp_ridge_calendar_vessel_daytype/quality_weighted,ridge_direct_calendar_vessel/quality_weighted,0.8615160520915243,0.9812595536436872,0,0
decomp_poisson_calendar_mean/all,decomp_ridge_calendar_mean/quality_weighted,0.885637542128295,0.9812637664530008,0,0
decomp_ridge_calendar_vessel_daytype/quality_weighted,poisson_direct_calendar/exclude_outage_severe,0.8965588745251745,0.9812913086791336,0,0
decomp_ridge_calendar_vessel_mean/quality_weighted,ridge_direct_calendar_vessel/quality_weighted,0.8625941304449618,0.9813393287035258,0,0
decomp_poisson_calendar_vessel_mean/all,poisson_direct_calendar/quality_weighted,0.8730906080778367,0.9813533009266834,0,0
poisson_direct_calendar_vessel/exclude_outage_severe,ridge_direct_calendar_vessel/exclude_outage_severe,0.9122414739954312,0.9813726399911371,0,0
decomp_poisson_calendar_vessel_daytype/quality_weighted,decomp_poisson_calendar_vessel_mean/all,0.8841668821510316,0.9813971976415182,0,0
decomp_poisson_calendar_mean/all,decomp_poisson_calendar_vessel_mean/quality_weighted,0.8953402701132256,0.9815592187862423,0,0
decomp_ridge_calendar_vessel_daytype/quality_weighted,decomp_ridge_calendar_vessel_mean/all,0.7663104639094157,0.9815752216763374,0,0
decomp_ridge_calendar_mean/exclude_outage_severe,ridge_direct_calendar_vessel/exclude_outage_severe,0.9140775933801157,0.98161256374067,0,0
decomp_ridge_calendar_daytype/exclude_outage_severe,ridge_direct_calendar_vessel/exclude_outage_severe,0.9148179804727127,0.9816350263608267,0,0
decomp_ridge_calendar_vessel_daytype/all,decomp_ridge_calendar_vessel_daytype/quality_weighted,0.773636810194973,0.9816561574832491,0,0
decomp_ridge_calendar_vessel_daytype/exclude_outage_severe,poisson_direct_calendar/exclude_outage_severe,0.8949413661737092,0.9816935947166707,0,0
poisson_direct_calendar/all,poisson_direct_calendar/quality_weighted,0.8954102845002037,0.9817267264470565,0,0
decomp_poisson_calendar_mean/quality_weighted,decomp_ridge_calendar_vessel_mean/quality_weighted,0.9094844169561016,0.9817487837103047,0,0
decomp_poisson_calendar_daytype/quality_weighted,decomp_ridge_calendar_vessel_daytype/exclude_outage_severe,0.9066309055795512,0.9817997755736011,1,0
decomp_poisson_calendar_mean/quality_weighted,ridge_direct_calendar_vessel/exclude_outage_severe,0.9158426092604381,0.9818246443503595,0,0
decomp_poisson_calendar_vessel_mean/all,decomp_ridge_calendar_mean/quality_weighted,0.878777441781345,0.9819678154324668,0,0
decomp_ewm7_daytype_shrunk/all,decomp_mean_daytype_shrunk/all,0.9809772425381011,0.9820535428417091,0,0
decomp_poisson_calendar_vessel_mean/all,decomp_poisson_calendar_vessel_mean/quality_weighted,0.8866825075092872,0.982099719561056,0,0
decomp_poisson_calendar_daytype/quality_weighted,decomp_ridge_calendar_vessel_daytype/quality_weighted,0.9148191373208221,0.9821455248155527,1,0
decomp_ridge_calendar_mean/quality_weighted,ridge_direct_calendar_vessel/exclude_outage_severe,0.915201916114811,0.9821780927212302,0,0
decomp_ridge_calendar_daytype/quality_weighted,ridge_direct_calendar_vessel/exclude_outage_severe,0.9151952058807837,0.982204796820709,0,0
decomp_poisson_calendar_mean/all,decomp_ridge_calendar_vessel_daytype/exclude_outage_severe,0.8529555221062816,0.9822141027294992,0,0
decomp_poisson_calendar_mean/quality_weighted,decomp_ridge_calendar_vessel_mean/exclude_outage_severe,0.9074992476643605,0.9822579489008549,0,0
decomp_poisson_calendar_vessel_daytype/quality_weighted,poisson_direct_calendar_vessel/all,0.8983512601282686,0.9822702154863947,0,0
decomp_ridge_calendar_daytype/quality_weighted,poisson_direct_calendar_vessel/all,0.8888991314070294,0.9823471964630622,0,0
decomp_ridge_calendar_vessel_mean/quality_weighted,poisson_direct_calendar/exclude_outage_severe,0.9041208611486168,0.9824188498234755,0,0
decomp_poisson_calendar_daytype/all,decomp_ridge_calendar_vessel_mean/exclude_outage_severe,0.8476926669735918,0.9824305058306656,0,0
decomp_poisson_calendar_vessel_daytype/all,decomp_ridge_calendar_vessel_daytype/exclude_outage_severe,0.8506205113748992,0.9824871448486326,0,0
decomp_poisson_calendar_vessel_daytype/all,decomp_ridge_calendar_mean/all,0.7273805610418542,0.9827031482772458,0,0
poisson_direct_calendar/quality_weighted,poisson_direct_calendar_vessel/all,0.890501664707359,0.9827365347690367,0,0
poisson_direct_calendar_vessel/quality_weighted,ridge_direct_calendar_vessel/exclude_outage_severe,0.9206567247980015,0.9827578317525218,0,0
decomp_poisson_calendar_daytype/all,decomp_ridge_calendar_mean/all,0.6940191505186676,0.9828321069832686,0,0
decomp_ridge_calendar_vessel_mean/exclude_outage_severe,poisson_direct_calendar/exclude_outage_severe,0.9027710822815799,0.9828765709943463,0,0
decomp_poisson_calendar_mean/all,poisson_direct_calendar_vessel/quality_weighted,0.873187443045197,0.9831005492972721,0,0
decomp_ridge_calendar_mean/quality_weighted,poisson_direct_calendar_vessel/all,0.8945660543036799,0.9831175564657326,0,0
decomp_poisson_calendar_vessel_daytype/all,decomp_ridge_calendar_vessel_mean/exclude_outage_severe,0.8518428504035037,0.98314313987271,0,0
decomp_ridge_calendar_vessel_daytype/exclude_outage_severe,poisson_direct_calendar/all,0.8666767973713867,0.9832823111665588,0,0
decomp_poisson_calendar_vessel_mean/quality_weighted,poisson_direct_calendar_vessel/all,0.9039373736494088,0.9833651264618123,0,0
decomp_ridge_calendar_vessel_daytype/exclude_outage_severe,poisson_direct_calendar/quality_weighted,0.8923043339831254,0.9834520759225753,0,0
decomp_ridge_calendar_vessel_daytype/exclude_outage_severe,poisson_direct_calendar_vessel/exclude_outage_severe,0.9065629678223395,0.983452669697279,0,0
decomp_mean_daytype_shrunk/exclude_outage_severe,hour_mean/quality_weighted,0.9807789649153142,0.9835013570783148,0,2
decomp_poisson_calendar_vessel_mean/all,decomp_ridge_calendar_vessel_daytype/exclude_outage_severe,0.8606756969032242,0.9835321002144545,0,0
decomp_poisson_calendar_vessel_daytype/exclude_outage_severe,decomp_ridge_calendar_vessel_mean/quality_weighted,0.9131126465088099,0.9837276959957219,1,0
decomp_poisson_calendar_vessel_mean/all,decomp_ridge_calendar_daytype/all,0.7242689421443395,0.983782910942955,0,0
decomp_ridge_calendar_vessel_daytype/quality_weighted,poisson_direct_calendar_vessel/exclude_outage_severe,0.9132421244164961,0.983810786287412,0,0
decomp_poisson_calendar_vessel_mean/all,poisson_direct_calendar_vessel/quality_weighted,0.8704304085261726,0.9838498730762237,0,0
decomp_poisson_calendar_mean/all,decomp_ridge_calendar_vessel_mean/exclude_outage_severe,0.8647126361720685,0.9840383789909273,0,0
decomp_poisson_calendar_daytype/all,decomp_ridge_calendar_vessel_daytype/quality_weighted,0.8537744002870454,0.9840385148816253,0,0
poisson_direct_calendar/all,poisson_direct_calendar_vessel/quality_weighted,0.886282340556338,0.9840793913614856,0,0
decomp_poisson_calendar_daytype/all,decomp_ridge_calendar_vessel_mean/quality_weighted,0.8563937151136571,0.984129043816747,0,0
decomp_poisson_calendar_vessel_daytype/all,decomp_ridge_calendar_daytype/all,0.7514011688731341,0.9842422139277472,0,0
decomp_poisson_calendar_vessel_mean/all,decomp_ridge_calendar_mean/all,0.7357860747591513,0.9843528855229823,0,0
decomp_poisson_calendar_daytype/all,decomp_ridge_calendar_daytype/all,0.7192454777949044,0.9843571792053221,0,0
decomp_poisson_calendar_vessel_mean/exclude_outage_severe,decomp_ridge_calendar_vessel_daytype/quality_weighted,0.9139301932920249,0.9844235693510349,0,0
decomp_ridge_calendar_vessel_mean/quality_weighted,poisson_direct_calendar_vessel/exclude_outage_severe,0.9175169524031606,0.984438014927231,0,0
decomp_poisson_calendar_vessel_mean/exclude_outage_severe,decomp_ridge_calendar_vessel_daytype/exclude_outage_severe,0.9105832397956656,0.9845629325646136,0,0
decomp_ridge_calendar_vessel_mean/exclude_outage_severe,poisson_direct_calendar/quality_weighted,0.8994743414154286,0.984574734233966,0,0
decomp_poisson_calendar_vessel_daytype/exclude_outage_severe,decomp_ridge_calendar_vessel_mean/exclude_outage_severe,0.9145073461637419,0.9846719408523834,1,0
decomp_mean_daytype_shrunk/exclude_outage_severe,decomp_mean_mean/quality_weighted,0.9823286297327112,0.9846908574396536,0,2
decomp_ridge_calendar_vessel_daytype/quality_weighted,poisson_direct_calendar/quality_weighted,0.902063205331179,0.9847057416495857,0,0
decomp_poisson_calendar_mean/exclude_outage_severe,decomp_ridge_calendar_daytype/quality_weighted,0.9404279481939547,0.9848106669805505,2,0
decomp_poisson_calendar_vessel_daytype/exclude_outage_severe,decomp_ridge_calendar_vessel_daytype/exclude_outage_severe,0.9144627088161167,0.9848306876443274,1,0
decomp_poisson_calendar_vessel_daytype/exclude_outage_severe,decomp_ridge_calendar_vessel_daytype/quality_weighted,0.9196760842508472,0.984859867953173,1,0
decomp_poisson_calendar_mean/all,decomp_ridge_calendar_daytype/all,0.7056430500854799,0.9849014835431033,0,0
poisson_direct_calendar_vessel/all,poisson_direct_calendar_vessel/quality_weighted,0.8842217585495914,0.9849470130124838,0,0
decomp_ridge_calendar_vessel_daytype/exclude_outage_severe,poisson_direct_calendar_vessel/all,0.8764733148249497,0.984951950932627,0,0
decomp_ridge_calendar_vessel_mean/exclude_outage_severe,poisson_direct_calendar_vessel/exclude_outage_severe,0.9166329128403278,0.9849602935714257,0,0
decomp_poisson_calendar_vessel_mean/exclude_outage_severe,decomp_ridge_calendar_vessel_mean/quality_weighted,0.9179320788588512,0.9849937751871499,0,0
decomp_mean_daytype_shrunk/exclude_outage_severe,hour_mean/exclude_outage_severe,0.9824173353885338,0.985042153516824,0,3
decomp_ridge_calendar_vessel_mean/exclude_outage_severe,poisson_direct_calendar/all,0.8785973138515749,0.9850939526685836,0,0
ridge_direct_calendar_vessel/exclude_outage_severe,ridge_direct_calendar_vessel/quality_weighted,0.9250972732269952,0.9851146080188609,0,0
decomp_poisson_calendar_mean/all,decomp_ridge_calendar_mean/all,0.7110833892196553,0.9851375839965194,0,0
decomp_poisson_calendar_daytype/exclude_outage_severe,decomp_ridge_calendar_mean/quality_weighted,0.9407023733108214,0.9852242658107414,1,0
decomp_ridge_calendar_mean/exclude_outage_severe,decomp_ridge_calendar_vessel_daytype/exclude_outage_severe,0.9200973017510227,0.9852684792372101,0,0
decomp_poisson_calendar_daytype/exclude_outage_severe,poisson_direct_calendar_vessel/quality_weighted,0.9455931218661308,0.9852872279846274,1,0
decomp_poisson_calendar_vessel_daytype/all,decomp_ridge_calendar_vessel_mean/quality_weighted,0.8650824810091786,0.9853000303403022,0,0
decomp_ridge_calendar_daytype/all,poisson_direct_calendar_vessel/all,0.7262580266576028,0.9853091648378957,0,0
decomp_ridge_calendar_daytype/exclude_outage_severe,decomp_ridge_calendar_vessel_mean/exclude_outage_severe,0.9253837642201324,0.9854453719287056,0,0
decomp_ridge_calendar_daytype/all,poisson_direct_calendar/all,0.6887638592471793,0.9855267354128338,0,0
poisson_direct_calendar/quality_weighted,ridge_direct_calendar_vessel/exclude_outage_severe,0.9322195289958578,0.985538613824847,0,0
decomp_poisson_calendar_vessel_mean/all,decomp_ridge_calendar_vessel_mean/exclude_outage_severe,0.8745302394455704,0.9855431568603936,0,0
decomp_ridge_calendar_vessel_mean/quality_weighted,poisson_direct_calendar/quality_weighted,0.9084959718190184,0.9855656999551778,0,0
decomp_mean_daytype_shrunk/quality_weighted,hour_mean/exclude_outage_severe,0.9833655086304175,0.9855868653533505,1,2
decomp_poisson_calendar_mean/exclude_outage_severe,decomp_ridge_calendar_mean/quality_weighted,0.9432713577398096,0.9855883610007757,2,0
decomp_poisson_calendar_daytype/exclude_outage_severe,decomp_ridge_calendar_daytype/quality_weighted,0.9431633062146169,0.9856165385340044,1,0
decomp_poisson_calendar_vessel_daytype/all,decomp_ridge_calendar_vessel_daytype/quality_weighted,0.8669136202590871,0.985624505529508,0,0
decomp_poisson_calendar_mean/all,decomp_ridge_calendar_vessel_daytype/quality_weighted,0.8706713261329169,0.985658352545112,0,0
decomp_ridge_calendar_mean/all,poisson_direct_calendar_vessel/all,0.7344595077289345,0.9856880663929621,0,0
decomp_poisson_calendar_daytype/all,decomp_ridge_calendar_vessel_mean/all,0.7628122549726449,0.9857671342786886,0,0
decomp_poisson_calendar_vessel_daytype/quality_weighted,decomp_ridge_calendar_vessel_mean/quality_weighted,0.9164945353822448,0.9858374609080136,0,0
decomp_ridge_calendar_mean/exclude_outage_severe,decomp_ridge_calendar_vessel_mean/exclude_outage_severe,0.9249089594770391,0.9858636022165715,0,0
decomp_poisson_calendar_vessel_daytype/quality_weighted,decomp_ridge_calendar_vessel_mean/exclude_outage_severe,0.9131982165004939,0.9858660124091966,0,0
decomp_poisson_calendar_vessel_mean/exclude_outage_severe,decomp_ridge_calendar_vessel_mean/exclude_outage_severe,0.919465935247704,0.9858744563066888,0,0
decomp_ridge_calendar_daytype/exclude_outage_severe,poisson_direct_calendar/exclude_outage_severe,0.9362515475892924,0.9859132875161857,0,0
decomp_ridge_calendar_mean/all,poisson_direct_calendar/all,0.6970628246541533,0.985931034990036,0,0
decomp_ridge_calendar_daytype/exclude_outage_severe,poisson_direct_calendar/quality_weighted,0.9335580064899598,0.9859537416599892,0,0
decomp_poisson_calendar_daytype/quality_weighted,decomp_ridge_calendar_mean/exclude_outage_severe,0.9382880416792556,0.9859569441459958,1,0
decomp_poisson_calendar_daytype/exclude_outage_severe,decomp_ridge_calendar_mean/exclude_outage_severe,0.9431603218515489,0.9859746468338688,1,0
decomp_ridge_calendar_daytype/exclude_outage_severe,decomp_ridge_calendar_vessel_mean/quality_weighted,0.9340190749741655,0.9859942938031783,0,0
decomp_ridge_calendar_vessel_daytype/exclude_outage_severe,poisson_direct_calendar_vessel/quality_weighted,0.8998610454223861,0.9860683214737149,0,0
decomp_poisson_calendar_mean/all,decomp_ridge_calendar_vessel_mean/quality_weighted,0.8773954201908765,0.9861422399048524,0,0
decomp_ewm7_daytype_shrunk/quality_weighted,decomp_mean_mean/exclude_outage_severe,0.9847401840945439,0.9862662198965487,1,2
decomp_ridge_calendar_mean/exclude_outage_severe,decomp_ridge_calendar_vessel_daytype/quality_weighted,0.932334152573842,0.98630821161074,0,0
decomp_ewm7_daytype_shrunk/quality_weighted,decomp_mean_mean/quality_weighted,0.9858113933182955,0.9863669469429565,1,1
decomp_ewm7_daytype_shrunk/quality_weighted,hour_mean/quality_weighted,0.9846004760492799,0.9863676912840219,1,1
decomp_ridge_calendar_daytype/quality_weighted,poisson_direct_calendar/exclude_outage_severe,0.9331439548380733,0.9863951347088926,0,0
decomp_poisson_calendar_mean/all,decomp_ridge_calendar_vessel_daytype/all,0.765208423744179,0.9864170497059696,0,0
decomp_ridge_calendar_vessel_mean/exclude_outage_severe,poisson_direct_calendar_vessel/quality_weighted,0.901740692661167,0.9864695007634711,0,0
decomp_poisson_calendar_vessel_daytype/exclude_outage_severe,decomp_ridge_calendar_mean/quality_weighted,0.9331096788969782,0.9864900139380303,1,0
decomp_ridge_calendar_mean/exclude_outage_severe,poisson_direct_calendar/exclude_outage_severe,0.9376142546664227,0.986497110116765,0,0
decomp_poisson_calendar_mean/quality_weighted,decomp_ridge_calendar_daytype/exclude_outage_severe,0.9409743158335403,0.9864997349404874,0,0
decomp_ridge_calendar_daytype/exclude_outage_severe,decomp_ridge_calendar_vessel_daytype/exclude_outage_severe,0.9301952369718988,0.9865514871600312,0,0
decomp_ridge_calendar_vessel_mean/exclude_outage_severe,poisson_direct_calendar_vessel/all,0.8868380746356196,0.9865815115267739,0,0
decomp_poisson_calendar_vessel_mean/quality_weighted,decomp_ridge_calendar_vessel_daytype/exclude_outage_severe,0.9160154288511768,0.9865919556898395,0,0
decomp_poisson_calendar_daytype/quality_weighted,decomp_ridge_calendar_mean/quality_weighted,0.93937857992328,0.9866100666775249,1,0
decomp_poisson_calendar_daytype/all,decomp_ridge_calendar_vessel_daytype/all,0.7818844438803504,0.9866106635943237,0,0
decomp_poisson_calendar_mean/exclude_outage_severe,poisson_direct_calendar_vessel/quality_weighted,0.9534132366342791,0.9866379819340925,2,0
decomp_poisson_calendar_vessel_mean/quality_weighted,decomp_ridge_calendar_vessel_daytype/quality_weighted,0.9195310644981998,0.9866766948988152,0,0
decomp_ewm7_daytype_shrunk/quality_weighted,hour_mean/exclude_outage_severe,0.9849112255100122,0.9867547378721081,1,2
decomp_ewm7_daytype_shrunk/exclude_outage_severe,hour_mean/quality_weighted,0.9843711739222704,0.9867593577543138,0,1
decomp_ridge_calendar_vessel_daytype/all,poisson_direct_calendar/all,0.7556018012496489,0.9867870054801634,0,0
decomp_poisson_calendar_mean/quality_weighted,decomp_ridge_calendar_daytype/quality_weighted,0.9397059538987442,0.9868085117631277,0,0
decomp_ridge_calendar_mean/exclude_outage_severe,poisson_direct_calendar/quality_weighted,0.9359328353396416,0.986818726173424,0,0
decomp_ridge_calendar_mean/exclude_outage_severe,decomp_ridge_calendar_vessel_mean/quality_weighted,0.9358317389180085,0.9868419857762856,0,0
decomp_poisson_calendar_vessel_mean/all,decomp_ridge_calendar_vessel_daytype/all,0.7950020211656279,0.9868526086439642,0,0
decomp_poisson_calendar_daytype/exclude_outage_severe,poisson_direct_calendar/quality_weighted,0.9474438107758619,0.9868591962634214,1,0
decomp_poisson_calendar_vessel_daytype/all,decomp_ridge_calendar_vessel_mean/all,0.801743777994055,0.9868856786618525,0,0
decomp_ridge_calendar_vessel_daytype/quality_weighted,poisson_direct_calendar_vessel/quality_weighted,0.905121731409183,0.9868967365798408,0,0
decomp_mean_daytype_shrunk/exclude_outage_severe,decomp_mean_mean/exclude_outage_severe,0.9846829366807706,0.9869055844848762,0,3
decomp_mean_daytype_shrunk/quality_weighted,decomp_mean_mean/exclude_outage_severe,0.9849537200035455,0.9869335235135269,1,2
decomp_ridge_calendar_daytype/exclude_outage_severe,poisson_direct_calendar_vessel/quality_weighted,0.9414048239823336,0.9869543268404548,0,0
decomp_ridge_calendar_mean/quality_weighted,poisson_direct_calendar/exclude_outage_severe,0.9351928307096885,0.986971275282077,0,0
decomp_poisson_calendar_vessel_daytype/exclude_outage_severe,poisson_direct_calendar/quality_weighted,0.934756787973881,0.9870188176709587,1,0
decomp_poisson_calendar_vessel_mean/all,decomp_ridge_calendar_vessel_daytype/quality_weighted,0.8803332253793554,0.9870366687938139,0,0
poisson_direct_calendar/exclude_outage_severe,ridge_direct_calendar_vessel/exclude_outage_severe,0.9387586494011119,0.9870561611147916,0,0
decomp_ridge_calendar_vessel_daytype/quality_weighted,poisson_direct_calendar/all,0.8883760678385081,0.9871490679476969,0,0
decomp_poisson_calendar_mean/exclude_outage_severe,decomp_ridge_calendar_daytype/exclude_outage_severe,0.9489213977600823,0.9871551733862234,2,0
decomp_poisson_calendar_vessel_daytype/quality_weighted,decomp_ridge_calendar_vessel_daytype/quality_weighted,0.9246119449412978,0.9871679137994089,0,0
decomp_mean_daytype_shrunk/quality_weighted,hour_mean/quality_weighted,0.985363972900961,0.9871957655354772,1,1
decomp_poisson_calendar_vessel_daytype/exclude_outage_severe,decomp_ridge_calendar_mean/exclude_outage_severe,0.9410412031287455,0.9872138081404571,1,0
decomp_poisson_calendar_daytype/quality_weighted,poisson_direct_calendar_vessel/quality_weighted,0.9452078569124795,0.9872636309152952,1,0
decomp_ridge_calendar_mean/quality_weighted,decomp_ridge_calendar_vessel_daytype/exclude_outage_severe,0.9173017925119307,0.9872797944715676,0,0
decomp_ridge_calendar_vessel_mean/quality_weighted,poisson_direct_calendar_vessel/quality_weighted,0.9089882620382852,0.9873101157072223,0,0
decomp_poisson_calendar_vessel_daytype/quality_weighted,decomp_ridge_calendar_vessel_daytype/exclude_outage_severe,0.9218867535478652,0.9873361697799471,0,0
decomp_poisson_calendar_vessel_daytype/all,decomp_ridge_calendar_vessel_daytype/all,0.8142729850400857,0.9873932013266358,0,0
decomp_ridge_calendar_daytype/exclude_outage_severe,decomp_ridge_calendar_vessel_daytype/quality_weighted,0.9422420114262722,0.987419518309998,0,0
decomp_ridge_calendar_daytype/quality_weighted,poisson_direct_calendar/quality_weighted,0.931008978409771,0.9874281726569565,0,0
decomp_poisson_calendar_mean/exclude_outage_severe,decomp_poisson_calendar_vessel_daytype/quality_weighted,0.9504754113165451,0.9874551959013873,2,0
decomp_poisson_calendar_vessel_mean/quality_weighted,decomp_ridge_calendar_vessel_mean/quality_weighted,0.9251139664102545,0.987457618000237,0,0
decomp_ewm7_daytype_shrunk/exclude_outage_severe,decomp_mean_mean/quality_weighted,0.9862815179056003,0.9874727301079488,0,1
decomp_poisson_calendar_vessel_mean/exclude_outage_severe,decomp_ridge_calendar_daytype/quality_weighted,0.9371587284961695,0.9875625250518691,0,0
decomp_poisson_calendar_daytype/exclude_outage_severe,decomp_ridge_calendar_daytype/exclude_outage_severe,0.9500941541709237,0.9875676230740723,1,0
decomp_poisson_calendar_daytype/quality_weighted,decomp_ridge_calendar_daytype/quality_weighted,0.944670910430262,0.987569843212473,1,0
decomp_ridge_calendar_vessel_daytype/all,poisson_direct_calendar_vessel/all,0.7918769079544276,0.9876207402883099,0,0
decomp_ridge_calendar_vessel_mean/quality_weighted,poisson_direct_calendar/all,0.8955817786152042,0.9876321606170896,0,0
decomp_poisson_calendar_vessel_daytype/quality_weighted,poisson_direct_calendar/exclude_outage_severe,0.9392613310036931,0.9876517290925317,0,0
decomp_poisson_calendar_mean/quality_weighted,decomp_ridge_calendar_mean/quality_weighted,0.9430720983811143,0.987660392728458,0,0
decomp_poisson_calendar_mean/exclude_outage_severe,decomp_ridge_calendar_mean/exclude_outage_severe,0.9508367664881631,0.98767512045079,2,0
decomp_ewm7_daytype_shrunk/exclude_outage_severe,decomp_mean_mean/exclude_outage_severe,0.9858163753927872,0.9876930705875573,0,2
decomp_poisson_calendar_vessel_mean/all,decomp_ridge_calendar_vessel_mean/quality_weighted,0.888004636079571,0.9877013458545104,0,0
decomp_poisson_calendar_vessel_daytype/exclude_outage_severe,poisson_direct_calendar_vessel/quality_weighted,0.9397804321540442,0.9877136966936444,1,0
decomp_poisson_calendar_mean/quality_weighted,decomp_ridge_calendar_mean/exclude_outage_severe,0.9457734008689395,0.9877927873133199,0,0
decomp_ridge_calendar_vessel_mean/all,poisson_direct_calendar/all,0.7657711128491687,0.9878605663396207,0,0
decomp_poisson_calendar_daytype/quality_weighted,decomp_ridge_calendar_daytype/exclude_outage_severe,0.9474686974195196,0.9878769762593951,1,0
decomp_poisson_calendar_mean/all,decomp_ridge_calendar_vessel_mean/all,0.7806561825884712,0.9878839429884431,0,0
decomp_ewm7_daytype_shrunk/exclude_outage_severe,hour_mean/exclude_outage_severe,0.9858631774850511,0.9879940192633129,0,2
decomp_poisson_calendar_vessel_daytype/quality_weighted,decomp_ridge_calendar_mean/exclude_outage_severe,0.9431586880744626,0.9880188028171559,0,0
decomp_ridge_calendar_daytype/quality_weighted,poisson_direct_calendar_vessel/exclude_outage_severe,0.9406452412425472,0.988037483448078,0,0
decomp_ridge_calendar_daytype/exclude_outage_severe,poisson_direct_calendar_vessel/exclude_outage_severe,0.9449745161782289,0.9880403213422001,0,0
decomp_poisson_calendar_vessel_daytype/exclude_outage_severe,poisson_direct_calendar/exclude_outage_severe,0.9436735239978556,0.9881013780515409,1,0
decomp_poisson_calendar_vessel_mean/all,decomp_ridge_calendar_vessel_mean/all,0.8077615685640267,0.9881118141491052,0,0
decomp_poisson_calendar_mean/exclude_outage_severe,poisson_direct_calendar/quality_weighted,0.9541678247368724,0.9881216770558783,2,0
decomp_ridge_calendar_daytype/quality_weighted,decomp_ridge_calendar_vessel_mean/exclude_outage_severe,0.9231713800213234,0.988163232964913,0,0
decomp_poisson_calendar_vessel_mean/exclude_outage_severe,decomp_ridge_calendar_daytype/exclude_outage_severe,0.9455200481525032,0.9881946936666313,0,0
decomp_ridge_calendar_mean/exclude_outage_severe,poisson_direct_calendar_vessel/quality_weighted,0.9454940009791732,0.9882163222107478,0,0
decomp_ridge_calendar_mean/quality_weighted,poisson_direct_calendar/quality_weighted,0.9347975352301915,0.9882462239196416,0,0
decomp_poisson_calendar_vessel_mean/quality_weighted,decomp_ridge_calendar_vessel_mean/exclude_outage_severe,0.9271731708512463,0.9882563668378468,0,0
decomp_poisson_calendar_vessel_daytype/quality_weighted,poisson_direct_calendar/quality_weighted,0.9371062055655373,0.9883113828534484,0,0
decomp_poisson_calendar_mean/quality_weighted,poisson_direct_calendar_vessel/quality_weighted,0.949331155543531,0.9884393052244369,0,0
decomp_ridge_calendar_mean/quality_weighted,decomp_ridge_calendar_vessel_mean/exclude_outage_severe,0.9251798689829361,0.9884533961410492,0,0
decomp_poisson_calendar_daytype/exclude_outage_severe,poisson_direct_calendar/exclude_outage_severe,0.9534964341130677,0.9884718386461004,1,0
decomp_ridge_calendar_vessel_mean/all,poisson_direct_calendar_vessel/all,0.8022202247393692,0.9887081327268403,0,0
decomp_poisson_calendar_vessel_daytype/exclude_outage_severe,decomp_ridge_calendar_daytype/quality_weighted,0.9450362360967788,0.9887096391958318,1,0
decomp_poisson_calendar_vessel_mean/quality_weighted,decomp_ridge_calendar_daytype/exclude_outage_severe,0.9469286075320215,0.988715936420562,0,0
decomp_poisson_calendar_vessel_daytype/quality_weighted,decomp_ridge_calendar_mean/quality_weighted,0.9406775594087876,0.9887924960969202,0,0
decomp_mean_daytype_shrunk/quality_weighted,decomp_mean_mean/quality_weighted,0.9872678829907815,0.988879349451843,1,1
decomp_poisson_calendar_daytype/exclude_outage_severe,decomp_poisson_calendar_vessel_mean/quality_weighted,0.9556509663648044,0.9888795735481485,1,0
decomp_poisson_calendar_vessel_mean/quality_weighted,poisson_direct_calendar/exclude_outage_severe,0.94423738135931,0.988887078449629,0,0
decomp_ridge_calendar_mean/quality_weighted,decomp_ridge_calendar_vessel_daytype/quality_weighted,0.930850456114459,0.9889025289006808,0,0
decomp_ridge_calendar_vessel_daytype/quality_weighted,poisson_direct_calendar_vessel/all,0.9006073150338959,0.988906356727473,0,0
decomp_ridge_calendar_vessel_mean/quality_weighted,poisson_direct_calendar_vessel/all,0.9025653304141199,0.9889641136791624,0,0
decomp_poisson_calendar_mean/quality_weighted,decomp_poisson_calendar_vessel_daytype/quality_weighted,0.9497922963822529,0.9890898290847654,0,0
decomp_ridge_calendar_daytype/quality_weighted,poisson_direct_calendar_vessel/quality_weighted,0.9388198288835115,0.9891039434349773,0,0
decomp_poisson_calendar_daytype/quality_weighted,poisson_direct_calendar/quality_weighted,0.9511825494265457,0.9891974496776892,1,0
decomp_poisson_calendar_daytype/quality_weighted,poisson_direct_calendar/exclude_outage_severe,0.9518654075843709,0.9891987158304197,1,0
decomp_poisson_calendar_mean/exclude_outage_severe,decomp_poisson_calendar_vessel_mean/quality_weighted,0.9580674896376082,0.9892505875021568,2,0
decomp_ewm7_daytype_shrunk/quality_weighted,decomp_mean_daytype_shrunk/exclude_outage_severe,0.9891544698789055,0.989256723431794,2,0
decomp_ridge_calendar_daytype/quality_weighted,decomp_ridge_calendar_vessel_daytype/exclude_outage_severe,0.9298762652919611,0.9892963046123193,0,0
decomp_ewm7_daytype_shrunk/quality_weighted,decomp_mean_daytype_shrunk/quality_weighted,0.9900380305201838,0.9893191880389615,2,2
decomp_poisson_calendar_vessel_mean/quality_weighted,decomp_ridge_calendar_daytype/quality_weighted,0.9424705111235462,0.9893296105172293,0,0
decomp_poisson_calendar_vessel_mean/quality_weighted,poisson_direct_calendar/quality_weighted,0.9417740148940946,0.9894214506098424,0,0
decomp_poisson_calendar_vessel_mean/exclude_outage_severe,poisson_direct_calendar/quality_weighted,0.9457521117984252,0.989470738291392,0,0
decomp_ridge_calendar_daytype/quality_weighted,decomp_ridge_calendar_vessel_mean/quality_weighted,0.9354096809827946,0.9894996004939425,0,0
decomp_poisson_calendar_vessel_mean/exclude_outage_severe,decomp_ridge_calendar_mean/quality_weighted,0.9466326789828771,0.9895070596352427,0,0
decomp_poisson_calendar_daytype/exclude_outage_severe,decomp_poisson_calendar_vessel_daytype/quality_weighted,0.9591831959293249,0.9895612363866092,1,0
decomp_mean_mean/all,hour_mean/all,0.9810226906806326,0.9895688769571915,0,0
decomp_poisson_calendar_mean/exclude_outage_severe,decomp_poisson_calendar_vessel_daytype/exclude_outage_severe,0.9589570699311686,0.989642027146341,1,0
decomp_poisson_calendar_daytype/quality_weighted,decomp_poisson_calendar_vessel_mean/quality_weighted,0.9530595641444662,0.989696020898541,1,0
decomp_ridge_calendar_mean/quality_weighted,poisson_direct_calendar_vessel/exclude_outage_severe,0.9488811966939845,0.9897355254479806,0,0
decomp_poisson_calendar_vessel_daytype/exclude_outage_severe,decomp_ridge_calendar_daytype/exclude_outage_severe,0.953828087346518,0.989771006672797,1,0
decomp_poisson_calendar_mean/quality_weighted,decomp_poisson_calendar_vessel_daytype/exclude_outage_severe,0.9537851795540685,0.9897764024656132,0,1
decomp_poisson_calendar_vessel_mean/exclude_outage_severe,poisson_direct_calendar/exclude_outage_severe,0.950456958988499,0.9897824709134962,0,0
decomp_ridge_calendar_mean/exclude_outage_severe,poisson_direct_calendar_vessel/exclude_outage_severe,0.9527463756318248,0.9899306714479131,0,0
decomp_poisson_calendar_daytype/exclude_outage_severe,poisson_direct_calendar_vessel/exclude_outage_severe,0.959321720841774,0.9900322041975126,1,0
decomp_poisson_calendar_vessel_daytype/quality_weighted,poisson_direct_calendar_vessel/quality_weighted,0.9464081061580543,0.9900469357314197,0,0
decomp_poisson_calendar_mean/exclude_outage_severe,poisson_direct_calendar_vessel/exclude_outage_severe,0.9602545043201447,0.9901282301082223,2,0
decomp_ridge_calendar_mean/quality_weighted,decomp_ridge_calendar_vessel_mean/quality_weighted,0.9401008371044802,0.9902290403951318,0,0
poisson_direct_calendar/exclude_outage_severe,poisson_direct_calendar_vessel/quality_weighted,0.9531044061473973,0.9902450152194774,0,0
decomp_poisson_calendar_vessel_daytype/quality_weighted,decomp_ridge_calendar_daytype/exclude_outage_severe,0.9553928153861568,0.9902690866661854,0,0
decomp_poisson_calendar_vessel_mean/exclude_outage_severe,poisson_direct_calendar_vessel/quality_weighted,0.9515015819080966,0.9902855879192252,0,0
decomp_poisson_calendar_daytype/quality_weighted,poisson_direct_calendar_vessel/exclude_outage_severe,0.9561791763075738,0.990308405722899,1,0
decomp_poisson_calendar_vessel_mean/exclude_outage_severe,decomp_ridge_calendar_mean/exclude_outage_severe,0.9544899769655082,0.9903470728444076,0,0
decomp_poisson_calendar_mean/exclude_outage_severe,poisson_direct_calendar/exclude_outage_severe,0.9623290692353533,0.9904011276637962,2,0
decomp_ridge_calendar_mean/quality_weighted,poisson_direct_calendar_vessel/quality_weighted,0.9466875277588883,0.9906129795902368,0,0
decomp_poisson_calendar_vessel_mean/quality_weighted,decomp_ridge_calendar_mean/exclude_outage_severe,0.9551482479881993,0.9906870944422947,0,0
decomp_poisson_calendar_daytype/exclude_outage_severe,decomp_poisson_calendar_vessel_mean/exclude_outage_severe,0.9629526440530304,0.9907548447652107,1,0
poisson_direct_calendar/quality_weighted,poisson_direct_calendar_vessel/exclude_outage_severe,0.9538656917863947,0.9908017042850924,0,0
decomp_poisson_calendar_mean/quality_weighted,decomp_poisson_calendar_vessel_mean/quality_weighted,0.9573402343030037,0.9908304079874583,0,0
decomp_poisson_calendar_daytype/quality_weighted,decomp_poisson_calendar_vessel_daytype/quality_weighted,0.9592505235698515,0.990853864379919,1,0
decomp_ridge_calendar_daytype/quality_weighted,decomp_ridge_calendar_vessel_daytype/quality_weighted,0.9443731713123888,0.9909456559254735,0,0
decomp_poisson_calendar_vessel_daytype/quality_weighted,poisson_direct_calendar_vessel/exclude_outage_severe,0.9552761234314558,0.9909528086481816,0,0
decomp_poisson_calendar_mean/exclude_outage_severe,decomp_poisson_calendar_vessel_mean/exclude_outage_severe,0.9643957193889359,0.9909605936657953,2,0
decomp_ewm7_daytype_shrunk/exclude_outage_severe,decomp_mean_daytype_shrunk/exclude_outage_severe,0.9903668921211107,0.9909992542416725,1,0
decomp_ewm7_daytype_shrunk/exclude_outage_severe,decomp_mean_daytype_shrunk/quality_weighted,0.9910876006875018,0.9910002656638399,1,2
decomp_poisson_calendar_daytype/quality_weighted,decomp_poisson_calendar_vessel_mean/exclude_outage_severe,0.9595159575729891,0.9910258317794731,1,0
decomp_poisson_calendar_mean/quality_weighted,poisson_direct_calendar/quality_weighted,0.9591119928039709,0.9910834594886565,0,0
decomp_poisson_calendar_vessel_mean/quality_weighted,decomp_ridge_calendar_mean/quality_weighted,0.9516468293518466,0.9911077862218739,0,0
decomp_poisson_calendar_vessel_daytype/quality_weighted,decomp_ridge_calendar_daytype/quality_weighted,0.9537184418386935,0.9911449573260318,0,0
ridge_direct_calendar/exclude_outage_severe,ridge_direct_calendar_vessel/quality_weighted,0.9331065708430856,0.9911591355025567,0,0
decomp_ridge_calendar_daytype/exclude_outage_severe,decomp_ridge_calendar_mean/quality_weighted,0.9605487463752364,0.9912473728967417,0,0
decomp_poisson_calendar_daytype/quality_weighted,decomp_poisson_calendar_mean/exclude_outage_severe,0.965788737483077,0.9913694706825174,0,1
decomp_poisson_calendar_daytype/exclude_outage_severe,decomp_poisson_calendar_vessel_daytype/exclude_outage_severe,0.9662672953095465,0.9914758270317308,0,0
poisson_direct_calendar/exclude_outage_severe,poisson_direct_calendar_vessel/exclude_outage_severe,0.9595957146787036,0.9915986958857412,0,0
poisson_direct_calendar/quality_weighted,poisson_direct_calendar_vessel/quality_weighted,0.9527311477236307,0.9918117782823398,0,0
decomp_poisson_calendar_vessel_daytype/exclude_outage_severe,poisson_direct_calendar_vessel/exclude_outage_severe,0.9607847934068293,0.9918215668764295,1,0
decomp_poisson_calendar_vessel_daytype/exclude_outage_severe,decomp_poisson_calendar_vessel_mean/quality_weighted,0.9594345490945996,0.9918323303186344,1,0
decomp_poisson_calendar_vessel_daytype/all,poisson_direct_calendar/all,0.9081700566909039,0.9919012665963483,0,0
poisson_direct_calendar_vessel/exclude_outage_severe,poisson_direct_calendar_vessel/quality_weighted,0.9625172318274238,0.9919624507658936,0,0
decomp_poisson_calendar_mean/quality_weighted,poisson_direct_calendar_vessel/exclude_outage_severe,0.9631347130641591,0.9919812419981956,0,0
decomp_ridge_calendar_daytype/quality_weighted,decomp_ridge_calendar_mean/exclude_outage_severe,0.963386184131471,0.9920345211732563,0,0
decomp_poisson_calendar_vessel_daytype/quality_weighted,decomp_poisson_calendar_vessel_mean/exclude_outage_severe,0.9601648305737197,0.9920688987965797,0,0
decomp_poisson_calendar_mean/quality_weighted,poisson_direct_calendar/exclude_outage_severe,0.964404425447746,0.9921119845351875,0,0
decomp_poisson_calendar_daytype/exclude_outage_severe,decomp_poisson_calendar_mean/quality_weighted,0.9691033232001981,0.992227221947277,1,0
decomp_poisson_calendar_mean/quality_weighted,decomp_poisson_calendar_vessel_mean/exclude_outage_severe,0.9651504905348535,0.9924121145686845,0,0
decomp_poisson_calendar_vessel_mean/quality_weighted,poisson_direct_calendar_vessel/quality_weighted,0.9592032770270318,0.9925669914637525,0,0
decomp_poisson_calendar_daytype/quality_weighted,decomp_poisson_calendar_vessel_daytype/exclude_outage_severe,0.9675315088944781,0.9926659966972292,0,0
decomp_ridge_calendar_vessel_daytype/exclude_outage_severe,decomp_ridge_calendar_vessel_mean/quality_weighted,0.9448851422609416,0.9928144246983666,0,0
decomp_poisson_calendar_daytype/all,poisson_direct_calendar/all,0.9110892754844551,0.992825628407948,0,0
decomp_poisson_calendar_daytype/quality_weighted,decomp_poisson_calendar_mean/quality_weighted,0.9694094805654377,0.9929582321403848,1,0
decomp_poisson_calendar_daytype/all,poisson_direct_calendar_vessel/all,0.9160345354650238,0.9930408354891601,0,0
decomp_mean_mean/exclude_outage_severe,hour_mean/quality_weighted,0.9917506001077491,0.9930432003407723,1,0
decomp_ridge_calendar_vessel_daytype/quality_weighted,decomp_ridge_calendar_vessel_mean/exclude_outage_severe,0.9452467395691793,0.9930645831035376,0,0
decomp_mean_daytype_shrunk/exclude_outage_severe,decomp_mean_daytype_shrunk/quality_weighted,0.9923034179136828,0.9932396102904042,0,2
decomp_poisson_calendar_daytype/all,decomp_poisson_calendar_vessel_mean/all,0.9218452545221951,0.9932933617815022,0,0
decomp_poisson_calendar_mean/all,decomp_poisson_calendar_vessel_daytype/all,0.9243301526129761,0.9933036022144677,0,0
decomp_ridge_calendar_mean/all,decomp_ridge_calendar_vessel_daytype/all,0.8694227822813454,0.993501061845142,0,0
decomp_poisson_calendar_vessel_daytype/quality_weighted,decomp_poisson_calendar_vessel_mean/quality_weighted,0.965846344558936,0.9935698051185111,0,0
decomp_poisson_calendar_vessel_daytype/all,poisson_direct_calendar_vessel/all,0.9274259253172542,0.993582493579435,0,0
decomp_poisson_calendar_daytype/all,decomp_poisson_calendar_mean/all,0.9228424358385845,0.9935986769351444,0,0
decomp_ridge_calendar_daytype/all,decomp_ridge_calendar_vessel_mean/all,0.8693531681045314,0.9936183894198908,0,0
decomp_poisson_calendar_vessel_daytype/exclude_outage_severe,decomp_poisson_calendar_vessel_mean/exclude_outage_severe,0.9694625306431556,0.9936815046586366,1,0
decomp_ridge_calendar_daytype/exclude_outage_severe,decomp_ridge_calendar_daytype/quality_weighted,0.9734732465999627,0.9938255128204363,0,0
decomp_mean_mean/exclude_outage_severe,decomp_mean_mean/quality_weighted,0.9928606996099301,0.9938572228375462,1,0
decomp_mean_mean/exclude_outage_severe,hour_mean/exclude_outage_severe,0.9927089468494623,0.9938803778136492,0,0
decomp_mean_mean/quality_weighted,hour_mean/exclude_outage_severe,0.993040816196403,0.9940009776027425,0,1
decomp_poisson_calendar_vessel_daytype/all,decomp_poisson_calendar_vessel_mean/all,0.9336822718713298,0.994055732504053,0,0
ridge_direct_calendar/all,ridge_direct_calendar_vessel/all,0.9630440460988161,0.9941055020756425,0,0
decomp_ridge_calendar_mean/exclude_outage_severe,decomp_ridge_calendar_mean/quality_weighted,0.9744458082636773,0.9943603305355858,0,0
decomp_poisson_calendar_daytype/exclude_outage_severe,decomp_poisson_calendar_mean/exclude_outage_severe,0.9782772096491845,0.9943798882146413,0,1
decomp_poisson_calendar_vessel_mean/all,poisson_direct_calendar/all,0.9344037541866124,0.9944402282049557,0,0
decomp_poisson_calendar_vessel_daytype/exclude_outage_severe,decomp_poisson_calendar_vessel_daytype/quality_weighted,0.9735179998836035,0.9945213367546629,1,0
decomp_ridge_calendar_daytype/all,decomp_ridge_calendar_vessel_daytype/all,0.8911442026540938,0.9945270408608451,0,0
hour_mean/exclude_outage_severe,hour_mean/quality_weighted,0.9935432761625909,0.9946122499417857,1,0
decomp_ridge_calendar_vessel_daytype/exclude_outage_severe,decomp_ridge_calendar_vessel_mean/exclude_outage_severe,0.9590365217289057,0.9946142509466971,0,0
decomp_ridge_calendar_daytype/exclude_outage_severe,decomp_ridge_calendar_mean/exclude_outage_severe,0.9773603128809198,0.9948808075611588,0,0
decomp_ridge_calendar_mean/all,decomp_ridge_calendar_vessel_mean/all,0.8983100534676413,0.9948999348290035,0,0
decomp_ridge_calendar_daytype/quality_weighted,decomp_ridge_calendar_mean/quality_weighted,0.9732920067574706,0.9950437676347794,0,0
decomp_poisson_calendar_vessel_mean/exclude_outage_severe,decomp_poisson_calendar_vessel_mean/quality_weighted,0.9749420566207369,0.9950538583484521,0,0
decomp_poisson_calendar_vessel_mean/quality_weighted,poisson_direct_calendar_vessel/exclude_outage_severe,0.9756975255398711,0.9950670282572426,0,0
decomp_poisson_calendar_daytype/exclude_outage_severe,decomp_poisson_calendar_daytype/quality_weighted,0.9806855053884475,0.995095123008327,0,0
decomp_ridge_calendar_vessel_mean/exclude_outage_severe,decomp_ridge_calendar_vessel_mean/quality_weighted,0.9624509250129852,0.9952175985083671,0,0
decomp_ridge_calendar_vessel_daytype/exclude_outage_severe,decomp_ridge_calendar_vessel_daytype/quality_weighted,0.9639659445880502,0.9952761052731796,0,0
poisson_direct_calendar/exclude_outage_severe,poisson_direct_calendar/quality_weighted,0.9778756515331573,0.9954382295222065,0,0
decomp_poisson_calendar_mean/exclude_outage_severe,decomp_poisson_calendar_mean/quality_weighted,0.983179592254302,0.9955615432951468,2,0
decomp_poisson_calendar_vessel_mean/exclude_outage_severe,poisson_direct_calendar_vessel/exclude_outage_severe,0.9792522956565635,0.9957456870862121,0,0
decomp_poisson_calendar_mean/all,poisson_direct_calendar/all,0.9442403137842268,0.995763196828222,0,0
decomp_ridge_calendar_vessel_daytype/quality_weighted,decomp_ridge_calendar_vessel_mean/quality_weighted,0.9660512831264506,0.9957970673919025,0,0
decomp_poisson_calendar_mean/all,poisson_direct_calendar_vessel/all,0.9518194701858534,0.9961693834721098,0,0
decomp_mean_mean/quality_weighted,hour_mean/quality_weighted,0.9956845603443567,0.9962130154480985,0,0
decomp_ridge_calendar_daytype/all,decomp_ridge_calendar_mean/all,0.9071889731635282,0.996433494463657,0,0
poisson_direct_calendar/all,poisson_direct_calendar_vessel/all,0.9548703599312572,0.9964389655579979,0,0
decomp_poisson_calendar_vessel_mean/all,poisson_direct_calendar_vessel/all,0.9589352415469201,0.9965166064491646,0,0
decomp_ridge_calendar_vessel_daytype/all,decomp_ridge_calendar_vessel_mean/all,0.9382984645316661,0.9966911422587373,0,0
decomp_poisson_calendar_mean/all,decomp_poisson_calendar_vessel_mean/all,0.9647396067388995,0.9969930413593024,0,0
decomp_ewm7_daytype_shrunk/exclude_outage_severe,decomp_ewm7_daytype_shrunk/quality_weighted,0.9965405255583472,0.997390679114511,0,1
decomp_poisson_calendar_daytype/all,decomp_poisson_calendar_vessel_daytype/all,0.9754694683476206,0.9977722202179747,0,0
