evaluation_id,evaluation_type,method,deployable,task_key,n_scored_rows,actual_total,predicted_total,sse_float,sse_rounded,mse_rounded,mae_rounded,mean_bias_rounded,zero_true_rate,zero_prediction_rate
fold_01,rolling_7d,pair_global_mean,True,core->near,168,187.0,168.0,399.5155722063689,401.0,2.386904761904762,1.1607142857142858,-0.1130952380952381,0.5238095238095238,0.0
fold_01,rolling_7d,pair_global_mean,True,core->outer,168,35.0,0.0,49.70846098632727,57.0,0.3392857142857143,0.20833333333333334,-0.20833333333333334,0.8452380952380952,1.0
fold_01,rolling_7d,pair_global_mean,True,near->core,168,180.0,168.0,293.32774286164454,294.0,1.75,0.9880952380952381,-0.07142857142857142,0.4583333333333333,0.0
fold_01,rolling_7d,pair_global_mean,True,near->outer,168,59.0,0.0,124.28310078605065,145.0,0.8630952380952381,0.35119047619047616,-0.35119047619047616,0.7916666666666666,1.0
fold_01,rolling_7d,pair_global_mean,True,outer->core,168,33.0,0.0,44.65977486388543,51.0,0.30357142857142855,0.19642857142857142,-0.19642857142857142,0.8571428571428571,1.0
fold_01,rolling_7d,pair_global_mean,True,outer->near,168,65.0,0.0,91.97659354703174,117.0,0.6964285714285714,0.3869047619047619,-0.3869047619047619,0.7261904761904762,1.0
fold_01,rolling_7d,pair_hour_mean,True,core->near,168,187.0,196.0,329.3211111111111,351.0,2.0892857142857144,1.0535714285714286,0.05357142857142857,0.5238095238095238,0.25
fold_01,rolling_7d,pair_hour_mean,True,core->outer,168,35.0,21.0,44.05197530864197,52.0,0.30952380952380953,0.25,-0.08333333333333333,0.8452380952380952,0.875
fold_01,rolling_7d,pair_hour_mean,True,near->core,168,180.0,175.0,301.981975308642,295.0,1.755952380952381,0.9821428571428571,-0.02976190476190476,0.4583333333333333,0.20833333333333334
fold_01,rolling_7d,pair_hour_mean,True,near->outer,168,59.0,49.0,121.06308641975309,124.0,0.7380952380952381,0.42857142857142855,-0.05952380952380952,0.7916666666666666,0.7083333333333334
fold_01,rolling_7d,pair_hour_mean,True,outer->core,168,33.0,7.0,47.625679012345685,52.0,0.30952380952380953,0.21428571428571427,-0.15476190476190477,0.8571428571428571,0.9583333333333334
fold_01,rolling_7d,pair_hour_mean,True,outer->near,168,65.0,56.0,93.87,103.0,0.6130952380952381,0.44642857142857145,-0.05357142857142857,0.7261904761904762,0.6666666666666666
fold_01,rolling_7d,pair_recent7_hour,True,core->near,168,187.0,168.0,343.0,377.0,2.244047619047619,1.0535714285714286,-0.1130952380952381,0.5238095238095238,0.25
fold_01,rolling_7d,pair_recent7_hour,True,core->outer,168,35.0,21.0,45.714285714285715,52.0,0.30952380952380953,0.25,-0.08333333333333333,0.8452380952380952,0.875
fold_01,rolling_7d,pair_recent7_hour,True,near->core,168,180.0,168.0,305.0,318.0,1.8928571428571428,0.9880952380952381,-0.07142857142857142,0.4583333333333333,0.25
fold_01,rolling_7d,pair_recent7_hour,True,near->outer,168,59.0,35.0,119.92063492063491,134.0,0.7976190476190477,0.42857142857142855,-0.14285714285714285,0.7916666666666666,0.7916666666666666
fold_01,rolling_7d,pair_recent7_hour,True,outer->core,168,33.0,14.0,52.20634920634921,57.0,0.3392857142857143,0.24404761904761904,-0.1130952380952381,0.8571428571428571,0.9166666666666666
fold_01,rolling_7d,pair_recent7_hour,True,outer->near,168,65.0,63.0,99.0,114.0,0.6785714285714286,0.47619047619047616,-0.011904761904761904,0.7261904761904762,0.6666666666666666
fold_01,rolling_7d,pair_recent14_hour,True,core->near,168,187.0,196.0,329.3211111111111,351.0,2.0892857142857144,1.0535714285714286,0.05357142857142857,0.5238095238095238,0.25
fold_01,rolling_7d,pair_recent14_hour,True,core->outer,168,35.0,21.0,44.05197530864197,52.0,0.30952380952380953,0.25,-0.08333333333333333,0.8452380952380952,0.875
fold_01,rolling_7d,pair_recent14_hour,True,near->core,168,180.0,175.0,301.981975308642,295.0,1.755952380952381,0.9821428571428571,-0.02976190476190476,0.4583333333333333,0.20833333333333334
fold_01,rolling_7d,pair_recent14_hour,True,near->outer,168,59.0,49.0,121.06308641975309,124.0,0.7380952380952381,0.42857142857142855,-0.05952380952380952,0.7916666666666666,0.7083333333333334
fold_01,rolling_7d,pair_recent14_hour,True,outer->core,168,33.0,7.0,47.625679012345685,52.0,0.30952380952380953,0.21428571428571427,-0.15476190476190477,0.8571428571428571,0.9583333333333334
fold_01,rolling_7d,pair_recent14_hour,True,outer->near,168,65.0,56.0,93.87,103.0,0.6130952380952381,0.44642857142857145,-0.05357142857142857,0.7261904761904762,0.6666666666666666
fold_01,rolling_7d,pair_hour_mean_x085,True,core->near,168,187.0,154.0,334.3140027777778,357.0,2.125,1.005952380952381,-0.19642857142857142,0.5238095238095238,0.25
fold_01,rolling_7d,pair_hour_mean_x085,True,core->outer,168,35.0,21.0,43.81438549382716,52.0,0.30952380952380953,0.25,-0.08333333333333333,0.8452380952380952,0.875
fold_01,rolling_7d,pair_hour_mean_x085,True,near->core,168,180.0,161.0,295.4424771604938,321.0,1.9107142857142858,0.9940476190476191,-0.1130952380952381,0.4583333333333333,0.20833333333333334
fold_01,rolling_7d,pair_hour_mean_x085,True,near->outer,168,59.0,49.0,119.54841327160494,124.0,0.7380952380952381,0.42857142857142855,-0.05952380952380952,0.7916666666666666,0.7083333333333334
fold_01,rolling_7d,pair_hour_mean_x085,True,outer->core,168,33.0,7.0,46.98105308641976,52.0,0.30952380952380953,0.21428571428571427,-0.15476190476190477,0.8571428571428571,0.9583333333333334
fold_01,rolling_7d,pair_hour_mean_x085,True,outer->near,168,65.0,56.0,90.547575,103.0,0.6130952380952381,0.44642857142857145,-0.05357142857142857,0.7261904761904762,0.6666666666666666
fold_01,rolling_7d,present_global_prob,True,core->near,168,187.0,168.0,403.1422045231851,401.0,2.386904761904762,1.1607142857142858,-0.1130952380952381,0.5238095238095238,0.0
fold_01,rolling_7d,present_global_prob,True,core->outer,168,35.0,0.0,49.98966037270874,57.0,0.3392857142857143,0.20833333333333334,-0.20833333333333334,0.8452380952380952,1.0
fold_01,rolling_7d,present_global_prob,True,near->core,168,180.0,168.0,286.218364674568,294.0,1.75,0.9880952380952381,-0.07142857142857142,0.4583333333333333,0.0
fold_01,rolling_7d,present_global_prob,True,near->outer,168,59.0,0.0,122.81940615592816,145.0,0.8630952380952381,0.35119047619047616,-0.35119047619047616,0.7916666666666666,1.0
fold_01,rolling_7d,present_global_prob,True,outer->core,168,33.0,0.0,43.894026198764294,51.0,0.30357142857142855,0.19642857142857142,-0.19642857142857142,0.8571428571428571,1.0
fold_01,rolling_7d,present_global_prob,True,outer->near,168,65.0,21.0,90.88789307486513,120.0,0.7142857142857143,0.42857142857142855,-0.2619047619047619,0.7261904761904762,0.875
fold_01,rolling_7d,present_hour_prob_raw,True,core->near,168,187.0,196.0,329.36504740017233,351.0,2.0892857142857144,1.0535714285714286,0.05357142857142857,0.5238095238095238,0.25
fold_01,rolling_7d,present_hour_prob_raw,True,core->outer,168,35.0,21.0,44.058468830795746,52.0,0.30952380952380953,0.25,-0.08333333333333333,0.8452380952380952,0.875
fold_01,rolling_7d,present_hour_prob_raw,True,near->core,168,180.0,175.0,301.99928819444443,295.0,1.755952380952381,0.9821428571428571,-0.02976190476190476,0.4583333333333333,0.20833333333333334
fold_01,rolling_7d,present_hour_prob_raw,True,near->outer,168,59.0,49.0,121.00527777777778,124.0,0.7380952380952381,0.42857142857142855,-0.05952380952380952,0.7916666666666666,0.7083333333333334
fold_01,rolling_7d,present_hour_prob_raw,True,outer->core,168,33.0,7.0,47.641570247933885,52.0,0.30952380952380953,0.21428571428571427,-0.15476190476190477,0.8571428571428571,0.9583333333333334
fold_01,rolling_7d,present_hour_prob_raw,True,outer->near,168,65.0,56.0,93.87,103.0,0.6130952380952381,0.44642857142857145,-0.05357142857142857,0.7261904761904762,0.6666666666666666
fold_01,rolling_7d,present_hour_prob_shrunk20,True,core->near,168,187.0,196.0,327.5056693203877,353.0,2.1011904761904763,1.0654761904761905,0.05357142857142857,0.5238095238095238,0.20833333333333334
fold_01,rolling_7d,present_hour_prob_shrunk20,True,core->outer,168,35.0,21.0,43.622132563251164,52.0,0.30952380952380953,0.25,-0.08333333333333333,0.8452380952380952,0.875
fold_01,rolling_7d,present_hour_prob_shrunk20,True,near->core,168,180.0,182.0,297.5838006240241,316.0,1.880952380952381,1.0238095238095237,0.011904761904761904,0.4583333333333333,0.125
fold_01,rolling_7d,present_hour_prob_shrunk20,True,near->outer,168,59.0,49.0,120.01227782024247,124.0,0.7380952380952381,0.42857142857142855,-0.05952380952380952,0.7916666666666666,0.7083333333333334
fold_01,rolling_7d,present_hour_prob_shrunk20,True,outer->core,168,33.0,7.0,45.94060496378829,52.0,0.30952380952380953,0.21428571428571427,-0.15476190476190477,0.8571428571428571,0.9583333333333334
fold_01,rolling_7d,present_hour_prob_shrunk20,True,outer->near,168,65.0,56.0,89.2422410876962,103.0,0.6130952380952381,0.44642857142857145,-0.05357142857142857,0.7261904761904762,0.6666666666666666
fold_01,rolling_7d,present_recent7_stock_shrunk20,True,core->near,168,187.0,203.0,325.23826702015833,354.0,2.107142857142857,1.0714285714285714,0.09523809523809523,0.5238095238095238,0.20833333333333334
fold_01,rolling_7d,present_recent7_stock_shrunk20,True,core->outer,168,35.0,21.0,43.42254837256721,52.0,0.30952380952380953,0.25,-0.08333333333333333,0.8452380952380952,0.875
fold_01,rolling_7d,present_recent7_stock_shrunk20,True,near->core,168,180.0,182.0,300.2178905038646,316.0,1.880952380952381,1.0238095238095237,0.011904761904761904,0.4583333333333333,0.125
fold_01,rolling_7d,present_recent7_stock_shrunk20,True,near->outer,168,59.0,56.0,119.87849417558029,127.0,0.7559523809523809,0.44642857142857145,-0.017857142857142856,0.7916666666666666,0.6666666666666666
fold_01,rolling_7d,present_recent7_stock_shrunk20,True,outer->core,168,33.0,7.0,46.143942740927486,52.0,0.30952380952380953,0.21428571428571427,-0.15476190476190477,0.8571428571428571,0.9583333333333334
fold_01,rolling_7d,present_recent7_stock_shrunk20,True,outer->near,168,65.0,56.0,89.10229655346367,103.0,0.6130952380952381,0.44642857142857145,-0.05357142857142857,0.7261904761904762,0.6666666666666666
fold_01,rolling_7d,linkable_global_prob,True,core->near,168,187.0,168.0,403.1422045231851,401.0,2.386904761904762,1.1607142857142858,-0.1130952380952381,0.5238095238095238,0.0
fold_01,rolling_7d,linkable_global_prob,True,core->outer,168,35.0,0.0,49.98966037270874,57.0,0.3392857142857143,0.20833333333333334,-0.20833333333333334,0.8452380952380952,1.0
fold_01,rolling_7d,linkable_global_prob,True,near->core,168,180.0,168.0,286.2183646745681,294.0,1.75,0.9880952380952381,-0.07142857142857142,0.4583333333333333,0.0
fold_01,rolling_7d,linkable_global_prob,True,near->outer,168,59.0,0.0,122.81940615592816,145.0,0.8630952380952381,0.35119047619047616,-0.35119047619047616,0.7916666666666666,1.0
fold_01,rolling_7d,linkable_global_prob,True,outer->core,168,33.0,0.0,43.894026198764294,51.0,0.30357142857142855,0.19642857142857142,-0.19642857142857142,0.8571428571428571,1.0
fold_01,rolling_7d,linkable_global_prob,True,outer->near,168,65.0,21.0,90.88789307486513,120.0,0.7142857142857143,0.42857142857142855,-0.2619047619047619,0.7261904761904762,0.875
fold_01,rolling_7d,linkable_hour_prob_raw,True,core->near,168,187.0,203.0,329.36504740017233,354.0,2.107142857142857,1.0714285714285714,0.09523809523809523,0.5238095238095238,0.20833333333333334
fold_01,rolling_7d,linkable_hour_prob_raw,True,core->outer,168,35.0,21.0,44.058468830795746,52.0,0.30952380952380953,0.25,-0.08333333333333333,0.8452380952380952,0.875
fold_01,rolling_7d,linkable_hour_prob_raw,True,near->core,168,180.0,175.0,301.99928819444443,295.0,1.755952380952381,0.9821428571428571,-0.02976190476190476,0.4583333333333333,0.20833333333333334
fold_01,rolling_7d,linkable_hour_prob_raw,True,near->outer,168,59.0,49.0,121.00527777777779,124.0,0.7380952380952381,0.42857142857142855,-0.05952380952380952,0.7916666666666666,0.7083333333333334
fold_01,rolling_7d,linkable_hour_prob_raw,True,outer->core,168,33.0,7.0,47.641570247933885,52.0,0.30952380952380953,0.21428571428571427,-0.15476190476190477,0.8571428571428571,0.9583333333333334
fold_01,rolling_7d,linkable_hour_prob_raw,True,outer->near,168,65.0,56.0,93.87,103.0,0.6130952380952381,0.44642857142857145,-0.05357142857142857,0.7261904761904762,0.6666666666666666
fold_01,rolling_7d,linkable_hour_prob_shrunk20,True,core->near,168,187.0,196.0,327.50556931641427,353.0,2.1011904761904763,1.0654761904761905,0.05357142857142857,0.5238095238095238,0.20833333333333334
fold_01,rolling_7d,linkable_hour_prob_shrunk20,True,core->outer,168,35.0,21.0,43.621247859662205,52.0,0.30952380952380953,0.25,-0.08333333333333333,0.8452380952380952,0.875
fold_01,rolling_7d,linkable_hour_prob_shrunk20,True,near->core,168,180.0,182.0,297.52726220532827,316.0,1.880952380952381,1.0238095238095237,0.011904761904761904,0.4583333333333333,0.125
fold_01,rolling_7d,linkable_hour_prob_shrunk20,True,near->outer,168,59.0,49.0,120.00012602237635,124.0,0.7380952380952381,0.42857142857142855,-0.05952380952380952,0.7916666666666666,0.7083333333333334
fold_01,rolling_7d,linkable_hour_prob_shrunk20,True,outer->core,168,33.0,7.0,45.88379761084635,52.0,0.30952380952380953,0.21428571428571427,-0.15476190476190477,0.8571428571428571,0.9583333333333334
fold_01,rolling_7d,linkable_hour_prob_shrunk20,True,outer->near,168,65.0,56.0,89.11426364896789,103.0,0.6130952380952381,0.44642857142857145,-0.05357142857142857,0.7261904761904762,0.6666666666666666
fold_01,rolling_7d,linkable_recent7_stock_shrunk20,True,core->near,168,187.0,203.0,325.23928341114504,354.0,2.107142857142857,1.0714285714285714,0.09523809523809523,0.5238095238095238,0.20833333333333334
fold_01,rolling_7d,linkable_recent7_stock_shrunk20,True,core->outer,168,35.0,21.0,43.421850149914064,52.0,0.30952380952380953,0.25,-0.08333333333333333,0.8452380952380952,0.875
fold_01,rolling_7d,linkable_recent7_stock_shrunk20,True,near->core,168,180.0,182.0,300.1596684276557,316.0,1.880952380952381,1.0238095238095237,0.011904761904761904,0.4583333333333333,0.125
fold_01,rolling_7d,linkable_recent7_stock_shrunk20,True,near->outer,168,59.0,56.0,119.86584584545798,127.0,0.7559523809523809,0.44642857142857145,-0.017857142857142856,0.7916666666666666,0.6666666666666666
fold_01,rolling_7d,linkable_recent7_stock_shrunk20,True,outer->core,168,33.0,0.0,46.081621774384374,51.0,0.30357142857142855,0.19642857142857142,-0.19642857142857142,0.8571428571428571,1.0
fold_01,rolling_7d,linkable_recent7_stock_shrunk20,True,outer->near,168,65.0,56.0,88.95213270309745,103.0,0.6130952380952381,0.44642857142857145,-0.05357142857142857,0.7261904761904762,0.6666666666666666
fold_01,rolling_7d,linkable_hour_prob_shrunk20_vessel_p05,True,core->near,168,187.0,186.0,330.27665198282295,357.0,2.125,1.0535714285714286,-0.005952380952380952,0.5238095238095238,0.20833333333333334
fold_01,rolling_7d,linkable_hour_prob_shrunk20_vessel_p05,True,core->outer,168,35.0,17.0,43.1241546419848,48.0,0.2857142857142857,0.2261904761904762,-0.10714285714285714,0.8452380952380952,0.8988095238095238
fold_01,rolling_7d,linkable_hour_prob_shrunk20_vessel_p05,True,near->core,168,180.0,180.0,296.8292296515062,318.0,1.8928571428571428,1.0238095238095237,0.0,0.4583333333333333,0.13690476190476192
fold_01,rolling_7d,linkable_hour_prob_shrunk20_vessel_p05,True,near->outer,168,59.0,49.0,119.1059135320463,124.0,0.7380952380952381,0.42857142857142855,-0.05952380952380952,0.7916666666666666,0.7083333333333334
fold_01,rolling_7d,linkable_hour_prob_shrunk20_vessel_p05,True,outer->core,168,33.0,2.0,45.78328284836866,53.0,0.31547619047619047,0.20833333333333334,-0.18452380952380953,0.8571428571428571,0.9880952380952381
fold_01,rolling_7d,linkable_hour_prob_shrunk20_vessel_p05,True,outer->near,168,65.0,56.0,88.26667009907369,103.0,0.6130952380952381,0.44642857142857145,-0.05357142857142857,0.7261904761904762,0.6666666666666666
fold_01,rolling_7d,oracle_present_hour_prob_shrunk20,False,core->near,168,187.0,153.0,279.66671391968725,302.0,1.7976190476190477,0.8809523809523809,-0.20238095238095238,0.5238095238095238,0.3333333333333333
fold_01,rolling_7d,oracle_present_hour_prob_shrunk20,False,core->outer,168,35.0,12.0,42.908710462076705,49.0,0.2916666666666667,0.22023809523809523,-0.13690476190476192,0.8452380952380952,0.9285714285714286
fold_01,rolling_7d,oracle_present_hour_prob_shrunk20,False,near->core,168,180.0,152.0,266.9040857484022,284.0,1.6904761904761905,0.8928571428571429,-0.16666666666666666,0.4583333333333333,0.24404761904761904
fold_01,rolling_7d,oracle_present_hour_prob_shrunk20,False,near->outer,168,59.0,40.0,112.03059755139985,111.0,0.6607142857142857,0.3630952380952381,-0.1130952380952381,0.7916666666666666,0.7619047619047619
fold_01,rolling_7d,oracle_present_hour_prob_shrunk20,False,outer->core,168,33.0,10.0,43.59887358991813,53.0,0.31547619047619047,0.22023809523809523,-0.13690476190476192,0.8571428571428571,0.9404761904761905
fold_01,rolling_7d,oracle_present_hour_prob_shrunk20,False,outer->near,168,65.0,54.0,78.44999269210096,95.0,0.5654761904761905,0.4107142857142857,-0.06547619047619048,0.7261904761904762,0.7083333333333334
fold_01,rolling_7d,oracle_linkable_hour_prob_shrunk20,False,core->near,168,187.0,152.0,279.55434123449317,301.0,1.7916666666666667,0.875,-0.20833333333333334,0.5238095238095238,0.3392857142857143
fold_01,rolling_7d,oracle_linkable_hour_prob_shrunk20,False,core->outer,168,35.0,12.0,42.84593137361901,49.0,0.2916666666666667,0.22023809523809523,-0.13690476190476192,0.8452380952380952,0.9285714285714286
fold_01,rolling_7d,oracle_linkable_hour_prob_shrunk20,False,near->core,168,180.0,144.0,267.5188802549859,284.0,1.6904761904761905,0.8809523809523809,-0.21428571428571427,0.4583333333333333,0.27976190476190477
fold_01,rolling_7d,oracle_linkable_hour_prob_shrunk20,False,near->outer,168,59.0,38.0,111.55397788645163,109.0,0.6488095238095238,0.35119047619047616,-0.125,0.7916666666666666,0.7738095238095238
fold_01,rolling_7d,oracle_linkable_hour_prob_shrunk20,False,outer->core,168,33.0,9.0,43.4811513744302,52.0,0.30952380952380953,0.21428571428571427,-0.14285714285714285,0.8571428571428571,0.9464285714285714
fold_01,rolling_7d,oracle_linkable_hour_prob_shrunk20,False,outer->near,168,65.0,50.0,74.13540277354107,89.0,0.5297619047619048,0.39880952380952384,-0.08928571428571429,0.7261904761904762,0.7261904761904762
fold_02,rolling_7d,pair_global_mean,True,core->near,168,192.0,168.0,412.03784932556493,414.0,2.4642857142857144,1.2142857142857142,-0.14285714285714285,0.5357142857142857,0.0
fold_02,rolling_7d,pair_global_mean,True,core->outer,168,33.0,0.0,46.563590625858396,53.0,0.31547619047619047,0.19642857142857142,-0.19642857142857142,0.8511904761904762,1.0
fold_02,rolling_7d,pair_global_mean,True,near->core,168,184.0,168.0,294.5357602394136,296.0,1.7619047619047619,1.0238095238095237,-0.09523809523809523,0.4642857142857143,0.0
fold_02,rolling_7d,pair_global_mean,True,near->outer,168,57.0,0.0,117.77196431927598,137.0,0.8154761904761905,0.3392857142857143,-0.3392857142857143,0.7916666666666666,1.0
fold_02,rolling_7d,pair_global_mean,True,outer->core,168,32.0,0.0,43.94549581459903,50.0,0.2976190476190476,0.19047619047619047,-0.19047619047619047,0.8630952380952381,1.0
fold_02,rolling_7d,pair_global_mean,True,outer->near,168,63.0,0.0,81.7469531148347,105.0,0.625,0.375,-0.375,0.7202380952380952,1.0
fold_02,rolling_7d,pair_hour_mean,True,core->near,168,192.0,196.0,341.26966942148755,362.0,2.1547619047619047,1.1071428571428572,0.023809523809523808,0.5357142857142857,0.20833333333333334
fold_02,rolling_7d,pair_hour_mean,True,core->outer,168,33.0,21.0,41.09148760330578,50.0,0.2976190476190476,0.23809523809523808,-0.07142857142857142,0.8511904761904762,0.875
fold_02,rolling_7d,pair_hour_mean,True,near->core,168,184.0,175.0,291.13950413223137,323.0,1.9226190476190477,1.0416666666666667,-0.05357142857142857,0.4642857142857143,0.20833333333333334
fold_02,rolling_7d,pair_hour_mean,True,near->outer,168,57.0,56.0,107.05685950413223,111.0,0.6607142857142857,0.39880952380952384,-0.005952380952380952,0.7916666666666666,0.6666666666666666
fold_02,rolling_7d,pair_hour_mean,True,outer->core,168,32.0,7.0,46.34611570247934,51.0,0.30357142857142855,0.20833333333333334,-0.1488095238095238,0.8630952380952381,0.9583333333333334
fold_02,rolling_7d,pair_hour_mean,True,outer->near,168,63.0,63.0,88.6898347107438,100.0,0.5952380952380952,0.4523809523809524,0.0,0.7202380952380952,0.625
fold_02,rolling_7d,pair_recent7_hour,True,core->near,168,192.0,175.0,359.00396825396825,387.0,2.3035714285714284,1.1488095238095237,-0.10119047619047619,0.5357142857142857,0.20833333333333334
fold_02,rolling_7d,pair_recent7_hour,True,core->outer,168,33.0,21.0,43.42857142857143,50.0,0.2976190476190476,0.23809523809523808,-0.07142857142857142,0.8511904761904762,0.875
fold_02,rolling_7d,pair_recent7_hour,True,near->core,168,184.0,168.0,298.5714285714286,322.0,1.9166666666666667,1.0119047619047619,-0.09523809523809523,0.4642857142857143,0.25
fold_02,rolling_7d,pair_recent7_hour,True,near->outer,168,57.0,56.0,111.73015873015875,117.0,0.6964285714285714,0.4226190476190476,-0.005952380952380952,0.7916666666666666,0.6666666666666666
fold_02,rolling_7d,pair_recent7_hour,True,outer->core,168,32.0,14.0,51.2063492063492,56.0,0.3333333333333333,0.23809523809523808,-0.10714285714285714,0.8630952380952381,0.9166666666666666
fold_02,rolling_7d,pair_recent7_hour,True,outer->near,168,63.0,63.0,88.0515873015873,100.0,0.5952380952380952,0.4523809523809524,0.0,0.7202380952380952,0.625
fold_02,rolling_7d,pair_recent14_hour,True,core->near,168,192.0,196.0,341.26966942148755,362.0,2.1547619047619047,1.1071428571428572,0.023809523809523808,0.5357142857142857,0.20833333333333334
fold_02,rolling_7d,pair_recent14_hour,True,core->outer,168,33.0,21.0,41.09148760330578,50.0,0.2976190476190476,0.23809523809523808,-0.07142857142857142,0.8511904761904762,0.875
fold_02,rolling_7d,pair_recent14_hour,True,near->core,168,184.0,175.0,291.13950413223137,323.0,1.9226190476190477,1.0416666666666667,-0.05357142857142857,0.4642857142857143,0.20833333333333334
fold_02,rolling_7d,pair_recent14_hour,True,near->outer,168,57.0,56.0,107.05685950413223,111.0,0.6607142857142857,0.39880952380952384,-0.005952380952380952,0.7916666666666666,0.6666666666666666
fold_02,rolling_7d,pair_recent14_hour,True,outer->core,168,32.0,7.0,46.34611570247934,51.0,0.30357142857142855,0.20833333333333334,-0.1488095238095238,0.8630952380952381,0.9583333333333334
fold_02,rolling_7d,pair_recent14_hour,True,outer->near,168,63.0,63.0,88.6898347107438,100.0,0.5952380952380952,0.4523809523809524,0.0,0.7202380952380952,0.625
fold_02,rolling_7d,pair_hour_mean_x085,True,core->near,168,192.0,154.0,348.1099725206612,390.0,2.3214285714285716,1.0833333333333333,-0.2261904761904762,0.5357142857142857,0.25
fold_02,rolling_7d,pair_hour_mean_x085,True,core->outer,168,33.0,14.0,40.75191797520661,45.0,0.26785714285714285,0.20833333333333334,-0.1130952380952381,0.8511904761904762,0.9166666666666666
fold_02,rolling_7d,pair_hour_mean_x085,True,near->core,168,184.0,161.0,287.75265537190086,309.0,1.8392857142857142,1.005952380952381,-0.13690476190476192,0.4642857142857143,0.20833333333333334
fold_02,rolling_7d,pair_hour_mean_x085,True,near->outer,168,57.0,35.0,106.72853553719008,130.0,0.7738095238095238,0.36904761904761907,-0.13095238095238096,0.7916666666666666,0.7916666666666666
fold_02,rolling_7d,pair_hour_mean_x085,True,outer->core,168,32.0,0.0,45.73734132231405,50.0,0.2976190476190476,0.19047619047619047,-0.19047619047619047,0.8630952380952381,1.0
fold_02,rolling_7d,pair_hour_mean_x085,True,outer->near,168,63.0,49.0,84.10545103305786,90.0,0.5357142857142857,0.39285714285714285,-0.08333333333333333,0.7202380952380952,0.7083333333333334
fold_02,rolling_7d,present_global_prob,True,core->near,168,192.0,168.0,416.1827632851493,414.0,2.4642857142857144,1.2142857142857142,-0.14285714285714285,0.5357142857142857,0.0
fold_02,rolling_7d,present_global_prob,True,core->outer,168,33.0,0.0,46.77861216774467,53.0,0.31547619047619047,0.19642857142857142,-0.19642857142857142,0.8511904761904762,1.0
fold_02,rolling_7d,present_global_prob,True,near->core,168,184.0,168.0,287.8011973780675,296.0,1.7619047619047619,1.0238095238095237,-0.09523809523809523,0.4642857142857143,0.0
fold_02,rolling_7d,present_global_prob,True,near->outer,168,57.0,0.0,116.36261938858695,137.0,0.8154761904761905,0.3392857142857143,-0.3392857142857143,0.7916666666666666,1.0
fold_02,rolling_7d,present_global_prob,True,outer->core,168,32.0,0.0,43.13329196402553,50.0,0.2976190476190476,0.19047619047619047,-0.19047619047619047,0.8630952380952381,1.0
fold_02,rolling_7d,present_global_prob,True,outer->near,168,63.0,28.0,81.31149147084963,111.0,0.6607142857142857,0.4226190476190476,-0.20833333333333334,0.7202380952380952,0.8333333333333334
fold_02,rolling_7d,present_hour_prob_raw,True,core->near,168,192.0,196.0,341.2567935659866,362.0,2.1547619047619047,1.1071428571428572,0.023809523809523808,0.5357142857142857,0.20833333333333334
fold_02,rolling_7d,present_hour_prob_raw,True,core->outer,168,33.0,21.0,41.08927677879649,50.0,0.2976190476190476,0.23809523809523808,-0.07142857142857142,0.8511904761904762,0.875
fold_02,rolling_7d,present_hour_prob_raw,True,near->core,168,184.0,175.0,291.21434503617354,323.0,1.9226190476190477,1.0416666666666667,-0.05357142857142857,0.4642857142857143,0.20833333333333334
fold_02,rolling_7d,present_hour_prob_raw,True,near->outer,168,57.0,56.0,107.00778936652848,111.0,0.6607142857142857,0.39880952380952384,-0.005952380952380952,0.7916666666666666,0.6666666666666666
fold_02,rolling_7d,present_hour_prob_raw,True,outer->core,168,32.0,7.0,46.33602644628099,51.0,0.30357142857142855,0.20833333333333334,-0.1488095238095238,0.8630952380952381,0.9583333333333334
fold_02,rolling_7d,present_hour_prob_raw,True,outer->near,168,63.0,63.0,88.68731239669421,100.0,0.5952380952380952,0.4523809523809524,0.0,0.7202380952380952,0.625
fold_02,rolling_7d,present_hour_prob_shrunk20,True,core->near,168,192.0,189.0,339.52663175584337,363.0,2.1607142857142856,1.0892857142857142,-0.017857142857142856,0.5357142857142857,0.20833333333333334
fold_02,rolling_7d,present_hour_prob_shrunk20,True,core->outer,168,33.0,14.0,40.66777134007983,45.0,0.26785714285714285,0.20833333333333334,-0.1130952380952381,0.8511904761904762,0.9166666666666666
fold_02,rolling_7d,present_hour_prob_shrunk20,True,near->core,168,184.0,168.0,288.17574958244313,304.0,1.8095238095238095,1.0119047619047619,-0.09523809523809523,0.4642857142857143,0.20833333333333334
fold_02,rolling_7d,present_hour_prob_shrunk20,True,near->outer,168,57.0,56.0,106.76554362457614,111.0,0.6607142857142857,0.39880952380952384,-0.005952380952380952,0.7916666666666666,0.6666666666666666
fold_02,rolling_7d,present_hour_prob_shrunk20,True,outer->core,168,32.0,0.0,45.051129089637215,50.0,0.2976190476190476,0.19047619047619047,-0.19047619047619047,0.8630952380952381,1.0
fold_02,rolling_7d,present_hour_prob_shrunk20,True,outer->near,168,63.0,63.0,83.6625231545494,100.0,0.5952380952380952,0.4523809523809524,0.0,0.7202380952380952,0.625
fold_02,rolling_7d,present_recent7_stock_shrunk20,True,core->near,168,192.0,182.0,337.1199362976188,364.0,2.1666666666666665,1.0952380952380953,-0.05952380952380952,0.5357142857142857,0.20833333333333334
fold_02,rolling_7d,present_recent7_stock_shrunk20,True,core->outer,168,33.0,14.0,40.64308700026091,45.0,0.26785714285714285,0.20833333333333334,-0.1130952380952381,0.8511904761904762,0.9166666666666666
fold_02,rolling_7d,present_recent7_stock_shrunk20,True,near->core,168,184.0,189.0,288.37040200455317,295.0,1.755952380952381,1.0297619047619047,0.02976190476190476,0.4642857142857143,0.08333333333333333
fold_02,rolling_7d,present_recent7_stock_shrunk20,True,near->outer,168,57.0,56.0,106.62787472514663,111.0,0.6607142857142857,0.39880952380952384,-0.005952380952380952,0.7916666666666666,0.6666666666666666
fold_02,rolling_7d,present_recent7_stock_shrunk20,True,outer->core,168,32.0,0.0,45.25791386486997,50.0,0.2976190476190476,0.19047619047619047,-0.19047619047619047,0.8630952380952381,1.0
fold_02,rolling_7d,present_recent7_stock_shrunk20,True,outer->near,168,63.0,63.0,84.22128113015705,100.0,0.5952380952380952,0.4523809523809524,0.0,0.7202380952380952,0.625
fold_02,rolling_7d,linkable_global_prob,True,core->near,168,192.0,168.0,416.18276328514924,414.0,2.4642857142857144,1.2142857142857142,-0.14285714285714285,0.5357142857142857,0.0
fold_02,rolling_7d,linkable_global_prob,True,core->outer,168,33.0,0.0,46.77861216774467,53.0,0.31547619047619047,0.19642857142857142,-0.19642857142857142,0.8511904761904762,1.0
fold_02,rolling_7d,linkable_global_prob,True,near->core,168,184.0,168.0,287.80119737806757,296.0,1.7619047619047619,1.0238095238095237,-0.09523809523809523,0.4642857142857143,0.0
fold_02,rolling_7d,linkable_global_prob,True,near->outer,168,57.0,0.0,116.36261938858695,137.0,0.8154761904761905,0.3392857142857143,-0.3392857142857143,0.7916666666666666,1.0
fold_02,rolling_7d,linkable_global_prob,True,outer->core,168,32.0,0.0,43.13329196402553,50.0,0.2976190476190476,0.19047619047619047,-0.19047619047619047,0.8630952380952381,1.0
fold_02,rolling_7d,linkable_global_prob,True,outer->near,168,63.0,28.0,81.31149147084963,111.0,0.6607142857142857,0.4226190476190476,-0.20833333333333334,0.7202380952380952,0.8333333333333334
fold_02,rolling_7d,linkable_hour_prob_raw,True,core->near,168,192.0,196.0,341.2567935659866,362.0,2.1547619047619047,1.1071428571428572,0.023809523809523808,0.5357142857142857,0.20833333333333334
fold_02,rolling_7d,linkable_hour_prob_raw,True,core->outer,168,33.0,21.0,41.08927677879649,50.0,0.2976190476190476,0.23809523809523808,-0.07142857142857142,0.8511904761904762,0.875
fold_02,rolling_7d,linkable_hour_prob_raw,True,near->core,168,184.0,175.0,291.2143450361736,323.0,1.9226190476190477,1.0416666666666667,-0.05357142857142857,0.4642857142857143,0.20833333333333334
fold_02,rolling_7d,linkable_hour_prob_raw,True,near->outer,168,57.0,56.0,107.0077893665285,111.0,0.6607142857142857,0.39880952380952384,-0.005952380952380952,0.7916666666666666,0.6666666666666666
fold_02,rolling_7d,linkable_hour_prob_raw,True,outer->core,168,32.0,7.0,46.33602644628099,51.0,0.30357142857142855,0.20833333333333334,-0.1488095238095238,0.8630952380952381,0.9583333333333334
fold_02,rolling_7d,linkable_hour_prob_raw,True,outer->near,168,63.0,63.0,88.68731239669421,100.0,0.5952380952380952,0.4523809523809524,0.0,0.7202380952380952,0.625
fold_02,rolling_7d,linkable_hour_prob_shrunk20,True,core->near,168,192.0,189.0,339.5260135794193,363.0,2.1607142857142856,1.0892857142857142,-0.017857142857142856,0.5357142857142857,0.20833333333333334
fold_02,rolling_7d,linkable_hour_prob_shrunk20,True,core->outer,168,33.0,14.0,40.66692070802027,45.0,0.26785714285714285,0.20833333333333334,-0.1130952380952381,0.8511904761904762,0.9166666666666666
fold_02,rolling_7d,linkable_hour_prob_shrunk20,True,near->core,168,184.0,168.0,288.13374927258786,304.0,1.8095238095238095,1.0119047619047619,-0.09523809523809523,0.4642857142857143,0.20833333333333334
fold_02,rolling_7d,linkable_hour_prob_shrunk20,True,near->outer,168,57.0,56.0,106.76288420014572,111.0,0.6607142857142857,0.39880952380952384,-0.005952380952380952,0.7916666666666666,0.6666666666666666
fold_02,rolling_7d,linkable_hour_prob_shrunk20,True,outer->core,168,32.0,0.0,45.00825090474224,50.0,0.2976190476190476,0.19047619047619047,-0.19047619047619047,0.8630952380952381,1.0
fold_02,rolling_7d,linkable_hour_prob_shrunk20,True,outer->near,168,63.0,63.0,83.51166570794425,100.0,0.5952380952380952,0.4523809523809524,0.0,0.7202380952380952,0.625
fold_02,rolling_7d,linkable_recent7_stock_shrunk20,True,core->near,168,192.0,182.0,337.12111718828646,364.0,2.1666666666666665,1.0952380952380953,-0.05952380952380952,0.5357142857142857,0.20833333333333334
fold_02,rolling_7d,linkable_recent7_stock_shrunk20,True,core->outer,168,33.0,14.0,40.642402915043704,45.0,0.26785714285714285,0.20833333333333334,-0.1130952380952381,0.8511904761904762,0.9166666666666666
fold_02,rolling_7d,linkable_recent7_stock_shrunk20,True,near->core,168,184.0,189.0,288.32866443392146,295.0,1.755952380952381,1.0297619047619047,0.02976190476190476,0.4642857142857143,0.08333333333333333
fold_02,rolling_7d,linkable_recent7_stock_shrunk20,True,near->outer,168,57.0,56.0,106.6252181905324,111.0,0.6607142857142857,0.39880952380952384,-0.005952380952380952,0.7916666666666666,0.6666666666666666
fold_02,rolling_7d,linkable_recent7_stock_shrunk20,True,outer->core,168,32.0,0.0,45.208132339264125,50.0,0.2976190476190476,0.19047619047619047,-0.19047619047619047,0.8630952380952381,1.0
fold_02,rolling_7d,linkable_recent7_stock_shrunk20,True,outer->near,168,63.0,63.0,84.042542264318,100.0,0.5952380952380952,0.4523809523809524,0.0,0.7202380952380952,0.625
fold_02,rolling_7d,linkable_hour_prob_shrunk20_vessel_p05,True,core->near,168,192.0,181.0,343.7133473169106,377.0,2.244047619047619,1.1130952380952381,-0.06547619047619048,0.5357142857142857,0.20833333333333334
fold_02,rolling_7d,linkable_hour_prob_shrunk20_vessel_p05,True,core->outer,168,33.0,14.0,40.08107178734062,45.0,0.26785714285714285,0.20833333333333334,-0.1130952380952381,0.8511904761904762,0.9166666666666666
fold_02,rolling_7d,linkable_hour_prob_shrunk20_vessel_p05,True,near->core,168,184.0,172.0,288.95799442312523,306.0,1.8214285714285714,1.0119047619047619,-0.07142857142857142,0.4642857142857143,0.19047619047619047
fold_02,rolling_7d,linkable_hour_prob_shrunk20_vessel_p05,True,near->outer,168,57.0,47.0,106.18831593697087,110.0,0.6547619047619048,0.38095238095238093,-0.05952380952380952,0.7916666666666666,0.7202380952380952
fold_02,rolling_7d,linkable_hour_prob_shrunk20_vessel_p05,True,outer->core,168,32.0,0.0,44.93212875558115,50.0,0.2976190476190476,0.19047619047619047,-0.19047619047619047,0.8630952380952381,1.0
fold_02,rolling_7d,linkable_hour_prob_shrunk20_vessel_p05,True,outer->near,168,63.0,59.0,82.43787732561267,96.0,0.5714285714285714,0.42857142857142855,-0.023809523809523808,0.7202380952380952,0.6488095238095238
fold_02,rolling_7d,oracle_present_hour_prob_shrunk20,False,core->near,168,192.0,171.0,287.5694150804271,303.0,1.8035714285714286,0.9345238095238095,-0.125,0.5357142857142857,0.27380952380952384
fold_02,rolling_7d,oracle_present_hour_prob_shrunk20,False,core->outer,168,33.0,14.0,39.912478173702766,45.0,0.26785714285714285,0.20833333333333334,-0.1130952380952381,0.8511904761904762,0.9166666666666666
fold_02,rolling_7d,oracle_present_hour_prob_shrunk20,False,near->core,168,184.0,140.0,268.4781639844797,280.0,1.6666666666666667,0.8928571428571429,-0.2619047619047619,0.4642857142857143,0.2857142857142857
fold_02,rolling_7d,oracle_present_hour_prob_shrunk20,False,near->outer,168,57.0,35.0,100.71742357416844,100.0,0.5952380952380952,0.32142857142857145,-0.13095238095238096,0.7916666666666666,0.7916666666666666
fold_02,rolling_7d,oracle_present_hour_prob_shrunk20,False,outer->core,168,32.0,6.0,42.83307413519697,48.0,0.2857142857142857,0.19047619047619047,-0.15476190476190477,0.8630952380952381,0.9642857142857143
fold_02,rolling_7d,oracle_present_hour_prob_shrunk20,False,outer->near,168,63.0,52.0,74.32930959349835,87.0,0.5178571428571429,0.375,-0.06547619047619048,0.7202380952380952,0.7202380952380952
fold_02,rolling_7d,oracle_linkable_hour_prob_shrunk20,False,core->near,168,192.0,168.0,289.00517606757654,314.0,1.869047619047619,0.9404761904761905,-0.14285714285714285,0.5357142857142857,0.2857142857142857
fold_02,rolling_7d,oracle_linkable_hour_prob_shrunk20,False,core->outer,168,33.0,14.0,39.7577251831326,45.0,0.26785714285714285,0.20833333333333334,-0.1130952380952381,0.8511904761904762,0.9166666666666666
fold_02,rolling_7d,oracle_linkable_hour_prob_shrunk20,False,near->core,168,184.0,131.0,274.0261568959397,283.0,1.6845238095238095,0.8869047619047619,-0.31547619047619047,0.4642857142857143,0.3273809523809524
fold_02,rolling_7d,oracle_linkable_hour_prob_shrunk20,False,near->outer,168,57.0,32.0,100.60541530441168,99.0,0.5892857142857143,0.31547619047619047,-0.1488095238095238,0.7916666666666666,0.8095238095238095
fold_02,rolling_7d,oracle_linkable_hour_prob_shrunk20,False,outer->core,168,32.0,5.0,42.44945559278837,51.0,0.30357142857142855,0.19642857142857142,-0.16071428571428573,0.8630952380952381,0.9702380952380952
fold_02,rolling_7d,oracle_linkable_hour_prob_shrunk20,False,outer->near,168,63.0,43.0,68.97283088195562,82.0,0.4880952380952381,0.35714285714285715,-0.11904761904761904,0.7202380952380952,0.75
fold_03,rolling_7d,pair_global_mean,True,core->near,168,186.0,168.0,400.57737741140477,402.0,2.392857142857143,1.2142857142857142,-0.10714285714285714,0.5535714285714286,0.0
fold_03,rolling_7d,pair_global_mean,True,core->outer,168,29.0,0.0,40.42041301946121,45.0,0.26785714285714285,0.17261904761904762,-0.17261904761904762,0.8630952380952381,1.0
fold_03,rolling_7d,pair_global_mean,True,near->core,168,172.0,168.0,273.5229030339084,272.0,1.619047619047619,0.9880952380952381,-0.023809523809523808,0.48214285714285715,0.0
fold_03,rolling_7d,pair_global_mean,True,near->outer,168,58.0,0.0,118.00747854168436,138.0,0.8214285714285714,0.34523809523809523,-0.34523809523809523,0.7857142857142857,1.0
fold_03,rolling_7d,pair_global_mean,True,outer->core,168,31.0,0.0,43.297611965666704,49.0,0.2916666666666667,0.18452380952380953,-0.18452380952380953,0.8690476190476191,1.0
fold_03,rolling_7d,pair_global_mean,True,outer->near,168,60.0,0.0,75.26948245092208,96.0,0.5714285714285714,0.35714285714285715,-0.35714285714285715,0.7261904761904762,1.0
fold_03,rolling_7d,pair_hour_mean,True,core->near,168,186.0,189.0,337.4972451790634,369.0,2.1964285714285716,1.1011904761904763,0.017857142857142856,0.5535714285714286,0.25
fold_03,rolling_7d,pair_hour_mean,True,core->outer,168,29.0,14.0,37.38045224977043,39.0,0.23214285714285715,0.19642857142857142,-0.08928571428571429,0.8630952380952381,0.9166666666666666
fold_03,rolling_7d,pair_hour_mean,True,near->core,168,172.0,182.0,254.7977502295684,252.0,1.5,0.9285714285714286,0.05952380952380952,0.48214285714285715,0.16666666666666666
fold_03,rolling_7d,pair_hour_mean,True,near->outer,168,58.0,35.0,108.07811065197428,131.0,0.7797619047619048,0.375,-0.13690476190476192,0.7857142857142857,0.7916666666666666
fold_03,rolling_7d,pair_hour_mean,True,outer->core,168,31.0,0.0,42.231404958677686,49.0,0.2916666666666667,0.18452380952380953,-0.18452380952380953,0.8690476190476191,1.0
fold_03,rolling_7d,pair_hour_mean,True,outer->near,168,60.0,56.0,82.62729568411386,86.0,0.5119047619047619,0.39285714285714285,-0.023809523809523808,0.7261904761904762,0.6666666666666666
fold_03,rolling_7d,pair_recent7_hour,True,core->near,168,186.0,175.0,354.1587301587301,389.0,2.3154761904761907,1.1607142857142858,-0.06547619047619048,0.5535714285714286,0.20833333333333334
fold_03,rolling_7d,pair_recent7_hour,True,core->outer,168,29.0,42.0,41.285714285714285,55.0,0.3273809523809524,0.2916666666666667,0.07738095238095238,0.8630952380952381,0.75
fold_03,rolling_7d,pair_recent7_hour,True,near->core,168,172.0,182.0,279.5714285714286,298.0,1.7738095238095237,1.0,0.05952380952380952,0.48214285714285715,0.25
fold_03,rolling_7d,pair_recent7_hour,True,near->outer,168,58.0,49.0,114.3015873015873,119.0,0.7083333333333334,0.4226190476190476,-0.05357142857142857,0.7857142857142857,0.7083333333333334
fold_03,rolling_7d,pair_recent7_hour,True,outer->core,168,31.0,7.0,45.77777777777778,54.0,0.32142857142857145,0.21428571428571427,-0.14285714285714285,0.8690476190476191,0.9583333333333334
fold_03,rolling_7d,pair_recent7_hour,True,outer->near,168,60.0,63.0,80.76587301587301,91.0,0.5416666666666666,0.4226190476190476,0.017857142857142856,0.7261904761904762,0.625
fold_03,rolling_7d,pair_recent14_hour,True,core->near,168,186.0,189.0,337.4972451790634,369.0,2.1964285714285716,1.1011904761904763,0.017857142857142856,0.5535714285714286,0.25
fold_03,rolling_7d,pair_recent14_hour,True,core->outer,168,29.0,14.0,37.38045224977043,39.0,0.23214285714285715,0.19642857142857142,-0.08928571428571429,0.8630952380952381,0.9166666666666666
fold_03,rolling_7d,pair_recent14_hour,True,near->core,168,172.0,182.0,254.7977502295684,252.0,1.5,0.9285714285714286,0.05952380952380952,0.48214285714285715,0.16666666666666666
fold_03,rolling_7d,pair_recent14_hour,True,near->outer,168,58.0,35.0,108.07811065197428,131.0,0.7797619047619048,0.375,-0.13690476190476192,0.7857142857142857,0.7916666666666666
fold_03,rolling_7d,pair_recent14_hour,True,outer->core,168,31.0,0.0,42.231404958677686,49.0,0.2916666666666667,0.18452380952380953,-0.18452380952380953,0.8690476190476191,1.0
fold_03,rolling_7d,pair_recent14_hour,True,outer->near,168,60.0,56.0,82.62729568411386,86.0,0.5119047619047619,0.39285714285714285,-0.023809523809523808,0.7261904761904762,0.6666666666666666
fold_03,rolling_7d,pair_hour_mean_x085,True,core->near,168,186.0,126.0,341.18630509641866,366.0,2.1785714285714284,0.9761904761904762,-0.35714285714285715,0.5535714285714286,0.4583333333333333
fold_03,rolling_7d,pair_hour_mean_x085,True,core->outer,168,29.0,14.0,36.21658129591368,39.0,0.23214285714285715,0.19642857142857142,-0.08928571428571429,0.8630952380952381,0.9166666666666666
fold_03,rolling_7d,pair_hour_mean_x085,True,near->core,168,172.0,154.0,250.11489726813588,266.0,1.5833333333333333,0.9166666666666666,-0.10714285714285714,0.48214285714285715,0.25
fold_03,rolling_7d,pair_hour_mean_x085,True,near->outer,168,58.0,28.0,107.78677585514234,130.0,0.7738095238095238,0.35714285714285715,-0.17857142857142858,0.7857142857142857,0.8333333333333334
fold_03,rolling_7d,pair_hour_mean_x085,True,outer->core,168,31.0,0.0,42.17594008264463,49.0,0.2916666666666667,0.18452380952380953,-0.18452380952380953,0.8690476190476191,1.0
fold_03,rolling_7d,pair_hour_mean_x085,True,outer->near,168,60.0,49.0,77.79572113177227,81.0,0.48214285714285715,0.3630952380952381,-0.06547619047619048,0.7261904761904762,0.7083333333333334
fold_03,rolling_7d,present_global_prob,True,core->near,168,186.0,168.0,403.55448825933223,402.0,2.392857142857143,1.2142857142857142,-0.10714285714285714,0.5535714285714286,0.0
fold_03,rolling_7d,present_global_prob,True,core->outer,168,29.0,0.0,40.364388889315194,45.0,0.26785714285714285,0.17261904761904762,-0.17261904761904762,0.8630952380952381,1.0
fold_03,rolling_7d,present_global_prob,True,near->core,168,172.0,168.0,266.22963047932376,272.0,1.619047619047619,0.9880952380952381,-0.023809523809523808,0.48214285714285715,0.0
fold_03,rolling_7d,present_global_prob,True,near->outer,168,58.0,0.0,116.65311202754951,138.0,0.8214285714285714,0.34523809523809523,-0.34523809523809523,0.7857142857142857,1.0
fold_03,rolling_7d,present_global_prob,True,outer->core,168,31.0,0.0,42.598925665356646,49.0,0.2916666666666667,0.18452380952380953,-0.18452380952380953,0.8690476190476191,1.0
fold_03,rolling_7d,present_global_prob,True,outer->near,168,60.0,28.0,74.79975519043245,102.0,0.6071428571428571,0.40476190476190477,-0.19047619047619047,0.7261904761904762,0.8333333333333334
fold_03,rolling_7d,present_hour_prob_raw,True,core->near,168,186.0,189.0,337.54060040997155,369.0,2.1964285714285716,1.1011904761904763,0.017857142857142856,0.5535714285714286,0.25
fold_03,rolling_7d,present_hour_prob_raw,True,core->outer,168,29.0,14.0,37.377428695805506,39.0,0.23214285714285715,0.19642857142857142,-0.08928571428571429,0.8630952380952381,0.9166666666666666
fold_03,rolling_7d,present_hour_prob_raw,True,near->core,168,172.0,182.0,254.91400000532136,252.0,1.5,0.9285714285714286,0.05952380952380952,0.48214285714285715,0.16666666666666666
fold_03,rolling_7d,present_hour_prob_raw,True,near->outer,168,58.0,35.0,108.04589339806755,131.0,0.7797619047619048,0.375,-0.13690476190476192,0.7857142857142857,0.7916666666666666
fold_03,rolling_7d,present_hour_prob_raw,True,outer->core,168,31.0,0.0,42.23211972260326,49.0,0.2916666666666667,0.18452380952380953,-0.18452380952380953,0.8690476190476191,1.0
fold_03,rolling_7d,present_hour_prob_raw,True,outer->near,168,60.0,56.0,82.62747437509526,86.0,0.5119047619047619,0.39285714285714285,-0.023809523809523808,0.7261904761904762,0.6666666666666666
fold_03,rolling_7d,present_hour_prob_shrunk20,True,core->near,168,186.0,189.0,334.862807193419,369.0,2.1964285714285716,1.1130952380952381,0.017857142857142856,0.5535714285714286,0.20833333333333334
fold_03,rolling_7d,present_hour_prob_shrunk20,True,core->outer,168,29.0,14.0,36.549629312737856,39.0,0.23214285714285715,0.19642857142857142,-0.08928571428571429,0.8630952380952381,0.9166666666666666
fold_03,rolling_7d,present_hour_prob_shrunk20,True,near->core,168,172.0,196.0,253.22454503968402,256.0,1.5238095238095237,0.9642857142857143,0.14285714285714285,0.48214285714285715,0.08333333333333333
fold_03,rolling_7d,present_hour_prob_shrunk20,True,near->outer,168,58.0,35.0,107.74623365230653,131.0,0.7797619047619048,0.375,-0.13690476190476192,0.7857142857142857,0.7916666666666666
fold_03,rolling_7d,present_hour_prob_shrunk20,True,outer->core,168,31.0,0.0,41.79626593135098,49.0,0.2916666666666667,0.18452380952380953,-0.18452380952380953,0.8690476190476191,1.0
fold_03,rolling_7d,present_hour_prob_shrunk20,True,outer->near,168,60.0,63.0,77.88968406713818,91.0,0.5416666666666666,0.4226190476190476,0.017857142857142856,0.7261904761904762,0.625
fold_03,rolling_7d,present_recent7_stock_shrunk20,True,core->near,168,186.0,182.0,333.1747164505196,364.0,2.1666666666666665,1.0952380952380953,-0.023809523809523808,0.5535714285714286,0.20833333333333334
fold_03,rolling_7d,present_recent7_stock_shrunk20,True,core->outer,168,29.0,14.0,36.62430697901914,39.0,0.23214285714285715,0.19642857142857142,-0.08928571428571429,0.8630952380952381,0.9166666666666666
fold_03,rolling_7d,present_recent7_stock_shrunk20,True,near->core,168,172.0,196.0,253.3883886609263,256.0,1.5238095238095237,0.9642857142857143,0.14285714285714285,0.48214285714285715,0.08333333333333333
fold_03,rolling_7d,present_recent7_stock_shrunk20,True,near->outer,168,58.0,49.0,107.545011672552,119.0,0.7083333333333334,0.4107142857142857,-0.05357142857142857,0.7857142857142857,0.7083333333333334
fold_03,rolling_7d,present_recent7_stock_shrunk20,True,outer->core,168,31.0,0.0,41.87248970361652,49.0,0.2916666666666667,0.18452380952380953,-0.18452380952380953,0.8690476190476191,1.0
fold_03,rolling_7d,present_recent7_stock_shrunk20,True,outer->near,168,60.0,63.0,79.28366354160114,91.0,0.5416666666666666,0.4226190476190476,0.017857142857142856,0.7261904761904762,0.625
fold_03,rolling_7d,linkable_global_prob,True,core->near,168,186.0,168.0,403.5544882593323,402.0,2.392857142857143,1.2142857142857142,-0.10714285714285714,0.5535714285714286,0.0
fold_03,rolling_7d,linkable_global_prob,True,core->outer,168,29.0,0.0,40.364388889315194,45.0,0.26785714285714285,0.17261904761904762,-0.17261904761904762,0.8630952380952381,1.0
fold_03,rolling_7d,linkable_global_prob,True,near->core,168,172.0,168.0,266.22963047932376,272.0,1.619047619047619,0.9880952380952381,-0.023809523809523808,0.48214285714285715,0.0
fold_03,rolling_7d,linkable_global_prob,True,near->outer,168,58.0,0.0,116.65311202754951,138.0,0.8214285714285714,0.34523809523809523,-0.34523809523809523,0.7857142857142857,1.0
fold_03,rolling_7d,linkable_global_prob,True,outer->core,168,31.0,0.0,42.598925665356646,49.0,0.2916666666666667,0.18452380952380953,-0.18452380952380953,0.8690476190476191,1.0
fold_03,rolling_7d,linkable_global_prob,True,outer->near,168,60.0,28.0,74.79975519043245,102.0,0.6071428571428571,0.40476190476190477,-0.19047619047619047,0.7261904761904762,0.8333333333333334
fold_03,rolling_7d,linkable_hour_prob_raw,True,core->near,168,186.0,196.0,337.54060040997155,374.0,2.2261904761904763,1.130952380952381,0.05952380952380952,0.5535714285714286,0.20833333333333334
fold_03,rolling_7d,linkable_hour_prob_raw,True,core->outer,168,29.0,14.0,37.377428695805506,39.0,0.23214285714285715,0.19642857142857142,-0.08928571428571429,0.8630952380952381,0.9166666666666666
fold_03,rolling_7d,linkable_hour_prob_raw,True,near->core,168,172.0,182.0,254.91400000532136,252.0,1.5,0.9285714285714286,0.05952380952380952,0.48214285714285715,0.16666666666666666
fold_03,rolling_7d,linkable_hour_prob_raw,True,near->outer,168,58.0,35.0,108.04589339806755,131.0,0.7797619047619048,0.375,-0.13690476190476192,0.7857142857142857,0.7916666666666666
fold_03,rolling_7d,linkable_hour_prob_raw,True,outer->core,168,31.0,0.0,42.23211972260326,49.0,0.2916666666666667,0.18452380952380953,-0.18452380952380953,0.8690476190476191,1.0
fold_03,rolling_7d,linkable_hour_prob_raw,True,outer->near,168,60.0,56.0,82.62747437509526,86.0,0.5119047619047619,0.39285714285714285,-0.023809523809523808,0.7261904761904762,0.6666666666666666
fold_03,rolling_7d,linkable_hour_prob_shrunk20,True,core->near,168,186.0,189.0,334.85746798049865,369.0,2.1964285714285716,1.1130952380952381,0.017857142857142856,0.5535714285714286,0.20833333333333334
fold_03,rolling_7d,linkable_hour_prob_shrunk20,True,core->outer,168,29.0,14.0,36.547009683571986,39.0,0.23214285714285715,0.19642857142857142,-0.08928571428571429,0.8630952380952381,0.9166666666666666
fold_03,rolling_7d,linkable_hour_prob_shrunk20,True,near->core,168,172.0,196.0,253.19997570147225,256.0,1.5238095238095237,0.9642857142857143,0.14285714285714285,0.48214285714285715,0.08333333333333333
fold_03,rolling_7d,linkable_hour_prob_shrunk20,True,near->outer,168,58.0,35.0,107.74224837728148,131.0,0.7797619047619048,0.375,-0.13690476190476192,0.7857142857142857,0.7916666666666666
fold_03,rolling_7d,linkable_hour_prob_shrunk20,True,outer->core,168,31.0,0.0,41.78408904759111,49.0,0.2916666666666667,0.18452380952380953,-0.18452380952380953,0.8690476190476191,1.0
fold_03,rolling_7d,linkable_hour_prob_shrunk20,True,outer->near,168,60.0,63.0,77.72505495502983,91.0,0.5416666666666666,0.4226190476190476,0.017857142857142856,0.7261904761904762,0.625
fold_03,rolling_7d,linkable_recent7_stock_shrunk20,True,core->near,168,186.0,182.0,333.1705986599009,364.0,2.1666666666666665,1.0952380952380953,-0.023809523809523808,0.5535714285714286,0.20833333333333334
fold_03,rolling_7d,linkable_recent7_stock_shrunk20,True,core->outer,168,29.0,14.0,36.62182822553258,39.0,0.23214285714285715,0.19642857142857142,-0.08928571428571429,0.8630952380952381,0.9166666666666666
fold_03,rolling_7d,linkable_recent7_stock_shrunk20,True,near->core,168,172.0,196.0,253.36583252336663,256.0,1.5238095238095237,0.9642857142857143,0.14285714285714285,0.48214285714285715,0.08333333333333333
fold_03,rolling_7d,linkable_recent7_stock_shrunk20,True,near->outer,168,58.0,49.0,107.54159243052891,119.0,0.7083333333333334,0.4107142857142857,-0.05357142857142857,0.7857142857142857,0.7083333333333334
fold_03,rolling_7d,linkable_recent7_stock_shrunk20,True,outer->core,168,31.0,0.0,41.854758073335724,49.0,0.2916666666666667,0.18452380952380953,-0.18452380952380953,0.8690476190476191,1.0
fold_03,rolling_7d,linkable_recent7_stock_shrunk20,True,outer->near,168,60.0,63.0,79.07893665557353,91.0,0.5416666666666666,0.4226190476190476,0.017857142857142856,0.7261904761904762,0.625
fold_03,rolling_7d,linkable_hour_prob_shrunk20_vessel_p05,True,core->near,168,186.0,180.0,338.5742580068483,378.0,2.25,1.119047619047619,-0.03571428571428571,0.5535714285714286,0.20833333333333334
fold_03,rolling_7d,linkable_hour_prob_shrunk20_vessel_p05,True,core->outer,168,29.0,14.0,35.84887382544998,39.0,0.23214285714285715,0.19642857142857142,-0.08928571428571429,0.8630952380952381,0.9166666666666666
fold_03,rolling_7d,linkable_hour_prob_shrunk20_vessel_p05,True,near->core,168,172.0,190.0,253.37796662357454,254.0,1.5119047619047619,0.9523809523809523,0.10714285714285714,0.48214285714285715,0.11904761904761904
fold_03,rolling_7d,linkable_hour_prob_shrunk20_vessel_p05,True,near->outer,168,58.0,35.0,107.15418650436683,131.0,0.7797619047619048,0.375,-0.13690476190476192,0.7857142857142857,0.7916666666666666
fold_03,rolling_7d,linkable_hour_prob_shrunk20_vessel_p05,True,outer->core,168,31.0,0.0,41.74500330516187,49.0,0.2916666666666667,0.18452380952380953,-0.18452380952380953,0.8690476190476191,1.0
fold_03,rolling_7d,linkable_hour_prob_shrunk20_vessel_p05,True,outer->near,168,60.0,56.0,76.4838602089817,86.0,0.5119047619047619,0.39285714285714285,-0.023809523809523808,0.7261904761904762,0.6666666666666666
fold_03,rolling_7d,oracle_present_hour_prob_shrunk20,False,core->near,168,186.0,164.0,282.5120115037859,306.0,1.8214285714285714,0.9404761904761905,-0.13095238095238096,0.5535714285714286,0.30952380952380953
fold_03,rolling_7d,oracle_present_hour_prob_shrunk20,False,core->outer,168,29.0,17.0,36.495588054593554,42.0,0.25,0.21428571428571427,-0.07142857142857142,0.8630952380952381,0.8988095238095238
fold_03,rolling_7d,oracle_present_hour_prob_shrunk20,False,near->core,168,172.0,137.0,231.0832213175758,241.0,1.4345238095238095,0.8035714285714286,-0.20833333333333334,0.48214285714285715,0.2976190476190476
fold_03,rolling_7d,oracle_present_hour_prob_shrunk20,False,near->outer,168,58.0,31.0,102.22953221659202,103.0,0.6130952380952381,0.3273809523809524,-0.16071428571428573,0.7857142857142857,0.8154761904761905
fold_03,rolling_7d,oracle_present_hour_prob_shrunk20,False,outer->core,168,31.0,3.0,40.113557984492076,50.0,0.2976190476190476,0.19047619047619047,-0.16666666666666666,0.8690476190476191,0.9821428571428571
fold_03,rolling_7d,oracle_present_hour_prob_shrunk20,False,outer->near,168,60.0,45.0,66.48539690270388,77.0,0.4583333333333333,0.3273809523809524,-0.08928571428571429,0.7261904761904762,0.7440476190476191
fold_03,rolling_7d,oracle_linkable_hour_prob_shrunk20,False,core->near,168,186.0,159.0,284.12741112642476,307.0,1.8273809523809523,0.9226190476190477,-0.16071428571428573,0.5535714285714286,0.3333333333333333
fold_03,rolling_7d,oracle_linkable_hour_prob_shrunk20,False,core->outer,168,29.0,18.0,36.38252724801917,43.0,0.25595238095238093,0.22023809523809523,-0.06547619047619048,0.8630952380952381,0.8928571428571429
fold_03,rolling_7d,oracle_linkable_hour_prob_shrunk20,False,near->core,168,172.0,128.0,236.8531595973124,240.0,1.4285714285714286,0.7857142857142857,-0.2619047619047619,0.48214285714285715,0.3392857142857143
fold_03,rolling_7d,oracle_linkable_hour_prob_shrunk20,False,near->outer,168,58.0,26.0,102.27529500472835,102.0,0.6071428571428571,0.32142857142857145,-0.19047619047619047,0.7857142857142857,0.8452380952380952
fold_03,rolling_7d,oracle_linkable_hour_prob_shrunk20,False,outer->core,168,31.0,3.0,39.545748827854325,50.0,0.2976190476190476,0.19047619047619047,-0.16666666666666666,0.8690476190476191,0.9821428571428571
fold_03,rolling_7d,oracle_linkable_hour_prob_shrunk20,False,outer->near,168,60.0,41.0,61.768025981754036,69.0,0.4107142857142857,0.30357142857142855,-0.1130952380952381,0.7261904761904762,0.7619047619047619
fold_04,rolling_7d,pair_global_mean,True,core->near,168,189.0,168.0,392.92998418130503,395.0,2.3511904761904763,1.2202380952380953,-0.125,0.5476190476190477,0.0
fold_04,rolling_7d,pair_global_mean,True,core->outer,168,27.0,0.0,37.42801459869108,41.0,0.24404761904761904,0.16071428571428573,-0.16071428571428573,0.8690476190476191,1.0
fold_04,rolling_7d,pair_global_mean,True,near->core,168,170.0,168.0,266.14030045181505,264.0,1.5714285714285714,0.9642857142857143,-0.011904761904761904,0.47619047619047616,0.0
fold_04,rolling_7d,pair_global_mean,True,near->outer,168,56.0,0.0,95.45395519070317,114.0,0.6785714285714286,0.3333333333333333,-0.3333333333333333,0.7857142857142857,1.0
fold_04,rolling_7d,pair_global_mean,True,outer->core,168,32.0,0.0,43.95241984677578,50.0,0.2976190476190476,0.19047619047619047,-0.19047619047619047,0.8630952380952381,1.0
fold_04,rolling_7d,pair_global_mean,True,outer->near,168,67.0,0.0,98.39010142575034,125.0,0.7440476190476191,0.39880952380952384,-0.39880952380952384,0.7261904761904762,1.0
fold_04,rolling_7d,pair_hour_mean,True,core->near,168,189.0,182.0,331.5357905982906,371.0,2.2083333333333335,1.1130952380952381,-0.041666666666666664,0.5476190476190477,0.25
fold_04,rolling_7d,pair_hour_mean,True,core->outer,168,27.0,21.0,32.75176692965155,40.0,0.23809523809523808,0.21428571428571427,-0.03571428571428571,0.8690476190476191,0.875
fold_04,rolling_7d,pair_hour_mean,True,near->core,168,170.0,196.0,249.25361604207757,254.0,1.5119047619047619,0.9523809523809523,0.15476190476190477,0.47619047619047616,0.08333333333333333
fold_04,rolling_7d,pair_hour_mean,True,near->outer,168,56.0,49.0,81.94740302432609,97.0,0.5773809523809523,0.3869047619047619,-0.041666666666666664,0.7857142857142857,0.7083333333333334
fold_04,rolling_7d,pair_hour_mean,True,outer->core,168,32.0,0.0,41.67373438527285,50.0,0.2976190476190476,0.19047619047619047,-0.19047619047619047,0.8630952380952381,1.0
fold_04,rolling_7d,pair_hour_mean,True,outer->near,168,67.0,63.0,102.82967619986852,110.0,0.6547619047619048,0.4642857142857143,-0.023809523809523808,0.7261904761904762,0.625
fold_04,rolling_7d,pair_recent7_hour,True,core->near,168,189.0,189.0,355.19444444444446,392.0,2.3333333333333335,1.1547619047619047,0.0,0.5476190476190477,0.20833333333333334
fold_04,rolling_7d,pair_recent7_hour,True,core->outer,168,27.0,42.0,38.42857142857142,51.0,0.30357142857142855,0.27976190476190477,0.08928571428571429,0.8690476190476191,0.75
fold_04,rolling_7d,pair_recent7_hour,True,near->core,168,170.0,210.0,285.1944444444444,304.0,1.8095238095238095,1.0595238095238095,0.23809523809523808,0.47619047619047616,0.16666666666666666
fold_04,rolling_7d,pair_recent7_hour,True,near->outer,168,56.0,42.0,91.85714285714286,102.0,0.6071428571428571,0.4166666666666667,-0.08333333333333333,0.7857142857142857,0.75
fold_04,rolling_7d,pair_recent7_hour,True,outer->core,168,32.0,7.0,43.34920634920635,49.0,0.2916666666666667,0.20833333333333334,-0.1488095238095238,0.8630952380952381,0.9583333333333334
fold_04,rolling_7d,pair_recent7_hour,True,outer->near,168,67.0,56.0,102.0515873015873,105.0,0.625,0.43452380952380953,-0.06547619047619048,0.7261904761904762,0.6666666666666666
fold_04,rolling_7d,pair_recent14_hour,True,core->near,168,189.0,182.0,331.5357905982906,371.0,2.2083333333333335,1.1130952380952381,-0.041666666666666664,0.5476190476190477,0.25
fold_04,rolling_7d,pair_recent14_hour,True,core->outer,168,27.0,21.0,32.75176692965155,40.0,0.23809523809523808,0.21428571428571427,-0.03571428571428571,0.8690476190476191,0.875
fold_04,rolling_7d,pair_recent14_hour,True,near->core,168,170.0,196.0,249.25361604207757,254.0,1.5119047619047619,0.9523809523809523,0.15476190476190477,0.47619047619047616,0.08333333333333333
fold_04,rolling_7d,pair_recent14_hour,True,near->outer,168,56.0,49.0,81.94740302432609,97.0,0.5773809523809523,0.3869047619047619,-0.041666666666666664,0.7857142857142857,0.7083333333333334
fold_04,rolling_7d,pair_recent14_hour,True,outer->core,168,32.0,0.0,41.67373438527285,50.0,0.2976190476190476,0.19047619047619047,-0.19047619047619047,0.8630952380952381,1.0
fold_04,rolling_7d,pair_recent14_hour,True,outer->near,168,67.0,63.0,102.82967619986852,110.0,0.6547619047619048,0.4642857142857143,-0.023809523809523808,0.7261904761904762,0.625
fold_04,rolling_7d,pair_hour_mean_x085,True,core->near,168,189.0,147.0,335.7393202457265,360.0,2.142857142857143,1.0476190476190477,-0.25,0.5476190476190477,0.2916666666666667
fold_04,rolling_7d,pair_hour_mean_x085,True,core->outer,168,27.0,14.0,31.46901699128863,33.0,0.19642857142857142,0.17261904761904762,-0.07738095238095238,0.8690476190476191,0.9166666666666666
fold_04,rolling_7d,pair_hour_mean_x085,True,near->core,168,170.0,182.0,243.40323759040103,254.0,1.5119047619047619,0.9285714285714286,0.07142857142857142,0.47619047619047616,0.16666666666666666
fold_04,rolling_7d,pair_hour_mean_x085,True,near->outer,168,56.0,35.0,81.89084483892177,95.0,0.5654761904761905,0.35119047619047616,-0.125,0.7857142857142857,0.7916666666666666
fold_04,rolling_7d,pair_hour_mean_x085,True,outer->core,168,32.0,0.0,41.90504232412887,50.0,0.2976190476190476,0.19047619047619047,-0.19047619047619047,0.8630952380952381,1.0
fold_04,rolling_7d,pair_hour_mean_x085,True,outer->near,168,67.0,49.0,99.33117182363577,108.0,0.6428571428571429,0.42857142857142855,-0.10714285714285714,0.7261904761904762,0.7083333333333334
fold_04,rolling_7d,present_global_prob,True,core->near,168,189.0,168.0,398.0033421586809,395.0,2.3511904761904763,1.2202380952380953,-0.125,0.5476190476190477,0.0
fold_04,rolling_7d,present_global_prob,True,core->outer,168,27.0,0.0,37.629750699605935,41.0,0.24404761904761904,0.16071428571428573,-0.16071428571428573,0.8690476190476191,1.0
fold_04,rolling_7d,present_global_prob,True,near->core,168,170.0,168.0,259.51356279634706,264.0,1.5714285714285714,0.9642857142857143,-0.011904761904761904,0.47619047619047616,0.0
fold_04,rolling_7d,present_global_prob,True,near->outer,168,56.0,0.0,94.20914901522542,114.0,0.6785714285714286,0.3333333333333333,-0.3333333333333333,0.7857142857142857,1.0
fold_04,rolling_7d,present_global_prob,True,outer->core,168,32.0,0.0,43.59594863388932,50.0,0.2976190476190476,0.19047619047619047,-0.19047619047619047,0.8630952380952381,1.0
fold_04,rolling_7d,present_global_prob,True,outer->near,168,67.0,28.0,97.82611039807742,129.0,0.7678571428571429,0.4583333333333333,-0.23214285714285715,0.7261904761904762,0.8333333333333334
fold_04,rolling_7d,present_hour_prob_raw,True,core->near,168,189.0,182.0,331.47070184089415,371.0,2.2083333333333335,1.1130952380952381,-0.041666666666666664,0.5476190476190477,0.25
fold_04,rolling_7d,present_hour_prob_raw,True,core->outer,168,27.0,21.0,32.75259556543694,40.0,0.23809523809523808,0.21428571428571427,-0.03571428571428571,0.8690476190476191,0.875
fold_04,rolling_7d,present_hour_prob_raw,True,near->core,168,170.0,196.0,249.22319770153115,254.0,1.5119047619047619,0.9523809523809523,0.15476190476190477,0.47619047619047616,0.08333333333333333
fold_04,rolling_7d,present_hour_prob_raw,True,near->outer,168,56.0,49.0,81.95703773219896,97.0,0.5773809523809523,0.3869047619047619,-0.041666666666666664,0.7857142857142857,0.7083333333333334
fold_04,rolling_7d,present_hour_prob_raw,True,outer->core,168,32.0,0.0,41.69937224731382,50.0,0.2976190476190476,0.19047619047619047,-0.19047619047619047,0.8630952380952381,1.0
fold_04,rolling_7d,present_hour_prob_raw,True,outer->near,168,67.0,63.0,102.83608566537876,110.0,0.6547619047619048,0.4642857142857143,-0.023809523809523808,0.7261904761904762,0.625
fold_04,rolling_7d,present_hour_prob_shrunk20,True,core->near,168,189.0,189.0,329.2540994370187,372.0,2.2142857142857144,1.130952380952381,0.0,0.5476190476190477,0.20833333333333334
fold_04,rolling_7d,present_hour_prob_shrunk20,True,core->outer,168,27.0,14.0,32.08180203783765,33.0,0.19642857142857142,0.17261904761904762,-0.07738095238095238,0.8690476190476191,0.9166666666666666
fold_04,rolling_7d,present_hour_prob_shrunk20,True,near->core,168,170.0,196.0,247.5373115112496,254.0,1.5119047619047619,0.9523809523809523,0.15476190476190477,0.47619047619047616,0.08333333333333333
fold_04,rolling_7d,present_hour_prob_shrunk20,True,near->outer,168,56.0,49.0,81.84421608601457,97.0,0.5773809523809523,0.3869047619047619,-0.041666666666666664,0.7857142857142857,0.7083333333333334
fold_04,rolling_7d,present_hour_prob_shrunk20,True,outer->core,168,32.0,0.0,41.663023007444764,50.0,0.2976190476190476,0.19047619047619047,-0.19047619047619047,0.8630952380952381,1.0
fold_04,rolling_7d,present_hour_prob_shrunk20,True,outer->near,168,67.0,63.0,98.97850190614369,110.0,0.6547619047619048,0.4642857142857143,-0.023809523809523808,0.7261904761904762,0.625
fold_04,rolling_7d,present_recent7_stock_shrunk20,True,core->near,168,189.0,175.0,326.430669998382,362.0,2.1547619047619047,1.1071428571428572,-0.08333333333333333,0.5476190476190477,0.20833333333333334
fold_04,rolling_7d,present_recent7_stock_shrunk20,True,core->outer,168,27.0,21.0,32.42753843531364,40.0,0.23809523809523808,0.21428571428571427,-0.03571428571428571,0.8690476190476191,0.875
fold_04,rolling_7d,present_recent7_stock_shrunk20,True,near->core,168,170.0,196.0,246.95040999772942,254.0,1.5119047619047619,0.9523809523809523,0.15476190476190477,0.47619047619047616,0.08333333333333333
fold_04,rolling_7d,present_recent7_stock_shrunk20,True,near->outer,168,56.0,49.0,81.89517705045739,97.0,0.5773809523809523,0.3869047619047619,-0.041666666666666664,0.7857142857142857,0.7083333333333334
fold_04,rolling_7d,present_recent7_stock_shrunk20,True,outer->core,168,32.0,0.0,41.53900157024803,50.0,0.2976190476190476,0.19047619047619047,-0.19047619047619047,0.8630952380952381,1.0
fold_04,rolling_7d,present_recent7_stock_shrunk20,True,outer->near,168,67.0,63.0,101.11895693919175,110.0,0.6547619047619048,0.4642857142857143,-0.023809523809523808,0.7261904761904762,0.625
fold_04,rolling_7d,linkable_global_prob,True,core->near,168,189.0,168.0,398.0033421586809,395.0,2.3511904761904763,1.2202380952380953,-0.125,0.5476190476190477,0.0
fold_04,rolling_7d,linkable_global_prob,True,core->outer,168,27.0,0.0,37.629750699605935,41.0,0.24404761904761904,0.16071428571428573,-0.16071428571428573,0.8690476190476191,1.0
fold_04,rolling_7d,linkable_global_prob,True,near->core,168,170.0,168.0,259.51356279634706,264.0,1.5714285714285714,0.9642857142857143,-0.011904761904761904,0.47619047619047616,0.0
fold_04,rolling_7d,linkable_global_prob,True,near->outer,168,56.0,0.0,94.20914901522544,114.0,0.6785714285714286,0.3333333333333333,-0.3333333333333333,0.7857142857142857,1.0
fold_04,rolling_7d,linkable_global_prob,True,outer->core,168,32.0,0.0,43.59594863388932,50.0,0.2976190476190476,0.19047619047619047,-0.19047619047619047,0.8630952380952381,1.0
fold_04,rolling_7d,linkable_global_prob,True,outer->near,168,67.0,28.0,97.82611039807742,129.0,0.7678571428571429,0.4583333333333333,-0.23214285714285715,0.7261904761904762,0.8333333333333334
fold_04,rolling_7d,linkable_hour_prob_raw,True,core->near,168,189.0,182.0,331.47070184089415,371.0,2.2083333333333335,1.1130952380952381,-0.041666666666666664,0.5476190476190477,0.25
fold_04,rolling_7d,linkable_hour_prob_raw,True,core->outer,168,27.0,21.0,32.75259556543695,40.0,0.23809523809523808,0.21428571428571427,-0.03571428571428571,0.8690476190476191,0.875
fold_04,rolling_7d,linkable_hour_prob_raw,True,near->core,168,170.0,196.0,249.22319770153115,254.0,1.5119047619047619,0.9523809523809523,0.15476190476190477,0.47619047619047616,0.08333333333333333
fold_04,rolling_7d,linkable_hour_prob_raw,True,near->outer,168,56.0,49.0,81.95703773219896,97.0,0.5773809523809523,0.3869047619047619,-0.041666666666666664,0.7857142857142857,0.7083333333333334
fold_04,rolling_7d,linkable_hour_prob_raw,True,outer->core,168,32.0,0.0,41.69937224731382,50.0,0.2976190476190476,0.19047619047619047,-0.19047619047619047,0.8630952380952381,1.0
fold_04,rolling_7d,linkable_hour_prob_raw,True,outer->near,168,67.0,63.0,102.83608566537876,110.0,0.6547619047619048,0.4642857142857143,-0.023809523809523808,0.7261904761904762,0.625
fold_04,rolling_7d,linkable_hour_prob_shrunk20,True,core->near,168,189.0,189.0,329.24989541982006,372.0,2.2142857142857144,1.130952380952381,0.0,0.5476190476190477,0.20833333333333334
fold_04,rolling_7d,linkable_hour_prob_shrunk20,True,core->outer,168,27.0,14.0,32.07975202812894,33.0,0.19642857142857142,0.17261904761904762,-0.07738095238095238,0.8690476190476191,0.9166666666666666
fold_04,rolling_7d,linkable_hour_prob_shrunk20,True,near->core,168,170.0,196.0,247.51154139867538,254.0,1.5119047619047619,0.9523809523809523,0.15476190476190477,0.47619047619047616,0.08333333333333333
fold_04,rolling_7d,linkable_hour_prob_shrunk20,True,near->outer,168,56.0,49.0,81.84312802438308,97.0,0.5773809523809523,0.3869047619047619,-0.041666666666666664,0.7857142857142857,0.7083333333333334
fold_04,rolling_7d,linkable_hour_prob_shrunk20,True,outer->core,168,32.0,0.0,41.66565822522817,50.0,0.2976190476190476,0.19047619047619047,-0.19047619047619047,0.8630952380952381,1.0
fold_04,rolling_7d,linkable_hour_prob_shrunk20,True,outer->near,168,67.0,63.0,98.84769009823377,110.0,0.6547619047619048,0.4642857142857143,-0.023809523809523808,0.7261904761904762,0.625
fold_04,rolling_7d,linkable_recent7_stock_shrunk20,True,core->near,168,189.0,175.0,326.42723497155805,362.0,2.1547619047619047,1.1071428571428572,-0.08333333333333333,0.5476190476190477,0.20833333333333334
fold_04,rolling_7d,linkable_recent7_stock_shrunk20,True,core->outer,168,27.0,21.0,32.42556305679195,40.0,0.23809523809523808,0.21428571428571427,-0.03571428571428571,0.8690476190476191,0.875
fold_04,rolling_7d,linkable_recent7_stock_shrunk20,True,near->core,168,170.0,196.0,246.92929429540038,254.0,1.5119047619047619,0.9523809523809523,0.15476190476190477,0.47619047619047616,0.08333333333333333
fold_04,rolling_7d,linkable_recent7_stock_shrunk20,True,near->outer,168,56.0,49.0,81.89518796438902,97.0,0.5773809523809523,0.3869047619047619,-0.041666666666666664,0.7857142857142857,0.7083333333333334
fold_04,rolling_7d,linkable_recent7_stock_shrunk20,True,outer->core,168,32.0,0.0,41.53787406590635,50.0,0.2976190476190476,0.19047619047619047,-0.19047619047619047,0.8630952380952381,1.0
fold_04,rolling_7d,linkable_recent7_stock_shrunk20,True,outer->near,168,67.0,70.0,100.92916141750533,115.0,0.6845238095238095,0.49404761904761907,0.017857142857142856,0.7261904761904762,0.5833333333333334
fold_04,rolling_7d,linkable_hour_prob_shrunk20_vessel_p05,True,core->near,168,189.0,170.0,333.041151179031,361.0,2.1488095238095237,1.0892857142857142,-0.1130952380952381,0.5476190476190477,0.2261904761904762
fold_04,rolling_7d,linkable_hour_prob_shrunk20_vessel_p05,True,core->outer,168,27.0,14.0,31.258378251814786,33.0,0.19642857142857142,0.17261904761904762,-0.07738095238095238,0.8690476190476191,0.9166666666666666
fold_04,rolling_7d,linkable_hour_prob_shrunk20_vessel_p05,True,near->core,168,170.0,196.0,247.7133492734779,254.0,1.5119047619047619,0.9523809523809523,0.15476190476190477,0.47619047619047616,0.08333333333333333
fold_04,rolling_7d,linkable_hour_prob_shrunk20_vessel_p05,True,near->outer,168,56.0,43.0,81.1634957257256,101.0,0.6011904761904762,0.3869047619047619,-0.07738095238095238,0.7857142857142857,0.7440476190476191
fold_04,rolling_7d,linkable_hour_prob_shrunk20_vessel_p05,True,outer->core,168,32.0,0.0,41.66162658677487,50.0,0.2976190476190476,0.19047619047619047,-0.19047619047619047,0.8630952380952381,1.0
fold_04,rolling_7d,linkable_hour_prob_shrunk20_vessel_p05,True,outer->near,168,67.0,55.0,97.66909277629526,106.0,0.6309523809523809,0.44047619047619047,-0.07142857142857142,0.7261904761904762,0.6726190476190477
fold_04,rolling_7d,oracle_present_hour_prob_shrunk20,False,core->near,168,189.0,170.0,279.8981520478004,293.0,1.744047619047619,0.9345238095238095,-0.1130952380952381,0.5476190476190477,0.30952380952380953
fold_04,rolling_7d,oracle_present_hour_prob_shrunk20,False,core->outer,168,27.0,21.0,30.366653609680135,38.0,0.2261904761904762,0.20238095238095238,-0.03571428571428571,0.8690476190476191,0.875
fold_04,rolling_7d,oracle_present_hour_prob_shrunk20,False,near->core,168,170.0,140.0,226.86574069374544,238.0,1.4166666666666667,0.7738095238095238,-0.17857142857142858,0.47619047619047616,0.2976190476190476
fold_04,rolling_7d,oracle_present_hour_prob_shrunk20,False,near->outer,168,56.0,36.0,76.72265632192362,86.0,0.5119047619047619,0.3333333333333333,-0.11904761904761904,0.7857142857142857,0.7857142857142857
fold_04,rolling_7d,oracle_present_hour_prob_shrunk20,False,outer->core,168,32.0,2.0,39.61101154844573,50.0,0.2976190476190476,0.19047619047619047,-0.17857142857142858,0.8630952380952381,0.9880952380952381
fold_04,rolling_7d,oracle_present_hour_prob_shrunk20,False,outer->near,168,67.0,41.0,84.93934508285301,94.0,0.5595238095238095,0.38095238095238093,-0.15476190476190477,0.7261904761904762,0.7678571428571429
fold_04,rolling_7d,oracle_linkable_hour_prob_shrunk20,False,core->near,168,189.0,168.0,281.61863850793134,297.0,1.7678571428571428,0.9345238095238095,-0.125,0.5476190476190477,0.31547619047619047
fold_04,rolling_7d,oracle_linkable_hour_prob_shrunk20,False,core->outer,168,27.0,21.0,30.25920287777182,38.0,0.2261904761904762,0.20238095238095238,-0.03571428571428571,0.8690476190476191,0.875
fold_04,rolling_7d,oracle_linkable_hour_prob_shrunk20,False,near->core,168,170.0,132.0,232.43557608063955,236.0,1.4047619047619047,0.7738095238095238,-0.2261904761904762,0.47619047619047616,0.3273809523809524
fold_04,rolling_7d,oracle_linkable_hour_prob_shrunk20,False,near->outer,168,56.0,30.0,76.50300127769941,84.0,0.5,0.32142857142857145,-0.15476190476190477,0.7857142857142857,0.8214285714285714
fold_04,rolling_7d,oracle_linkable_hour_prob_shrunk20,False,outer->core,168,32.0,1.0,39.30192806615712,49.0,0.2916666666666667,0.18452380952380953,-0.18452380952380953,0.8630952380952381,0.9940476190476191
fold_04,rolling_7d,oracle_linkable_hour_prob_shrunk20,False,outer->near,168,67.0,39.0,80.75279502770263,88.0,0.5238095238095238,0.35714285714285715,-0.16666666666666666,0.7261904761904762,0.7738095238095238
fold_05,rolling_7d,pair_global_mean,True,core->near,168,193.0,168.0,363.09801737580756,365.0,2.1726190476190474,1.1607142857142858,-0.1488095238095238,0.5059523809523809,0.0
fold_05,rolling_7d,pair_global_mean,True,core->outer,168,31.0,0.0,43.58095789708176,49.0,0.2916666666666667,0.18452380952380953,-0.18452380952380953,0.8511904761904762,1.0
fold_05,rolling_7d,pair_global_mean,True,near->core,168,189.0,168.0,270.58609935397646,273.0,1.625,0.9583333333333334,-0.125,0.4166666666666667,0.0
fold_05,rolling_7d,pair_global_mean,True,near->outer,168,59.0,0.0,98.28803742481622,119.0,0.7083333333333334,0.35119047619047616,-0.35119047619047616,0.7738095238095238,1.0
fold_05,rolling_7d,pair_global_mean,True,outer->core,168,32.0,0.0,41.93938961906885,48.0,0.2857142857142857,0.19047619047619047,-0.19047619047619047,0.8571428571428571,1.0
fold_05,rolling_7d,pair_global_mean,True,outer->near,168,70.0,0.0,108.83633771441302,138.0,0.8214285714285714,0.4166666666666667,-0.4166666666666667,0.7261904761904762,1.0
fold_05,rolling_7d,pair_hour_mean,True,core->near,168,193.0,182.0,320.5357142857143,355.0,2.113095238095238,1.0773809523809523,-0.06547619047619048,0.5059523809523809,0.2916666666666667
fold_05,rolling_7d,pair_hour_mean,True,core->outer,168,31.0,14.0,41.446956889264584,45.0,0.26785714285714285,0.20833333333333334,-0.10119047619047619,0.8511904761904762,0.9166666666666666
fold_05,rolling_7d,pair_hour_mean,True,near->core,168,189.0,189.0,259.53486897717664,282.0,1.6785714285714286,0.9761904761904762,0.0,0.4166666666666667,0.16666666666666666
fold_05,rolling_7d,pair_hour_mean,True,near->outer,168,59.0,42.0,85.83220625528318,103.0,0.6130952380952381,0.39880952380952384,-0.10119047619047619,0.7738095238095238,0.75
fold_05,rolling_7d,pair_hour_mean,True,outer->core,168,32.0,0.0,39.91568047337279,48.0,0.2857142857142857,0.19047619047619047,-0.19047619047619047,0.8571428571428571,1.0
fold_05,rolling_7d,pair_hour_mean,True,outer->near,168,70.0,49.0,105.46999154691463,113.0,0.6726190476190477,0.43452380952380953,-0.125,0.7261904761904762,0.7083333333333334
fold_05,rolling_7d,pair_recent7_hour,True,core->near,168,193.0,161.0,350.718253968254,362.0,2.1547619047619047,1.0595238095238095,-0.19047619047619047,0.5059523809523809,0.4166666666666667
fold_05,rolling_7d,pair_recent7_hour,True,core->outer,168,31.0,35.0,49.25396825396825,54.0,0.32142857142857145,0.2619047619047619,0.023809523809523808,0.8511904761904762,0.7916666666666666
fold_05,rolling_7d,pair_recent7_hour,True,near->core,168,189.0,189.0,300.1468253968254,316.0,1.880952380952381,1.0357142857142858,0.0,0.4166666666666667,0.20833333333333334
fold_05,rolling_7d,pair_recent7_hour,True,near->outer,168,59.0,42.0,92.57142857142857,111.0,0.6607142857142857,0.43452380952380953,-0.10119047619047619,0.7738095238095238,0.75
fold_05,rolling_7d,pair_recent7_hour,True,outer->core,168,32.0,21.0,42.349206349206355,49.0,0.2916666666666667,0.24404761904761904,-0.06547619047619048,0.8571428571428571,0.875
fold_05,rolling_7d,pair_recent7_hour,True,outer->near,168,70.0,63.0,109.19444444444446,125.0,0.7440476190476191,0.5059523809523809,-0.041666666666666664,0.7261904761904762,0.6666666666666666
fold_05,rolling_7d,pair_recent14_hour,True,core->near,168,193.0,182.0,320.5357142857143,355.0,2.113095238095238,1.0773809523809523,-0.06547619047619048,0.5059523809523809,0.2916666666666667
fold_05,rolling_7d,pair_recent14_hour,True,core->outer,168,31.0,14.0,41.446956889264584,45.0,0.26785714285714285,0.20833333333333334,-0.10119047619047619,0.8511904761904762,0.9166666666666666
fold_05,rolling_7d,pair_recent14_hour,True,near->core,168,189.0,189.0,259.53486897717664,282.0,1.6785714285714286,0.9761904761904762,0.0,0.4166666666666667,0.16666666666666666
fold_05,rolling_7d,pair_recent14_hour,True,near->outer,168,59.0,42.0,85.83220625528318,103.0,0.6130952380952381,0.39880952380952384,-0.10119047619047619,0.7738095238095238,0.75
fold_05,rolling_7d,pair_recent14_hour,True,outer->core,168,32.0,0.0,39.91568047337279,48.0,0.2857142857142857,0.19047619047619047,-0.19047619047619047,0.8571428571428571,1.0
fold_05,rolling_7d,pair_recent14_hour,True,outer->near,168,70.0,49.0,105.46999154691463,113.0,0.6726190476190477,0.43452380952380953,-0.125,0.7261904761904762,0.7083333333333334
fold_05,rolling_7d,pair_hour_mean_x085,True,core->near,168,193.0,133.0,324.9566964285714,344.0,2.0476190476190474,0.9880952380952381,-0.35714285714285715,0.5059523809523809,0.375
fold_05,rolling_7d,pair_hour_mean_x085,True,core->outer,168,31.0,14.0,40.15086591293322,45.0,0.26785714285714285,0.20833333333333334,-0.10119047619047619,0.8511904761904762,0.9166666666666666
fold_05,rolling_7d,pair_hour_mean_x085,True,near->core,168,189.0,154.0,261.562596682164,285.0,1.6964285714285714,0.9464285714285714,-0.20833333333333334,0.4166666666666667,0.25
fold_05,rolling_7d,pair_hour_mean_x085,True,near->outer,168,59.0,42.0,86.14349429416737,103.0,0.6130952380952381,0.39880952380952384,-0.10119047619047619,0.7738095238095238,0.75
fold_05,rolling_7d,pair_hour_mean_x085,True,outer->core,168,32.0,0.0,40.064436284868975,48.0,0.2857142857142857,0.19047619047619047,-0.19047619047619047,0.8571428571428571,1.0
fold_05,rolling_7d,pair_hour_mean_x085,True,outer->near,168,70.0,49.0,104.07849746407439,113.0,0.6726190476190477,0.43452380952380953,-0.125,0.7261904761904762,0.7083333333333334
fold_05,rolling_7d,present_global_prob,True,core->near,168,193.0,168.0,369.65974826676484,365.0,2.1726190476190474,1.1607142857142858,-0.1488095238095238,0.5059523809523809,0.0
fold_05,rolling_7d,present_global_prob,True,core->outer,168,31.0,0.0,43.63507867218,49.0,0.2916666666666667,0.18452380952380953,-0.18452380952380953,0.8511904761904762,1.0
fold_05,rolling_7d,present_global_prob,True,near->core,168,189.0,168.0,268.18355033113596,273.0,1.625,0.9583333333333334,-0.125,0.4166666666666667,0.0
fold_05,rolling_7d,present_global_prob,True,near->outer,168,59.0,0.0,97.0921855152983,119.0,0.7083333333333334,0.35119047619047616,-0.35119047619047616,0.7738095238095238,1.0
fold_05,rolling_7d,present_global_prob,True,outer->core,168,32.0,0.0,41.66179580388949,48.0,0.2857142857142857,0.19047619047619047,-0.19047619047619047,0.8571428571428571,1.0
fold_05,rolling_7d,present_global_prob,True,outer->near,168,70.0,28.0,109.17371285298913,146.0,0.8690476190476191,0.5,-0.25,0.7261904761904762,0.8333333333333334
fold_05,rolling_7d,present_hour_prob_raw,True,core->near,168,193.0,189.0,320.57142857142856,360.0,2.142857142857143,1.0833333333333333,-0.023809523809523808,0.5059523809523809,0.2916666666666667
fold_05,rolling_7d,present_hour_prob_raw,True,core->outer,168,31.0,14.0,41.42857142857142,45.0,0.26785714285714285,0.20833333333333334,-0.10119047619047619,0.8511904761904762,0.9166666666666666
fold_05,rolling_7d,present_hour_prob_raw,True,near->core,168,189.0,189.0,260.29654473554126,282.0,1.6785714285714286,0.9761904761904762,0.0,0.4166666666666667,0.16666666666666666
fold_05,rolling_7d,present_hour_prob_raw,True,near->outer,168,59.0,42.0,85.68390509144834,103.0,0.6130952380952381,0.39880952380952384,-0.10119047619047619,0.7738095238095238,0.75
fold_05,rolling_7d,present_hour_prob_raw,True,outer->core,168,32.0,0.0,39.90138408304499,48.0,0.2857142857142857,0.19047619047619047,-0.19047619047619047,0.8571428571428571,1.0
fold_05,rolling_7d,present_hour_prob_raw,True,outer->near,168,70.0,49.0,105.46641744933267,113.0,0.6726190476190477,0.43452380952380953,-0.125,0.7261904761904762,0.7083333333333334
fold_05,rolling_7d,present_hour_prob_shrunk20,True,core->near,168,193.0,168.0,316.69195712122837,343.0,2.0416666666666665,1.0654761904761905,-0.1488095238095238,0.5059523809523809,0.25
fold_05,rolling_7d,present_hour_prob_shrunk20,True,core->outer,168,31.0,14.0,40.55241017660275,45.0,0.26785714285714285,0.20833333333333334,-0.10119047619047619,0.8511904761904762,0.9166666666666666
fold_05,rolling_7d,present_hour_prob_shrunk20,True,near->core,168,189.0,196.0,258.7388317400288,259.0,1.5416666666666667,0.9464285714285714,0.041666666666666664,0.4166666666666667,0.08333333333333333
fold_05,rolling_7d,present_hour_prob_shrunk20,True,near->outer,168,59.0,42.0,85.61079117435732,103.0,0.6130952380952381,0.39880952380952384,-0.10119047619047619,0.7738095238095238,0.75
fold_05,rolling_7d,present_hour_prob_shrunk20,True,outer->core,168,32.0,0.0,39.8192747033679,48.0,0.2857142857142857,0.19047619047619047,-0.19047619047619047,0.8571428571428571,1.0
fold_05,rolling_7d,present_hour_prob_shrunk20,True,outer->near,168,70.0,56.0,104.13343852070079,120.0,0.7142857142857143,0.47619047619047616,-0.08333333333333333,0.7261904761904762,0.6666666666666666
fold_05,rolling_7d,present_recent7_stock_shrunk20,True,core->near,168,193.0,161.0,321.4577594281441,358.0,2.130952380952381,1.0833333333333333,-0.19047619047619047,0.5059523809523809,0.25
fold_05,rolling_7d,present_recent7_stock_shrunk20,True,core->outer,168,31.0,14.0,40.49620149247898,45.0,0.26785714285714285,0.20833333333333334,-0.10119047619047619,0.8511904761904762,0.9166666666666666
fold_05,rolling_7d,present_recent7_stock_shrunk20,True,near->core,168,189.0,196.0,262.48018945464037,259.0,1.5416666666666667,0.9464285714285714,0.041666666666666664,0.4166666666666667,0.08333333333333333
fold_05,rolling_7d,present_recent7_stock_shrunk20,True,near->outer,168,59.0,42.0,85.84963240167006,103.0,0.6130952380952381,0.39880952380952384,-0.10119047619047619,0.7738095238095238,0.75
fold_05,rolling_7d,present_recent7_stock_shrunk20,True,outer->core,168,32.0,7.0,39.73500657768038,47.0,0.27976190476190477,0.20833333333333334,-0.1488095238095238,0.8571428571428571,0.9583333333333334
fold_05,rolling_7d,present_recent7_stock_shrunk20,True,outer->near,168,70.0,56.0,105.92104641950237,120.0,0.7142857142857143,0.47619047619047616,-0.08333333333333333,0.7261904761904762,0.6666666666666666
fold_05,rolling_7d,linkable_global_prob,True,core->near,168,193.0,168.0,369.65974826676484,365.0,2.1726190476190474,1.1607142857142858,-0.1488095238095238,0.5059523809523809,0.0
fold_05,rolling_7d,linkable_global_prob,True,core->outer,168,31.0,0.0,43.63507867218,49.0,0.2916666666666667,0.18452380952380953,-0.18452380952380953,0.8511904761904762,1.0
fold_05,rolling_7d,linkable_global_prob,True,near->core,168,189.0,168.0,268.18355033113596,273.0,1.625,0.9583333333333334,-0.125,0.4166666666666667,0.0
fold_05,rolling_7d,linkable_global_prob,True,near->outer,168,59.0,0.0,97.09218551529828,119.0,0.7083333333333334,0.35119047619047616,-0.35119047619047616,0.7738095238095238,1.0
fold_05,rolling_7d,linkable_global_prob,True,outer->core,168,32.0,0.0,41.66179580388949,48.0,0.2857142857142857,0.19047619047619047,-0.19047619047619047,0.8571428571428571,1.0
fold_05,rolling_7d,linkable_global_prob,True,outer->near,168,70.0,28.0,109.17371285298913,146.0,0.8690476190476191,0.5,-0.25,0.7261904761904762,0.8333333333333334
fold_05,rolling_7d,linkable_hour_prob_raw,True,core->near,168,193.0,182.0,320.57142857142856,355.0,2.113095238095238,1.0773809523809523,-0.06547619047619048,0.5059523809523809,0.2916666666666667
fold_05,rolling_7d,linkable_hour_prob_raw,True,core->outer,168,31.0,14.0,41.42857142857142,45.0,0.26785714285714285,0.20833333333333334,-0.10119047619047619,0.8511904761904762,0.9166666666666666
fold_05,rolling_7d,linkable_hour_prob_raw,True,near->core,168,189.0,189.0,260.29654473554126,282.0,1.6785714285714286,0.9761904761904762,0.0,0.4166666666666667,0.16666666666666666
fold_05,rolling_7d,linkable_hour_prob_raw,True,near->outer,168,59.0,42.0,85.68390509144834,103.0,0.6130952380952381,0.39880952380952384,-0.10119047619047619,0.7738095238095238,0.75
fold_05,rolling_7d,linkable_hour_prob_raw,True,outer->core,168,32.0,0.0,39.90138408304499,48.0,0.2857142857142857,0.19047619047619047,-0.19047619047619047,0.8571428571428571,1.0
fold_05,rolling_7d,linkable_hour_prob_raw,True,outer->near,168,70.0,56.0,105.46641744933267,110.0,0.6547619047619048,0.44047619047619047,-0.08333333333333333,0.7261904761904762,0.6666666666666666
fold_05,rolling_7d,linkable_hour_prob_shrunk20,True,core->near,168,193.0,168.0,316.67600668065,343.0,2.0416666666666665,1.0654761904761905,-0.1488095238095238,0.5059523809523809,0.25
fold_05,rolling_7d,linkable_hour_prob_shrunk20,True,core->outer,168,31.0,14.0,40.54813787942432,45.0,0.26785714285714285,0.20833333333333334,-0.10119047619047619,0.8511904761904762,0.9166666666666666
fold_05,rolling_7d,linkable_hour_prob_shrunk20,True,near->core,168,189.0,196.0,258.70880071855834,259.0,1.5416666666666667,0.9464285714285714,0.041666666666666664,0.4166666666666667,0.08333333333333333
fold_05,rolling_7d,linkable_hour_prob_shrunk20,True,near->outer,168,59.0,42.0,85.60995117218378,103.0,0.6130952380952381,0.39880952380952384,-0.10119047619047619,0.7738095238095238,0.75
fold_05,rolling_7d,linkable_hour_prob_shrunk20,True,outer->core,168,32.0,0.0,39.818597826274285,48.0,0.2857142857142857,0.19047619047619047,-0.19047619047619047,0.8571428571428571,1.0
fold_05,rolling_7d,linkable_hour_prob_shrunk20,True,outer->near,168,70.0,56.0,104.08420099815945,120.0,0.7142857142857143,0.47619047619047616,-0.08333333333333333,0.7261904761904762,0.6666666666666666
fold_05,rolling_7d,linkable_recent7_stock_shrunk20,True,core->near,168,193.0,161.0,321.44826883455596,358.0,2.130952380952381,1.0833333333333333,-0.19047619047619047,0.5059523809523809,0.25
fold_05,rolling_7d,linkable_recent7_stock_shrunk20,True,core->outer,168,31.0,14.0,40.492410875230014,45.0,0.26785714285714285,0.20833333333333334,-0.10119047619047619,0.8511904761904762,0.9166666666666666
fold_05,rolling_7d,linkable_recent7_stock_shrunk20,True,near->core,168,189.0,196.0,262.4566063694955,259.0,1.5416666666666667,0.9464285714285714,0.041666666666666664,0.4166666666666667,0.08333333333333333
fold_05,rolling_7d,linkable_recent7_stock_shrunk20,True,near->outer,168,59.0,42.0,85.85018271255599,103.0,0.6130952380952381,0.39880952380952384,-0.10119047619047619,0.7738095238095238,0.75
fold_05,rolling_7d,linkable_recent7_stock_shrunk20,True,outer->core,168,32.0,7.0,39.72950334505843,47.0,0.27976190476190477,0.20833333333333334,-0.1488095238095238,0.8571428571428571,0.9583333333333334
fold_05,rolling_7d,linkable_recent7_stock_shrunk20,True,outer->near,168,70.0,56.0,105.81139458961185,120.0,0.7142857142857143,0.47619047619047616,-0.08333333333333333,0.7261904761904762,0.6666666666666666
fold_05,rolling_7d,linkable_hour_prob_shrunk20_vessel_p05,True,core->near,168,193.0,160.0,321.0197192849485,361.0,2.1488095238095237,1.0773809523809523,-0.19642857142857142,0.5059523809523809,0.25
fold_05,rolling_7d,linkable_hour_prob_shrunk20_vessel_p05,True,core->outer,168,31.0,14.0,39.77627827984466,45.0,0.26785714285714285,0.20833333333333334,-0.10119047619047619,0.8511904761904762,0.9166666666666666
fold_05,rolling_7d,linkable_hour_prob_shrunk20_vessel_p05,True,near->core,168,189.0,188.0,260.50170357338334,261.0,1.5535714285714286,0.9345238095238095,-0.005952380952380952,0.4166666666666667,0.11904761904761904
fold_05,rolling_7d,linkable_hour_prob_shrunk20_vessel_p05,True,near->outer,168,59.0,42.0,85.05882139370883,103.0,0.6130952380952381,0.39880952380952384,-0.10119047619047619,0.7738095238095238,0.75
fold_05,rolling_7d,linkable_hour_prob_shrunk20_vessel_p05,True,outer->core,168,32.0,0.0,39.780648059478565,48.0,0.2857142857142857,0.19047619047619047,-0.19047619047619047,0.8571428571428571,1.0
fold_05,rolling_7d,linkable_hour_prob_shrunk20_vessel_p05,True,outer->near,168,70.0,51.0,103.22359932055853,115.0,0.6845238095238095,0.44642857142857145,-0.1130952380952381,0.7261904761904762,0.6964285714285714
fold_05,rolling_7d,oracle_present_hour_prob_shrunk20,False,core->near,168,193.0,182.0,284.37330400607055,295.0,1.755952380952381,0.9583333333333334,-0.06547619047619048,0.5059523809523809,0.26785714285714285
fold_05,rolling_7d,oracle_present_hour_prob_shrunk20,False,core->outer,168,31.0,22.0,40.17465828905373,49.0,0.2916666666666667,0.23214285714285715,-0.05357142857142857,0.8511904761904762,0.8690476190476191
fold_05,rolling_7d,oracle_present_hour_prob_shrunk20,False,near->core,168,189.0,152.0,250.54716255250577,265.0,1.5773809523809523,0.8630952380952381,-0.22023809523809523,0.4166666666666667,0.25
fold_05,rolling_7d,oracle_present_hour_prob_shrunk20,False,near->outer,168,59.0,36.0,82.26514790646915,97.0,0.5773809523809523,0.375,-0.13690476190476192,0.7738095238095238,0.7857142857142857
fold_05,rolling_7d,oracle_present_hour_prob_shrunk20,False,outer->core,168,32.0,1.0,38.020169012893774,47.0,0.27976190476190477,0.18452380952380953,-0.18452380952380953,0.8571428571428571,0.9940476190476191
fold_05,rolling_7d,oracle_present_hour_prob_shrunk20,False,outer->near,168,70.0,40.0,85.86871965369599,90.0,0.5357142857142857,0.36904761904761907,-0.17857142857142858,0.7261904761904762,0.7619047619047619
fold_05,rolling_7d,oracle_linkable_hour_prob_shrunk20,False,core->near,168,193.0,180.0,286.0349891226409,299.0,1.7797619047619047,0.9583333333333334,-0.07738095238095238,0.5059523809523809,0.27380952380952384
fold_05,rolling_7d,oracle_linkable_hour_prob_shrunk20,False,core->outer,168,31.0,24.0,40.0001536983458,51.0,0.30357142857142855,0.24404761904761904,-0.041666666666666664,0.8511904761904762,0.8571428571428571
fold_05,rolling_7d,oracle_linkable_hour_prob_shrunk20,False,near->core,168,189.0,148.0,258.01080972829624,269.0,1.6011904761904763,0.875,-0.24404761904761904,0.4166666666666667,0.26785714285714285
fold_05,rolling_7d,oracle_linkable_hour_prob_shrunk20,False,near->outer,168,59.0,34.0,82.40723918967583,97.0,0.5773809523809523,0.375,-0.1488095238095238,0.7738095238095238,0.7976190476190477
fold_05,rolling_7d,oracle_linkable_hour_prob_shrunk20,False,outer->core,168,32.0,0.0,38.09342229136799,48.0,0.2857142857142857,0.19047619047619047,-0.19047619047619047,0.8571428571428571,1.0
fold_05,rolling_7d,oracle_linkable_hour_prob_shrunk20,False,outer->near,168,70.0,35.0,84.22622569781635,87.0,0.5178571428571429,0.35119047619047616,-0.20833333333333334,0.7261904761904762,0.7916666666666666
fold_06,rolling_7d,pair_global_mean,True,core->near,168,183.0,168.0,323.88282989734716,325.0,1.9345238095238095,1.1130952380952381,-0.08928571428571429,0.5119047619047619,0.0
fold_06,rolling_7d,pair_global_mean,True,core->outer,168,35.0,0.0,45.72175107269496,53.0,0.31547619047619047,0.20833333333333334,-0.20833333333333334,0.8273809523809523,1.0
fold_06,rolling_7d,pair_global_mean,True,near->core,168,179.0,168.0,240.3738099487124,241.0,1.4345238095238095,0.9226190476190477,-0.06547619047619048,0.42857142857142855,0.0
fold_06,rolling_7d,pair_global_mean,True,near->outer,168,59.0,0.0,96.29210667204632,117.0,0.6964285714285714,0.35119047619047616,-0.35119047619047616,0.7678571428571429,1.0
fold_06,rolling_7d,pair_global_mean,True,outer->core,168,33.0,0.0,44.59153017124325,51.0,0.30357142857142855,0.19642857142857142,-0.19642857142857142,0.8571428571428571,1.0
fold_06,rolling_7d,pair_global_mean,True,outer->near,168,65.0,0.0,105.95916387985814,131.0,0.7797619047619048,0.3869047619047619,-0.3869047619047619,0.75,1.0
fold_06,rolling_7d,pair_hour_mean,True,core->near,168,183.0,175.0,284.7347619047619,298.0,1.7738095238095237,0.9761904761904762,-0.047619047619047616,0.5119047619047619,0.25
fold_06,rolling_7d,pair_hour_mean,True,core->outer,168,35.0,14.0,41.7220634920635,49.0,0.2916666666666667,0.23214285714285715,-0.125,0.8273809523809523,0.9166666666666666
fold_06,rolling_7d,pair_hour_mean,True,near->core,168,179.0,189.0,235.7663492063492,238.0,1.4166666666666667,0.9047619047619048,0.05952380952380952,0.42857142857142855,0.125
fold_06,rolling_7d,pair_hour_mean,True,near->outer,168,59.0,56.0,83.1415873015873,99.0,0.5892857142857143,0.4107142857142857,-0.017857142857142856,0.7678571428571429,0.6666666666666666
fold_06,rolling_7d,pair_hour_mean,True,outer->core,168,33.0,0.0,42.93396825396825,51.0,0.30357142857142855,0.19642857142857142,-0.19642857142857142,0.8571428571428571,1.0
fold_06,rolling_7d,pair_hour_mean,True,outer->near,168,65.0,49.0,106.28460317460318,116.0,0.6904761904761905,0.4523809523809524,-0.09523809523809523,0.75,0.7083333333333334
fold_06,rolling_7d,pair_recent7_hour,True,core->near,168,183.0,168.0,306.0992063492064,325.0,1.9345238095238095,1.0416666666666667,-0.08928571428571429,0.5119047619047619,0.2916666666666667
fold_06,rolling_7d,pair_recent7_hour,True,core->outer,168,35.0,35.0,45.01587301587301,54.0,0.32142857142857145,0.2619047619047619,0.0,0.8273809523809523,0.7916666666666666
fold_06,rolling_7d,pair_recent7_hour,True,near->core,168,179.0,182.0,265.9087301587301,297.0,1.7678571428571428,0.9940476190476191,0.017857142857142856,0.42857142857142855,0.25
fold_06,rolling_7d,pair_recent7_hour,True,near->outer,168,59.0,42.0,93.14285714285715,113.0,0.6726190476190477,0.43452380952380953,-0.10119047619047619,0.7678571428571429,0.75
fold_06,rolling_7d,pair_recent7_hour,True,outer->core,168,33.0,14.0,49.0515873015873,57.0,0.3392857142857143,0.24404761904761904,-0.1130952380952381,0.8571428571428571,0.9166666666666666
fold_06,rolling_7d,pair_recent7_hour,True,outer->near,168,65.0,63.0,109.19444444444446,128.0,0.7619047619047619,0.5119047619047619,-0.011904761904761904,0.75,0.6666666666666666
fold_06,rolling_7d,pair_recent14_hour,True,core->near,168,183.0,182.0,280.67857142857144,289.0,1.7202380952380953,0.9940476190476191,-0.005952380952380952,0.5119047619047619,0.25
fold_06,rolling_7d,pair_recent14_hour,True,core->outer,168,35.0,14.0,41.806846999154686,49.0,0.2916666666666667,0.23214285714285715,-0.125,0.8273809523809523,0.9166666666666666
fold_06,rolling_7d,pair_recent14_hour,True,near->core,168,179.0,189.0,234.71069315300085,250.0,1.4880952380952381,0.9285714285714286,0.05952380952380952,0.42857142857142855,0.125
fold_06,rolling_7d,pair_recent14_hour,True,near->outer,168,59.0,49.0,82.87024513947591,100.0,0.5952380952380952,0.39285714285714285,-0.05952380952380952,0.7678571428571429,0.7083333333333334
fold_06,rolling_7d,pair_recent14_hour,True,outer->core,168,33.0,0.0,43.27282333051564,51.0,0.30357142857142855,0.19642857142857142,-0.19642857142857142,0.8571428571428571,1.0
fold_06,rolling_7d,pair_recent14_hour,True,outer->near,168,65.0,49.0,107.11284868977177,116.0,0.6904761904761905,0.4523809523809524,-0.09523809523809523,0.75,0.7083333333333334
fold_06,rolling_7d,pair_hour_mean_x085,True,core->near,168,183.0,140.0,284.9212940476191,311.0,1.8511904761904763,0.9464285714285714,-0.25595238095238093,0.5119047619047619,0.3333333333333333
fold_06,rolling_7d,pair_hour_mean_x085,True,core->outer,168,35.0,14.0,41.274405158730154,49.0,0.2916666666666667,0.23214285714285715,-0.125,0.8273809523809523,0.9166666666666666
fold_06,rolling_7d,pair_hour_mean_x085,True,near->core,168,179.0,147.0,233.60811587301583,258.0,1.5357142857142858,0.9047619047619048,-0.19047619047619047,0.42857142857142855,0.25
fold_06,rolling_7d,pair_hour_mean_x085,True,near->outer,168,59.0,42.0,83.97415396825397,99.0,0.5892857142857143,0.3869047619047619,-0.10119047619047619,0.7678571428571429,0.75
fold_06,rolling_7d,pair_hour_mean_x085,True,outer->core,168,33.0,0.0,43.09829206349206,51.0,0.30357142857142855,0.19642857142857142,-0.19642857142857142,0.8571428571428571,1.0
fold_06,rolling_7d,pair_hour_mean_x085,True,outer->near,168,65.0,49.0,103.9461257936508,116.0,0.6904761904761905,0.4523809523809524,-0.09523809523809523,0.75,0.7083333333333334
fold_06,rolling_7d,present_global_prob,True,core->near,168,183.0,168.0,326.8209171310727,325.0,1.9345238095238095,1.1130952380952381,-0.08928571428571429,0.5119047619047619,0.0
fold_06,rolling_7d,present_global_prob,True,core->outer,168,35.0,0.0,45.92013728332179,53.0,0.31547619047619047,0.20833333333333334,-0.20833333333333334,0.8273809523809523,1.0
fold_06,rolling_7d,present_global_prob,True,near->core,168,179.0,168.0,235.18813924873052,241.0,1.4345238095238095,0.9226190476190477,-0.06547619047619048,0.42857142857142855,0.0
fold_06,rolling_7d,present_global_prob,True,near->outer,168,59.0,0.0,94.94945541226173,117.0,0.6964285714285714,0.35119047619047616,-0.35119047619047616,0.7678571428571429,1.0
fold_06,rolling_7d,present_global_prob,True,outer->core,168,33.0,0.0,44.74459451738166,51.0,0.30357142857142855,0.19642857142857142,-0.19642857142857142,0.8571428571428571,1.0
fold_06,rolling_7d,present_global_prob,True,outer->near,168,65.0,35.0,106.56859774819198,140.0,0.8333333333333334,0.5,-0.17857142857142858,0.75,0.7916666666666666
fold_06,rolling_7d,present_hour_prob_raw,True,core->near,168,183.0,175.0,284.7071767841562,298.0,1.7738095238095237,0.9761904761904762,-0.047619047619047616,0.5119047619047619,0.25
fold_06,rolling_7d,present_hour_prob_raw,True,core->outer,168,35.0,14.0,41.72079186935511,49.0,0.2916666666666667,0.23214285714285715,-0.125,0.8273809523809523,0.9166666666666666
fold_06,rolling_7d,present_hour_prob_raw,True,near->core,168,179.0,189.0,235.75754648965517,238.0,1.4166666666666667,0.9047619047619048,0.05952380952380952,0.42857142857142855,0.125
fold_06,rolling_7d,present_hour_prob_raw,True,near->outer,168,59.0,56.0,83.14246947405155,99.0,0.5892857142857143,0.4107142857142857,-0.017857142857142856,0.7678571428571429,0.6666666666666666
fold_06,rolling_7d,present_hour_prob_raw,True,outer->core,168,33.0,0.0,42.926450793650794,51.0,0.30357142857142855,0.19642857142857142,-0.19642857142857142,0.8571428571428571,1.0
fold_06,rolling_7d,present_hour_prob_raw,True,outer->near,168,65.0,49.0,106.28272380952382,116.0,0.6904761904761905,0.4523809523809524,-0.09523809523809523,0.75,0.7083333333333334
fold_06,rolling_7d,present_hour_prob_shrunk20,True,core->near,168,183.0,175.0,280.36806268230885,306.0,1.8214285714285714,1.0119047619047619,-0.047619047619047616,0.5119047619047619,0.20833333333333334
fold_06,rolling_7d,present_hour_prob_shrunk20,True,core->outer,168,35.0,14.0,41.2416733293709,49.0,0.2916666666666667,0.23214285714285715,-0.125,0.8273809523809523,0.9166666666666666
fold_06,rolling_7d,present_hour_prob_shrunk20,True,near->core,168,179.0,189.0,233.90987339389443,238.0,1.4166666666666667,0.9047619047619048,0.05952380952380952,0.42857142857142855,0.125
fold_06,rolling_7d,present_hour_prob_shrunk20,True,near->outer,168,59.0,56.0,83.14630073570694,99.0,0.5892857142857143,0.4107142857142857,-0.017857142857142856,0.7678571428571429,0.6666666666666666
fold_06,rolling_7d,present_hour_prob_shrunk20,True,outer->core,168,33.0,0.0,42.90740912554336,51.0,0.30357142857142855,0.19642857142857142,-0.19642857142857142,0.8571428571428571,1.0
fold_06,rolling_7d,present_hour_prob_shrunk20,True,outer->near,168,65.0,49.0,104.48352533628068,116.0,0.6904761904761905,0.4523809523809524,-0.09523809523809523,0.75,0.7083333333333334
fold_06,rolling_7d,present_recent7_stock_shrunk20,True,core->near,168,183.0,154.0,280.9285364616327,297.0,1.7678571428571428,0.9702380952380952,-0.17261904761904762,0.5119047619047619,0.25
fold_06,rolling_7d,present_recent7_stock_shrunk20,True,core->outer,168,35.0,14.0,41.26527871138251,49.0,0.2916666666666667,0.23214285714285715,-0.125,0.8273809523809523,0.9166666666666666
fold_06,rolling_7d,present_recent7_stock_shrunk20,True,near->core,168,179.0,168.0,233.82446509769787,255.0,1.5178571428571428,0.9226190476190477,-0.06547619047619048,0.42857142857142855,0.16666666666666666
fold_06,rolling_7d,present_recent7_stock_shrunk20,True,near->outer,168,59.0,49.0,83.68594409107399,100.0,0.5952380952380952,0.39285714285714285,-0.05952380952380952,0.7678571428571429,0.7083333333333334
fold_06,rolling_7d,present_recent7_stock_shrunk20,True,outer->core,168,33.0,7.0,42.93895630096973,52.0,0.30952380952380953,0.21428571428571427,-0.15476190476190477,0.8571428571428571,0.9583333333333334
fold_06,rolling_7d,present_recent7_stock_shrunk20,True,outer->near,168,65.0,56.0,105.87486996195415,123.0,0.7321428571428571,0.49404761904761907,-0.05357142857142857,0.75,0.6666666666666666
fold_06,rolling_7d,linkable_global_prob,True,core->near,168,183.0,168.0,326.82091713107263,325.0,1.9345238095238095,1.1130952380952381,-0.08928571428571429,0.5119047619047619,0.0
fold_06,rolling_7d,linkable_global_prob,True,core->outer,168,35.0,0.0,45.9201372833218,53.0,0.31547619047619047,0.20833333333333334,-0.20833333333333334,0.8273809523809523,1.0
fold_06,rolling_7d,linkable_global_prob,True,near->core,168,179.0,168.0,235.18813924873052,241.0,1.4345238095238095,0.9226190476190477,-0.06547619047619048,0.42857142857142855,0.0
fold_06,rolling_7d,linkable_global_prob,True,near->outer,168,59.0,0.0,94.94945541226173,117.0,0.6964285714285714,0.35119047619047616,-0.35119047619047616,0.7678571428571429,1.0
fold_06,rolling_7d,linkable_global_prob,True,outer->core,168,33.0,0.0,44.74459451738166,51.0,0.30357142857142855,0.19642857142857142,-0.19642857142857142,0.8571428571428571,1.0
fold_06,rolling_7d,linkable_global_prob,True,outer->near,168,65.0,35.0,106.56859774819198,140.0,0.8333333333333334,0.5,-0.17857142857142858,0.75,0.7916666666666666
fold_06,rolling_7d,linkable_hour_prob_raw,True,core->near,168,183.0,175.0,284.7071767841562,298.0,1.7738095238095237,0.9761904761904762,-0.047619047619047616,0.5119047619047619,0.25
fold_06,rolling_7d,linkable_hour_prob_raw,True,core->outer,168,35.0,14.0,41.72079186935511,49.0,0.2916666666666667,0.23214285714285715,-0.125,0.8273809523809523,0.9166666666666666
fold_06,rolling_7d,linkable_hour_prob_raw,True,near->core,168,179.0,189.0,235.75754648965517,238.0,1.4166666666666667,0.9047619047619048,0.05952380952380952,0.42857142857142855,0.125
fold_06,rolling_7d,linkable_hour_prob_raw,True,near->outer,168,59.0,56.0,83.14246947405155,99.0,0.5892857142857143,0.4107142857142857,-0.017857142857142856,0.7678571428571429,0.6666666666666666
fold_06,rolling_7d,linkable_hour_prob_raw,True,outer->core,168,33.0,0.0,42.9264507936508,51.0,0.30357142857142855,0.19642857142857142,-0.19642857142857142,0.8571428571428571,1.0
fold_06,rolling_7d,linkable_hour_prob_raw,True,outer->near,168,65.0,49.0,106.28272380952382,116.0,0.6904761904761905,0.4523809523809524,-0.09523809523809523,0.75,0.7083333333333334
fold_06,rolling_7d,linkable_hour_prob_shrunk20,True,core->near,168,183.0,175.0,280.3488996607311,306.0,1.8214285714285714,1.0119047619047619,-0.047619047619047616,0.5119047619047619,0.20833333333333334
fold_06,rolling_7d,linkable_hour_prob_shrunk20,True,core->outer,168,35.0,14.0,41.239547639572336,49.0,0.2916666666666667,0.23214285714285715,-0.125,0.8273809523809523,0.9166666666666666
fold_06,rolling_7d,linkable_hour_prob_shrunk20,True,near->core,168,179.0,189.0,233.86956114333458,238.0,1.4166666666666667,0.9047619047619048,0.05952380952380952,0.42857142857142855,0.125
fold_06,rolling_7d,linkable_hour_prob_shrunk20,True,near->outer,168,59.0,56.0,83.14694413091021,99.0,0.5892857142857143,0.4107142857142857,-0.017857142857142856,0.7678571428571429,0.6666666666666666
fold_06,rolling_7d,linkable_hour_prob_shrunk20,True,outer->core,168,33.0,0.0,42.908366939732225,51.0,0.30357142857142855,0.19642857142857142,-0.19642857142857142,0.8571428571428571,1.0
fold_06,rolling_7d,linkable_hour_prob_shrunk20,True,outer->near,168,65.0,49.0,104.40825525441406,116.0,0.6904761904761905,0.4523809523809524,-0.09523809523809523,0.75,0.7083333333333334
fold_06,rolling_7d,linkable_recent7_stock_shrunk20,True,core->near,168,183.0,154.0,280.91947703559845,297.0,1.7678571428571428,0.9702380952380952,-0.17261904761904762,0.5119047619047619,0.25
fold_06,rolling_7d,linkable_recent7_stock_shrunk20,True,core->outer,168,35.0,14.0,41.264312711105404,49.0,0.2916666666666667,0.23214285714285715,-0.125,0.8273809523809523,0.9166666666666666
fold_06,rolling_7d,linkable_recent7_stock_shrunk20,True,near->core,168,179.0,168.0,233.7945017419371,255.0,1.5178571428571428,0.9226190476190477,-0.06547619047619048,0.42857142857142855,0.16666666666666666
fold_06,rolling_7d,linkable_recent7_stock_shrunk20,True,near->outer,168,59.0,49.0,83.68830633406071,100.0,0.5952380952380952,0.39285714285714285,-0.05952380952380952,0.7678571428571429,0.7083333333333334
fold_06,rolling_7d,linkable_recent7_stock_shrunk20,True,outer->core,168,33.0,7.0,42.93642371816756,52.0,0.30952380952380953,0.21428571428571427,-0.15476190476190477,0.8571428571428571,0.9583333333333334
fold_06,rolling_7d,linkable_recent7_stock_shrunk20,True,outer->near,168,65.0,56.0,105.75788870508035,123.0,0.7321428571428571,0.49404761904761907,-0.05357142857142857,0.75,0.6666666666666666
fold_06,rolling_7d,linkable_hour_prob_shrunk20_vessel_p05,True,core->near,168,183.0,169.0,283.270540190211,298.0,1.7738095238095237,1.0,-0.08333333333333333,0.5119047619047619,0.22023809523809523
fold_06,rolling_7d,linkable_hour_prob_shrunk20_vessel_p05,True,core->outer,168,35.0,14.0,40.86649654370524,49.0,0.2916666666666667,0.23214285714285715,-0.125,0.8273809523809523,0.9166666666666666
fold_06,rolling_7d,linkable_hour_prob_shrunk20_vessel_p05,True,near->core,168,179.0,182.0,234.51997762887927,243.0,1.4464285714285714,0.8988095238095238,0.017857142857142856,0.42857142857142855,0.125
fold_06,rolling_7d,linkable_hour_prob_shrunk20_vessel_p05,True,near->outer,168,59.0,54.0,83.01175764010648,101.0,0.6011904761904762,0.4107142857142857,-0.02976190476190476,0.7678571428571429,0.6785714285714286
fold_06,rolling_7d,linkable_hour_prob_shrunk20_vessel_p05,True,outer->core,168,33.0,0.0,42.868689989092545,51.0,0.30357142857142855,0.19642857142857142,-0.19642857142857142,0.8571428571428571,1.0
fold_06,rolling_7d,linkable_hour_prob_shrunk20_vessel_p05,True,outer->near,168,65.0,49.0,103.58378767088485,116.0,0.6904761904761905,0.4523809523809524,-0.09523809523809523,0.75,0.7083333333333334
fold_06,rolling_7d,oracle_present_hour_prob_shrunk20,False,core->near,168,183.0,199.0,266.08711846518406,276.0,1.6428571428571428,0.9880952380952381,0.09523809523809523,0.5119047619047619,0.19047619047619047
fold_06,rolling_7d,oracle_present_hour_prob_shrunk20,False,core->outer,168,35.0,23.0,42.47631727105413,52.0,0.30952380952380953,0.25,-0.07142857142857142,0.8273809523809523,0.8630952380952381
fold_06,rolling_7d,oracle_present_hour_prob_shrunk20,False,near->core,168,179.0,171.0,235.08655476196807,250.0,1.4880952380952381,0.8809523809523809,-0.047619047619047616,0.42857142857142855,0.17261904761904762
fold_06,rolling_7d,oracle_present_hour_prob_shrunk20,False,near->outer,168,59.0,40.0,81.25651393685727,97.0,0.5773809523809523,0.3869047619047619,-0.1130952380952381,0.7678571428571429,0.7619047619047619
fold_06,rolling_7d,oracle_present_hour_prob_shrunk20,False,outer->core,168,33.0,1.0,40.872299861898014,50.0,0.2976190476190476,0.19047619047619047,-0.19047619047619047,0.8571428571428571,0.9940476190476191
fold_06,rolling_7d,oracle_present_hour_prob_shrunk20,False,outer->near,168,65.0,32.0,85.58688725362165,91.0,0.5416666666666666,0.375,-0.19642857142857142,0.75,0.8095238095238095
fold_06,rolling_7d,oracle_linkable_hour_prob_shrunk20,False,core->near,168,183.0,199.0,267.99123954426466,276.0,1.6428571428571428,0.9880952380952381,0.09523809523809523,0.5119047619047619,0.19642857142857142
fold_06,rolling_7d,oracle_linkable_hour_prob_shrunk20,False,core->outer,168,35.0,23.0,42.35025830889288,52.0,0.30952380952380953,0.25,-0.07142857142857142,0.8273809523809523,0.8630952380952381
fold_06,rolling_7d,oracle_linkable_hour_prob_shrunk20,False,near->core,168,179.0,165.0,241.77084961124592,264.0,1.5714285714285714,0.9047619047619048,-0.08333333333333333,0.42857142857142855,0.20238095238095238
fold_06,rolling_7d,oracle_linkable_hour_prob_shrunk20,False,near->outer,168,59.0,37.0,81.71610960816632,96.0,0.5714285714285714,0.38095238095238093,-0.13095238095238096,0.7678571428571429,0.7797619047619048
fold_06,rolling_7d,oracle_linkable_hour_prob_shrunk20,False,outer->core,168,33.0,0.0,40.99910315599642,51.0,0.30357142857142855,0.19642857142857142,-0.19642857142857142,0.8571428571428571,1.0
fold_06,rolling_7d,oracle_linkable_hour_prob_shrunk20,False,outer->near,168,65.0,35.0,84.04375759568907,88.0,0.5238095238095238,0.35714285714285715,-0.17857142857142858,0.75,0.7916666666666666
fold_07,rolling_7d,pair_global_mean,True,core->near,168,189.0,168.0,323.39718042934373,325.0,1.9345238095238095,1.1369047619047619,-0.125,0.5059523809523809,0.0
fold_07,rolling_7d,pair_global_mean,True,core->outer,168,39.0,0.0,51.98644070107506,61.0,0.3630952380952381,0.23214285714285715,-0.23214285714285715,0.8154761904761905,1.0
fold_07,rolling_7d,pair_global_mean,True,near->core,168,187.0,168.0,253.05425082998727,255.0,1.5178571428571428,0.9226190476190477,-0.1130952380952381,0.40476190476190477,0.0
fold_07,rolling_7d,pair_global_mean,True,near->outer,168,51.0,0.0,74.01012345847336,89.0,0.5297619047619048,0.30357142857142855,-0.30357142857142855,0.7857142857142857,1.0
fold_07,rolling_7d,pair_global_mean,True,outer->core,168,34.0,0.0,41.18367430414005,48.0,0.2857142857142857,0.20238095238095238,-0.20238095238095238,0.8392857142857143,1.0
fold_07,rolling_7d,pair_global_mean,True,outer->near,168,60.0,0.0,95.13659510938106,116.0,0.6904761904761905,0.35714285714285715,-0.35714285714285715,0.7619047619047619,1.0
fold_07,rolling_7d,pair_hour_mean,True,core->near,168,189.0,168.0,293.4332986111111,333.0,1.9821428571428572,1.005952380952381,-0.125,0.5059523809523809,0.3333333333333333
fold_07,rolling_7d,pair_hour_mean,True,core->outer,168,39.0,14.0,46.019062500000004,55.0,0.3273809523809524,0.25595238095238093,-0.1488095238095238,0.8154761904761905,0.9166666666666666
fold_07,rolling_7d,pair_hour_mean,True,near->core,168,187.0,182.0,237.75734375000002,245.0,1.4583333333333333,0.8988095238095238,-0.02976190476190476,0.40476190476190477,0.16666666666666666
fold_07,rolling_7d,pair_hour_mean,True,near->outer,168,51.0,49.0,72.36168402777778,92.0,0.5476190476190477,0.38095238095238093,-0.011904761904761904,0.7857142857142857,0.7083333333333334
fold_07,rolling_7d,pair_hour_mean,True,outer->core,168,34.0,14.0,42.08434027777778,52.0,0.30952380952380953,0.23809523809523808,-0.11904761904761904,0.8392857142857143,0.9166666666666666
fold_07,rolling_7d,pair_hour_mean,True,outer->near,168,60.0,56.0,93.85142361111112,102.0,0.6071428571428571,0.42857142857142855,-0.023809523809523808,0.7619047619047619,0.6666666666666666
fold_07,rolling_7d,pair_recent7_hour,True,core->near,168,189.0,189.0,298.8611111111111,326.0,1.9404761904761905,1.0714285714285714,0.0,0.5059523809523809,0.25
fold_07,rolling_7d,pair_recent7_hour,True,core->outer,168,39.0,21.0,47.73015873015873,54.0,0.32142857142857145,0.25,-0.10714285714285714,0.8154761904761905,0.875
fold_07,rolling_7d,pair_recent7_hour,True,near->core,168,187.0,161.0,254.53968253968253,264.0,1.5714285714285714,0.8571428571428571,-0.15476190476190477,0.40476190476190477,0.20833333333333334
fold_07,rolling_7d,pair_recent7_hour,True,near->outer,168,51.0,49.0,77.0,88.0,0.5238095238095238,0.38095238095238093,-0.011904761904761904,0.7857142857142857,0.7083333333333334
fold_07,rolling_7d,pair_recent7_hour,True,outer->core,168,34.0,7.0,49.0,51.0,0.30357142857142855,0.22023809523809523,-0.16071428571428573,0.8392857142857143,0.9583333333333334
fold_07,rolling_7d,pair_recent7_hour,True,outer->near,168,60.0,49.0,97.76587301587303,123.0,0.7321428571428571,0.47023809523809523,-0.06547619047619048,0.7619047619047619,0.7083333333333334
fold_07,rolling_7d,pair_recent14_hour,True,core->near,168,189.0,182.0,280.2142857142857,287.0,1.7083333333333333,0.9940476190476191,-0.041666666666666664,0.5059523809523809,0.25
fold_07,rolling_7d,pair_recent14_hour,True,core->outer,168,39.0,14.0,45.735418427726124,55.0,0.3273809523809524,0.25595238095238093,-0.1488095238095238,0.8154761904761905,0.9166666666666666
fold_07,rolling_7d,pair_recent14_hour,True,near->core,168,187.0,182.0,242.11517328825022,261.0,1.5535714285714286,0.9345238095238095,-0.02976190476190476,0.40476190476190477,0.16666666666666666
fold_07,rolling_7d,pair_recent14_hour,True,near->outer,168,51.0,35.0,72.03275570583264,88.0,0.5238095238095238,0.35714285714285715,-0.09523809523809523,0.7857142857142857,0.7916666666666666
fold_07,rolling_7d,pair_recent14_hour,True,outer->core,168,34.0,14.0,44.14370245139476,52.0,0.30952380952380953,0.23809523809523808,-0.11904761904761904,0.8392857142857143,0.9166666666666666
fold_07,rolling_7d,pair_recent14_hour,True,outer->near,168,60.0,56.0,93.2914201183432,102.0,0.6071428571428571,0.42857142857142855,-0.023809523809523808,0.7619047619047619,0.6666666666666666
fold_07,rolling_7d,pair_hour_mean_x085,True,core->near,168,189.0,133.0,294.1276832465278,318.0,1.8928571428571428,0.9523809523809523,-0.3333333333333333,0.5059523809523809,0.375
fold_07,rolling_7d,pair_hour_mean_x085,True,core->outer,168,39.0,14.0,45.97833515625,55.0,0.3273809523809524,0.25595238095238093,-0.1488095238095238,0.8154761904761905,0.9166666666666666
fold_07,rolling_7d,pair_hour_mean_x085,True,near->core,168,187.0,147.0,240.614118359375,254.0,1.5119047619047619,0.8571428571428571,-0.23809523809523808,0.40476190476190477,0.20833333333333334
fold_07,rolling_7d,pair_hour_mean_x085,True,near->outer,168,51.0,35.0,69.94931671006944,88.0,0.5238095238095238,0.35714285714285715,-0.09523809523809523,0.7857142857142857,0.7916666666666666
fold_07,rolling_7d,pair_hour_mean_x085,True,outer->core,168,34.0,0.0,41.76349835069445,48.0,0.2857142857142857,0.20238095238095238,-0.20238095238095238,0.8392857142857143,1.0
fold_07,rolling_7d,pair_hour_mean_x085,True,outer->near,168,60.0,49.0,91.15234105902778,101.0,0.6011904761904762,0.4107142857142857,-0.06547619047619048,0.7619047619047619,0.7083333333333334
fold_07,rolling_7d,present_global_prob,True,core->near,168,189.0,168.0,327.21561439989415,325.0,1.9345238095238095,1.1369047619047619,-0.125,0.5059523809523809,0.0
fold_07,rolling_7d,present_global_prob,True,core->outer,168,39.0,0.0,52.335060517081004,61.0,0.3630952380952381,0.23214285714285715,-0.23214285714285715,0.8154761904761905,1.0
fold_07,rolling_7d,present_global_prob,True,near->core,168,187.0,168.0,247.63229527851536,255.0,1.5178571428571428,0.9226190476190477,-0.1130952380952381,0.40476190476190477,0.0
fold_07,rolling_7d,present_global_prob,True,near->outer,168,51.0,0.0,73.0588681444538,89.0,0.5297619047619048,0.30357142857142855,-0.30357142857142855,0.7857142857142857,1.0
fold_07,rolling_7d,present_global_prob,True,outer->core,168,34.0,0.0,42.013224579343984,48.0,0.2857142857142857,0.20238095238095238,-0.20238095238095238,0.8392857142857143,1.0
fold_07,rolling_7d,present_global_prob,True,outer->near,168,60.0,35.0,95.89912310242049,129.0,0.7678571428571429,0.48214285714285715,-0.1488095238095238,0.7619047619047619,0.7916666666666666
fold_07,rolling_7d,present_hour_prob_raw,True,core->near,168,189.0,168.0,293.2574324845679,333.0,1.9821428571428572,1.005952380952381,-0.125,0.5059523809523809,0.3333333333333333
fold_07,rolling_7d,present_hour_prob_raw,True,core->outer,168,39.0,14.0,46.01418402777778,55.0,0.3273809523809524,0.25595238095238093,-0.1488095238095238,0.8154761904761905,0.9166666666666666
fold_07,rolling_7d,present_hour_prob_raw,True,near->core,168,187.0,182.0,237.88503331924173,245.0,1.4583333333333333,0.8988095238095238,-0.02976190476190476,0.40476190476190477,0.16666666666666666
fold_07,rolling_7d,present_hour_prob_raw,True,near->outer,168,51.0,49.0,72.34441888794944,92.0,0.5476190476190477,0.38095238095238093,-0.011904761904761904,0.7857142857142857,0.7083333333333334
fold_07,rolling_7d,present_hour_prob_raw,True,outer->core,168,34.0,14.0,42.08483797382248,52.0,0.30952380952380953,0.23809523809523808,-0.11904761904761904,0.8392857142857143,0.9166666666666666
fold_07,rolling_7d,present_hour_prob_raw,True,outer->near,168,60.0,56.0,93.8499498616063,102.0,0.6071428571428571,0.42857142857142855,-0.023809523809523808,0.7619047619047619,0.6666666666666666
fold_07,rolling_7d,present_hour_prob_shrunk20,True,core->near,168,189.0,168.0,288.24282817621463,295.0,1.755952380952381,0.9702380952380952,-0.125,0.5059523809523809,0.25
fold_07,rolling_7d,present_hour_prob_shrunk20,True,core->outer,168,39.0,14.0,45.67203352596025,55.0,0.3273809523809524,0.25595238095238093,-0.1488095238095238,0.8154761904761905,0.9166666666666666
fold_07,rolling_7d,present_hour_prob_shrunk20,True,near->core,168,187.0,189.0,236.73541534550196,248.0,1.4761904761904763,0.9166666666666666,0.011904761904761904,0.40476190476190477,0.08333333333333333
fold_07,rolling_7d,present_hour_prob_shrunk20,True,near->outer,168,51.0,49.0,71.73276854817084,92.0,0.5476190476190477,0.38095238095238093,-0.011904761904761904,0.7857142857142857,0.7083333333333334
fold_07,rolling_7d,present_hour_prob_shrunk20,True,outer->core,168,34.0,14.0,41.709965838491556,52.0,0.30952380952380953,0.23809523809523808,-0.11904761904761904,0.8392857142857143,0.9166666666666666
fold_07,rolling_7d,present_hour_prob_shrunk20,True,outer->near,168,60.0,56.0,92.40545329343163,102.0,0.6071428571428571,0.42857142857142855,-0.023809523809523808,0.7619047619047619,0.6666666666666666
fold_07,rolling_7d,present_recent7_stock_shrunk20,True,core->near,168,189.0,154.0,288.81079080230256,303.0,1.8035714285714286,0.9583333333333334,-0.20833333333333334,0.5059523809523809,0.2916666666666667
fold_07,rolling_7d,present_recent7_stock_shrunk20,True,core->outer,168,39.0,14.0,45.760916276982535,55.0,0.3273809523809524,0.25595238095238093,-0.1488095238095238,0.8154761904761905,0.9166666666666666
fold_07,rolling_7d,present_recent7_stock_shrunk20,True,near->core,168,187.0,168.0,239.37813248939108,251.0,1.494047619047619,0.8869047619047619,-0.1130952380952381,0.40476190476190477,0.16666666666666666
fold_07,rolling_7d,present_recent7_stock_shrunk20,True,near->outer,168,51.0,42.0,70.90413336048128,89.0,0.5297619047619048,0.3630952380952381,-0.05357142857142857,0.7857142857142857,0.75
fold_07,rolling_7d,present_recent7_stock_shrunk20,True,outer->core,168,34.0,14.0,42.373293219067705,52.0,0.30952380952380953,0.23809523809523808,-0.11904761904761904,0.8392857142857143,0.9166666666666666
fold_07,rolling_7d,present_recent7_stock_shrunk20,True,outer->near,168,60.0,56.0,94.91123589579576,102.0,0.6071428571428571,0.42857142857142855,-0.023809523809523808,0.7619047619047619,0.6666666666666666
fold_07,rolling_7d,linkable_global_prob,True,core->near,168,189.0,168.0,327.2156143998941,325.0,1.9345238095238095,1.1369047619047619,-0.125,0.5059523809523809,0.0
fold_07,rolling_7d,linkable_global_prob,True,core->outer,168,39.0,0.0,52.335060517081004,61.0,0.3630952380952381,0.23214285714285715,-0.23214285714285715,0.8154761904761905,1.0
fold_07,rolling_7d,linkable_global_prob,True,near->core,168,187.0,168.0,247.6322952785153,255.0,1.5178571428571428,0.9226190476190477,-0.1130952380952381,0.40476190476190477,0.0
fold_07,rolling_7d,linkable_global_prob,True,near->outer,168,51.0,0.0,73.05886814445378,89.0,0.5297619047619048,0.30357142857142855,-0.30357142857142855,0.7857142857142857,1.0
fold_07,rolling_7d,linkable_global_prob,True,outer->core,168,34.0,0.0,42.013224579343984,48.0,0.2857142857142857,0.20238095238095238,-0.20238095238095238,0.8392857142857143,1.0
fold_07,rolling_7d,linkable_global_prob,True,outer->near,168,60.0,35.0,95.89912310242049,129.0,0.7678571428571429,0.48214285714285715,-0.1488095238095238,0.7619047619047619,0.7916666666666666
fold_07,rolling_7d,linkable_hour_prob_raw,True,core->near,168,189.0,168.0,293.2574324845679,333.0,1.9821428571428572,1.005952380952381,-0.125,0.5059523809523809,0.3333333333333333
fold_07,rolling_7d,linkable_hour_prob_raw,True,core->outer,168,39.0,14.0,46.01418402777778,55.0,0.3273809523809524,0.25595238095238093,-0.1488095238095238,0.8154761904761905,0.9166666666666666
fold_07,rolling_7d,linkable_hour_prob_raw,True,near->core,168,187.0,182.0,237.88503331924173,245.0,1.4583333333333333,0.8988095238095238,-0.02976190476190476,0.40476190476190477,0.16666666666666666
fold_07,rolling_7d,linkable_hour_prob_raw,True,near->outer,168,51.0,49.0,72.34441888794944,92.0,0.5476190476190477,0.38095238095238093,-0.011904761904761904,0.7857142857142857,0.7083333333333334
fold_07,rolling_7d,linkable_hour_prob_raw,True,outer->core,168,34.0,14.0,42.08483797382248,52.0,0.30952380952380953,0.23809523809523808,-0.11904761904761904,0.8392857142857143,0.9166666666666666
fold_07,rolling_7d,linkable_hour_prob_raw,True,outer->near,168,60.0,56.0,93.8499498616063,102.0,0.6071428571428571,0.42857142857142855,-0.023809523809523808,0.7619047619047619,0.6666666666666666
fold_07,rolling_7d,linkable_hour_prob_shrunk20,True,core->near,168,189.0,168.0,288.22053616412984,295.0,1.755952380952381,0.9702380952380952,-0.125,0.5059523809523809,0.25
fold_07,rolling_7d,linkable_hour_prob_shrunk20,True,core->outer,168,39.0,14.0,45.67076259528317,55.0,0.3273809523809524,0.25595238095238093,-0.1488095238095238,0.8154761904761905,0.9166666666666666
fold_07,rolling_7d,linkable_hour_prob_shrunk20,True,near->core,168,187.0,189.0,236.7100317012244,248.0,1.4761904761904763,0.9166666666666666,0.011904761904761904,0.40476190476190477,0.08333333333333333
fold_07,rolling_7d,linkable_hour_prob_shrunk20,True,near->outer,168,51.0,49.0,71.71913731632114,92.0,0.5476190476190477,0.38095238095238093,-0.011904761904761904,0.7857142857142857,0.7083333333333334
fold_07,rolling_7d,linkable_hour_prob_shrunk20,True,outer->core,168,34.0,14.0,41.69312767950004,52.0,0.30952380952380953,0.23809523809523808,-0.11904761904761904,0.8392857142857143,0.9166666666666666
fold_07,rolling_7d,linkable_hour_prob_shrunk20,True,outer->near,168,60.0,56.0,92.34344754973188,102.0,0.6071428571428571,0.42857142857142855,-0.023809523809523808,0.7619047619047619,0.6666666666666666
fold_07,rolling_7d,linkable_recent7_stock_shrunk20,True,core->near,168,189.0,154.0,288.7953690192983,303.0,1.8035714285714286,0.9583333333333334,-0.20833333333333334,0.5059523809523809,0.2916666666666667
fold_07,rolling_7d,linkable_recent7_stock_shrunk20,True,core->outer,168,39.0,14.0,45.76085421451965,55.0,0.3273809523809524,0.25595238095238093,-0.1488095238095238,0.8154761904761905,0.9166666666666666
fold_07,rolling_7d,linkable_recent7_stock_shrunk20,True,near->core,168,187.0,168.0,239.36267948378804,251.0,1.494047619047619,0.8869047619047619,-0.1130952380952381,0.40476190476190477,0.16666666666666666
fold_07,rolling_7d,linkable_recent7_stock_shrunk20,True,near->outer,168,51.0,42.0,70.89357126476921,89.0,0.5297619047619048,0.3630952380952381,-0.05357142857142857,0.7857142857142857,0.75
fold_07,rolling_7d,linkable_recent7_stock_shrunk20,True,outer->core,168,34.0,14.0,42.35107877233109,52.0,0.30952380952380953,0.23809523809523808,-0.11904761904761904,0.8392857142857143,0.9166666666666666
fold_07,rolling_7d,linkable_recent7_stock_shrunk20,True,outer->near,168,60.0,56.0,94.81249743233842,102.0,0.6071428571428571,0.42857142857142855,-0.023809523809523808,0.7619047619047619,0.6666666666666666
fold_07,rolling_7d,linkable_hour_prob_shrunk20_vessel_p05,True,core->near,168,189.0,163.0,291.6955906757378,308.0,1.8333333333333333,0.9880952380952381,-0.15476190476190477,0.5059523809523809,0.25
fold_07,rolling_7d,linkable_hour_prob_shrunk20_vessel_p05,True,core->outer,168,39.0,14.0,45.59372104424077,55.0,0.3273809523809524,0.25595238095238093,-0.1488095238095238,0.8154761904761905,0.9166666666666666
fold_07,rolling_7d,linkable_hour_prob_shrunk20_vessel_p05,True,near->core,168,187.0,183.0,238.54349330496916,244.0,1.4523809523809523,0.8928571428571429,-0.023809523809523808,0.40476190476190477,0.11904761904761904
fold_07,rolling_7d,linkable_hour_prob_shrunk20_vessel_p05,True,near->outer,168,51.0,46.0,70.92236881736466,91.0,0.5416666666666666,0.375,-0.02976190476190476,0.7857142857142857,0.7261904761904762
fold_07,rolling_7d,linkable_hour_prob_shrunk20_vessel_p05,True,outer->core,168,34.0,8.0,41.637868857057235,50.0,0.2976190476190476,0.2261904761904762,-0.15476190476190477,0.8392857142857143,0.9523809523809523
fold_07,rolling_7d,linkable_hour_prob_shrunk20_vessel_p05,True,outer->near,168,60.0,53.0,91.2852985732361,101.0,0.6011904761904762,0.4226190476190476,-0.041666666666666664,0.7619047619047619,0.6845238095238095
fold_07,rolling_7d,oracle_present_hour_prob_shrunk20,False,core->near,168,189.0,199.0,273.071750505164,280.0,1.6666666666666667,1.0119047619047619,0.05952380952380952,0.5059523809523809,0.17857142857142858
fold_07,rolling_7d,oracle_present_hour_prob_shrunk20,False,core->outer,168,39.0,19.0,47.03089087746369,56.0,0.3333333333333333,0.2619047619047619,-0.11904761904761904,0.8154761904761905,0.8869047619047619
fold_07,rolling_7d,oracle_present_hour_prob_shrunk20,False,near->core,168,187.0,169.0,239.9867952510204,258.0,1.5357142857142858,0.8690476190476191,-0.10714285714285714,0.40476190476190477,0.17261904761904762
fold_07,rolling_7d,oracle_present_hour_prob_shrunk20,False,near->outer,168,51.0,41.0,69.59150758577782,88.0,0.5238095238095238,0.36904761904761907,-0.05952380952380952,0.7857142857142857,0.7559523809523809
fold_07,rolling_7d,oracle_present_hour_prob_shrunk20,False,outer->core,168,34.0,0.0,39.093396364609625,48.0,0.2857142857142857,0.20238095238095238,-0.20238095238095238,0.8392857142857143,1.0
fold_07,rolling_7d,oracle_present_hour_prob_shrunk20,False,outer->near,168,60.0,40.0,74.7826172144312,82.0,0.4880952380952381,0.36904761904761907,-0.11904761904761904,0.7619047619047619,0.7619047619047619
fold_07,rolling_7d,oracle_linkable_hour_prob_shrunk20,False,core->near,168,189.0,196.0,275.05153168796016,287.0,1.7083333333333333,1.0178571428571428,0.041666666666666664,0.5059523809523809,0.19047619047619047
fold_07,rolling_7d,oracle_linkable_hour_prob_shrunk20,False,core->outer,168,39.0,20.0,46.88182295661734,55.0,0.3273809523809524,0.25595238095238093,-0.1130952380952381,0.8154761904761905,0.8809523809523809
fold_07,rolling_7d,oracle_linkable_hour_prob_shrunk20,False,near->core,168,187.0,161.0,247.1648022803728,262.0,1.5595238095238095,0.8690476190476191,-0.15476190476190477,0.40476190476190477,0.21428571428571427
fold_07,rolling_7d,oracle_linkable_hour_prob_shrunk20,False,near->outer,168,51.0,37.0,69.82609049184147,86.0,0.5119047619047619,0.35714285714285715,-0.08333333333333333,0.7857142857142857,0.7797619047619048
fold_07,rolling_7d,oracle_linkable_hour_prob_shrunk20,False,outer->core,168,34.0,0.0,39.26521900768119,48.0,0.2857142857142857,0.20238095238095238,-0.20238095238095238,0.8392857142857143,1.0
fold_07,rolling_7d,oracle_linkable_hour_prob_shrunk20,False,outer->near,168,60.0,39.0,72.72148142645457,79.0,0.47023809523809523,0.3630952380952381,-0.125,0.7619047619047619,0.7738095238095238
fold_08,rolling_7d,pair_global_mean,True,core->near,167,185.0,167.0,330.20188470802725,332.0,1.9880239520958083,1.1017964071856288,-0.10778443113772455,0.49700598802395207,0.0
fold_08,rolling_7d,pair_global_mean,True,core->outer,167,39.0,0.0,51.99399936009274,61.0,0.3652694610778443,0.23353293413173654,-0.23353293413173654,0.8143712574850299,1.0
fold_08,rolling_7d,pair_global_mean,True,near->core,167,187.0,167.0,305.7684863778229,308.0,1.844311377245509,0.9461077844311377,-0.11976047904191617,0.41317365269461076,0.0
fold_08,rolling_7d,pair_global_mean,True,near->outer,167,53.0,0.0,70.40143315081892,87.0,0.5209580838323353,0.31736526946107785,-0.31736526946107785,0.7664670658682635,1.0
fold_08,rolling_7d,pair_global_mean,True,outer->core,167,34.0,0.0,39.17590205796594,46.0,0.2754491017964072,0.20359281437125748,-0.20359281437125748,0.8323353293413174,1.0
fold_08,rolling_7d,pair_global_mean,True,outer->near,167,60.0,0.0,92.79839298758219,114.0,0.6826347305389222,0.3592814371257485,-0.3592814371257485,0.7544910179640718,1.0
fold_08,rolling_7d,pair_hour_mean,True,core->near,167,185.0,174.0,308.71223507785464,329.0,1.970059880239521,1.0,-0.0658682634730539,0.49700598802395207,0.25149700598802394
fold_08,rolling_7d,pair_hour_mean,True,core->outer,167,39.0,14.0,45.20142192906575,55.0,0.32934131736526945,0.25748502994011974,-0.1497005988023952,0.8143712574850299,0.9161676646706587
fold_08,rolling_7d,pair_hour_mean,True,near->core,167,187.0,181.0,292.78838667820065,314.0,1.8802395209580838,0.9580838323353293,-0.03592814371257485,0.41317365269461076,0.12574850299401197
fold_08,rolling_7d,pair_hour_mean,True,near->outer,167,53.0,48.0,64.68649978373702,81.0,0.48502994011976047,0.3532934131736527,-0.029940119760479042,0.7664670658682635,0.7125748502994012
fold_08,rolling_7d,pair_hour_mean,True,outer->core,167,34.0,14.0,39.7641652249135,50.0,0.2994011976047904,0.23952095808383234,-0.11976047904191617,0.8323353293413174,0.9161676646706587
fold_08,rolling_7d,pair_hour_mean,True,outer->near,167,60.0,56.0,88.3902195069204,98.0,0.5868263473053892,0.41916167664670656,-0.023952095808383235,0.7544910179640718,0.6646706586826348
fold_08,rolling_7d,pair_recent7_hour,True,core->near,167,185.0,174.0,310.8571428571429,323.0,1.9341317365269461,1.0,-0.0658682634730539,0.49700598802395207,0.2934131736526946
fold_08,rolling_7d,pair_recent7_hour,True,core->outer,167,39.0,14.0,48.19047619047619,55.0,0.32934131736526945,0.25748502994011974,-0.1497005988023952,0.8143712574850299,0.9161676646706587
fold_08,rolling_7d,pair_recent7_hour,True,near->core,167,187.0,181.0,306.28571428571433,312.0,1.8682634730538923,0.9221556886227545,-0.03592814371257485,0.41317365269461076,0.12574850299401197
fold_08,rolling_7d,pair_recent7_hour,True,near->outer,167,53.0,56.0,69.92857142857144,83.0,0.49700598802395207,0.38922155688622756,0.017964071856287425,0.7664670658682635,0.6646706586826348
fold_08,rolling_7d,pair_recent7_hour,True,outer->core,167,34.0,7.0,45.85714285714286,49.0,0.2934131736526946,0.2215568862275449,-0.16167664670658682,0.8323353293413174,0.9580838323353293
fold_08,rolling_7d,pair_recent7_hour,True,outer->near,167,60.0,63.0,93.28571428571428,117.0,0.7005988023952096,0.48502994011976047,0.017964071856287425,0.7544910179640718,0.6227544910179641
fold_08,rolling_7d,pair_recent14_hour,True,core->near,167,185.0,174.0,292.5,305.0,1.8263473053892216,0.9640718562874252,-0.0658682634730539,0.49700598802395207,0.2934131736526946
fold_08,rolling_7d,pair_recent14_hour,True,core->outer,167,39.0,14.0,45.24091293322062,55.0,0.32934131736526945,0.25748502994011974,-0.1497005988023952,0.8143712574850299,0.9161676646706587
fold_08,rolling_7d,pair_recent14_hour,True,near->core,167,187.0,174.0,295.65912933220625,323.0,1.9341317365269461,0.9520958083832335,-0.07784431137724551,0.41317365269461076,0.20958083832335328
fold_08,rolling_7d,pair_recent14_hour,True,near->outer,167,53.0,35.0,64.77768385460692,80.0,0.47904191616766467,0.3473053892215569,-0.10778443113772455,0.7664670658682635,0.7904191616766467
fold_08,rolling_7d,pair_recent14_hour,True,outer->core,167,34.0,14.0,41.548605240912934,50.0,0.2994011976047904,0.23952095808383234,-0.11976047904191617,0.8323353293413174,0.9161676646706587
fold_08,rolling_7d,pair_recent14_hour,True,outer->near,167,60.0,56.0,86.14264581572274,98.0,0.5868263473053892,0.41916167664670656,-0.023952095808383235,0.7544910179640718,0.6646706586826348
fold_08,rolling_7d,pair_hour_mean_x085,True,core->near,167,185.0,146.0,305.28302734374995,301.0,1.8023952095808384,0.9161676646706587,-0.23353293413173654,0.49700598802395207,0.33532934131736525
fold_08,rolling_7d,pair_hour_mean_x085,True,core->outer,167,39.0,14.0,45.49990234375,55.0,0.32934131736526945,0.25748502994011974,-0.1497005988023952,0.8143712574850299,0.9161676646706587
fold_08,rolling_7d,pair_hour_mean_x085,True,near->core,167,187.0,160.0,295.10648437500004,309.0,1.8502994011976048,0.9041916167664671,-0.16167664670658682,0.41317365269461076,0.20958083832335328
fold_08,rolling_7d,pair_hour_mean_x085,True,near->outer,167,53.0,35.0,63.42162109374999,80.0,0.47904191616766467,0.3473053892215569,-0.10778443113772455,0.7664670658682635,0.7904191616766467
fold_08,rolling_7d,pair_hour_mean_x085,True,outer->core,167,34.0,0.0,39.572734375,46.0,0.2754491017964072,0.20359281437125748,-0.20359281437125748,0.8323353293413174,1.0
fold_08,rolling_7d,pair_hour_mean_x085,True,outer->near,167,60.0,49.0,86.60193359375,97.0,0.5808383233532934,0.40119760479041916,-0.0658682634730539,0.7544910179640718,0.7065868263473054
fold_08,rolling_7d,present_global_prob,True,core->near,167,185.0,167.0,336.9667572295368,332.0,1.9880239520958083,1.1017964071856288,-0.10778443113772455,0.49700598802395207,0.0
fold_08,rolling_7d,present_global_prob,True,core->outer,167,39.0,0.0,52.427903899519244,61.0,0.3652694610778443,0.23353293413173654,-0.23353293413173654,0.8143712574850299,1.0
fold_08,rolling_7d,present_global_prob,True,near->core,167,187.0,167.0,302.1153192663371,308.0,1.844311377245509,0.9461077844311377,-0.11976047904191617,0.41317365269461076,0.0
fold_08,rolling_7d,present_global_prob,True,near->outer,167,53.0,0.0,69.17549899598839,87.0,0.5209580838323353,0.31736526946107785,-0.31736526946107785,0.7664670658682635,1.0
fold_08,rolling_7d,present_global_prob,True,outer->core,167,34.0,0.0,39.76553672175528,46.0,0.2754491017964072,0.20359281437125748,-0.20359281437125748,0.8323353293413174,1.0
fold_08,rolling_7d,present_global_prob,True,outer->near,167,60.0,28.0,92.37624410568142,122.0,0.7305389221556886,0.4431137724550898,-0.19161676646706588,0.7544910179640718,0.8323353293413174
fold_08,rolling_7d,present_hour_prob_raw,True,core->near,167,185.0,174.0,308.86853066556756,329.0,1.970059880239521,1.0,-0.0658682634730539,0.49700598802395207,0.25149700598802394
fold_08,rolling_7d,present_hour_prob_raw,True,core->outer,167,39.0,14.0,45.20659410222673,55.0,0.32934131736526945,0.25748502994011974,-0.1497005988023952,0.8143712574850299,0.9161676646706587
fold_08,rolling_7d,present_hour_prob_raw,True,near->core,167,187.0,181.0,292.91598638254817,314.0,1.8802395209580838,0.9580838323353293,-0.03592814371257485,0.41317365269461076,0.12574850299401197
fold_08,rolling_7d,present_hour_prob_raw,True,near->outer,167,53.0,48.0,64.66640391150457,81.0,0.48502994011976047,0.3532934131736527,-0.029940119760479042,0.7664670658682635,0.7125748502994012
fold_08,rolling_7d,present_hour_prob_raw,True,outer->core,167,34.0,14.0,39.7639726250611,50.0,0.2994011976047904,0.23952095808383234,-0.11976047904191617,0.8323353293413174,0.9161676646706587
fold_08,rolling_7d,present_hour_prob_raw,True,outer->near,167,60.0,56.0,88.39036485540933,98.0,0.5868263473053892,0.41916167664670656,-0.023952095808383235,0.7544910179640718,0.6646706586826348
fold_08,rolling_7d,present_hour_prob_shrunk20,True,core->near,167,185.0,174.0,303.3451160798443,319.0,1.910179640718563,1.0,-0.0658682634730539,0.49700598802395207,0.20958083832335328
fold_08,rolling_7d,present_hour_prob_shrunk20,True,core->outer,167,39.0,14.0,45.07139182457104,55.0,0.32934131736526945,0.25748502994011974,-0.1497005988023952,0.8143712574850299,0.9161676646706587
fold_08,rolling_7d,present_hour_prob_shrunk20,True,near->core,167,187.0,181.0,291.73997452133887,314.0,1.8802395209580838,0.9580838323353293,-0.03592814371257485,0.41317365269461076,0.12574850299401197
fold_08,rolling_7d,present_hour_prob_shrunk20,True,near->outer,167,53.0,48.0,64.28962778173118,81.0,0.48502994011976047,0.3532934131736527,-0.029940119760479042,0.7664670658682635,0.7125748502994012
fold_08,rolling_7d,present_hour_prob_shrunk20,True,outer->core,167,34.0,0.0,39.42971335408826,46.0,0.2754491017964072,0.20359281437125748,-0.20359281437125748,0.8323353293413174,1.0
fold_08,rolling_7d,present_hour_prob_shrunk20,True,outer->near,167,60.0,56.0,87.36718518867826,98.0,0.5868263473053892,0.41916167664670656,-0.023952095808383235,0.7544910179640718,0.6646706586826348
fold_08,rolling_7d,present_recent7_stock_shrunk20,True,core->near,167,185.0,160.0,301.4052697488472,327.0,1.9580838323353293,1.0,-0.1497005988023952,0.49700598802395207,0.25149700598802394
fold_08,rolling_7d,present_recent7_stock_shrunk20,True,core->outer,167,39.0,14.0,45.18978944597606,55.0,0.32934131736526945,0.25748502994011974,-0.1497005988023952,0.8143712574850299,0.9161676646706587
fold_08,rolling_7d,present_recent7_stock_shrunk20,True,near->core,167,187.0,174.0,295.6957835723883,313.0,1.874251497005988,0.9401197604790419,-0.07784431137724551,0.41317365269461076,0.12574850299401197
fold_08,rolling_7d,present_recent7_stock_shrunk20,True,near->outer,167,53.0,35.0,63.48346297166468,80.0,0.47904191616766467,0.3473053892215569,-0.10778443113772455,0.7664670658682635,0.7904191616766467
fold_08,rolling_7d,present_recent7_stock_shrunk20,True,outer->core,167,34.0,14.0,39.96332825802706,50.0,0.2994011976047904,0.23952095808383234,-0.11976047904191617,0.8323353293413174,0.9161676646706587
fold_08,rolling_7d,present_recent7_stock_shrunk20,True,outer->near,167,60.0,56.0,88.07742472698547,98.0,0.5868263473053892,0.41916167664670656,-0.023952095808383235,0.7544910179640718,0.6646706586826348
fold_08,rolling_7d,linkable_global_prob,True,core->near,167,185.0,167.0,336.9667572295368,332.0,1.9880239520958083,1.1017964071856288,-0.10778443113772455,0.49700598802395207,0.0
fold_08,rolling_7d,linkable_global_prob,True,core->outer,167,39.0,0.0,52.427903899519244,61.0,0.3652694610778443,0.23353293413173654,-0.23353293413173654,0.8143712574850299,1.0
fold_08,rolling_7d,linkable_global_prob,True,near->core,167,187.0,167.0,302.1153192663371,308.0,1.844311377245509,0.9461077844311377,-0.11976047904191617,0.41317365269461076,0.0
fold_08,rolling_7d,linkable_global_prob,True,near->outer,167,53.0,0.0,69.17549899598839,87.0,0.5209580838323353,0.31736526946107785,-0.31736526946107785,0.7664670658682635,1.0
fold_08,rolling_7d,linkable_global_prob,True,outer->core,167,34.0,0.0,39.76553672175528,46.0,0.2754491017964072,0.20359281437125748,-0.20359281437125748,0.8323353293413174,1.0
fold_08,rolling_7d,linkable_global_prob,True,outer->near,167,60.0,28.0,92.37624410568142,122.0,0.7305389221556886,0.4431137724550898,-0.19161676646706588,0.7544910179640718,0.8323353293413174
fold_08,rolling_7d,linkable_hour_prob_raw,True,core->near,167,185.0,174.0,308.86853066556756,329.0,1.970059880239521,1.0,-0.0658682634730539,0.49700598802395207,0.25149700598802394
fold_08,rolling_7d,linkable_hour_prob_raw,True,core->outer,167,39.0,14.0,45.20659410222673,55.0,0.32934131736526945,0.25748502994011974,-0.1497005988023952,0.8143712574850299,0.9161676646706587
fold_08,rolling_7d,linkable_hour_prob_raw,True,near->core,167,187.0,181.0,292.9159863825482,314.0,1.8802395209580838,0.9580838323353293,-0.03592814371257485,0.41317365269461076,0.12574850299401197
fold_08,rolling_7d,linkable_hour_prob_raw,True,near->outer,167,53.0,48.0,64.66640391150457,81.0,0.48502994011976047,0.3532934131736527,-0.029940119760479042,0.7664670658682635,0.7125748502994012
fold_08,rolling_7d,linkable_hour_prob_raw,True,outer->core,167,34.0,14.0,39.7639726250611,50.0,0.2994011976047904,0.23952095808383234,-0.11976047904191617,0.8323353293413174,0.9161676646706587
fold_08,rolling_7d,linkable_hour_prob_raw,True,outer->near,167,60.0,56.0,88.39036485540933,98.0,0.5868263473053892,0.41916167664670656,-0.023952095808383235,0.7544910179640718,0.6646706586826348
fold_08,rolling_7d,linkable_hour_prob_shrunk20,True,core->near,167,185.0,174.0,303.31393536315306,319.0,1.910179640718563,1.0,-0.0658682634730539,0.49700598802395207,0.20958083832335328
fold_08,rolling_7d,linkable_hour_prob_shrunk20,True,core->outer,167,39.0,14.0,45.07103549341512,55.0,0.32934131736526945,0.25748502994011974,-0.1497005988023952,0.8143712574850299,0.9161676646706587
fold_08,rolling_7d,linkable_hour_prob_shrunk20,True,near->core,167,187.0,181.0,291.70897210716595,314.0,1.8802395209580838,0.9580838323353293,-0.03592814371257485,0.41317365269461076,0.12574850299401197
fold_08,rolling_7d,linkable_hour_prob_shrunk20,True,near->outer,167,53.0,48.0,64.28020703756545,81.0,0.48502994011976047,0.3532934131736527,-0.029940119760479042,0.7664670658682635,0.7125748502994012
fold_08,rolling_7d,linkable_hour_prob_shrunk20,True,outer->core,167,34.0,0.0,39.41470910017858,46.0,0.2754491017964072,0.20359281437125748,-0.20359281437125748,0.8323353293413174,1.0
fold_08,rolling_7d,linkable_hour_prob_shrunk20,True,outer->near,167,60.0,56.0,87.32779256417152,98.0,0.5868263473053892,0.41916167664670656,-0.023952095808383235,0.7544910179640718,0.6646706586826348
fold_08,rolling_7d,linkable_recent7_stock_shrunk20,True,core->near,167,185.0,160.0,301.3820568926352,327.0,1.9580838323353293,1.0,-0.1497005988023952,0.49700598802395207,0.25149700598802394
fold_08,rolling_7d,linkable_recent7_stock_shrunk20,True,core->outer,167,39.0,14.0,45.19049541900186,55.0,0.32934131736526945,0.25748502994011974,-0.1497005988023952,0.8143712574850299,0.9161676646706587
fold_08,rolling_7d,linkable_recent7_stock_shrunk20,True,near->core,167,187.0,174.0,295.67999956531986,313.0,1.874251497005988,0.9401197604790419,-0.07784431137724551,0.41317365269461076,0.12574850299401197
fold_08,rolling_7d,linkable_recent7_stock_shrunk20,True,near->outer,167,53.0,35.0,63.477977848526336,80.0,0.47904191616766467,0.3473053892215569,-0.10778443113772455,0.7664670658682635,0.7904191616766467
fold_08,rolling_7d,linkable_recent7_stock_shrunk20,True,outer->core,167,34.0,14.0,39.9455985299248,50.0,0.2994011976047904,0.23952095808383234,-0.11976047904191617,0.8323353293413174,0.9161676646706587
fold_08,rolling_7d,linkable_recent7_stock_shrunk20,True,outer->near,167,60.0,56.0,88.02162499529652,98.0,0.5868263473053892,0.41916167664670656,-0.023952095808383235,0.7544910179640718,0.6646706586826348
fold_08,rolling_7d,linkable_hour_prob_shrunk20_vessel_p05,True,core->near,167,185.0,171.0,305.45534950988304,320.0,1.9161676646706587,0.9940119760479041,-0.08383233532934131,0.49700598802395207,0.2275449101796407
fold_08,rolling_7d,linkable_hour_prob_shrunk20_vessel_p05,True,core->outer,167,39.0,14.0,45.08531655719934,55.0,0.32934131736526945,0.25748502994011974,-0.1497005988023952,0.8143712574850299,0.9161676646706587
fold_08,rolling_7d,linkable_hour_prob_shrunk20_vessel_p05,True,near->core,167,187.0,181.0,293.3335917397668,318.0,1.904191616766467,0.9580838323353293,-0.03592814371257485,0.41317365269461076,0.11976047904191617
fold_08,rolling_7d,linkable_hour_prob_shrunk20_vessel_p05,True,near->outer,167,53.0,45.0,63.97791109077805,82.0,0.49101796407185627,0.3592814371257485,-0.04790419161676647,0.7664670658682635,0.7305389221556886
fold_08,rolling_7d,linkable_hour_prob_shrunk20_vessel_p05,True,outer->core,167,34.0,0.0,39.38590057462983,46.0,0.2754491017964072,0.20359281437125748,-0.20359281437125748,0.8323353293413174,1.0
fold_08,rolling_7d,linkable_hour_prob_shrunk20_vessel_p05,True,outer->near,167,60.0,56.0,86.57244933455021,98.0,0.5868263473053892,0.41916167664670656,-0.023952095808383235,0.7544910179640718,0.6646706586826348
fold_08,rolling_7d,oracle_present_hour_prob_shrunk20,False,core->near,167,185.0,193.0,289.8779744751977,306.0,1.8323353293413174,1.0179640718562875,0.04790419161676647,0.49700598802395207,0.20958083832335328
fold_08,rolling_7d,oracle_present_hour_prob_shrunk20,False,core->outer,167,39.0,18.0,45.50861370491742,53.0,0.31736526946107785,0.24550898203592814,-0.12574850299401197,0.8143712574850299,0.8922155688622755
fold_08,rolling_7d,oracle_present_hour_prob_shrunk20,False,near->core,167,187.0,176.0,275.7184249583367,287.0,1.718562874251497,0.8802395209580839,-0.0658682634730539,0.41317365269461076,0.1497005988023952
fold_08,rolling_7d,oracle_present_hour_prob_shrunk20,False,near->outer,167,53.0,43.0,64.14105753423718,84.0,0.5029940119760479,0.38323353293413176,-0.059880239520958084,0.7664670658682635,0.7425149700598802
fold_08,rolling_7d,oracle_present_hour_prob_shrunk20,False,outer->core,167,34.0,0.0,37.61449689613765,46.0,0.2754491017964072,0.20359281437125748,-0.20359281437125748,0.8323353293413174,1.0
fold_08,rolling_7d,oracle_present_hour_prob_shrunk20,False,outer->near,167,60.0,46.0,72.26202175926413,86.0,0.5149700598802395,0.3712574850299401,-0.08383233532934131,0.7544910179640718,0.7245508982035929
fold_08,rolling_7d,oracle_linkable_hour_prob_shrunk20,False,core->near,167,185.0,194.0,291.56600982061093,303.0,1.81437125748503,1.0119760479041917,0.05389221556886228,0.49700598802395207,0.19760479041916168
fold_08,rolling_7d,oracle_linkable_hour_prob_shrunk20,False,core->outer,167,39.0,18.0,45.3895458804996,53.0,0.31736526946107785,0.24550898203592814,-0.12574850299401197,0.8143712574850299,0.8922155688622755
fold_08,rolling_7d,oracle_linkable_hour_prob_shrunk20,False,near->core,167,187.0,173.0,279.9351725948891,284.0,1.7005988023952097,0.8622754491017964,-0.08383233532934131,0.41317365269461076,0.17365269461077845
fold_08,rolling_7d,oracle_linkable_hour_prob_shrunk20,False,near->outer,167,53.0,41.0,64.81894758045858,84.0,0.5029940119760479,0.38323353293413176,-0.0718562874251497,0.7664670658682635,0.7544910179640718
fold_08,rolling_7d,oracle_linkable_hour_prob_shrunk20,False,outer->core,167,34.0,0.0,37.65620550326065,46.0,0.2754491017964072,0.20359281437125748,-0.20359281437125748,0.8323353293413174,1.0
fold_08,rolling_7d,oracle_linkable_hour_prob_shrunk20,False,outer->near,167,60.0,45.0,70.29600635353717,77.0,0.46107784431137727,0.3532934131736527,-0.08982035928143713,0.7544910179640718,0.7305389221556886
final_analog,final_analog,pair_global_mean,True,core->near,143,153.0,143.0,265.33692755745284,266.0,1.8601398601398602,1.048951048951049,-0.06993006993006994,0.48951048951048953,0.0
final_analog,final_analog,pair_global_mean,True,core->outer,143,35.0,0.0,48.642879829458266,57.0,0.3986013986013986,0.24475524475524477,-0.24475524475524477,0.8111888111888111,1.0
final_analog,final_analog,pair_global_mean,True,near->core,143,156.0,143.0,261.82940444980375,263.0,1.8391608391608392,0.916083916083916,-0.09090909090909091,0.4125874125874126,0.0
final_analog,final_analog,pair_global_mean,True,near->outer,143,44.0,0.0,60.750803451747146,74.0,0.5174825174825175,0.3076923076923077,-0.3076923076923077,0.7762237762237763,1.0
final_analog,final_analog,pair_global_mean,True,outer->core,143,29.0,0.0,31.186982197554915,37.0,0.25874125874125875,0.20279720279720279,-0.20279720279720279,0.8251748251748252,1.0
final_analog,final_analog,pair_global_mean,True,outer->near,143,51.0,0.0,85.1280031868907,103.0,0.7202797202797203,0.35664335664335667,-0.35664335664335667,0.7692307692307693,1.0
final_analog,final_analog,pair_hour_mean,True,core->near,143,153.0,155.0,251.63302575932335,272.0,1.902097902097902,0.965034965034965,0.013986013986013986,0.48951048951048953,0.2937062937062937
final_analog,final_analog,pair_hour_mean,True,core->outer,143,35.0,12.0,41.709086248878634,49.0,0.34265734265734266,0.25874125874125875,-0.16083916083916083,0.8111888111888111,0.916083916083916
final_analog,final_analog,pair_hour_mean,True,near->core,143,156.0,155.0,251.25394079200305,271.0,1.8951048951048952,0.9300699300699301,-0.006993006993006993,0.4125874125874126,0.16783216783216784
final_analog,final_analog,pair_hour_mean,True,near->outer,143,44.0,41.0,56.62033833141099,73.0,0.5104895104895105,0.3986013986013986,-0.02097902097902098,0.7762237762237763,0.7132867132867133
final_analog,final_analog,pair_hour_mean,True,outer->core,143,29.0,0.0,31.463539664231703,37.0,0.25874125874125875,0.20279720279720279,-0.20279720279720279,0.8251748251748252,1.0
final_analog,final_analog,pair_hour_mean,True,outer->near,143,51.0,48.0,81.88767140843265,91.0,0.6363636363636364,0.4405594405594406,-0.02097902097902098,0.7692307692307693,0.6643356643356644
final_analog,final_analog,pair_recent7_hour,True,core->near,143,153.0,162.0,257.27040816326524,297.0,2.076923076923077,1.055944055944056,0.06293706293706294,0.48951048951048953,0.2867132867132867
final_analog,final_analog,pair_recent7_hour,True,core->outer,143,35.0,18.0,43.20181405895691,47.0,0.32867132867132864,0.24475524475524477,-0.11888111888111888,0.8111888111888111,0.8741258741258742
final_analog,final_analog,pair_recent7_hour,True,near->core,143,156.0,154.0,242.5561224489796,262.0,1.832167832167832,0.9230769230769231,-0.013986013986013986,0.4125874125874126,0.16783216783216784
final_analog,final_analog,pair_recent7_hour,True,near->outer,143,44.0,42.0,60.21371882086168,74.0,0.5174825174825175,0.40559440559440557,-0.013986013986013986,0.7762237762237763,0.7062937062937062
final_analog,final_analog,pair_recent7_hour,True,outer->core,143,29.0,6.0,36.10204081632653,39.0,0.2727272727272727,0.21678321678321677,-0.16083916083916083,0.8251748251748252,0.958041958041958
final_analog,final_analog,pair_recent7_hour,True,outer->near,143,51.0,42.0,81.93877551020408,93.0,0.6503496503496503,0.42657342657342656,-0.06293706293706294,0.7692307692307693,0.7062937062937062
final_analog,final_analog,pair_recent14_hour,True,core->near,143,153.0,149.0,237.8883588938534,250.0,1.7482517482517483,0.9370629370629371,-0.027972027972027972,0.48951048951048953,0.2517482517482518
final_analog,final_analog,pair_recent14_hour,True,core->outer,143,35.0,12.0,41.747856539065324,49.0,0.34265734265734266,0.25874125874125875,-0.16083916083916083,0.8111888111888111,0.916083916083916
final_analog,final_analog,pair_recent14_hour,True,near->core,143,156.0,137.0,249.94016423137302,279.0,1.951048951048951,0.9300699300699301,-0.13286713286713286,0.4125874125874126,0.2937062937062937
final_analog,final_analog,pair_recent14_hour,True,near->outer,143,44.0,36.0,56.205108078734455,70.0,0.48951048951048953,0.3776223776223776,-0.055944055944055944,0.7762237762237763,0.7482517482517482
final_analog,final_analog,pair_recent14_hour,True,outer->core,143,29.0,6.0,32.759630479410696,39.0,0.2727272727272727,0.21678321678321677,-0.16083916083916083,0.8251748251748252,0.958041958041958
final_analog,final_analog,pair_recent14_hour,True,outer->near,143,51.0,36.0,80.26427967636758,93.0,0.6503496503496503,0.4125874125874126,-0.1048951048951049,0.7692307692307693,0.7482517482517482
final_analog,final_analog,pair_hour_mean_x085,True,core->near,143,153.0,131.0,245.85569444444448,244.0,1.7062937062937062,0.8951048951048951,-0.15384615384615385,0.48951048951048953,0.2937062937062937
final_analog,final_analog,pair_hour_mean_x085,True,core->outer,143,35.0,12.0,42.306481481481484,49.0,0.34265734265734266,0.25874125874125875,-0.16083916083916083,0.8111888111888111,0.916083916083916
final_analog,final_analog,pair_hour_mean_x085,True,near->core,143,156.0,149.0,251.44680555555553,271.0,1.8951048951048952,0.9300699300699301,-0.04895104895104895,0.4125874125874126,0.16783216783216784
final_analog,final_analog,pair_hour_mean_x085,True,near->outer,143,44.0,30.0,55.315694444444446,68.0,0.4755244755244755,0.34965034965034963,-0.0979020979020979,0.7762237762237763,0.7902097902097902
final_analog,final_analog,pair_hour_mean_x085,True,outer->core,143,29.0,0.0,31.32657407407407,37.0,0.25874125874125875,0.20279720279720279,-0.20279720279720279,0.8251748251748252,1.0
final_analog,final_analog,pair_hour_mean_x085,True,outer->near,143,51.0,42.0,80.28050925925926,91.0,0.6363636363636364,0.42657342657342656,-0.06293706293706294,0.7692307692307693,0.7062937062937062
final_analog,final_analog,present_global_prob,True,core->near,143,153.0,143.0,270.0513524463822,266.0,1.8601398601398602,1.048951048951049,-0.06993006993006994,0.48951048951048953,0.0
final_analog,final_analog,present_global_prob,True,core->outer,143,35.0,0.0,48.99479152360696,57.0,0.3986013986013986,0.24475524475524477,-0.24475524475524477,0.8111888111888111,1.0
final_analog,final_analog,present_global_prob,True,near->core,143,156.0,143.0,259.3290088608677,263.0,1.8391608391608392,0.916083916083916,-0.09090909090909091,0.4125874125874126,0.0
final_analog,final_analog,present_global_prob,True,near->outer,143,44.0,0.0,59.72850119708272,74.0,0.5174825174825175,0.3076923076923077,-0.3076923076923077,0.7762237762237763,1.0
final_analog,final_analog,present_global_prob,True,outer->core,143,29.0,0.0,31.59457740779281,37.0,0.25874125874125875,0.20279720279720279,-0.20279720279720279,0.8251748251748252,1.0
final_analog,final_analog,present_global_prob,True,outer->near,143,51.0,24.0,85.19427050088221,113.0,0.7902097902097902,0.45454545454545453,-0.1888111888111888,0.7692307692307693,0.8321678321678322
final_analog,final_analog,present_hour_prob_raw,True,core->near,143,153.0,155.0,251.66425408156516,272.0,1.902097902097902,0.965034965034965,0.013986013986013986,0.48951048951048953,0.2937062937062937
final_analog,final_analog,present_hour_prob_raw,True,core->outer,143,35.0,12.0,41.71101416705224,49.0,0.34265734265734266,0.25874125874125875,-0.16083916083916083,0.8111888111888111,0.916083916083916
final_analog,final_analog,present_hour_prob_raw,True,near->core,143,156.0,155.0,251.28723190130296,271.0,1.8951048951048952,0.9300699300699301,-0.006993006993006993,0.4125874125874126,0.16783216783216784
final_analog,final_analog,present_hour_prob_raw,True,near->outer,143,44.0,41.0,56.607683473339605,73.0,0.5104895104895105,0.3986013986013986,-0.02097902097902098,0.7762237762237763,0.7132867132867133
final_analog,final_analog,present_hour_prob_raw,True,outer->core,143,29.0,0.0,31.46556249894156,37.0,0.25874125874125875,0.20279720279720279,-0.20279720279720279,0.8251748251748252,1.0
final_analog,final_analog,present_hour_prob_raw,True,outer->near,143,51.0,48.0,81.88696675642264,91.0,0.6363636363636364,0.4405594405594406,-0.02097902097902098,0.7692307692307693,0.6643356643356644
final_analog,final_analog,present_hour_prob_shrunk20,True,core->near,143,153.0,155.0,246.66266860610455,262.0,1.832167832167832,0.9790209790209791,0.013986013986013986,0.48951048951048953,0.2097902097902098
final_analog,final_analog,present_hour_prob_shrunk20,True,core->outer,143,35.0,12.0,41.72276892719689,49.0,0.34265734265734266,0.25874125874125875,-0.16083916083916083,0.8111888111888111,0.916083916083916
final_analog,final_analog,present_hour_prob_shrunk20,True,near->core,143,156.0,161.0,250.36570832517685,273.0,1.9090909090909092,0.9440559440559441,0.03496503496503497,0.4125874125874126,0.1258741258741259
final_analog,final_analog,present_hour_prob_shrunk20,True,near->outer,143,44.0,41.0,56.263818769522956,73.0,0.5104895104895105,0.3986013986013986,-0.02097902097902098,0.7762237762237763,0.7132867132867133
final_analog,final_analog,present_hour_prob_shrunk20,True,outer->core,143,29.0,0.0,31.150869250017234,37.0,0.25874125874125875,0.20279720279720279,-0.20279720279720279,0.8251748251748252,1.0
final_analog,final_analog,present_hour_prob_shrunk20,True,outer->near,143,51.0,48.0,81.08365618932604,91.0,0.6363636363636364,0.4405594405594406,-0.02097902097902098,0.7692307692307693,0.6643356643356644
final_analog,final_analog,present_recent7_stock_shrunk20,True,core->near,143,153.0,149.0,242.09305908724315,262.0,1.832167832167832,0.965034965034965,-0.027972027972027972,0.48951048951048953,0.2517482517482518
final_analog,final_analog,present_recent7_stock_shrunk20,True,core->outer,143,35.0,12.0,41.86820113864951,49.0,0.34265734265734266,0.25874125874125875,-0.16083916083916083,0.8111888111888111,0.916083916083916
final_analog,final_analog,present_recent7_stock_shrunk20,True,near->core,143,156.0,143.0,255.36554501872362,271.0,1.8951048951048952,0.916083916083916,-0.09090909090909091,0.4125874125874126,0.16783216783216784
final_analog,final_analog,present_recent7_stock_shrunk20,True,near->outer,143,44.0,30.0,55.297959323497395,68.0,0.4755244755244755,0.34965034965034963,-0.0979020979020979,0.7762237762237763,0.7902097902097902
final_analog,final_analog,present_recent7_stock_shrunk20,True,outer->core,143,29.0,0.0,31.321443783085122,37.0,0.25874125874125875,0.20279720279720279,-0.20279720279720279,0.8251748251748252,1.0
final_analog,final_analog,present_recent7_stock_shrunk20,True,outer->near,143,51.0,36.0,81.04380038942509,95.0,0.6643356643356644,0.4125874125874126,-0.1048951048951049,0.7692307692307693,0.7482517482517482
final_analog,final_analog,linkable_global_prob,True,core->near,143,153.0,143.0,270.05135244638217,266.0,1.8601398601398602,1.048951048951049,-0.06993006993006994,0.48951048951048953,0.0
final_analog,final_analog,linkable_global_prob,True,core->outer,143,35.0,0.0,48.99479152360696,57.0,0.3986013986013986,0.24475524475524477,-0.24475524475524477,0.8111888111888111,1.0
final_analog,final_analog,linkable_global_prob,True,near->core,143,156.0,143.0,259.3290088608677,263.0,1.8391608391608392,0.916083916083916,-0.09090909090909091,0.4125874125874126,0.0
final_analog,final_analog,linkable_global_prob,True,near->outer,143,44.0,0.0,59.72850119708272,74.0,0.5174825174825175,0.3076923076923077,-0.3076923076923077,0.7762237762237763,1.0
final_analog,final_analog,linkable_global_prob,True,outer->core,143,29.0,0.0,31.59457740779281,37.0,0.25874125874125875,0.20279720279720279,-0.20279720279720279,0.8251748251748252,1.0
final_analog,final_analog,linkable_global_prob,True,outer->near,143,51.0,24.0,85.19427050088223,113.0,0.7902097902097902,0.45454545454545453,-0.1888111888111888,0.7692307692307693,0.8321678321678322
final_analog,final_analog,linkable_hour_prob_raw,True,core->near,143,153.0,155.0,251.6642540815652,272.0,1.902097902097902,0.965034965034965,0.013986013986013986,0.48951048951048953,0.2937062937062937
final_analog,final_analog,linkable_hour_prob_raw,True,core->outer,143,35.0,12.0,41.71101416705224,49.0,0.34265734265734266,0.25874125874125875,-0.16083916083916083,0.8111888111888111,0.916083916083916
final_analog,final_analog,linkable_hour_prob_raw,True,near->core,143,156.0,155.0,251.28723190130296,271.0,1.8951048951048952,0.9300699300699301,-0.006993006993006993,0.4125874125874126,0.16783216783216784
final_analog,final_analog,linkable_hour_prob_raw,True,near->outer,143,44.0,41.0,56.60768347333961,73.0,0.5104895104895105,0.3986013986013986,-0.02097902097902098,0.7762237762237763,0.7132867132867133
final_analog,final_analog,linkable_hour_prob_raw,True,outer->core,143,29.0,0.0,31.46556249894156,37.0,0.25874125874125875,0.20279720279720279,-0.20279720279720279,0.8251748251748252,1.0
final_analog,final_analog,linkable_hour_prob_raw,True,outer->near,143,51.0,48.0,81.88696675642262,91.0,0.6363636363636364,0.4405594405594406,-0.02097902097902098,0.7692307692307693,0.6643356643356644
final_analog,final_analog,linkable_hour_prob_shrunk20,True,core->near,143,153.0,155.0,246.6284761383186,262.0,1.832167832167832,0.9790209790209791,0.013986013986013986,0.48951048951048953,0.2097902097902098
final_analog,final_analog,linkable_hour_prob_shrunk20,True,core->outer,143,35.0,12.0,41.72331600731057,49.0,0.34265734265734266,0.25874125874125875,-0.16083916083916083,0.8111888111888111,0.916083916083916
final_analog,final_analog,linkable_hour_prob_shrunk20,True,near->core,143,156.0,161.0,250.33709035205288,273.0,1.9090909090909092,0.9440559440559441,0.03496503496503497,0.4125874125874126,0.1258741258741259
final_analog,final_analog,linkable_hour_prob_shrunk20,True,near->outer,143,44.0,41.0,56.25369247661604,73.0,0.5104895104895105,0.3986013986013986,-0.02097902097902098,0.7762237762237763,0.7132867132867133
final_analog,final_analog,linkable_hour_prob_shrunk20,True,outer->core,143,29.0,0.0,31.136779929944424,37.0,0.25874125874125875,0.20279720279720279,-0.20279720279720279,0.8251748251748252,1.0
final_analog,final_analog,linkable_hour_prob_shrunk20,True,outer->near,143,51.0,48.0,81.04913210455278,91.0,0.6363636363636364,0.4405594405594406,-0.02097902097902098,0.7692307692307693,0.6643356643356644
final_analog,final_analog,linkable_recent7_stock_shrunk20,True,core->near,143,153.0,149.0,242.06358327754197,262.0,1.832167832167832,0.965034965034965,-0.027972027972027972,0.48951048951048953,0.2517482517482518
final_analog,final_analog,linkable_recent7_stock_shrunk20,True,core->outer,143,35.0,12.0,41.86928329604608,49.0,0.34265734265734266,0.25874125874125875,-0.16083916083916083,0.8111888111888111,0.916083916083916
final_analog,final_analog,linkable_recent7_stock_shrunk20,True,near->core,143,156.0,143.0,255.35323099531584,271.0,1.8951048951048952,0.916083916083916,-0.09090909090909091,0.4125874125874126,0.16783216783216784
final_analog,final_analog,linkable_recent7_stock_shrunk20,True,near->outer,143,44.0,30.0,55.29286186600264,68.0,0.4755244755244755,0.34965034965034963,-0.0979020979020979,0.7762237762237763,0.7902097902097902
final_analog,final_analog,linkable_recent7_stock_shrunk20,True,outer->core,143,29.0,0.0,31.30948417666619,37.0,0.25874125874125875,0.20279720279720279,-0.20279720279720279,0.8251748251748252,1.0
final_analog,final_analog,linkable_recent7_stock_shrunk20,True,outer->near,143,51.0,36.0,81.0088059311971,95.0,0.6643356643356644,0.4125874125874126,-0.1048951048951049,0.7692307692307693,0.7482517482517482
final_analog,final_analog,linkable_hour_prob_shrunk20_vessel_p05,True,core->near,143,153.0,146.0,247.6761976481735,263.0,1.8391608391608392,0.958041958041958,-0.04895104895104895,0.48951048951048953,0.23776223776223776
final_analog,final_analog,linkable_hour_prob_shrunk20_vessel_p05,True,core->outer,143,35.0,12.0,41.84511035311053,49.0,0.34265734265734266,0.25874125874125875,-0.16083916083916083,0.8111888111888111,0.916083916083916
final_analog,final_analog,linkable_hour_prob_shrunk20_vessel_p05,True,near->core,143,156.0,159.0,251.10077444789636,271.0,1.8951048951048952,0.9300699300699301,0.02097902097902098,0.4125874125874126,0.13986013986013987
final_analog,final_analog,linkable_hour_prob_shrunk20_vessel_p05,True,near->outer,143,44.0,40.0,55.9537663566815,72.0,0.5034965034965035,0.3916083916083916,-0.027972027972027972,0.7762237762237763,0.7202797202797203
final_analog,final_analog,linkable_hour_prob_shrunk20_vessel_p05,True,outer->core,143,29.0,0.0,31.11807862219023,37.0,0.25874125874125875,0.20279720279720279,-0.20279720279720279,0.8251748251748252,1.0
final_analog,final_analog,linkable_hour_prob_shrunk20_vessel_p05,True,outer->near,143,51.0,46.0,80.36621570807333,91.0,0.6363636363636364,0.4405594405594406,-0.03496503496503497,0.7692307692307693,0.6783216783216783
final_analog,final_analog,oracle_present_hour_prob_shrunk20,False,core->near,143,153.0,163.0,236.3550996497605,260.0,1.8181818181818181,1.006993006993007,0.06993006993006994,0.48951048951048953,0.23076923076923078
final_analog,final_analog,oracle_present_hour_prob_shrunk20,False,core->outer,143,35.0,15.0,41.86440231368107,48.0,0.3356643356643357,0.2517482517482518,-0.13986013986013987,0.8111888111888111,0.8951048951048951
final_analog,final_analog,oracle_present_hour_prob_shrunk20,False,near->core,143,156.0,159.0,229.24434763136492,239.0,1.6713286713286712,0.8601398601398601,0.02097902097902098,0.4125874125874126,0.13286713286713286
final_analog,final_analog,oracle_present_hour_prob_shrunk20,False,near->outer,143,44.0,46.0,56.070181078869254,76.0,0.5314685314685315,0.4195804195804196,0.013986013986013986,0.7762237762237763,0.6783216783216783
final_analog,final_analog,oracle_present_hour_prob_shrunk20,False,outer->core,143,29.0,1.0,29.53739398194064,36.0,0.2517482517482518,0.1958041958041958,-0.1958041958041958,0.8251748251748252,0.993006993006993
final_analog,final_analog,oracle_present_hour_prob_shrunk20,False,outer->near,143,51.0,37.0,66.46136548158043,78.0,0.5454545454545454,0.3776223776223776,-0.0979020979020979,0.7692307692307693,0.7412587412587412
final_analog,final_analog,oracle_linkable_hour_prob_shrunk20,False,core->near,143,153.0,163.0,236.56687018314298,260.0,1.8181818181818181,1.006993006993007,0.06993006993006994,0.48951048951048953,0.23076923076923078
final_analog,final_analog,oracle_linkable_hour_prob_shrunk20,False,core->outer,143,35.0,16.0,41.83876367479291,49.0,0.34265734265734266,0.25874125874125875,-0.13286713286713286,0.8111888111888111,0.8881118881118881
final_analog,final_analog,oracle_linkable_hour_prob_shrunk20,False,near->core,143,156.0,157.0,230.13182314240373,241.0,1.6853146853146854,0.8601398601398601,0.006993006993006993,0.4125874125874126,0.13986013986013987
final_analog,final_analog,oracle_linkable_hour_prob_shrunk20,False,near->outer,143,44.0,46.0,56.505071024054594,72.0,0.5034965034965035,0.3916083916083916,0.013986013986013986,0.7762237762237763,0.6783216783216783
final_analog,final_analog,oracle_linkable_hour_prob_shrunk20,False,outer->core,143,29.0,0.0,29.67438004550622,37.0,0.25874125874125875,0.20279720279720279,-0.20279720279720279,0.8251748251748252,1.0
final_analog,final_analog,oracle_linkable_hour_prob_shrunk20,False,outer->near,143,51.0,40.0,64.95351651245433,79.0,0.5524475524475524,0.38461538461538464,-0.07692307692307693,0.7692307692307693,0.7202797202797203
