evaluation_id,evaluation_type,training_policy,method,alpha,n_inner_splits,inner_validation_dates,inner_sse_float,inner_mae_float,fit_failure_count,selected
fold_01,rolling_7d,all,ridge_direct_calendar,0.1,4,"2018-01-07,2018-01-08,2018-01-09,2018-01-10",2636.6380928682074,2.17937864112683,0,False
fold_01,rolling_7d,all,ridge_direct_calendar,1.0,4,"2018-01-07,2018-01-08,2018-01-09,2018-01-10",2537.31312973811,2.191839395869108,0,True
fold_01,rolling_7d,all,ridge_direct_calendar,10.0,4,"2018-01-07,2018-01-08,2018-01-09,2018-01-10",3185.356957848901,2.7016853662389217,0,False
fold_01,rolling_7d,all,ridge_direct_calendar,100.0,4,"2018-01-07,2018-01-08,2018-01-09,2018-01-10",3771.823997741294,3.0358594998791797,0,False
fold_01,rolling_7d,all,ridge_direct_calendar,1000.0,4,"2018-01-07,2018-01-08,2018-01-09,2018-01-10",3878.8920250063,3.125566885170492,0,False
fold_01,rolling_7d,all,ridge_direct_calendar_vessel,0.1,4,"2018-01-07,2018-01-08,2018-01-09,2018-01-10",2704.2049932244813,2.2069752178509257,0,False
fold_01,rolling_7d,all,ridge_direct_calendar_vessel,1.0,4,"2018-01-07,2018-01-08,2018-01-09,2018-01-10",2586.4812978969094,2.197021653046621,0,True
fold_01,rolling_7d,all,ridge_direct_calendar_vessel,10.0,4,"2018-01-07,2018-01-08,2018-01-09,2018-01-10",2965.0447163506224,2.5694246722875573,0,False
fold_01,rolling_7d,all,ridge_direct_calendar_vessel,100.0,4,"2018-01-07,2018-01-08,2018-01-09,2018-01-10",3681.360017647808,2.996983054060585,0,False
fold_01,rolling_7d,all,ridge_direct_calendar_vessel,1000.0,4,"2018-01-07,2018-01-08,2018-01-09,2018-01-10",3882.8834960360764,3.1272946643480273,0,False
fold_01,rolling_7d,all,poisson_direct_calendar,0.0001,4,"2018-01-07,2018-01-08,2018-01-09,2018-01-10",2572.258630619409,2.1660786168077895,0,False
fold_01,rolling_7d,all,poisson_direct_calendar,0.001,4,"2018-01-07,2018-01-08,2018-01-09,2018-01-10",2551.4282795075424,2.164153116209597,0,False
fold_01,rolling_7d,all,poisson_direct_calendar,0.01,4,"2018-01-07,2018-01-08,2018-01-09,2018-01-10",2510.318909595703,2.2158256196107353,0,True
fold_01,rolling_7d,all,poisson_direct_calendar,0.1,4,"2018-01-07,2018-01-08,2018-01-09,2018-01-10",3219.332743781043,2.730496642694448,0,False
fold_01,rolling_7d,all,poisson_direct_calendar,1.0,4,"2018-01-07,2018-01-08,2018-01-09,2018-01-10",3768.759080340098,3.0375647603051212,0,False
fold_01,rolling_7d,all,poisson_direct_calendar_vessel,0.0001,4,"2018-01-07,2018-01-08,2018-01-09,2018-01-10",2573.267552882341,2.166390690126833,0,False
fold_01,rolling_7d,all,poisson_direct_calendar_vessel,0.001,4,"2018-01-07,2018-01-08,2018-01-09,2018-01-10",2554.8946144490114,2.163206941123781,0,False
fold_01,rolling_7d,all,poisson_direct_calendar_vessel,0.01,4,"2018-01-07,2018-01-08,2018-01-09,2018-01-10",2515.296628971423,2.193912427991766,0,True
fold_01,rolling_7d,all,poisson_direct_calendar_vessel,0.1,4,"2018-01-07,2018-01-08,2018-01-09,2018-01-10",3023.560630887567,2.6174822818051533,0,False
fold_01,rolling_7d,all,poisson_direct_calendar_vessel,1.0,4,"2018-01-07,2018-01-08,2018-01-09,2018-01-10",3706.3941341986842,3.012432864160699,0,False
fold_01,rolling_7d,all,decomp_ridge_calendar_mean,0.1,4,"2018-01-07,2018-01-08,2018-01-09,2018-01-10",2551.7332176806763,2.1710589688174684,0,True
fold_01,rolling_7d,all,decomp_ridge_calendar_mean,1.0,4,"2018-01-07,2018-01-08,2018-01-09,2018-01-10",2688.3718708097226,2.2796830516204647,0,False
fold_01,rolling_7d,all,decomp_ridge_calendar_mean,10.0,4,"2018-01-07,2018-01-08,2018-01-09,2018-01-10",3383.823902643236,2.689603064344553,0,False
fold_01,rolling_7d,all,decomp_ridge_calendar_mean,100.0,4,"2018-01-07,2018-01-08,2018-01-09,2018-01-10",3917.7343246705414,2.943029142399109,0,False
fold_01,rolling_7d,all,decomp_ridge_calendar_mean,1000.0,4,"2018-01-07,2018-01-08,2018-01-09,2018-01-10",4020.2224377488383,2.986230827249323,0,False
fold_01,rolling_7d,all,decomp_ridge_calendar_daytype,0.1,4,"2018-01-07,2018-01-08,2018-01-09,2018-01-10",2593.543097255161,2.1880780226685843,0,True
fold_01,rolling_7d,all,decomp_ridge_calendar_daytype,1.0,4,"2018-01-07,2018-01-08,2018-01-09,2018-01-10",2731.534026567284,2.303220829221808,0,False
fold_01,rolling_7d,all,decomp_ridge_calendar_daytype,10.0,4,"2018-01-07,2018-01-08,2018-01-09,2018-01-10",3428.179788863431,2.703801506513521,0,False
fold_01,rolling_7d,all,decomp_ridge_calendar_daytype,100.0,4,"2018-01-07,2018-01-08,2018-01-09,2018-01-10",3960.780099808242,2.9544849375299354,0,False
fold_01,rolling_7d,all,decomp_ridge_calendar_daytype,1000.0,4,"2018-01-07,2018-01-08,2018-01-09,2018-01-10",4062.7784043226993,2.9980061714319968,0,False
fold_01,rolling_7d,all,decomp_ridge_calendar_vessel_mean,0.1,4,"2018-01-07,2018-01-08,2018-01-09,2018-01-10",2548.7807495039297,2.166231008599027,0,True
fold_01,rolling_7d,all,decomp_ridge_calendar_vessel_mean,1.0,4,"2018-01-07,2018-01-08,2018-01-09,2018-01-10",2634.028287634354,2.245109173501769,0,False
fold_01,rolling_7d,all,decomp_ridge_calendar_vessel_mean,10.0,4,"2018-01-07,2018-01-08,2018-01-09,2018-01-10",3373.8531800684204,2.683519099929348,0,False
fold_01,rolling_7d,all,decomp_ridge_calendar_vessel_mean,100.0,4,"2018-01-07,2018-01-08,2018-01-09,2018-01-10",3920.442890914072,2.943991313744874,0,False
fold_01,rolling_7d,all,decomp_ridge_calendar_vessel_mean,1000.0,4,"2018-01-07,2018-01-08,2018-01-09,2018-01-10",4020.5488564260513,2.986341339915373,0,False
fold_01,rolling_7d,all,decomp_ridge_calendar_vessel_daytype,0.1,4,"2018-01-07,2018-01-08,2018-01-09,2018-01-10",2582.585037462848,2.1824428940157925,0,True
fold_01,rolling_7d,all,decomp_ridge_calendar_vessel_daytype,1.0,4,"2018-01-07,2018-01-08,2018-01-09,2018-01-10",2673.161538005169,2.2627407047998105,0,False
fold_01,rolling_7d,all,decomp_ridge_calendar_vessel_daytype,10.0,4,"2018-01-07,2018-01-08,2018-01-09,2018-01-10",3417.5861373340877,2.697205693809073,0,False
fold_01,rolling_7d,all,decomp_ridge_calendar_vessel_daytype,100.0,4,"2018-01-07,2018-01-08,2018-01-09,2018-01-10",3963.332546499222,2.95540633860308,0,False
fold_01,rolling_7d,all,decomp_ridge_calendar_vessel_daytype,1000.0,4,"2018-01-07,2018-01-08,2018-01-09,2018-01-10",4063.086189026741,2.9981141402188465,0,False
fold_01,rolling_7d,all,decomp_poisson_calendar_mean,0.0001,4,"2018-01-07,2018-01-08,2018-01-09,2018-01-10",2582.1685586633876,2.1724319285143534,0,False
fold_01,rolling_7d,all,decomp_poisson_calendar_mean,0.001,4,"2018-01-07,2018-01-08,2018-01-09,2018-01-10",2582.0699511400558,2.1724173691041577,0,False
fold_01,rolling_7d,all,decomp_poisson_calendar_mean,0.01,4,"2018-01-07,2018-01-08,2018-01-09,2018-01-10",2581.0993087246834,2.1722894232479932,0,False
fold_01,rolling_7d,all,decomp_poisson_calendar_mean,0.1,4,"2018-01-07,2018-01-08,2018-01-09,2018-01-10",2572.5092428001885,2.171130483861044,0,False
fold_01,rolling_7d,all,decomp_poisson_calendar_mean,1.0,4,"2018-01-07,2018-01-08,2018-01-09,2018-01-10",2547.610890723181,2.1858382222235817,0,True
fold_01,rolling_7d,all,decomp_poisson_calendar_daytype,0.0001,4,"2018-01-07,2018-01-08,2018-01-09,2018-01-10",2623.7787407048586,2.185221907761305,0,False
fold_01,rolling_7d,all,decomp_poisson_calendar_daytype,0.001,4,"2018-01-07,2018-01-08,2018-01-09,2018-01-10",2623.6800044656625,2.185220768422663,0,False
fold_01,rolling_7d,all,decomp_poisson_calendar_daytype,0.01,4,"2018-01-07,2018-01-08,2018-01-09,2018-01-10",2622.7080324091266,2.1852112903414533,0,False
fold_01,rolling_7d,all,decomp_poisson_calendar_daytype,0.1,4,"2018-01-07,2018-01-08,2018-01-09,2018-01-10",2614.109510886712,2.1855864157409224,0,False
fold_01,rolling_7d,all,decomp_poisson_calendar_daytype,1.0,4,"2018-01-07,2018-01-08,2018-01-09,2018-01-10",2589.360663823818,2.2015805244336644,0,True
fold_01,rolling_7d,all,decomp_poisson_calendar_vessel_mean,0.0001,4,"2018-01-07,2018-01-08,2018-01-09,2018-01-10",2582.2075637469948,2.1727671476320594,0,False
fold_01,rolling_7d,all,decomp_poisson_calendar_vessel_mean,0.001,4,"2018-01-07,2018-01-08,2018-01-09,2018-01-10",2582.086665196735,2.172743777388215,0,False
fold_01,rolling_7d,all,decomp_poisson_calendar_vessel_mean,0.01,4,"2018-01-07,2018-01-08,2018-01-09,2018-01-10",2580.900398281,2.172514010033215,0,False
fold_01,rolling_7d,all,decomp_poisson_calendar_vessel_mean,0.1,4,"2018-01-07,2018-01-08,2018-01-09,2018-01-10",2570.370295161548,2.1703392574742,0,False
fold_01,rolling_7d,all,decomp_poisson_calendar_vessel_mean,1.0,4,"2018-01-07,2018-01-08,2018-01-09,2018-01-10",2535.073642286776,2.171575823947537,0,True
fold_01,rolling_7d,all,decomp_poisson_calendar_vessel_daytype,0.0001,4,"2018-01-07,2018-01-08,2018-01-09,2018-01-10",2616.0854689130547,2.1827031564328667,0,False
fold_01,rolling_7d,all,decomp_poisson_calendar_vessel_daytype,0.001,4,"2018-01-07,2018-01-08,2018-01-09,2018-01-10",2615.9658459837015,2.1826913586772005,0,False
fold_01,rolling_7d,all,decomp_poisson_calendar_vessel_daytype,0.01,4,"2018-01-07,2018-01-08,2018-01-09,2018-01-10",2614.792062176081,2.1825763830220857,0,False
fold_01,rolling_7d,all,decomp_poisson_calendar_vessel_daytype,0.1,4,"2018-01-07,2018-01-08,2018-01-09,2018-01-10",2604.386676086196,2.1819486652118707,0,False
fold_01,rolling_7d,all,decomp_poisson_calendar_vessel_daytype,1.0,4,"2018-01-07,2018-01-08,2018-01-09,2018-01-10",2570.271312959261,2.186792313996124,0,True
fold_01,rolling_7d,exclude_outage_severe,ridge_direct_calendar,0.1,4,"2018-01-07,2018-01-08,2018-01-09,2018-01-10",2636.6380928682074,2.17937864112683,0,False
fold_01,rolling_7d,exclude_outage_severe,ridge_direct_calendar,1.0,4,"2018-01-07,2018-01-08,2018-01-09,2018-01-10",2537.31312973811,2.191839395869108,0,True
fold_01,rolling_7d,exclude_outage_severe,ridge_direct_calendar,10.0,4,"2018-01-07,2018-01-08,2018-01-09,2018-01-10",3185.356957848901,2.7016853662389217,0,False
fold_01,rolling_7d,exclude_outage_severe,ridge_direct_calendar,100.0,4,"2018-01-07,2018-01-08,2018-01-09,2018-01-10",3771.823997741294,3.0358594998791797,0,False
fold_01,rolling_7d,exclude_outage_severe,ridge_direct_calendar,1000.0,4,"2018-01-07,2018-01-08,2018-01-09,2018-01-10",3878.8920250063,3.125566885170492,0,False
fold_01,rolling_7d,exclude_outage_severe,ridge_direct_calendar_vessel,0.1,4,"2018-01-07,2018-01-08,2018-01-09,2018-01-10",2704.2049932244813,2.2069752178509257,0,False
fold_01,rolling_7d,exclude_outage_severe,ridge_direct_calendar_vessel,1.0,4,"2018-01-07,2018-01-08,2018-01-09,2018-01-10",2586.4812978969094,2.197021653046621,0,True
fold_01,rolling_7d,exclude_outage_severe,ridge_direct_calendar_vessel,10.0,4,"2018-01-07,2018-01-08,2018-01-09,2018-01-10",2965.0447163506224,2.5694246722875573,0,False
fold_01,rolling_7d,exclude_outage_severe,ridge_direct_calendar_vessel,100.0,4,"2018-01-07,2018-01-08,2018-01-09,2018-01-10",3681.360017647808,2.996983054060585,0,False
fold_01,rolling_7d,exclude_outage_severe,ridge_direct_calendar_vessel,1000.0,4,"2018-01-07,2018-01-08,2018-01-09,2018-01-10",3882.8834960360764,3.1272946643480273,0,False
fold_01,rolling_7d,exclude_outage_severe,poisson_direct_calendar,0.0001,4,"2018-01-07,2018-01-08,2018-01-09,2018-01-10",2572.258630619409,2.1660786168077895,0,False
fold_01,rolling_7d,exclude_outage_severe,poisson_direct_calendar,0.001,4,"2018-01-07,2018-01-08,2018-01-09,2018-01-10",2551.4282795075424,2.164153116209597,0,False
fold_01,rolling_7d,exclude_outage_severe,poisson_direct_calendar,0.01,4,"2018-01-07,2018-01-08,2018-01-09,2018-01-10",2510.318909595703,2.2158256196107353,0,True
fold_01,rolling_7d,exclude_outage_severe,poisson_direct_calendar,0.1,4,"2018-01-07,2018-01-08,2018-01-09,2018-01-10",3219.332743781043,2.730496642694448,0,False
fold_01,rolling_7d,exclude_outage_severe,poisson_direct_calendar,1.0,4,"2018-01-07,2018-01-08,2018-01-09,2018-01-10",3768.759080340098,3.0375647603051212,0,False
fold_01,rolling_7d,exclude_outage_severe,poisson_direct_calendar_vessel,0.0001,4,"2018-01-07,2018-01-08,2018-01-09,2018-01-10",2573.267552882341,2.166390690126833,0,False
fold_01,rolling_7d,exclude_outage_severe,poisson_direct_calendar_vessel,0.001,4,"2018-01-07,2018-01-08,2018-01-09,2018-01-10",2554.8946144490114,2.163206941123781,0,False
fold_01,rolling_7d,exclude_outage_severe,poisson_direct_calendar_vessel,0.01,4,"2018-01-07,2018-01-08,2018-01-09,2018-01-10",2515.296628971423,2.193912427991766,0,True
fold_01,rolling_7d,exclude_outage_severe,poisson_direct_calendar_vessel,0.1,4,"2018-01-07,2018-01-08,2018-01-09,2018-01-10",3023.560630887567,2.6174822818051533,0,False
fold_01,rolling_7d,exclude_outage_severe,poisson_direct_calendar_vessel,1.0,4,"2018-01-07,2018-01-08,2018-01-09,2018-01-10",3706.3941341986842,3.012432864160699,0,False
fold_01,rolling_7d,exclude_outage_severe,decomp_ridge_calendar_mean,0.1,4,"2018-01-07,2018-01-08,2018-01-09,2018-01-10",2551.7332176806763,2.1710589688174684,0,True
fold_01,rolling_7d,exclude_outage_severe,decomp_ridge_calendar_mean,1.0,4,"2018-01-07,2018-01-08,2018-01-09,2018-01-10",2688.3718708097226,2.2796830516204647,0,False
fold_01,rolling_7d,exclude_outage_severe,decomp_ridge_calendar_mean,10.0,4,"2018-01-07,2018-01-08,2018-01-09,2018-01-10",3383.823902643236,2.689603064344553,0,False
fold_01,rolling_7d,exclude_outage_severe,decomp_ridge_calendar_mean,100.0,4,"2018-01-07,2018-01-08,2018-01-09,2018-01-10",3917.7343246705414,2.943029142399109,0,False
fold_01,rolling_7d,exclude_outage_severe,decomp_ridge_calendar_mean,1000.0,4,"2018-01-07,2018-01-08,2018-01-09,2018-01-10",4020.2224377488383,2.986230827249323,0,False
fold_01,rolling_7d,exclude_outage_severe,decomp_ridge_calendar_daytype,0.1,4,"2018-01-07,2018-01-08,2018-01-09,2018-01-10",2593.543097255161,2.1880780226685843,0,True
fold_01,rolling_7d,exclude_outage_severe,decomp_ridge_calendar_daytype,1.0,4,"2018-01-07,2018-01-08,2018-01-09,2018-01-10",2731.534026567284,2.303220829221808,0,False
fold_01,rolling_7d,exclude_outage_severe,decomp_ridge_calendar_daytype,10.0,4,"2018-01-07,2018-01-08,2018-01-09,2018-01-10",3428.179788863431,2.703801506513521,0,False
fold_01,rolling_7d,exclude_outage_severe,decomp_ridge_calendar_daytype,100.0,4,"2018-01-07,2018-01-08,2018-01-09,2018-01-10",3960.780099808242,2.9544849375299354,0,False
fold_01,rolling_7d,exclude_outage_severe,decomp_ridge_calendar_daytype,1000.0,4,"2018-01-07,2018-01-08,2018-01-09,2018-01-10",4062.7784043226993,2.9980061714319968,0,False
fold_01,rolling_7d,exclude_outage_severe,decomp_ridge_calendar_vessel_mean,0.1,4,"2018-01-07,2018-01-08,2018-01-09,2018-01-10",2548.7807495039297,2.166231008599027,0,True
fold_01,rolling_7d,exclude_outage_severe,decomp_ridge_calendar_vessel_mean,1.0,4,"2018-01-07,2018-01-08,2018-01-09,2018-01-10",2634.028287634354,2.245109173501769,0,False
fold_01,rolling_7d,exclude_outage_severe,decomp_ridge_calendar_vessel_mean,10.0,4,"2018-01-07,2018-01-08,2018-01-09,2018-01-10",3373.8531800684204,2.683519099929348,0,False
fold_01,rolling_7d,exclude_outage_severe,decomp_ridge_calendar_vessel_mean,100.0,4,"2018-01-07,2018-01-08,2018-01-09,2018-01-10",3920.442890914072,2.943991313744874,0,False
fold_01,rolling_7d,exclude_outage_severe,decomp_ridge_calendar_vessel_mean,1000.0,4,"2018-01-07,2018-01-08,2018-01-09,2018-01-10",4020.5488564260513,2.986341339915373,0,False
fold_01,rolling_7d,exclude_outage_severe,decomp_ridge_calendar_vessel_daytype,0.1,4,"2018-01-07,2018-01-08,2018-01-09,2018-01-10",2582.585037462848,2.1824428940157925,0,True
fold_01,rolling_7d,exclude_outage_severe,decomp_ridge_calendar_vessel_daytype,1.0,4,"2018-01-07,2018-01-08,2018-01-09,2018-01-10",2673.161538005169,2.2627407047998105,0,False
fold_01,rolling_7d,exclude_outage_severe,decomp_ridge_calendar_vessel_daytype,10.0,4,"2018-01-07,2018-01-08,2018-01-09,2018-01-10",3417.5861373340877,2.697205693809073,0,False
fold_01,rolling_7d,exclude_outage_severe,decomp_ridge_calendar_vessel_daytype,100.0,4,"2018-01-07,2018-01-08,2018-01-09,2018-01-10",3963.332546499222,2.95540633860308,0,False
fold_01,rolling_7d,exclude_outage_severe,decomp_ridge_calendar_vessel_daytype,1000.0,4,"2018-01-07,2018-01-08,2018-01-09,2018-01-10",4063.086189026741,2.9981141402188465,0,False
fold_01,rolling_7d,exclude_outage_severe,decomp_poisson_calendar_mean,0.0001,4,"2018-01-07,2018-01-08,2018-01-09,2018-01-10",2582.1685586633876,2.1724319285143534,0,False
fold_01,rolling_7d,exclude_outage_severe,decomp_poisson_calendar_mean,0.001,4,"2018-01-07,2018-01-08,2018-01-09,2018-01-10",2582.0699511400558,2.1724173691041577,0,False
fold_01,rolling_7d,exclude_outage_severe,decomp_poisson_calendar_mean,0.01,4,"2018-01-07,2018-01-08,2018-01-09,2018-01-10",2581.0993087246834,2.1722894232479932,0,False
fold_01,rolling_7d,exclude_outage_severe,decomp_poisson_calendar_mean,0.1,4,"2018-01-07,2018-01-08,2018-01-09,2018-01-10",2572.5092428001885,2.171130483861044,0,False
fold_01,rolling_7d,exclude_outage_severe,decomp_poisson_calendar_mean,1.0,4,"2018-01-07,2018-01-08,2018-01-09,2018-01-10",2547.610890723181,2.1858382222235817,0,True
fold_01,rolling_7d,exclude_outage_severe,decomp_poisson_calendar_daytype,0.0001,4,"2018-01-07,2018-01-08,2018-01-09,2018-01-10",2623.7787407048586,2.185221907761305,0,False
fold_01,rolling_7d,exclude_outage_severe,decomp_poisson_calendar_daytype,0.001,4,"2018-01-07,2018-01-08,2018-01-09,2018-01-10",2623.6800044656625,2.185220768422663,0,False
fold_01,rolling_7d,exclude_outage_severe,decomp_poisson_calendar_daytype,0.01,4,"2018-01-07,2018-01-08,2018-01-09,2018-01-10",2622.7080324091266,2.1852112903414533,0,False
fold_01,rolling_7d,exclude_outage_severe,decomp_poisson_calendar_daytype,0.1,4,"2018-01-07,2018-01-08,2018-01-09,2018-01-10",2614.109510886712,2.1855864157409224,0,False
fold_01,rolling_7d,exclude_outage_severe,decomp_poisson_calendar_daytype,1.0,4,"2018-01-07,2018-01-08,2018-01-09,2018-01-10",2589.360663823818,2.2015805244336644,0,True
fold_01,rolling_7d,exclude_outage_severe,decomp_poisson_calendar_vessel_mean,0.0001,4,"2018-01-07,2018-01-08,2018-01-09,2018-01-10",2582.2075637469948,2.1727671476320594,0,False
fold_01,rolling_7d,exclude_outage_severe,decomp_poisson_calendar_vessel_mean,0.001,4,"2018-01-07,2018-01-08,2018-01-09,2018-01-10",2582.086665196735,2.172743777388215,0,False
fold_01,rolling_7d,exclude_outage_severe,decomp_poisson_calendar_vessel_mean,0.01,4,"2018-01-07,2018-01-08,2018-01-09,2018-01-10",2580.900398281,2.172514010033215,0,False
fold_01,rolling_7d,exclude_outage_severe,decomp_poisson_calendar_vessel_mean,0.1,4,"2018-01-07,2018-01-08,2018-01-09,2018-01-10",2570.370295161548,2.1703392574742,0,False
fold_01,rolling_7d,exclude_outage_severe,decomp_poisson_calendar_vessel_mean,1.0,4,"2018-01-07,2018-01-08,2018-01-09,2018-01-10",2535.073642286776,2.171575823947537,0,True
fold_01,rolling_7d,exclude_outage_severe,decomp_poisson_calendar_vessel_daytype,0.0001,4,"2018-01-07,2018-01-08,2018-01-09,2018-01-10",2616.0854689130547,2.1827031564328667,0,False
fold_01,rolling_7d,exclude_outage_severe,decomp_poisson_calendar_vessel_daytype,0.001,4,"2018-01-07,2018-01-08,2018-01-09,2018-01-10",2615.9658459837015,2.1826913586772005,0,False
fold_01,rolling_7d,exclude_outage_severe,decomp_poisson_calendar_vessel_daytype,0.01,4,"2018-01-07,2018-01-08,2018-01-09,2018-01-10",2614.792062176081,2.1825763830220857,0,False
fold_01,rolling_7d,exclude_outage_severe,decomp_poisson_calendar_vessel_daytype,0.1,4,"2018-01-07,2018-01-08,2018-01-09,2018-01-10",2604.386676086196,2.1819486652118707,0,False
fold_01,rolling_7d,exclude_outage_severe,decomp_poisson_calendar_vessel_daytype,1.0,4,"2018-01-07,2018-01-08,2018-01-09,2018-01-10",2570.271312959261,2.186792313996124,0,True
fold_01,rolling_7d,quality_weighted,ridge_direct_calendar,0.1,4,"2018-01-07,2018-01-08,2018-01-09,2018-01-10",2636.6380928682074,2.17937864112683,0,False
fold_01,rolling_7d,quality_weighted,ridge_direct_calendar,1.0,4,"2018-01-07,2018-01-08,2018-01-09,2018-01-10",2537.31312973811,2.191839395869108,0,True
fold_01,rolling_7d,quality_weighted,ridge_direct_calendar,10.0,4,"2018-01-07,2018-01-08,2018-01-09,2018-01-10",3185.356957848901,2.7016853662389217,0,False
fold_01,rolling_7d,quality_weighted,ridge_direct_calendar,100.0,4,"2018-01-07,2018-01-08,2018-01-09,2018-01-10",3771.823997741294,3.0358594998791797,0,False
fold_01,rolling_7d,quality_weighted,ridge_direct_calendar,1000.0,4,"2018-01-07,2018-01-08,2018-01-09,2018-01-10",3878.8920250063,3.125566885170492,0,False
fold_01,rolling_7d,quality_weighted,ridge_direct_calendar_vessel,0.1,4,"2018-01-07,2018-01-08,2018-01-09,2018-01-10",2704.2049932244813,2.2069752178509257,0,False
fold_01,rolling_7d,quality_weighted,ridge_direct_calendar_vessel,1.0,4,"2018-01-07,2018-01-08,2018-01-09,2018-01-10",2586.4812978969094,2.197021653046621,0,True
fold_01,rolling_7d,quality_weighted,ridge_direct_calendar_vessel,10.0,4,"2018-01-07,2018-01-08,2018-01-09,2018-01-10",2965.0447163506224,2.5694246722875573,0,False
fold_01,rolling_7d,quality_weighted,ridge_direct_calendar_vessel,100.0,4,"2018-01-07,2018-01-08,2018-01-09,2018-01-10",3681.360017647808,2.996983054060585,0,False
fold_01,rolling_7d,quality_weighted,ridge_direct_calendar_vessel,1000.0,4,"2018-01-07,2018-01-08,2018-01-09,2018-01-10",3882.8834960360764,3.1272946643480273,0,False
fold_01,rolling_7d,quality_weighted,poisson_direct_calendar,0.0001,4,"2018-01-07,2018-01-08,2018-01-09,2018-01-10",2572.258630619409,2.1660786168077895,0,False
fold_01,rolling_7d,quality_weighted,poisson_direct_calendar,0.001,4,"2018-01-07,2018-01-08,2018-01-09,2018-01-10",2551.4282795075424,2.164153116209597,0,False
fold_01,rolling_7d,quality_weighted,poisson_direct_calendar,0.01,4,"2018-01-07,2018-01-08,2018-01-09,2018-01-10",2510.318909595703,2.2158256196107353,0,True
fold_01,rolling_7d,quality_weighted,poisson_direct_calendar,0.1,4,"2018-01-07,2018-01-08,2018-01-09,2018-01-10",3219.332743781043,2.730496642694448,0,False
fold_01,rolling_7d,quality_weighted,poisson_direct_calendar,1.0,4,"2018-01-07,2018-01-08,2018-01-09,2018-01-10",3768.759080340098,3.0375647603051212,0,False
fold_01,rolling_7d,quality_weighted,poisson_direct_calendar_vessel,0.0001,4,"2018-01-07,2018-01-08,2018-01-09,2018-01-10",2573.267552882341,2.166390690126833,0,False
fold_01,rolling_7d,quality_weighted,poisson_direct_calendar_vessel,0.001,4,"2018-01-07,2018-01-08,2018-01-09,2018-01-10",2554.8946144490114,2.163206941123781,0,False
fold_01,rolling_7d,quality_weighted,poisson_direct_calendar_vessel,0.01,4,"2018-01-07,2018-01-08,2018-01-09,2018-01-10",2515.296628971423,2.193912427991766,0,True
fold_01,rolling_7d,quality_weighted,poisson_direct_calendar_vessel,0.1,4,"2018-01-07,2018-01-08,2018-01-09,2018-01-10",3023.560630887567,2.6174822818051533,0,False
fold_01,rolling_7d,quality_weighted,poisson_direct_calendar_vessel,1.0,4,"2018-01-07,2018-01-08,2018-01-09,2018-01-10",3706.3941341986842,3.012432864160699,0,False
fold_01,rolling_7d,quality_weighted,decomp_ridge_calendar_mean,0.1,4,"2018-01-07,2018-01-08,2018-01-09,2018-01-10",2551.7332176806763,2.1710589688174684,0,True
fold_01,rolling_7d,quality_weighted,decomp_ridge_calendar_mean,1.0,4,"2018-01-07,2018-01-08,2018-01-09,2018-01-10",2688.3718708097226,2.2796830516204647,0,False
fold_01,rolling_7d,quality_weighted,decomp_ridge_calendar_mean,10.0,4,"2018-01-07,2018-01-08,2018-01-09,2018-01-10",3383.823902643236,2.689603064344553,0,False
fold_01,rolling_7d,quality_weighted,decomp_ridge_calendar_mean,100.0,4,"2018-01-07,2018-01-08,2018-01-09,2018-01-10",3917.7343246705414,2.943029142399109,0,False
fold_01,rolling_7d,quality_weighted,decomp_ridge_calendar_mean,1000.0,4,"2018-01-07,2018-01-08,2018-01-09,2018-01-10",4020.2224377488383,2.986230827249323,0,False
fold_01,rolling_7d,quality_weighted,decomp_ridge_calendar_daytype,0.1,4,"2018-01-07,2018-01-08,2018-01-09,2018-01-10",2593.543097255161,2.1880780226685843,0,True
fold_01,rolling_7d,quality_weighted,decomp_ridge_calendar_daytype,1.0,4,"2018-01-07,2018-01-08,2018-01-09,2018-01-10",2731.534026567284,2.303220829221808,0,False
fold_01,rolling_7d,quality_weighted,decomp_ridge_calendar_daytype,10.0,4,"2018-01-07,2018-01-08,2018-01-09,2018-01-10",3428.179788863431,2.703801506513521,0,False
fold_01,rolling_7d,quality_weighted,decomp_ridge_calendar_daytype,100.0,4,"2018-01-07,2018-01-08,2018-01-09,2018-01-10",3960.780099808242,2.9544849375299354,0,False
fold_01,rolling_7d,quality_weighted,decomp_ridge_calendar_daytype,1000.0,4,"2018-01-07,2018-01-08,2018-01-09,2018-01-10",4062.7784043226993,2.9980061714319968,0,False
fold_01,rolling_7d,quality_weighted,decomp_ridge_calendar_vessel_mean,0.1,4,"2018-01-07,2018-01-08,2018-01-09,2018-01-10",2548.7807495039297,2.166231008599027,0,True
fold_01,rolling_7d,quality_weighted,decomp_ridge_calendar_vessel_mean,1.0,4,"2018-01-07,2018-01-08,2018-01-09,2018-01-10",2634.028287634354,2.245109173501769,0,False
fold_01,rolling_7d,quality_weighted,decomp_ridge_calendar_vessel_mean,10.0,4,"2018-01-07,2018-01-08,2018-01-09,2018-01-10",3373.8531800684204,2.683519099929348,0,False
fold_01,rolling_7d,quality_weighted,decomp_ridge_calendar_vessel_mean,100.0,4,"2018-01-07,2018-01-08,2018-01-09,2018-01-10",3920.442890914072,2.943991313744874,0,False
fold_01,rolling_7d,quality_weighted,decomp_ridge_calendar_vessel_mean,1000.0,4,"2018-01-07,2018-01-08,2018-01-09,2018-01-10",4020.5488564260513,2.986341339915373,0,False
fold_01,rolling_7d,quality_weighted,decomp_ridge_calendar_vessel_daytype,0.1,4,"2018-01-07,2018-01-08,2018-01-09,2018-01-10",2582.585037462848,2.1824428940157925,0,True
fold_01,rolling_7d,quality_weighted,decomp_ridge_calendar_vessel_daytype,1.0,4,"2018-01-07,2018-01-08,2018-01-09,2018-01-10",2673.161538005169,2.2627407047998105,0,False
fold_01,rolling_7d,quality_weighted,decomp_ridge_calendar_vessel_daytype,10.0,4,"2018-01-07,2018-01-08,2018-01-09,2018-01-10",3417.5861373340877,2.697205693809073,0,False
fold_01,rolling_7d,quality_weighted,decomp_ridge_calendar_vessel_daytype,100.0,4,"2018-01-07,2018-01-08,2018-01-09,2018-01-10",3963.332546499222,2.95540633860308,0,False
fold_01,rolling_7d,quality_weighted,decomp_ridge_calendar_vessel_daytype,1000.0,4,"2018-01-07,2018-01-08,2018-01-09,2018-01-10",4063.086189026741,2.9981141402188465,0,False
fold_01,rolling_7d,quality_weighted,decomp_poisson_calendar_mean,0.0001,4,"2018-01-07,2018-01-08,2018-01-09,2018-01-10",2582.1685586633876,2.1724319285143534,0,False
fold_01,rolling_7d,quality_weighted,decomp_poisson_calendar_mean,0.001,4,"2018-01-07,2018-01-08,2018-01-09,2018-01-10",2582.0699511400558,2.1724173691041577,0,False
fold_01,rolling_7d,quality_weighted,decomp_poisson_calendar_mean,0.01,4,"2018-01-07,2018-01-08,2018-01-09,2018-01-10",2581.0993087246834,2.1722894232479932,0,False
fold_01,rolling_7d,quality_weighted,decomp_poisson_calendar_mean,0.1,4,"2018-01-07,2018-01-08,2018-01-09,2018-01-10",2572.5092428001885,2.171130483861044,0,False
fold_01,rolling_7d,quality_weighted,decomp_poisson_calendar_mean,1.0,4,"2018-01-07,2018-01-08,2018-01-09,2018-01-10",2547.610890723181,2.1858382222235817,0,True
fold_01,rolling_7d,quality_weighted,decomp_poisson_calendar_daytype,0.0001,4,"2018-01-07,2018-01-08,2018-01-09,2018-01-10",2623.7787407048586,2.185221907761305,0,False
fold_01,rolling_7d,quality_weighted,decomp_poisson_calendar_daytype,0.001,4,"2018-01-07,2018-01-08,2018-01-09,2018-01-10",2623.6800044656625,2.185220768422663,0,False
fold_01,rolling_7d,quality_weighted,decomp_poisson_calendar_daytype,0.01,4,"2018-01-07,2018-01-08,2018-01-09,2018-01-10",2622.7080324091266,2.1852112903414533,0,False
fold_01,rolling_7d,quality_weighted,decomp_poisson_calendar_daytype,0.1,4,"2018-01-07,2018-01-08,2018-01-09,2018-01-10",2614.109510886712,2.1855864157409224,0,False
fold_01,rolling_7d,quality_weighted,decomp_poisson_calendar_daytype,1.0,4,"2018-01-07,2018-01-08,2018-01-09,2018-01-10",2589.360663823818,2.2015805244336644,0,True
fold_01,rolling_7d,quality_weighted,decomp_poisson_calendar_vessel_mean,0.0001,4,"2018-01-07,2018-01-08,2018-01-09,2018-01-10",2582.2075637469948,2.1727671476320594,0,False
fold_01,rolling_7d,quality_weighted,decomp_poisson_calendar_vessel_mean,0.001,4,"2018-01-07,2018-01-08,2018-01-09,2018-01-10",2582.086665196735,2.172743777388215,0,False
fold_01,rolling_7d,quality_weighted,decomp_poisson_calendar_vessel_mean,0.01,4,"2018-01-07,2018-01-08,2018-01-09,2018-01-10",2580.900398281,2.172514010033215,0,False
fold_01,rolling_7d,quality_weighted,decomp_poisson_calendar_vessel_mean,0.1,4,"2018-01-07,2018-01-08,2018-01-09,2018-01-10",2570.370295161548,2.1703392574742,0,False
fold_01,rolling_7d,quality_weighted,decomp_poisson_calendar_vessel_mean,1.0,4,"2018-01-07,2018-01-08,2018-01-09,2018-01-10",2535.073642286776,2.171575823947537,0,True
fold_01,rolling_7d,quality_weighted,decomp_poisson_calendar_vessel_daytype,0.0001,4,"2018-01-07,2018-01-08,2018-01-09,2018-01-10",2616.0854689130547,2.1827031564328667,0,False
fold_01,rolling_7d,quality_weighted,decomp_poisson_calendar_vessel_daytype,0.001,4,"2018-01-07,2018-01-08,2018-01-09,2018-01-10",2615.9658459837015,2.1826913586772005,0,False
fold_01,rolling_7d,quality_weighted,decomp_poisson_calendar_vessel_daytype,0.01,4,"2018-01-07,2018-01-08,2018-01-09,2018-01-10",2614.792062176081,2.1825763830220857,0,False
fold_01,rolling_7d,quality_weighted,decomp_poisson_calendar_vessel_daytype,0.1,4,"2018-01-07,2018-01-08,2018-01-09,2018-01-10",2604.386676086196,2.1819486652118707,0,False
fold_01,rolling_7d,quality_weighted,decomp_poisson_calendar_vessel_daytype,1.0,4,"2018-01-07,2018-01-08,2018-01-09,2018-01-10",2570.271312959261,2.186792313996124,0,True
fold_02,rolling_7d,all,ridge_direct_calendar,0.1,4,"2018-01-08,2018-01-09,2018-01-10,2018-01-11",2289.2446012846103,2.067822368624393,0,False
fold_02,rolling_7d,all,ridge_direct_calendar,1.0,4,"2018-01-08,2018-01-09,2018-01-10,2018-01-11",2222.1365634836247,2.0791080885789652,0,True
fold_02,rolling_7d,all,ridge_direct_calendar,10.0,4,"2018-01-08,2018-01-09,2018-01-10,2018-01-11",2930.652265915669,2.554370344765092,0,False
fold_02,rolling_7d,all,ridge_direct_calendar,100.0,4,"2018-01-08,2018-01-09,2018-01-10,2018-01-11",3483.518794589193,2.898744343828786,0,False
fold_02,rolling_7d,all,ridge_direct_calendar,1000.0,4,"2018-01-08,2018-01-09,2018-01-10,2018-01-11",3584.6499482091654,2.9949534486798957,0,False
fold_02,rolling_7d,all,ridge_direct_calendar_vessel,0.1,4,"2018-01-08,2018-01-09,2018-01-10,2018-01-11",2288.859856274917,2.0619395998414003,0,False
fold_02,rolling_7d,all,ridge_direct_calendar_vessel,1.0,4,"2018-01-08,2018-01-09,2018-01-10,2018-01-11",2217.728689312428,2.065530550613526,0,True
fold_02,rolling_7d,all,ridge_direct_calendar_vessel,10.0,4,"2018-01-08,2018-01-09,2018-01-10,2018-01-11",2679.9788253624065,2.4130294290688874,0,False
fold_02,rolling_7d,all,ridge_direct_calendar_vessel,100.0,4,"2018-01-08,2018-01-09,2018-01-10,2018-01-11",3377.449042734317,2.8494229934607285,0,False
fold_02,rolling_7d,all,ridge_direct_calendar_vessel,1000.0,4,"2018-01-08,2018-01-09,2018-01-10,2018-01-11",3585.229619183732,2.9954703341292856,0,False
fold_02,rolling_7d,all,poisson_direct_calendar,0.0001,4,"2018-01-08,2018-01-09,2018-01-10,2018-01-11",2253.1183763790136,2.061460307513663,0,False
fold_02,rolling_7d,all,poisson_direct_calendar,0.001,4,"2018-01-08,2018-01-09,2018-01-10,2018-01-11",2229.3771997013446,2.0578604387277206,0,False
fold_02,rolling_7d,all,poisson_direct_calendar,0.01,4,"2018-01-08,2018-01-09,2018-01-10,2018-01-11",2191.0967477699974,2.0938866692000357,0,True
fold_02,rolling_7d,all,poisson_direct_calendar,0.1,4,"2018-01-08,2018-01-09,2018-01-10,2018-01-11",3017.9032613162863,2.6168855569093963,0,False
fold_02,rolling_7d,all,poisson_direct_calendar,1.0,4,"2018-01-08,2018-01-09,2018-01-10,2018-01-11",3505.150225698355,2.9167497718676554,0,False
fold_02,rolling_7d,all,poisson_direct_calendar_vessel,0.0001,4,"2018-01-08,2018-01-09,2018-01-10,2018-01-11",2228.8604578823015,2.049875401282824,0,False
fold_02,rolling_7d,all,poisson_direct_calendar_vessel,0.001,4,"2018-01-08,2018-01-09,2018-01-10,2018-01-11",2209.1266648886503,2.046495488278735,0,False
fold_02,rolling_7d,all,poisson_direct_calendar_vessel,0.01,4,"2018-01-08,2018-01-09,2018-01-10,2018-01-11",2175.34243519864,2.068648187113348,0,True
fold_02,rolling_7d,all,poisson_direct_calendar_vessel,0.1,4,"2018-01-08,2018-01-09,2018-01-10,2018-01-11",2780.019058224387,2.481672491374825,0,False
fold_02,rolling_7d,all,poisson_direct_calendar_vessel,1.0,4,"2018-01-08,2018-01-09,2018-01-10,2018-01-11",3435.7037271460804,2.885218633042636,0,False
fold_02,rolling_7d,all,decomp_ridge_calendar_mean,0.1,4,"2018-01-08,2018-01-09,2018-01-10,2018-01-11",2219.109799074553,2.0570584761051114,0,True
fold_02,rolling_7d,all,decomp_ridge_calendar_mean,1.0,4,"2018-01-08,2018-01-09,2018-01-10,2018-01-11",2297.6803435421934,2.129667043985357,0,False
fold_02,rolling_7d,all,decomp_ridge_calendar_mean,10.0,4,"2018-01-08,2018-01-09,2018-01-10,2018-01-11",2833.9158702313916,2.4469563884678736,0,False
fold_02,rolling_7d,all,decomp_ridge_calendar_mean,100.0,4,"2018-01-08,2018-01-09,2018-01-10,2018-01-11",3319.7127191740565,2.6983560206295762,0,False
fold_02,rolling_7d,all,decomp_ridge_calendar_mean,1000.0,4,"2018-01-08,2018-01-09,2018-01-10,2018-01-11",3419.602871142212,2.7448163806741133,0,False
fold_02,rolling_7d,all,decomp_ridge_calendar_daytype,0.1,4,"2018-01-08,2018-01-09,2018-01-10,2018-01-11",2233.1729232136327,2.056186243947034,0,True
fold_02,rolling_7d,all,decomp_ridge_calendar_daytype,1.0,4,"2018-01-08,2018-01-09,2018-01-10,2018-01-11",2311.691998627518,2.133939073713884,0,False
fold_02,rolling_7d,all,decomp_ridge_calendar_daytype,10.0,4,"2018-01-08,2018-01-09,2018-01-10,2018-01-11",2839.9076723146823,2.4443151991524315,0,False
fold_02,rolling_7d,all,decomp_ridge_calendar_daytype,100.0,4,"2018-01-08,2018-01-09,2018-01-10,2018-01-11",3315.113217442724,2.6906304408501356,0,False
fold_02,rolling_7d,all,decomp_ridge_calendar_daytype,1000.0,4,"2018-01-08,2018-01-09,2018-01-10,2018-01-11",3412.7471749516594,2.737383060060693,0,False
fold_02,rolling_7d,all,decomp_ridge_calendar_vessel_mean,0.1,4,"2018-01-08,2018-01-09,2018-01-10,2018-01-11",2191.1320178759674,2.04076249451314,0,True
fold_02,rolling_7d,all,decomp_ridge_calendar_vessel_mean,1.0,4,"2018-01-08,2018-01-09,2018-01-10,2018-01-11",2241.0219399057682,2.0913131831669753,0,False
fold_02,rolling_7d,all,decomp_ridge_calendar_vessel_mean,10.0,4,"2018-01-08,2018-01-09,2018-01-10,2018-01-11",2815.3068888193898,2.435631711840349,0,False
fold_02,rolling_7d,all,decomp_ridge_calendar_vessel_mean,100.0,4,"2018-01-08,2018-01-09,2018-01-10,2018-01-11",3320.849701664702,2.698629353555341,0,False
fold_02,rolling_7d,all,decomp_ridge_calendar_vessel_mean,1000.0,4,"2018-01-08,2018-01-09,2018-01-10,2018-01-11",3419.7683840774316,2.7448649932113676,0,False
fold_02,rolling_7d,all,decomp_ridge_calendar_vessel_daytype,0.1,4,"2018-01-08,2018-01-09,2018-01-10,2018-01-11",2200.0348059980743,2.0387816731587707,0,True
fold_02,rolling_7d,all,decomp_ridge_calendar_vessel_daytype,1.0,4,"2018-01-08,2018-01-09,2018-01-10,2018-01-11",2251.649037124184,2.0894264481207596,0,False
fold_02,rolling_7d,all,decomp_ridge_calendar_vessel_daytype,10.0,4,"2018-01-08,2018-01-09,2018-01-10,2018-01-11",2820.7090059125812,2.432390055625971,0,False
fold_02,rolling_7d,all,decomp_ridge_calendar_vessel_daytype,100.0,4,"2018-01-08,2018-01-09,2018-01-10,2018-01-11",3316.1883062249153,2.690924016355396,0,False
fold_02,rolling_7d,all,decomp_ridge_calendar_vessel_daytype,1000.0,4,"2018-01-08,2018-01-09,2018-01-10,2018-01-11",3412.906646103863,2.7374356323418327,0,False
fold_02,rolling_7d,all,decomp_poisson_calendar_mean,0.0001,4,"2018-01-08,2018-01-09,2018-01-10,2018-01-11",2254.7248376539237,2.0608846165347225,0,False
fold_02,rolling_7d,all,decomp_poisson_calendar_mean,0.001,4,"2018-01-08,2018-01-09,2018-01-10,2018-01-11",2254.608918748012,2.060857845308351,0,False
fold_02,rolling_7d,all,decomp_poisson_calendar_mean,0.01,4,"2018-01-08,2018-01-09,2018-01-10,2018-01-11",2253.4625735371615,2.060606626874156,0,False
fold_02,rolling_7d,all,decomp_poisson_calendar_mean,0.1,4,"2018-01-08,2018-01-09,2018-01-10,2018-01-11",2243.1737870551547,2.0582343267366716,0,False
fold_02,rolling_7d,all,decomp_poisson_calendar_mean,1.0,4,"2018-01-08,2018-01-09,2018-01-10,2018-01-11",2204.7426531521874,2.0624830828405383,0,True
fold_02,rolling_7d,all,decomp_poisson_calendar_daytype,0.0001,4,"2018-01-08,2018-01-09,2018-01-10,2018-01-11",2268.667758990864,2.0559984231747968,0,False
fold_02,rolling_7d,all,decomp_poisson_calendar_daytype,0.001,4,"2018-01-08,2018-01-09,2018-01-10,2018-01-11",2268.5514376018946,2.055983279708945,0,False
fold_02,rolling_7d,all,decomp_poisson_calendar_daytype,0.01,4,"2018-01-08,2018-01-09,2018-01-10,2018-01-11",2267.401044364097,2.055832547624204,0,False
fold_02,rolling_7d,all,decomp_poisson_calendar_daytype,0.1,4,"2018-01-08,2018-01-09,2018-01-10,2018-01-11",2257.0732473408725,2.0548148723406805,0,False
fold_02,rolling_7d,all,decomp_poisson_calendar_daytype,1.0,4,"2018-01-08,2018-01-09,2018-01-10,2018-01-11",2218.364636099989,2.060682425040567,0,True
fold_02,rolling_7d,all,decomp_poisson_calendar_vessel_mean,0.0001,4,"2018-01-08,2018-01-09,2018-01-10,2018-01-11",2229.7006854919637,2.0502945827302637,0,False
fold_02,rolling_7d,all,decomp_poisson_calendar_vessel_mean,0.001,4,"2018-01-08,2018-01-09,2018-01-10,2018-01-11",2229.574900517754,2.0502642088796517,0,False
fold_02,rolling_7d,all,decomp_poisson_calendar_vessel_mean,0.01,4,"2018-01-08,2018-01-09,2018-01-10,2018-01-11",2228.3355441943318,2.049963193690369,0,False
fold_02,rolling_7d,all,decomp_poisson_calendar_vessel_mean,0.1,4,"2018-01-08,2018-01-09,2018-01-10,2018-01-11",2217.2772071928775,2.0470816269914627,0,False
fold_02,rolling_7d,all,decomp_poisson_calendar_vessel_mean,1.0,4,"2018-01-08,2018-01-09,2018-01-10,2018-01-11",2175.9390953633088,2.040684448046871,0,True
fold_02,rolling_7d,all,decomp_poisson_calendar_vessel_daytype,0.0001,4,"2018-01-08,2018-01-09,2018-01-10,2018-01-11",2238.7969071761686,2.042268807957495,0,False
fold_02,rolling_7d,all,decomp_poisson_calendar_vessel_daytype,0.001,4,"2018-01-08,2018-01-09,2018-01-10,2018-01-11",2238.6711734877504,2.0422480541952153,0,False
fold_02,rolling_7d,all,decomp_poisson_calendar_vessel_daytype,0.01,4,"2018-01-08,2018-01-09,2018-01-10,2018-01-11",2237.432288706169,2.0420421750430995,0,False
fold_02,rolling_7d,all,decomp_poisson_calendar_vessel_daytype,0.1,4,"2018-01-08,2018-01-09,2018-01-10,2018-01-11",2226.379016028935,2.0405116231311546,0,False
fold_02,rolling_7d,all,decomp_poisson_calendar_vessel_daytype,1.0,4,"2018-01-08,2018-01-09,2018-01-10,2018-01-11",2185.1413380441736,2.037590636676445,0,True
fold_02,rolling_7d,exclude_outage_severe,ridge_direct_calendar,0.1,4,"2018-01-08,2018-01-09,2018-01-10,2018-01-11",2289.2446012846103,2.067822368624393,0,False
fold_02,rolling_7d,exclude_outage_severe,ridge_direct_calendar,1.0,4,"2018-01-08,2018-01-09,2018-01-10,2018-01-11",2222.1365634836247,2.0791080885789652,0,True
fold_02,rolling_7d,exclude_outage_severe,ridge_direct_calendar,10.0,4,"2018-01-08,2018-01-09,2018-01-10,2018-01-11",2930.652265915669,2.554370344765092,0,False
fold_02,rolling_7d,exclude_outage_severe,ridge_direct_calendar,100.0,4,"2018-01-08,2018-01-09,2018-01-10,2018-01-11",3483.518794589193,2.898744343828786,0,False
fold_02,rolling_7d,exclude_outage_severe,ridge_direct_calendar,1000.0,4,"2018-01-08,2018-01-09,2018-01-10,2018-01-11",3584.6499482091654,2.9949534486798957,0,False
fold_02,rolling_7d,exclude_outage_severe,ridge_direct_calendar_vessel,0.1,4,"2018-01-08,2018-01-09,2018-01-10,2018-01-11",2288.859856274917,2.0619395998414003,0,False
fold_02,rolling_7d,exclude_outage_severe,ridge_direct_calendar_vessel,1.0,4,"2018-01-08,2018-01-09,2018-01-10,2018-01-11",2217.728689312428,2.065530550613526,0,True
fold_02,rolling_7d,exclude_outage_severe,ridge_direct_calendar_vessel,10.0,4,"2018-01-08,2018-01-09,2018-01-10,2018-01-11",2679.9788253624065,2.4130294290688874,0,False
fold_02,rolling_7d,exclude_outage_severe,ridge_direct_calendar_vessel,100.0,4,"2018-01-08,2018-01-09,2018-01-10,2018-01-11",3377.449042734317,2.8494229934607285,0,False
fold_02,rolling_7d,exclude_outage_severe,ridge_direct_calendar_vessel,1000.0,4,"2018-01-08,2018-01-09,2018-01-10,2018-01-11",3585.229619183732,2.9954703341292856,0,False
fold_02,rolling_7d,exclude_outage_severe,poisson_direct_calendar,0.0001,4,"2018-01-08,2018-01-09,2018-01-10,2018-01-11",2253.1183763790136,2.061460307513663,0,False
fold_02,rolling_7d,exclude_outage_severe,poisson_direct_calendar,0.001,4,"2018-01-08,2018-01-09,2018-01-10,2018-01-11",2229.3771997013446,2.0578604387277206,0,False
fold_02,rolling_7d,exclude_outage_severe,poisson_direct_calendar,0.01,4,"2018-01-08,2018-01-09,2018-01-10,2018-01-11",2191.0967477699974,2.0938866692000357,0,True
fold_02,rolling_7d,exclude_outage_severe,poisson_direct_calendar,0.1,4,"2018-01-08,2018-01-09,2018-01-10,2018-01-11",3017.9032613162863,2.6168855569093963,0,False
fold_02,rolling_7d,exclude_outage_severe,poisson_direct_calendar,1.0,4,"2018-01-08,2018-01-09,2018-01-10,2018-01-11",3505.150225698355,2.9167497718676554,0,False
fold_02,rolling_7d,exclude_outage_severe,poisson_direct_calendar_vessel,0.0001,4,"2018-01-08,2018-01-09,2018-01-10,2018-01-11",2228.8604578823015,2.049875401282824,0,False
fold_02,rolling_7d,exclude_outage_severe,poisson_direct_calendar_vessel,0.001,4,"2018-01-08,2018-01-09,2018-01-10,2018-01-11",2209.1266648886503,2.046495488278735,0,False
fold_02,rolling_7d,exclude_outage_severe,poisson_direct_calendar_vessel,0.01,4,"2018-01-08,2018-01-09,2018-01-10,2018-01-11",2175.34243519864,2.068648187113348,0,True
fold_02,rolling_7d,exclude_outage_severe,poisson_direct_calendar_vessel,0.1,4,"2018-01-08,2018-01-09,2018-01-10,2018-01-11",2780.019058224387,2.481672491374825,0,False
fold_02,rolling_7d,exclude_outage_severe,poisson_direct_calendar_vessel,1.0,4,"2018-01-08,2018-01-09,2018-01-10,2018-01-11",3435.7037271460804,2.885218633042636,0,False
fold_02,rolling_7d,exclude_outage_severe,decomp_ridge_calendar_mean,0.1,4,"2018-01-08,2018-01-09,2018-01-10,2018-01-11",2219.109799074553,2.0570584761051114,0,True
fold_02,rolling_7d,exclude_outage_severe,decomp_ridge_calendar_mean,1.0,4,"2018-01-08,2018-01-09,2018-01-10,2018-01-11",2297.6803435421934,2.129667043985357,0,False
fold_02,rolling_7d,exclude_outage_severe,decomp_ridge_calendar_mean,10.0,4,"2018-01-08,2018-01-09,2018-01-10,2018-01-11",2833.9158702313916,2.4469563884678736,0,False
fold_02,rolling_7d,exclude_outage_severe,decomp_ridge_calendar_mean,100.0,4,"2018-01-08,2018-01-09,2018-01-10,2018-01-11",3319.7127191740565,2.6983560206295762,0,False
fold_02,rolling_7d,exclude_outage_severe,decomp_ridge_calendar_mean,1000.0,4,"2018-01-08,2018-01-09,2018-01-10,2018-01-11",3419.602871142212,2.7448163806741133,0,False
fold_02,rolling_7d,exclude_outage_severe,decomp_ridge_calendar_daytype,0.1,4,"2018-01-08,2018-01-09,2018-01-10,2018-01-11",2233.1729232136327,2.056186243947034,0,True
fold_02,rolling_7d,exclude_outage_severe,decomp_ridge_calendar_daytype,1.0,4,"2018-01-08,2018-01-09,2018-01-10,2018-01-11",2311.691998627518,2.133939073713884,0,False
fold_02,rolling_7d,exclude_outage_severe,decomp_ridge_calendar_daytype,10.0,4,"2018-01-08,2018-01-09,2018-01-10,2018-01-11",2839.9076723146823,2.4443151991524315,0,False
fold_02,rolling_7d,exclude_outage_severe,decomp_ridge_calendar_daytype,100.0,4,"2018-01-08,2018-01-09,2018-01-10,2018-01-11",3315.113217442724,2.6906304408501356,0,False
fold_02,rolling_7d,exclude_outage_severe,decomp_ridge_calendar_daytype,1000.0,4,"2018-01-08,2018-01-09,2018-01-10,2018-01-11",3412.7471749516594,2.737383060060693,0,False
fold_02,rolling_7d,exclude_outage_severe,decomp_ridge_calendar_vessel_mean,0.1,4,"2018-01-08,2018-01-09,2018-01-10,2018-01-11",2191.1320178759674,2.04076249451314,0,True
fold_02,rolling_7d,exclude_outage_severe,decomp_ridge_calendar_vessel_mean,1.0,4,"2018-01-08,2018-01-09,2018-01-10,2018-01-11",2241.0219399057682,2.0913131831669753,0,False
fold_02,rolling_7d,exclude_outage_severe,decomp_ridge_calendar_vessel_mean,10.0,4,"2018-01-08,2018-01-09,2018-01-10,2018-01-11",2815.3068888193898,2.435631711840349,0,False
fold_02,rolling_7d,exclude_outage_severe,decomp_ridge_calendar_vessel_mean,100.0,4,"2018-01-08,2018-01-09,2018-01-10,2018-01-11",3320.849701664702,2.698629353555341,0,False
fold_02,rolling_7d,exclude_outage_severe,decomp_ridge_calendar_vessel_mean,1000.0,4,"2018-01-08,2018-01-09,2018-01-10,2018-01-11",3419.7683840774316,2.7448649932113676,0,False
fold_02,rolling_7d,exclude_outage_severe,decomp_ridge_calendar_vessel_daytype,0.1,4,"2018-01-08,2018-01-09,2018-01-10,2018-01-11",2200.0348059980743,2.0387816731587707,0,True
fold_02,rolling_7d,exclude_outage_severe,decomp_ridge_calendar_vessel_daytype,1.0,4,"2018-01-08,2018-01-09,2018-01-10,2018-01-11",2251.649037124184,2.0894264481207596,0,False
fold_02,rolling_7d,exclude_outage_severe,decomp_ridge_calendar_vessel_daytype,10.0,4,"2018-01-08,2018-01-09,2018-01-10,2018-01-11",2820.7090059125812,2.432390055625971,0,False
fold_02,rolling_7d,exclude_outage_severe,decomp_ridge_calendar_vessel_daytype,100.0,4,"2018-01-08,2018-01-09,2018-01-10,2018-01-11",3316.1883062249153,2.690924016355396,0,False
fold_02,rolling_7d,exclude_outage_severe,decomp_ridge_calendar_vessel_daytype,1000.0,4,"2018-01-08,2018-01-09,2018-01-10,2018-01-11",3412.906646103863,2.7374356323418327,0,False
fold_02,rolling_7d,exclude_outage_severe,decomp_poisson_calendar_mean,0.0001,4,"2018-01-08,2018-01-09,2018-01-10,2018-01-11",2254.7248376539237,2.0608846165347225,0,False
fold_02,rolling_7d,exclude_outage_severe,decomp_poisson_calendar_mean,0.001,4,"2018-01-08,2018-01-09,2018-01-10,2018-01-11",2254.608918748012,2.060857845308351,0,False
fold_02,rolling_7d,exclude_outage_severe,decomp_poisson_calendar_mean,0.01,4,"2018-01-08,2018-01-09,2018-01-10,2018-01-11",2253.4625735371615,2.060606626874156,0,False
fold_02,rolling_7d,exclude_outage_severe,decomp_poisson_calendar_mean,0.1,4,"2018-01-08,2018-01-09,2018-01-10,2018-01-11",2243.1737870551547,2.0582343267366716,0,False
fold_02,rolling_7d,exclude_outage_severe,decomp_poisson_calendar_mean,1.0,4,"2018-01-08,2018-01-09,2018-01-10,2018-01-11",2204.7426531521874,2.0624830828405383,0,True
fold_02,rolling_7d,exclude_outage_severe,decomp_poisson_calendar_daytype,0.0001,4,"2018-01-08,2018-01-09,2018-01-10,2018-01-11",2268.667758990864,2.0559984231747968,0,False
fold_02,rolling_7d,exclude_outage_severe,decomp_poisson_calendar_daytype,0.001,4,"2018-01-08,2018-01-09,2018-01-10,2018-01-11",2268.5514376018946,2.055983279708945,0,False
fold_02,rolling_7d,exclude_outage_severe,decomp_poisson_calendar_daytype,0.01,4,"2018-01-08,2018-01-09,2018-01-10,2018-01-11",2267.401044364097,2.055832547624204,0,False
fold_02,rolling_7d,exclude_outage_severe,decomp_poisson_calendar_daytype,0.1,4,"2018-01-08,2018-01-09,2018-01-10,2018-01-11",2257.0732473408725,2.0548148723406805,0,False
fold_02,rolling_7d,exclude_outage_severe,decomp_poisson_calendar_daytype,1.0,4,"2018-01-08,2018-01-09,2018-01-10,2018-01-11",2218.364636099989,2.060682425040567,0,True
fold_02,rolling_7d,exclude_outage_severe,decomp_poisson_calendar_vessel_mean,0.0001,4,"2018-01-08,2018-01-09,2018-01-10,2018-01-11",2229.7006854919637,2.0502945827302637,0,False
fold_02,rolling_7d,exclude_outage_severe,decomp_poisson_calendar_vessel_mean,0.001,4,"2018-01-08,2018-01-09,2018-01-10,2018-01-11",2229.574900517754,2.0502642088796517,0,False
fold_02,rolling_7d,exclude_outage_severe,decomp_poisson_calendar_vessel_mean,0.01,4,"2018-01-08,2018-01-09,2018-01-10,2018-01-11",2228.3355441943318,2.049963193690369,0,False
fold_02,rolling_7d,exclude_outage_severe,decomp_poisson_calendar_vessel_mean,0.1,4,"2018-01-08,2018-01-09,2018-01-10,2018-01-11",2217.2772071928775,2.0470816269914627,0,False
fold_02,rolling_7d,exclude_outage_severe,decomp_poisson_calendar_vessel_mean,1.0,4,"2018-01-08,2018-01-09,2018-01-10,2018-01-11",2175.9390953633088,2.040684448046871,0,True
fold_02,rolling_7d,exclude_outage_severe,decomp_poisson_calendar_vessel_daytype,0.0001,4,"2018-01-08,2018-01-09,2018-01-10,2018-01-11",2238.7969071761686,2.042268807957495,0,False
fold_02,rolling_7d,exclude_outage_severe,decomp_poisson_calendar_vessel_daytype,0.001,4,"2018-01-08,2018-01-09,2018-01-10,2018-01-11",2238.6711734877504,2.0422480541952153,0,False
fold_02,rolling_7d,exclude_outage_severe,decomp_poisson_calendar_vessel_daytype,0.01,4,"2018-01-08,2018-01-09,2018-01-10,2018-01-11",2237.432288706169,2.0420421750430995,0,False
fold_02,rolling_7d,exclude_outage_severe,decomp_poisson_calendar_vessel_daytype,0.1,4,"2018-01-08,2018-01-09,2018-01-10,2018-01-11",2226.379016028935,2.0405116231311546,0,False
fold_02,rolling_7d,exclude_outage_severe,decomp_poisson_calendar_vessel_daytype,1.0,4,"2018-01-08,2018-01-09,2018-01-10,2018-01-11",2185.1413380441736,2.037590636676445,0,True
fold_02,rolling_7d,quality_weighted,ridge_direct_calendar,0.1,4,"2018-01-08,2018-01-09,2018-01-10,2018-01-11",2289.2446012846103,2.067822368624393,0,False
fold_02,rolling_7d,quality_weighted,ridge_direct_calendar,1.0,4,"2018-01-08,2018-01-09,2018-01-10,2018-01-11",2222.1365634836247,2.0791080885789652,0,True
fold_02,rolling_7d,quality_weighted,ridge_direct_calendar,10.0,4,"2018-01-08,2018-01-09,2018-01-10,2018-01-11",2930.652265915669,2.554370344765092,0,False
fold_02,rolling_7d,quality_weighted,ridge_direct_calendar,100.0,4,"2018-01-08,2018-01-09,2018-01-10,2018-01-11",3483.518794589193,2.898744343828786,0,False
fold_02,rolling_7d,quality_weighted,ridge_direct_calendar,1000.0,4,"2018-01-08,2018-01-09,2018-01-10,2018-01-11",3584.6499482091654,2.9949534486798957,0,False
fold_02,rolling_7d,quality_weighted,ridge_direct_calendar_vessel,0.1,4,"2018-01-08,2018-01-09,2018-01-10,2018-01-11",2288.859856274917,2.0619395998414003,0,False
fold_02,rolling_7d,quality_weighted,ridge_direct_calendar_vessel,1.0,4,"2018-01-08,2018-01-09,2018-01-10,2018-01-11",2217.728689312428,2.065530550613526,0,True
fold_02,rolling_7d,quality_weighted,ridge_direct_calendar_vessel,10.0,4,"2018-01-08,2018-01-09,2018-01-10,2018-01-11",2679.9788253624065,2.4130294290688874,0,False
fold_02,rolling_7d,quality_weighted,ridge_direct_calendar_vessel,100.0,4,"2018-01-08,2018-01-09,2018-01-10,2018-01-11",3377.449042734317,2.8494229934607285,0,False
fold_02,rolling_7d,quality_weighted,ridge_direct_calendar_vessel,1000.0,4,"2018-01-08,2018-01-09,2018-01-10,2018-01-11",3585.229619183732,2.9954703341292856,0,False
fold_02,rolling_7d,quality_weighted,poisson_direct_calendar,0.0001,4,"2018-01-08,2018-01-09,2018-01-10,2018-01-11",2253.1183763790136,2.061460307513663,0,False
fold_02,rolling_7d,quality_weighted,poisson_direct_calendar,0.001,4,"2018-01-08,2018-01-09,2018-01-10,2018-01-11",2229.3771997013446,2.0578604387277206,0,False
fold_02,rolling_7d,quality_weighted,poisson_direct_calendar,0.01,4,"2018-01-08,2018-01-09,2018-01-10,2018-01-11",2191.0967477699974,2.0938866692000357,0,True
fold_02,rolling_7d,quality_weighted,poisson_direct_calendar,0.1,4,"2018-01-08,2018-01-09,2018-01-10,2018-01-11",3017.9032613162863,2.6168855569093963,0,False
fold_02,rolling_7d,quality_weighted,poisson_direct_calendar,1.0,4,"2018-01-08,2018-01-09,2018-01-10,2018-01-11",3505.150225698355,2.9167497718676554,0,False
fold_02,rolling_7d,quality_weighted,poisson_direct_calendar_vessel,0.0001,4,"2018-01-08,2018-01-09,2018-01-10,2018-01-11",2228.8604578823015,2.049875401282824,0,False
fold_02,rolling_7d,quality_weighted,poisson_direct_calendar_vessel,0.001,4,"2018-01-08,2018-01-09,2018-01-10,2018-01-11",2209.1266648886503,2.046495488278735,0,False
fold_02,rolling_7d,quality_weighted,poisson_direct_calendar_vessel,0.01,4,"2018-01-08,2018-01-09,2018-01-10,2018-01-11",2175.34243519864,2.068648187113348,0,True
fold_02,rolling_7d,quality_weighted,poisson_direct_calendar_vessel,0.1,4,"2018-01-08,2018-01-09,2018-01-10,2018-01-11",2780.019058224387,2.481672491374825,0,False
fold_02,rolling_7d,quality_weighted,poisson_direct_calendar_vessel,1.0,4,"2018-01-08,2018-01-09,2018-01-10,2018-01-11",3435.7037271460804,2.885218633042636,0,False
fold_02,rolling_7d,quality_weighted,decomp_ridge_calendar_mean,0.1,4,"2018-01-08,2018-01-09,2018-01-10,2018-01-11",2219.109799074553,2.0570584761051114,0,True
fold_02,rolling_7d,quality_weighted,decomp_ridge_calendar_mean,1.0,4,"2018-01-08,2018-01-09,2018-01-10,2018-01-11",2297.6803435421934,2.129667043985357,0,False
fold_02,rolling_7d,quality_weighted,decomp_ridge_calendar_mean,10.0,4,"2018-01-08,2018-01-09,2018-01-10,2018-01-11",2833.9158702313916,2.4469563884678736,0,False
fold_02,rolling_7d,quality_weighted,decomp_ridge_calendar_mean,100.0,4,"2018-01-08,2018-01-09,2018-01-10,2018-01-11",3319.7127191740565,2.6983560206295762,0,False
fold_02,rolling_7d,quality_weighted,decomp_ridge_calendar_mean,1000.0,4,"2018-01-08,2018-01-09,2018-01-10,2018-01-11",3419.602871142212,2.7448163806741133,0,False
fold_02,rolling_7d,quality_weighted,decomp_ridge_calendar_daytype,0.1,4,"2018-01-08,2018-01-09,2018-01-10,2018-01-11",2233.1729232136327,2.056186243947034,0,True
fold_02,rolling_7d,quality_weighted,decomp_ridge_calendar_daytype,1.0,4,"2018-01-08,2018-01-09,2018-01-10,2018-01-11",2311.691998627518,2.133939073713884,0,False
fold_02,rolling_7d,quality_weighted,decomp_ridge_calendar_daytype,10.0,4,"2018-01-08,2018-01-09,2018-01-10,2018-01-11",2839.9076723146823,2.4443151991524315,0,False
fold_02,rolling_7d,quality_weighted,decomp_ridge_calendar_daytype,100.0,4,"2018-01-08,2018-01-09,2018-01-10,2018-01-11",3315.113217442724,2.6906304408501356,0,False
fold_02,rolling_7d,quality_weighted,decomp_ridge_calendar_daytype,1000.0,4,"2018-01-08,2018-01-09,2018-01-10,2018-01-11",3412.7471749516594,2.737383060060693,0,False
fold_02,rolling_7d,quality_weighted,decomp_ridge_calendar_vessel_mean,0.1,4,"2018-01-08,2018-01-09,2018-01-10,2018-01-11",2191.1320178759674,2.04076249451314,0,True
fold_02,rolling_7d,quality_weighted,decomp_ridge_calendar_vessel_mean,1.0,4,"2018-01-08,2018-01-09,2018-01-10,2018-01-11",2241.0219399057682,2.0913131831669753,0,False
fold_02,rolling_7d,quality_weighted,decomp_ridge_calendar_vessel_mean,10.0,4,"2018-01-08,2018-01-09,2018-01-10,2018-01-11",2815.3068888193898,2.435631711840349,0,False
fold_02,rolling_7d,quality_weighted,decomp_ridge_calendar_vessel_mean,100.0,4,"2018-01-08,2018-01-09,2018-01-10,2018-01-11",3320.849701664702,2.698629353555341,0,False
fold_02,rolling_7d,quality_weighted,decomp_ridge_calendar_vessel_mean,1000.0,4,"2018-01-08,2018-01-09,2018-01-10,2018-01-11",3419.7683840774316,2.7448649932113676,0,False
fold_02,rolling_7d,quality_weighted,decomp_ridge_calendar_vessel_daytype,0.1,4,"2018-01-08,2018-01-09,2018-01-10,2018-01-11",2200.0348059980743,2.0387816731587707,0,True
fold_02,rolling_7d,quality_weighted,decomp_ridge_calendar_vessel_daytype,1.0,4,"2018-01-08,2018-01-09,2018-01-10,2018-01-11",2251.649037124184,2.0894264481207596,0,False
fold_02,rolling_7d,quality_weighted,decomp_ridge_calendar_vessel_daytype,10.0,4,"2018-01-08,2018-01-09,2018-01-10,2018-01-11",2820.7090059125812,2.432390055625971,0,False
fold_02,rolling_7d,quality_weighted,decomp_ridge_calendar_vessel_daytype,100.0,4,"2018-01-08,2018-01-09,2018-01-10,2018-01-11",3316.1883062249153,2.690924016355396,0,False
fold_02,rolling_7d,quality_weighted,decomp_ridge_calendar_vessel_daytype,1000.0,4,"2018-01-08,2018-01-09,2018-01-10,2018-01-11",3412.906646103863,2.7374356323418327,0,False
fold_02,rolling_7d,quality_weighted,decomp_poisson_calendar_mean,0.0001,4,"2018-01-08,2018-01-09,2018-01-10,2018-01-11",2254.7248376539237,2.0608846165347225,0,False
fold_02,rolling_7d,quality_weighted,decomp_poisson_calendar_mean,0.001,4,"2018-01-08,2018-01-09,2018-01-10,2018-01-11",2254.608918748012,2.060857845308351,0,False
fold_02,rolling_7d,quality_weighted,decomp_poisson_calendar_mean,0.01,4,"2018-01-08,2018-01-09,2018-01-10,2018-01-11",2253.4625735371615,2.060606626874156,0,False
fold_02,rolling_7d,quality_weighted,decomp_poisson_calendar_mean,0.1,4,"2018-01-08,2018-01-09,2018-01-10,2018-01-11",2243.1737870551547,2.0582343267366716,0,False
fold_02,rolling_7d,quality_weighted,decomp_poisson_calendar_mean,1.0,4,"2018-01-08,2018-01-09,2018-01-10,2018-01-11",2204.7426531521874,2.0624830828405383,0,True
fold_02,rolling_7d,quality_weighted,decomp_poisson_calendar_daytype,0.0001,4,"2018-01-08,2018-01-09,2018-01-10,2018-01-11",2268.667758990864,2.0559984231747968,0,False
fold_02,rolling_7d,quality_weighted,decomp_poisson_calendar_daytype,0.001,4,"2018-01-08,2018-01-09,2018-01-10,2018-01-11",2268.5514376018946,2.055983279708945,0,False
fold_02,rolling_7d,quality_weighted,decomp_poisson_calendar_daytype,0.01,4,"2018-01-08,2018-01-09,2018-01-10,2018-01-11",2267.401044364097,2.055832547624204,0,False
fold_02,rolling_7d,quality_weighted,decomp_poisson_calendar_daytype,0.1,4,"2018-01-08,2018-01-09,2018-01-10,2018-01-11",2257.0732473408725,2.0548148723406805,0,False
fold_02,rolling_7d,quality_weighted,decomp_poisson_calendar_daytype,1.0,4,"2018-01-08,2018-01-09,2018-01-10,2018-01-11",2218.364636099989,2.060682425040567,0,True
fold_02,rolling_7d,quality_weighted,decomp_poisson_calendar_vessel_mean,0.0001,4,"2018-01-08,2018-01-09,2018-01-10,2018-01-11",2229.7006854919637,2.0502945827302637,0,False
fold_02,rolling_7d,quality_weighted,decomp_poisson_calendar_vessel_mean,0.001,4,"2018-01-08,2018-01-09,2018-01-10,2018-01-11",2229.574900517754,2.0502642088796517,0,False
fold_02,rolling_7d,quality_weighted,decomp_poisson_calendar_vessel_mean,0.01,4,"2018-01-08,2018-01-09,2018-01-10,2018-01-11",2228.3355441943318,2.049963193690369,0,False
fold_02,rolling_7d,quality_weighted,decomp_poisson_calendar_vessel_mean,0.1,4,"2018-01-08,2018-01-09,2018-01-10,2018-01-11",2217.2772071928775,2.0470816269914627,0,False
fold_02,rolling_7d,quality_weighted,decomp_poisson_calendar_vessel_mean,1.0,4,"2018-01-08,2018-01-09,2018-01-10,2018-01-11",2175.9390953633088,2.040684448046871,0,True
fold_02,rolling_7d,quality_weighted,decomp_poisson_calendar_vessel_daytype,0.0001,4,"2018-01-08,2018-01-09,2018-01-10,2018-01-11",2238.7969071761686,2.042268807957495,0,False
fold_02,rolling_7d,quality_weighted,decomp_poisson_calendar_vessel_daytype,0.001,4,"2018-01-08,2018-01-09,2018-01-10,2018-01-11",2238.6711734877504,2.0422480541952153,0,False
fold_02,rolling_7d,quality_weighted,decomp_poisson_calendar_vessel_daytype,0.01,4,"2018-01-08,2018-01-09,2018-01-10,2018-01-11",2237.432288706169,2.0420421750430995,0,False
fold_02,rolling_7d,quality_weighted,decomp_poisson_calendar_vessel_daytype,0.1,4,"2018-01-08,2018-01-09,2018-01-10,2018-01-11",2226.379016028935,2.0405116231311546,0,False
fold_02,rolling_7d,quality_weighted,decomp_poisson_calendar_vessel_daytype,1.0,4,"2018-01-08,2018-01-09,2018-01-10,2018-01-11",2185.1413380441736,2.037590636676445,0,True
fold_03,rolling_7d,all,ridge_direct_calendar,0.1,4,"2018-01-09,2018-01-10,2018-01-11,2018-01-12",2449.0298376353035,2.163198342647613,0,False
fold_03,rolling_7d,all,ridge_direct_calendar,1.0,4,"2018-01-09,2018-01-10,2018-01-11,2018-01-12",2351.792317301053,2.128651144801693,0,True
fold_03,rolling_7d,all,ridge_direct_calendar,10.0,4,"2018-01-09,2018-01-10,2018-01-11,2018-01-12",2582.1615913031046,2.3453320863126703,0,False
fold_03,rolling_7d,all,ridge_direct_calendar,100.0,4,"2018-01-09,2018-01-10,2018-01-11,2018-01-12",3296.769283749151,2.782788756403466,0,False
fold_03,rolling_7d,all,ridge_direct_calendar,1000.0,4,"2018-01-09,2018-01-10,2018-01-11,2018-01-12",3466.6889774662945,2.922950401335698,0,False
fold_03,rolling_7d,all,ridge_direct_calendar_vessel,0.1,4,"2018-01-09,2018-01-10,2018-01-11,2018-01-12",2443.4202689332697,2.155487358919232,0,False
fold_03,rolling_7d,all,ridge_direct_calendar_vessel,1.0,4,"2018-01-09,2018-01-10,2018-01-11,2018-01-12",2358.6281799881453,2.126658421523896,0,True
fold_03,rolling_7d,all,ridge_direct_calendar_vessel,10.0,4,"2018-01-09,2018-01-10,2018-01-11,2018-01-12",2419.5185410262757,2.2481246402659916,0,False
fold_03,rolling_7d,all,ridge_direct_calendar_vessel,100.0,4,"2018-01-09,2018-01-10,2018-01-11,2018-01-12",3222.4273321102896,2.746689736799761,0,False
fold_03,rolling_7d,all,ridge_direct_calendar_vessel,1000.0,4,"2018-01-09,2018-01-10,2018-01-11,2018-01-12",3467.2449865120284,2.923759724462224,0,False
fold_03,rolling_7d,all,poisson_direct_calendar,0.0001,4,"2018-01-09,2018-01-10,2018-01-11,2018-01-12",2370.6568140907157,2.142798367204508,0,False
fold_03,rolling_7d,all,poisson_direct_calendar,0.001,4,"2018-01-09,2018-01-10,2018-01-11,2018-01-12",2371.534446294376,2.1443093488487546,0,False
fold_03,rolling_7d,all,poisson_direct_calendar,0.01,4,"2018-01-09,2018-01-10,2018-01-11,2018-01-12",2294.459610585931,2.1344757415521673,0,True
fold_03,rolling_7d,all,poisson_direct_calendar,0.1,4,"2018-01-09,2018-01-10,2018-01-11,2018-01-12",2729.9357063551342,2.445706427409776,0,False
fold_03,rolling_7d,all,poisson_direct_calendar,1.0,4,"2018-01-09,2018-01-10,2018-01-11,2018-01-12",3345.8056203797346,2.818952753127056,0,False
fold_03,rolling_7d,all,poisson_direct_calendar_vessel,0.0001,4,"2018-01-09,2018-01-10,2018-01-11,2018-01-12",2348.851147563143,2.133524550180261,0,False
fold_03,rolling_7d,all,poisson_direct_calendar_vessel,0.001,4,"2018-01-09,2018-01-10,2018-01-11,2018-01-12",2356.247916800398,2.1359435210706774,0,False
fold_03,rolling_7d,all,poisson_direct_calendar_vessel,0.01,4,"2018-01-09,2018-01-10,2018-01-11,2018-01-12",2292.768216555338,2.1221556855810397,0,True
fold_03,rolling_7d,all,poisson_direct_calendar_vessel,0.1,4,"2018-01-09,2018-01-10,2018-01-11,2018-01-12",2568.5656060434408,2.3496961520811817,0,False
fold_03,rolling_7d,all,poisson_direct_calendar_vessel,1.0,4,"2018-01-09,2018-01-10,2018-01-11,2018-01-12",3301.769763875789,2.79739045425589,0,False
fold_03,rolling_7d,all,decomp_ridge_calendar_mean,0.1,4,"2018-01-09,2018-01-10,2018-01-11,2018-01-12",2349.0296523916577,2.1394142216362186,0,True
fold_03,rolling_7d,all,decomp_ridge_calendar_mean,1.0,4,"2018-01-09,2018-01-10,2018-01-11,2018-01-12",2375.1480512612006,2.1741991098454267,0,False
fold_03,rolling_7d,all,decomp_ridge_calendar_mean,10.0,4,"2018-01-09,2018-01-10,2018-01-11,2018-01-12",2884.1179622514323,2.4692547348986227,0,False
fold_03,rolling_7d,all,decomp_ridge_calendar_mean,100.0,4,"2018-01-09,2018-01-10,2018-01-11,2018-01-12",3373.5635013860156,2.7284209899135115,0,False
fold_03,rolling_7d,all,decomp_ridge_calendar_mean,1000.0,4,"2018-01-09,2018-01-10,2018-01-11,2018-01-12",3474.2691725062778,2.7769282496520873,0,False
fold_03,rolling_7d,all,decomp_ridge_calendar_daytype,0.1,4,"2018-01-09,2018-01-10,2018-01-11,2018-01-12",2377.1571201881147,2.1428414770008555,0,True
fold_03,rolling_7d,all,decomp_ridge_calendar_daytype,1.0,4,"2018-01-09,2018-01-10,2018-01-11,2018-01-12",2401.7678357691134,2.1801521930708794,0,False
fold_03,rolling_7d,all,decomp_ridge_calendar_daytype,10.0,4,"2018-01-09,2018-01-10,2018-01-11,2018-01-12",2902.4388362117215,2.4692808007791966,0,False
fold_03,rolling_7d,all,decomp_ridge_calendar_daytype,100.0,4,"2018-01-09,2018-01-10,2018-01-11,2018-01-12",3382.647763789966,2.727149746993834,0,False
fold_03,rolling_7d,all,decomp_ridge_calendar_daytype,1000.0,4,"2018-01-09,2018-01-10,2018-01-11,2018-01-12",3481.4016072637405,2.775919872015455,0,False
fold_03,rolling_7d,all,decomp_ridge_calendar_vessel_mean,0.1,4,"2018-01-09,2018-01-10,2018-01-11,2018-01-12",2335.9470947885507,2.1312205667088815,0,True
fold_03,rolling_7d,all,decomp_ridge_calendar_vessel_mean,1.0,4,"2018-01-09,2018-01-10,2018-01-11,2018-01-12",2352.2142977161566,2.1512316995341387,0,False
fold_03,rolling_7d,all,decomp_ridge_calendar_vessel_mean,10.0,4,"2018-01-09,2018-01-10,2018-01-11,2018-01-12",2873.1380226361416,2.4620045961813037,0,False
fold_03,rolling_7d,all,decomp_ridge_calendar_vessel_mean,100.0,4,"2018-01-09,2018-01-10,2018-01-11,2018-01-12",3374.7210928345557,2.728840812188566,0,False
fold_03,rolling_7d,all,decomp_ridge_calendar_vessel_mean,1000.0,4,"2018-01-09,2018-01-10,2018-01-11,2018-01-12",3474.4227596946994,2.776987961233789,0,False
fold_03,rolling_7d,all,decomp_ridge_calendar_vessel_daytype,0.1,4,"2018-01-09,2018-01-10,2018-01-11,2018-01-12",2361.764527712089,2.1315674801347195,0,True
fold_03,rolling_7d,all,decomp_ridge_calendar_vessel_daytype,1.0,4,"2018-01-09,2018-01-10,2018-01-11,2018-01-12",2376.876567193962,2.1531994849781633,0,False
fold_03,rolling_7d,all,decomp_ridge_calendar_vessel_daytype,10.0,4,"2018-01-09,2018-01-10,2018-01-11,2018-01-12",2891.1047059006605,2.461799225538416,0,False
fold_03,rolling_7d,all,decomp_ridge_calendar_vessel_daytype,100.0,4,"2018-01-09,2018-01-10,2018-01-11,2018-01-12",3383.7849774586675,2.7275932797133837,0,False
fold_03,rolling_7d,all,decomp_ridge_calendar_vessel_daytype,1000.0,4,"2018-01-09,2018-01-10,2018-01-11,2018-01-12",3481.5537677199445,2.775983943323366,0,False
fold_03,rolling_7d,all,decomp_poisson_calendar_mean,0.0001,4,"2018-01-09,2018-01-10,2018-01-11,2018-01-12",2371.534459547372,2.143845274057708,0,False
fold_03,rolling_7d,all,decomp_poisson_calendar_mean,0.001,4,"2018-01-09,2018-01-10,2018-01-11,2018-01-12",2371.479998976914,2.1438337138772496,0,False
fold_03,rolling_7d,all,decomp_poisson_calendar_mean,0.01,4,"2018-01-09,2018-01-10,2018-01-11,2018-01-12",2370.939784124054,2.143718609244691,0,False
fold_03,rolling_7d,all,decomp_poisson_calendar_mean,0.1,4,"2018-01-09,2018-01-10,2018-01-11,2018-01-12",2365.901918512627,2.1426371641160733,0,False
fold_03,rolling_7d,all,decomp_poisson_calendar_mean,1.0,4,"2018-01-09,2018-01-10,2018-01-11,2018-01-12",2340.533215363302,2.142182917934746,0,True
fold_03,rolling_7d,all,decomp_poisson_calendar_daytype,0.0001,4,"2018-01-09,2018-01-10,2018-01-11,2018-01-12",2400.264020193537,2.1475805859383446,0,False
fold_03,rolling_7d,all,decomp_poisson_calendar_daytype,0.001,4,"2018-01-09,2018-01-10,2018-01-11,2018-01-12",2400.2083506045947,2.1475719658160117,0,False
fold_03,rolling_7d,all,decomp_poisson_calendar_daytype,0.01,4,"2018-01-09,2018-01-10,2018-01-11,2018-01-12",2399.6560874280167,2.147486178415439,0,False
fold_03,rolling_7d,all,decomp_poisson_calendar_daytype,0.1,4,"2018-01-09,2018-01-10,2018-01-11,2018-01-12",2394.500752640735,2.1466398665078876,0,False
fold_03,rolling_7d,all,decomp_poisson_calendar_daytype,1.0,4,"2018-01-09,2018-01-10,2018-01-11,2018-01-12",2368.1707966342624,2.146024404021888,0,True
fold_03,rolling_7d,all,decomp_poisson_calendar_vessel_mean,0.0001,4,"2018-01-09,2018-01-10,2018-01-11,2018-01-12",2348.587071547844,2.1350585376995888,0,False
fold_03,rolling_7d,all,decomp_poisson_calendar_vessel_mean,0.001,4,"2018-01-09,2018-01-10,2018-01-11,2018-01-12",2348.55372442745,2.1350493869641145,0,False
fold_03,rolling_7d,all,decomp_poisson_calendar_vessel_mean,0.01,4,"2018-01-09,2018-01-10,2018-01-11,2018-01-12",2348.2222832576467,2.134958012075702,0,False
fold_03,rolling_7d,all,decomp_poisson_calendar_vessel_mean,0.1,4,"2018-01-09,2018-01-10,2018-01-11,2018-01-12",2345.11921926615,2.1340662046556704,0,False
fold_03,rolling_7d,all,decomp_poisson_calendar_vessel_mean,1.0,4,"2018-01-09,2018-01-10,2018-01-11,2018-01-12",2329.0123013503962,2.1309670010435315,0,True
fold_03,rolling_7d,all,decomp_poisson_calendar_vessel_daytype,0.0001,4,"2018-01-09,2018-01-10,2018-01-11,2018-01-12",2375.0850043207074,2.134967222324926,0,False
fold_03,rolling_7d,all,decomp_poisson_calendar_vessel_daytype,0.001,4,"2018-01-09,2018-01-10,2018-01-11,2018-01-12",2375.0504410880003,2.1349569002859865,0,False
fold_03,rolling_7d,all,decomp_poisson_calendar_vessel_daytype,0.01,4,"2018-01-09,2018-01-10,2018-01-11,2018-01-12",2374.706878662069,2.134853847883996,0,False
fold_03,rolling_7d,all,decomp_poisson_calendar_vessel_daytype,0.1,4,"2018-01-09,2018-01-10,2018-01-11,2018-01-12",2371.48603432479,2.1340307930606426,0,False
fold_03,rolling_7d,all,decomp_poisson_calendar_vessel_daytype,1.0,4,"2018-01-09,2018-01-10,2018-01-11,2018-01-12",2354.4372094158753,2.1318896542477095,0,True
fold_03,rolling_7d,exclude_outage_severe,ridge_direct_calendar,0.1,4,"2018-01-09,2018-01-10,2018-01-11,2018-01-12",2449.0298376353035,2.163198342647613,0,False
fold_03,rolling_7d,exclude_outage_severe,ridge_direct_calendar,1.0,4,"2018-01-09,2018-01-10,2018-01-11,2018-01-12",2351.792317301053,2.128651144801693,0,True
fold_03,rolling_7d,exclude_outage_severe,ridge_direct_calendar,10.0,4,"2018-01-09,2018-01-10,2018-01-11,2018-01-12",2582.1615913031046,2.3453320863126703,0,False
fold_03,rolling_7d,exclude_outage_severe,ridge_direct_calendar,100.0,4,"2018-01-09,2018-01-10,2018-01-11,2018-01-12",3296.769283749151,2.782788756403466,0,False
fold_03,rolling_7d,exclude_outage_severe,ridge_direct_calendar,1000.0,4,"2018-01-09,2018-01-10,2018-01-11,2018-01-12",3466.6889774662945,2.922950401335698,0,False
fold_03,rolling_7d,exclude_outage_severe,ridge_direct_calendar_vessel,0.1,4,"2018-01-09,2018-01-10,2018-01-11,2018-01-12",2443.4202689332697,2.155487358919232,0,False
fold_03,rolling_7d,exclude_outage_severe,ridge_direct_calendar_vessel,1.0,4,"2018-01-09,2018-01-10,2018-01-11,2018-01-12",2358.6281799881453,2.126658421523896,0,True
fold_03,rolling_7d,exclude_outage_severe,ridge_direct_calendar_vessel,10.0,4,"2018-01-09,2018-01-10,2018-01-11,2018-01-12",2419.5185410262757,2.2481246402659916,0,False
fold_03,rolling_7d,exclude_outage_severe,ridge_direct_calendar_vessel,100.0,4,"2018-01-09,2018-01-10,2018-01-11,2018-01-12",3222.4273321102896,2.746689736799761,0,False
fold_03,rolling_7d,exclude_outage_severe,ridge_direct_calendar_vessel,1000.0,4,"2018-01-09,2018-01-10,2018-01-11,2018-01-12",3467.2449865120284,2.923759724462224,0,False
fold_03,rolling_7d,exclude_outage_severe,poisson_direct_calendar,0.0001,4,"2018-01-09,2018-01-10,2018-01-11,2018-01-12",2370.6568140907157,2.142798367204508,0,False
fold_03,rolling_7d,exclude_outage_severe,poisson_direct_calendar,0.001,4,"2018-01-09,2018-01-10,2018-01-11,2018-01-12",2371.534446294376,2.1443093488487546,0,False
fold_03,rolling_7d,exclude_outage_severe,poisson_direct_calendar,0.01,4,"2018-01-09,2018-01-10,2018-01-11,2018-01-12",2294.459610585931,2.1344757415521673,0,True
fold_03,rolling_7d,exclude_outage_severe,poisson_direct_calendar,0.1,4,"2018-01-09,2018-01-10,2018-01-11,2018-01-12",2729.9357063551342,2.445706427409776,0,False
fold_03,rolling_7d,exclude_outage_severe,poisson_direct_calendar,1.0,4,"2018-01-09,2018-01-10,2018-01-11,2018-01-12",3345.8056203797346,2.818952753127056,0,False
fold_03,rolling_7d,exclude_outage_severe,poisson_direct_calendar_vessel,0.0001,4,"2018-01-09,2018-01-10,2018-01-11,2018-01-12",2348.851147563143,2.133524550180261,0,False
fold_03,rolling_7d,exclude_outage_severe,poisson_direct_calendar_vessel,0.001,4,"2018-01-09,2018-01-10,2018-01-11,2018-01-12",2356.247916800398,2.1359435210706774,0,False
fold_03,rolling_7d,exclude_outage_severe,poisson_direct_calendar_vessel,0.01,4,"2018-01-09,2018-01-10,2018-01-11,2018-01-12",2292.768216555338,2.1221556855810397,0,True
fold_03,rolling_7d,exclude_outage_severe,poisson_direct_calendar_vessel,0.1,4,"2018-01-09,2018-01-10,2018-01-11,2018-01-12",2568.5656060434408,2.3496961520811817,0,False
fold_03,rolling_7d,exclude_outage_severe,poisson_direct_calendar_vessel,1.0,4,"2018-01-09,2018-01-10,2018-01-11,2018-01-12",3301.769763875789,2.79739045425589,0,False
fold_03,rolling_7d,exclude_outage_severe,decomp_ridge_calendar_mean,0.1,4,"2018-01-09,2018-01-10,2018-01-11,2018-01-12",2349.0296523916577,2.1394142216362186,0,True
fold_03,rolling_7d,exclude_outage_severe,decomp_ridge_calendar_mean,1.0,4,"2018-01-09,2018-01-10,2018-01-11,2018-01-12",2375.1480512612006,2.1741991098454267,0,False
fold_03,rolling_7d,exclude_outage_severe,decomp_ridge_calendar_mean,10.0,4,"2018-01-09,2018-01-10,2018-01-11,2018-01-12",2884.1179622514323,2.4692547348986227,0,False
fold_03,rolling_7d,exclude_outage_severe,decomp_ridge_calendar_mean,100.0,4,"2018-01-09,2018-01-10,2018-01-11,2018-01-12",3373.5635013860156,2.7284209899135115,0,False
fold_03,rolling_7d,exclude_outage_severe,decomp_ridge_calendar_mean,1000.0,4,"2018-01-09,2018-01-10,2018-01-11,2018-01-12",3474.2691725062778,2.7769282496520873,0,False
fold_03,rolling_7d,exclude_outage_severe,decomp_ridge_calendar_daytype,0.1,4,"2018-01-09,2018-01-10,2018-01-11,2018-01-12",2377.1571201881147,2.1428414770008555,0,True
fold_03,rolling_7d,exclude_outage_severe,decomp_ridge_calendar_daytype,1.0,4,"2018-01-09,2018-01-10,2018-01-11,2018-01-12",2401.7678357691134,2.1801521930708794,0,False
fold_03,rolling_7d,exclude_outage_severe,decomp_ridge_calendar_daytype,10.0,4,"2018-01-09,2018-01-10,2018-01-11,2018-01-12",2902.4388362117215,2.4692808007791966,0,False
fold_03,rolling_7d,exclude_outage_severe,decomp_ridge_calendar_daytype,100.0,4,"2018-01-09,2018-01-10,2018-01-11,2018-01-12",3382.647763789966,2.727149746993834,0,False
fold_03,rolling_7d,exclude_outage_severe,decomp_ridge_calendar_daytype,1000.0,4,"2018-01-09,2018-01-10,2018-01-11,2018-01-12",3481.4016072637405,2.775919872015455,0,False
fold_03,rolling_7d,exclude_outage_severe,decomp_ridge_calendar_vessel_mean,0.1,4,"2018-01-09,2018-01-10,2018-01-11,2018-01-12",2335.9470947885507,2.1312205667088815,0,True
fold_03,rolling_7d,exclude_outage_severe,decomp_ridge_calendar_vessel_mean,1.0,4,"2018-01-09,2018-01-10,2018-01-11,2018-01-12",2352.2142977161566,2.1512316995341387,0,False
fold_03,rolling_7d,exclude_outage_severe,decomp_ridge_calendar_vessel_mean,10.0,4,"2018-01-09,2018-01-10,2018-01-11,2018-01-12",2873.1380226361416,2.4620045961813037,0,False
fold_03,rolling_7d,exclude_outage_severe,decomp_ridge_calendar_vessel_mean,100.0,4,"2018-01-09,2018-01-10,2018-01-11,2018-01-12",3374.7210928345557,2.728840812188566,0,False
fold_03,rolling_7d,exclude_outage_severe,decomp_ridge_calendar_vessel_mean,1000.0,4,"2018-01-09,2018-01-10,2018-01-11,2018-01-12",3474.4227596946994,2.776987961233789,0,False
fold_03,rolling_7d,exclude_outage_severe,decomp_ridge_calendar_vessel_daytype,0.1,4,"2018-01-09,2018-01-10,2018-01-11,2018-01-12",2361.764527712089,2.1315674801347195,0,True
fold_03,rolling_7d,exclude_outage_severe,decomp_ridge_calendar_vessel_daytype,1.0,4,"2018-01-09,2018-01-10,2018-01-11,2018-01-12",2376.876567193962,2.1531994849781633,0,False
fold_03,rolling_7d,exclude_outage_severe,decomp_ridge_calendar_vessel_daytype,10.0,4,"2018-01-09,2018-01-10,2018-01-11,2018-01-12",2891.1047059006605,2.461799225538416,0,False
fold_03,rolling_7d,exclude_outage_severe,decomp_ridge_calendar_vessel_daytype,100.0,4,"2018-01-09,2018-01-10,2018-01-11,2018-01-12",3383.7849774586675,2.7275932797133837,0,False
fold_03,rolling_7d,exclude_outage_severe,decomp_ridge_calendar_vessel_daytype,1000.0,4,"2018-01-09,2018-01-10,2018-01-11,2018-01-12",3481.5537677199445,2.775983943323366,0,False
fold_03,rolling_7d,exclude_outage_severe,decomp_poisson_calendar_mean,0.0001,4,"2018-01-09,2018-01-10,2018-01-11,2018-01-12",2371.534459547372,2.143845274057708,0,False
fold_03,rolling_7d,exclude_outage_severe,decomp_poisson_calendar_mean,0.001,4,"2018-01-09,2018-01-10,2018-01-11,2018-01-12",2371.479998976914,2.1438337138772496,0,False
fold_03,rolling_7d,exclude_outage_severe,decomp_poisson_calendar_mean,0.01,4,"2018-01-09,2018-01-10,2018-01-11,2018-01-12",2370.939784124054,2.143718609244691,0,False
fold_03,rolling_7d,exclude_outage_severe,decomp_poisson_calendar_mean,0.1,4,"2018-01-09,2018-01-10,2018-01-11,2018-01-12",2365.901918512627,2.1426371641160733,0,False
fold_03,rolling_7d,exclude_outage_severe,decomp_poisson_calendar_mean,1.0,4,"2018-01-09,2018-01-10,2018-01-11,2018-01-12",2340.533215363302,2.142182917934746,0,True
fold_03,rolling_7d,exclude_outage_severe,decomp_poisson_calendar_daytype,0.0001,4,"2018-01-09,2018-01-10,2018-01-11,2018-01-12",2400.264020193537,2.1475805859383446,0,False
fold_03,rolling_7d,exclude_outage_severe,decomp_poisson_calendar_daytype,0.001,4,"2018-01-09,2018-01-10,2018-01-11,2018-01-12",2400.2083506045947,2.1475719658160117,0,False
fold_03,rolling_7d,exclude_outage_severe,decomp_poisson_calendar_daytype,0.01,4,"2018-01-09,2018-01-10,2018-01-11,2018-01-12",2399.6560874280167,2.147486178415439,0,False
fold_03,rolling_7d,exclude_outage_severe,decomp_poisson_calendar_daytype,0.1,4,"2018-01-09,2018-01-10,2018-01-11,2018-01-12",2394.500752640735,2.1466398665078876,0,False
fold_03,rolling_7d,exclude_outage_severe,decomp_poisson_calendar_daytype,1.0,4,"2018-01-09,2018-01-10,2018-01-11,2018-01-12",2368.1707966342624,2.146024404021888,0,True
fold_03,rolling_7d,exclude_outage_severe,decomp_poisson_calendar_vessel_mean,0.0001,4,"2018-01-09,2018-01-10,2018-01-11,2018-01-12",2348.587071547844,2.1350585376995888,0,False
fold_03,rolling_7d,exclude_outage_severe,decomp_poisson_calendar_vessel_mean,0.001,4,"2018-01-09,2018-01-10,2018-01-11,2018-01-12",2348.55372442745,2.1350493869641145,0,False
fold_03,rolling_7d,exclude_outage_severe,decomp_poisson_calendar_vessel_mean,0.01,4,"2018-01-09,2018-01-10,2018-01-11,2018-01-12",2348.2222832576467,2.134958012075702,0,False
fold_03,rolling_7d,exclude_outage_severe,decomp_poisson_calendar_vessel_mean,0.1,4,"2018-01-09,2018-01-10,2018-01-11,2018-01-12",2345.11921926615,2.1340662046556704,0,False
fold_03,rolling_7d,exclude_outage_severe,decomp_poisson_calendar_vessel_mean,1.0,4,"2018-01-09,2018-01-10,2018-01-11,2018-01-12",2329.0123013503962,2.1309670010435315,0,True
fold_03,rolling_7d,exclude_outage_severe,decomp_poisson_calendar_vessel_daytype,0.0001,4,"2018-01-09,2018-01-10,2018-01-11,2018-01-12",2375.0850043207074,2.134967222324926,0,False
fold_03,rolling_7d,exclude_outage_severe,decomp_poisson_calendar_vessel_daytype,0.001,4,"2018-01-09,2018-01-10,2018-01-11,2018-01-12",2375.0504410880003,2.1349569002859865,0,False
fold_03,rolling_7d,exclude_outage_severe,decomp_poisson_calendar_vessel_daytype,0.01,4,"2018-01-09,2018-01-10,2018-01-11,2018-01-12",2374.706878662069,2.134853847883996,0,False
fold_03,rolling_7d,exclude_outage_severe,decomp_poisson_calendar_vessel_daytype,0.1,4,"2018-01-09,2018-01-10,2018-01-11,2018-01-12",2371.48603432479,2.1340307930606426,0,False
fold_03,rolling_7d,exclude_outage_severe,decomp_poisson_calendar_vessel_daytype,1.0,4,"2018-01-09,2018-01-10,2018-01-11,2018-01-12",2354.4372094158753,2.1318896542477095,0,True
fold_03,rolling_7d,quality_weighted,ridge_direct_calendar,0.1,4,"2018-01-09,2018-01-10,2018-01-11,2018-01-12",2449.0298376353035,2.163198342647613,0,False
fold_03,rolling_7d,quality_weighted,ridge_direct_calendar,1.0,4,"2018-01-09,2018-01-10,2018-01-11,2018-01-12",2351.792317301053,2.128651144801693,0,True
fold_03,rolling_7d,quality_weighted,ridge_direct_calendar,10.0,4,"2018-01-09,2018-01-10,2018-01-11,2018-01-12",2582.1615913031046,2.3453320863126703,0,False
fold_03,rolling_7d,quality_weighted,ridge_direct_calendar,100.0,4,"2018-01-09,2018-01-10,2018-01-11,2018-01-12",3296.769283749151,2.782788756403466,0,False
fold_03,rolling_7d,quality_weighted,ridge_direct_calendar,1000.0,4,"2018-01-09,2018-01-10,2018-01-11,2018-01-12",3466.6889774662945,2.922950401335698,0,False
fold_03,rolling_7d,quality_weighted,ridge_direct_calendar_vessel,0.1,4,"2018-01-09,2018-01-10,2018-01-11,2018-01-12",2443.4202689332697,2.155487358919232,0,False
fold_03,rolling_7d,quality_weighted,ridge_direct_calendar_vessel,1.0,4,"2018-01-09,2018-01-10,2018-01-11,2018-01-12",2358.6281799881453,2.126658421523896,0,True
fold_03,rolling_7d,quality_weighted,ridge_direct_calendar_vessel,10.0,4,"2018-01-09,2018-01-10,2018-01-11,2018-01-12",2419.5185410262757,2.2481246402659916,0,False
fold_03,rolling_7d,quality_weighted,ridge_direct_calendar_vessel,100.0,4,"2018-01-09,2018-01-10,2018-01-11,2018-01-12",3222.4273321102896,2.746689736799761,0,False
fold_03,rolling_7d,quality_weighted,ridge_direct_calendar_vessel,1000.0,4,"2018-01-09,2018-01-10,2018-01-11,2018-01-12",3467.2449865120284,2.923759724462224,0,False
fold_03,rolling_7d,quality_weighted,poisson_direct_calendar,0.0001,4,"2018-01-09,2018-01-10,2018-01-11,2018-01-12",2370.6568140907157,2.142798367204508,0,False
fold_03,rolling_7d,quality_weighted,poisson_direct_calendar,0.001,4,"2018-01-09,2018-01-10,2018-01-11,2018-01-12",2371.534446294376,2.1443093488487546,0,False
fold_03,rolling_7d,quality_weighted,poisson_direct_calendar,0.01,4,"2018-01-09,2018-01-10,2018-01-11,2018-01-12",2294.459610585931,2.1344757415521673,0,True
fold_03,rolling_7d,quality_weighted,poisson_direct_calendar,0.1,4,"2018-01-09,2018-01-10,2018-01-11,2018-01-12",2729.9357063551342,2.445706427409776,0,False
fold_03,rolling_7d,quality_weighted,poisson_direct_calendar,1.0,4,"2018-01-09,2018-01-10,2018-01-11,2018-01-12",3345.8056203797346,2.818952753127056,0,False
fold_03,rolling_7d,quality_weighted,poisson_direct_calendar_vessel,0.0001,4,"2018-01-09,2018-01-10,2018-01-11,2018-01-12",2348.851147563143,2.133524550180261,0,False
fold_03,rolling_7d,quality_weighted,poisson_direct_calendar_vessel,0.001,4,"2018-01-09,2018-01-10,2018-01-11,2018-01-12",2356.247916800398,2.1359435210706774,0,False
fold_03,rolling_7d,quality_weighted,poisson_direct_calendar_vessel,0.01,4,"2018-01-09,2018-01-10,2018-01-11,2018-01-12",2292.768216555338,2.1221556855810397,0,True
fold_03,rolling_7d,quality_weighted,poisson_direct_calendar_vessel,0.1,4,"2018-01-09,2018-01-10,2018-01-11,2018-01-12",2568.5656060434408,2.3496961520811817,0,False
fold_03,rolling_7d,quality_weighted,poisson_direct_calendar_vessel,1.0,4,"2018-01-09,2018-01-10,2018-01-11,2018-01-12",3301.769763875789,2.79739045425589,0,False
fold_03,rolling_7d,quality_weighted,decomp_ridge_calendar_mean,0.1,4,"2018-01-09,2018-01-10,2018-01-11,2018-01-12",2349.0296523916577,2.1394142216362186,0,True
fold_03,rolling_7d,quality_weighted,decomp_ridge_calendar_mean,1.0,4,"2018-01-09,2018-01-10,2018-01-11,2018-01-12",2375.1480512612006,2.1741991098454267,0,False
fold_03,rolling_7d,quality_weighted,decomp_ridge_calendar_mean,10.0,4,"2018-01-09,2018-01-10,2018-01-11,2018-01-12",2884.1179622514323,2.4692547348986227,0,False
fold_03,rolling_7d,quality_weighted,decomp_ridge_calendar_mean,100.0,4,"2018-01-09,2018-01-10,2018-01-11,2018-01-12",3373.5635013860156,2.7284209899135115,0,False
fold_03,rolling_7d,quality_weighted,decomp_ridge_calendar_mean,1000.0,4,"2018-01-09,2018-01-10,2018-01-11,2018-01-12",3474.2691725062778,2.7769282496520873,0,False
fold_03,rolling_7d,quality_weighted,decomp_ridge_calendar_daytype,0.1,4,"2018-01-09,2018-01-10,2018-01-11,2018-01-12",2377.1571201881147,2.1428414770008555,0,True
fold_03,rolling_7d,quality_weighted,decomp_ridge_calendar_daytype,1.0,4,"2018-01-09,2018-01-10,2018-01-11,2018-01-12",2401.7678357691134,2.1801521930708794,0,False
fold_03,rolling_7d,quality_weighted,decomp_ridge_calendar_daytype,10.0,4,"2018-01-09,2018-01-10,2018-01-11,2018-01-12",2902.4388362117215,2.4692808007791966,0,False
fold_03,rolling_7d,quality_weighted,decomp_ridge_calendar_daytype,100.0,4,"2018-01-09,2018-01-10,2018-01-11,2018-01-12",3382.647763789966,2.727149746993834,0,False
fold_03,rolling_7d,quality_weighted,decomp_ridge_calendar_daytype,1000.0,4,"2018-01-09,2018-01-10,2018-01-11,2018-01-12",3481.4016072637405,2.775919872015455,0,False
fold_03,rolling_7d,quality_weighted,decomp_ridge_calendar_vessel_mean,0.1,4,"2018-01-09,2018-01-10,2018-01-11,2018-01-12",2335.9470947885507,2.1312205667088815,0,True
fold_03,rolling_7d,quality_weighted,decomp_ridge_calendar_vessel_mean,1.0,4,"2018-01-09,2018-01-10,2018-01-11,2018-01-12",2352.2142977161566,2.1512316995341387,0,False
fold_03,rolling_7d,quality_weighted,decomp_ridge_calendar_vessel_mean,10.0,4,"2018-01-09,2018-01-10,2018-01-11,2018-01-12",2873.1380226361416,2.4620045961813037,0,False
fold_03,rolling_7d,quality_weighted,decomp_ridge_calendar_vessel_mean,100.0,4,"2018-01-09,2018-01-10,2018-01-11,2018-01-12",3374.7210928345557,2.728840812188566,0,False
fold_03,rolling_7d,quality_weighted,decomp_ridge_calendar_vessel_mean,1000.0,4,"2018-01-09,2018-01-10,2018-01-11,2018-01-12",3474.4227596946994,2.776987961233789,0,False
fold_03,rolling_7d,quality_weighted,decomp_ridge_calendar_vessel_daytype,0.1,4,"2018-01-09,2018-01-10,2018-01-11,2018-01-12",2361.764527712089,2.1315674801347195,0,True
fold_03,rolling_7d,quality_weighted,decomp_ridge_calendar_vessel_daytype,1.0,4,"2018-01-09,2018-01-10,2018-01-11,2018-01-12",2376.876567193962,2.1531994849781633,0,False
fold_03,rolling_7d,quality_weighted,decomp_ridge_calendar_vessel_daytype,10.0,4,"2018-01-09,2018-01-10,2018-01-11,2018-01-12",2891.1047059006605,2.461799225538416,0,False
fold_03,rolling_7d,quality_weighted,decomp_ridge_calendar_vessel_daytype,100.0,4,"2018-01-09,2018-01-10,2018-01-11,2018-01-12",3383.7849774586675,2.7275932797133837,0,False
fold_03,rolling_7d,quality_weighted,decomp_ridge_calendar_vessel_daytype,1000.0,4,"2018-01-09,2018-01-10,2018-01-11,2018-01-12",3481.5537677199445,2.775983943323366,0,False
fold_03,rolling_7d,quality_weighted,decomp_poisson_calendar_mean,0.0001,4,"2018-01-09,2018-01-10,2018-01-11,2018-01-12",2371.534459547372,2.143845274057708,0,False
fold_03,rolling_7d,quality_weighted,decomp_poisson_calendar_mean,0.001,4,"2018-01-09,2018-01-10,2018-01-11,2018-01-12",2371.479998976914,2.1438337138772496,0,False
fold_03,rolling_7d,quality_weighted,decomp_poisson_calendar_mean,0.01,4,"2018-01-09,2018-01-10,2018-01-11,2018-01-12",2370.939784124054,2.143718609244691,0,False
fold_03,rolling_7d,quality_weighted,decomp_poisson_calendar_mean,0.1,4,"2018-01-09,2018-01-10,2018-01-11,2018-01-12",2365.901918512627,2.1426371641160733,0,False
fold_03,rolling_7d,quality_weighted,decomp_poisson_calendar_mean,1.0,4,"2018-01-09,2018-01-10,2018-01-11,2018-01-12",2340.533215363302,2.142182917934746,0,True
fold_03,rolling_7d,quality_weighted,decomp_poisson_calendar_daytype,0.0001,4,"2018-01-09,2018-01-10,2018-01-11,2018-01-12",2400.264020193537,2.1475805859383446,0,False
fold_03,rolling_7d,quality_weighted,decomp_poisson_calendar_daytype,0.001,4,"2018-01-09,2018-01-10,2018-01-11,2018-01-12",2400.2083506045947,2.1475719658160117,0,False
fold_03,rolling_7d,quality_weighted,decomp_poisson_calendar_daytype,0.01,4,"2018-01-09,2018-01-10,2018-01-11,2018-01-12",2399.6560874280167,2.147486178415439,0,False
fold_03,rolling_7d,quality_weighted,decomp_poisson_calendar_daytype,0.1,4,"2018-01-09,2018-01-10,2018-01-11,2018-01-12",2394.500752640735,2.1466398665078876,0,False
fold_03,rolling_7d,quality_weighted,decomp_poisson_calendar_daytype,1.0,4,"2018-01-09,2018-01-10,2018-01-11,2018-01-12",2368.1707966342624,2.146024404021888,0,True
fold_03,rolling_7d,quality_weighted,decomp_poisson_calendar_vessel_mean,0.0001,4,"2018-01-09,2018-01-10,2018-01-11,2018-01-12",2348.587071547844,2.1350585376995888,0,False
fold_03,rolling_7d,quality_weighted,decomp_poisson_calendar_vessel_mean,0.001,4,"2018-01-09,2018-01-10,2018-01-11,2018-01-12",2348.55372442745,2.1350493869641145,0,False
fold_03,rolling_7d,quality_weighted,decomp_poisson_calendar_vessel_mean,0.01,4,"2018-01-09,2018-01-10,2018-01-11,2018-01-12",2348.2222832576467,2.134958012075702,0,False
fold_03,rolling_7d,quality_weighted,decomp_poisson_calendar_vessel_mean,0.1,4,"2018-01-09,2018-01-10,2018-01-11,2018-01-12",2345.11921926615,2.1340662046556704,0,False
fold_03,rolling_7d,quality_weighted,decomp_poisson_calendar_vessel_mean,1.0,4,"2018-01-09,2018-01-10,2018-01-11,2018-01-12",2329.0123013503962,2.1309670010435315,0,True
fold_03,rolling_7d,quality_weighted,decomp_poisson_calendar_vessel_daytype,0.0001,4,"2018-01-09,2018-01-10,2018-01-11,2018-01-12",2375.0850043207074,2.134967222324926,0,False
fold_03,rolling_7d,quality_weighted,decomp_poisson_calendar_vessel_daytype,0.001,4,"2018-01-09,2018-01-10,2018-01-11,2018-01-12",2375.0504410880003,2.1349569002859865,0,False
fold_03,rolling_7d,quality_weighted,decomp_poisson_calendar_vessel_daytype,0.01,4,"2018-01-09,2018-01-10,2018-01-11,2018-01-12",2374.706878662069,2.134853847883996,0,False
fold_03,rolling_7d,quality_weighted,decomp_poisson_calendar_vessel_daytype,0.1,4,"2018-01-09,2018-01-10,2018-01-11,2018-01-12",2371.48603432479,2.1340307930606426,0,False
fold_03,rolling_7d,quality_weighted,decomp_poisson_calendar_vessel_daytype,1.0,4,"2018-01-09,2018-01-10,2018-01-11,2018-01-12",2354.4372094158753,2.1318896542477095,0,True
fold_04,rolling_7d,all,ridge_direct_calendar,0.1,4,"2018-01-10,2018-01-11,2018-01-12,2018-01-13",1972.5091302990968,1.996392268863047,0,False
fold_04,rolling_7d,all,ridge_direct_calendar,1.0,4,"2018-01-10,2018-01-11,2018-01-12,2018-01-13",1932.0209233841365,1.9793807833459551,0,True
fold_04,rolling_7d,all,ridge_direct_calendar,10.0,4,"2018-01-10,2018-01-11,2018-01-12,2018-01-13",2131.713912964574,2.1309332818229514,0,False
fold_04,rolling_7d,all,ridge_direct_calendar,100.0,4,"2018-01-10,2018-01-11,2018-01-12,2018-01-13",2799.289133982189,2.5311539330898487,0,False
fold_04,rolling_7d,all,ridge_direct_calendar,1000.0,4,"2018-01-10,2018-01-11,2018-01-12,2018-01-13",3102.859543895748,2.7434817630006525,0,False
fold_04,rolling_7d,all,ridge_direct_calendar_vessel,0.1,4,"2018-01-10,2018-01-11,2018-01-12,2018-01-13",1885.9498843488982,1.9488173351447056,0,False
fold_04,rolling_7d,all,ridge_direct_calendar_vessel,1.0,4,"2018-01-10,2018-01-11,2018-01-12,2018-01-13",1874.8546556684144,1.9412346950672184,0,True
fold_04,rolling_7d,all,ridge_direct_calendar_vessel,10.0,4,"2018-01-10,2018-01-11,2018-01-12,2018-01-13",2083.375133131409,2.09210091441039,0,False
fold_04,rolling_7d,all,ridge_direct_calendar_vessel,100.0,4,"2018-01-10,2018-01-11,2018-01-12,2018-01-13",2746.539069427011,2.4984911809719192,0,False
fold_04,rolling_7d,all,ridge_direct_calendar_vessel,1000.0,4,"2018-01-10,2018-01-11,2018-01-12,2018-01-13",3102.7581054560605,2.743359719340515,0,False
fold_04,rolling_7d,all,poisson_direct_calendar,0.0001,4,"2018-01-10,2018-01-11,2018-01-12,2018-01-13",1911.6455340670855,1.9880403422908788,0,False
fold_04,rolling_7d,all,poisson_direct_calendar,0.001,4,"2018-01-10,2018-01-11,2018-01-12,2018-01-13",1916.6195149794817,1.9901212251608469,0,False
fold_04,rolling_7d,all,poisson_direct_calendar,0.01,4,"2018-01-10,2018-01-11,2018-01-12,2018-01-13",1897.2607402774865,1.9938385937997731,0,True
fold_04,rolling_7d,all,poisson_direct_calendar,0.1,4,"2018-01-10,2018-01-11,2018-01-12,2018-01-13",2276.631132197105,2.232474187819611,0,False
fold_04,rolling_7d,all,poisson_direct_calendar,1.0,4,"2018-01-10,2018-01-11,2018-01-12,2018-01-13",2900.994575132061,2.5984525483425838,0,False
fold_04,rolling_7d,all,poisson_direct_calendar_vessel,0.0001,4,"2018-01-10,2018-01-11,2018-01-12,2018-01-13",1823.4146643116453,1.9406043594109252,0,True
fold_04,rolling_7d,all,poisson_direct_calendar_vessel,0.001,4,"2018-01-10,2018-01-11,2018-01-12,2018-01-13",1838.6030356819401,1.9457461531588995,0,False
fold_04,rolling_7d,all,poisson_direct_calendar_vessel,0.01,4,"2018-01-10,2018-01-11,2018-01-12,2018-01-13",1861.8149364670653,1.9679733252817064,0,False
fold_04,rolling_7d,all,poisson_direct_calendar_vessel,0.1,4,"2018-01-10,2018-01-11,2018-01-12,2018-01-13",2211.135575058816,2.184110313545367,0,False
fold_04,rolling_7d,all,poisson_direct_calendar_vessel,1.0,4,"2018-01-10,2018-01-11,2018-01-12,2018-01-13",2874.2506021142067,2.581524323516392,0,False
fold_04,rolling_7d,all,decomp_ridge_calendar_mean,0.1,4,"2018-01-10,2018-01-11,2018-01-12,2018-01-13",1894.3240497438428,1.9783664091154867,0,True
fold_04,rolling_7d,all,decomp_ridge_calendar_mean,1.0,4,"2018-01-10,2018-01-11,2018-01-12,2018-01-13",1909.4073439972126,1.992695421564068,0,False
fold_04,rolling_7d,all,decomp_ridge_calendar_mean,10.0,4,"2018-01-10,2018-01-11,2018-01-12,2018-01-13",2263.4198158584263,2.2292206434676243,0,False
fold_04,rolling_7d,all,decomp_ridge_calendar_mean,100.0,4,"2018-01-10,2018-01-11,2018-01-12,2018-01-13",2749.52404755932,2.517011814004905,0,False
fold_04,rolling_7d,all,decomp_ridge_calendar_mean,1000.0,4,"2018-01-10,2018-01-11,2018-01-12,2018-01-13",2859.854918952097,2.5745338457227613,0,False
fold_04,rolling_7d,all,decomp_ridge_calendar_daytype,0.1,4,"2018-01-10,2018-01-11,2018-01-12,2018-01-13",1935.5703738778482,1.9950662991039267,0,True
fold_04,rolling_7d,all,decomp_ridge_calendar_daytype,1.0,4,"2018-01-10,2018-01-11,2018-01-12,2018-01-13",1948.0545715338167,2.003933829475037,0,False
fold_04,rolling_7d,all,decomp_ridge_calendar_daytype,10.0,4,"2018-01-10,2018-01-11,2018-01-12,2018-01-13",2295.3620687046105,2.237408819176151,0,False
fold_04,rolling_7d,all,decomp_ridge_calendar_daytype,100.0,4,"2018-01-10,2018-01-11,2018-01-12,2018-01-13",2777.8893286982266,2.526940408573455,0,False
fold_04,rolling_7d,all,decomp_ridge_calendar_daytype,1000.0,4,"2018-01-10,2018-01-11,2018-01-12,2018-01-13",2887.7232027041,2.584364923953006,0,False
fold_04,rolling_7d,all,decomp_ridge_calendar_vessel_mean,0.1,4,"2018-01-10,2018-01-11,2018-01-12,2018-01-13",1808.5493519673319,1.92993478733419,0,True
fold_04,rolling_7d,all,decomp_ridge_calendar_vessel_mean,1.0,4,"2018-01-10,2018-01-11,2018-01-12,2018-01-13",1862.5745819168217,1.9553152739664448,0,False
fold_04,rolling_7d,all,decomp_ridge_calendar_vessel_mean,10.0,4,"2018-01-10,2018-01-11,2018-01-12,2018-01-13",2251.0791824537414,2.2204036751545826,0,False
fold_04,rolling_7d,all,decomp_ridge_calendar_vessel_mean,100.0,4,"2018-01-10,2018-01-11,2018-01-12,2018-01-13",2750.0819619356707,2.517127262133645,0,False
fold_04,rolling_7d,all,decomp_ridge_calendar_vessel_mean,1000.0,4,"2018-01-10,2018-01-11,2018-01-12,2018-01-13",2859.9408331107343,2.574561987460934,0,False
fold_04,rolling_7d,all,decomp_ridge_calendar_vessel_daytype,0.1,4,"2018-01-10,2018-01-11,2018-01-12,2018-01-13",1848.2826818561948,1.9441125636211976,0,True
fold_04,rolling_7d,all,decomp_ridge_calendar_vessel_daytype,1.0,4,"2018-01-10,2018-01-11,2018-01-12,2018-01-13",1900.2121970887874,1.9681988405629995,0,False
fold_04,rolling_7d,all,decomp_ridge_calendar_vessel_daytype,10.0,4,"2018-01-10,2018-01-11,2018-01-12,2018-01-13",2282.8494226317034,2.228348652585946,0,False
fold_04,rolling_7d,all,decomp_ridge_calendar_vessel_daytype,100.0,4,"2018-01-10,2018-01-11,2018-01-12,2018-01-13",2778.452885843646,2.5270987113180468,0,False
fold_04,rolling_7d,all,decomp_ridge_calendar_vessel_daytype,1000.0,4,"2018-01-10,2018-01-11,2018-01-12,2018-01-13",2887.8104144513377,2.5843976832010185,0,False
fold_04,rolling_7d,all,decomp_poisson_calendar_mean,0.0001,4,"2018-01-10,2018-01-11,2018-01-12,2018-01-13",1907.647133057757,1.9842634074079324,0,False
fold_04,rolling_7d,all,decomp_poisson_calendar_mean,0.001,4,"2018-01-10,2018-01-11,2018-01-12,2018-01-13",1907.6231100063164,1.984250956984175,0,False
fold_04,rolling_7d,all,decomp_poisson_calendar_mean,0.01,4,"2018-01-10,2018-01-11,2018-01-12,2018-01-13",1907.384905493052,1.9841269448730605,0,False
fold_04,rolling_7d,all,decomp_poisson_calendar_mean,0.1,4,"2018-01-10,2018-01-11,2018-01-12,2018-01-13",1905.1438120932087,1.9829044442584092,0,False
fold_04,rolling_7d,all,decomp_poisson_calendar_mean,1.0,4,"2018-01-10,2018-01-11,2018-01-12,2018-01-13",1892.8989509550784,1.9798401465041802,0,True
fold_04,rolling_7d,all,decomp_poisson_calendar_daytype,0.0001,4,"2018-01-10,2018-01-11,2018-01-12,2018-01-13",1949.7543761913698,2.002079464437663,0,False
fold_04,rolling_7d,all,decomp_poisson_calendar_daytype,0.001,4,"2018-01-10,2018-01-11,2018-01-12,2018-01-13",1949.7288653321266,2.0020668864265,0,False
fold_04,rolling_7d,all,decomp_poisson_calendar_daytype,0.01,4,"2018-01-10,2018-01-11,2018-01-12,2018-01-13",1949.4758199325474,2.00194150341442,0,False
fold_04,rolling_7d,all,decomp_poisson_calendar_daytype,0.1,4,"2018-01-10,2018-01-11,2018-01-12,2018-01-13",1947.0889702321965,2.0006986778326117,0,False
fold_04,rolling_7d,all,decomp_poisson_calendar_daytype,1.0,4,"2018-01-10,2018-01-11,2018-01-12,2018-01-13",1933.598583972649,1.9949112481257292,0,True
fold_04,rolling_7d,all,decomp_poisson_calendar_vessel_mean,0.0001,4,"2018-01-10,2018-01-11,2018-01-12,2018-01-13",1817.5944062470335,1.9382225058490157,0,True
fold_04,rolling_7d,all,decomp_poisson_calendar_vessel_mean,0.001,4,"2018-01-10,2018-01-11,2018-01-12,2018-01-13",1817.6052488499906,1.938216747167549,0,False
fold_04,rolling_7d,all,decomp_poisson_calendar_vessel_mean,0.01,4,"2018-01-10,2018-01-11,2018-01-12,2018-01-13",1817.7141711329953,1.9381599295303136,0,False
fold_04,rolling_7d,all,decomp_poisson_calendar_vessel_mean,0.1,4,"2018-01-10,2018-01-11,2018-01-12,2018-01-13",1818.8405396359099,1.9376757669895592,0,False
fold_04,rolling_7d,all,decomp_poisson_calendar_vessel_mean,1.0,4,"2018-01-10,2018-01-11,2018-01-12,2018-01-13",1830.731454774435,1.9405285328898156,0,False
fold_04,rolling_7d,all,decomp_poisson_calendar_vessel_daytype,0.0001,4,"2018-01-10,2018-01-11,2018-01-12,2018-01-13",1858.1450506891606,1.950822581874768,0,True
fold_04,rolling_7d,all,decomp_poisson_calendar_vessel_daytype,0.001,4,"2018-01-10,2018-01-11,2018-01-12,2018-01-13",1858.1546093421987,1.9508200983672341,0,False
fold_04,rolling_7d,all,decomp_poisson_calendar_vessel_daytype,0.01,4,"2018-01-10,2018-01-11,2018-01-12,2018-01-13",1858.2507269907446,1.9507952241750839,0,False
fold_04,rolling_7d,all,decomp_poisson_calendar_vessel_daytype,0.1,4,"2018-01-10,2018-01-11,2018-01-12,2018-01-13",1859.2525548266176,1.9509507518317382,0,False
fold_04,rolling_7d,all,decomp_poisson_calendar_vessel_daytype,1.0,4,"2018-01-10,2018-01-11,2018-01-12,2018-01-13",1870.1103098881304,1.9550689797285281,0,False
fold_04,rolling_7d,exclude_outage_severe,ridge_direct_calendar,0.1,4,"2018-01-10,2018-01-11,2018-01-12,2018-01-13",1972.5091302990968,1.996392268863047,0,False
fold_04,rolling_7d,exclude_outage_severe,ridge_direct_calendar,1.0,4,"2018-01-10,2018-01-11,2018-01-12,2018-01-13",1932.0209233841365,1.9793807833459551,0,True
fold_04,rolling_7d,exclude_outage_severe,ridge_direct_calendar,10.0,4,"2018-01-10,2018-01-11,2018-01-12,2018-01-13",2131.713912964574,2.1309332818229514,0,False
fold_04,rolling_7d,exclude_outage_severe,ridge_direct_calendar,100.0,4,"2018-01-10,2018-01-11,2018-01-12,2018-01-13",2799.289133982189,2.5311539330898487,0,False
fold_04,rolling_7d,exclude_outage_severe,ridge_direct_calendar,1000.0,4,"2018-01-10,2018-01-11,2018-01-12,2018-01-13",3102.859543895748,2.7434817630006525,0,False
fold_04,rolling_7d,exclude_outage_severe,ridge_direct_calendar_vessel,0.1,4,"2018-01-10,2018-01-11,2018-01-12,2018-01-13",1885.9498843488982,1.9488173351447056,0,False
fold_04,rolling_7d,exclude_outage_severe,ridge_direct_calendar_vessel,1.0,4,"2018-01-10,2018-01-11,2018-01-12,2018-01-13",1874.8546556684144,1.9412346950672184,0,True
fold_04,rolling_7d,exclude_outage_severe,ridge_direct_calendar_vessel,10.0,4,"2018-01-10,2018-01-11,2018-01-12,2018-01-13",2083.375133131409,2.09210091441039,0,False
fold_04,rolling_7d,exclude_outage_severe,ridge_direct_calendar_vessel,100.0,4,"2018-01-10,2018-01-11,2018-01-12,2018-01-13",2746.539069427011,2.4984911809719192,0,False
fold_04,rolling_7d,exclude_outage_severe,ridge_direct_calendar_vessel,1000.0,4,"2018-01-10,2018-01-11,2018-01-12,2018-01-13",3102.7581054560605,2.743359719340515,0,False
fold_04,rolling_7d,exclude_outage_severe,poisson_direct_calendar,0.0001,4,"2018-01-10,2018-01-11,2018-01-12,2018-01-13",1911.6455340670855,1.9880403422908788,0,False
fold_04,rolling_7d,exclude_outage_severe,poisson_direct_calendar,0.001,4,"2018-01-10,2018-01-11,2018-01-12,2018-01-13",1916.6195149794817,1.9901212251608469,0,False
fold_04,rolling_7d,exclude_outage_severe,poisson_direct_calendar,0.01,4,"2018-01-10,2018-01-11,2018-01-12,2018-01-13",1897.2607402774865,1.9938385937997731,0,True
fold_04,rolling_7d,exclude_outage_severe,poisson_direct_calendar,0.1,4,"2018-01-10,2018-01-11,2018-01-12,2018-01-13",2276.631132197105,2.232474187819611,0,False
fold_04,rolling_7d,exclude_outage_severe,poisson_direct_calendar,1.0,4,"2018-01-10,2018-01-11,2018-01-12,2018-01-13",2900.994575132061,2.5984525483425838,0,False
fold_04,rolling_7d,exclude_outage_severe,poisson_direct_calendar_vessel,0.0001,4,"2018-01-10,2018-01-11,2018-01-12,2018-01-13",1823.4146643116453,1.9406043594109252,0,True
fold_04,rolling_7d,exclude_outage_severe,poisson_direct_calendar_vessel,0.001,4,"2018-01-10,2018-01-11,2018-01-12,2018-01-13",1838.6030356819401,1.9457461531588995,0,False
fold_04,rolling_7d,exclude_outage_severe,poisson_direct_calendar_vessel,0.01,4,"2018-01-10,2018-01-11,2018-01-12,2018-01-13",1861.8149364670653,1.9679733252817064,0,False
fold_04,rolling_7d,exclude_outage_severe,poisson_direct_calendar_vessel,0.1,4,"2018-01-10,2018-01-11,2018-01-12,2018-01-13",2211.135575058816,2.184110313545367,0,False
fold_04,rolling_7d,exclude_outage_severe,poisson_direct_calendar_vessel,1.0,4,"2018-01-10,2018-01-11,2018-01-12,2018-01-13",2874.2506021142067,2.581524323516392,0,False
fold_04,rolling_7d,exclude_outage_severe,decomp_ridge_calendar_mean,0.1,4,"2018-01-10,2018-01-11,2018-01-12,2018-01-13",1894.3240497438428,1.9783664091154867,0,True
fold_04,rolling_7d,exclude_outage_severe,decomp_ridge_calendar_mean,1.0,4,"2018-01-10,2018-01-11,2018-01-12,2018-01-13",1909.4073439972126,1.992695421564068,0,False
fold_04,rolling_7d,exclude_outage_severe,decomp_ridge_calendar_mean,10.0,4,"2018-01-10,2018-01-11,2018-01-12,2018-01-13",2263.4198158584263,2.2292206434676243,0,False
fold_04,rolling_7d,exclude_outage_severe,decomp_ridge_calendar_mean,100.0,4,"2018-01-10,2018-01-11,2018-01-12,2018-01-13",2749.52404755932,2.517011814004905,0,False
fold_04,rolling_7d,exclude_outage_severe,decomp_ridge_calendar_mean,1000.0,4,"2018-01-10,2018-01-11,2018-01-12,2018-01-13",2859.854918952097,2.5745338457227613,0,False
fold_04,rolling_7d,exclude_outage_severe,decomp_ridge_calendar_daytype,0.1,4,"2018-01-10,2018-01-11,2018-01-12,2018-01-13",1935.5703738778482,1.9950662991039267,0,True
fold_04,rolling_7d,exclude_outage_severe,decomp_ridge_calendar_daytype,1.0,4,"2018-01-10,2018-01-11,2018-01-12,2018-01-13",1948.0545715338167,2.003933829475037,0,False
fold_04,rolling_7d,exclude_outage_severe,decomp_ridge_calendar_daytype,10.0,4,"2018-01-10,2018-01-11,2018-01-12,2018-01-13",2295.3620687046105,2.237408819176151,0,False
fold_04,rolling_7d,exclude_outage_severe,decomp_ridge_calendar_daytype,100.0,4,"2018-01-10,2018-01-11,2018-01-12,2018-01-13",2777.8893286982266,2.526940408573455,0,False
fold_04,rolling_7d,exclude_outage_severe,decomp_ridge_calendar_daytype,1000.0,4,"2018-01-10,2018-01-11,2018-01-12,2018-01-13",2887.7232027041,2.584364923953006,0,False
fold_04,rolling_7d,exclude_outage_severe,decomp_ridge_calendar_vessel_mean,0.1,4,"2018-01-10,2018-01-11,2018-01-12,2018-01-13",1808.5493519673319,1.92993478733419,0,True
fold_04,rolling_7d,exclude_outage_severe,decomp_ridge_calendar_vessel_mean,1.0,4,"2018-01-10,2018-01-11,2018-01-12,2018-01-13",1862.5745819168217,1.9553152739664448,0,False
fold_04,rolling_7d,exclude_outage_severe,decomp_ridge_calendar_vessel_mean,10.0,4,"2018-01-10,2018-01-11,2018-01-12,2018-01-13",2251.0791824537414,2.2204036751545826,0,False
fold_04,rolling_7d,exclude_outage_severe,decomp_ridge_calendar_vessel_mean,100.0,4,"2018-01-10,2018-01-11,2018-01-12,2018-01-13",2750.0819619356707,2.517127262133645,0,False
fold_04,rolling_7d,exclude_outage_severe,decomp_ridge_calendar_vessel_mean,1000.0,4,"2018-01-10,2018-01-11,2018-01-12,2018-01-13",2859.9408331107343,2.574561987460934,0,False
fold_04,rolling_7d,exclude_outage_severe,decomp_ridge_calendar_vessel_daytype,0.1,4,"2018-01-10,2018-01-11,2018-01-12,2018-01-13",1848.2826818561948,1.9441125636211976,0,True
fold_04,rolling_7d,exclude_outage_severe,decomp_ridge_calendar_vessel_daytype,1.0,4,"2018-01-10,2018-01-11,2018-01-12,2018-01-13",1900.2121970887874,1.9681988405629995,0,False
fold_04,rolling_7d,exclude_outage_severe,decomp_ridge_calendar_vessel_daytype,10.0,4,"2018-01-10,2018-01-11,2018-01-12,2018-01-13",2282.8494226317034,2.228348652585946,0,False
fold_04,rolling_7d,exclude_outage_severe,decomp_ridge_calendar_vessel_daytype,100.0,4,"2018-01-10,2018-01-11,2018-01-12,2018-01-13",2778.452885843646,2.5270987113180468,0,False
fold_04,rolling_7d,exclude_outage_severe,decomp_ridge_calendar_vessel_daytype,1000.0,4,"2018-01-10,2018-01-11,2018-01-12,2018-01-13",2887.8104144513377,2.5843976832010185,0,False
fold_04,rolling_7d,exclude_outage_severe,decomp_poisson_calendar_mean,0.0001,4,"2018-01-10,2018-01-11,2018-01-12,2018-01-13",1907.647133057757,1.9842634074079324,0,False
fold_04,rolling_7d,exclude_outage_severe,decomp_poisson_calendar_mean,0.001,4,"2018-01-10,2018-01-11,2018-01-12,2018-01-13",1907.6231100063164,1.984250956984175,0,False
fold_04,rolling_7d,exclude_outage_severe,decomp_poisson_calendar_mean,0.01,4,"2018-01-10,2018-01-11,2018-01-12,2018-01-13",1907.384905493052,1.9841269448730605,0,False
fold_04,rolling_7d,exclude_outage_severe,decomp_poisson_calendar_mean,0.1,4,"2018-01-10,2018-01-11,2018-01-12,2018-01-13",1905.1438120932087,1.9829044442584092,0,False
fold_04,rolling_7d,exclude_outage_severe,decomp_poisson_calendar_mean,1.0,4,"2018-01-10,2018-01-11,2018-01-12,2018-01-13",1892.8989509550784,1.9798401465041802,0,True
fold_04,rolling_7d,exclude_outage_severe,decomp_poisson_calendar_daytype,0.0001,4,"2018-01-10,2018-01-11,2018-01-12,2018-01-13",1949.7543761913698,2.002079464437663,0,False
fold_04,rolling_7d,exclude_outage_severe,decomp_poisson_calendar_daytype,0.001,4,"2018-01-10,2018-01-11,2018-01-12,2018-01-13",1949.7288653321266,2.0020668864265,0,False
fold_04,rolling_7d,exclude_outage_severe,decomp_poisson_calendar_daytype,0.01,4,"2018-01-10,2018-01-11,2018-01-12,2018-01-13",1949.4758199325474,2.00194150341442,0,False
fold_04,rolling_7d,exclude_outage_severe,decomp_poisson_calendar_daytype,0.1,4,"2018-01-10,2018-01-11,2018-01-12,2018-01-13",1947.0889702321965,2.0006986778326117,0,False
fold_04,rolling_7d,exclude_outage_severe,decomp_poisson_calendar_daytype,1.0,4,"2018-01-10,2018-01-11,2018-01-12,2018-01-13",1933.598583972649,1.9949112481257292,0,True
fold_04,rolling_7d,exclude_outage_severe,decomp_poisson_calendar_vessel_mean,0.0001,4,"2018-01-10,2018-01-11,2018-01-12,2018-01-13",1817.5944062470335,1.9382225058490157,0,True
fold_04,rolling_7d,exclude_outage_severe,decomp_poisson_calendar_vessel_mean,0.001,4,"2018-01-10,2018-01-11,2018-01-12,2018-01-13",1817.6052488499906,1.938216747167549,0,False
fold_04,rolling_7d,exclude_outage_severe,decomp_poisson_calendar_vessel_mean,0.01,4,"2018-01-10,2018-01-11,2018-01-12,2018-01-13",1817.7141711329953,1.9381599295303136,0,False
fold_04,rolling_7d,exclude_outage_severe,decomp_poisson_calendar_vessel_mean,0.1,4,"2018-01-10,2018-01-11,2018-01-12,2018-01-13",1818.8405396359099,1.9376757669895592,0,False
fold_04,rolling_7d,exclude_outage_severe,decomp_poisson_calendar_vessel_mean,1.0,4,"2018-01-10,2018-01-11,2018-01-12,2018-01-13",1830.731454774435,1.9405285328898156,0,False
fold_04,rolling_7d,exclude_outage_severe,decomp_poisson_calendar_vessel_daytype,0.0001,4,"2018-01-10,2018-01-11,2018-01-12,2018-01-13",1858.1450506891606,1.950822581874768,0,True
fold_04,rolling_7d,exclude_outage_severe,decomp_poisson_calendar_vessel_daytype,0.001,4,"2018-01-10,2018-01-11,2018-01-12,2018-01-13",1858.1546093421987,1.9508200983672341,0,False
fold_04,rolling_7d,exclude_outage_severe,decomp_poisson_calendar_vessel_daytype,0.01,4,"2018-01-10,2018-01-11,2018-01-12,2018-01-13",1858.2507269907446,1.9507952241750839,0,False
fold_04,rolling_7d,exclude_outage_severe,decomp_poisson_calendar_vessel_daytype,0.1,4,"2018-01-10,2018-01-11,2018-01-12,2018-01-13",1859.2525548266176,1.9509507518317382,0,False
fold_04,rolling_7d,exclude_outage_severe,decomp_poisson_calendar_vessel_daytype,1.0,4,"2018-01-10,2018-01-11,2018-01-12,2018-01-13",1870.1103098881304,1.9550689797285281,0,False
fold_04,rolling_7d,quality_weighted,ridge_direct_calendar,0.1,4,"2018-01-10,2018-01-11,2018-01-12,2018-01-13",1978.4738268540873,2.0015479754924286,0,False
fold_04,rolling_7d,quality_weighted,ridge_direct_calendar,1.0,4,"2018-01-10,2018-01-11,2018-01-12,2018-01-13",1937.2157800061013,1.984564475919208,0,True
fold_04,rolling_7d,quality_weighted,ridge_direct_calendar,10.0,4,"2018-01-10,2018-01-11,2018-01-12,2018-01-13",2135.0681758634614,2.1366362484154253,0,False
fold_04,rolling_7d,quality_weighted,ridge_direct_calendar,100.0,4,"2018-01-10,2018-01-11,2018-01-12,2018-01-13",2811.0315625657686,2.5404164464526064,0,False
fold_04,rolling_7d,quality_weighted,ridge_direct_calendar,1000.0,4,"2018-01-10,2018-01-11,2018-01-12,2018-01-13",3117.3405911409936,2.7545271896837864,0,False
fold_04,rolling_7d,quality_weighted,ridge_direct_calendar_vessel,0.1,4,"2018-01-10,2018-01-11,2018-01-12,2018-01-13",1888.0788096719314,1.9514214721301952,0,False
fold_04,rolling_7d,quality_weighted,ridge_direct_calendar_vessel,1.0,4,"2018-01-10,2018-01-11,2018-01-12,2018-01-13",1876.9793583918095,1.944044709147565,0,True
fold_04,rolling_7d,quality_weighted,ridge_direct_calendar_vessel,10.0,4,"2018-01-10,2018-01-11,2018-01-12,2018-01-13",2084.2900758019177,2.096142753343502,0,False
fold_04,rolling_7d,quality_weighted,ridge_direct_calendar_vessel,100.0,4,"2018-01-10,2018-01-11,2018-01-12,2018-01-13",2756.858474625858,2.5068124227977986,0,False
fold_04,rolling_7d,quality_weighted,ridge_direct_calendar_vessel,1000.0,4,"2018-01-10,2018-01-11,2018-01-12,2018-01-13",3116.98221184883,2.754235366778463,0,False
fold_04,rolling_7d,quality_weighted,poisson_direct_calendar,0.0001,4,"2018-01-10,2018-01-11,2018-01-12,2018-01-13",1917.4894696661602,1.9936305403818433,0,False
fold_04,rolling_7d,quality_weighted,poisson_direct_calendar,0.001,4,"2018-01-10,2018-01-11,2018-01-12,2018-01-13",1923.1044425006355,1.9957939954718797,0,False
fold_04,rolling_7d,quality_weighted,poisson_direct_calendar,0.01,4,"2018-01-10,2018-01-11,2018-01-12,2018-01-13",1902.911013156901,1.9998683969343414,0,True
fold_04,rolling_7d,quality_weighted,poisson_direct_calendar,0.1,4,"2018-01-10,2018-01-11,2018-01-12,2018-01-13",2282.214491628248,2.2378936039492237,0,False
fold_04,rolling_7d,quality_weighted,poisson_direct_calendar,1.0,4,"2018-01-10,2018-01-11,2018-01-12,2018-01-13",2910.8875629694526,2.60588247311638,0,False
fold_04,rolling_7d,quality_weighted,poisson_direct_calendar_vessel,0.0001,4,"2018-01-10,2018-01-11,2018-01-12,2018-01-13",1825.2648899620344,1.944270868843412,0,True
fold_04,rolling_7d,quality_weighted,poisson_direct_calendar_vessel,0.001,4,"2018-01-10,2018-01-11,2018-01-12,2018-01-13",1840.6606078106802,1.9492941860069293,0,False
fold_04,rolling_7d,quality_weighted,poisson_direct_calendar_vessel,0.01,4,"2018-01-10,2018-01-11,2018-01-12,2018-01-13",1863.153748589788,1.9715090959131278,0,False
fold_04,rolling_7d,quality_weighted,poisson_direct_calendar_vessel,0.1,4,"2018-01-10,2018-01-11,2018-01-12,2018-01-13",2215.34632554831,2.1881049619610735,0,False
fold_04,rolling_7d,quality_weighted,poisson_direct_calendar_vessel,1.0,4,"2018-01-10,2018-01-11,2018-01-12,2018-01-13",2882.8962124880322,2.5878634953091284,0,False
fold_04,rolling_7d,quality_weighted,decomp_ridge_calendar_mean,0.1,4,"2018-01-10,2018-01-11,2018-01-12,2018-01-13",1896.8544388344385,1.9830048331363674,0,True
fold_04,rolling_7d,quality_weighted,decomp_ridge_calendar_mean,1.0,4,"2018-01-10,2018-01-11,2018-01-12,2018-01-13",1912.394362783501,1.9980284394443844,0,False
fold_04,rolling_7d,quality_weighted,decomp_ridge_calendar_mean,10.0,4,"2018-01-10,2018-01-11,2018-01-12,2018-01-13",2273.1706589464934,2.235107979957479,0,False
fold_04,rolling_7d,quality_weighted,decomp_ridge_calendar_mean,100.0,4,"2018-01-10,2018-01-11,2018-01-12,2018-01-13",2759.5973112991123,2.522457673285018,0,False
fold_04,rolling_7d,quality_weighted,decomp_ridge_calendar_mean,1000.0,4,"2018-01-10,2018-01-11,2018-01-12,2018-01-13",2868.957465349049,2.5793926678310815,0,False
fold_04,rolling_7d,quality_weighted,decomp_ridge_calendar_daytype,0.1,4,"2018-01-10,2018-01-11,2018-01-12,2018-01-13",1939.6837229711148,1.9998543918947749,0,True
fold_04,rolling_7d,quality_weighted,decomp_ridge_calendar_daytype,1.0,4,"2018-01-10,2018-01-11,2018-01-12,2018-01-13",1952.6626018812626,2.0096537027071517,0,False
fold_04,rolling_7d,quality_weighted,decomp_ridge_calendar_daytype,10.0,4,"2018-01-10,2018-01-11,2018-01-12,2018-01-13",2307.1218553524427,2.2454851406690324,0,False
fold_04,rolling_7d,quality_weighted,decomp_ridge_calendar_daytype,100.0,4,"2018-01-10,2018-01-11,2018-01-12,2018-01-13",2790.5229962314675,2.53348755993816,0,False
fold_04,rolling_7d,quality_weighted,decomp_ridge_calendar_daytype,1000.0,4,"2018-01-10,2018-01-11,2018-01-12,2018-01-13",2899.500399879699,2.590624680887467,0,False
fold_04,rolling_7d,quality_weighted,decomp_ridge_calendar_vessel_mean,0.1,4,"2018-01-10,2018-01-11,2018-01-12,2018-01-13",1808.0605295126552,1.9325006955676842,0,True
fold_04,rolling_7d,quality_weighted,decomp_ridge_calendar_vessel_mean,1.0,4,"2018-01-10,2018-01-11,2018-01-12,2018-01-13",1863.6262893753578,1.959918749521189,0,False
fold_04,rolling_7d,quality_weighted,decomp_ridge_calendar_vessel_mean,10.0,4,"2018-01-10,2018-01-11,2018-01-12,2018-01-13",2259.9272941009676,2.225758215677631,0,False
fold_04,rolling_7d,quality_weighted,decomp_ridge_calendar_vessel_mean,100.0,4,"2018-01-10,2018-01-11,2018-01-12,2018-01-13",2760.0290384586388,2.5225077623868994,0,False
fold_04,rolling_7d,quality_weighted,decomp_ridge_calendar_vessel_mean,1000.0,4,"2018-01-10,2018-01-11,2018-01-12,2018-01-13",2869.031113568094,2.5794149610964134,0,False
fold_04,rolling_7d,quality_weighted,decomp_ridge_calendar_vessel_daytype,0.1,4,"2018-01-10,2018-01-11,2018-01-12,2018-01-13",1849.2995348475276,1.947512203750479,0,True
fold_04,rolling_7d,quality_weighted,decomp_ridge_calendar_vessel_daytype,1.0,4,"2018-01-10,2018-01-11,2018-01-12,2018-01-13",1902.837888970122,1.9732897165828822,0,False
fold_04,rolling_7d,quality_weighted,decomp_ridge_calendar_vessel_daytype,10.0,4,"2018-01-10,2018-01-11,2018-01-12,2018-01-13",2293.691462998615,2.2356797663846524,0,False
fold_04,rolling_7d,quality_weighted,decomp_ridge_calendar_vessel_daytype,100.0,4,"2018-01-10,2018-01-11,2018-01-12,2018-01-13",2790.958766079995,2.533580999619553,0,False
fold_04,rolling_7d,quality_weighted,decomp_ridge_calendar_vessel_daytype,1000.0,4,"2018-01-10,2018-01-11,2018-01-12,2018-01-13",2899.5751858478197,2.590651096173328,0,False
fold_04,rolling_7d,quality_weighted,decomp_poisson_calendar_mean,0.0001,4,"2018-01-10,2018-01-11,2018-01-12,2018-01-13",1911.49719880397,1.9895166333392353,0,False
fold_04,rolling_7d,quality_weighted,decomp_poisson_calendar_mean,0.001,4,"2018-01-10,2018-01-11,2018-01-12,2018-01-13",1911.4732618729684,1.9895040204997794,0,False
fold_04,rolling_7d,quality_weighted,decomp_poisson_calendar_mean,0.01,4,"2018-01-10,2018-01-11,2018-01-12,2018-01-13",1911.2358623257587,1.9893783142799772,0,False
fold_04,rolling_7d,quality_weighted,decomp_poisson_calendar_mean,0.1,4,"2018-01-10,2018-01-11,2018-01-12,2018-01-13",1909.0059782771139,1.9881349369638732,0,False
fold_04,rolling_7d,quality_weighted,decomp_poisson_calendar_mean,1.0,4,"2018-01-10,2018-01-11,2018-01-12,2018-01-13",1897.0087899366176,1.9850362867539413,0,True
fold_04,rolling_7d,quality_weighted,decomp_poisson_calendar_daytype,0.0001,4,"2018-01-10,2018-01-11,2018-01-12,2018-01-13",1955.2030403656604,2.0073692357534463,0,False
fold_04,rolling_7d,quality_weighted,decomp_poisson_calendar_daytype,0.001,4,"2018-01-10,2018-01-11,2018-01-12,2018-01-13",1955.1776268468955,2.0073568906811783,0,False
fold_04,rolling_7d,quality_weighted,decomp_poisson_calendar_daytype,0.01,4,"2018-01-10,2018-01-11,2018-01-12,2018-01-13",1954.9254989495566,2.0072338151355313,0,False
fold_04,rolling_7d,quality_weighted,decomp_poisson_calendar_daytype,0.1,4,"2018-01-10,2018-01-11,2018-01-12,2018-01-13",1952.5510545212594,2.006014507167293,0,False
fold_04,rolling_7d,quality_weighted,decomp_poisson_calendar_daytype,1.0,4,"2018-01-10,2018-01-11,2018-01-12,2018-01-13",1939.3241663795932,2.0006248311556347,0,True
fold_04,rolling_7d,quality_weighted,decomp_poisson_calendar_vessel_mean,0.0001,4,"2018-01-10,2018-01-11,2018-01-12,2018-01-13",1817.6486565797331,1.941053598039034,0,True
fold_04,rolling_7d,quality_weighted,decomp_poisson_calendar_vessel_mean,0.001,4,"2018-01-10,2018-01-11,2018-01-12,2018-01-13",1817.6599744279602,1.9410490061916081,0,False
fold_04,rolling_7d,quality_weighted,decomp_poisson_calendar_vessel_mean,0.01,4,"2018-01-10,2018-01-11,2018-01-12,2018-01-13",1817.773590421261,1.9410039279675706,0,False
fold_04,rolling_7d,quality_weighted,decomp_poisson_calendar_vessel_mean,0.1,4,"2018-01-10,2018-01-11,2018-01-12,2018-01-13",1818.9444777955587,1.9406289722735741,0,False
fold_04,rolling_7d,quality_weighted,decomp_poisson_calendar_vessel_mean,1.0,4,"2018-01-10,2018-01-11,2018-01-12,2018-01-13",1831.3507943694995,1.9441721239742844,0,False
fold_04,rolling_7d,quality_weighted,decomp_poisson_calendar_vessel_daytype,0.0001,4,"2018-01-10,2018-01-11,2018-01-12,2018-01-13",1859.7277290341708,1.9545533910310238,0,True
fold_04,rolling_7d,quality_weighted,decomp_poisson_calendar_vessel_daytype,0.001,4,"2018-01-10,2018-01-11,2018-01-12,2018-01-13",1859.7377536005965,1.9545518274413953,0,False
fold_04,rolling_7d,quality_weighted,decomp_poisson_calendar_vessel_daytype,0.01,4,"2018-01-10,2018-01-11,2018-01-12,2018-01-13",1859.8384837762026,1.9545362712029102,0,False
fold_04,rolling_7d,quality_weighted,decomp_poisson_calendar_vessel_daytype,0.1,4,"2018-01-10,2018-01-11,2018-01-12,2018-01-13",1860.884596970662,1.9547519974466185,0,False
fold_04,rolling_7d,quality_weighted,decomp_poisson_calendar_vessel_daytype,1.0,4,"2018-01-10,2018-01-11,2018-01-12,2018-01-13",1872.277123611447,1.9593539854208304,0,False
fold_05,rolling_7d,all,ridge_direct_calendar,0.1,4,"2018-01-11,2018-01-12,2018-01-13,2018-01-14",2167.8298306402025,2.0923822320709715,0,False
fold_05,rolling_7d,all,ridge_direct_calendar,1.0,4,"2018-01-11,2018-01-12,2018-01-13,2018-01-14",2096.9846885503453,2.05907393982325,0,False
fold_05,rolling_7d,all,ridge_direct_calendar,10.0,4,"2018-01-11,2018-01-12,2018-01-13,2018-01-14",1998.9782109151172,2.067047244151562,0,True
fold_05,rolling_7d,all,ridge_direct_calendar,100.0,4,"2018-01-11,2018-01-12,2018-01-13,2018-01-14",2394.531090125044,2.373998742806939,0,False
fold_05,rolling_7d,all,ridge_direct_calendar,1000.0,4,"2018-01-11,2018-01-12,2018-01-13,2018-01-14",2851.6813288755084,2.679001964449341,0,False
fold_05,rolling_7d,all,ridge_direct_calendar_vessel,0.1,4,"2018-01-11,2018-01-12,2018-01-13,2018-01-14",1950.0264356201292,1.9987192237476659,0,False
fold_05,rolling_7d,all,ridge_direct_calendar_vessel,1.0,4,"2018-01-11,2018-01-12,2018-01-13,2018-01-14",1923.92698902226,1.9773342437643298,0,True
fold_05,rolling_7d,all,ridge_direct_calendar_vessel,10.0,4,"2018-01-11,2018-01-12,2018-01-13,2018-01-14",1949.5658613011751,2.0226897427673194,0,False
fold_05,rolling_7d,all,ridge_direct_calendar_vessel,100.0,4,"2018-01-11,2018-01-12,2018-01-13,2018-01-14",2328.774928545322,2.3294517424233177,0,False
fold_05,rolling_7d,all,ridge_direct_calendar_vessel,1000.0,4,"2018-01-11,2018-01-12,2018-01-13,2018-01-14",2845.04238724638,2.675349833303536,0,False
fold_05,rolling_7d,all,poisson_direct_calendar,0.0001,4,"2018-01-11,2018-01-12,2018-01-13,2018-01-14",2075.3878620634387,2.081075157354638,0,False
fold_05,rolling_7d,all,poisson_direct_calendar,0.001,4,"2018-01-11,2018-01-12,2018-01-13,2018-01-14",2070.2878647841258,2.0773013908043945,0,False
fold_05,rolling_7d,all,poisson_direct_calendar,0.01,4,"2018-01-11,2018-01-12,2018-01-13,2018-01-14",1999.9236433957221,2.0567820232881826,0,True
fold_05,rolling_7d,all,poisson_direct_calendar,0.1,4,"2018-01-11,2018-01-12,2018-01-13,2018-01-14",2072.6824658760834,2.1620086743294453,0,False
fold_05,rolling_7d,all,poisson_direct_calendar,1.0,4,"2018-01-11,2018-01-12,2018-01-13,2018-01-14",2559.495500396446,2.4859025361156295,0,False
fold_05,rolling_7d,all,poisson_direct_calendar_vessel,0.0001,4,"2018-01-11,2018-01-12,2018-01-13,2018-01-14",1847.0846437434916,1.9790253342807154,0,True
fold_05,rolling_7d,all,poisson_direct_calendar_vessel,0.001,4,"2018-01-11,2018-01-12,2018-01-13,2018-01-14",1855.8885187485662,1.9795291870513418,0,False
fold_05,rolling_7d,all,poisson_direct_calendar_vessel,0.01,4,"2018-01-11,2018-01-12,2018-01-13,2018-01-14",1858.52090642383,1.9896085329644104,0,False
fold_05,rolling_7d,all,poisson_direct_calendar_vessel,0.1,4,"2018-01-11,2018-01-12,2018-01-13,2018-01-14",2022.9507287707838,2.119629077427428,0,False
fold_05,rolling_7d,all,poisson_direct_calendar_vessel,1.0,4,"2018-01-11,2018-01-12,2018-01-13,2018-01-14",2525.1263362875457,2.461528144783509,0,False
fold_05,rolling_7d,all,decomp_ridge_calendar_mean,0.1,4,"2018-01-11,2018-01-12,2018-01-13,2018-01-14",2025.0125244168655,2.0575468742966425,0,False
fold_05,rolling_7d,all,decomp_ridge_calendar_mean,1.0,4,"2018-01-11,2018-01-12,2018-01-13,2018-01-14",2007.9782924327865,2.048597073122492,0,True
fold_05,rolling_7d,all,decomp_ridge_calendar_mean,10.0,4,"2018-01-11,2018-01-12,2018-01-13,2018-01-14",2252.8427906182687,2.246792438354249,0,False
fold_05,rolling_7d,all,decomp_ridge_calendar_mean,100.0,4,"2018-01-11,2018-01-12,2018-01-13,2018-01-14",2795.5241337787393,2.583541333842973,0,False
fold_05,rolling_7d,all,decomp_ridge_calendar_mean,1000.0,4,"2018-01-11,2018-01-12,2018-01-13,2018-01-14",2934.7916222658114,2.6564762070851966,0,False
fold_05,rolling_7d,all,decomp_ridge_calendar_daytype,0.1,4,"2018-01-11,2018-01-12,2018-01-13,2018-01-14",2049.074526395484,2.0608029018916767,0,False
fold_05,rolling_7d,all,decomp_ridge_calendar_daytype,1.0,4,"2018-01-11,2018-01-12,2018-01-13,2018-01-14",2030.1056594732725,2.0487351958592726,0,True
fold_05,rolling_7d,all,decomp_ridge_calendar_daytype,10.0,4,"2018-01-11,2018-01-12,2018-01-13,2018-01-14",2270.0854818418084,2.2478693000720877,0,False
fold_05,rolling_7d,all,decomp_ridge_calendar_daytype,100.0,4,"2018-01-11,2018-01-12,2018-01-13,2018-01-14",2815.060766628597,2.582524372486839,0,False
fold_05,rolling_7d,all,decomp_ridge_calendar_daytype,1000.0,4,"2018-01-11,2018-01-12,2018-01-13,2018-01-14",2955.626597715024,2.655068743696426,0,False
fold_05,rolling_7d,all,decomp_ridge_calendar_vessel_mean,0.1,4,"2018-01-11,2018-01-12,2018-01-13,2018-01-14",1790.6884656615766,1.9500857742977504,0,True
fold_05,rolling_7d,all,decomp_ridge_calendar_vessel_mean,1.0,4,"2018-01-11,2018-01-12,2018-01-13,2018-01-14",1863.509268808079,1.9734946146272554,0,False
fold_05,rolling_7d,all,decomp_ridge_calendar_vessel_mean,10.0,4,"2018-01-11,2018-01-12,2018-01-13,2018-01-14",2210.1859061883783,2.226323650050083,0,False
fold_05,rolling_7d,all,decomp_ridge_calendar_vessel_mean,100.0,4,"2018-01-11,2018-01-12,2018-01-13,2018-01-14",2792.6094281941923,2.582580851496101,0,False
fold_05,rolling_7d,all,decomp_ridge_calendar_vessel_mean,1000.0,4,"2018-01-11,2018-01-12,2018-01-13,2018-01-14",2934.5702452430087,2.6564161930731154,0,False
fold_05,rolling_7d,all,decomp_ridge_calendar_vessel_daytype,0.1,4,"2018-01-11,2018-01-12,2018-01-13,2018-01-14",1812.9754919009285,1.947136851766378,0,True
fold_05,rolling_7d,all,decomp_ridge_calendar_vessel_daytype,1.0,4,"2018-01-11,2018-01-12,2018-01-13,2018-01-14",1884.768163020654,1.9720411268192874,0,False
fold_05,rolling_7d,all,decomp_ridge_calendar_vessel_daytype,10.0,4,"2018-01-11,2018-01-12,2018-01-13,2018-01-14",2227.32105653625,2.2269184505109734,0,False
fold_05,rolling_7d,all,decomp_ridge_calendar_vessel_daytype,100.0,4,"2018-01-11,2018-01-12,2018-01-13,2018-01-14",2812.182731304233,2.581603043636079,0,False
fold_05,rolling_7d,all,decomp_ridge_calendar_vessel_daytype,1000.0,4,"2018-01-11,2018-01-12,2018-01-13,2018-01-14",2955.410897727909,2.6550135694995833,0,False
fold_05,rolling_7d,all,decomp_poisson_calendar_mean,0.0001,4,"2018-01-11,2018-01-12,2018-01-13,2018-01-14",2086.6106238652023,2.085199360298053,0,False
fold_05,rolling_7d,all,decomp_poisson_calendar_mean,0.001,4,"2018-01-11,2018-01-12,2018-01-13,2018-01-14",2086.57955503639,2.085178642071221,0,False
fold_05,rolling_7d,all,decomp_poisson_calendar_mean,0.01,4,"2018-01-11,2018-01-12,2018-01-13,2018-01-14",2086.2706042309123,2.0849723258423114,0,False
fold_05,rolling_7d,all,decomp_poisson_calendar_mean,0.1,4,"2018-01-11,2018-01-12,2018-01-13,2018-01-14",2083.2900394725166,2.0829581893066607,0,False
fold_05,rolling_7d,all,decomp_poisson_calendar_mean,1.0,4,"2018-01-11,2018-01-12,2018-01-13,2018-01-14",2061.5825012952646,2.0718391458465493,0,True
fold_05,rolling_7d,all,decomp_poisson_calendar_daytype,0.0001,4,"2018-01-11,2018-01-12,2018-01-13,2018-01-14",2111.6237474794166,2.0912176102588593,0,False
fold_05,rolling_7d,all,decomp_poisson_calendar_daytype,0.001,4,"2018-01-11,2018-01-12,2018-01-13,2018-01-14",2111.5915844982437,2.091196409898992,0,False
fold_05,rolling_7d,all,decomp_poisson_calendar_daytype,0.01,4,"2018-01-11,2018-01-12,2018-01-13,2018-01-14",2111.2717112846467,2.0909851594626363,0,False
fold_05,rolling_7d,all,decomp_poisson_calendar_daytype,0.1,4,"2018-01-11,2018-01-12,2018-01-13,2018-01-14",2108.182791938496,2.0889131055202075,0,False
fold_05,rolling_7d,all,decomp_poisson_calendar_daytype,1.0,4,"2018-01-11,2018-01-12,2018-01-13,2018-01-14",2085.4800627289947,2.0763715226023782,0,True
fold_05,rolling_7d,all,decomp_poisson_calendar_vessel_mean,0.0001,4,"2018-01-11,2018-01-12,2018-01-13,2018-01-14",1853.824862185504,1.982853533002114,0,True
fold_05,rolling_7d,all,decomp_poisson_calendar_vessel_mean,0.001,4,"2018-01-11,2018-01-12,2018-01-13,2018-01-14",1853.8480729387768,1.98284586177714,0,False
fold_05,rolling_7d,all,decomp_poisson_calendar_vessel_mean,0.01,4,"2018-01-11,2018-01-12,2018-01-13,2018-01-14",1854.0805692033864,1.9827702077928413,0,False
fold_05,rolling_7d,all,decomp_poisson_calendar_vessel_mean,0.1,4,"2018-01-11,2018-01-12,2018-01-13,2018-01-14",1856.4306243353622,1.982138375917987,0,False
fold_05,rolling_7d,all,decomp_poisson_calendar_vessel_mean,1.0,4,"2018-01-11,2018-01-12,2018-01-13,2018-01-14",1877.9499047392155,1.9850511174195367,0,False
fold_05,rolling_7d,all,decomp_poisson_calendar_vessel_daytype,0.0001,4,"2018-01-11,2018-01-12,2018-01-13,2018-01-14",1877.0371249320553,1.9817033547036003,0,True
fold_05,rolling_7d,all,decomp_poisson_calendar_vessel_daytype,0.001,4,"2018-01-11,2018-01-12,2018-01-13,2018-01-14",1877.059715073538,1.9816980353675757,0,False
fold_05,rolling_7d,all,decomp_poisson_calendar_vessel_daytype,0.01,4,"2018-01-11,2018-01-12,2018-01-13,2018-01-14",1877.2860044028203,1.981645315763906,0,False
fold_05,rolling_7d,all,decomp_poisson_calendar_vessel_daytype,0.1,4,"2018-01-11,2018-01-12,2018-01-13,2018-01-14",1879.5744287027226,1.9816101195500084,0,False
fold_05,rolling_7d,all,decomp_poisson_calendar_vessel_daytype,1.0,4,"2018-01-11,2018-01-12,2018-01-13,2018-01-14",1900.4780220155085,1.985841836587606,0,False
fold_05,rolling_7d,exclude_outage_severe,ridge_direct_calendar,0.1,4,"2018-01-11,2018-01-12,2018-01-13,2018-01-14",2418.944454652974,2.1893922120569638,0,False
fold_05,rolling_7d,exclude_outage_severe,ridge_direct_calendar,1.0,4,"2018-01-11,2018-01-12,2018-01-13,2018-01-14",2343.8800123372016,2.158844306384339,0,False
fold_05,rolling_7d,exclude_outage_severe,ridge_direct_calendar,10.0,4,"2018-01-11,2018-01-12,2018-01-13,2018-01-14",2211.666378974501,2.155263579501313,0,True
fold_05,rolling_7d,exclude_outage_severe,ridge_direct_calendar,100.0,4,"2018-01-11,2018-01-12,2018-01-13,2018-01-14",2502.9628089232538,2.437063477424066,0,False
fold_05,rolling_7d,exclude_outage_severe,ridge_direct_calendar,1000.0,4,"2018-01-11,2018-01-12,2018-01-13,2018-01-14",2928.3952841423456,2.7182029808981696,0,False
fold_05,rolling_7d,exclude_outage_severe,ridge_direct_calendar_vessel,0.1,4,"2018-01-11,2018-01-12,2018-01-13,2018-01-14",2180.4008516912945,2.0913775168270528,0,True
fold_05,rolling_7d,exclude_outage_severe,ridge_direct_calendar_vessel,1.0,4,"2018-01-11,2018-01-12,2018-01-13,2018-01-14",2180.616209854117,2.077047165042659,0,False
fold_05,rolling_7d,exclude_outage_severe,ridge_direct_calendar_vessel,10.0,4,"2018-01-11,2018-01-12,2018-01-13,2018-01-14",2263.5077509710127,2.1482582970299386,0,False
fold_05,rolling_7d,exclude_outage_severe,ridge_direct_calendar_vessel,100.0,4,"2018-01-11,2018-01-12,2018-01-13,2018-01-14",2444.6783784475374,2.3959465195246312,0,False
fold_05,rolling_7d,exclude_outage_severe,ridge_direct_calendar_vessel,1000.0,4,"2018-01-11,2018-01-12,2018-01-13,2018-01-14",2924.0117703651695,2.715694668295173,0,False
fold_05,rolling_7d,exclude_outage_severe,poisson_direct_calendar,0.0001,4,"2018-01-11,2018-01-12,2018-01-13,2018-01-14",2324.9757274836347,2.180002811661073,0,False
fold_05,rolling_7d,exclude_outage_severe,poisson_direct_calendar,0.001,4,"2018-01-11,2018-01-12,2018-01-13,2018-01-14",2318.8786369857307,2.1760563920067373,0,False
fold_05,rolling_7d,exclude_outage_severe,poisson_direct_calendar,0.01,4,"2018-01-11,2018-01-12,2018-01-13,2018-01-14",2238.2398862739647,2.150542449059598,0,True
fold_05,rolling_7d,exclude_outage_severe,poisson_direct_calendar,0.1,4,"2018-01-11,2018-01-12,2018-01-13,2018-01-14",2238.7102121408425,2.231584937650659,0,False
fold_05,rolling_7d,exclude_outage_severe,poisson_direct_calendar,1.0,4,"2018-01-11,2018-01-12,2018-01-13,2018-01-14",2642.5720776565604,2.532987420374009,0,False
fold_05,rolling_7d,exclude_outage_severe,poisson_direct_calendar_vessel,0.0001,4,"2018-01-11,2018-01-12,2018-01-13,2018-01-14",2079.1544778421576,2.0745629198609215,0,True
fold_05,rolling_7d,exclude_outage_severe,poisson_direct_calendar_vessel,0.001,4,"2018-01-11,2018-01-12,2018-01-13,2018-01-14",2095.265953399321,2.076966437507317,0,False
fold_05,rolling_7d,exclude_outage_severe,poisson_direct_calendar_vessel,0.01,4,"2018-01-11,2018-01-12,2018-01-13,2018-01-14",2134.1019688119054,2.0939952932669565,0,False
fold_05,rolling_7d,exclude_outage_severe,poisson_direct_calendar_vessel,0.1,4,"2018-01-11,2018-01-12,2018-01-13,2018-01-14",2274.0433824643105,2.219332896258975,0,False
fold_05,rolling_7d,exclude_outage_severe,poisson_direct_calendar_vessel,1.0,4,"2018-01-11,2018-01-12,2018-01-13,2018-01-14",2610.724689461942,2.512038251852922,0,False
fold_05,rolling_7d,exclude_outage_severe,decomp_ridge_calendar_mean,0.1,4,"2018-01-11,2018-01-12,2018-01-13,2018-01-14",2300.4848038829864,2.1642979209080817,0,False
fold_05,rolling_7d,exclude_outage_severe,decomp_ridge_calendar_mean,1.0,4,"2018-01-11,2018-01-12,2018-01-13,2018-01-14",2235.2913668313895,2.136954198566318,0,True
fold_05,rolling_7d,exclude_outage_severe,decomp_ridge_calendar_mean,10.0,4,"2018-01-11,2018-01-12,2018-01-13,2018-01-14",2373.37189363074,2.2955122331932034,0,False
fold_05,rolling_7d,exclude_outage_severe,decomp_ridge_calendar_mean,100.0,4,"2018-01-11,2018-01-12,2018-01-13,2018-01-14",2871.7697901662996,2.6145609680700392,0,False
fold_05,rolling_7d,exclude_outage_severe,decomp_ridge_calendar_mean,1000.0,4,"2018-01-11,2018-01-12,2018-01-13,2018-01-14",2999.450230582237,2.6823038009723983,0,False
fold_05,rolling_7d,exclude_outage_severe,decomp_ridge_calendar_daytype,0.1,4,"2018-01-11,2018-01-12,2018-01-13,2018-01-14",2310.3129327248116,2.170144062457503,0,False
fold_05,rolling_7d,exclude_outage_severe,decomp_ridge_calendar_daytype,1.0,4,"2018-01-11,2018-01-12,2018-01-13,2018-01-14",2243.48937300986,2.1385863360615547,0,True
fold_05,rolling_7d,exclude_outage_severe,decomp_ridge_calendar_daytype,10.0,4,"2018-01-11,2018-01-12,2018-01-13,2018-01-14",2375.115600018557,2.29291128356119,0,False
fold_05,rolling_7d,exclude_outage_severe,decomp_ridge_calendar_daytype,100.0,4,"2018-01-11,2018-01-12,2018-01-13,2018-01-14",2872.457787965719,2.61236105317928,0,False
fold_05,rolling_7d,exclude_outage_severe,decomp_ridge_calendar_daytype,1000.0,4,"2018-01-11,2018-01-12,2018-01-13,2018-01-14",3000.498214102945,2.6802362951189647,0,False
fold_05,rolling_7d,exclude_outage_severe,decomp_ridge_calendar_vessel_mean,0.1,4,"2018-01-11,2018-01-12,2018-01-13,2018-01-14",2043.5747358725248,2.0510906516782725,0,True
fold_05,rolling_7d,exclude_outage_severe,decomp_ridge_calendar_vessel_mean,1.0,4,"2018-01-11,2018-01-12,2018-01-13,2018-01-14",2102.768269069804,2.0656571276688944,0,False
fold_05,rolling_7d,exclude_outage_severe,decomp_ridge_calendar_vessel_mean,10.0,4,"2018-01-11,2018-01-12,2018-01-13,2018-01-14",2338.1651007014643,2.2794788005644104,0,False
fold_05,rolling_7d,exclude_outage_severe,decomp_ridge_calendar_vessel_mean,100.0,4,"2018-01-11,2018-01-12,2018-01-13,2018-01-14",2870.1796661493586,2.614120933577593,0,False
fold_05,rolling_7d,exclude_outage_severe,decomp_ridge_calendar_vessel_mean,1000.0,4,"2018-01-11,2018-01-12,2018-01-13,2018-01-14",2999.3566838322004,2.682289272941045,0,False
fold_05,rolling_7d,exclude_outage_severe,decomp_ridge_calendar_vessel_daytype,0.1,4,"2018-01-11,2018-01-12,2018-01-13,2018-01-14",2055.2391620735907,2.0577019176649753,0,True
fold_05,rolling_7d,exclude_outage_severe,decomp_ridge_calendar_vessel_daytype,1.0,4,"2018-01-11,2018-01-12,2018-01-13,2018-01-14",2112.9390345567685,2.0698788296248813,0,False
fold_05,rolling_7d,exclude_outage_severe,decomp_ridge_calendar_vessel_daytype,10.0,4,"2018-01-11,2018-01-12,2018-01-13,2018-01-14",2340.509625176922,2.276135514827873,0,False
fold_05,rolling_7d,exclude_outage_severe,decomp_ridge_calendar_vessel_daytype,100.0,4,"2018-01-11,2018-01-12,2018-01-13,2018-01-14",2870.9549934553415,2.6118865763058565,0,False
fold_05,rolling_7d,exclude_outage_severe,decomp_ridge_calendar_vessel_daytype,1000.0,4,"2018-01-11,2018-01-12,2018-01-13,2018-01-14",3000.4141054253387,2.680219491175164,0,False
fold_05,rolling_7d,exclude_outage_severe,decomp_poisson_calendar_mean,0.0001,4,"2018-01-11,2018-01-12,2018-01-13,2018-01-14",2335.684052294636,2.1810481398564097,0,False
fold_05,rolling_7d,exclude_outage_severe,decomp_poisson_calendar_mean,0.001,4,"2018-01-11,2018-01-12,2018-01-13,2018-01-14",2335.6386717487867,2.181021619068605,0,False
fold_05,rolling_7d,exclude_outage_severe,decomp_poisson_calendar_mean,0.01,4,"2018-01-11,2018-01-12,2018-01-13,2018-01-14",2335.1866905467646,2.18075736273594,0,False
fold_05,rolling_7d,exclude_outage_severe,decomp_poisson_calendar_mean,0.1,4,"2018-01-11,2018-01-12,2018-01-13,2018-01-14",2330.7871011329353,2.1781727438352614,0,False
fold_05,rolling_7d,exclude_outage_severe,decomp_poisson_calendar_mean,1.0,4,"2018-01-11,2018-01-12,2018-01-13,2018-01-14",2295.6864876781865,2.1620545152621724,0,True
fold_05,rolling_7d,exclude_outage_severe,decomp_poisson_calendar_daytype,0.0001,4,"2018-01-11,2018-01-12,2018-01-13,2018-01-14",2345.836134623891,2.1869582609219873,0,False
fold_05,rolling_7d,exclude_outage_severe,decomp_poisson_calendar_daytype,0.001,4,"2018-01-11,2018-01-12,2018-01-13,2018-01-14",2345.7899440801957,2.186931700036837,0,False
fold_05,rolling_7d,exclude_outage_severe,decomp_poisson_calendar_daytype,0.01,4,"2018-01-11,2018-01-12,2018-01-13,2018-01-14",2345.3298721915044,2.186666934112902,0,False
fold_05,rolling_7d,exclude_outage_severe,decomp_poisson_calendar_daytype,0.1,4,"2018-01-11,2018-01-12,2018-01-13,2018-01-14",2340.849280394823,2.1840692650221163,0,False
fold_05,rolling_7d,exclude_outage_severe,decomp_poisson_calendar_daytype,1.0,4,"2018-01-11,2018-01-12,2018-01-13,2018-01-14",2304.9548481128177,2.1663881421543403,0,True
fold_05,rolling_7d,exclude_outage_severe,decomp_poisson_calendar_vessel_mean,0.0001,4,"2018-01-11,2018-01-12,2018-01-13,2018-01-14",2085.1683300503855,2.0764525095097963,0,True
fold_05,rolling_7d,exclude_outage_severe,decomp_poisson_calendar_vessel_mean,0.001,4,"2018-01-11,2018-01-12,2018-01-13,2018-01-14",2085.196410312349,2.0764413483051194,0,False
fold_05,rolling_7d,exclude_outage_severe,decomp_poisson_calendar_vessel_mean,0.01,4,"2018-01-11,2018-01-12,2018-01-13,2018-01-14",2085.4784329778977,2.076331603944672,0,False
fold_05,rolling_7d,exclude_outage_severe,decomp_poisson_calendar_vessel_mean,0.1,4,"2018-01-11,2018-01-12,2018-01-13,2018-01-14",2088.381911836593,2.075425190313368,0,False
fold_05,rolling_7d,exclude_outage_severe,decomp_poisson_calendar_vessel_mean,1.0,4,"2018-01-11,2018-01-12,2018-01-13,2018-01-14",2113.5563107057596,2.077747703614052,0,False
fold_05,rolling_7d,exclude_outage_severe,decomp_poisson_calendar_vessel_daytype,0.0001,4,"2018-01-11,2018-01-12,2018-01-13,2018-01-14",2096.652428670478,2.080822871085896,0,True
fold_05,rolling_7d,exclude_outage_severe,decomp_poisson_calendar_vessel_daytype,0.001,4,"2018-01-11,2018-01-12,2018-01-13,2018-01-14",2096.68028513742,2.0808145918571093,0,False
fold_05,rolling_7d,exclude_outage_severe,decomp_poisson_calendar_vessel_daytype,0.01,4,"2018-01-11,2018-01-12,2018-01-13,2018-01-14",2096.9600214157863,2.080732568215577,0,False
fold_05,rolling_7d,exclude_outage_severe,decomp_poisson_calendar_vessel_daytype,0.1,4,"2018-01-11,2018-01-12,2018-01-13,2018-01-14",2099.8344580998228,2.080400740165896,0,False
fold_05,rolling_7d,exclude_outage_severe,decomp_poisson_calendar_vessel_daytype,1.0,4,"2018-01-11,2018-01-12,2018-01-13,2018-01-14",2124.3952526089884,2.08264279323516,0,False
fold_05,rolling_7d,quality_weighted,ridge_direct_calendar,0.1,4,"2018-01-11,2018-01-12,2018-01-13,2018-01-14",2444.732807745424,2.202965082705337,0,False
fold_05,rolling_7d,quality_weighted,ridge_direct_calendar,1.0,4,"2018-01-11,2018-01-12,2018-01-13,2018-01-14",2366.396452058896,2.1725904391167585,0,False
fold_05,rolling_7d,quality_weighted,ridge_direct_calendar,10.0,4,"2018-01-11,2018-01-12,2018-01-13,2018-01-14",2225.537065409286,2.1691779258501764,0,True
fold_05,rolling_7d,quality_weighted,ridge_direct_calendar,100.0,4,"2018-01-11,2018-01-12,2018-01-13,2018-01-14",2534.3143348780154,2.458489399380294,0,False
fold_05,rolling_7d,quality_weighted,ridge_direct_calendar,1000.0,4,"2018-01-11,2018-01-12,2018-01-13,2018-01-14",2965.2121291055805,2.740627575003943,0,False
fold_05,rolling_7d,quality_weighted,ridge_direct_calendar_vessel,0.1,4,"2018-01-11,2018-01-12,2018-01-13,2018-01-14",2194.3972580820705,2.097001538500616,0,False
fold_05,rolling_7d,quality_weighted,ridge_direct_calendar_vessel,1.0,4,"2018-01-11,2018-01-12,2018-01-13,2018-01-14",2193.3913279743833,2.0845039361258717,0,True
fold_05,rolling_7d,quality_weighted,ridge_direct_calendar_vessel,10.0,4,"2018-01-11,2018-01-12,2018-01-13,2018-01-14",2270.6292461975854,2.157559853066354,0,False
fold_05,rolling_7d,quality_weighted,ridge_direct_calendar_vessel,100.0,4,"2018-01-11,2018-01-12,2018-01-13,2018-01-14",2470.9721288002097,2.4143641892757746,0,False
fold_05,rolling_7d,quality_weighted,ridge_direct_calendar_vessel,1000.0,4,"2018-01-11,2018-01-12,2018-01-13,2018-01-14",2959.3006503573156,2.737349028584342,0,False
fold_05,rolling_7d,quality_weighted,poisson_direct_calendar,0.0001,4,"2018-01-11,2018-01-12,2018-01-13,2018-01-14",2350.6483786300405,2.194836821935285,0,False
fold_05,rolling_7d,quality_weighted,poisson_direct_calendar,0.001,4,"2018-01-11,2018-01-12,2018-01-13,2018-01-14",2345.378047004919,2.191066455938752,0,False
fold_05,rolling_7d,quality_weighted,poisson_direct_calendar,0.01,4,"2018-01-11,2018-01-12,2018-01-13,2018-01-14",2261.959212122236,2.1658111319809814,0,False
fold_05,rolling_7d,quality_weighted,poisson_direct_calendar,0.1,4,"2018-01-11,2018-01-12,2018-01-13,2018-01-14",2259.1547546169872,2.24365302651694,0,True
fold_05,rolling_7d,quality_weighted,poisson_direct_calendar,1.0,4,"2018-01-11,2018-01-12,2018-01-13,2018-01-14",2670.2332187263273,2.549992602724249,0,False
fold_05,rolling_7d,quality_weighted,poisson_direct_calendar_vessel,0.0001,4,"2018-01-11,2018-01-12,2018-01-13,2018-01-14",2091.5512647509263,2.084022221154151,0,True
fold_05,rolling_7d,quality_weighted,poisson_direct_calendar_vessel,0.001,4,"2018-01-11,2018-01-12,2018-01-13,2018-01-14",2107.5916083814805,2.0862813136732448,0,False
fold_05,rolling_7d,quality_weighted,poisson_direct_calendar_vessel,0.01,4,"2018-01-11,2018-01-12,2018-01-13,2018-01-14",2144.4439701543247,2.103207188120034,0,False
fold_05,rolling_7d,quality_weighted,poisson_direct_calendar_vessel,0.1,4,"2018-01-11,2018-01-12,2018-01-13,2018-01-14",2290.1452398202878,2.229058574656394,0,False
fold_05,rolling_7d,quality_weighted,poisson_direct_calendar_vessel,1.0,4,"2018-01-11,2018-01-12,2018-01-13,2018-01-14",2633.7132638686367,2.5262177770394314,0,False
fold_05,rolling_7d,quality_weighted,decomp_ridge_calendar_mean,0.1,4,"2018-01-11,2018-01-12,2018-01-13,2018-01-14",2320.9169255103106,2.177965101934107,0,False
fold_05,rolling_7d,quality_weighted,decomp_ridge_calendar_mean,1.0,4,"2018-01-11,2018-01-12,2018-01-13,2018-01-14",2257.566956502284,2.1523232972285333,0,True
fold_05,rolling_7d,quality_weighted,decomp_ridge_calendar_mean,10.0,4,"2018-01-11,2018-01-12,2018-01-13,2018-01-14",2410.4309116915474,2.3117318644715996,0,False
fold_05,rolling_7d,quality_weighted,decomp_ridge_calendar_mean,100.0,4,"2018-01-11,2018-01-12,2018-01-13,2018-01-14",2906.9904980357433,2.627841944811153,0,False
fold_05,rolling_7d,quality_weighted,decomp_ridge_calendar_mean,1000.0,4,"2018-01-11,2018-01-12,2018-01-13,2018-01-14",3031.6967002078613,2.6941520987204197,0,False
fold_05,rolling_7d,quality_weighted,decomp_ridge_calendar_daytype,0.1,4,"2018-01-11,2018-01-12,2018-01-13,2018-01-14",2331.300765093989,2.1835669454461666,0,False
fold_05,rolling_7d,quality_weighted,decomp_ridge_calendar_daytype,1.0,4,"2018-01-11,2018-01-12,2018-01-13,2018-01-14",2266.3270480616457,2.1538044115350417,0,True
fold_05,rolling_7d,quality_weighted,decomp_ridge_calendar_daytype,10.0,4,"2018-01-11,2018-01-12,2018-01-13,2018-01-14",2413.6898695957125,2.314049907555415,0,False
fold_05,rolling_7d,quality_weighted,decomp_ridge_calendar_daytype,100.0,4,"2018-01-11,2018-01-12,2018-01-13,2018-01-14",2910.5939282958843,2.6277695342624585,0,False
fold_05,rolling_7d,quality_weighted,decomp_ridge_calendar_daytype,1000.0,4,"2018-01-11,2018-01-12,2018-01-13,2018-01-14",3035.951892317335,2.6940302320857126,0,False
fold_05,rolling_7d,quality_weighted,decomp_ridge_calendar_vessel_mean,0.1,4,"2018-01-11,2018-01-12,2018-01-13,2018-01-14",2052.3934868433257,2.058801706978107,0,True
fold_05,rolling_7d,quality_weighted,decomp_ridge_calendar_vessel_mean,1.0,4,"2018-01-11,2018-01-12,2018-01-13,2018-01-14",2117.9768206590697,2.0787577947675695,0,False
fold_05,rolling_7d,quality_weighted,decomp_ridge_calendar_vessel_mean,10.0,4,"2018-01-11,2018-01-12,2018-01-13,2018-01-14",2371.061001256823,2.2942947279235337,0,False
fold_05,rolling_7d,quality_weighted,decomp_ridge_calendar_vessel_mean,100.0,4,"2018-01-11,2018-01-12,2018-01-13,2018-01-14",2904.457916041156,2.6269652137089694,0,False
fold_05,rolling_7d,quality_weighted,decomp_ridge_calendar_vessel_mean,1000.0,4,"2018-01-11,2018-01-12,2018-01-13,2018-01-14",3031.4952623885792,2.694090566966289,0,False
fold_05,rolling_7d,quality_weighted,decomp_ridge_calendar_vessel_daytype,0.1,4,"2018-01-11,2018-01-12,2018-01-13,2018-01-14",2065.006270833503,2.066109232541313,0,True
fold_05,rolling_7d,quality_weighted,decomp_ridge_calendar_vessel_daytype,1.0,4,"2018-01-11,2018-01-12,2018-01-13,2018-01-14",2128.859221273334,2.0827966859407434,0,False
fold_05,rolling_7d,quality_weighted,decomp_ridge_calendar_vessel_daytype,10.0,4,"2018-01-11,2018-01-12,2018-01-13,2018-01-14",2374.972026683121,2.294573211556561,0,False
fold_05,rolling_7d,quality_weighted,decomp_ridge_calendar_vessel_daytype,100.0,4,"2018-01-11,2018-01-12,2018-01-13,2018-01-14",2908.1646498435366,2.6269677902697537,0,False
fold_05,rolling_7d,quality_weighted,decomp_ridge_calendar_vessel_daytype,1000.0,4,"2018-01-11,2018-01-12,2018-01-13,2018-01-14",3035.761734650883,2.693975433300546,0,False
fold_05,rolling_7d,quality_weighted,decomp_poisson_calendar_mean,0.0001,4,"2018-01-11,2018-01-12,2018-01-13,2018-01-14",2359.1365437389945,2.195685236986109,0,False
fold_05,rolling_7d,quality_weighted,decomp_poisson_calendar_mean,0.001,4,"2018-01-11,2018-01-12,2018-01-13,2018-01-14",2359.09157280165,2.19565889161054,0,False
fold_05,rolling_7d,quality_weighted,decomp_poisson_calendar_mean,0.01,4,"2018-01-11,2018-01-12,2018-01-13,2018-01-14",2358.6435808819238,2.195396295165077,0,False
fold_05,rolling_7d,quality_weighted,decomp_poisson_calendar_mean,0.1,4,"2018-01-11,2018-01-12,2018-01-13,2018-01-14",2354.289331378187,2.1928234868368617,0,False
fold_05,rolling_7d,quality_weighted,decomp_poisson_calendar_mean,1.0,4,"2018-01-11,2018-01-12,2018-01-13,2018-01-14",2319.8364900071765,2.176966145527302,0,True
fold_05,rolling_7d,quality_weighted,decomp_poisson_calendar_daytype,0.0001,4,"2018-01-11,2018-01-12,2018-01-13,2018-01-14",2369.8545038123148,2.2012467729815506,0,False
fold_05,rolling_7d,quality_weighted,decomp_poisson_calendar_daytype,0.001,4,"2018-01-11,2018-01-12,2018-01-13,2018-01-14",2369.8087177671878,2.201220767514508,0,False
fold_05,rolling_7d,quality_weighted,decomp_poisson_calendar_daytype,0.01,4,"2018-01-11,2018-01-12,2018-01-13,2018-01-14",2369.352585794109,2.200961509882072,0,False
fold_05,rolling_7d,quality_weighted,decomp_poisson_calendar_daytype,0.1,4,"2018-01-11,2018-01-12,2018-01-13,2018-01-14",2364.9171707095607,2.198418631335682,0,False
fold_05,rolling_7d,quality_weighted,decomp_poisson_calendar_daytype,1.0,4,"2018-01-11,2018-01-12,2018-01-13,2018-01-14",2329.6892852276933,2.1813739066847617,0,True
fold_05,rolling_7d,quality_weighted,decomp_poisson_calendar_vessel_mean,0.0001,4,"2018-01-11,2018-01-12,2018-01-13,2018-01-14",2095.5863149533243,2.0852202019988177,0,True
fold_05,rolling_7d,quality_weighted,decomp_poisson_calendar_vessel_mean,0.001,4,"2018-01-11,2018-01-12,2018-01-13,2018-01-14",2095.617075167277,2.085211738521924,0,False
fold_05,rolling_7d,quality_weighted,decomp_poisson_calendar_vessel_mean,0.01,4,"2018-01-11,2018-01-12,2018-01-13,2018-01-14",2095.9257358254436,2.0851290799398736,0,False
fold_05,rolling_7d,quality_weighted,decomp_poisson_calendar_vessel_mean,0.1,4,"2018-01-11,2018-01-12,2018-01-13,2018-01-14",2099.078131128878,2.0844747932281362,0,False
fold_05,rolling_7d,quality_weighted,decomp_poisson_calendar_vessel_mean,1.0,4,"2018-01-11,2018-01-12,2018-01-13,2018-01-14",2126.274169124284,2.0883904928415475,0,False
fold_05,rolling_7d,quality_weighted,decomp_poisson_calendar_vessel_daytype,0.0001,4,"2018-01-11,2018-01-12,2018-01-13,2018-01-14",2108.0093382944715,2.089867311504851,0,True
fold_05,rolling_7d,quality_weighted,decomp_poisson_calendar_vessel_daytype,0.001,4,"2018-01-11,2018-01-12,2018-01-13,2018-01-14",2108.039637356127,2.0898613876892855,0,False
fold_05,rolling_7d,quality_weighted,decomp_poisson_calendar_vessel_daytype,0.01,4,"2018-01-11,2018-01-12,2018-01-13,2018-01-14",2108.3436409491305,2.0898031025827257,0,False
fold_05,rolling_7d,quality_weighted,decomp_poisson_calendar_vessel_daytype,0.1,4,"2018-01-11,2018-01-12,2018-01-13,2018-01-14",2111.4454752751253,2.0896666978331777,0,False
fold_05,rolling_7d,quality_weighted,decomp_poisson_calendar_vessel_daytype,1.0,4,"2018-01-11,2018-01-12,2018-01-13,2018-01-14",2137.9307639836193,2.0932589697739132,0,False
fold_06,rolling_7d,all,ridge_direct_calendar,0.1,4,"2018-01-12,2018-01-13,2018-01-14,2018-01-15",2101.8314949669702,2.0123506749596602,0,False
fold_06,rolling_7d,all,ridge_direct_calendar,1.0,4,"2018-01-12,2018-01-13,2018-01-14,2018-01-15",2043.0430344666813,2.0056685395265097,0,False
fold_06,rolling_7d,all,ridge_direct_calendar,10.0,4,"2018-01-12,2018-01-13,2018-01-14,2018-01-15",1966.9062588008508,2.093098883631046,0,True
fold_06,rolling_7d,all,ridge_direct_calendar,100.0,4,"2018-01-12,2018-01-13,2018-01-14,2018-01-15",2334.9632505502236,2.3968124637307318,0,False
fold_06,rolling_7d,all,ridge_direct_calendar,1000.0,4,"2018-01-12,2018-01-13,2018-01-14,2018-01-15",2847.771222027364,2.7512648163142197,0,False
fold_06,rolling_7d,all,ridge_direct_calendar_vessel,0.1,4,"2018-01-12,2018-01-13,2018-01-14,2018-01-15",1826.6955302639608,1.8545404538328387,0,False
fold_06,rolling_7d,all,ridge_direct_calendar_vessel,1.0,4,"2018-01-12,2018-01-13,2018-01-14,2018-01-15",1824.8090173789587,1.8577335142681346,0,True
fold_06,rolling_7d,all,ridge_direct_calendar_vessel,10.0,4,"2018-01-12,2018-01-13,2018-01-14,2018-01-15",1910.8533436769833,1.9887072627163096,0,False
fold_06,rolling_7d,all,ridge_direct_calendar_vessel,100.0,4,"2018-01-12,2018-01-13,2018-01-14,2018-01-15",2250.0840904202346,2.2911219554137805,0,False
fold_06,rolling_7d,all,ridge_direct_calendar_vessel,1000.0,4,"2018-01-12,2018-01-13,2018-01-14,2018-01-15",2813.0013559097138,2.7293266818359236,0,False
fold_06,rolling_7d,all,poisson_direct_calendar,0.0001,4,"2018-01-12,2018-01-13,2018-01-14,2018-01-15",2009.6819940343062,2.027714419432196,0,False
fold_06,rolling_7d,all,poisson_direct_calendar,0.001,4,"2018-01-12,2018-01-13,2018-01-14,2018-01-15",2004.3914479962095,2.02814157223225,0,False
fold_06,rolling_7d,all,poisson_direct_calendar,0.01,4,"2018-01-12,2018-01-13,2018-01-14,2018-01-15",1960.4123760073087,2.0525855358404943,0,True
fold_06,rolling_7d,all,poisson_direct_calendar,0.1,4,"2018-01-12,2018-01-13,2018-01-14,2018-01-15",2065.02818286415,2.2331102505496268,0,False
fold_06,rolling_7d,all,poisson_direct_calendar,1.0,4,"2018-01-12,2018-01-13,2018-01-14,2018-01-15",2514.0098759542434,2.5386044702443877,0,False
fold_06,rolling_7d,all,poisson_direct_calendar_vessel,0.0001,4,"2018-01-12,2018-01-13,2018-01-14,2018-01-15",1712.481818240802,1.8816961159256291,0,True
fold_06,rolling_7d,all,poisson_direct_calendar_vessel,0.001,4,"2018-01-12,2018-01-13,2018-01-14,2018-01-15",1724.8363301913882,1.8862444595465329,0,False
fold_06,rolling_7d,all,poisson_direct_calendar_vessel,0.01,4,"2018-01-12,2018-01-13,2018-01-14,2018-01-15",1763.885187189653,1.9341586645830549,0,False
fold_06,rolling_7d,all,poisson_direct_calendar_vessel,0.1,4,"2018-01-12,2018-01-13,2018-01-14,2018-01-15",1971.837345690371,2.1360554544424963,0,False
fold_06,rolling_7d,all,poisson_direct_calendar_vessel,1.0,4,"2018-01-12,2018-01-13,2018-01-14,2018-01-15",2445.656798319334,2.4843657606693177,0,False
fold_06,rolling_7d,all,decomp_ridge_calendar_mean,0.1,4,"2018-01-12,2018-01-13,2018-01-14,2018-01-15",1952.916219064514,2.0035006946720717,0,True
fold_06,rolling_7d,all,decomp_ridge_calendar_mean,1.0,4,"2018-01-12,2018-01-13,2018-01-14,2018-01-15",1965.7102810428128,2.035516839723305,0,False
fold_06,rolling_7d,all,decomp_ridge_calendar_mean,10.0,4,"2018-01-12,2018-01-13,2018-01-14,2018-01-15",2301.6767213522444,2.310570834350445,0,False
fold_06,rolling_7d,all,decomp_ridge_calendar_mean,100.0,4,"2018-01-12,2018-01-13,2018-01-14,2018-01-15",2981.792223875584,2.7141717382401556,0,False
fold_06,rolling_7d,all,decomp_ridge_calendar_mean,1000.0,4,"2018-01-12,2018-01-13,2018-01-14,2018-01-15",3165.7645370700234,2.8041790995359834,0,False
fold_06,rolling_7d,all,decomp_ridge_calendar_daytype,0.1,4,"2018-01-12,2018-01-13,2018-01-14,2018-01-15",1960.6366802010316,2.0014514164174253,0,True
fold_06,rolling_7d,all,decomp_ridge_calendar_daytype,1.0,4,"2018-01-12,2018-01-13,2018-01-14,2018-01-15",1972.8367423668742,2.025498400413365,0,False
fold_06,rolling_7d,all,decomp_ridge_calendar_daytype,10.0,4,"2018-01-12,2018-01-13,2018-01-14,2018-01-15",2303.3919343392163,2.3104380925785537,0,False
fold_06,rolling_7d,all,decomp_ridge_calendar_daytype,100.0,4,"2018-01-12,2018-01-13,2018-01-14,2018-01-15",2981.569042189958,2.709521367044784,0,False
fold_06,rolling_7d,all,decomp_ridge_calendar_daytype,1000.0,4,"2018-01-12,2018-01-13,2018-01-14,2018-01-15",3165.5748203607095,2.801664522987626,0,False
fold_06,rolling_7d,all,decomp_ridge_calendar_vessel_mean,0.1,4,"2018-01-12,2018-01-13,2018-01-14,2018-01-15",1686.5672800933035,1.8518220264973122,0,True
fold_06,rolling_7d,all,decomp_ridge_calendar_vessel_mean,1.0,4,"2018-01-12,2018-01-13,2018-01-14,2018-01-15",1794.257425465868,1.9127617509524824,0,False
fold_06,rolling_7d,all,decomp_ridge_calendar_vessel_mean,10.0,4,"2018-01-12,2018-01-13,2018-01-14,2018-01-15",2207.5335147667897,2.2485866785295636,0,False
fold_06,rolling_7d,all,decomp_ridge_calendar_vessel_mean,100.0,4,"2018-01-12,2018-01-13,2018-01-14,2018-01-15",2959.7070430137146,2.7031814350904853,0,False
fold_06,rolling_7d,all,decomp_ridge_calendar_vessel_mean,1000.0,4,"2018-01-12,2018-01-13,2018-01-14,2018-01-15",3163.2399741959243,2.8030729322286256,0,False
fold_06,rolling_7d,all,decomp_ridge_calendar_vessel_daytype,0.1,4,"2018-01-12,2018-01-13,2018-01-14,2018-01-15",1701.6897459825998,1.8513778464593926,0,True
fold_06,rolling_7d,all,decomp_ridge_calendar_vessel_daytype,1.0,4,"2018-01-12,2018-01-13,2018-01-14,2018-01-15",1808.2586570890985,1.9132942445812684,0,False
fold_06,rolling_7d,all,decomp_ridge_calendar_vessel_daytype,10.0,4,"2018-01-12,2018-01-13,2018-01-14,2018-01-15",2213.101718049746,2.2488340370851123,0,False
fold_06,rolling_7d,all,decomp_ridge_calendar_vessel_daytype,100.0,4,"2018-01-12,2018-01-13,2018-01-14,2018-01-15",2960.2060335033043,2.6973819609411303,0,False
fold_06,rolling_7d,all,decomp_ridge_calendar_vessel_daytype,1000.0,4,"2018-01-12,2018-01-13,2018-01-14,2018-01-15",3163.128433198514,2.8003576699675263,0,False
fold_06,rolling_7d,all,decomp_poisson_calendar_mean,0.0001,4,"2018-01-12,2018-01-13,2018-01-14,2018-01-15",2044.13431700602,2.045112243430808,0,False
fold_06,rolling_7d,all,decomp_poisson_calendar_mean,0.001,4,"2018-01-12,2018-01-13,2018-01-14,2018-01-15",2044.1155284483466,2.045110926507311,0,False
fold_06,rolling_7d,all,decomp_poisson_calendar_mean,0.01,4,"2018-01-12,2018-01-13,2018-01-14,2018-01-15",2043.9299419956687,2.045098081277766,0,False
fold_06,rolling_7d,all,decomp_poisson_calendar_mean,0.1,4,"2018-01-12,2018-01-13,2018-01-14,2018-01-15",2042.1643364821946,2.0449618255306947,0,False
fold_06,rolling_7d,all,decomp_poisson_calendar_mean,1.0,4,"2018-01-12,2018-01-13,2018-01-14,2018-01-15",2031.2968719639919,2.0529860130183164,0,True
fold_06,rolling_7d,all,decomp_poisson_calendar_daytype,0.0001,4,"2018-01-12,2018-01-13,2018-01-14,2018-01-15",2050.9670272300405,2.0465174099999577,0,False
fold_06,rolling_7d,all,decomp_poisson_calendar_daytype,0.001,4,"2018-01-12,2018-01-13,2018-01-14,2018-01-15",2050.9482086256576,2.046518943300965,0,False
fold_06,rolling_7d,all,decomp_poisson_calendar_daytype,0.01,4,"2018-01-12,2018-01-13,2018-01-14,2018-01-15",2050.7622244335394,2.0465343140355357,0,False
fold_06,rolling_7d,all,decomp_poisson_calendar_daytype,0.1,4,"2018-01-12,2018-01-13,2018-01-14,2018-01-15",2048.990699236926,2.0466622579149663,0,False
fold_06,rolling_7d,all,decomp_poisson_calendar_daytype,1.0,4,"2018-01-12,2018-01-13,2018-01-14,2018-01-15",2037.9316881197888,2.0494407425689296,0,True
fold_06,rolling_7d,all,decomp_poisson_calendar_vessel_mean,0.0001,4,"2018-01-12,2018-01-13,2018-01-14,2018-01-15",1735.3424848148745,1.8949638013363288,0,True
fold_06,rolling_7d,all,decomp_poisson_calendar_vessel_mean,0.001,4,"2018-01-12,2018-01-13,2018-01-14,2018-01-15",1735.3885071945565,1.8949760700939093,0,False
fold_06,rolling_7d,all,decomp_poisson_calendar_vessel_mean,0.01,4,"2018-01-12,2018-01-13,2018-01-14,2018-01-15",1735.8486944079968,1.895099495869138,0,False
fold_06,rolling_7d,all,decomp_poisson_calendar_vessel_mean,0.1,4,"2018-01-12,2018-01-13,2018-01-14,2018-01-15",1740.4296234740605,1.8964224997890138,0,False
fold_06,rolling_7d,all,decomp_poisson_calendar_vessel_mean,1.0,4,"2018-01-12,2018-01-13,2018-01-14,2018-01-15",1780.7668455589433,1.9180036431663408,0,False
fold_06,rolling_7d,all,decomp_poisson_calendar_vessel_daytype,0.0001,4,"2018-01-12,2018-01-13,2018-01-14,2018-01-15",1747.0579503301915,1.892665955043447,0,True
fold_06,rolling_7d,all,decomp_poisson_calendar_vessel_daytype,0.001,4,"2018-01-12,2018-01-13,2018-01-14,2018-01-15",1747.1035098846437,1.8926835122046757,0,False
fold_06,rolling_7d,all,decomp_poisson_calendar_vessel_daytype,0.01,4,"2018-01-12,2018-01-13,2018-01-14,2018-01-15",1747.5590634973657,1.8928591822893448,0,False
fold_06,rolling_7d,all,decomp_poisson_calendar_vessel_daytype,0.1,4,"2018-01-12,2018-01-13,2018-01-14,2018-01-15",1752.0935296478356,1.8950669909409212,0,False
fold_06,rolling_7d,all,decomp_poisson_calendar_vessel_daytype,1.0,4,"2018-01-12,2018-01-13,2018-01-14,2018-01-15",1791.9220236104577,1.9174015664081838,0,False
fold_06,rolling_7d,exclude_outage_severe,ridge_direct_calendar,0.1,4,"2018-01-12,2018-01-13,2018-01-14,2018-01-15",2475.749847154265,2.1690933726596535,0,False
fold_06,rolling_7d,exclude_outage_severe,ridge_direct_calendar,1.0,4,"2018-01-12,2018-01-13,2018-01-14,2018-01-15",2398.904610797986,2.1581396724842157,0,False
fold_06,rolling_7d,exclude_outage_severe,ridge_direct_calendar,10.0,4,"2018-01-12,2018-01-13,2018-01-14,2018-01-15",2208.17186854229,2.2104394992397283,0,True
fold_06,rolling_7d,exclude_outage_severe,ridge_direct_calendar,100.0,4,"2018-01-12,2018-01-13,2018-01-14,2018-01-15",2482.0931240544223,2.512607026795691,0,False
fold_06,rolling_7d,exclude_outage_severe,ridge_direct_calendar,1000.0,4,"2018-01-12,2018-01-13,2018-01-14,2018-01-15",3053.0704334189495,2.8551024128147424,0,False
fold_06,rolling_7d,exclude_outage_severe,ridge_direct_calendar_vessel,0.1,4,"2018-01-12,2018-01-13,2018-01-14,2018-01-15",2150.4369133054,2.036819190465852,0,True
fold_06,rolling_7d,exclude_outage_severe,ridge_direct_calendar_vessel,1.0,4,"2018-01-12,2018-01-13,2018-01-14,2018-01-15",2160.244430965324,2.0284423294289615,0,False
fold_06,rolling_7d,exclude_outage_severe,ridge_direct_calendar_vessel,10.0,4,"2018-01-12,2018-01-13,2018-01-14,2018-01-15",2208.1176428665613,2.133920370635311,0,False
fold_06,rolling_7d,exclude_outage_severe,ridge_direct_calendar_vessel,100.0,4,"2018-01-12,2018-01-13,2018-01-14,2018-01-15",2358.9452610144676,2.4320648472800976,0,False
fold_06,rolling_7d,exclude_outage_severe,ridge_direct_calendar_vessel,1000.0,4,"2018-01-12,2018-01-13,2018-01-14,2018-01-15",3042.043634108575,2.849679827724598,0,False
fold_06,rolling_7d,exclude_outage_severe,poisson_direct_calendar,0.0001,4,"2018-01-12,2018-01-13,2018-01-14,2018-01-15",2380.957569649142,2.1873653976528757,0,False
fold_06,rolling_7d,exclude_outage_severe,poisson_direct_calendar,0.001,4,"2018-01-12,2018-01-13,2018-01-14,2018-01-15",2370.755991030843,2.1858836239309203,0,False
fold_06,rolling_7d,exclude_outage_severe,poisson_direct_calendar,0.01,4,"2018-01-12,2018-01-13,2018-01-14,2018-01-15",2291.9673996523225,2.190442118391172,0,False
fold_06,rolling_7d,exclude_outage_severe,poisson_direct_calendar,0.1,4,"2018-01-12,2018-01-13,2018-01-14,2018-01-15",2249.7300741631752,2.322751211554118,0,True
fold_06,rolling_7d,exclude_outage_severe,poisson_direct_calendar,1.0,4,"2018-01-12,2018-01-13,2018-01-14,2018-01-15",2677.5533678028482,2.6384057803347947,0,False
fold_06,rolling_7d,exclude_outage_severe,poisson_direct_calendar_vessel,0.0001,4,"2018-01-12,2018-01-13,2018-01-14,2018-01-15",2056.8654415260826,2.0530258945521185,0,True
fold_06,rolling_7d,exclude_outage_severe,poisson_direct_calendar_vessel,0.001,4,"2018-01-12,2018-01-13,2018-01-14,2018-01-15",2072.682483749599,2.056110781550715,0,False
fold_06,rolling_7d,exclude_outage_severe,poisson_direct_calendar_vessel,0.01,4,"2018-01-12,2018-01-13,2018-01-14,2018-01-15",2131.0373989712375,2.096956075553493,0,False
fold_06,rolling_7d,exclude_outage_severe,poisson_direct_calendar_vessel,0.1,4,"2018-01-12,2018-01-13,2018-01-14,2018-01-15",2242.7706391008314,2.267572996549131,0,False
fold_06,rolling_7d,exclude_outage_severe,poisson_direct_calendar_vessel,1.0,4,"2018-01-12,2018-01-13,2018-01-14,2018-01-15",2614.691849217784,2.602894686187833,0,False
fold_06,rolling_7d,exclude_outage_severe,decomp_ridge_calendar_mean,0.1,4,"2018-01-12,2018-01-13,2018-01-14,2018-01-15",2331.939311916814,2.159185560697832,0,False
fold_06,rolling_7d,exclude_outage_severe,decomp_ridge_calendar_mean,1.0,4,"2018-01-12,2018-01-13,2018-01-14,2018-01-15",2288.7937961473754,2.169828881653699,0,True
fold_06,rolling_7d,exclude_outage_severe,decomp_ridge_calendar_mean,10.0,4,"2018-01-12,2018-01-13,2018-01-14,2018-01-15",2526.4908472314437,2.426000213986246,0,False
fold_06,rolling_7d,exclude_outage_severe,decomp_ridge_calendar_mean,100.0,4,"2018-01-12,2018-01-13,2018-01-14,2018-01-15",3178.292365230169,2.8094387445839835,0,False
fold_06,rolling_7d,exclude_outage_severe,decomp_ridge_calendar_mean,1000.0,4,"2018-01-12,2018-01-13,2018-01-14,2018-01-15",3343.5707111696643,2.890105215579741,0,False
fold_06,rolling_7d,exclude_outage_severe,decomp_ridge_calendar_daytype,0.1,4,"2018-01-12,2018-01-13,2018-01-14,2018-01-15",2338.824607522575,2.1698482992084305,0,False
fold_06,rolling_7d,exclude_outage_severe,decomp_ridge_calendar_daytype,1.0,4,"2018-01-12,2018-01-13,2018-01-14,2018-01-15",2294.6910629193076,2.177323685846485,0,True
fold_06,rolling_7d,exclude_outage_severe,decomp_ridge_calendar_daytype,10.0,4,"2018-01-12,2018-01-13,2018-01-14,2018-01-15",2528.0869205965564,2.427604703903459,0,False
fold_06,rolling_7d,exclude_outage_severe,decomp_ridge_calendar_daytype,100.0,4,"2018-01-12,2018-01-13,2018-01-14,2018-01-15",3180.318208148218,2.813171237891054,0,False
fold_06,rolling_7d,exclude_outage_severe,decomp_ridge_calendar_daytype,1000.0,4,"2018-01-12,2018-01-13,2018-01-14,2018-01-15",3346.2061717737215,2.8941247792362677,0,False
fold_06,rolling_7d,exclude_outage_severe,decomp_ridge_calendar_vessel_mean,0.1,4,"2018-01-12,2018-01-13,2018-01-14,2018-01-15",1985.324036966563,2.010528896609196,0,True
fold_06,rolling_7d,exclude_outage_severe,decomp_ridge_calendar_vessel_mean,1.0,4,"2018-01-12,2018-01-13,2018-01-14,2018-01-15",2080.0095602631045,2.0555435365804837,0,False
fold_06,rolling_7d,exclude_outage_severe,decomp_ridge_calendar_vessel_mean,10.0,4,"2018-01-12,2018-01-13,2018-01-14,2018-01-15",2452.5444040568473,2.3870439134256887,0,False
fold_06,rolling_7d,exclude_outage_severe,decomp_ridge_calendar_vessel_mean,100.0,4,"2018-01-12,2018-01-13,2018-01-14,2018-01-15",3174.51009253482,2.8077155352699403,0,False
fold_06,rolling_7d,exclude_outage_severe,decomp_ridge_calendar_vessel_mean,1000.0,4,"2018-01-12,2018-01-13,2018-01-14,2018-01-15",3343.399806388301,2.890004053743863,0,False
fold_06,rolling_7d,exclude_outage_severe,decomp_ridge_calendar_vessel_daytype,0.1,4,"2018-01-12,2018-01-13,2018-01-14,2018-01-15",1994.4443399164688,2.0207122641372806,0,True
fold_06,rolling_7d,exclude_outage_severe,decomp_ridge_calendar_vessel_daytype,1.0,4,"2018-01-12,2018-01-13,2018-01-14,2018-01-15",2087.747393662125,2.0628041334955096,0,False
fold_06,rolling_7d,exclude_outage_severe,decomp_ridge_calendar_vessel_daytype,10.0,4,"2018-01-12,2018-01-13,2018-01-14,2018-01-15",2454.5578202676907,2.3900864775755966,0,False
fold_06,rolling_7d,exclude_outage_severe,decomp_ridge_calendar_vessel_daytype,100.0,4,"2018-01-12,2018-01-13,2018-01-14,2018-01-15",3176.589723160974,2.8111902395734174,0,False
fold_06,rolling_7d,exclude_outage_severe,decomp_ridge_calendar_vessel_daytype,1000.0,4,"2018-01-12,2018-01-13,2018-01-14,2018-01-15",3346.040829583471,2.8940193211609504,0,False
fold_06,rolling_7d,exclude_outage_severe,decomp_poisson_calendar_mean,0.0001,4,"2018-01-12,2018-01-13,2018-01-14,2018-01-15",2400.2087254469507,2.190429931027548,0,False
fold_06,rolling_7d,exclude_outage_severe,decomp_poisson_calendar_mean,0.001,4,"2018-01-12,2018-01-13,2018-01-14,2018-01-15",2400.175089418202,2.190422658887155,0,False
fold_06,rolling_7d,exclude_outage_severe,decomp_poisson_calendar_mean,0.01,4,"2018-01-12,2018-01-13,2018-01-14,2018-01-15",2399.839355280803,2.190350016002647,0,False
fold_06,rolling_7d,exclude_outage_severe,decomp_poisson_calendar_mean,0.1,4,"2018-01-12,2018-01-13,2018-01-14,2018-01-15",2396.5492795433915,2.1896343592478735,0,False
fold_06,rolling_7d,exclude_outage_severe,decomp_poisson_calendar_mean,1.0,4,"2018-01-12,2018-01-13,2018-01-14,2018-01-15",2369.2750919336645,2.18946311079095,0,True
fold_06,rolling_7d,exclude_outage_severe,decomp_poisson_calendar_daytype,0.0001,4,"2018-01-12,2018-01-13,2018-01-14,2018-01-15",2407.3106337702784,2.2036363126315313,0,False
fold_06,rolling_7d,exclude_outage_severe,decomp_poisson_calendar_daytype,0.001,4,"2018-01-12,2018-01-13,2018-01-14,2018-01-15",2407.276527597627,2.2036304464173453,0,False
fold_06,rolling_7d,exclude_outage_severe,decomp_poisson_calendar_daytype,0.01,4,"2018-01-12,2018-01-13,2018-01-14,2018-01-15",2406.93608653709,2.2035717381798734,0,False
fold_06,rolling_7d,exclude_outage_severe,decomp_poisson_calendar_daytype,0.1,4,"2018-01-12,2018-01-13,2018-01-14,2018-01-15",2403.5983836947994,2.202983978277856,0,False
fold_06,rolling_7d,exclude_outage_severe,decomp_poisson_calendar_daytype,1.0,4,"2018-01-12,2018-01-13,2018-01-14,2018-01-15",2375.824593609149,2.199675771685002,0,True
fold_06,rolling_7d,exclude_outage_severe,decomp_poisson_calendar_vessel_mean,0.0001,4,"2018-01-12,2018-01-13,2018-01-14,2018-01-15",2070.0853992202556,2.058434743511561,0,True
fold_06,rolling_7d,exclude_outage_severe,decomp_poisson_calendar_vessel_mean,0.001,4,"2018-01-12,2018-01-13,2018-01-14,2018-01-15",2070.128885812786,2.058430258438529,0,False
fold_06,rolling_7d,exclude_outage_severe,decomp_poisson_calendar_vessel_mean,0.01,4,"2018-01-12,2018-01-13,2018-01-14,2018-01-15",2070.566340702831,2.0583890718585636,0,False
fold_06,rolling_7d,exclude_outage_severe,decomp_poisson_calendar_vessel_mean,0.1,4,"2018-01-12,2018-01-13,2018-01-14,2018-01-15",2075.103304068933,2.0583056426741098,0,False
fold_06,rolling_7d,exclude_outage_severe,decomp_poisson_calendar_vessel_mean,1.0,4,"2018-01-12,2018-01-13,2018-01-14,2018-01-15",2117.0265264123536,2.0736819175896315,0,False
fold_06,rolling_7d,exclude_outage_severe,decomp_poisson_calendar_vessel_daytype,0.0001,4,"2018-01-12,2018-01-13,2018-01-14,2018-01-15",2078.8468119869895,2.0651613360001853,0,True
fold_06,rolling_7d,exclude_outage_severe,decomp_poisson_calendar_vessel_daytype,0.001,4,"2018-01-12,2018-01-13,2018-01-14,2018-01-15",2078.890158861743,2.0651614447604008,0,False
fold_06,rolling_7d,exclude_outage_severe,decomp_poisson_calendar_vessel_daytype,0.01,4,"2018-01-12,2018-01-13,2018-01-14,2018-01-15",2079.3261527965474,2.065165090328055,0,False
fold_06,rolling_7d,exclude_outage_severe,decomp_poisson_calendar_vessel_daytype,0.1,4,"2018-01-12,2018-01-13,2018-01-14,2018-01-15",2083.841690513176,2.065828973349365,0,False
fold_06,rolling_7d,exclude_outage_severe,decomp_poisson_calendar_vessel_daytype,1.0,4,"2018-01-12,2018-01-13,2018-01-14,2018-01-15",2125.2252040740595,2.0815430238308767,0,False
fold_06,rolling_7d,quality_weighted,ridge_direct_calendar,0.1,4,"2018-01-12,2018-01-13,2018-01-14,2018-01-15",2517.1299411945633,2.1936196743220364,0,False
fold_06,rolling_7d,quality_weighted,ridge_direct_calendar,1.0,4,"2018-01-12,2018-01-13,2018-01-14,2018-01-15",2435.8941465516855,2.1829554259234984,0,False
fold_06,rolling_7d,quality_weighted,ridge_direct_calendar,10.0,4,"2018-01-12,2018-01-13,2018-01-14,2018-01-15",2239.9296083866025,2.2383752941968487,0,True
fold_06,rolling_7d,quality_weighted,ridge_direct_calendar,100.0,4,"2018-01-12,2018-01-13,2018-01-14,2018-01-15",2538.573486163191,2.5480418702672862,0,False
fold_06,rolling_7d,quality_weighted,ridge_direct_calendar,1000.0,4,"2018-01-12,2018-01-13,2018-01-14,2018-01-15",3112.9790063376836,2.8893541535505602,0,False
fold_06,rolling_7d,quality_weighted,ridge_direct_calendar_vessel,0.1,4,"2018-01-12,2018-01-13,2018-01-14,2018-01-15",2172.3190602404516,2.0453739376385713,0,True
fold_06,rolling_7d,quality_weighted,ridge_direct_calendar_vessel,1.0,4,"2018-01-12,2018-01-13,2018-01-14,2018-01-15",2180.0937488421364,2.040244698110968,0,False
fold_06,rolling_7d,quality_weighted,ridge_direct_calendar_vessel,10.0,4,"2018-01-12,2018-01-13,2018-01-14,2018-01-15",2221.0969803219177,2.1511772796334747,0,False
fold_06,rolling_7d,quality_weighted,ridge_direct_calendar_vessel,100.0,4,"2018-01-12,2018-01-13,2018-01-14,2018-01-15",2402.945665494626,2.4620864486766805,0,False
fold_06,rolling_7d,quality_weighted,ridge_direct_calendar_vessel,1000.0,4,"2018-01-12,2018-01-13,2018-01-14,2018-01-15",3096.7350473956403,2.8809223862396154,0,False
fold_06,rolling_7d,quality_weighted,poisson_direct_calendar,0.0001,4,"2018-01-12,2018-01-13,2018-01-14,2018-01-15",2421.3770035300136,2.212894415390644,0,False
fold_06,rolling_7d,quality_weighted,poisson_direct_calendar,0.001,4,"2018-01-12,2018-01-13,2018-01-14,2018-01-15",2412.689467099028,2.2116478814264227,0,False
fold_06,rolling_7d,quality_weighted,poisson_direct_calendar,0.01,4,"2018-01-12,2018-01-13,2018-01-14,2018-01-15",2330.064619472283,2.2156454184184318,0,False
fold_06,rolling_7d,quality_weighted,poisson_direct_calendar,0.1,4,"2018-01-12,2018-01-13,2018-01-14,2018-01-15",2286.2516684206944,2.344650727908042,0,True
fold_06,rolling_7d,quality_weighted,poisson_direct_calendar,1.0,4,"2018-01-12,2018-01-13,2018-01-14,2018-01-15",2724.709161213976,2.665318606175312,0,False
fold_06,rolling_7d,quality_weighted,poisson_direct_calendar_vessel,0.0001,4,"2018-01-12,2018-01-13,2018-01-14,2018-01-15",2076.583883428922,2.0675150982161075,0,True
fold_06,rolling_7d,quality_weighted,poisson_direct_calendar_vessel,0.001,4,"2018-01-12,2018-01-13,2018-01-14,2018-01-15",2092.7053860683595,2.0704043361483593,0,False
fold_06,rolling_7d,quality_weighted,poisson_direct_calendar_vessel,0.01,4,"2018-01-12,2018-01-13,2018-01-14,2018-01-15",2148.3907800508796,2.1111150171333093,0,False
fold_06,rolling_7d,quality_weighted,poisson_direct_calendar_vessel,0.1,4,"2018-01-12,2018-01-13,2018-01-14,2018-01-15",2266.399378046999,2.2828803834684304,0,False
fold_06,rolling_7d,quality_weighted,poisson_direct_calendar_vessel,1.0,4,"2018-01-12,2018-01-13,2018-01-14,2018-01-15",2649.78698455365,2.623704901625468,0,False
fold_06,rolling_7d,quality_weighted,decomp_ridge_calendar_mean,0.1,4,"2018-01-12,2018-01-13,2018-01-14,2018-01-15",2365.444146801276,2.18352366491138,0,False
fold_06,rolling_7d,quality_weighted,decomp_ridge_calendar_mean,1.0,4,"2018-01-12,2018-01-13,2018-01-14,2018-01-15",2327.865495430683,2.1975325898843034,0,True
fold_06,rolling_7d,quality_weighted,decomp_ridge_calendar_mean,10.0,4,"2018-01-12,2018-01-13,2018-01-14,2018-01-15",2589.9322695691535,2.459995559445258,0,False
fold_06,rolling_7d,quality_weighted,decomp_ridge_calendar_mean,100.0,4,"2018-01-12,2018-01-13,2018-01-14,2018-01-15",3234.8717151928486,2.8345046031674164,0,False
fold_06,rolling_7d,quality_weighted,decomp_ridge_calendar_mean,1000.0,4,"2018-01-12,2018-01-13,2018-01-14,2018-01-15",3394.5180898458384,2.912110971984968,0,False
fold_06,rolling_7d,quality_weighted,decomp_ridge_calendar_daytype,0.1,4,"2018-01-12,2018-01-13,2018-01-14,2018-01-15",2372.6164483723237,2.1956597006262606,0,False
fold_06,rolling_7d,quality_weighted,decomp_ridge_calendar_daytype,1.0,4,"2018-01-12,2018-01-13,2018-01-14,2018-01-15",2334.062267867607,2.204923346017782,0,True
fold_06,rolling_7d,quality_weighted,decomp_ridge_calendar_daytype,10.0,4,"2018-01-12,2018-01-13,2018-01-14,2018-01-15",2592.5164616604875,2.466061351701926,0,False
fold_06,rolling_7d,quality_weighted,decomp_ridge_calendar_daytype,100.0,4,"2018-01-12,2018-01-13,2018-01-14,2018-01-15",3238.885367497932,2.8403128835956757,0,False
fold_06,rolling_7d,quality_weighted,decomp_ridge_calendar_daytype,1000.0,4,"2018-01-12,2018-01-13,2018-01-14,2018-01-15",3399.347781741326,2.917916222091753,0,False
fold_06,rolling_7d,quality_weighted,decomp_ridge_calendar_vessel_mean,0.1,4,"2018-01-12,2018-01-13,2018-01-14,2018-01-15",1998.9498575405685,2.0227264433213024,0,True
fold_06,rolling_7d,quality_weighted,decomp_ridge_calendar_vessel_mean,1.0,4,"2018-01-12,2018-01-13,2018-01-14,2018-01-15",2102.996116296984,2.0746882118316945,0,False
fold_06,rolling_7d,quality_weighted,decomp_ridge_calendar_vessel_mean,10.0,4,"2018-01-12,2018-01-13,2018-01-14,2018-01-15",2504.554517043004,2.4148653604683012,0,False
fold_06,rolling_7d,quality_weighted,decomp_ridge_calendar_vessel_mean,100.0,4,"2018-01-12,2018-01-13,2018-01-14,2018-01-15",3227.7540265807515,2.831202659661214,0,False
fold_06,rolling_7d,quality_weighted,decomp_ridge_calendar_vessel_mean,1000.0,4,"2018-01-12,2018-01-13,2018-01-14,2018-01-15",3393.9388833443854,2.91182070377786,0,False
fold_06,rolling_7d,quality_weighted,decomp_ridge_calendar_vessel_daytype,0.1,4,"2018-01-12,2018-01-13,2018-01-14,2018-01-15",2008.6041609150589,2.0325171209119124,0,True
fold_06,rolling_7d,quality_weighted,decomp_ridge_calendar_vessel_daytype,1.0,4,"2018-01-12,2018-01-13,2018-01-14,2018-01-15",2111.0710815408634,2.081673486420079,0,False
fold_06,rolling_7d,quality_weighted,decomp_ridge_calendar_vessel_daytype,10.0,4,"2018-01-12,2018-01-13,2018-01-14,2018-01-15",2507.563101987244,2.4205924955865488,0,False
fold_06,rolling_7d,quality_weighted,decomp_ridge_calendar_vessel_daytype,100.0,4,"2018-01-12,2018-01-13,2018-01-14,2018-01-15",3231.82139338821,2.836852832490218,0,False
fold_06,rolling_7d,quality_weighted,decomp_ridge_calendar_vessel_daytype,1000.0,4,"2018-01-12,2018-01-13,2018-01-14,2018-01-15",3398.773969312531,2.917631243092256,0,False
fold_06,rolling_7d,quality_weighted,decomp_poisson_calendar_mean,0.0001,4,"2018-01-12,2018-01-13,2018-01-14,2018-01-15",2437.3808048590345,2.2166326730415546,0,False
fold_06,rolling_7d,quality_weighted,decomp_poisson_calendar_mean,0.001,4,"2018-01-12,2018-01-13,2018-01-14,2018-01-15",2437.3481473347315,2.216625057949689,0,False
fold_06,rolling_7d,quality_weighted,decomp_poisson_calendar_mean,0.01,4,"2018-01-12,2018-01-13,2018-01-14,2018-01-15",2437.022231991494,2.216548914277351,0,False
fold_06,rolling_7d,quality_weighted,decomp_poisson_calendar_mean,0.1,4,"2018-01-12,2018-01-13,2018-01-14,2018-01-15",2433.836330734516,2.2158748864167515,0,False
fold_06,rolling_7d,quality_weighted,decomp_poisson_calendar_mean,1.0,4,"2018-01-12,2018-01-13,2018-01-14,2018-01-15",2407.791719620297,2.216064619983063,0,True
fold_06,rolling_7d,quality_weighted,decomp_poisson_calendar_daytype,0.0001,4,"2018-01-12,2018-01-13,2018-01-14,2018-01-15",2444.758599830909,2.230873185717484,0,False
fold_06,rolling_7d,quality_weighted,decomp_poisson_calendar_daytype,0.001,4,"2018-01-12,2018-01-13,2018-01-14,2018-01-15",2444.7254595889576,2.2308679760434007,0,False
fold_06,rolling_7d,quality_weighted,decomp_poisson_calendar_daytype,0.01,4,"2018-01-12,2018-01-13,2018-01-14,2018-01-15",2444.3947122416116,2.230815799239528,0,False
fold_06,rolling_7d,quality_weighted,decomp_poisson_calendar_daytype,0.1,4,"2018-01-12,2018-01-13,2018-01-14,2018-01-15",2441.16025417242,2.2302921629101857,0,False
fold_06,rolling_7d,quality_weighted,decomp_poisson_calendar_daytype,1.0,4,"2018-01-12,2018-01-13,2018-01-14,2018-01-15",2414.6271849653995,2.22732047838922,0,True
fold_06,rolling_7d,quality_weighted,decomp_poisson_calendar_vessel_mean,0.0001,4,"2018-01-12,2018-01-13,2018-01-14,2018-01-15",2086.9525892568045,2.0720381748162375,0,True
fold_06,rolling_7d,quality_weighted,decomp_poisson_calendar_vessel_mean,0.001,4,"2018-01-12,2018-01-13,2018-01-14,2018-01-15",2086.9996685556935,2.0720374923919844,0,False
fold_06,rolling_7d,quality_weighted,decomp_poisson_calendar_vessel_mean,0.01,4,"2018-01-12,2018-01-13,2018-01-14,2018-01-15",2087.4723721436676,2.0720341628120953,0,False
fold_06,rolling_7d,quality_weighted,decomp_poisson_calendar_vessel_mean,0.1,4,"2018-01-12,2018-01-13,2018-01-14,2018-01-15",2092.334859393962,2.072302425147361,0,False
fold_06,rolling_7d,quality_weighted,decomp_poisson_calendar_vessel_mean,1.0,4,"2018-01-12,2018-01-13,2018-01-14,2018-01-15",2136.751376375105,2.090040846407816,0,False
fold_06,rolling_7d,quality_weighted,decomp_poisson_calendar_vessel_daytype,0.0001,4,"2018-01-12,2018-01-13,2018-01-14,2018-01-15",2096.2414301520325,2.0800280804346447,0,True
fold_06,rolling_7d,quality_weighted,decomp_poisson_calendar_vessel_daytype,0.001,4,"2018-01-12,2018-01-13,2018-01-14,2018-01-15",2096.288159714036,2.080031553180115,0,False
fold_06,rolling_7d,quality_weighted,decomp_poisson_calendar_vessel_daytype,0.01,4,"2018-01-12,2018-01-13,2018-01-14,2018-01-15",2096.757311689824,2.080068743735121,0,False
fold_06,rolling_7d,quality_weighted,decomp_poisson_calendar_vessel_daytype,0.1,4,"2018-01-12,2018-01-13,2018-01-14,2018-01-15",2101.579408766444,2.0810156649028237,0,False
fold_06,rolling_7d,quality_weighted,decomp_poisson_calendar_vessel_daytype,1.0,4,"2018-01-12,2018-01-13,2018-01-14,2018-01-15",2145.3693147936483,2.098577540068982,0,False
fold_07,rolling_7d,all,ridge_direct_calendar,0.1,4,"2018-01-13,2018-01-14,2018-01-15,2018-01-16",1865.1237711160115,1.8648747399342378,0,False
fold_07,rolling_7d,all,ridge_direct_calendar,1.0,4,"2018-01-13,2018-01-14,2018-01-15,2018-01-16",1817.651442743972,1.8636961138718908,0,False
fold_07,rolling_7d,all,ridge_direct_calendar,10.0,4,"2018-01-13,2018-01-14,2018-01-15,2018-01-16",1811.790150699069,1.9777384780952505,0,True
fold_07,rolling_7d,all,ridge_direct_calendar,100.0,4,"2018-01-13,2018-01-14,2018-01-15,2018-01-16",2200.358419871596,2.319080963920038,0,False
fold_07,rolling_7d,all,ridge_direct_calendar,1000.0,4,"2018-01-13,2018-01-14,2018-01-15,2018-01-16",2696.9157960003877,2.7051817268892973,0,False
fold_07,rolling_7d,all,ridge_direct_calendar_vessel,0.1,4,"2018-01-13,2018-01-14,2018-01-15,2018-01-16",1582.5094595262676,1.7078785524961242,0,True
fold_07,rolling_7d,all,ridge_direct_calendar_vessel,1.0,4,"2018-01-13,2018-01-14,2018-01-15,2018-01-16",1589.807996660325,1.7178458082584618,0,False
fold_07,rolling_7d,all,ridge_direct_calendar_vessel,10.0,4,"2018-01-13,2018-01-14,2018-01-15,2018-01-16",1738.5237925399185,1.8719966502835856,0,False
fold_07,rolling_7d,all,ridge_direct_calendar_vessel,100.0,4,"2018-01-13,2018-01-14,2018-01-15,2018-01-16",2111.6956888489394,2.210821336221942,0,False
fold_07,rolling_7d,all,ridge_direct_calendar_vessel,1000.0,4,"2018-01-13,2018-01-14,2018-01-15,2018-01-16",2658.9158501502225,2.6784146047002424,0,False
fold_07,rolling_7d,all,poisson_direct_calendar,0.0001,4,"2018-01-13,2018-01-14,2018-01-15,2018-01-16",1836.8682261482031,1.9153677151052024,0,False
fold_07,rolling_7d,all,poisson_direct_calendar,0.001,4,"2018-01-13,2018-01-14,2018-01-15,2018-01-16",1821.1124746289393,1.9142408097814,0,False
fold_07,rolling_7d,all,poisson_direct_calendar,0.01,4,"2018-01-13,2018-01-14,2018-01-15,2018-01-16",1799.743913399843,1.9528716793579879,0,True
fold_07,rolling_7d,all,poisson_direct_calendar,0.1,4,"2018-01-13,2018-01-14,2018-01-15,2018-01-16",1956.5272043495443,2.176340345570791,0,False
fold_07,rolling_7d,all,poisson_direct_calendar,1.0,4,"2018-01-13,2018-01-14,2018-01-15,2018-01-16",2357.1258538829825,2.4820438669744553,0,False
fold_07,rolling_7d,all,poisson_direct_calendar_vessel,0.0001,4,"2018-01-13,2018-01-14,2018-01-15,2018-01-16",1531.4950305162708,1.7639919842047478,0,True
fold_07,rolling_7d,all,poisson_direct_calendar_vessel,0.001,4,"2018-01-13,2018-01-14,2018-01-15,2018-01-16",1533.6653421137146,1.7675273068734494,0,False
fold_07,rolling_7d,all,poisson_direct_calendar_vessel,0.01,4,"2018-01-13,2018-01-14,2018-01-15,2018-01-16",1598.3066230397892,1.8305052305748017,0,False
fold_07,rolling_7d,all,poisson_direct_calendar_vessel,0.1,4,"2018-01-13,2018-01-14,2018-01-15,2018-01-16",1859.6251604906022,2.073764695353408,0,False
fold_07,rolling_7d,all,poisson_direct_calendar_vessel,1.0,4,"2018-01-13,2018-01-14,2018-01-15,2018-01-16",2284.9506527763806,2.422728955548399,0,False
fold_07,rolling_7d,all,decomp_ridge_calendar_mean,0.1,4,"2018-01-13,2018-01-14,2018-01-15,2018-01-16",1794.3761280547624,1.8880778158226508,0,False
fold_07,rolling_7d,all,decomp_ridge_calendar_mean,1.0,4,"2018-01-13,2018-01-14,2018-01-15,2018-01-16",1789.672931067411,1.911588271014926,0,True
fold_07,rolling_7d,all,decomp_ridge_calendar_mean,10.0,4,"2018-01-13,2018-01-14,2018-01-15,2018-01-16",2044.5025542996364,2.172239513322564,0,False
fold_07,rolling_7d,all,decomp_ridge_calendar_mean,100.0,4,"2018-01-13,2018-01-14,2018-01-15,2018-01-16",2720.4157685203036,2.6092619855424926,0,False
fold_07,rolling_7d,all,decomp_ridge_calendar_mean,1000.0,4,"2018-01-13,2018-01-14,2018-01-15,2018-01-16",2924.9480072491806,2.713743606368108,0,False
fold_07,rolling_7d,all,decomp_ridge_calendar_daytype,0.1,4,"2018-01-13,2018-01-14,2018-01-15,2018-01-16",1788.0957133417116,1.8843370278361766,0,False
fold_07,rolling_7d,all,decomp_ridge_calendar_daytype,1.0,4,"2018-01-13,2018-01-14,2018-01-15,2018-01-16",1785.727836896654,1.9025970681670021,0,True
fold_07,rolling_7d,all,decomp_ridge_calendar_daytype,10.0,4,"2018-01-13,2018-01-14,2018-01-15,2018-01-16",2041.712558682264,2.178206521182401,0,False
fold_07,rolling_7d,all,decomp_ridge_calendar_daytype,100.0,4,"2018-01-13,2018-01-14,2018-01-15,2018-01-16",2719.1069602133957,2.6091272538498265,0,False
fold_07,rolling_7d,all,decomp_ridge_calendar_daytype,1000.0,4,"2018-01-13,2018-01-14,2018-01-15,2018-01-16",2924.2804340119737,2.715922484817363,0,False
fold_07,rolling_7d,all,decomp_ridge_calendar_vessel_mean,0.1,4,"2018-01-13,2018-01-14,2018-01-15,2018-01-16",1506.7943436629503,1.730544193207785,0,True
fold_07,rolling_7d,all,decomp_ridge_calendar_vessel_mean,1.0,4,"2018-01-13,2018-01-14,2018-01-15,2018-01-16",1604.2157355061977,1.7871523909699947,0,False
fold_07,rolling_7d,all,decomp_ridge_calendar_vessel_mean,10.0,4,"2018-01-13,2018-01-14,2018-01-15,2018-01-16",1948.7739275969573,2.106148503263243,0,False
fold_07,rolling_7d,all,decomp_ridge_calendar_vessel_mean,100.0,4,"2018-01-13,2018-01-14,2018-01-15,2018-01-16",2695.132409785343,2.595662357065872,0,False
fold_07,rolling_7d,all,decomp_ridge_calendar_vessel_mean,1000.0,4,"2018-01-13,2018-01-14,2018-01-15,2018-01-16",2921.8763272907604,2.712224831497905,0,False
fold_07,rolling_7d,all,decomp_ridge_calendar_vessel_daytype,0.1,4,"2018-01-13,2018-01-14,2018-01-15,2018-01-16",1507.4905625632114,1.731676714552588,0,True
fold_07,rolling_7d,all,decomp_ridge_calendar_vessel_daytype,1.0,4,"2018-01-13,2018-01-14,2018-01-15,2018-01-16",1607.065914552533,1.786921399163435,0,False
fold_07,rolling_7d,all,decomp_ridge_calendar_vessel_daytype,10.0,4,"2018-01-13,2018-01-14,2018-01-15,2018-01-16",1949.6381250311297,2.1122538568951064,0,False
fold_07,rolling_7d,all,decomp_ridge_calendar_vessel_daytype,100.0,4,"2018-01-13,2018-01-14,2018-01-15,2018-01-16",2694.4341089008767,2.5943122879498546,0,False
fold_07,rolling_7d,all,decomp_ridge_calendar_vessel_daytype,1000.0,4,"2018-01-13,2018-01-14,2018-01-15,2018-01-16",2921.2715693421837,2.71422803139741,0,False
fold_07,rolling_7d,all,decomp_poisson_calendar_mean,0.0001,4,"2018-01-13,2018-01-14,2018-01-15,2018-01-16",1869.020867489351,1.9306309272611577,0,False
fold_07,rolling_7d,all,decomp_poisson_calendar_mean,0.001,4,"2018-01-13,2018-01-14,2018-01-15,2018-01-16",1868.9960748621195,1.9306348471261394,0,False
fold_07,rolling_7d,all,decomp_poisson_calendar_mean,0.01,4,"2018-01-13,2018-01-14,2018-01-15,2018-01-16",1868.750724675388,1.9306742610025915,0,False
fold_07,rolling_7d,all,decomp_poisson_calendar_mean,0.1,4,"2018-01-13,2018-01-14,2018-01-15,2018-01-16",1866.4134842570875,1.931050244075737,0,False
fold_07,rolling_7d,all,decomp_poisson_calendar_mean,1.0,4,"2018-01-13,2018-01-14,2018-01-15,2018-01-16",1851.3783892307813,1.938704740287204,0,True
fold_07,rolling_7d,all,decomp_poisson_calendar_daytype,0.0001,4,"2018-01-13,2018-01-14,2018-01-15,2018-01-16",1861.5679861113972,1.9340137487644518,0,False
fold_07,rolling_7d,all,decomp_poisson_calendar_daytype,0.001,4,"2018-01-13,2018-01-14,2018-01-15,2018-01-16",1861.5449797055908,1.9340170778804524,0,False
fold_07,rolling_7d,all,decomp_poisson_calendar_daytype,0.01,4,"2018-01-13,2018-01-14,2018-01-15,2018-01-16",1861.3173530956933,1.9340503615005504,0,False
fold_07,rolling_7d,all,decomp_poisson_calendar_daytype,0.1,4,"2018-01-13,2018-01-14,2018-01-15,2018-01-16",1859.1514205899039,1.9343532571025506,0,False
fold_07,rolling_7d,all,decomp_poisson_calendar_daytype,1.0,4,"2018-01-13,2018-01-14,2018-01-15,2018-01-16",1845.3937387106778,1.9365108678543261,0,True
fold_07,rolling_7d,all,decomp_poisson_calendar_vessel_mean,0.0001,4,"2018-01-13,2018-01-14,2018-01-15,2018-01-16",1551.9745183143486,1.775483499739524,0,True
fold_07,rolling_7d,all,decomp_poisson_calendar_vessel_mean,0.001,4,"2018-01-13,2018-01-14,2018-01-15,2018-01-16",1552.01792665081,1.7755018868682084,0,False
fold_07,rolling_7d,all,decomp_poisson_calendar_vessel_mean,0.01,4,"2018-01-13,2018-01-14,2018-01-15,2018-01-16",1552.4520818120989,1.7756863382451051,0,False
fold_07,rolling_7d,all,decomp_poisson_calendar_vessel_mean,0.1,4,"2018-01-13,2018-01-14,2018-01-15,2018-01-16",1556.7832495883038,1.777599819585597,0,False
fold_07,rolling_7d,all,decomp_poisson_calendar_vessel_mean,1.0,4,"2018-01-13,2018-01-14,2018-01-15,2018-01-16",1595.2269001801183,1.7995867991294747,0,False
fold_07,rolling_7d,all,decomp_poisson_calendar_vessel_daytype,0.0001,4,"2018-01-13,2018-01-14,2018-01-15,2018-01-16",1548.9617841719091,1.7748913739885694,0,True
fold_07,rolling_7d,all,decomp_poisson_calendar_vessel_daytype,0.001,4,"2018-01-13,2018-01-14,2018-01-15,2018-01-16",1549.0067492086,1.7749146745684397,0,False
fold_07,rolling_7d,all,decomp_poisson_calendar_vessel_daytype,0.01,4,"2018-01-13,2018-01-14,2018-01-15,2018-01-16",1549.4564152824853,1.7751476166010107,0,False
fold_07,rolling_7d,all,decomp_poisson_calendar_vessel_daytype,0.1,4,"2018-01-13,2018-01-14,2018-01-15,2018-01-16",1553.937125292204,1.77772402840657,0,False
fold_07,rolling_7d,all,decomp_poisson_calendar_vessel_daytype,1.0,4,"2018-01-13,2018-01-14,2018-01-15,2018-01-16",1593.4500251413115,1.7998410833924703,0,False
fold_07,rolling_7d,exclude_outage_severe,ridge_direct_calendar,0.1,4,"2018-01-13,2018-01-14,2018-01-15,2018-01-16",2312.2076093392507,2.10821249963597,0,False
fold_07,rolling_7d,exclude_outage_severe,ridge_direct_calendar,1.0,4,"2018-01-13,2018-01-14,2018-01-15,2018-01-16",2228.2842437887407,2.095498746044547,0,False
fold_07,rolling_7d,exclude_outage_severe,ridge_direct_calendar,10.0,4,"2018-01-13,2018-01-14,2018-01-15,2018-01-16",2036.0270047129504,2.1510299068834167,0,True
fold_07,rolling_7d,exclude_outage_severe,ridge_direct_calendar,100.0,4,"2018-01-13,2018-01-14,2018-01-15,2018-01-16",2346.748635412976,2.489716674517842,0,False
fold_07,rolling_7d,exclude_outage_severe,ridge_direct_calendar,1000.0,4,"2018-01-13,2018-01-14,2018-01-15,2018-01-16",3025.502835941993,2.8965600711469897,0,False
fold_07,rolling_7d,exclude_outage_severe,ridge_direct_calendar_vessel,0.1,4,"2018-01-13,2018-01-14,2018-01-15,2018-01-16",1959.7704321431656,1.9533191320157082,0,True
fold_07,rolling_7d,exclude_outage_severe,ridge_direct_calendar_vessel,1.0,4,"2018-01-13,2018-01-14,2018-01-15,2018-01-16",1970.5451875852223,1.9469602170792715,0,False
fold_07,rolling_7d,exclude_outage_severe,ridge_direct_calendar_vessel,10.0,4,"2018-01-13,2018-01-14,2018-01-15,2018-01-16",1995.500730257089,2.035679501153673,0,False
fold_07,rolling_7d,exclude_outage_severe,ridge_direct_calendar_vessel,100.0,4,"2018-01-13,2018-01-14,2018-01-15,2018-01-16",2195.1325272830527,2.3897805328956694,0,False
fold_07,rolling_7d,exclude_outage_severe,ridge_direct_calendar_vessel,1000.0,4,"2018-01-13,2018-01-14,2018-01-15,2018-01-16",3013.655177266689,2.8899608212733807,0,False
fold_07,rolling_7d,exclude_outage_severe,poisson_direct_calendar,0.0001,4,"2018-01-13,2018-01-14,2018-01-15,2018-01-16",2275.0711648114466,2.158709628964586,0,False
fold_07,rolling_7d,exclude_outage_severe,poisson_direct_calendar,0.001,4,"2018-01-13,2018-01-14,2018-01-15,2018-01-16",2248.597472700567,2.1534620817092383,0,False
fold_07,rolling_7d,exclude_outage_severe,poisson_direct_calendar,0.01,4,"2018-01-13,2018-01-14,2018-01-15,2018-01-16",2163.3482777853746,2.15949621744884,0,False
fold_07,rolling_7d,exclude_outage_severe,poisson_direct_calendar,0.1,4,"2018-01-13,2018-01-14,2018-01-15,2018-01-16",2122.824674080055,2.300768327447491,0,True
fold_07,rolling_7d,exclude_outage_severe,poisson_direct_calendar,1.0,4,"2018-01-13,2018-01-14,2018-01-15,2018-01-16",2584.4865345970925,2.647130241176566,0,False
fold_07,rolling_7d,exclude_outage_severe,poisson_direct_calendar_vessel,0.0001,4,"2018-01-13,2018-01-14,2018-01-15,2018-01-16",1924.667976798385,2.0028122727661914,0,True
fold_07,rolling_7d,exclude_outage_severe,poisson_direct_calendar_vessel,0.001,4,"2018-01-13,2018-01-14,2018-01-15,2018-01-16",1926.9762176680554,2.003616881617165,0,False
fold_07,rolling_7d,exclude_outage_severe,poisson_direct_calendar_vessel,0.01,4,"2018-01-13,2018-01-14,2018-01-15,2018-01-16",1987.5786840714177,2.0490852322986375,0,False
fold_07,rolling_7d,exclude_outage_severe,poisson_direct_calendar_vessel,0.1,4,"2018-01-13,2018-01-14,2018-01-15,2018-01-16",2080.0917080828963,2.2180453891196077,0,False
fold_07,rolling_7d,exclude_outage_severe,poisson_direct_calendar_vessel,1.0,4,"2018-01-13,2018-01-14,2018-01-15,2018-01-16",2509.8076275841468,2.602928534219317,0,False
fold_07,rolling_7d,exclude_outage_severe,decomp_ridge_calendar_mean,0.1,4,"2018-01-13,2018-01-14,2018-01-15,2018-01-16",2211.3676191963355,2.1137371184751683,0,False
fold_07,rolling_7d,exclude_outage_severe,decomp_ridge_calendar_mean,1.0,4,"2018-01-13,2018-01-14,2018-01-15,2018-01-16",2143.8515334771464,2.1155032327146643,0,True
fold_07,rolling_7d,exclude_outage_severe,decomp_ridge_calendar_mean,10.0,4,"2018-01-13,2018-01-14,2018-01-15,2018-01-16",2359.794602056468,2.3744948343121104,0,False
fold_07,rolling_7d,exclude_outage_severe,decomp_ridge_calendar_mean,100.0,4,"2018-01-13,2018-01-14,2018-01-15,2018-01-16",3081.3560820373236,2.8008000957593233,0,False
fold_07,rolling_7d,exclude_outage_severe,decomp_ridge_calendar_mean,1000.0,4,"2018-01-13,2018-01-14,2018-01-15,2018-01-16",3269.7342532192047,2.892546411816465,0,False
fold_07,rolling_7d,exclude_outage_severe,decomp_ridge_calendar_daytype,0.1,4,"2018-01-13,2018-01-14,2018-01-15,2018-01-16",2198.002932078157,2.1175204706720083,0,False
fold_07,rolling_7d,exclude_outage_severe,decomp_ridge_calendar_daytype,1.0,4,"2018-01-13,2018-01-14,2018-01-15,2018-01-16",2131.0208666958947,2.1185922805117205,0,True
fold_07,rolling_7d,exclude_outage_severe,decomp_ridge_calendar_daytype,10.0,4,"2018-01-13,2018-01-14,2018-01-15,2018-01-16",2346.026623080239,2.3740471044792226,0,False
fold_07,rolling_7d,exclude_outage_severe,decomp_ridge_calendar_daytype,100.0,4,"2018-01-13,2018-01-14,2018-01-15,2018-01-16",3069.1502907856375,2.8000626360250904,0,False
fold_07,rolling_7d,exclude_outage_severe,decomp_ridge_calendar_daytype,1000.0,4,"2018-01-13,2018-01-14,2018-01-15,2018-01-16",3258.2497642938756,2.893176122766174,0,False
fold_07,rolling_7d,exclude_outage_severe,decomp_ridge_calendar_vessel_mean,0.1,4,"2018-01-13,2018-01-14,2018-01-15,2018-01-16",1838.7431899054254,1.9378981474004264,0,True
fold_07,rolling_7d,exclude_outage_severe,decomp_ridge_calendar_vessel_mean,1.0,4,"2018-01-13,2018-01-14,2018-01-15,2018-01-16",1914.8833149639859,1.9794211418643184,0,False
fold_07,rolling_7d,exclude_outage_severe,decomp_ridge_calendar_vessel_mean,10.0,4,"2018-01-13,2018-01-14,2018-01-15,2018-01-16",2274.8374470018857,2.3276097433849103,0,False
fold_07,rolling_7d,exclude_outage_severe,decomp_ridge_calendar_vessel_mean,100.0,4,"2018-01-13,2018-01-14,2018-01-15,2018-01-16",3077.4503752459823,2.79868552046087,0,False
fold_07,rolling_7d,exclude_outage_severe,decomp_ridge_calendar_vessel_mean,1000.0,4,"2018-01-13,2018-01-14,2018-01-15,2018-01-16",3269.605762053602,2.8924298946253746,0,False
fold_07,rolling_7d,exclude_outage_severe,decomp_ridge_calendar_vessel_daytype,0.1,4,"2018-01-13,2018-01-14,2018-01-15,2018-01-16",1827.0652335804766,1.9409031755699364,0,True
fold_07,rolling_7d,exclude_outage_severe,decomp_ridge_calendar_vessel_daytype,1.0,4,"2018-01-13,2018-01-14,2018-01-15,2018-01-16",1903.5186985753912,1.982278724255062,0,False
fold_07,rolling_7d,exclude_outage_severe,decomp_ridge_calendar_vessel_daytype,10.0,4,"2018-01-13,2018-01-14,2018-01-15,2018-01-16",2261.285895142687,2.3289521386487197,0,False
fold_07,rolling_7d,exclude_outage_severe,decomp_ridge_calendar_vessel_daytype,100.0,4,"2018-01-13,2018-01-14,2018-01-15,2018-01-16",3065.24916808613,2.797633851088329,0,False
fold_07,rolling_7d,exclude_outage_severe,decomp_ridge_calendar_vessel_daytype,1000.0,4,"2018-01-13,2018-01-14,2018-01-15,2018-01-16",3258.1210430641713,2.89304182656096,0,False
fold_07,rolling_7d,exclude_outage_severe,decomp_poisson_calendar_mean,0.0001,4,"2018-01-13,2018-01-14,2018-01-15,2018-01-16",2301.559501883861,2.1611044533024693,0,False
fold_07,rolling_7d,exclude_outage_severe,decomp_poisson_calendar_mean,0.001,4,"2018-01-13,2018-01-14,2018-01-15,2018-01-16",2301.5137737559967,2.1610983007201843,0,False
fold_07,rolling_7d,exclude_outage_severe,decomp_poisson_calendar_mean,0.01,4,"2018-01-13,2018-01-14,2018-01-15,2018-01-16",2301.057264087908,2.1610368142911454,0,False
fold_07,rolling_7d,exclude_outage_severe,decomp_poisson_calendar_mean,0.1,4,"2018-01-13,2018-01-14,2018-01-15,2018-01-16",2296.5752469965637,2.160430118590398,0,False
fold_07,rolling_7d,exclude_outage_severe,decomp_poisson_calendar_mean,1.0,4,"2018-01-13,2018-01-14,2018-01-15,2018-01-16",2258.837439084541,2.156502705902927,0,True
fold_07,rolling_7d,exclude_outage_severe,decomp_poisson_calendar_daytype,0.0001,4,"2018-01-13,2018-01-14,2018-01-15,2018-01-16",2287.8675929349483,2.1673851277572207,0,False
fold_07,rolling_7d,exclude_outage_severe,decomp_poisson_calendar_daytype,0.001,4,"2018-01-13,2018-01-14,2018-01-15,2018-01-16",2287.8222625776125,2.1673780277358707,0,False
fold_07,rolling_7d,exclude_outage_severe,decomp_poisson_calendar_daytype,0.01,4,"2018-01-13,2018-01-14,2018-01-15,2018-01-16",2287.369711055096,2.167306993255638,0,False
fold_07,rolling_7d,exclude_outage_severe,decomp_poisson_calendar_daytype,0.1,4,"2018-01-13,2018-01-14,2018-01-15,2018-01-16",2282.9253435773953,2.1665982581843264,0,False
fold_07,rolling_7d,exclude_outage_severe,decomp_poisson_calendar_daytype,1.0,4,"2018-01-13,2018-01-14,2018-01-15,2018-01-16",2245.4270177924486,2.160723801016057,0,True
fold_07,rolling_7d,exclude_outage_severe,decomp_poisson_calendar_vessel_mean,0.0001,4,"2018-01-13,2018-01-14,2018-01-15,2018-01-16",1944.0728541204758,2.007252613296143,0,True
fold_07,rolling_7d,exclude_outage_severe,decomp_poisson_calendar_vessel_mean,0.001,4,"2018-01-13,2018-01-14,2018-01-15,2018-01-16",1944.1131678693437,2.0072528614427823,0,False
fold_07,rolling_7d,exclude_outage_severe,decomp_poisson_calendar_vessel_mean,0.01,4,"2018-01-13,2018-01-14,2018-01-15,2018-01-16",1944.518857348693,2.0072590936790857,0,False
fold_07,rolling_7d,exclude_outage_severe,decomp_poisson_calendar_vessel_mean,0.1,4,"2018-01-13,2018-01-14,2018-01-15,2018-01-16",1948.7142763484712,2.007643426582078,0,False
fold_07,rolling_7d,exclude_outage_severe,decomp_poisson_calendar_vessel_mean,1.0,4,"2018-01-13,2018-01-14,2018-01-15,2018-01-16",1985.8016644295035,2.0227675748189693,0,False
fold_07,rolling_7d,exclude_outage_severe,decomp_poisson_calendar_vessel_daytype,0.0001,4,"2018-01-13,2018-01-14,2018-01-15,2018-01-16",1931.5639885338,2.0071942397171636,0,True
fold_07,rolling_7d,exclude_outage_severe,decomp_poisson_calendar_vessel_daytype,0.001,4,"2018-01-13,2018-01-14,2018-01-15,2018-01-16",1931.605193450339,2.0071993535743893,0,False
fold_07,rolling_7d,exclude_outage_severe,decomp_poisson_calendar_vessel_daytype,0.01,4,"2018-01-13,2018-01-14,2018-01-15,2018-01-16",1932.0197056143256,2.007253130034301,0,False
fold_07,rolling_7d,exclude_outage_severe,decomp_poisson_calendar_vessel_daytype,0.1,4,"2018-01-13,2018-01-14,2018-01-15,2018-01-16",1936.2942024157924,2.0082602329078645,0,False
fold_07,rolling_7d,exclude_outage_severe,decomp_poisson_calendar_vessel_daytype,1.0,4,"2018-01-13,2018-01-14,2018-01-15,2018-01-16",1973.6751537923071,2.02419998610191,0,False
fold_07,rolling_7d,quality_weighted,ridge_direct_calendar,0.1,4,"2018-01-13,2018-01-14,2018-01-15,2018-01-16",2357.7730572900277,2.137747790321299,0,False
fold_07,rolling_7d,quality_weighted,ridge_direct_calendar,1.0,4,"2018-01-13,2018-01-14,2018-01-15,2018-01-16",2269.130178781826,2.1258561510036693,0,False
fold_07,rolling_7d,quality_weighted,ridge_direct_calendar,10.0,4,"2018-01-13,2018-01-14,2018-01-15,2018-01-16",2078.5919914244478,2.1923280062194075,0,True
fold_07,rolling_7d,quality_weighted,ridge_direct_calendar,100.0,4,"2018-01-13,2018-01-14,2018-01-15,2018-01-16",2421.2161545024455,2.53874713497688,0,False
fold_07,rolling_7d,quality_weighted,ridge_direct_calendar,1000.0,4,"2018-01-13,2018-01-14,2018-01-15,2018-01-16",3102.948135094399,2.9411352406906923,0,False
fold_07,rolling_7d,quality_weighted,ridge_direct_calendar_vessel,0.1,4,"2018-01-13,2018-01-14,2018-01-15,2018-01-16",1984.8261921301537,1.9669922436625167,0,True
fold_07,rolling_7d,quality_weighted,ridge_direct_calendar_vessel,1.0,4,"2018-01-13,2018-01-14,2018-01-15,2018-01-16",1992.8470090136111,1.9635973690313857,0,False
fold_07,rolling_7d,quality_weighted,ridge_direct_calendar_vessel,10.0,4,"2018-01-13,2018-01-14,2018-01-15,2018-01-16",2015.0269530456894,2.065323126955303,0,False
fold_07,rolling_7d,quality_weighted,ridge_direct_calendar_vessel,100.0,4,"2018-01-13,2018-01-14,2018-01-15,2018-01-16",2255.1468040331793,2.4320291949234965,0,False
fold_07,rolling_7d,quality_weighted,ridge_direct_calendar_vessel,1000.0,4,"2018-01-13,2018-01-14,2018-01-15,2018-01-16",3085.0502226734625,2.931097507419341,0,False
fold_07,rolling_7d,quality_weighted,poisson_direct_calendar,0.0001,4,"2018-01-13,2018-01-14,2018-01-15,2018-01-16",2319.78255692232,2.1910717723631397,0,False
fold_07,rolling_7d,quality_weighted,poisson_direct_calendar,0.001,4,"2018-01-13,2018-01-14,2018-01-15,2018-01-16",2295.4441067616353,2.186272662328409,0,False
fold_07,rolling_7d,quality_weighted,poisson_direct_calendar,0.01,4,"2018-01-13,2018-01-14,2018-01-15,2018-01-16",2205.8894057849066,2.1922517593858464,0,False
fold_07,rolling_7d,quality_weighted,poisson_direct_calendar,0.1,4,"2018-01-13,2018-01-14,2018-01-15,2018-01-16",2168.0451961483827,2.332907901271017,0,True
fold_07,rolling_7d,quality_weighted,poisson_direct_calendar,1.0,4,"2018-01-13,2018-01-14,2018-01-15,2018-01-16",2645.2916611690853,2.6834491624701844,0,False
fold_07,rolling_7d,quality_weighted,poisson_direct_calendar_vessel,0.0001,4,"2018-01-13,2018-01-14,2018-01-15,2018-01-16",1947.4209471209736,2.0240059854298376,0,True
fold_07,rolling_7d,quality_weighted,poisson_direct_calendar_vessel,0.001,4,"2018-01-13,2018-01-14,2018-01-15,2018-01-16",1950.4248431494818,2.024703652683031,0,False
fold_07,rolling_7d,quality_weighted,poisson_direct_calendar_vessel,0.01,4,"2018-01-13,2018-01-14,2018-01-15,2018-01-16",2007.7593690462973,2.0700945060233855,0,False
fold_07,rolling_7d,quality_weighted,poisson_direct_calendar_vessel,0.1,4,"2018-01-13,2018-01-14,2018-01-15,2018-01-16",2109.6231131967675,2.2415154112319624,0,False
fold_07,rolling_7d,quality_weighted,poisson_direct_calendar_vessel,1.0,4,"2018-01-13,2018-01-14,2018-01-15,2018-01-16",2556.4949734676784,2.632126451703746,0,False
fold_07,rolling_7d,quality_weighted,decomp_ridge_calendar_mean,0.1,4,"2018-01-13,2018-01-14,2018-01-15,2018-01-16",2246.0041828116055,2.1451462190637587,0,False
fold_07,rolling_7d,quality_weighted,decomp_ridge_calendar_mean,1.0,4,"2018-01-13,2018-01-14,2018-01-15,2018-01-16",2187.8150092768446,2.1513017585914227,0,True
fold_07,rolling_7d,quality_weighted,decomp_ridge_calendar_mean,10.0,4,"2018-01-13,2018-01-14,2018-01-15,2018-01-16",2438.5334565923386,2.419178143256099,0,False
fold_07,rolling_7d,quality_weighted,decomp_ridge_calendar_mean,100.0,4,"2018-01-13,2018-01-14,2018-01-15,2018-01-16",3150.8116959869103,2.831865394125099,0,False
fold_07,rolling_7d,quality_weighted,decomp_ridge_calendar_mean,1000.0,4,"2018-01-13,2018-01-14,2018-01-15,2018-01-16",3331.5910298346644,2.9197072554501164,0,False
fold_07,rolling_7d,quality_weighted,decomp_ridge_calendar_daytype,0.1,4,"2018-01-13,2018-01-14,2018-01-15,2018-01-16",2232.3264321171446,2.150174572703067,0,False
fold_07,rolling_7d,quality_weighted,decomp_ridge_calendar_daytype,1.0,4,"2018-01-13,2018-01-14,2018-01-15,2018-01-16",2174.6759534357825,2.154010914382174,0,True
fold_07,rolling_7d,quality_weighted,decomp_ridge_calendar_daytype,10.0,4,"2018-01-13,2018-01-14,2018-01-15,2018-01-16",2424.913506579512,2.4226815905974877,0,False
fold_07,rolling_7d,quality_weighted,decomp_ridge_calendar_daytype,100.0,4,"2018-01-13,2018-01-14,2018-01-15,2018-01-16",3139.4197590123017,2.8353704985137527,0,False
fold_07,rolling_7d,quality_weighted,decomp_ridge_calendar_daytype,1000.0,4,"2018-01-13,2018-01-14,2018-01-15,2018-01-16",3321.054434757883,2.9237716601289736,0,False
fold_07,rolling_7d,quality_weighted,decomp_ridge_calendar_vessel_mean,0.1,4,"2018-01-13,2018-01-14,2018-01-15,2018-01-16",1852.1020629727159,1.9573203649877386,0,True
fold_07,rolling_7d,quality_weighted,decomp_ridge_calendar_vessel_mean,1.0,4,"2018-01-13,2018-01-14,2018-01-15,2018-01-16",1940.247107967848,2.0066104038834713,0,False
fold_07,rolling_7d,quality_weighted,decomp_ridge_calendar_vessel_mean,10.0,4,"2018-01-13,2018-01-14,2018-01-15,2018-01-16",2340.3856489639493,2.365385327376868,0,False
fold_07,rolling_7d,quality_weighted,decomp_ridge_calendar_vessel_mean,100.0,4,"2018-01-13,2018-01-14,2018-01-15,2018-01-16",3143.0800160217345,2.827843903048351,0,False
fold_07,rolling_7d,quality_weighted,decomp_ridge_calendar_vessel_mean,1000.0,4,"2018-01-13,2018-01-14,2018-01-15,2018-01-16",3330.9944333758326,2.9193646841888605,0,False
fold_07,rolling_7d,quality_weighted,decomp_ridge_calendar_vessel_daytype,0.1,4,"2018-01-13,2018-01-14,2018-01-15,2018-01-16",1840.3383631309237,1.9599510854159687,0,True
fold_07,rolling_7d,quality_weighted,decomp_ridge_calendar_vessel_daytype,1.0,4,"2018-01-13,2018-01-14,2018-01-15,2018-01-16",1928.605687891681,2.0099776293942044,0,False
fold_07,rolling_7d,quality_weighted,decomp_ridge_calendar_vessel_daytype,10.0,4,"2018-01-13,2018-01-14,2018-01-15,2018-01-16",2326.9874923991492,2.3688331493414427,0,False
fold_07,rolling_7d,quality_weighted,decomp_ridge_calendar_vessel_daytype,100.0,4,"2018-01-13,2018-01-14,2018-01-15,2018-01-16",3131.6897309241594,2.831178163343303,0,False
fold_07,rolling_7d,quality_weighted,decomp_ridge_calendar_vessel_daytype,1000.0,4,"2018-01-13,2018-01-14,2018-01-15,2018-01-16",3320.457067608042,2.9234231515467743,0,False
fold_07,rolling_7d,quality_weighted,decomp_poisson_calendar_mean,0.0001,4,"2018-01-13,2018-01-14,2018-01-15,2018-01-16",2341.280583944957,2.193555135370696,0,False
fold_07,rolling_7d,quality_weighted,decomp_poisson_calendar_mean,0.001,4,"2018-01-13,2018-01-14,2018-01-15,2018-01-16",2341.2364884110248,2.1935485934386687,0,False
fold_07,rolling_7d,quality_weighted,decomp_poisson_calendar_mean,0.01,4,"2018-01-13,2018-01-14,2018-01-15,2018-01-16",2340.796443410442,2.193483189297408,0,False
fold_07,rolling_7d,quality_weighted,decomp_poisson_calendar_mean,0.1,4,"2018-01-13,2018-01-14,2018-01-15,2018-01-16",2336.485811615642,2.1929138679101845,0,False
fold_07,rolling_7d,quality_weighted,decomp_poisson_calendar_mean,1.0,4,"2018-01-13,2018-01-14,2018-01-15,2018-01-16",2300.660055280205,2.1893871044530098,0,True
fold_07,rolling_7d,quality_weighted,decomp_poisson_calendar_daytype,0.0001,4,"2018-01-13,2018-01-14,2018-01-15,2018-01-16",2327.241595986722,2.20061855696632,0,False
fold_07,rolling_7d,quality_weighted,decomp_poisson_calendar_daytype,0.001,4,"2018-01-13,2018-01-14,2018-01-15,2018-01-16",2327.1978760637035,2.200612080151528,0,False
fold_07,rolling_7d,quality_weighted,decomp_poisson_calendar_daytype,0.01,4,"2018-01-13,2018-01-14,2018-01-15,2018-01-16",2326.761567197807,2.2005472896031755,0,False
fold_07,rolling_7d,quality_weighted,decomp_poisson_calendar_daytype,0.1,4,"2018-01-13,2018-01-14,2018-01-15,2018-01-16",2322.4866707813044,2.1998996808180413,0,False
fold_07,rolling_7d,quality_weighted,decomp_poisson_calendar_daytype,1.0,4,"2018-01-13,2018-01-14,2018-01-15,2018-01-16",2286.901294752271,2.1944358318136725,0,True
fold_07,rolling_7d,quality_weighted,decomp_poisson_calendar_vessel_mean,0.0001,4,"2018-01-13,2018-01-14,2018-01-15,2018-01-16",1962.3611372764965,2.0270192153631754,0,True
fold_07,rolling_7d,quality_weighted,decomp_poisson_calendar_vessel_mean,0.001,4,"2018-01-13,2018-01-14,2018-01-15,2018-01-16",1962.4051461514791,2.0270231558549283,0,False
fold_07,rolling_7d,quality_weighted,decomp_poisson_calendar_vessel_mean,0.01,4,"2018-01-13,2018-01-14,2018-01-15,2018-01-16",1962.8468678291654,2.027065969938996,0,False
fold_07,rolling_7d,quality_weighted,decomp_poisson_calendar_vessel_mean,0.1,4,"2018-01-13,2018-01-14,2018-01-15,2018-01-16",1967.3778635602691,2.0277886450907303,0,False
fold_07,rolling_7d,quality_weighted,decomp_poisson_calendar_vessel_mean,1.0,4,"2018-01-13,2018-01-14,2018-01-15,2018-01-16",2007.2246552666525,2.045205689378339,0,False
fold_07,rolling_7d,quality_weighted,decomp_poisson_calendar_vessel_daytype,0.0001,4,"2018-01-13,2018-01-14,2018-01-15,2018-01-16",1949.7382836122977,2.028046264948954,0,True
fold_07,rolling_7d,quality_weighted,decomp_poisson_calendar_vessel_daytype,0.001,4,"2018-01-13,2018-01-14,2018-01-15,2018-01-16",1949.782975470098,2.0280550986008135,0,False
fold_07,rolling_7d,quality_weighted,decomp_poisson_calendar_vessel_daytype,0.01,4,"2018-01-13,2018-01-14,2018-01-15,2018-01-16",1950.2314503298294,2.0281458376600394,0,False
fold_07,rolling_7d,quality_weighted,decomp_poisson_calendar_vessel_daytype,0.1,4,"2018-01-13,2018-01-14,2018-01-15,2018-01-16",1954.8227181288576,2.0294397281252334,0,False
fold_07,rolling_7d,quality_weighted,decomp_poisson_calendar_vessel_daytype,1.0,4,"2018-01-13,2018-01-14,2018-01-15,2018-01-16",1994.8736992260879,2.0471171104751327,0,False
fold_08,rolling_7d,all,ridge_direct_calendar,0.1,4,"2018-01-14,2018-01-15,2018-01-16,2018-01-17",1569.780672842958,1.67863822223256,0,False
fold_08,rolling_7d,all,ridge_direct_calendar,1.0,4,"2018-01-14,2018-01-15,2018-01-16,2018-01-17",1529.4675787181793,1.6750938929113863,0,True
fold_08,rolling_7d,all,ridge_direct_calendar,10.0,4,"2018-01-14,2018-01-15,2018-01-16,2018-01-17",1583.9289895881373,1.8155304818104407,0,False
fold_08,rolling_7d,all,ridge_direct_calendar,100.0,4,"2018-01-14,2018-01-15,2018-01-16,2018-01-17",2082.740148086661,2.236726232577555,0,False
fold_08,rolling_7d,all,ridge_direct_calendar,1000.0,4,"2018-01-14,2018-01-15,2018-01-16,2018-01-17",2534.8874476788924,2.6402640605708614,0,False
fold_08,rolling_7d,all,ridge_direct_calendar_vessel,0.1,4,"2018-01-14,2018-01-15,2018-01-16,2018-01-17",1362.3835382248662,1.5571130487550329,0,False
fold_08,rolling_7d,all,ridge_direct_calendar_vessel,1.0,4,"2018-01-14,2018-01-15,2018-01-16,2018-01-17",1356.7620202125513,1.562205181237577,0,True
fold_08,rolling_7d,all,ridge_direct_calendar_vessel,10.0,4,"2018-01-14,2018-01-15,2018-01-16,2018-01-17",1494.8185562739295,1.6995167156228395,0,False
fold_08,rolling_7d,all,ridge_direct_calendar_vessel,100.0,4,"2018-01-14,2018-01-15,2018-01-16,2018-01-17",2007.1847240631648,2.1213226971711134,0,False
fold_08,rolling_7d,all,ridge_direct_calendar_vessel,1000.0,4,"2018-01-14,2018-01-15,2018-01-16,2018-01-17",2464.8155553742345,2.5893551751074866,0,False
fold_08,rolling_7d,all,poisson_direct_calendar,0.0001,4,"2018-01-14,2018-01-15,2018-01-16,2018-01-17",1522.195250124526,1.7184835636010711,0,False
fold_08,rolling_7d,all,poisson_direct_calendar,0.001,4,"2018-01-14,2018-01-15,2018-01-16,2018-01-17",1510.7788557856918,1.7177353506187865,0,False
fold_08,rolling_7d,all,poisson_direct_calendar,0.01,4,"2018-01-14,2018-01-15,2018-01-16,2018-01-17",1505.4759031104954,1.7683005360593824,0,True
fold_08,rolling_7d,all,poisson_direct_calendar,0.1,4,"2018-01-14,2018-01-15,2018-01-16,2018-01-17",1779.8231329568523,2.0652127495338064,0,False
fold_08,rolling_7d,all,poisson_direct_calendar,1.0,4,"2018-01-14,2018-01-15,2018-01-16,2018-01-17",2219.8410421308245,2.4220111280970085,0,False
fold_08,rolling_7d,all,poisson_direct_calendar_vessel,0.0001,4,"2018-01-14,2018-01-15,2018-01-16,2018-01-17",1282.4630250924918,1.589427774308004,0,False
fold_08,rolling_7d,all,poisson_direct_calendar_vessel,0.001,4,"2018-01-14,2018-01-15,2018-01-16,2018-01-17",1282.4197110282314,1.5930723702611174,0,True
fold_08,rolling_7d,all,poisson_direct_calendar_vessel,0.01,4,"2018-01-14,2018-01-15,2018-01-16,2018-01-17",1327.0097857630212,1.6459746736849958,0,False
fold_08,rolling_7d,all,poisson_direct_calendar_vessel,0.1,4,"2018-01-14,2018-01-15,2018-01-16,2018-01-17",1645.011901333099,1.9321185324389931,0,False
fold_08,rolling_7d,all,poisson_direct_calendar_vessel,1.0,4,"2018-01-14,2018-01-15,2018-01-16,2018-01-17",2125.780126933132,2.3324974773135088,0,False
fold_08,rolling_7d,all,decomp_ridge_calendar_mean,0.1,4,"2018-01-14,2018-01-15,2018-01-16,2018-01-17",1469.008262387318,1.6820075763898055,0,True
fold_08,rolling_7d,all,decomp_ridge_calendar_mean,1.0,4,"2018-01-14,2018-01-15,2018-01-16,2018-01-17",1508.9202092305768,1.7307080625965936,0,False
fold_08,rolling_7d,all,decomp_ridge_calendar_mean,10.0,4,"2018-01-14,2018-01-15,2018-01-16,2018-01-17",1913.7424761113894,2.0561230304424143,0,False
fold_08,rolling_7d,all,decomp_ridge_calendar_mean,100.0,4,"2018-01-14,2018-01-15,2018-01-16,2018-01-17",2699.7178060512015,2.5465491741396824,0,False
fold_08,rolling_7d,all,decomp_ridge_calendar_mean,1000.0,4,"2018-01-14,2018-01-15,2018-01-16,2018-01-17",2947.9701730854945,2.6732189133602255,0,False
fold_08,rolling_7d,all,decomp_ridge_calendar_daytype,0.1,4,"2018-01-14,2018-01-15,2018-01-16,2018-01-17",1444.761240916691,1.6695221124029986,0,True
fold_08,rolling_7d,all,decomp_ridge_calendar_daytype,1.0,4,"2018-01-14,2018-01-15,2018-01-16,2018-01-17",1486.5359493752514,1.7157795665150795,0,False
fold_08,rolling_7d,all,decomp_ridge_calendar_daytype,10.0,4,"2018-01-14,2018-01-15,2018-01-16,2018-01-17",1891.052454226392,2.051528919482395,0,False
fold_08,rolling_7d,all,decomp_ridge_calendar_daytype,100.0,4,"2018-01-14,2018-01-15,2018-01-16,2018-01-17",2676.2702170426787,2.536284560982598,0,False
fold_08,rolling_7d,all,decomp_ridge_calendar_daytype,1000.0,4,"2018-01-14,2018-01-15,2018-01-16,2018-01-17",2924.6744379381544,2.663922746337652,0,False
fold_08,rolling_7d,all,decomp_ridge_calendar_vessel_mean,0.1,4,"2018-01-14,2018-01-15,2018-01-16,2018-01-17",1278.9805810220232,1.5693146308271,0,True
fold_08,rolling_7d,all,decomp_ridge_calendar_vessel_mean,1.0,4,"2018-01-14,2018-01-15,2018-01-16,2018-01-17",1371.5699008088718,1.629736033395289,0,False
fold_08,rolling_7d,all,decomp_ridge_calendar_vessel_mean,10.0,4,"2018-01-14,2018-01-15,2018-01-16,2018-01-17",1796.911343458199,1.9754011133995348,0,False
fold_08,rolling_7d,all,decomp_ridge_calendar_vessel_mean,100.0,4,"2018-01-14,2018-01-15,2018-01-16,2018-01-17",2642.038905976833,2.5130309300936116,0,False
fold_08,rolling_7d,all,decomp_ridge_calendar_vessel_mean,1000.0,4,"2018-01-14,2018-01-15,2018-01-16,2018-01-17",2939.9424654807704,2.6688190465849977,0,False
fold_08,rolling_7d,all,decomp_ridge_calendar_vessel_daytype,0.1,4,"2018-01-14,2018-01-15,2018-01-16,2018-01-17",1261.3622891749576,1.5657466558340698,0,True
fold_08,rolling_7d,all,decomp_ridge_calendar_vessel_daytype,1.0,4,"2018-01-14,2018-01-15,2018-01-16,2018-01-17",1355.4119176515612,1.6254530878258606,0,False
fold_08,rolling_7d,all,decomp_ridge_calendar_vessel_daytype,10.0,4,"2018-01-14,2018-01-15,2018-01-16,2018-01-17",1776.7718770821075,1.9732035957937049,0,False
fold_08,rolling_7d,all,decomp_ridge_calendar_vessel_daytype,100.0,4,"2018-01-14,2018-01-15,2018-01-16,2018-01-17",2618.493879931378,2.502844504862579,0,False
fold_08,rolling_7d,all,decomp_ridge_calendar_vessel_daytype,1000.0,4,"2018-01-14,2018-01-15,2018-01-16,2018-01-17",2916.6091534770294,2.6592066731387933,0,False
fold_08,rolling_7d,all,decomp_poisson_calendar_mean,0.0001,4,"2018-01-14,2018-01-15,2018-01-16,2018-01-17",1554.8363917945107,1.7381541842144703,0,False
fold_08,rolling_7d,all,decomp_poisson_calendar_mean,0.001,4,"2018-01-14,2018-01-15,2018-01-16,2018-01-17",1554.822799872581,1.7381657034758682,0,False
fold_08,rolling_7d,all,decomp_poisson_calendar_mean,0.01,4,"2018-01-14,2018-01-15,2018-01-16,2018-01-17",1554.6899531834574,1.7382810292619209,0,False
fold_08,rolling_7d,all,decomp_poisson_calendar_mean,0.1,4,"2018-01-14,2018-01-15,2018-01-16,2018-01-17",1553.5237421888003,1.7394073890420354,0,False
fold_08,rolling_7d,all,decomp_poisson_calendar_mean,1.0,4,"2018-01-14,2018-01-15,2018-01-16,2018-01-17",1553.1440851646425,1.7564202146892385,0,True
fold_08,rolling_7d,all,decomp_poisson_calendar_daytype,0.0001,4,"2018-01-14,2018-01-15,2018-01-16,2018-01-17",1530.6321235741505,1.7327737569694077,0,False
fold_08,rolling_7d,all,decomp_poisson_calendar_daytype,0.001,4,"2018-01-14,2018-01-15,2018-01-16,2018-01-17",1530.6197004051428,1.732787991576621,0,False
fold_08,rolling_7d,all,decomp_poisson_calendar_daytype,0.01,4,"2018-01-14,2018-01-15,2018-01-16,2018-01-17",1530.4984225802343,1.7329302423460655,0,False
fold_08,rolling_7d,all,decomp_poisson_calendar_daytype,0.1,4,"2018-01-14,2018-01-15,2018-01-16,2018-01-17",1529.443859859664,1.734437024109808,0,True
fold_08,rolling_7d,all,decomp_poisson_calendar_daytype,1.0,4,"2018-01-14,2018-01-15,2018-01-16,2018-01-17",1529.8829723298445,1.7492377103991263,0,False
fold_08,rolling_7d,all,decomp_poisson_calendar_vessel_mean,0.0001,4,"2018-01-14,2018-01-15,2018-01-16,2018-01-17",1303.0987286846648,1.606506531239181,0,True
fold_08,rolling_7d,all,decomp_poisson_calendar_vessel_mean,0.001,4,"2018-01-14,2018-01-15,2018-01-16,2018-01-17",1303.1259987243036,1.6065279059441526,0,False
fold_08,rolling_7d,all,decomp_poisson_calendar_vessel_mean,0.01,4,"2018-01-14,2018-01-15,2018-01-16,2018-01-17",1303.3994471477636,1.6067415368750577,0,False
fold_08,rolling_7d,all,decomp_poisson_calendar_vessel_mean,0.1,4,"2018-01-14,2018-01-15,2018-01-16,2018-01-17",1306.2047525377745,1.6088764448473951,0,False
fold_08,rolling_7d,all,decomp_poisson_calendar_vessel_mean,1.0,4,"2018-01-14,2018-01-15,2018-01-16,2018-01-17",1337.3140605594406,1.6305856730425927,0,False
fold_08,rolling_7d,all,decomp_poisson_calendar_vessel_daytype,0.0001,4,"2018-01-14,2018-01-15,2018-01-16,2018-01-17",1282.783522201804,1.599082103313389,0,True
fold_08,rolling_7d,all,decomp_poisson_calendar_vessel_daytype,0.001,4,"2018-01-14,2018-01-15,2018-01-16,2018-01-17",1282.8118171885567,1.5991028793189326,0,False
fold_08,rolling_7d,all,decomp_poisson_calendar_vessel_daytype,0.01,4,"2018-01-14,2018-01-15,2018-01-16,2018-01-17",1283.095466512642,1.5993107445865422,0,False
fold_08,rolling_7d,all,decomp_poisson_calendar_vessel_daytype,0.1,4,"2018-01-14,2018-01-15,2018-01-16,2018-01-17",1285.9976932464854,1.601433593959971,0,False
fold_08,rolling_7d,all,decomp_poisson_calendar_vessel_daytype,1.0,4,"2018-01-14,2018-01-15,2018-01-16,2018-01-17",1317.7315397030652,1.6242842648140126,0,False
fold_08,rolling_7d,exclude_outage_severe,ridge_direct_calendar,0.1,4,"2018-01-14,2018-01-15,2018-01-16,2018-01-17",2158.750749318947,2.0091603226196444,0,False
fold_08,rolling_7d,exclude_outage_severe,ridge_direct_calendar,1.0,4,"2018-01-14,2018-01-15,2018-01-16,2018-01-17",2061.590831747757,1.9916748779266809,0,False
fold_08,rolling_7d,exclude_outage_severe,ridge_direct_calendar,10.0,4,"2018-01-14,2018-01-15,2018-01-16,2018-01-17",1863.4602444320165,2.0617859278404707,0,True
fold_08,rolling_7d,exclude_outage_severe,ridge_direct_calendar,100.0,4,"2018-01-14,2018-01-15,2018-01-16,2018-01-17",2312.7897476601065,2.503550202371292,0,False
fold_08,rolling_7d,exclude_outage_severe,ridge_direct_calendar,1000.0,4,"2018-01-14,2018-01-15,2018-01-16,2018-01-17",3066.0766100646147,2.9574391365752493,0,False
fold_08,rolling_7d,exclude_outage_severe,ridge_direct_calendar_vessel,0.1,4,"2018-01-14,2018-01-15,2018-01-16,2018-01-17",1816.828986088096,1.864817748092428,0,False
fold_08,rolling_7d,exclude_outage_severe,ridge_direct_calendar_vessel,1.0,4,"2018-01-14,2018-01-15,2018-01-16,2018-01-17",1805.2494549272883,1.8460907600437677,0,False
fold_08,rolling_7d,exclude_outage_severe,ridge_direct_calendar_vessel,10.0,4,"2018-01-14,2018-01-15,2018-01-16,2018-01-17",1748.3264436860807,1.8797533395058714,0,True
fold_08,rolling_7d,exclude_outage_severe,ridge_direct_calendar_vessel,100.0,4,"2018-01-14,2018-01-15,2018-01-16,2018-01-17",2110.2920730781457,2.3672342404789943,0,False
fold_08,rolling_7d,exclude_outage_severe,ridge_direct_calendar_vessel,1000.0,4,"2018-01-14,2018-01-15,2018-01-16,2018-01-17",3048.8333887530393,2.9483559680711062,0,False
fold_08,rolling_7d,exclude_outage_severe,poisson_direct_calendar,0.0001,4,"2018-01-14,2018-01-15,2018-01-16,2018-01-17",2118.594830405408,2.0733218197160035,0,False
fold_08,rolling_7d,exclude_outage_severe,poisson_direct_calendar,0.001,4,"2018-01-14,2018-01-15,2018-01-16,2018-01-17",2091.4950656480287,2.0676415165857893,0,False
fold_08,rolling_7d,exclude_outage_severe,poisson_direct_calendar,0.01,4,"2018-01-14,2018-01-15,2018-01-16,2018-01-17",1994.2881024043104,2.0721624820836495,0,True
fold_08,rolling_7d,exclude_outage_severe,poisson_direct_calendar,0.1,4,"2018-01-14,2018-01-15,2018-01-16,2018-01-17",2016.4579786588338,2.2635835877889505,0,False
fold_08,rolling_7d,exclude_outage_severe,poisson_direct_calendar,1.0,4,"2018-01-14,2018-01-15,2018-01-16,2018-01-17",2579.1771707208427,2.6841729159601675,0,False
fold_08,rolling_7d,exclude_outage_severe,poisson_direct_calendar_vessel,0.0001,4,"2018-01-14,2018-01-15,2018-01-16,2018-01-17",1782.7911615813819,1.9262806159566463,0,False
fold_08,rolling_7d,exclude_outage_severe,poisson_direct_calendar_vessel,0.001,4,"2018-01-14,2018-01-15,2018-01-16,2018-01-17",1781.219596428797,1.9234638127949428,0,True
fold_08,rolling_7d,exclude_outage_severe,poisson_direct_calendar_vessel,0.01,4,"2018-01-14,2018-01-15,2018-01-16,2018-01-17",1809.356047051083,1.9479093968476127,0,False
fold_08,rolling_7d,exclude_outage_severe,poisson_direct_calendar_vessel,0.1,4,"2018-01-14,2018-01-15,2018-01-16,2018-01-17",1901.955788857774,2.1313438369738527,0,False
fold_08,rolling_7d,exclude_outage_severe,poisson_direct_calendar_vessel,1.0,4,"2018-01-14,2018-01-15,2018-01-16,2018-01-17",2480.005656561607,2.6240177123327744,0,False
fold_08,rolling_7d,exclude_outage_severe,decomp_ridge_calendar_mean,0.1,4,"2018-01-14,2018-01-15,2018-01-16,2018-01-17",2007.3761632825283,2.000423261110596,0,False
fold_08,rolling_7d,exclude_outage_severe,decomp_ridge_calendar_mean,1.0,4,"2018-01-14,2018-01-15,2018-01-16,2018-01-17",1979.0202098464913,2.0320818297989236,0,True
fold_08,rolling_7d,exclude_outage_severe,decomp_ridge_calendar_mean,10.0,4,"2018-01-14,2018-01-15,2018-01-16,2018-01-17",2401.875546160643,2.3943266184100853,0,False
fold_08,rolling_7d,exclude_outage_severe,decomp_ridge_calendar_mean,100.0,4,"2018-01-14,2018-01-15,2018-01-16,2018-01-17",3276.65737930709,2.8763364623379397,0,False
fold_08,rolling_7d,exclude_outage_severe,decomp_ridge_calendar_mean,1000.0,4,"2018-01-14,2018-01-15,2018-01-16,2018-01-17",3497.4832148484397,2.979793940415602,0,False
fold_08,rolling_7d,exclude_outage_severe,decomp_ridge_calendar_daytype,0.1,4,"2018-01-14,2018-01-15,2018-01-16,2018-01-17",1979.4119945598172,1.9960809706844347,0,False
fold_08,rolling_7d,exclude_outage_severe,decomp_ridge_calendar_daytype,1.0,4,"2018-01-14,2018-01-15,2018-01-16,2018-01-17",1951.339051423079,2.027960763244093,0,True
fold_08,rolling_7d,exclude_outage_severe,decomp_ridge_calendar_daytype,10.0,4,"2018-01-14,2018-01-15,2018-01-16,2018-01-17",2372.1322439123664,2.387038527753475,0,False
fold_08,rolling_7d,exclude_outage_severe,decomp_ridge_calendar_daytype,100.0,4,"2018-01-14,2018-01-15,2018-01-16,2018-01-17",3245.7736692939193,2.867450865740965,0,False
fold_08,rolling_7d,exclude_outage_severe,decomp_ridge_calendar_daytype,1000.0,4,"2018-01-14,2018-01-15,2018-01-16,2018-01-17",3466.5521908474534,2.972553323138356,0,False
fold_08,rolling_7d,exclude_outage_severe,decomp_ridge_calendar_vessel_mean,0.1,4,"2018-01-14,2018-01-15,2018-01-16,2018-01-17",1646.6729854301157,1.831619384301727,0,True
fold_08,rolling_7d,exclude_outage_severe,decomp_ridge_calendar_vessel_mean,1.0,4,"2018-01-14,2018-01-15,2018-01-16,2018-01-17",1726.875236299072,1.882225719629331,0,False
fold_08,rolling_7d,exclude_outage_severe,decomp_ridge_calendar_vessel_mean,10.0,4,"2018-01-14,2018-01-15,2018-01-16,2018-01-17",2287.8166568382917,2.328038432538117,0,False
fold_08,rolling_7d,exclude_outage_severe,decomp_ridge_calendar_vessel_mean,100.0,4,"2018-01-14,2018-01-15,2018-01-16,2018-01-17",3270.7861798792437,2.8727722591328524,0,False
fold_08,rolling_7d,exclude_outage_severe,decomp_ridge_calendar_vessel_mean,1000.0,4,"2018-01-14,2018-01-15,2018-01-16,2018-01-17",3497.2750010576465,2.97956924894997,0,False
fold_08,rolling_7d,exclude_outage_severe,decomp_ridge_calendar_vessel_daytype,0.1,4,"2018-01-14,2018-01-15,2018-01-16,2018-01-17",1619.7833546197905,1.8273088924750445,0,True
fold_08,rolling_7d,exclude_outage_severe,decomp_ridge_calendar_vessel_daytype,1.0,4,"2018-01-14,2018-01-15,2018-01-16,2018-01-17",1700.3252967102476,1.8767506032092613,0,False
fold_08,rolling_7d,exclude_outage_severe,decomp_ridge_calendar_vessel_daytype,10.0,4,"2018-01-14,2018-01-15,2018-01-16,2018-01-17",2257.7936368185783,2.322905063649003,0,False
fold_08,rolling_7d,exclude_outage_severe,decomp_ridge_calendar_vessel_daytype,100.0,4,"2018-01-14,2018-01-15,2018-01-16,2018-01-17",3239.7869008820862,2.8635655222764655,0,False
fold_08,rolling_7d,exclude_outage_severe,decomp_ridge_calendar_vessel_daytype,1000.0,4,"2018-01-14,2018-01-15,2018-01-16,2018-01-17",3466.3305072598037,2.9723071802828507,0,False
fold_08,rolling_7d,exclude_outage_severe,decomp_poisson_calendar_mean,0.0001,4,"2018-01-14,2018-01-15,2018-01-16,2018-01-17",2142.196585106137,2.075793903423598,0,False
fold_08,rolling_7d,exclude_outage_severe,decomp_poisson_calendar_mean,0.001,4,"2018-01-14,2018-01-15,2018-01-16,2018-01-17",2142.1534412995143,2.0757947198468245,0,False
fold_08,rolling_7d,exclude_outage_severe,decomp_poisson_calendar_mean,0.01,4,"2018-01-14,2018-01-15,2018-01-16,2018-01-17",2141.723243709036,2.0758028397882047,0,False
fold_08,rolling_7d,exclude_outage_severe,decomp_poisson_calendar_mean,0.1,4,"2018-01-14,2018-01-15,2018-01-16,2018-01-17",2137.5511912483817,2.075884909149316,0,False
fold_08,rolling_7d,exclude_outage_severe,decomp_poisson_calendar_mean,1.0,4,"2018-01-14,2018-01-15,2018-01-16,2018-01-17",2106.436358424663,2.0793179955050203,0,True
fold_08,rolling_7d,exclude_outage_severe,decomp_poisson_calendar_daytype,0.0001,4,"2018-01-14,2018-01-15,2018-01-16,2018-01-17",2114.6896993693717,2.072773416222879,0,False
fold_08,rolling_7d,exclude_outage_severe,decomp_poisson_calendar_daytype,0.001,4,"2018-01-14,2018-01-15,2018-01-16,2018-01-17",2114.646666825875,2.0727725523102674,0,False
fold_08,rolling_7d,exclude_outage_severe,decomp_poisson_calendar_daytype,0.01,4,"2018-01-14,2018-01-15,2018-01-16,2018-01-17",2114.217568899889,2.072763885951598,0,False
fold_08,rolling_7d,exclude_outage_severe,decomp_poisson_calendar_daytype,0.1,4,"2018-01-14,2018-01-15,2018-01-16,2018-01-17",2110.05523220221,2.0726799905108195,0,False
fold_08,rolling_7d,exclude_outage_severe,decomp_poisson_calendar_daytype,1.0,4,"2018-01-14,2018-01-15,2018-01-16,2018-01-17",2078.9497701537903,2.075234078506832,0,True
fold_08,rolling_7d,exclude_outage_severe,decomp_poisson_calendar_vessel_mean,0.0001,4,"2018-01-14,2018-01-15,2018-01-16,2018-01-17",1799.773632536473,1.9309775671839493,0,True
fold_08,rolling_7d,exclude_outage_severe,decomp_poisson_calendar_vessel_mean,0.001,4,"2018-01-14,2018-01-15,2018-01-16,2018-01-17",1799.7963982158594,1.930973722576582,0,False
fold_08,rolling_7d,exclude_outage_severe,decomp_poisson_calendar_vessel_mean,0.01,4,"2018-01-14,2018-01-15,2018-01-16,2018-01-17",1800.0284931557755,1.930940124581402,0,False
fold_08,rolling_7d,exclude_outage_severe,decomp_poisson_calendar_vessel_mean,0.1,4,"2018-01-14,2018-01-15,2018-01-16,2018-01-17",1802.6432898675002,1.931000231473978,0,False
fold_08,rolling_7d,exclude_outage_severe,decomp_poisson_calendar_vessel_mean,1.0,4,"2018-01-14,2018-01-15,2018-01-16,2018-01-17",1833.613080475275,1.946324810064159,0,False
fold_08,rolling_7d,exclude_outage_severe,decomp_poisson_calendar_vessel_daytype,0.0001,4,"2018-01-14,2018-01-15,2018-01-16,2018-01-17",1773.0525810960273,1.9248575634148364,0,True
fold_08,rolling_7d,exclude_outage_severe,decomp_poisson_calendar_vessel_daytype,0.001,4,"2018-01-14,2018-01-15,2018-01-16,2018-01-17",1773.0763042729188,1.9248546229608658,0,False
fold_08,rolling_7d,exclude_outage_severe,decomp_poisson_calendar_vessel_daytype,0.01,4,"2018-01-14,2018-01-15,2018-01-16,2018-01-17",1773.3178595041477,1.9248296272556162,0,False
fold_08,rolling_7d,exclude_outage_severe,decomp_poisson_calendar_vessel_daytype,0.1,4,"2018-01-14,2018-01-15,2018-01-16,2018-01-17",1776.0149681694083,1.9249731932902614,0,False
fold_08,rolling_7d,exclude_outage_severe,decomp_poisson_calendar_vessel_daytype,1.0,4,"2018-01-14,2018-01-15,2018-01-16,2018-01-17",1807.1900325951767,1.9401198088282632,0,False
fold_08,rolling_7d,quality_weighted,ridge_direct_calendar,0.1,4,"2018-01-14,2018-01-15,2018-01-16,2018-01-17",2222.924927126743,2.0472396690530865,0,False
fold_08,rolling_7d,quality_weighted,ridge_direct_calendar,1.0,4,"2018-01-14,2018-01-15,2018-01-16,2018-01-17",2118.9838122474553,2.0318763379615317,0,False
fold_08,rolling_7d,quality_weighted,ridge_direct_calendar,10.0,4,"2018-01-14,2018-01-15,2018-01-16,2018-01-17",1923.7490174723566,2.1117369001298805,0,True
fold_08,rolling_7d,quality_weighted,ridge_direct_calendar,100.0,4,"2018-01-14,2018-01-15,2018-01-16,2018-01-17",2401.0871709191865,2.560677495503887,0,False
fold_08,rolling_7d,quality_weighted,ridge_direct_calendar,1000.0,4,"2018-01-14,2018-01-15,2018-01-16,2018-01-17",3152.6620457155477,3.003371261151102,0,False
fold_08,rolling_7d,quality_weighted,ridge_direct_calendar_vessel,0.1,4,"2018-01-14,2018-01-15,2018-01-16,2018-01-17",1858.16240098195,1.8860660475343076,0,False
fold_08,rolling_7d,quality_weighted,ridge_direct_calendar_vessel,1.0,4,"2018-01-14,2018-01-15,2018-01-16,2018-01-17",1841.0364668609727,1.8699222204453665,0,False
fold_08,rolling_7d,quality_weighted,ridge_direct_calendar_vessel,10.0,4,"2018-01-14,2018-01-15,2018-01-16,2018-01-17",1776.2334563377408,1.9150590311183475,0,True
fold_08,rolling_7d,quality_weighted,ridge_direct_calendar_vessel,100.0,4,"2018-01-14,2018-01-15,2018-01-16,2018-01-17",2178.873227074506,2.416383444024095,0,False
fold_08,rolling_7d,quality_weighted,ridge_direct_calendar_vessel,1000.0,4,"2018-01-14,2018-01-15,2018-01-16,2018-01-17",3126.4577398305137,2.989156414343616,0,False
fold_08,rolling_7d,quality_weighted,poisson_direct_calendar,0.0001,4,"2018-01-14,2018-01-15,2018-01-16,2018-01-17",2178.3539133713207,2.1136900602546786,0,False
fold_08,rolling_7d,quality_weighted,poisson_direct_calendar,0.001,4,"2018-01-14,2018-01-15,2018-01-16,2018-01-17",2152.8253217630636,2.1084749550357222,0,False
fold_08,rolling_7d,quality_weighted,poisson_direct_calendar,0.01,4,"2018-01-14,2018-01-15,2018-01-16,2018-01-17",2049.9617052017898,2.110185230694771,0,True
fold_08,rolling_7d,quality_weighted,poisson_direct_calendar,0.1,4,"2018-01-14,2018-01-15,2018-01-16,2018-01-17",2074.0689744091405,2.303343389904319,0,False
fold_08,rolling_7d,quality_weighted,poisson_direct_calendar,1.0,4,"2018-01-14,2018-01-15,2018-01-16,2018-01-17",2649.772247814363,2.7251017534884077,0,False
fold_08,rolling_7d,quality_weighted,poisson_direct_calendar_vessel,0.0001,4,"2018-01-14,2018-01-15,2018-01-16,2018-01-17",1817.755943216458,1.9519259564883558,0,False
fold_08,rolling_7d,quality_weighted,poisson_direct_calendar_vessel,0.001,4,"2018-01-14,2018-01-15,2018-01-16,2018-01-17",1816.5217770474524,1.9494277337638448,0,True
fold_08,rolling_7d,quality_weighted,poisson_direct_calendar_vessel,0.01,4,"2018-01-14,2018-01-15,2018-01-16,2018-01-17",1840.412255912702,1.9737602540441799,0,False
fold_08,rolling_7d,quality_weighted,poisson_direct_calendar_vessel,0.1,4,"2018-01-14,2018-01-15,2018-01-16,2018-01-17",1937.5892581084438,2.160746080321469,0,False
fold_08,rolling_7d,quality_weighted,poisson_direct_calendar_vessel,1.0,4,"2018-01-14,2018-01-15,2018-01-16,2018-01-17",2531.4339728578707,2.655720133101079,0,False
fold_08,rolling_7d,quality_weighted,decomp_ridge_calendar_mean,0.1,4,"2018-01-14,2018-01-15,2018-01-16,2018-01-17",2060.16530191553,2.0394782262750337,0,False
fold_08,rolling_7d,quality_weighted,decomp_ridge_calendar_mean,1.0,4,"2018-01-14,2018-01-15,2018-01-16,2018-01-17",2045.1497720178313,2.078660761512062,0,True
fold_08,rolling_7d,quality_weighted,decomp_ridge_calendar_mean,10.0,4,"2018-01-14,2018-01-15,2018-01-16,2018-01-17",2508.581996087245,2.4520767129739394,0,False
fold_08,rolling_7d,quality_weighted,decomp_ridge_calendar_mean,100.0,4,"2018-01-14,2018-01-15,2018-01-16,2018-01-17",3369.40884474779,2.9144955407843884,0,False
fold_08,rolling_7d,quality_weighted,decomp_ridge_calendar_mean,1000.0,4,"2018-01-14,2018-01-15,2018-01-16,2018-01-17",3580.5557841340706,3.0131656728558416,0,False
fold_08,rolling_7d,quality_weighted,decomp_ridge_calendar_daytype,0.1,4,"2018-01-14,2018-01-15,2018-01-16,2018-01-17",2031.6681080072128,2.0350371626846067,0,False
fold_08,rolling_7d,quality_weighted,decomp_ridge_calendar_daytype,1.0,4,"2018-01-14,2018-01-15,2018-01-16,2018-01-17",2016.8343444696884,2.0758259689037306,0,True
fold_08,rolling_7d,quality_weighted,decomp_ridge_calendar_daytype,10.0,4,"2018-01-14,2018-01-15,2018-01-16,2018-01-17",2478.1736653696844,2.4467763169368846,0,False
fold_08,rolling_7d,quality_weighted,decomp_ridge_calendar_daytype,100.0,4,"2018-01-14,2018-01-15,2018-01-16,2018-01-17",3337.8204273888273,2.9087334311381117,0,False
fold_08,rolling_7d,quality_weighted,decomp_ridge_calendar_daytype,1000.0,4,"2018-01-14,2018-01-15,2018-01-16,2018-01-17",3548.8936928001526,3.007339494897627,0,False
fold_08,rolling_7d,quality_weighted,decomp_ridge_calendar_vessel_mean,0.1,4,"2018-01-14,2018-01-15,2018-01-16,2018-01-17",1672.6133034578838,1.8570123349170293,0,True
fold_08,rolling_7d,quality_weighted,decomp_ridge_calendar_vessel_mean,1.0,4,"2018-01-14,2018-01-15,2018-01-16,2018-01-17",1766.7266055694774,1.9148872954472584,0,False
fold_08,rolling_7d,quality_weighted,decomp_ridge_calendar_vessel_mean,10.0,4,"2018-01-14,2018-01-15,2018-01-16,2018-01-17",2375.1723127088962,2.376694985393703,0,False
fold_08,rolling_7d,quality_weighted,decomp_ridge_calendar_vessel_mean,100.0,4,"2018-01-14,2018-01-15,2018-01-16,2018-01-17",3357.645988627927,2.9079046632194023,0,False
fold_08,rolling_7d,quality_weighted,decomp_ridge_calendar_vessel_mean,1000.0,4,"2018-01-14,2018-01-15,2018-01-16,2018-01-17",3579.618203376854,3.0125746582985884,0,False
fold_08,rolling_7d,quality_weighted,decomp_ridge_calendar_vessel_daytype,0.1,4,"2018-01-14,2018-01-15,2018-01-16,2018-01-17",1645.1542294378974,1.8513847573476718,0,True
fold_08,rolling_7d,quality_weighted,decomp_ridge_calendar_vessel_daytype,1.0,4,"2018-01-14,2018-01-15,2018-01-16,2018-01-17",1739.3841648567177,1.9097224581086474,0,False
fold_08,rolling_7d,quality_weighted,decomp_ridge_calendar_vessel_daytype,10.0,4,"2018-01-14,2018-01-15,2018-01-16,2018-01-17",2344.354481202311,2.3724709356970606,0,False
fold_08,rolling_7d,quality_weighted,decomp_ridge_calendar_vessel_daytype,100.0,4,"2018-01-14,2018-01-15,2018-01-16,2018-01-17",3325.9009679060755,2.9019831459266943,0,False
fold_08,rolling_7d,quality_weighted,decomp_ridge_calendar_vessel_daytype,1000.0,4,"2018-01-14,2018-01-15,2018-01-16,2018-01-17",3547.9375837049865,3.0067621683360617,0,False
fold_08,rolling_7d,quality_weighted,decomp_poisson_calendar_mean,0.0001,4,"2018-01-14,2018-01-15,2018-01-16,2018-01-17",2200.3836268196937,2.1174249888748067,0,False
fold_08,rolling_7d,quality_weighted,decomp_poisson_calendar_mean,0.001,4,"2018-01-14,2018-01-15,2018-01-16,2018-01-17",2200.342596597983,2.1174271270829133,0,False
fold_08,rolling_7d,quality_weighted,decomp_poisson_calendar_mean,0.01,4,"2018-01-14,2018-01-15,2018-01-16,2018-01-17",2199.933896377204,2.1174485262032956,0,False
fold_08,rolling_7d,quality_weighted,decomp_poisson_calendar_mean,0.1,4,"2018-01-14,2018-01-15,2018-01-16,2018-01-17",2195.981399258448,2.117741252822984,0,False
fold_08,rolling_7d,quality_weighted,decomp_poisson_calendar_mean,1.0,4,"2018-01-14,2018-01-15,2018-01-16,2018-01-17",2167.147072635725,2.1219532015972575,0,True
fold_08,rolling_7d,quality_weighted,decomp_poisson_calendar_daytype,0.0001,4,"2018-01-14,2018-01-15,2018-01-16,2018-01-17",2172.4380744736627,2.1162429290394216,0,False
fold_08,rolling_7d,quality_weighted,decomp_poisson_calendar_daytype,0.001,4,"2018-01-14,2018-01-15,2018-01-16,2018-01-17",2172.397066336797,2.116244239586231,0,False
fold_08,rolling_7d,quality_weighted,decomp_poisson_calendar_daytype,0.01,4,"2018-01-14,2018-01-15,2018-01-16,2018-01-17",2171.988578940468,2.116257381728689,0,False
fold_08,rolling_7d,quality_weighted,decomp_poisson_calendar_daytype,0.1,4,"2018-01-14,2018-01-15,2018-01-16,2018-01-17",2168.037282235509,2.116427215478177,0,False
fold_08,rolling_7d,quality_weighted,decomp_poisson_calendar_daytype,1.0,4,"2018-01-14,2018-01-15,2018-01-16,2018-01-17",2139.1525179175396,2.1197231845233784,0,True
fold_08,rolling_7d,quality_weighted,decomp_poisson_calendar_vessel_mean,0.0001,4,"2018-01-14,2018-01-15,2018-01-16,2018-01-17",1833.380895966998,1.956094759166727,0,True
fold_08,rolling_7d,quality_weighted,decomp_poisson_calendar_vessel_mean,0.001,4,"2018-01-14,2018-01-15,2018-01-16,2018-01-17",1833.407551376945,1.956094218848175,0,False
fold_08,rolling_7d,quality_weighted,decomp_poisson_calendar_vessel_mean,0.01,4,"2018-01-14,2018-01-15,2018-01-16,2018-01-17",1833.6772029377335,1.9560929380139938,0,False
fold_08,rolling_7d,quality_weighted,decomp_poisson_calendar_vessel_mean,0.1,4,"2018-01-14,2018-01-15,2018-01-16,2018-01-17",1836.6394590847842,1.956445990566943,0,False
fold_08,rolling_7d,quality_weighted,decomp_poisson_calendar_vessel_mean,1.0,4,"2018-01-14,2018-01-15,2018-01-16,2018-01-17",1870.2872851586503,1.9736200676902536,0,False
fold_08,rolling_7d,quality_weighted,decomp_poisson_calendar_vessel_daytype,0.0001,4,"2018-01-14,2018-01-15,2018-01-16,2018-01-17",1806.2350794892322,1.950164883390636,0,True
fold_08,rolling_7d,quality_weighted,decomp_poisson_calendar_vessel_daytype,0.001,4,"2018-01-14,2018-01-15,2018-01-16,2018-01-17",1806.2624969980013,1.9501650706292821,0,False
fold_08,rolling_7d,quality_weighted,decomp_poisson_calendar_vessel_daytype,0.01,4,"2018-01-14,2018-01-15,2018-01-16,2018-01-17",1806.5396464570342,1.9501708193683764,0,False
fold_08,rolling_7d,quality_weighted,decomp_poisson_calendar_vessel_daytype,0.1,4,"2018-01-14,2018-01-15,2018-01-16,2018-01-17",1809.5659132420144,1.9505732444513686,0,False
fold_08,rolling_7d,quality_weighted,decomp_poisson_calendar_vessel_daytype,1.0,4,"2018-01-14,2018-01-15,2018-01-16,2018-01-17",1843.3097772946112,1.967411011654266,0,False
final_analog,final_analog,all,ridge_direct_calendar,0.1,4,"2018-01-15,2018-01-16,2018-01-17,2018-01-18",1185.3175619611955,1.448294963014788,0,False
final_analog,final_analog,all,ridge_direct_calendar,1.0,4,"2018-01-15,2018-01-16,2018-01-17,2018-01-18",1177.1326169733948,1.4550844776159022,0,True
final_analog,final_analog,all,ridge_direct_calendar,10.0,4,"2018-01-15,2018-01-16,2018-01-17,2018-01-18",1418.4776056033486,1.6477627504971504,0,False
final_analog,final_analog,all,ridge_direct_calendar,100.0,4,"2018-01-15,2018-01-16,2018-01-17,2018-01-18",2093.583392989214,2.1296591419657664,0,False
final_analog,final_analog,all,ridge_direct_calendar,1000.0,4,"2018-01-15,2018-01-16,2018-01-17,2018-01-18",2319.3060614314645,2.4588384652173647,0,False
final_analog,final_analog,all,ridge_direct_calendar_vessel,0.1,4,"2018-01-15,2018-01-16,2018-01-17,2018-01-18",1191.0633429781842,1.4153068950420757,0,True
final_analog,final_analog,all,ridge_direct_calendar_vessel,1.0,4,"2018-01-15,2018-01-16,2018-01-17,2018-01-18",1206.6590296990619,1.4302629768564943,0,False
final_analog,final_analog,all,ridge_direct_calendar_vessel,10.0,4,"2018-01-15,2018-01-16,2018-01-17,2018-01-18",1486.8619103949136,1.6174549493319326,0,False
final_analog,final_analog,all,ridge_direct_calendar_vessel,100.0,4,"2018-01-15,2018-01-16,2018-01-17,2018-01-18",2143.9181560049306,2.058868049629106,0,False
final_analog,final_analog,all,ridge_direct_calendar_vessel,1000.0,4,"2018-01-15,2018-01-16,2018-01-17,2018-01-18",2262.831369852652,2.4002604521640847,0,False
final_analog,final_analog,all,poisson_direct_calendar,0.0001,4,"2018-01-15,2018-01-16,2018-01-17,2018-01-18",1187.1199964114794,1.4877342095654154,0,False
final_analog,final_analog,all,poisson_direct_calendar,0.001,4,"2018-01-15,2018-01-16,2018-01-17,2018-01-18",1184.2368414216874,1.4908755417657995,0,True
final_analog,final_analog,all,poisson_direct_calendar,0.01,4,"2018-01-15,2018-01-16,2018-01-17,2018-01-18",1228.502290377155,1.5573023229669025,0,False
final_analog,final_analog,all,poisson_direct_calendar,0.1,4,"2018-01-15,2018-01-16,2018-01-17,2018-01-18",1692.1824343736803,1.9235261227771194,0,False
final_analog,final_analog,all,poisson_direct_calendar,1.0,4,"2018-01-15,2018-01-16,2018-01-17,2018-01-18",2115.4238164958765,2.287628260719566,0,False
final_analog,final_analog,all,poisson_direct_calendar_vessel,0.0001,4,"2018-01-15,2018-01-16,2018-01-17,2018-01-18",1162.1722484392276,1.4446223847112751,0,True
final_analog,final_analog,all,poisson_direct_calendar_vessel,0.001,4,"2018-01-15,2018-01-16,2018-01-17,2018-01-18",1167.2188762375959,1.4507792128526091,0,False
final_analog,final_analog,all,poisson_direct_calendar_vessel,0.01,4,"2018-01-15,2018-01-16,2018-01-17,2018-01-18",1235.9711438683687,1.5082133992254936,0,False
final_analog,final_analog,all,poisson_direct_calendar_vessel,0.1,4,"2018-01-15,2018-01-16,2018-01-17,2018-01-18",1654.089556669555,1.8175595827591127,0,False
final_analog,final_analog,all,poisson_direct_calendar_vessel,1.0,4,"2018-01-15,2018-01-16,2018-01-17,2018-01-18",2061.596770197604,2.197501415379592,0,False
final_analog,final_analog,all,decomp_ridge_calendar_mean,0.1,4,"2018-01-15,2018-01-16,2018-01-17,2018-01-18",1227.6408788845524,1.4828042823125311,0,True
final_analog,final_analog,all,decomp_ridge_calendar_mean,1.0,4,"2018-01-15,2018-01-16,2018-01-17,2018-01-18",1260.101214576116,1.5265911995549721,0,False
final_analog,final_analog,all,decomp_ridge_calendar_mean,10.0,4,"2018-01-15,2018-01-16,2018-01-17,2018-01-18",1581.2388015315605,1.8054324845195677,0,False
final_analog,final_analog,all,decomp_ridge_calendar_mean,100.0,4,"2018-01-15,2018-01-16,2018-01-17,2018-01-18",2206.705456913068,2.2711190181190566,0,False
final_analog,final_analog,all,decomp_ridge_calendar_mean,1000.0,4,"2018-01-15,2018-01-16,2018-01-17,2018-01-18",2432.75782508241,2.4059807822585575,0,False
final_analog,final_analog,all,decomp_ridge_calendar_daytype,0.1,4,"2018-01-15,2018-01-16,2018-01-17,2018-01-18",1208.1513447562838,1.47734919713717,0,True
final_analog,final_analog,all,decomp_ridge_calendar_daytype,1.0,4,"2018-01-15,2018-01-16,2018-01-17,2018-01-18",1242.4842986701876,1.5179556172533841,0,False
final_analog,final_analog,all,decomp_ridge_calendar_daytype,10.0,4,"2018-01-15,2018-01-16,2018-01-17,2018-01-18",1564.0605452302057,1.8060770470172984,0,False
final_analog,final_analog,all,decomp_ridge_calendar_daytype,100.0,4,"2018-01-15,2018-01-16,2018-01-17,2018-01-18",2186.568978615084,2.2638985093717263,0,False
final_analog,final_analog,all,decomp_ridge_calendar_daytype,1000.0,4,"2018-01-15,2018-01-16,2018-01-17,2018-01-18",2412.0111173058554,2.3999439853529654,0,False
final_analog,final_analog,all,decomp_ridge_calendar_vessel_mean,0.1,4,"2018-01-15,2018-01-16,2018-01-17,2018-01-18",1336.192733525474,1.4952836166567178,0,True
final_analog,final_analog,all,decomp_ridge_calendar_vessel_mean,1.0,4,"2018-01-15,2018-01-16,2018-01-17,2018-01-18",1367.911338698323,1.528115600761067,0,False
final_analog,final_analog,all,decomp_ridge_calendar_vessel_mean,10.0,4,"2018-01-15,2018-01-16,2018-01-17,2018-01-18",1579.3418880546683,1.761275988307698,0,False
final_analog,final_analog,all,decomp_ridge_calendar_vessel_mean,100.0,4,"2018-01-15,2018-01-16,2018-01-17,2018-01-18",2143.406484401074,2.219537960641359,0,False
final_analog,final_analog,all,decomp_ridge_calendar_vessel_mean,1000.0,4,"2018-01-15,2018-01-16,2018-01-17,2018-01-18",2422.0880118979444,2.398587506880056,0,False
final_analog,final_analog,all,decomp_ridge_calendar_vessel_daytype,0.1,4,"2018-01-15,2018-01-16,2018-01-17,2018-01-18",1324.3676079215566,1.5013039048433137,0,True
final_analog,final_analog,all,decomp_ridge_calendar_vessel_daytype,1.0,4,"2018-01-15,2018-01-16,2018-01-17,2018-01-18",1356.947125489348,1.5285787827725024,0,False
final_analog,final_analog,all,decomp_ridge_calendar_vessel_daytype,10.0,4,"2018-01-15,2018-01-16,2018-01-17,2018-01-18",1564.540858176843,1.760438662386171,0,False
final_analog,final_analog,all,decomp_ridge_calendar_vessel_daytype,100.0,4,"2018-01-15,2018-01-16,2018-01-17,2018-01-18",2122.5907301484945,2.2146496271521343,0,False
final_analog,final_analog,all,decomp_ridge_calendar_vessel_daytype,1000.0,4,"2018-01-15,2018-01-16,2018-01-17,2018-01-18",2401.20597636043,2.3922451160462317,0,False
final_analog,final_analog,all,decomp_poisson_calendar_mean,0.0001,4,"2018-01-15,2018-01-16,2018-01-17,2018-01-18",1214.6883708350972,1.5063237993063814,0,False
final_analog,final_analog,all,decomp_poisson_calendar_mean,0.001,4,"2018-01-15,2018-01-16,2018-01-17,2018-01-18",1214.675008045518,1.5063310140364161,0,False
final_analog,final_analog,all,decomp_poisson_calendar_mean,0.01,4,"2018-01-15,2018-01-16,2018-01-17,2018-01-18",1214.5447872916789,1.5064033367503238,0,False
final_analog,final_analog,all,decomp_poisson_calendar_mean,0.1,4,"2018-01-15,2018-01-16,2018-01-17,2018-01-18",1213.4360711023305,1.5071280124891449,0,True
final_analog,final_analog,all,decomp_poisson_calendar_mean,1.0,4,"2018-01-15,2018-01-16,2018-01-17,2018-01-18",1215.4492814192854,1.5225644874297066,0,False
final_analog,final_analog,all,decomp_poisson_calendar_daytype,0.0001,4,"2018-01-15,2018-01-16,2018-01-17,2018-01-18",1195.4161852443378,1.503274687706786,0,False
final_analog,final_analog,all,decomp_poisson_calendar_daytype,0.001,4,"2018-01-15,2018-01-16,2018-01-17,2018-01-18",1195.4038828670884,1.5032843485767062,0,False
final_analog,final_analog,all,decomp_poisson_calendar_daytype,0.01,4,"2018-01-15,2018-01-16,2018-01-17,2018-01-18",1195.2841584792227,1.5033809352745442,0,False
final_analog,final_analog,all,decomp_poisson_calendar_daytype,0.1,4,"2018-01-15,2018-01-16,2018-01-17,2018-01-18",1194.2775030167109,1.5044604711806535,0,True
final_analog,final_analog,all,decomp_poisson_calendar_daytype,1.0,4,"2018-01-15,2018-01-16,2018-01-17,2018-01-18",1197.0929507012256,1.517280318623823,0,False
final_analog,final_analog,all,decomp_poisson_calendar_vessel_mean,0.0001,4,"2018-01-15,2018-01-16,2018-01-17,2018-01-18",1177.2458111349686,1.4547031120190015,0,True
final_analog,final_analog,all,decomp_poisson_calendar_vessel_mean,0.001,4,"2018-01-15,2018-01-16,2018-01-17,2018-01-18",1177.2524974413784,1.4547175314046252,0,False
final_analog,final_analog,all,decomp_poisson_calendar_vessel_mean,0.01,4,"2018-01-15,2018-01-16,2018-01-17,2018-01-18",1177.3201327855106,1.454867691192383,0,False
final_analog,final_analog,all,decomp_poisson_calendar_vessel_mean,0.1,4,"2018-01-15,2018-01-16,2018-01-17,2018-01-18",1178.071970637535,1.4564151185294092,0,False
final_analog,final_analog,all,decomp_poisson_calendar_vessel_mean,1.0,4,"2018-01-15,2018-01-16,2018-01-17,2018-01-18",1190.749797806492,1.471563906703232,0,False
final_analog,final_analog,all,decomp_poisson_calendar_vessel_daytype,0.0001,4,"2018-01-15,2018-01-16,2018-01-17,2018-01-18",1162.3430154868777,1.4564173042348416,0,True
final_analog,final_analog,all,decomp_poisson_calendar_vessel_daytype,0.001,4,"2018-01-15,2018-01-16,2018-01-17,2018-01-18",1162.3503167482554,1.4564315508603392,0,False
final_analog,final_analog,all,decomp_poisson_calendar_vessel_daytype,0.01,4,"2018-01-15,2018-01-16,2018-01-17,2018-01-18",1162.424080517052,1.4565737088807007,0,False
final_analog,final_analog,all,decomp_poisson_calendar_vessel_daytype,0.1,4,"2018-01-15,2018-01-16,2018-01-17,2018-01-18",1163.234737388862,1.4579635157410733,0,False
final_analog,final_analog,all,decomp_poisson_calendar_vessel_daytype,1.0,4,"2018-01-15,2018-01-16,2018-01-17,2018-01-18",1176.3331910388683,1.473341627842504,0,False
final_analog,final_analog,exclude_outage_severe,ridge_direct_calendar,0.1,4,"2018-01-15,2018-01-16,2018-01-17,2018-01-18",1492.977669160462,1.6892392346115672,0,False
final_analog,final_analog,exclude_outage_severe,ridge_direct_calendar,1.0,4,"2018-01-15,2018-01-16,2018-01-17,2018-01-18",1417.4332982289798,1.6794731866296597,0,False
final_analog,final_analog,exclude_outage_severe,ridge_direct_calendar,10.0,4,"2018-01-15,2018-01-16,2018-01-17,2018-01-18",1400.2535388851877,1.8016560068256062,0,True
final_analog,final_analog,exclude_outage_severe,ridge_direct_calendar,100.0,4,"2018-01-15,2018-01-16,2018-01-17,2018-01-18",2173.035035276105,2.376074001227388,0,False
final_analog,final_analog,exclude_outage_severe,ridge_direct_calendar,1000.0,4,"2018-01-15,2018-01-16,2018-01-17,2018-01-18",2902.294643741468,2.8376840718264336,0,False
final_analog,final_analog,exclude_outage_severe,ridge_direct_calendar_vessel,0.1,4,"2018-01-15,2018-01-16,2018-01-17,2018-01-18",1289.6691951008736,1.5910040157303216,0,False
final_analog,final_analog,exclude_outage_severe,ridge_direct_calendar_vessel,1.0,4,"2018-01-15,2018-01-16,2018-01-17,2018-01-18",1265.157576585263,1.5703663127667586,0,False
final_analog,final_analog,exclude_outage_severe,ridge_direct_calendar_vessel,10.0,4,"2018-01-15,2018-01-16,2018-01-17,2018-01-18",1229.8089745972125,1.5970205404747024,0,True
final_analog,final_analog,exclude_outage_severe,ridge_direct_calendar_vessel,100.0,4,"2018-01-15,2018-01-16,2018-01-17,2018-01-18",1952.903857030015,2.2221340917006467,0,False
final_analog,final_analog,exclude_outage_severe,ridge_direct_calendar_vessel,1000.0,4,"2018-01-15,2018-01-16,2018-01-17,2018-01-18",2886.0999733300578,2.828423724542685,0,False
final_analog,final_analog,exclude_outage_severe,poisson_direct_calendar,0.0001,4,"2018-01-15,2018-01-16,2018-01-17,2018-01-18",1518.7497930061172,1.7815317875443373,0,False
final_analog,final_analog,exclude_outage_severe,poisson_direct_calendar,0.001,4,"2018-01-15,2018-01-16,2018-01-17,2018-01-18",1497.2712312637823,1.7818552256587472,0,False
final_analog,final_analog,exclude_outage_severe,poisson_direct_calendar,0.01,4,"2018-01-15,2018-01-16,2018-01-17,2018-01-18",1435.545178928507,1.8009853864358325,0,True
final_analog,final_analog,exclude_outage_severe,poisson_direct_calendar,0.1,4,"2018-01-15,2018-01-16,2018-01-17,2018-01-18",1703.4195464945274,2.071305858069391,0,False
final_analog,final_analog,exclude_outage_severe,poisson_direct_calendar,1.0,4,"2018-01-15,2018-01-16,2018-01-17,2018-01-18",2443.68536688908,2.5636755297558853,0,False
final_analog,final_analog,exclude_outage_severe,poisson_direct_calendar_vessel,0.0001,4,"2018-01-15,2018-01-16,2018-01-17,2018-01-18",1323.965782530231,1.6795044534161627,0,False
final_analog,final_analog,exclude_outage_severe,poisson_direct_calendar_vessel,0.001,4,"2018-01-15,2018-01-16,2018-01-17,2018-01-18",1318.4574968862655,1.6783181273399994,0,True
final_analog,final_analog,exclude_outage_severe,poisson_direct_calendar_vessel,0.01,4,"2018-01-15,2018-01-16,2018-01-17,2018-01-18",1320.1223223925208,1.6981202368862482,0,False
final_analog,final_analog,exclude_outage_severe,poisson_direct_calendar_vessel,0.1,4,"2018-01-15,2018-01-16,2018-01-17,2018-01-18",1505.8815040166587,1.8984402876677704,0,False
final_analog,final_analog,exclude_outage_severe,poisson_direct_calendar_vessel,1.0,4,"2018-01-15,2018-01-16,2018-01-17,2018-01-18",2342.8507968602157,2.495643117813011,0,False
final_analog,final_analog,exclude_outage_severe,decomp_ridge_calendar_mean,0.1,4,"2018-01-15,2018-01-16,2018-01-17,2018-01-18",1402.518841432433,1.6994959102430742,0,True
final_analog,final_analog,exclude_outage_severe,decomp_ridge_calendar_mean,1.0,4,"2018-01-15,2018-01-16,2018-01-17,2018-01-18",1416.0273296372134,1.7530199900954573,0,False
final_analog,final_analog,exclude_outage_severe,decomp_ridge_calendar_mean,10.0,4,"2018-01-15,2018-01-16,2018-01-17,2018-01-18",1972.557012310689,2.17358722811656,0,False
final_analog,final_analog,exclude_outage_severe,decomp_ridge_calendar_mean,100.0,4,"2018-01-15,2018-01-16,2018-01-17,2018-01-18",2863.3040516557194,2.6817237156518337,0,False
final_analog,final_analog,exclude_outage_severe,decomp_ridge_calendar_mean,1000.0,4,"2018-01-15,2018-01-16,2018-01-17,2018-01-18",3084.5460856329614,2.788651354716693,0,False
final_analog,final_analog,exclude_outage_severe,decomp_ridge_calendar_daytype,0.1,4,"2018-01-15,2018-01-16,2018-01-17,2018-01-18",1397.1954160088194,1.6978114685033612,0,True
final_analog,final_analog,exclude_outage_severe,decomp_ridge_calendar_daytype,1.0,4,"2018-01-15,2018-01-16,2018-01-17,2018-01-18",1410.6343744608844,1.7525033512515078,0,False
final_analog,final_analog,exclude_outage_severe,decomp_ridge_calendar_daytype,10.0,4,"2018-01-15,2018-01-16,2018-01-17,2018-01-18",1967.5926311308817,2.1742727444245866,0,False
final_analog,final_analog,exclude_outage_severe,decomp_ridge_calendar_daytype,100.0,4,"2018-01-15,2018-01-16,2018-01-17,2018-01-18",2858.1017954322715,2.678023663894046,0,False
final_analog,final_analog,exclude_outage_severe,decomp_ridge_calendar_daytype,1000.0,4,"2018-01-15,2018-01-16,2018-01-17,2018-01-18",3079.189509321181,2.787649157910982,0,False
final_analog,final_analog,exclude_outage_severe,decomp_ridge_calendar_vessel_mean,0.1,4,"2018-01-15,2018-01-16,2018-01-17,2018-01-18",1226.9112475252036,1.5823697928848082,0,True
final_analog,final_analog,exclude_outage_severe,decomp_ridge_calendar_vessel_mean,1.0,4,"2018-01-15,2018-01-16,2018-01-17,2018-01-18",1259.5565628671109,1.6256924038183733,0,False
final_analog,final_analog,exclude_outage_severe,decomp_ridge_calendar_vessel_mean,10.0,4,"2018-01-15,2018-01-16,2018-01-17,2018-01-18",1867.7274154381385,2.0988300546868324,0,False
final_analog,final_analog,exclude_outage_severe,decomp_ridge_calendar_vessel_mean,100.0,4,"2018-01-15,2018-01-16,2018-01-17,2018-01-18",2858.8941337452416,2.6781832047381764,0,False
final_analog,final_analog,exclude_outage_severe,decomp_ridge_calendar_vessel_mean,1000.0,4,"2018-01-15,2018-01-16,2018-01-17,2018-01-18",3084.5558664646073,2.7884787449181965,0,False
final_analog,final_analog,exclude_outage_severe,decomp_ridge_calendar_vessel_daytype,0.1,4,"2018-01-15,2018-01-16,2018-01-17,2018-01-18",1218.7619036983713,1.5781173933387445,0,True
final_analog,final_analog,exclude_outage_severe,decomp_ridge_calendar_vessel_daytype,1.0,4,"2018-01-15,2018-01-16,2018-01-17,2018-01-18",1252.1288313057871,1.619854971081368,0,False
final_analog,final_analog,exclude_outage_severe,decomp_ridge_calendar_vessel_daytype,10.0,4,"2018-01-15,2018-01-16,2018-01-17,2018-01-18",1861.3250013801423,2.102027721237347,0,False
final_analog,final_analog,exclude_outage_severe,decomp_ridge_calendar_vessel_daytype,100.0,4,"2018-01-15,2018-01-16,2018-01-17,2018-01-18",2853.401726616901,2.6743098491280053,0,False
final_analog,final_analog,exclude_outage_severe,decomp_ridge_calendar_vessel_daytype,1000.0,4,"2018-01-15,2018-01-16,2018-01-17,2018-01-18",3079.1673779906982,2.7874406438356916,0,False
final_analog,final_analog,exclude_outage_severe,decomp_poisson_calendar_mean,0.0001,4,"2018-01-15,2018-01-16,2018-01-17,2018-01-18",1533.0991239481154,1.7834528971221464,0,False
final_analog,final_analog,exclude_outage_severe,decomp_poisson_calendar_mean,0.001,4,"2018-01-15,2018-01-16,2018-01-17,2018-01-18",1533.0652999275158,1.7834605748519863,0,False
final_analog,final_analog,exclude_outage_severe,decomp_poisson_calendar_mean,0.01,4,"2018-01-15,2018-01-16,2018-01-17,2018-01-18",1532.7285851801996,1.7835371513254827,0,False
final_analog,final_analog,exclude_outage_severe,decomp_poisson_calendar_mean,0.1,4,"2018-01-15,2018-01-16,2018-01-17,2018-01-18",1529.5175080864983,1.7842887618392669,0,False
final_analog,final_analog,exclude_outage_severe,decomp_poisson_calendar_mean,1.0,4,"2018-01-15,2018-01-16,2018-01-17,2018-01-18",1509.9423372181582,1.7945780035369185,0,True
final_analog,final_analog,exclude_outage_severe,decomp_poisson_calendar_daytype,0.0001,4,"2018-01-15,2018-01-16,2018-01-17,2018-01-18",1529.256577070541,1.7840168170170712,0,False
final_analog,final_analog,exclude_outage_severe,decomp_poisson_calendar_daytype,0.001,4,"2018-01-15,2018-01-16,2018-01-17,2018-01-18",1529.2224719297826,1.7840226564448036,0,False
final_analog,final_analog,exclude_outage_severe,decomp_poisson_calendar_daytype,0.01,4,"2018-01-15,2018-01-16,2018-01-17,2018-01-18",1528.8829525231704,1.7840808822239351,0,False
final_analog,final_analog,exclude_outage_severe,decomp_poisson_calendar_daytype,0.1,4,"2018-01-15,2018-01-16,2018-01-17,2018-01-18",1525.6445370011072,1.7846523564851617,0,False
final_analog,final_analog,exclude_outage_severe,decomp_poisson_calendar_daytype,1.0,4,"2018-01-15,2018-01-16,2018-01-17,2018-01-18",1505.8507308397516,1.7943008330612205,0,True
final_analog,final_analog,exclude_outage_severe,decomp_poisson_calendar_vessel_mean,0.0001,4,"2018-01-15,2018-01-16,2018-01-17,2018-01-18",1333.7487156695765,1.6817059901152607,0,False
final_analog,final_analog,exclude_outage_severe,decomp_poisson_calendar_vessel_mean,0.001,4,"2018-01-15,2018-01-16,2018-01-17,2018-01-18",1333.747623947423,1.6816975337010354,0,False
final_analog,final_analog,exclude_outage_severe,decomp_poisson_calendar_vessel_mean,0.01,4,"2018-01-15,2018-01-16,2018-01-17,2018-01-18",1333.740622107032,1.681617782324621,0,True
final_analog,final_analog,exclude_outage_severe,decomp_poisson_calendar_vessel_mean,0.1,4,"2018-01-15,2018-01-16,2018-01-17,2018-01-18",1333.930829008506,1.6811991191374744,0,False
final_analog,final_analog,exclude_outage_severe,decomp_poisson_calendar_vessel_mean,1.0,4,"2018-01-15,2018-01-16,2018-01-17,2018-01-18",1344.7342936215912,1.6920400446676997,0,False
final_analog,final_analog,exclude_outage_severe,decomp_poisson_calendar_vessel_daytype,0.0001,4,"2018-01-15,2018-01-16,2018-01-17,2018-01-18",1327.4056863812352,1.6763346869504163,0,False
final_analog,final_analog,exclude_outage_severe,decomp_poisson_calendar_vessel_daytype,0.001,4,"2018-01-15,2018-01-16,2018-01-17,2018-01-18",1327.4050665498917,1.6763270717741179,0,False
final_analog,final_analog,exclude_outage_severe,decomp_poisson_calendar_vessel_daytype,0.01,4,"2018-01-15,2018-01-16,2018-01-17,2018-01-18",1327.4027315780816,1.676255579494398,0,True
final_analog,final_analog,exclude_outage_severe,decomp_poisson_calendar_vessel_daytype,0.1,4,"2018-01-15,2018-01-16,2018-01-17,2018-01-18",1327.6347558136936,1.675942717982663,0,False
final_analog,final_analog,exclude_outage_severe,decomp_poisson_calendar_vessel_daytype,1.0,4,"2018-01-15,2018-01-16,2018-01-17,2018-01-18",1338.6274284655674,1.687752996998553,0,False
final_analog,final_analog,quality_weighted,ridge_direct_calendar,0.1,4,"2018-01-15,2018-01-16,2018-01-17,2018-01-18",1535.7658212085123,1.7200493259834913,0,False
final_analog,final_analog,quality_weighted,ridge_direct_calendar,1.0,4,"2018-01-15,2018-01-16,2018-01-17,2018-01-18",1456.1213232070802,1.7102487426726674,0,True
final_analog,final_analog,quality_weighted,ridge_direct_calendar,10.0,4,"2018-01-15,2018-01-16,2018-01-17,2018-01-18",1459.139559450865,1.8480388500032054,0,False
final_analog,final_analog,quality_weighted,ridge_direct_calendar,100.0,4,"2018-01-15,2018-01-16,2018-01-17,2018-01-18",2253.609199956326,2.428382447935766,0,False
final_analog,final_analog,quality_weighted,ridge_direct_calendar,1000.0,4,"2018-01-15,2018-01-16,2018-01-17,2018-01-18",2974.1339015193944,2.8764643561708367,0,False
final_analog,final_analog,quality_weighted,ridge_direct_calendar_vessel,0.1,4,"2018-01-15,2018-01-16,2018-01-17,2018-01-18",1324.0510064951209,1.608840580375018,0,False
final_analog,final_analog,quality_weighted,ridge_direct_calendar_vessel,1.0,4,"2018-01-15,2018-01-16,2018-01-17,2018-01-18",1294.0395545520034,1.5889518332276924,0,False
final_analog,final_analog,quality_weighted,ridge_direct_calendar_vessel,10.0,4,"2018-01-15,2018-01-16,2018-01-17,2018-01-18",1252.0802879209705,1.6172008942770484,0,True
final_analog,final_analog,quality_weighted,ridge_direct_calendar_vessel,100.0,4,"2018-01-15,2018-01-16,2018-01-17,2018-01-18",2022.7604276518277,2.2680939784455747,0,False
final_analog,final_analog,quality_weighted,ridge_direct_calendar_vessel,1000.0,4,"2018-01-15,2018-01-16,2018-01-17,2018-01-18",2942.8554790896505,2.857932778531554,0,False
final_analog,final_analog,quality_weighted,poisson_direct_calendar,0.0001,4,"2018-01-15,2018-01-16,2018-01-17,2018-01-18",1555.4017225083594,1.8110655657205343,0,False
final_analog,final_analog,quality_weighted,poisson_direct_calendar,0.001,4,"2018-01-15,2018-01-16,2018-01-17,2018-01-18",1535.6885066575082,1.8113108092534054,0,False
final_analog,final_analog,quality_weighted,poisson_direct_calendar,0.01,4,"2018-01-15,2018-01-16,2018-01-17,2018-01-18",1471.9466042222975,1.827467444499382,0,True
final_analog,final_analog,quality_weighted,poisson_direct_calendar,0.1,4,"2018-01-15,2018-01-16,2018-01-17,2018-01-18",1752.0304555559733,2.106794374203503,0,False
final_analog,final_analog,quality_weighted,poisson_direct_calendar,1.0,4,"2018-01-15,2018-01-16,2018-01-17,2018-01-18",2501.9925365474382,2.597209748710069,0,False
final_analog,final_analog,quality_weighted,poisson_direct_calendar_vessel,0.0001,4,"2018-01-15,2018-01-16,2018-01-17,2018-01-18",1348.9193474458002,1.6926269207791924,0,False
final_analog,final_analog,quality_weighted,poisson_direct_calendar_vessel,0.001,4,"2018-01-15,2018-01-16,2018-01-17,2018-01-18",1343.8989381990618,1.691365247869597,0,False
final_analog,final_analog,quality_weighted,poisson_direct_calendar_vessel,0.01,4,"2018-01-15,2018-01-16,2018-01-17,2018-01-18",1341.885723809534,1.7106266048698067,0,True
final_analog,final_analog,quality_weighted,poisson_direct_calendar_vessel,0.1,4,"2018-01-15,2018-01-16,2018-01-17,2018-01-18",1536.1479604880906,1.9166906187897024,0,False
final_analog,final_analog,quality_weighted,poisson_direct_calendar_vessel,1.0,4,"2018-01-15,2018-01-16,2018-01-17,2018-01-18",2381.2127401291455,2.518359253798499,0,False
final_analog,final_analog,quality_weighted,decomp_ridge_calendar_mean,0.1,4,"2018-01-15,2018-01-16,2018-01-17,2018-01-18",1436.1416172821225,1.7280103914104263,0,True
final_analog,final_analog,quality_weighted,decomp_ridge_calendar_mean,1.0,4,"2018-01-15,2018-01-16,2018-01-17,2018-01-18",1466.2508552579018,1.7898958784724353,0,False
final_analog,final_analog,quality_weighted,decomp_ridge_calendar_mean,10.0,4,"2018-01-15,2018-01-16,2018-01-17,2018-01-18",2062.784382769847,2.2243392258490338,0,False
final_analog,final_analog,quality_weighted,decomp_ridge_calendar_mean,100.0,4,"2018-01-15,2018-01-16,2018-01-17,2018-01-18",2940.213363562322,2.714279307727325,0,False
final_analog,final_analog,quality_weighted,decomp_ridge_calendar_mean,1000.0,4,"2018-01-15,2018-01-16,2018-01-17,2018-01-18",3152.9736867459474,2.816633260321278,0,False
final_analog,final_analog,quality_weighted,decomp_ridge_calendar_daytype,0.1,4,"2018-01-15,2018-01-16,2018-01-17,2018-01-18",1431.1721324011419,1.7272689543906043,0,True
final_analog,final_analog,quality_weighted,decomp_ridge_calendar_daytype,1.0,4,"2018-01-15,2018-01-16,2018-01-17,2018-01-18",1461.1747101661954,1.79162645318179,0,False
final_analog,final_analog,quality_weighted,decomp_ridge_calendar_daytype,10.0,4,"2018-01-15,2018-01-16,2018-01-17,2018-01-18",2057.6488691860113,2.2231444143109993,0,False
final_analog,final_analog,quality_weighted,decomp_ridge_calendar_daytype,100.0,4,"2018-01-15,2018-01-16,2018-01-17,2018-01-18",2933.917472697113,2.7123849386606884,0,False
final_analog,final_analog,quality_weighted,decomp_ridge_calendar_daytype,1000.0,4,"2018-01-15,2018-01-16,2018-01-17,2018-01-18",3146.297267114889,2.8170079347810923,0,False
final_analog,final_analog,quality_weighted,decomp_ridge_calendar_vessel_mean,0.1,4,"2018-01-15,2018-01-16,2018-01-17,2018-01-18",1254.050175389428,1.600660445761746,0,True
final_analog,final_analog,quality_weighted,decomp_ridge_calendar_vessel_mean,1.0,4,"2018-01-15,2018-01-16,2018-01-17,2018-01-18",1293.178141193271,1.6442624537096606,0,False
final_analog,final_analog,quality_weighted,decomp_ridge_calendar_vessel_mean,10.0,4,"2018-01-15,2018-01-16,2018-01-17,2018-01-18",1936.5509979287071,2.132877558752644,0,False
final_analog,final_analog,quality_weighted,decomp_ridge_calendar_vessel_mean,100.0,4,"2018-01-15,2018-01-16,2018-01-17,2018-01-18",2925.634709980607,2.705273819506521,0,False
final_analog,final_analog,quality_weighted,decomp_ridge_calendar_vessel_mean,1000.0,4,"2018-01-15,2018-01-16,2018-01-17,2018-01-18",3151.666573486587,2.815803836910872,0,False
final_analog,final_analog,quality_weighted,decomp_ridge_calendar_vessel_daytype,0.1,4,"2018-01-15,2018-01-16,2018-01-17,2018-01-18",1245.6447913074403,1.5951537388305372,0,True
final_analog,final_analog,quality_weighted,decomp_ridge_calendar_vessel_daytype,1.0,4,"2018-01-15,2018-01-16,2018-01-17,2018-01-18",1285.4775761160402,1.639023554380063,0,False
final_analog,final_analog,quality_weighted,decomp_ridge_calendar_vessel_daytype,10.0,4,"2018-01-15,2018-01-16,2018-01-17,2018-01-18",1929.5331586816737,2.1353379976703812,0,False
final_analog,final_analog,quality_weighted,decomp_ridge_calendar_vessel_daytype,100.0,4,"2018-01-15,2018-01-16,2018-01-17,2018-01-18",2918.9009608753645,2.70316357200709,0,False
final_analog,final_analog,quality_weighted,decomp_ridge_calendar_vessel_daytype,1000.0,4,"2018-01-15,2018-01-16,2018-01-17,2018-01-18",3144.9402118427915,2.816123823460027,0,False
final_analog,final_analog,quality_weighted,decomp_poisson_calendar_mean,0.0001,4,"2018-01-15,2018-01-16,2018-01-17,2018-01-18",1568.222734003452,1.812578566800666,0,False
final_analog,final_analog,quality_weighted,decomp_poisson_calendar_mean,0.001,4,"2018-01-15,2018-01-16,2018-01-17,2018-01-18",1568.1924950311768,1.8125886643840845,0,False
final_analog,final_analog,quality_weighted,decomp_poisson_calendar_mean,0.01,4,"2018-01-15,2018-01-16,2018-01-17,2018-01-18",1567.8922777813655,1.812689673692521,0,False
final_analog,final_analog,quality_weighted,decomp_poisson_calendar_mean,0.1,4,"2018-01-15,2018-01-16,2018-01-17,2018-01-18",1565.0463067737928,1.8138356178626074,0,False
final_analog,final_analog,quality_weighted,decomp_poisson_calendar_mean,1.0,4,"2018-01-15,2018-01-16,2018-01-17,2018-01-18",1548.9692267585224,1.826173902330357,0,True
final_analog,final_analog,quality_weighted,decomp_poisson_calendar_daytype,0.0001,4,"2018-01-15,2018-01-16,2018-01-17,2018-01-18",1564.9217632042514,1.8154741174248334,0,False
final_analog,final_analog,quality_weighted,decomp_poisson_calendar_daytype,0.001,4,"2018-01-15,2018-01-16,2018-01-17,2018-01-18",1564.891176401556,1.8154841675264093,0,False
final_analog,final_analog,quality_weighted,decomp_poisson_calendar_daytype,0.01,4,"2018-01-15,2018-01-16,2018-01-17,2018-01-18",1564.587501919871,1.815584740393626,0,False
final_analog,final_analog,quality_weighted,decomp_poisson_calendar_daytype,0.1,4,"2018-01-15,2018-01-16,2018-01-17,2018-01-18",1561.7077372400158,1.8166119313905063,0,False
final_analog,final_analog,quality_weighted,decomp_poisson_calendar_daytype,1.0,4,"2018-01-15,2018-01-16,2018-01-17,2018-01-18",1545.355899026627,1.828742730587968,0,True
final_analog,final_analog,quality_weighted,decomp_poisson_calendar_vessel_mean,0.0001,4,"2018-01-15,2018-01-16,2018-01-17,2018-01-18",1357.4030708965226,1.6940380322224335,0,True
final_analog,final_analog,quality_weighted,decomp_poisson_calendar_vessel_mean,0.001,4,"2018-01-15,2018-01-16,2018-01-17,2018-01-18",1357.4037831479625,1.6940332446021342,0,False
final_analog,final_analog,quality_weighted,decomp_poisson_calendar_vessel_mean,0.01,4,"2018-01-15,2018-01-16,2018-01-17,2018-01-18",1357.4129095174105,1.6939890237661064,0,False
final_analog,final_analog,quality_weighted,decomp_poisson_calendar_vessel_mean,0.1,4,"2018-01-15,2018-01-16,2018-01-17,2018-01-18",1357.7288420875411,1.6938749431951612,0,False
final_analog,final_analog,quality_weighted,decomp_poisson_calendar_vessel_mean,1.0,4,"2018-01-15,2018-01-16,2018-01-17,2018-01-18",1369.1831279417129,1.7060305788517782,0,False
final_analog,final_analog,quality_weighted,decomp_poisson_calendar_vessel_daytype,0.0001,4,"2018-01-15,2018-01-16,2018-01-17,2018-01-18",1351.0160530842807,1.6886880968794111,0,True
final_analog,final_analog,quality_weighted,decomp_poisson_calendar_vessel_daytype,0.001,4,"2018-01-15,2018-01-16,2018-01-17,2018-01-18",1351.0171818242936,1.688684373459636,0,False
final_analog,final_analog,quality_weighted,decomp_poisson_calendar_vessel_daytype,0.01,4,"2018-01-15,2018-01-16,2018-01-17,2018-01-18",1351.0305008506568,1.6886508686217474,0,False
final_analog,final_analog,quality_weighted,decomp_poisson_calendar_vessel_daytype,0.1,4,"2018-01-15,2018-01-16,2018-01-17,2018-01-18",1351.3838857583567,1.6886460419034894,0,False
final_analog,final_analog,quality_weighted,decomp_poisson_calendar_vessel_daytype,1.0,4,"2018-01-15,2018-01-16,2018-01-17,2018-01-18",1362.994985079655,1.7020675426435625,0,False
