mmsi,hour,date,hour_of_day,region,a_region,hour_str,representative_region,alignment,n_regions,quality
000000190,2018-01-12 01:00:00,2018-01-12,1,outer,outer,2018-01-12 01:00:00,,no_representative_state,1,reduced
000000190,2018-01-12 02:00:00,2018-01-12,2,core,core,2018-01-12 02:00:00,,multi_a_region,2,reduced
000000190,2018-01-12 02:00:00,2018-01-12,2,near,near,2018-01-12 02:00:00,,multi_a_region,2,reduced
000000190,2018-01-12 03:00:00,2018-01-12,3,core,core,2018-01-12 03:00:00,,multi_a_region,2,reduced
000000190,2018-01-12 03:00:00,2018-01-12,3,near,near,2018-01-12 03:00:00,,multi_a_region,2,reduced
000000190,2018-01-12 04:00:00,2018-01-12,4,near,near,2018-01-12 04:00:00,,no_representative_state,1,reduced
000000886,2018-01-20 05:00:00,2018-01-20,5,outer,outer,2018-01-20 05:00:00,,no_representative_state,1,normal
000000886,2018-01-20 06:00:00,2018-01-20,6,outer,outer,2018-01-20 06:00:00,,no_representative_state,1,normal
000000886,2018-01-20 07:00:00,2018-01-20,7,outer,outer,2018-01-20 07:00:00,,no_representative_state,1,normal
000000966,2018-01-16 08:00:00,2018-01-16,8,near,near,2018-01-16 08:00:00,,no_representative_state,1,outage
000001004,2018-01-07 12:00:00,2018-01-07,12,core,core,2018-01-07 12:00:00,,multi_a_region,2,normal
000001004,2018-01-07 12:00:00,2018-01-07,12,near,near,2018-01-07 12:00:00,,multi_a_region,2,normal
000001004,2018-01-07 13:00:00,2018-01-07,13,near,near,2018-01-07 13:00:00,,multi_a_region,2,normal
000001004,2018-01-07 13:00:00,2018-01-07,13,outer,outer,2018-01-07 13:00:00,,multi_a_region,2,normal
000001004,2018-01-07 14:00:00,2018-01-07,14,outer,outer,2018-01-07 14:00:00,,no_representative_state,1,normal
000001004,2018-01-15 08:00:00,2018-01-15,8,outer,outer,2018-01-15 08:00:00,,no_representative_state,1,outage
000001004,2018-01-15 09:00:00,2018-01-15,9,outer,outer,2018-01-15 09:00:00,,no_representative_state,1,outage
000001004,2018-01-15 10:00:00,2018-01-15,10,outer,outer,2018-01-15 10:00:00,,no_representative_state,1,outage
000001004,2018-01-15 11:00:00,2018-01-15,11,outer,outer,2018-01-15 11:00:00,,no_representative_state,1,outage
000001004,2018-01-15 13:00:00,2018-01-15,13,near,near,2018-01-15 13:00:00,,no_representative_state,1,outage
000001004,2018-01-15 14:00:00,2018-01-15,14,core,core,2018-01-15 14:00:00,,no_representative_state,1,outage
000001008,2018-01-07 08:00:00,2018-01-07,8,core,core,2018-01-07 08:00:00,,multi_a_region,2,normal
000001008,2018-01-07 08:00:00,2018-01-07,8,near,near,2018-01-07 08:00:00,,multi_a_region,2,normal
000001008,2018-01-07 09:00:00,2018-01-07,9,near,near,2018-01-07 09:00:00,,no_representative_state,1,normal
000001008,2018-01-07 10:00:00,2018-01-07,10,outer,outer,2018-01-07 10:00:00,,no_representative_state,1,normal
000001008,2018-01-07 11:00:00,2018-01-07,11,outer,outer,2018-01-07 11:00:00,,no_representative_state,1,normal
000001008,2018-01-07 12:00:00,2018-01-07,12,outer,outer,2018-01-07 12:00:00,,no_representative_state,1,normal
000001008,2018-01-07 13:00:00,2018-01-07,13,core,core,2018-01-07 13:00:00,,multi_a_region,2,normal
000001008,2018-01-07 13:00:00,2018-01-07,13,near,near,2018-01-07 13:00:00,,multi_a_region,2,normal
000001008,2018-01-07 14:00:00,2018-01-07,14,near,near,2018-01-07 14:00:00,,no_representative_state,1,normal
000001008,2018-01-12 10:00:00,2018-01-12,10,near,near,2018-01-12 10:00:00,,no_representative_state,1,reduced
000001008,2018-01-12 11:00:00,2018-01-12,11,core,core,2018-01-12 11:00:00,,no_representative_state,1,reduced
000001008,2018-01-12 12:00:00,2018-01-12,12,near,near,2018-01-12 12:00:00,,multi_a_region,2,reduced
000001008,2018-01-12 12:00:00,2018-01-12,12,outer,outer,2018-01-12 12:00:00,,multi_a_region,2,reduced
000001008,2018-01-12 14:00:00,2018-01-12,14,outer,outer,2018-01-12 14:00:00,,no_representative_state,1,reduced
000001008,2018-01-12 15:00:00,2018-01-12,15,outer,outer,2018-01-12 15:00:00,,no_representative_state,1,reduced
000001045,2018-01-01 04:00:00,2018-01-01,4,outer,outer,2018-01-01 04:00:00,,no_representative_state,1,normal
000001045,2018-01-01 05:00:00,2018-01-01,5,outer,outer,2018-01-01 05:00:00,,no_representative_state,1,normal
000001045,2018-01-01 06:00:00,2018-01-01,6,core,core,2018-01-01 06:00:00,,no_representative_state,1,normal
000001045,2018-01-01 11:00:00,2018-01-01,11,core,core,2018-01-01 11:00:00,,no_representative_state,1,normal
000001045,2018-01-01 12:00:00,2018-01-01,12,outer,outer,2018-01-01 12:00:00,,no_representative_state,1,normal
000001045,2018-01-01 13:00:00,2018-01-01,13,outer,outer,2018-01-01 13:00:00,,no_representative_state,1,normal
000001045,2018-01-01 14:00:00,2018-01-01,14,outer,outer,2018-01-01 14:00:00,,no_representative_state,1,normal
000001045,2018-01-01 15:00:00,2018-01-01,15,outer,outer,2018-01-01 15:00:00,,no_representative_state,1,normal
000001045,2018-01-01 16:00:00,2018-01-01,16,outer,outer,2018-01-01 16:00:00,,no_representative_state,1,normal
000001045,2018-01-01 18:00:00,2018-01-01,18,core,core,2018-01-01 18:00:00,,no_representative_state,1,normal
000001045,2018-01-02 03:00:00,2018-01-02,3,core,core,2018-01-02 03:00:00,,no_representative_state,1,normal
000001045,2018-01-02 04:00:00,2018-01-02,4,outer,outer,2018-01-02 04:00:00,,no_representative_state,1,normal
000001045,2018-01-02 05:00:00,2018-01-02,5,outer,outer,2018-01-02 05:00:00,,no_representative_state,1,normal
000001045,2018-01-02 06:00:00,2018-01-02,6,outer,outer,2018-01-02 06:00:00,,no_representative_state,1,normal
000001045,2018-01-02 07:00:00,2018-01-02,7,core,core,2018-01-02 07:00:00,,no_representative_state,1,normal
000001045,2018-01-02 08:00:00,2018-01-02,8,outer,outer,2018-01-02 08:00:00,,no_representative_state,1,normal
000001045,2018-01-02 09:00:00,2018-01-02,9,outer,outer,2018-01-02 09:00:00,,no_representative_state,1,normal
000001045,2018-01-02 10:00:00,2018-01-02,10,outer,outer,2018-01-02 10:00:00,,no_representative_state,1,normal
000001045,2018-01-02 12:00:00,2018-01-02,12,outer,outer,2018-01-02 12:00:00,,no_representative_state,1,normal
000001045,2018-01-02 13:00:00,2018-01-02,13,outer,outer,2018-01-02 13:00:00,,no_representative_state,1,normal
000001045,2018-01-02 14:00:00,2018-01-02,14,outer,outer,2018-01-02 14:00:00,,no_representative_state,1,normal
000001045,2018-01-02 17:00:00,2018-01-02,17,outer,outer,2018-01-02 17:00:00,,no_representative_state,1,normal
000001045,2018-01-02 18:00:00,2018-01-02,18,outer,outer,2018-01-02 18:00:00,,no_representative_state,1,normal
000001045,2018-01-02 19:00:00,2018-01-02,19,core,core,2018-01-02 19:00:00,,no_representative_state,1,normal
000001045,2018-01-03 03:00:00,2018-01-03,3,core,core,2018-01-03 03:00:00,,multi_a_region,3,normal
000001045,2018-01-03 03:00:00,2018-01-03,3,near,near,2018-01-03 03:00:00,,multi_a_region,3,normal
000001045,2018-01-03 03:00:00,2018-01-03,3,outer,outer,2018-01-03 03:00:00,,multi_a_region,3,normal
000001045,2018-01-03 04:00:00,2018-01-03,4,outer,outer,2018-01-03 04:00:00,,no_representative_state,1,normal
000001045,2018-01-03 05:00:00,2018-01-03,5,outer,outer,2018-01-03 05:00:00,,no_representative_state,1,normal
000001045,2018-01-03 06:00:00,2018-01-03,6,core,core,2018-01-03 06:00:00,,no_representative_state,1,normal
000001045,2018-01-03 07:00:00,2018-01-03,7,core,core,2018-01-03 07:00:00,,no_representative_state,1,normal
000001045,2018-01-03 08:00:00,2018-01-03,8,outer,outer,2018-01-03 08:00:00,,no_representative_state,1,normal
000001045,2018-01-03 09:00:00,2018-01-03,9,outer,outer,2018-01-03 09:00:00,,no_representative_state,1,normal
000001045,2018-01-03 11:00:00,2018-01-03,11,core,core,2018-01-03 11:00:00,,multi_a_region,2,normal
000001045,2018-01-03 11:00:00,2018-01-03,11,near,near,2018-01-03 11:00:00,,multi_a_region,2,normal
000001045,2018-01-03 12:00:00,2018-01-03,12,core,core,2018-01-03 12:00:00,,no_representative_state,1,normal
000001045,2018-01-03 17:00:00,2018-01-03,17,core,core,2018-01-03 17:00:00,,multi_a_region,2,normal
000001045,2018-01-03 17:00:00,2018-01-03,17,near,near,2018-01-03 17:00:00,,multi_a_region,2,normal
000001045,2018-01-03 18:00:00,2018-01-03,18,near,near,2018-01-03 18:00:00,,multi_a_region,2,normal
000001045,2018-01-03 18:00:00,2018-01-03,18,outer,outer,2018-01-03 18:00:00,,multi_a_region,2,normal
000001045,2018-01-03 19:00:00,2018-01-03,19,outer,outer,2018-01-03 19:00:00,,no_representative_state,1,normal
000001045,2018-01-03 20:00:00,2018-01-03,20,outer,outer,2018-01-03 20:00:00,,no_representative_state,1,normal
000001045,2018-01-03 21:00:00,2018-01-03,21,outer,outer,2018-01-03 21:00:00,,no_representative_state,1,normal
000001045,2018-01-03 22:00:00,2018-01-03,22,outer,outer,2018-01-03 22:00:00,,no_representative_state,1,normal
000001045,2018-01-03 23:00:00,2018-01-03,23,outer,outer,2018-01-03 23:00:00,,no_representative_state,1,normal
000001045,2018-01-04 00:00:00,2018-01-04,0,outer,outer,2018-01-04 00:00:00,,no_representative_state,1,normal
000001045,2018-01-04 01:00:00,2018-01-04,1,outer,outer,2018-01-04 01:00:00,,no_representative_state,1,normal
000001045,2018-01-04 02:00:00,2018-01-04,2,core,core,2018-01-04 02:00:00,,no_representative_state,1,normal
000001045,2018-01-04 19:00:00,2018-01-04,19,core,core,2018-01-04 19:00:00,,no_representative_state,1,normal
000001045,2018-01-04 20:00:00,2018-01-04,20,outer,outer,2018-01-04 20:00:00,,no_representative_state,1,normal
000001045,2018-01-05 00:00:00,2018-01-05,0,outer,outer,2018-01-05 00:00:00,,no_representative_state,1,normal
000001045,2018-01-05 01:00:00,2018-01-05,1,outer,outer,2018-01-05 01:00:00,,no_representative_state,1,normal
000001045,2018-01-05 02:00:00,2018-01-05,2,core,core,2018-01-05 02:00:00,,no_representative_state,1,normal
000001045,2018-01-05 17:00:00,2018-01-05,17,core,core,2018-01-05 17:00:00,,no_representative_state,1,normal
000001045,2018-01-05 18:00:00,2018-01-05,18,core,core,2018-01-05 18:00:00,,multi_a_region,3,normal
000001045,2018-01-05 18:00:00,2018-01-05,18,near,near,2018-01-05 18:00:00,,multi_a_region,3,normal
000001045,2018-01-05 18:00:00,2018-01-05,18,outer,outer,2018-01-05 18:00:00,,multi_a_region,3,normal
000001045,2018-01-05 19:00:00,2018-01-05,19,outer,outer,2018-01-05 19:00:00,,no_representative_state,1,normal
000001045,2018-01-05 20:00:00,2018-01-05,20,outer,outer,2018-01-05 20:00:00,,no_representative_state,1,normal
000001045,2018-01-05 21:00:00,2018-01-05,21,outer,outer,2018-01-05 21:00:00,,no_representative_state,1,normal
000001045,2018-01-06 00:00:00,2018-01-06,0,outer,outer,2018-01-06 00:00:00,,no_representative_state,1,normal
000001045,2018-01-06 01:00:00,2018-01-06,1,outer,outer,2018-01-06 01:00:00,,no_representative_state,1,normal
000001045,2018-01-06 02:00:00,2018-01-06,2,core,core,2018-01-06 02:00:00,,no_representative_state,1,normal
000001045,2018-01-07 14:00:00,2018-01-07,14,core,core,2018-01-07 14:00:00,,multi_a_region,2,normal
000001045,2018-01-07 14:00:00,2018-01-07,14,near,near,2018-01-07 14:00:00,,multi_a_region,2,normal
000001045,2018-01-07 15:00:00,2018-01-07,15,outer,outer,2018-01-07 15:00:00,,no_representative_state,1,normal
000001045,2018-01-07 16:00:00,2018-01-07,16,outer,outer,2018-01-07 16:00:00,,no_representative_state,1,normal
000001045,2018-01-07 19:00:00,2018-01-07,19,outer,outer,2018-01-07 19:00:00,,no_representative_state,1,normal
000001045,2018-01-07 20:00:00,2018-01-07,20,outer,outer,2018-01-07 20:00:00,,no_representative_state,1,normal
000001045,2018-01-08 01:00:00,2018-01-08,1,outer,outer,2018-01-08 01:00:00,,no_representative_state,1,normal
000001045,2018-01-08 02:00:00,2018-01-08,2,core,core,2018-01-08 02:00:00,,no_representative_state,1,normal
000001045,2018-01-08 07:00:00,2018-01-08,7,core,core,2018-01-08 07:00:00,,no_representative_state,1,normal
000001045,2018-01-08 08:00:00,2018-01-08,8,outer,outer,2018-01-08 08:00:00,,no_representative_state,1,normal
000001045,2018-01-08 09:00:00,2018-01-08,9,outer,outer,2018-01-08 09:00:00,,no_representative_state,1,normal
000001045,2018-01-08 11:00:00,2018-01-08,11,core,core,2018-01-08 11:00:00,,no_representative_state,1,normal
000001045,2018-01-08 12:00:00,2018-01-08,12,outer,outer,2018-01-08 12:00:00,,no_representative_state,1,normal
000001045,2018-01-08 13:00:00,2018-01-08,13,outer,outer,2018-01-08 13:00:00,,no_representative_state,1,normal
000001045,2018-01-08 14:00:00,2018-01-08,14,near,near,2018-01-08 14:00:00,,no_representative_state,1,normal
000001045,2018-01-08 16:00:00,2018-01-08,16,near,near,2018-01-08 16:00:00,,no_representative_state,1,normal
000001045,2018-01-08 17:00:00,2018-01-08,17,outer,outer,2018-01-08 17:00:00,,no_representative_state,1,normal
000001045,2018-01-08 18:00:00,2018-01-08,18,outer,outer,2018-01-08 18:00:00,,no_representative_state,1,normal
000001045,2018-01-08 19:00:00,2018-01-08,19,core,core,2018-01-08 19:00:00,,no_representative_state,1,normal
000001045,2018-01-09 05:00:00,2018-01-09,5,outer,outer,2018-01-09 05:00:00,,no_representative_state,1,normal
000001045,2018-01-09 06:00:00,2018-01-09,6,outer,outer,2018-01-09 06:00:00,,no_representative_state,1,normal
000001045,2018-01-09 11:00:00,2018-01-09,11,core,core,2018-01-09 11:00:00,,no_representative_state,1,normal
000001045,2018-01-09 12:00:00,2018-01-09,12,outer,outer,2018-01-09 12:00:00,,no_representative_state,1,normal
000001045,2018-01-09 13:00:00,2018-01-09,13,outer,outer,2018-01-09 13:00:00,,no_representative_state,1,normal
000001045,2018-01-09 14:00:00,2018-01-09,14,outer,outer,2018-01-09 14:00:00,,no_representative_state,1,normal
000001045,2018-01-09 15:00:00,2018-01-09,15,core,core,2018-01-09 15:00:00,,no_representative_state,1,normal
000001045,2018-01-09 16:00:00,2018-01-09,16,outer,outer,2018-01-09 16:00:00,,no_representative_state,1,normal
000001045,2018-01-09 17:00:00,2018-01-09,17,outer,outer,2018-01-09 17:00:00,,no_representative_state,1,normal
000001045,2018-01-09 21:00:00,2018-01-09,21,outer,outer,2018-01-09 21:00:00,,no_representative_state,1,normal
000001045,2018-01-09 22:00:00,2018-01-09,22,core,core,2018-01-09 22:00:00,,no_representative_state,1,normal
000001045,2018-01-10 09:00:00,2018-01-10,9,outer,outer,2018-01-10 09:00:00,,no_representative_state,1,normal
000001045,2018-01-10 10:00:00,2018-01-10,10,outer,outer,2018-01-10 10:00:00,,no_representative_state,1,normal
000001045,2018-01-10 11:00:00,2018-01-10,11,outer,outer,2018-01-10 11:00:00,,no_representative_state,1,normal
000001045,2018-01-10 12:00:00,2018-01-10,12,core,core,2018-01-10 12:00:00,,multi_a_region,2,normal
000001045,2018-01-10 12:00:00,2018-01-10,12,near,near,2018-01-10 12:00:00,,multi_a_region,2,normal
000001045,2018-01-10 16:00:00,2018-01-10,16,core,core,2018-01-10 16:00:00,,no_representative_state,1,normal
000001045,2018-01-10 17:00:00,2018-01-10,17,outer,outer,2018-01-10 17:00:00,,no_representative_state,1,normal
000001045,2018-01-10 18:00:00,2018-01-10,18,outer,outer,2018-01-10 18:00:00,,no_representative_state,1,normal
000001045,2018-01-10 21:00:00,2018-01-10,21,outer,outer,2018-01-10 21:00:00,,no_representative_state,1,normal
000001045,2018-01-10 22:00:00,2018-01-10,22,core,core,2018-01-10 22:00:00,,no_representative_state,1,normal
000001045,2018-01-10 23:00:00,2018-01-10,23,core,core,2018-01-10 23:00:00,,no_representative_state,1,normal
000001045,2018-01-11 08:00:00,2018-01-11,8,outer,outer,2018-01-11 08:00:00,,no_representative_state,1,normal
000001045,2018-01-11 09:00:00,2018-01-11,9,outer,outer,2018-01-11 09:00:00,,no_representative_state,1,normal
000001045,2018-01-11 11:00:00,2018-01-11,11,outer,outer,2018-01-11 11:00:00,,no_representative_state,1,normal
000001045,2018-01-11 12:00:00,2018-01-11,12,outer,outer,2018-01-11 12:00:00,,no_representative_state,1,normal
000001045,2018-01-11 13:00:00,2018-01-11,13,outer,outer,2018-01-11 13:00:00,,no_representative_state,1,normal
000001045,2018-01-11 14:00:00,2018-01-11,14,outer,outer,2018-01-11 14:00:00,,no_representative_state,1,normal
000001045,2018-01-11 15:00:00,2018-01-11,15,near,near,2018-01-11 15:00:00,,multi_a_region,2,normal
000001045,2018-01-11 15:00:00,2018-01-11,15,outer,outer,2018-01-11 15:00:00,,multi_a_region,2,normal
000001045,2018-01-11 16:00:00,2018-01-11,16,core,core,2018-01-11 16:00:00,,no_representative_state,1,normal
000001045,2018-01-12 03:00:00,2018-01-12,3,core,core,2018-01-12 03:00:00,,no_representative_state,1,reduced
000001045,2018-01-12 04:00:00,2018-01-12,4,outer,outer,2018-01-12 04:00:00,,no_representative_state,1,reduced
000001045,2018-01-12 05:00:00,2018-01-12,5,outer,outer,2018-01-12 05:00:00,,no_representative_state,1,reduced
000001045,2018-01-12 06:00:00,2018-01-12,6,core,core,2018-01-12 06:00:00,,no_representative_state,1,reduced
000001045,2018-01-12 21:00:00,2018-01-12,21,outer,outer,2018-01-12 21:00:00,,no_representative_state,1,reduced
000001045,2018-01-13 00:00:00,2018-01-13,0,outer,outer,2018-01-13 00:00:00,,no_representative_state,1,outage
000001045,2018-01-13 02:00:00,2018-01-13,2,core,core,2018-01-13 02:00:00,,no_representative_state,1,outage
000001045,2018-01-13 17:00:00,2018-01-13,17,core,core,2018-01-13 17:00:00,,no_representative_state,1,outage
000001045,2018-01-13 18:00:00,2018-01-13,18,outer,outer,2018-01-13 18:00:00,,no_representative_state,1,outage
000001045,2018-01-13 19:00:00,2018-01-13,19,outer,outer,2018-01-13 19:00:00,,no_representative_state,1,outage
000001045,2018-01-13 21:00:00,2018-01-13,21,outer,outer,2018-01-13 21:00:00,,no_representative_state,1,outage
000001045,2018-01-14 00:00:00,2018-01-14,0,outer,outer,2018-01-14 00:00:00,,no_representative_state,1,outage
000001045,2018-01-14 11:00:00,2018-01-14,11,core,core,2018-01-14 11:00:00,,no_representative_state,1,outage
000001045,2018-01-15 17:00:00,2018-01-15,17,outer,outer,2018-01-15 17:00:00,,no_representative_state,1,outage
000001045,2018-01-15 20:00:00,2018-01-15,20,outer,outer,2018-01-15 20:00:00,,no_representative_state,1,outage
000001045,2018-01-15 21:00:00,2018-01-15,21,outer,outer,2018-01-15 21:00:00,,no_representative_state,1,outage
000001045,2018-01-17 05:00:00,2018-01-17,5,outer,outer,2018-01-17 05:00:00,,no_representative_state,1,severe
000001045,2018-01-17 13:00:00,2018-01-17,13,outer,outer,2018-01-17 13:00:00,,no_representative_state,1,severe
000001045,2018-01-17 14:00:00,2018-01-17,14,outer,outer,2018-01-17 14:00:00,,no_representative_state,1,severe
000001045,2018-01-17 15:00:00,2018-01-17,15,near,near,2018-01-17 15:00:00,,no_representative_state,1,severe
000001045,2018-01-17 20:00:00,2018-01-17,20,core,core,2018-01-17 20:00:00,,no_representative_state,1,severe
000001045,2018-01-17 21:00:00,2018-01-17,21,outer,outer,2018-01-17 21:00:00,,no_representative_state,1,severe
000001045,2018-01-17 22:00:00,2018-01-17,22,outer,outer,2018-01-17 22:00:00,,no_representative_state,1,severe
000001045,2018-01-18 19:00:00,2018-01-18,19,core,core,2018-01-18 19:00:00,,multi_a_region,2,severe
000001045,2018-01-18 19:00:00,2018-01-18,19,near,near,2018-01-18 19:00:00,,multi_a_region,2,severe
000001045,2018-01-18 20:00:00,2018-01-18,20,outer,outer,2018-01-18 20:00:00,,no_representative_state,1,severe
000001045,2018-01-18 21:00:00,2018-01-18,21,outer,outer,2018-01-18 21:00:00,,no_representative_state,1,severe
000001045,2018-01-19 01:00:00,2018-01-19,1,outer,outer,2018-01-19 01:00:00,,no_representative_state,1,normal
000001045,2018-01-19 20:00:00,2018-01-19,20,core,core,2018-01-19 20:00:00,,multi_a_region,3,normal
000001045,2018-01-19 20:00:00,2018-01-19,20,near,near,2018-01-19 20:00:00,,multi_a_region,3,normal
000001045,2018-01-19 20:00:00,2018-01-19,20,outer,outer,2018-01-19 20:00:00,,multi_a_region,3,normal
000001045,2018-01-19 21:00:00,2018-01-19,21,outer,outer,2018-01-19 21:00:00,,no_representative_state,1,normal
000001045,2018-01-20 00:00:00,2018-01-20,0,outer,outer,2018-01-20 00:00:00,,no_representative_state,1,normal
000001045,2018-01-20 01:00:00,2018-01-20,1,outer,outer,2018-01-20 01:00:00,,no_representative_state,1,normal
000001045,2018-01-20 02:00:00,2018-01-20,2,core,core,2018-01-20 02:00:00,,no_representative_state,1,normal
000001045,2018-01-20 11:00:00,2018-01-20,11,core,core,2018-01-20 11:00:00,,multi_a_region,2,normal
000001045,2018-01-20 11:00:00,2018-01-20,11,outer,outer,2018-01-20 11:00:00,,multi_a_region,2,normal
000001045,2018-01-20 12:00:00,2018-01-20,12,outer,outer,2018-01-20 12:00:00,,no_representative_state,1,normal
000001045,2018-01-20 14:00:00,2018-01-20,14,outer,outer,2018-01-20 14:00:00,,no_representative_state,1,normal
000001045,2018-01-20 16:00:00,2018-01-20,16,outer,outer,2018-01-20 16:00:00,,no_representative_state,1,normal
000001045,2018-01-20 17:00:00,2018-01-20,17,outer,outer,2018-01-20 17:00:00,,no_representative_state,1,normal
000001045,2018-01-20 18:00:00,2018-01-20,18,outer,outer,2018-01-20 18:00:00,,no_representative_state,1,normal
000001045,2018-01-20 19:00:00,2018-01-20,19,core,core,2018-01-20 19:00:00,,no_representative_state,1,normal
000001045,2018-01-21 03:00:00,2018-01-21,3,core,core,2018-01-21 03:00:00,,no_representative_state,1,normal
000001045,2018-01-21 04:00:00,2018-01-21,4,core,core,2018-01-21 04:00:00,,multi_a_region,2,normal
000001045,2018-01-21 04:00:00,2018-01-21,4,outer,outer,2018-01-21 04:00:00,,multi_a_region,2,normal
000001045,2018-01-21 05:00:00,2018-01-21,5,outer,outer,2018-01-21 05:00:00,,no_representative_state,1,normal
000001045,2018-01-21 06:00:00,2018-01-21,6,core,core,2018-01-21 06:00:00,,no_representative_state,1,normal
000001045,2018-01-21 10:00:00,2018-01-21,10,core,core,2018-01-21 10:00:00,,no_representative_state,1,normal
000001045,2018-01-21 11:00:00,2018-01-21,11,core,core,2018-01-21 11:00:00,,no_representative_state,1,normal
000001045,2018-01-21 12:00:00,2018-01-21,12,outer,outer,2018-01-21 12:00:00,,no_representative_state,1,normal
000001045,2018-01-21 13:00:00,2018-01-21,13,outer,outer,2018-01-21 13:00:00,,no_representative_state,1,normal
000001045,2018-01-21 14:00:00,2018-01-21,14,outer,outer,2018-01-21 14:00:00,,no_representative_state,1,normal
000001045,2018-01-21 15:00:00,2018-01-21,15,outer,outer,2018-01-21 15:00:00,,no_representative_state,1,normal
000001045,2018-01-21 16:00:00,2018-01-21,16,outer,outer,2018-01-21 16:00:00,,no_representative_state,1,normal
000001045,2018-01-21 20:00:00,2018-01-21,20,outer,outer,2018-01-21 20:00:00,,no_representative_state,1,normal
000001045,2018-01-21 21:00:00,2018-01-21,21,outer,outer,2018-01-21 21:00:00,,no_representative_state,1,normal
000001045,2018-01-21 22:00:00,2018-01-21,22,outer,outer,2018-01-21 22:00:00,,no_representative_state,1,normal
000001045,2018-01-21 23:00:00,2018-01-21,23,core,core,2018-01-21 23:00:00,,no_representative_state,1,normal
000001045,2018-01-22 08:00:00,2018-01-22,8,core,core,2018-01-22 08:00:00,,multi_a_region,3,normal
000001045,2018-01-22 08:00:00,2018-01-22,8,near,near,2018-01-22 08:00:00,,multi_a_region,3,normal
000001045,2018-01-22 08:00:00,2018-01-22,8,outer,outer,2018-01-22 08:00:00,,multi_a_region,3,normal
000001045,2018-01-22 09:00:00,2018-01-22,9,outer,outer,2018-01-22 09:00:00,,no_representative_state,1,normal
000001045,2018-01-22 10:00:00,2018-01-22,10,outer,outer,2018-01-22 10:00:00,,no_representative_state,1,normal
000001045,2018-01-22 11:00:00,2018-01-22,11,outer,outer,2018-01-22 11:00:00,,no_representative_state,1,normal
000001045,2018-01-22 12:00:00,2018-01-22,12,outer,outer,2018-01-22 12:00:00,,no_representative_state,1,normal
000001045,2018-01-22 14:00:00,2018-01-22,14,outer,outer,2018-01-22 14:00:00,,no_representative_state,1,normal
000001045,2018-01-22 15:00:00,2018-01-22,15,outer,outer,2018-01-22 15:00:00,,no_representative_state,1,normal
000001045,2018-01-22 16:00:00,2018-01-22,16,outer,outer,2018-01-22 16:00:00,,no_representative_state,1,normal
000001045,2018-01-22 17:00:00,2018-01-22,17,core,core,2018-01-22 17:00:00,,no_representative_state,1,normal
000001045,2018-01-23 03:00:00,2018-01-23,3,core,core,2018-01-23 03:00:00,,multi_a_region,2,normal
000001045,2018-01-23 03:00:00,2018-01-23,3,near,near,2018-01-23 03:00:00,,multi_a_region,2,normal
000001045,2018-01-23 04:00:00,2018-01-23,4,near,near,2018-01-23 04:00:00,,multi_a_region,2,normal
000001045,2018-01-23 04:00:00,2018-01-23,4,outer,outer,2018-01-23 04:00:00,,multi_a_region,2,normal
000001045,2018-01-23 05:00:00,2018-01-23,5,outer,outer,2018-01-23 05:00:00,,no_representative_state,1,normal
000001045,2018-01-23 06:00:00,2018-01-23,6,outer,outer,2018-01-23 06:00:00,,no_representative_state,1,normal
000001045,2018-01-23 07:00:00,2018-01-23,7,core,core,2018-01-23 07:00:00,,no_representative_state,1,normal
000001045,2018-01-23 08:00:00,2018-01-23,8,core,core,2018-01-23 08:00:00,,multi_a_region,2,normal
000001045,2018-01-23 08:00:00,2018-01-23,8,outer,outer,2018-01-23 08:00:00,,multi_a_region,2,normal
000001045,2018-01-23 09:00:00,2018-01-23,9,outer,outer,2018-01-23 09:00:00,,no_representative_state,1,normal
000001045,2018-01-23 10:00:00,2018-01-23,10,core,core,2018-01-23 10:00:00,,multi_a_region,2,normal
000001045,2018-01-23 10:00:00,2018-01-23,10,near,near,2018-01-23 10:00:00,,multi_a_region,2,normal
000001045,2018-01-23 15:00:00,2018-01-23,15,core,core,2018-01-23 15:00:00,,multi_a_region,2,normal
000001045,2018-01-23 15:00:00,2018-01-23,15,near,near,2018-01-23 15:00:00,,multi_a_region,2,normal
000001045,2018-01-23 16:00:00,2018-01-23,16,near,near,2018-01-23 16:00:00,,multi_a_region,2,normal
000001045,2018-01-23 16:00:00,2018-01-23,16,outer,outer,2018-01-23 16:00:00,,multi_a_region,2,normal
000001045,2018-01-23 17:00:00,2018-01-23,17,outer,outer,2018-01-23 17:00:00,,no_representative_state,1,normal
000001045,2018-01-23 21:00:00,2018-01-23,21,outer,outer,2018-01-23 21:00:00,,no_representative_state,1,normal
000001045,2018-01-23 22:00:00,2018-01-23,22,outer,outer,2018-01-23 22:00:00,,no_representative_state,1,normal
000001045,2018-01-23 23:00:00,2018-01-23,23,outer,outer,2018-01-23 23:00:00,,no_representative_state,1,normal
000001045,2018-01-24 00:00:00,2018-01-24,0,core,core,2018-01-24 00:00:00,,no_representative_state,1,normal
000001045,2018-01-24 13:00:00,2018-01-24,13,core,core,2018-01-24 13:00:00,,multi_a_region,2,normal
000001045,2018-01-24 13:00:00,2018-01-24,13,near,near,2018-01-24 13:00:00,,multi_a_region,2,normal
000001045,2018-01-24 15:00:00,2018-01-24,15,core,core,2018-01-24 15:00:00,,multi_a_region,2,normal
000001045,2018-01-24 15:00:00,2018-01-24,15,near,near,2018-01-24 15:00:00,,multi_a_region,2,normal
000001045,2018-01-24 19:00:00,2018-01-24,19,core,core,2018-01-24 19:00:00,,no_representative_state,1,normal
000001045,2018-01-24 20:00:00,2018-01-24,20,outer,outer,2018-01-24 20:00:00,,no_representative_state,1,normal
000001045,2018-01-24 21:00:00,2018-01-24,21,outer,outer,2018-01-24 21:00:00,,no_representative_state,1,normal
000001045,2018-01-24 22:00:00,2018-01-24,22,outer,outer,2018-01-24 22:00:00,,no_representative_state,1,normal
000001045,2018-01-24 23:00:00,2018-01-24,23,outer,outer,2018-01-24 23:00:00,,no_representative_state,1,normal
000001050,2018-01-01 01:00:00,2018-01-01,1,near,near,2018-01-01 01:00:00,,no_representative_state,1,normal
000001050,2018-01-01 02:00:00,2018-01-01,2,core,core,2018-01-01 02:00:00,,multi_a_region,2,normal
000001050,2018-01-01 02:00:00,2018-01-01,2,near,near,2018-01-01 02:00:00,,multi_a_region,2,normal
000001050,2018-01-01 03:00:00,2018-01-01,3,near,near,2018-01-01 03:00:00,,no_representative_state,1,normal
000001050,2018-01-01 15:00:00,2018-01-01,15,core,core,2018-01-01 15:00:00,,multi_a_region,2,normal
000001050,2018-01-01 15:00:00,2018-01-01,15,near,near,2018-01-01 15:00:00,,multi_a_region,2,normal
000001050,2018-01-01 16:00:00,2018-01-01,16,core,core,2018-01-01 16:00:00,,no_representative_state,1,normal
000001050,2018-01-01 18:00:00,2018-01-01,18,core,core,2018-01-01 18:00:00,,multi_a_region,2,normal
000001050,2018-01-01 18:00:00,2018-01-01,18,near,near,2018-01-01 18:00:00,,multi_a_region,2,normal
000001050,2018-01-01 19:00:00,2018-01-01,19,near,near,2018-01-01 19:00:00,,no_representative_state,1,normal
000001050,2018-01-01 22:00:00,2018-01-01,22,core,core,2018-01-01 22:00:00,,multi_a_region,2,normal
000001050,2018-01-01 22:00:00,2018-01-01,22,near,near,2018-01-01 22:00:00,,multi_a_region,2,normal
000001050,2018-01-01 23:00:00,2018-01-01,23,core,core,2018-01-01 23:00:00,,no_representative_state,1,normal
000001050,2018-01-02 03:00:00,2018-01-02,3,core,core,2018-01-02 03:00:00,,no_representative_state,1,normal
000001050,2018-01-02 04:00:00,2018-01-02,4,core,core,2018-01-02 04:00:00,,no_representative_state,1,normal
000001050,2018-01-02 06:00:00,2018-01-02,6,core,core,2018-01-02 06:00:00,,no_representative_state,1,normal
000001050,2018-01-02 07:00:00,2018-01-02,7,core,core,2018-01-02 07:00:00,,multi_a_region,2,normal
000001050,2018-01-02 07:00:00,2018-01-02,7,near,near,2018-01-02 07:00:00,,multi_a_region,2,normal
000001050,2018-01-02 08:00:00,2018-01-02,8,near,near,2018-01-02 08:00:00,,no_representative_state,1,normal
000001050,2018-01-02 10:00:00,2018-01-02,10,core,core,2018-01-02 10:00:00,,multi_a_region,2,normal
000001050,2018-01-02 10:00:00,2018-01-02,10,near,near,2018-01-02 10:00:00,,multi_a_region,2,normal
000001050,2018-01-02 11:00:00,2018-01-02,11,core,core,2018-01-02 11:00:00,,multi_a_region,2,normal
000001050,2018-01-02 11:00:00,2018-01-02,11,near,near,2018-01-02 11:00:00,,multi_a_region,2,normal
000001050,2018-01-02 13:00:00,2018-01-02,13,core,core,2018-01-02 13:00:00,,multi_a_region,2,normal
000001050,2018-01-02 13:00:00,2018-01-02,13,near,near,2018-01-02 13:00:00,,multi_a_region,2,normal
000001050,2018-01-02 14:00:00,2018-01-02,14,core,core,2018-01-02 14:00:00,,no_representative_state,1,normal
000001050,2018-01-02 15:00:00,2018-01-02,15,core,core,2018-01-02 15:00:00,,multi_a_region,2,normal
000001050,2018-01-02 15:00:00,2018-01-02,15,near,near,2018-01-02 15:00:00,,multi_a_region,2,normal
000001050,2018-01-02 16:00:00,2018-01-02,16,near,near,2018-01-02 16:00:00,,no_representative_state,1,normal
000001050,2018-01-02 18:00:00,2018-01-02,18,core,core,2018-01-02 18:00:00,,multi_a_region,2,normal
000001050,2018-01-02 18:00:00,2018-01-02,18,near,near,2018-01-02 18:00:00,,multi_a_region,2,normal
000001050,2018-01-02 19:00:00,2018-01-02,19,core,core,2018-01-02 19:00:00,,no_representative_state,1,normal
000001050,2018-01-03 01:00:00,2018-01-03,1,core,core,2018-01-03 01:00:00,,no_representative_state,1,normal
000001050,2018-01-03 02:00:00,2018-01-03,2,core,core,2018-01-03 02:00:00,,multi_a_region,2,normal
000001050,2018-01-03 02:00:00,2018-01-03,2,near,near,2018-01-03 02:00:00,,multi_a_region,2,normal
000001050,2018-01-03 03:00:00,2018-01-03,3,core,core,2018-01-03 03:00:00,,no_representative_state,1,normal
000001050,2018-01-03 06:00:00,2018-01-03,6,core,core,2018-01-03 06:00:00,,no_representative_state,1,normal
000001050,2018-01-03 07:00:00,2018-01-03,7,core,core,2018-01-03 07:00:00,,multi_a_region,2,normal
000001050,2018-01-03 07:00:00,2018-01-03,7,near,near,2018-01-03 07:00:00,,multi_a_region,2,normal
000001050,2018-01-03 08:00:00,2018-01-03,8,near,near,2018-01-03 08:00:00,,no_representative_state,1,normal
000001050,2018-01-03 09:00:00,2018-01-03,9,core,core,2018-01-03 09:00:00,,multi_a_region,2,normal
000001050,2018-01-03 09:00:00,2018-01-03,9,near,near,2018-01-03 09:00:00,,multi_a_region,2,normal
000001050,2018-01-03 10:00:00,2018-01-03,10,core,core,2018-01-03 10:00:00,,multi_a_region,2,normal
000001050,2018-01-03 10:00:00,2018-01-03,10,near,near,2018-01-03 10:00:00,,multi_a_region,2,normal
000001050,2018-01-03 11:00:00,2018-01-03,11,near,near,2018-01-03 11:00:00,,no_representative_state,1,normal
000001050,2018-01-03 12:00:00,2018-01-03,12,near,near,2018-01-03 12:00:00,,no_representative_state,1,normal
000001050,2018-01-03 13:00:00,2018-01-03,13,near,near,2018-01-03 13:00:00,,no_representative_state,1,normal
000001050,2018-01-03 14:00:00,2018-01-03,14,near,near,2018-01-03 14:00:00,,no_representative_state,1,normal
000001050,2018-01-03 15:00:00,2018-01-03,15,core,core,2018-01-03 15:00:00,,multi_a_region,2,normal
000001050,2018-01-03 15:00:00,2018-01-03,15,near,near,2018-01-03 15:00:00,,multi_a_region,2,normal
000001050,2018-01-03 16:00:00,2018-01-03,16,core,core,2018-01-03 16:00:00,,no_representative_state,1,normal
000001050,2018-01-03 17:00:00,2018-01-03,17,core,core,2018-01-03 17:00:00,,no_representative_state,1,normal
000001050,2018-01-03 18:00:00,2018-01-03,18,core,core,2018-01-03 18:00:00,,multi_a_region,2,normal
000001050,2018-01-03 18:00:00,2018-01-03,18,near,near,2018-01-03 18:00:00,,multi_a_region,2,normal
000001050,2018-01-03 19:00:00,2018-01-03,19,core,core,2018-01-03 19:00:00,,multi_a_region,2,normal
000001050,2018-01-03 19:00:00,2018-01-03,19,near,near,2018-01-03 19:00:00,,multi_a_region,2,normal
000001050,2018-01-03 21:00:00,2018-01-03,21,core,core,2018-01-03 21:00:00,,no_representative_state,1,normal
000001050,2018-01-03 22:00:00,2018-01-03,22,core,core,2018-01-03 22:00:00,,multi_a_region,2,normal
000001050,2018-01-03 22:00:00,2018-01-03,22,near,near,2018-01-03 22:00:00,,multi_a_region,2,normal
000001050,2018-01-03 23:00:00,2018-01-03,23,core,core,2018-01-03 23:00:00,,multi_a_region,2,normal
000001050,2018-01-03 23:00:00,2018-01-03,23,near,near,2018-01-03 23:00:00,,multi_a_region,2,normal
000001050,2018-01-04 00:00:00,2018-01-04,0,core,core,2018-01-04 00:00:00,,no_representative_state,1,normal
000001050,2018-01-04 04:00:00,2018-01-04,4,core,core,2018-01-04 04:00:00,,no_representative_state,1,normal
000001050,2018-01-04 05:00:00,2018-01-04,5,core,core,2018-01-04 05:00:00,,no_representative_state,1,normal
000001050,2018-01-04 07:00:00,2018-01-04,7,core,core,2018-01-04 07:00:00,,multi_a_region,2,normal
000001050,2018-01-04 07:00:00,2018-01-04,7,near,near,2018-01-04 07:00:00,,multi_a_region,2,normal
000001050,2018-01-04 08:00:00,2018-01-04,8,near,near,2018-01-04 08:00:00,,no_representative_state,1,normal
000001050,2018-01-04 10:00:00,2018-01-04,10,near,near,2018-01-04 10:00:00,,no_representative_state,1,normal
000001050,2018-01-04 11:00:00,2018-01-04,11,near,near,2018-01-04 11:00:00,,no_representative_state,1,normal
000001050,2018-01-04 13:00:00,2018-01-04,13,core,core,2018-01-04 13:00:00,,multi_a_region,2,normal
000001050,2018-01-04 13:00:00,2018-01-04,13,near,near,2018-01-04 13:00:00,,multi_a_region,2,normal
000001050,2018-01-04 14:00:00,2018-01-04,14,core,core,2018-01-04 14:00:00,,multi_a_region,2,normal
000001050,2018-01-04 14:00:00,2018-01-04,14,near,near,2018-01-04 14:00:00,,multi_a_region,2,normal
000001050,2018-01-04 18:00:00,2018-01-04,18,near,near,2018-01-04 18:00:00,,no_representative_state,1,normal
000001050,2018-01-04 19:00:00,2018-01-04,19,core,core,2018-01-04 19:00:00,,multi_a_region,2,normal
000001050,2018-01-04 19:00:00,2018-01-04,19,near,near,2018-01-04 19:00:00,,multi_a_region,2,normal
000001050,2018-01-04 20:00:00,2018-01-04,20,core,core,2018-01-04 20:00:00,,no_representative_state,1,normal
000001050,2018-01-04 21:00:00,2018-01-04,21,core,core,2018-01-04 21:00:00,,no_representative_state,1,normal
000001050,2018-01-05 02:00:00,2018-01-05,2,core,core,2018-01-05 02:00:00,,no_representative_state,1,normal
000001050,2018-01-05 03:00:00,2018-01-05,3,core,core,2018-01-05 03:00:00,,no_representative_state,1,normal
000001050,2018-01-05 05:00:00,2018-01-05,5,core,core,2018-01-05 05:00:00,,multi_a_region,2,normal
000001050,2018-01-05 05:00:00,2018-01-05,5,near,near,2018-01-05 05:00:00,,multi_a_region,2,normal
000001050,2018-01-05 09:00:00,2018-01-05,9,near,near,2018-01-05 09:00:00,,no_representative_state,1,normal
000001050,2018-01-05 10:00:00,2018-01-05,10,core,core,2018-01-05 10:00:00,,multi_a_region,2,normal
000001050,2018-01-05 10:00:00,2018-01-05,10,near,near,2018-01-05 10:00:00,,multi_a_region,2,normal
000001050,2018-01-05 11:00:00,2018-01-05,11,near,near,2018-01-05 11:00:00,,no_representative_state,1,normal
000001050,2018-01-05 14:00:00,2018-01-05,14,core,core,2018-01-05 14:00:00,,multi_a_region,2,normal
000001050,2018-01-05 14:00:00,2018-01-05,14,near,near,2018-01-05 14:00:00,,multi_a_region,2,normal
000001050,2018-01-05 15:00:00,2018-01-05,15,core,core,2018-01-05 15:00:00,,multi_a_region,2,normal
000001050,2018-01-05 15:00:00,2018-01-05,15,near,near,2018-01-05 15:00:00,,multi_a_region,2,normal
000001050,2018-01-05 16:00:00,2018-01-05,16,near,near,2018-01-05 16:00:00,,no_representative_state,1,normal
000001050,2018-01-05 17:00:00,2018-01-05,17,core,core,2018-01-05 17:00:00,,multi_a_region,2,normal
000001050,2018-01-05 17:00:00,2018-01-05,17,near,near,2018-01-05 17:00:00,,multi_a_region,2,normal
000001050,2018-01-05 18:00:00,2018-01-05,18,core,core,2018-01-05 18:00:00,,multi_a_region,2,normal
000001050,2018-01-05 18:00:00,2018-01-05,18,near,near,2018-01-05 18:00:00,,multi_a_region,2,normal
000001050,2018-01-05 19:00:00,2018-01-05,19,core,core,2018-01-05 19:00:00,,multi_a_region,2,normal
000001050,2018-01-05 19:00:00,2018-01-05,19,near,near,2018-01-05 19:00:00,,multi_a_region,2,normal
000001050,2018-01-05 22:00:00,2018-01-05,22,core,core,2018-01-05 22:00:00,,no_representative_state,1,normal
000001050,2018-01-05 23:00:00,2018-01-05,23,core,core,2018-01-05 23:00:00,,multi_a_region,2,normal
000001050,2018-01-05 23:00:00,2018-01-05,23,near,near,2018-01-05 23:00:00,,multi_a_region,2,normal
000001050,2018-01-06 03:00:00,2018-01-06,3,core,core,2018-01-06 03:00:00,,no_representative_state,1,normal
000001050,2018-01-06 04:00:00,2018-01-06,4,core,core,2018-01-06 04:00:00,,no_representative_state,1,normal
000001050,2018-01-06 06:00:00,2018-01-06,6,core,core,2018-01-06 06:00:00,,no_representative_state,1,normal
000001050,2018-01-06 07:00:00,2018-01-06,7,core,core,2018-01-06 07:00:00,,multi_a_region,2,normal
000001050,2018-01-06 07:00:00,2018-01-06,7,near,near,2018-01-06 07:00:00,,multi_a_region,2,normal
000001050,2018-01-06 08:00:00,2018-01-06,8,near,near,2018-01-06 08:00:00,,no_representative_state,1,normal
000001050,2018-01-06 09:00:00,2018-01-06,9,near,near,2018-01-06 09:00:00,,no_representative_state,1,normal
000001050,2018-01-06 11:00:00,2018-01-06,11,near,near,2018-01-06 11:00:00,,no_representative_state,1,normal
000001050,2018-01-06 12:00:00,2018-01-06,12,near,near,2018-01-06 12:00:00,,no_representative_state,1,normal
000001050,2018-01-06 15:00:00,2018-01-06,15,near,near,2018-01-06 15:00:00,,no_representative_state,1,normal
000001050,2018-01-06 18:00:00,2018-01-06,18,near,near,2018-01-06 18:00:00,,no_representative_state,1,normal
000001050,2018-01-06 19:00:00,2018-01-06,19,near,near,2018-01-06 19:00:00,,no_representative_state,1,normal
000001050,2018-01-06 20:00:00,2018-01-06,20,core,core,2018-01-06 20:00:00,,multi_a_region,2,normal
000001050,2018-01-06 20:00:00,2018-01-06,20,near,near,2018-01-06 20:00:00,,multi_a_region,2,normal
000001050,2018-01-06 23:00:00,2018-01-06,23,core,core,2018-01-06 23:00:00,,no_representative_state,1,normal
000001050,2018-01-07 00:00:00,2018-01-07,0,core,core,2018-01-07 00:00:00,,no_representative_state,1,normal
000001050,2018-01-07 03:00:00,2018-01-07,3,core,core,2018-01-07 03:00:00,,no_representative_state,1,normal
000001050,2018-01-07 04:00:00,2018-01-07,4,core,core,2018-01-07 04:00:00,,no_representative_state,1,normal
000001050,2018-01-07 06:00:00,2018-01-07,6,core,core,2018-01-07 06:00:00,,no_representative_state,1,normal
000001050,2018-01-07 07:00:00,2018-01-07,7,core,core,2018-01-07 07:00:00,,multi_a_region,2,normal
000001050,2018-01-07 07:00:00,2018-01-07,7,near,near,2018-01-07 07:00:00,,multi_a_region,2,normal
000001050,2018-01-07 09:00:00,2018-01-07,9,near,near,2018-01-07 09:00:00,,no_representative_state,1,normal
000001050,2018-01-07 12:00:00,2018-01-07,12,near,near,2018-01-07 12:00:00,,no_representative_state,1,normal
000001050,2018-01-07 13:00:00,2018-01-07,13,core,core,2018-01-07 13:00:00,,multi_a_region,2,normal
000001050,2018-01-07 13:00:00,2018-01-07,13,near,near,2018-01-07 13:00:00,,multi_a_region,2,normal
000001050,2018-01-07 14:00:00,2018-01-07,14,core,core,2018-01-07 14:00:00,,no_representative_state,1,normal
000001050,2018-01-07 18:00:00,2018-01-07,18,core,core,2018-01-07 18:00:00,,multi_a_region,2,normal
000001050,2018-01-07 18:00:00,2018-01-07,18,near,near,2018-01-07 18:00:00,,multi_a_region,2,normal
000001050,2018-01-07 19:00:00,2018-01-07,19,core,core,2018-01-07 19:00:00,,multi_a_region,2,normal
000001050,2018-01-07 19:00:00,2018-01-07,19,near,near,2018-01-07 19:00:00,,multi_a_region,2,normal
000001050,2018-01-07 22:00:00,2018-01-07,22,core,core,2018-01-07 22:00:00,,multi_a_region,2,normal
000001050,2018-01-07 22:00:00,2018-01-07,22,near,near,2018-01-07 22:00:00,,multi_a_region,2,normal
000001050,2018-01-07 23:00:00,2018-01-07,23,near,near,2018-01-07 23:00:00,,no_representative_state,1,normal
000001050,2018-01-08 03:00:00,2018-01-08,3,near,near,2018-01-08 03:00:00,,no_representative_state,1,normal
000001050,2018-01-08 04:00:00,2018-01-08,4,near,near,2018-01-08 04:00:00,,no_representative_state,1,normal
000001050,2018-01-08 06:00:00,2018-01-08,6,near,near,2018-01-08 06:00:00,,no_representative_state,1,normal
000001050,2018-01-08 07:00:00,2018-01-08,7,core,core,2018-01-08 07:00:00,,multi_a_region,2,normal
000001050,2018-01-08 07:00:00,2018-01-08,7,near,near,2018-01-08 07:00:00,,multi_a_region,2,normal
000001050,2018-01-08 09:00:00,2018-01-08,9,core,core,2018-01-08 09:00:00,,multi_a_region,2,normal
000001050,2018-01-08 09:00:00,2018-01-08,9,near,near,2018-01-08 09:00:00,,multi_a_region,2,normal
000001050,2018-01-08 10:00:00,2018-01-08,10,core,core,2018-01-08 10:00:00,,multi_a_region,2,normal
000001050,2018-01-08 10:00:00,2018-01-08,10,near,near,2018-01-08 10:00:00,,multi_a_region,2,normal
000001050,2018-01-08 11:00:00,2018-01-08,11,near,near,2018-01-08 11:00:00,,no_representative_state,1,normal
000001050,2018-01-08 14:00:00,2018-01-08,14,core,core,2018-01-08 14:00:00,,multi_a_region,2,normal
000001050,2018-01-08 14:00:00,2018-01-08,14,near,near,2018-01-08 14:00:00,,multi_a_region,2,normal
000001050,2018-01-08 15:00:00,2018-01-08,15,core,core,2018-01-08 15:00:00,,multi_a_region,2,normal
000001050,2018-01-08 15:00:00,2018-01-08,15,near,near,2018-01-08 15:00:00,,multi_a_region,2,normal
000001050,2018-01-08 19:00:00,2018-01-08,19,near,near,2018-01-08 19:00:00,,no_representative_state,1,normal
000001050,2018-01-08 20:00:00,2018-01-08,20,near,near,2018-01-08 20:00:00,,no_representative_state,1,normal
000001050,2018-01-08 21:00:00,2018-01-08,21,near,near,2018-01-08 21:00:00,,no_representative_state,1,normal
000001050,2018-01-09 00:00:00,2018-01-09,0,near,near,2018-01-09 00:00:00,,no_representative_state,1,normal
000001050,2018-01-09 01:00:00,2018-01-09,1,near,near,2018-01-09 01:00:00,,no_representative_state,1,normal
000001050,2018-01-09 03:00:00,2018-01-09,3,near,near,2018-01-09 03:00:00,,no_representative_state,1,normal
000001050,2018-01-09 04:00:00,2018-01-09,4,core,core,2018-01-09 04:00:00,,multi_a_region,2,normal
000001050,2018-01-09 04:00:00,2018-01-09,4,near,near,2018-01-09 04:00:00,,multi_a_region,2,normal
000001050,2018-01-09 10:00:00,2018-01-09,10,core,core,2018-01-09 10:00:00,,multi_a_region,2,normal
000001050,2018-01-09 10:00:00,2018-01-09,10,near,near,2018-01-09 10:00:00,,multi_a_region,2,normal
000001050,2018-01-09 11:00:00,2018-01-09,11,core,core,2018-01-09 11:00:00,,no_representative_state,1,normal
000001050,2018-01-09 12:00:00,2018-01-09,12,core,core,2018-01-09 12:00:00,,multi_a_region,2,normal
000001050,2018-01-09 12:00:00,2018-01-09,12,near,near,2018-01-09 12:00:00,,multi_a_region,2,normal
000001050,2018-01-09 19:00:00,2018-01-09,19,near,near,2018-01-09 19:00:00,,no_representative_state,1,normal
000001050,2018-01-09 20:00:00,2018-01-09,20,near,near,2018-01-09 20:00:00,,no_representative_state,1,normal
000001050,2018-01-09 23:00:00,2018-01-09,23,near,near,2018-01-09 23:00:00,,no_representative_state,1,normal
000001050,2018-01-10 00:00:00,2018-01-10,0,core,core,2018-01-10 00:00:00,,multi_a_region,2,normal
000001050,2018-01-10 00:00:00,2018-01-10,0,near,near,2018-01-10 00:00:00,,multi_a_region,2,normal
000001050,2018-01-10 02:00:00,2018-01-10,2,core,core,2018-01-10 02:00:00,,multi_a_region,2,normal
000001050,2018-01-10 02:00:00,2018-01-10,2,near,near,2018-01-10 02:00:00,,multi_a_region,2,normal
000001050,2018-01-10 07:00:00,2018-01-10,7,core,core,2018-01-10 07:00:00,,multi_a_region,2,normal
000001050,2018-01-10 07:00:00,2018-01-10,7,near,near,2018-01-10 07:00:00,,multi_a_region,2,normal
000001050,2018-01-10 08:00:00,2018-01-10,8,near,near,2018-01-10 08:00:00,,no_representative_state,1,normal
000001050,2018-01-10 09:00:00,2018-01-10,9,core,core,2018-01-10 09:00:00,,multi_a_region,2,normal
000001050,2018-01-10 09:00:00,2018-01-10,9,near,near,2018-01-10 09:00:00,,multi_a_region,2,normal
000001050,2018-01-10 10:00:00,2018-01-10,10,core,core,2018-01-10 10:00:00,,no_representative_state,1,normal
000001050,2018-01-10 11:00:00,2018-01-10,11,core,core,2018-01-10 11:00:00,,no_representative_state,1,normal
000001050,2018-01-10 12:00:00,2018-01-10,12,core,core,2018-01-10 12:00:00,,no_representative_state,1,normal
000001050,2018-01-10 15:00:00,2018-01-10,15,core,core,2018-01-10 15:00:00,,no_representative_state,1,normal
000001050,2018-01-10 19:00:00,2018-01-10,19,core,core,2018-01-10 19:00:00,,no_representative_state,1,normal
000001050,2018-01-10 20:00:00,2018-01-10,20,core,core,2018-01-10 20:00:00,,no_representative_state,1,normal
000001050,2018-01-10 23:00:00,2018-01-10,23,core,core,2018-01-10 23:00:00,,no_representative_state,1,normal
000001050,2018-01-11 00:00:00,2018-01-11,0,core,core,2018-01-11 00:00:00,,no_representative_state,1,normal
000001050,2018-01-11 02:00:00,2018-01-11,2,core,core,2018-01-11 02:00:00,,no_representative_state,1,normal
000001050,2018-01-11 03:00:00,2018-01-11,3,core,core,2018-01-11 03:00:00,,multi_a_region,2,normal
000001050,2018-01-11 03:00:00,2018-01-11,3,near,near,2018-01-11 03:00:00,,multi_a_region,2,normal
000001050,2018-01-11 11:00:00,2018-01-11,11,core,core,2018-01-11 11:00:00,,multi_a_region,2,normal
000001050,2018-01-11 11:00:00,2018-01-11,11,near,near,2018-01-11 11:00:00,,multi_a_region,2,normal
000001050,2018-01-11 12:00:00,2018-01-11,12,core,core,2018-01-11 12:00:00,,no_representative_state,1,normal
000001050,2018-01-11 14:00:00,2018-01-11,14,core,core,2018-01-11 14:00:00,,no_representative_state,1,normal
000001050,2018-01-11 15:00:00,2018-01-11,15,core,core,2018-01-11 15:00:00,,multi_a_region,2,normal
000001050,2018-01-11 15:00:00,2018-01-11,15,near,near,2018-01-11 15:00:00,,multi_a_region,2,normal
000001050,2018-01-11 16:00:00,2018-01-11,16,core,core,2018-01-11 16:00:00,,multi_a_region,2,normal
000001050,2018-01-11 16:00:00,2018-01-11,16,near,near,2018-01-11 16:00:00,,multi_a_region,2,normal
000001050,2018-01-11 17:00:00,2018-01-11,17,core,core,2018-01-11 17:00:00,,no_representative_state,1,normal
000001050,2018-01-11 18:00:00,2018-01-11,18,core,core,2018-01-11 18:00:00,,no_representative_state,1,normal
000001050,2018-01-11 19:00:00,2018-01-11,19,core,core,2018-01-11 19:00:00,,no_representative_state,1,normal
000001050,2018-01-11 20:00:00,2018-01-11,20,core,core,2018-01-11 20:00:00,,no_representative_state,1,normal
000001050,2018-01-11 23:00:00,2018-01-11,23,core,core,2018-01-11 23:00:00,,multi_a_region,2,normal
000001050,2018-01-11 23:00:00,2018-01-11,23,near,near,2018-01-11 23:00:00,,multi_a_region,2,normal
000001050,2018-01-12 00:00:00,2018-01-12,0,core,core,2018-01-12 00:00:00,,multi_a_region,2,reduced
000001050,2018-01-12 00:00:00,2018-01-12,0,near,near,2018-01-12 00:00:00,,multi_a_region,2,reduced
000001050,2018-01-12 03:00:00,2018-01-12,3,core,core,2018-01-12 03:00:00,,no_representative_state,1,reduced
000001050,2018-01-12 04:00:00,2018-01-12,4,core,core,2018-01-12 04:00:00,,no_representative_state,1,reduced
000001050,2018-01-12 05:00:00,2018-01-12,5,core,core,2018-01-12 05:00:00,,no_representative_state,1,reduced
000001050,2018-01-12 06:00:00,2018-01-12,6,core,core,2018-01-12 06:00:00,,no_representative_state,1,reduced
000001050,2018-01-12 07:00:00,2018-01-12,7,near,near,2018-01-12 07:00:00,,no_representative_state,1,reduced
000001050,2018-01-12 09:00:00,2018-01-12,9,core,core,2018-01-12 09:00:00,,no_representative_state,1,reduced
000001050,2018-01-12 10:00:00,2018-01-12,10,near,near,2018-01-12 10:00:00,,no_representative_state,1,reduced
000001050,2018-01-12 11:00:00,2018-01-12,11,core,core,2018-01-12 11:00:00,,multi_a_region,2,reduced
000001050,2018-01-12 11:00:00,2018-01-12,11,near,near,2018-01-12 11:00:00,,multi_a_region,2,reduced
000001050,2018-01-12 12:00:00,2018-01-12,12,core,core,2018-01-12 12:00:00,,no_representative_state,1,reduced
000001050,2018-01-12 14:00:00,2018-01-12,14,core,core,2018-01-12 14:00:00,,no_representative_state,1,reduced
000001050,2018-01-12 15:00:00,2018-01-12,15,core,core,2018-01-12 15:00:00,,no_representative_state,1,reduced
000001050,2018-01-12 20:00:00,2018-01-12,20,core,core,2018-01-12 20:00:00,,multi_a_region,2,reduced
000001050,2018-01-12 20:00:00,2018-01-12,20,near,near,2018-01-12 20:00:00,,multi_a_region,2,reduced
000001050,2018-01-12 22:00:00,2018-01-12,22,core,core,2018-01-12 22:00:00,,no_representative_state,1,reduced
000001050,2018-01-12 23:00:00,2018-01-12,23,core,core,2018-01-12 23:00:00,,multi_a_region,2,reduced
000001050,2018-01-12 23:00:00,2018-01-12,23,near,near,2018-01-12 23:00:00,,multi_a_region,2,reduced
000001050,2018-01-13 07:00:00,2018-01-13,7,core,core,2018-01-13 07:00:00,,multi_a_region,2,outage
000001050,2018-01-13 07:00:00,2018-01-13,7,near,near,2018-01-13 07:00:00,,multi_a_region,2,outage
000001050,2018-01-13 11:00:00,2018-01-13,11,core,core,2018-01-13 11:00:00,,multi_a_region,2,outage
000001050,2018-01-13 11:00:00,2018-01-13,11,near,near,2018-01-13 11:00:00,,multi_a_region,2,outage
000001050,2018-01-13 14:00:00,2018-01-13,14,core,core,2018-01-13 14:00:00,,no_representative_state,1,outage
000001050,2018-01-13 15:00:00,2018-01-13,15,near,near,2018-01-13 15:00:00,,no_representative_state,1,outage
000001050,2018-01-13 16:00:00,2018-01-13,16,core,core,2018-01-13 16:00:00,,no_representative_state,1,outage
000001050,2018-01-13 18:00:00,2018-01-13,18,core,core,2018-01-13 18:00:00,,no_representative_state,1,outage
000001050,2018-01-13 23:00:00,2018-01-13,23,near,near,2018-01-13 23:00:00,,no_representative_state,1,outage
000001050,2018-01-14 07:00:00,2018-01-14,7,core,core,2018-01-14 07:00:00,,no_representative_state,1,outage
000001050,2018-01-14 09:00:00,2018-01-14,9,near,near,2018-01-14 09:00:00,,no_representative_state,1,outage
000001050,2018-01-14 10:00:00,2018-01-14,10,core,core,2018-01-14 10:00:00,,multi_a_region,2,outage
000001050,2018-01-14 10:00:00,2018-01-14,10,near,near,2018-01-14 10:00:00,,multi_a_region,2,outage
000001050,2018-01-14 11:00:00,2018-01-14,11,core,core,2018-01-14 11:00:00,,no_representative_state,1,outage
000001050,2018-01-14 12:00:00,2018-01-14,12,core,core,2018-01-14 12:00:00,,no_representative_state,1,outage
000001050,2018-01-15 10:00:00,2018-01-15,10,core,core,2018-01-15 10:00:00,,multi_a_region,2,outage
000001050,2018-01-15 10:00:00,2018-01-15,10,near,near,2018-01-15 10:00:00,,multi_a_region,2,outage
000001050,2018-01-15 12:00:00,2018-01-15,12,near,near,2018-01-15 12:00:00,,no_representative_state,1,outage
000001050,2018-01-15 16:00:00,2018-01-15,16,core,core,2018-01-15 16:00:00,,no_representative_state,1,outage
000001050,2018-01-15 18:00:00,2018-01-15,18,core,core,2018-01-15 18:00:00,,no_representative_state,1,outage
000001050,2018-01-15 19:00:00,2018-01-15,19,core,core,2018-01-15 19:00:00,,no_representative_state,1,outage
000001050,2018-01-16 01:00:00,2018-01-16,1,core,core,2018-01-16 01:00:00,,no_representative_state,1,outage
000001050,2018-01-16 02:00:00,2018-01-16,2,core,core,2018-01-16 02:00:00,,no_representative_state,1,outage
000001050,2018-01-16 06:00:00,2018-01-16,6,core,core,2018-01-16 06:00:00,,no_representative_state,1,outage
000001050,2018-01-16 07:00:00,2018-01-16,7,near,near,2018-01-16 07:00:00,,no_representative_state,1,outage
000001050,2018-01-16 08:00:00,2018-01-16,8,core,core,2018-01-16 08:00:00,,multi_a_region,2,outage
000001050,2018-01-16 08:00:00,2018-01-16,8,near,near,2018-01-16 08:00:00,,multi_a_region,2,outage
000001050,2018-01-16 11:00:00,2018-01-16,11,near,near,2018-01-16 11:00:00,,no_representative_state,1,outage
000001050,2018-01-16 14:00:00,2018-01-16,14,near,near,2018-01-16 14:00:00,,no_representative_state,1,outage
000001050,2018-01-16 15:00:00,2018-01-16,15,core,core,2018-01-16 15:00:00,,no_representative_state,1,outage
000001050,2018-01-16 19:00:00,2018-01-16,19,core,core,2018-01-16 19:00:00,,no_representative_state,1,outage
000001050,2018-01-17 02:00:00,2018-01-17,2,core,core,2018-01-17 02:00:00,,no_representative_state,1,severe
000001050,2018-01-17 10:00:00,2018-01-17,10,core,core,2018-01-17 10:00:00,,multi_a_region,2,severe
000001050,2018-01-17 10:00:00,2018-01-17,10,near,near,2018-01-17 10:00:00,,multi_a_region,2,severe
000001050,2018-01-17 13:00:00,2018-01-17,13,core,core,2018-01-17 13:00:00,,no_representative_state,1,severe
000001050,2018-01-17 14:00:00,2018-01-17,14,near,near,2018-01-17 14:00:00,,no_representative_state,1,severe
000001050,2018-01-17 16:00:00,2018-01-17,16,near,near,2018-01-17 16:00:00,,no_representative_state,1,severe
000001050,2018-01-17 23:00:00,2018-01-17,23,near,near,2018-01-17 23:00:00,,no_representative_state,1,severe
000001050,2018-01-18 00:00:00,2018-01-18,0,core,core,2018-01-18 00:00:00,,multi_a_region,2,severe
000001050,2018-01-18 00:00:00,2018-01-18,0,near,near,2018-01-18 00:00:00,,multi_a_region,2,severe
000001050,2018-01-18 01:00:00,2018-01-18,1,core,core,2018-01-18 01:00:00,,no_representative_state,1,severe
000001050,2018-01-18 03:00:00,2018-01-18,3,core,core,2018-01-18 03:00:00,,no_representative_state,1,severe
000001050,2018-01-18 04:00:00,2018-01-18,4,core,core,2018-01-18 04:00:00,,no_representative_state,1,severe
000001050,2018-01-18 10:00:00,2018-01-18,10,core,core,2018-01-18 10:00:00,,no_representative_state,1,severe
000001050,2018-01-18 14:00:00,2018-01-18,14,near,near,2018-01-18 14:00:00,,no_representative_state,1,severe
000001050,2018-01-18 16:00:00,2018-01-18,16,near,near,2018-01-18 16:00:00,,no_representative_state,1,severe
000001050,2018-01-18 18:00:00,2018-01-18,18,core,core,2018-01-18 18:00:00,,no_representative_state,1,severe
000001050,2018-01-18 19:00:00,2018-01-18,19,core,core,2018-01-18 19:00:00,,no_representative_state,1,severe
000001050,2018-01-19 10:00:00,2018-01-19,10,core,core,2018-01-19 10:00:00,,multi_a_region,2,normal
000001050,2018-01-19 10:00:00,2018-01-19,10,near,near,2018-01-19 10:00:00,,multi_a_region,2,normal
000001050,2018-01-19 11:00:00,2018-01-19,11,core,core,2018-01-19 11:00:00,,no_representative_state,1,normal
000001050,2018-01-19 13:00:00,2018-01-19,13,core,core,2018-01-19 13:00:00,,no_representative_state,1,normal
000001050,2018-01-19 14:00:00,2018-01-19,14,core,core,2018-01-19 14:00:00,,multi_a_region,2,normal
000001050,2018-01-19 14:00:00,2018-01-19,14,near,near,2018-01-19 14:00:00,,multi_a_region,2,normal
000001050,2018-01-19 15:00:00,2018-01-19,15,core,core,2018-01-19 15:00:00,,no_representative_state,1,normal
000001050,2018-01-19 16:00:00,2018-01-19,16,core,core,2018-01-19 16:00:00,,no_representative_state,1,normal
000001050,2018-01-19 18:00:00,2018-01-19,18,core,core,2018-01-19 18:00:00,,no_representative_state,1,normal
000001050,2018-01-19 19:00:00,2018-01-19,19,core,core,2018-01-19 19:00:00,,no_representative_state,1,normal
000001050,2018-01-19 21:00:00,2018-01-19,21,core,core,2018-01-19 21:00:00,,no_representative_state,1,normal
000001050,2018-01-19 22:00:00,2018-01-19,22,core,core,2018-01-19 22:00:00,,multi_a_region,2,normal
000001050,2018-01-19 22:00:00,2018-01-19,22,near,near,2018-01-19 22:00:00,,multi_a_region,2,normal
000001050,2018-01-19 23:00:00,2018-01-19,23,core,core,2018-01-19 23:00:00,,multi_a_region,2,normal
000001050,2018-01-19 23:00:00,2018-01-19,23,near,near,2018-01-19 23:00:00,,multi_a_region,2,normal
000001050,2018-01-20 03:00:00,2018-01-20,3,core,core,2018-01-20 03:00:00,,multi_a_region,2,normal
000001050,2018-01-20 03:00:00,2018-01-20,3,near,near,2018-01-20 03:00:00,,multi_a_region,2,normal
000001050,2018-01-20 04:00:00,2018-01-20,4,core,core,2018-01-20 04:00:00,,multi_a_region,2,normal
000001050,2018-01-20 04:00:00,2018-01-20,4,near,near,2018-01-20 04:00:00,,multi_a_region,2,normal
000001050,2018-01-20 06:00:00,2018-01-20,6,core,core,2018-01-20 06:00:00,,no_representative_state,1,normal
000001050,2018-01-20 07:00:00,2018-01-20,7,core,core,2018-01-20 07:00:00,,multi_a_region,2,normal
000001050,2018-01-20 07:00:00,2018-01-20,7,near,near,2018-01-20 07:00:00,,multi_a_region,2,normal
000001050,2018-01-20 09:00:00,2018-01-20,9,near,near,2018-01-20 09:00:00,,no_representative_state,1,normal
000001050,2018-01-20 10:00:00,2018-01-20,10,core,core,2018-01-20 10:00:00,,multi_a_region,2,normal
000001050,2018-01-20 10:00:00,2018-01-20,10,near,near,2018-01-20 10:00:00,,multi_a_region,2,normal
000001050,2018-01-20 11:00:00,2018-01-20,11,core,core,2018-01-20 11:00:00,,multi_a_region,2,normal
000001050,2018-01-20 11:00:00,2018-01-20,11,near,near,2018-01-20 11:00:00,,multi_a_region,2,normal
000001050,2018-01-20 14:00:00,2018-01-20,14,core,core,2018-01-20 14:00:00,,no_representative_state,1,normal
000001050,2018-01-20 15:00:00,2018-01-20,15,core,core,2018-01-20 15:00:00,,multi_a_region,2,normal
000001050,2018-01-20 15:00:00,2018-01-20,15,near,near,2018-01-20 15:00:00,,multi_a_region,2,normal
000001050,2018-01-20 16:00:00,2018-01-20,16,near,near,2018-01-20 16:00:00,,no_representative_state,1,normal
000001050,2018-01-20 18:00:00,2018-01-20,18,near,near,2018-01-20 18:00:00,,no_representative_state,1,normal
000001050,2018-01-20 19:00:00,2018-01-20,19,core,core,2018-01-20 19:00:00,,multi_a_region,2,normal
000001050,2018-01-20 19:00:00,2018-01-20,19,near,near,2018-01-20 19:00:00,,multi_a_region,2,normal
000001050,2018-01-20 20:00:00,2018-01-20,20,core,core,2018-01-20 20:00:00,,no_representative_state,1,normal
000001050,2018-01-20 22:00:00,2018-01-20,22,core,core,2018-01-20 22:00:00,,no_representative_state,1,normal
000001050,2018-01-20 23:00:00,2018-01-20,23,core,core,2018-01-20 23:00:00,,no_representative_state,1,normal
000001050,2018-01-21 00:00:00,2018-01-21,0,core,core,2018-01-21 00:00:00,,multi_a_region,2,normal
000001050,2018-01-21 00:00:00,2018-01-21,0,near,near,2018-01-21 00:00:00,,multi_a_region,2,normal
000001050,2018-01-21 03:00:00,2018-01-21,3,core,core,2018-01-21 03:00:00,,multi_a_region,2,normal
000001050,2018-01-21 03:00:00,2018-01-21,3,near,near,2018-01-21 03:00:00,,multi_a_region,2,normal
000001050,2018-01-21 04:00:00,2018-01-21,4,core,core,2018-01-21 04:00:00,,multi_a_region,2,normal
000001050,2018-01-21 04:00:00,2018-01-21,4,near,near,2018-01-21 04:00:00,,multi_a_region,2,normal
000001050,2018-01-21 13:00:00,2018-01-21,13,core,core,2018-01-21 13:00:00,,multi_a_region,2,normal
000001050,2018-01-21 13:00:00,2018-01-21,13,near,near,2018-01-21 13:00:00,,multi_a_region,2,normal
000001050,2018-01-21 14:00:00,2018-01-21,14,core,core,2018-01-21 14:00:00,,multi_a_region,2,normal
000001050,2018-01-21 14:00:00,2018-01-21,14,near,near,2018-01-21 14:00:00,,multi_a_region,2,normal
000001050,2018-01-21 15:00:00,2018-01-21,15,near,near,2018-01-21 15:00:00,,no_representative_state,1,normal
000001050,2018-01-21 16:00:00,2018-01-21,16,core,core,2018-01-21 16:00:00,,multi_a_region,2,normal
000001050,2018-01-21 16:00:00,2018-01-21,16,near,near,2018-01-21 16:00:00,,multi_a_region,2,normal
000001050,2018-01-21 17:00:00,2018-01-21,17,core,core,2018-01-21 17:00:00,,multi_a_region,2,normal
000001050,2018-01-21 17:00:00,2018-01-21,17,near,near,2018-01-21 17:00:00,,multi_a_region,2,normal
000001050,2018-01-21 18:00:00,2018-01-21,18,core,core,2018-01-21 18:00:00,,multi_a_region,2,normal
000001050,2018-01-21 18:00:00,2018-01-21,18,near,near,2018-01-21 18:00:00,,multi_a_region,2,normal
000001050,2018-01-21 19:00:00,2018-01-21,19,core,core,2018-01-21 19:00:00,,multi_a_region,2,normal
000001050,2018-01-21 19:00:00,2018-01-21,19,near,near,2018-01-21 19:00:00,,multi_a_region,2,normal
000001050,2018-01-21 20:00:00,2018-01-21,20,core,core,2018-01-21 20:00:00,,no_representative_state,1,normal
000001050,2018-01-21 22:00:00,2018-01-21,22,core,core,2018-01-21 22:00:00,,no_representative_state,1,normal
000001050,2018-01-21 23:00:00,2018-01-21,23,core,core,2018-01-21 23:00:00,,no_representative_state,1,normal
000001050,2018-01-22 03:00:00,2018-01-22,3,core,core,2018-01-22 03:00:00,,no_representative_state,1,normal
000001050,2018-01-22 04:00:00,2018-01-22,4,core,core,2018-01-22 04:00:00,,no_representative_state,1,normal
000001050,2018-01-22 06:00:00,2018-01-22,6,core,core,2018-01-22 06:00:00,,no_representative_state,1,normal
000001050,2018-01-22 07:00:00,2018-01-22,7,core,core,2018-01-22 07:00:00,,multi_a_region,2,normal
000001050,2018-01-22 07:00:00,2018-01-22,7,near,near,2018-01-22 07:00:00,,multi_a_region,2,normal
000001050,2018-01-22 08:00:00,2018-01-22,8,near,near,2018-01-22 08:00:00,,no_representative_state,1,normal
000001050,2018-01-22 12:00:00,2018-01-22,12,near,near,2018-01-22 12:00:00,,no_representative_state,1,normal
000001050,2018-01-22 13:00:00,2018-01-22,13,near,near,2018-01-22 13:00:00,,no_representative_state,1,normal
000001050,2018-01-22 17:00:00,2018-01-22,17,core,core,2018-01-22 17:00:00,,multi_a_region,2,normal
000001050,2018-01-22 17:00:00,2018-01-22,17,near,near,2018-01-22 17:00:00,,multi_a_region,2,normal
000001050,2018-01-22 18:00:00,2018-01-22,18,near,near,2018-01-22 18:00:00,,no_representative_state,1,normal
000001050,2018-01-22 19:00:00,2018-01-22,19,core,core,2018-01-22 19:00:00,,no_representative_state,1,normal
000001050,2018-01-22 21:00:00,2018-01-22,21,core,core,2018-01-22 21:00:00,,no_representative_state,1,normal
000001050,2018-01-22 22:00:00,2018-01-22,22,core,core,2018-01-22 22:00:00,,multi_a_region,2,normal
000001050,2018-01-22 22:00:00,2018-01-22,22,near,near,2018-01-22 22:00:00,,multi_a_region,2,normal
000001050,2018-01-23 00:00:00,2018-01-23,0,core,core,2018-01-23 00:00:00,,no_representative_state,1,normal
000001050,2018-01-23 07:00:00,2018-01-23,7,core,core,2018-01-23 07:00:00,,multi_a_region,2,normal
000001050,2018-01-23 07:00:00,2018-01-23,7,near,near,2018-01-23 07:00:00,,multi_a_region,2,normal
000001050,2018-01-23 11:00:00,2018-01-23,11,near,near,2018-01-23 11:00:00,,no_representative_state,1,normal
000001050,2018-01-23 12:00:00,2018-01-23,12,near,near,2018-01-23 12:00:00,,no_representative_state,1,normal
000001050,2018-01-23 14:00:00,2018-01-23,14,near,near,2018-01-23 14:00:00,,no_representative_state,1,normal
000001050,2018-01-23 15:00:00,2018-01-23,15,near,near,2018-01-23 15:00:00,,no_representative_state,1,normal
000001050,2018-01-23 18:00:00,2018-01-23,18,core,core,2018-01-23 18:00:00,,multi_a_region,2,normal
000001050,2018-01-23 18:00:00,2018-01-23,18,near,near,2018-01-23 18:00:00,,multi_a_region,2,normal
000001050,2018-01-23 19:00:00,2018-01-23,19,core,core,2018-01-23 19:00:00,,no_representative_state,1,normal
000001050,2018-01-23 20:00:00,2018-01-23,20,core,core,2018-01-23 20:00:00,,no_representative_state,1,normal
000001050,2018-01-23 21:00:00,2018-01-23,21,core,core,2018-01-23 21:00:00,,no_representative_state,1,normal
000001050,2018-01-23 22:00:00,2018-01-23,22,core,core,2018-01-23 22:00:00,,no_representative_state,1,normal
000001050,2018-01-23 23:00:00,2018-01-23,23,core,core,2018-01-23 23:00:00,,no_representative_state,1,normal
000001050,2018-01-24 00:00:00,2018-01-24,0,core,core,2018-01-24 00:00:00,,no_representative_state,1,normal
000001050,2018-01-24 04:00:00,2018-01-24,4,core,core,2018-01-24 04:00:00,,no_representative_state,1,normal
000001050,2018-01-24 05:00:00,2018-01-24,5,core,core,2018-01-24 05:00:00,,no_representative_state,1,normal
000001050,2018-01-24 07:00:00,2018-01-24,7,core,core,2018-01-24 07:00:00,,multi_a_region,2,normal
000001050,2018-01-24 07:00:00,2018-01-24,7,near,near,2018-01-24 07:00:00,,multi_a_region,2,normal
000001050,2018-01-24 08:00:00,2018-01-24,8,core,core,2018-01-24 08:00:00,,multi_a_region,2,normal
000001050,2018-01-24 08:00:00,2018-01-24,8,near,near,2018-01-24 08:00:00,,multi_a_region,2,normal
000001050,2018-01-24 09:00:00,2018-01-24,9,core,core,2018-01-24 09:00:00,,no_representative_state,1,normal
000001050,2018-01-24 10:00:00,2018-01-24,10,core,core,2018-01-24 10:00:00,,multi_a_region,2,normal
000001050,2018-01-24 10:00:00,2018-01-24,10,near,near,2018-01-24 10:00:00,,multi_a_region,2,normal
000001050,2018-01-24 11:00:00,2018-01-24,11,core,core,2018-01-24 11:00:00,,multi_a_region,2,normal
000001050,2018-01-24 11:00:00,2018-01-24,11,near,near,2018-01-24 11:00:00,,multi_a_region,2,normal
000001050,2018-01-24 13:00:00,2018-01-24,13,core,core,2018-01-24 13:00:00,,no_representative_state,1,normal
000001050,2018-01-24 14:00:00,2018-01-24,14,core,core,2018-01-24 14:00:00,,no_representative_state,1,normal
000001050,2018-01-24 15:00:00,2018-01-24,15,core,core,2018-01-24 15:00:00,,multi_a_region,2,normal
000001050,2018-01-24 15:00:00,2018-01-24,15,near,near,2018-01-24 15:00:00,,multi_a_region,2,normal
000001050,2018-01-24 16:00:00,2018-01-24,16,core,core,2018-01-24 16:00:00,,multi_a_region,2,normal
000001050,2018-01-24 16:00:00,2018-01-24,16,near,near,2018-01-24 16:00:00,,multi_a_region,2,normal
000001050,2018-01-24 18:00:00,2018-01-24,18,core,core,2018-01-24 18:00:00,,multi_a_region,2,normal
000001050,2018-01-24 18:00:00,2018-01-24,18,near,near,2018-01-24 18:00:00,,multi_a_region,2,normal
000001050,2018-01-24 19:00:00,2018-01-24,19,core,core,2018-01-24 19:00:00,,multi_a_region,2,normal
000001050,2018-01-24 19:00:00,2018-01-24,19,near,near,2018-01-24 19:00:00,,multi_a_region,2,normal
000001050,2018-01-24 21:00:00,2018-01-24,21,core,core,2018-01-24 21:00:00,,multi_a_region,2,normal
000001050,2018-01-24 21:00:00,2018-01-24,21,near,near,2018-01-24 21:00:00,,multi_a_region,2,normal
000001050,2018-01-24 22:00:00,2018-01-24,22,core,core,2018-01-24 22:00:00,,multi_a_region,2,normal
000001050,2018-01-24 22:00:00,2018-01-24,22,near,near,2018-01-24 22:00:00,,multi_a_region,2,normal
000001050,2018-01-24 23:00:00,2018-01-24,23,core,core,2018-01-24 23:00:00,,multi_a_region,2,normal
000001050,2018-01-24 23:00:00,2018-01-24,23,near,near,2018-01-24 23:00:00,,multi_a_region,2,normal
000001051,2018-01-01 01:00:00,2018-01-01,1,near,near,2018-01-01 01:00:00,,no_representative_state,1,normal
000001051,2018-01-01 02:00:00,2018-01-01,2,near,near,2018-01-01 02:00:00,,no_representative_state,1,normal
000001051,2018-01-01 03:00:00,2018-01-01,3,core,core,2018-01-01 03:00:00,,multi_a_region,2,normal
000001051,2018-01-01 03:00:00,2018-01-01,3,near,near,2018-01-01 03:00:00,,multi_a_region,2,normal
000001051,2018-01-01 07:00:00,2018-01-01,7,core,core,2018-01-01 07:00:00,,no_representative_state,1,normal
000001051,2018-01-01 11:00:00,2018-01-01,11,core,core,2018-01-01 11:00:00,,no_representative_state,1,normal
000001051,2018-01-01 12:00:00,2018-01-01,12,core,core,2018-01-01 12:00:00,,no_representative_state,1,normal
000001051,2018-01-01 15:00:00,2018-01-01,15,core,core,2018-01-01 15:00:00,,multi_a_region,2,normal
000001051,2018-01-01 15:00:00,2018-01-01,15,near,near,2018-01-01 15:00:00,,multi_a_region,2,normal
000001051,2018-01-01 16:00:00,2018-01-01,16,core,core,2018-01-01 16:00:00,,no_representative_state,1,normal
000001051,2018-01-01 18:00:00,2018-01-01,18,core,core,2018-01-01 18:00:00,,multi_a_region,2,normal
000001051,2018-01-01 18:00:00,2018-01-01,18,near,near,2018-01-01 18:00:00,,multi_a_region,2,normal
000001051,2018-01-01 19:00:00,2018-01-01,19,core,core,2018-01-01 19:00:00,,multi_a_region,2,normal
000001051,2018-01-01 19:00:00,2018-01-01,19,near,near,2018-01-01 19:00:00,,multi_a_region,2,normal
000001051,2018-01-01 23:00:00,2018-01-01,23,core,core,2018-01-01 23:00:00,,no_representative_state,1,normal
000001051,2018-01-02 03:00:00,2018-01-02,3,core,core,2018-01-02 03:00:00,,no_representative_state,1,normal
000001051,2018-01-02 04:00:00,2018-01-02,4,core,core,2018-01-02 04:00:00,,no_representative_state,1,normal
000001051,2018-01-02 06:00:00,2018-01-02,6,core,core,2018-01-02 06:00:00,,no_representative_state,1,normal
000001051,2018-01-02 07:00:00,2018-01-02,7,core,core,2018-01-02 07:00:00,,multi_a_region,2,normal
000001051,2018-01-02 07:00:00,2018-01-02,7,near,near,2018-01-02 07:00:00,,multi_a_region,2,normal
000001051,2018-01-02 08:00:00,2018-01-02,8,core,core,2018-01-02 08:00:00,,multi_a_region,2,normal
000001051,2018-01-02 08:00:00,2018-01-02,8,near,near,2018-01-02 08:00:00,,multi_a_region,2,normal
000001051,2018-01-02 10:00:00,2018-01-02,10,core,core,2018-01-02 10:00:00,,no_representative_state,1,normal
000001051,2018-01-02 11:00:00,2018-01-02,11,core,core,2018-01-02 11:00:00,,multi_a_region,2,normal
000001051,2018-01-02 11:00:00,2018-01-02,11,near,near,2018-01-02 11:00:00,,multi_a_region,2,normal
000001051,2018-01-02 13:00:00,2018-01-02,13,core,core,2018-01-02 13:00:00,,no_representative_state,1,normal
000001051,2018-01-02 14:00:00,2018-01-02,14,core,core,2018-01-02 14:00:00,,no_representative_state,1,normal
000001051,2018-01-02 15:00:00,2018-01-02,15,core,core,2018-01-02 15:00:00,,multi_a_region,2,normal
000001051,2018-01-02 15:00:00,2018-01-02,15,near,near,2018-01-02 15:00:00,,multi_a_region,2,normal
000001051,2018-01-02 16:00:00,2018-01-02,16,core,core,2018-01-02 16:00:00,,multi_a_region,2,normal
000001051,2018-01-02 16:00:00,2018-01-02,16,near,near,2018-01-02 16:00:00,,multi_a_region,2,normal
000001051,2018-01-02 19:00:00,2018-01-02,19,core,core,2018-01-02 19:00:00,,no_representative_state,1,normal
000001051,2018-01-03 01:00:00,2018-01-03,1,core,core,2018-01-03 01:00:00,,multi_a_region,2,normal
000001051,2018-01-03 01:00:00,2018-01-03,1,near,near,2018-01-03 01:00:00,,multi_a_region,2,normal
000001051,2018-01-03 02:00:00,2018-01-03,2,core,core,2018-01-03 02:00:00,,multi_a_region,2,normal
000001051,2018-01-03 02:00:00,2018-01-03,2,near,near,2018-01-03 02:00:00,,multi_a_region,2,normal
000001051,2018-01-03 03:00:00,2018-01-03,3,core,core,2018-01-03 03:00:00,,no_representative_state,1,normal
000001051,2018-01-03 06:00:00,2018-01-03,6,core,core,2018-01-03 06:00:00,,no_representative_state,1,normal
000001051,2018-01-03 07:00:00,2018-01-03,7,core,core,2018-01-03 07:00:00,,no_representative_state,1,normal
000001051,2018-01-03 09:00:00,2018-01-03,9,core,core,2018-01-03 09:00:00,,no_representative_state,1,normal
000001051,2018-01-03 10:00:00,2018-01-03,10,core,core,2018-01-03 10:00:00,,multi_a_region,2,normal
000001051,2018-01-03 10:00:00,2018-01-03,10,near,near,2018-01-03 10:00:00,,multi_a_region,2,normal
000001051,2018-01-03 11:00:00,2018-01-03,11,near,near,2018-01-03 11:00:00,,no_representative_state,1,normal
000001051,2018-01-03 12:00:00,2018-01-03,12,near,near,2018-01-03 12:00:00,,no_representative_state,1,normal
000001051,2018-01-03 13:00:00,2018-01-03,13,core,core,2018-01-03 13:00:00,,multi_a_region,2,normal
000001051,2018-01-03 13:00:00,2018-01-03,13,near,near,2018-01-03 13:00:00,,multi_a_region,2,normal
000001051,2018-01-03 14:00:00,2018-01-03,14,core,core,2018-01-03 14:00:00,,multi_a_region,2,normal
000001051,2018-01-03 14:00:00,2018-01-03,14,near,near,2018-01-03 14:00:00,,multi_a_region,2,normal
000001051,2018-01-03 15:00:00,2018-01-03,15,core,core,2018-01-03 15:00:00,,multi_a_region,2,normal
000001051,2018-01-03 15:00:00,2018-01-03,15,near,near,2018-01-03 15:00:00,,multi_a_region,2,normal
000001051,2018-01-03 16:00:00,2018-01-03,16,core,core,2018-01-03 16:00:00,,no_representative_state,1,normal
000001051,2018-01-03 17:00:00,2018-01-03,17,core,core,2018-01-03 17:00:00,,no_representative_state,1,normal
000001051,2018-01-03 18:00:00,2018-01-03,18,core,core,2018-01-03 18:00:00,,multi_a_region,2,normal
000001051,2018-01-03 18:00:00,2018-01-03,18,near,near,2018-01-03 18:00:00,,multi_a_region,2,normal
000001051,2018-01-03 19:00:00,2018-01-03,19,core,core,2018-01-03 19:00:00,,multi_a_region,2,normal
000001051,2018-01-03 19:00:00,2018-01-03,19,near,near,2018-01-03 19:00:00,,multi_a_region,2,normal
000001051,2018-01-03 22:00:00,2018-01-03,22,core,core,2018-01-03 22:00:00,,no_representative_state,1,normal
000001051,2018-01-03 23:00:00,2018-01-03,23,core,core,2018-01-03 23:00:00,,multi_a_region,2,normal
000001051,2018-01-03 23:00:00,2018-01-03,23,near,near,2018-01-03 23:00:00,,multi_a_region,2,normal
000001051,2018-01-04 04:00:00,2018-01-04,4,core,core,2018-01-04 04:00:00,,no_representative_state,1,normal
000001051,2018-01-04 05:00:00,2018-01-04,5,core,core,2018-01-04 05:00:00,,no_representative_state,1,normal
000001051,2018-01-04 06:00:00,2018-01-04,6,core,core,2018-01-04 06:00:00,,no_representative_state,1,normal
000001051,2018-01-04 07:00:00,2018-01-04,7,core,core,2018-01-04 07:00:00,,multi_a_region,2,normal
000001051,2018-01-04 07:00:00,2018-01-04,7,near,near,2018-01-04 07:00:00,,multi_a_region,2,normal
000001051,2018-01-04 08:00:00,2018-01-04,8,core,core,2018-01-04 08:00:00,,multi_a_region,2,normal
000001051,2018-01-04 08:00:00,2018-01-04,8,near,near,2018-01-04 08:00:00,,multi_a_region,2,normal
000001051,2018-01-04 09:00:00,2018-01-04,9,near,near,2018-01-04 09:00:00,,no_representative_state,1,normal
000001051,2018-01-04 11:00:00,2018-01-04,11,core,core,2018-01-04 11:00:00,,multi_a_region,2,normal
000001051,2018-01-04 11:00:00,2018-01-04,11,near,near,2018-01-04 11:00:00,,multi_a_region,2,normal
000001051,2018-01-04 13:00:00,2018-01-04,13,core,core,2018-01-04 13:00:00,,no_representative_state,1,normal
000001051,2018-01-04 14:00:00,2018-01-04,14,core,core,2018-01-04 14:00:00,,multi_a_region,2,normal
000001051,2018-01-04 14:00:00,2018-01-04,14,near,near,2018-01-04 14:00:00,,multi_a_region,2,normal
000001051,2018-01-04 23:00:00,2018-01-04,23,core,core,2018-01-04 23:00:00,,multi_a_region,2,normal
000001051,2018-01-04 23:00:00,2018-01-04,23,near,near,2018-01-04 23:00:00,,multi_a_region,2,normal
000001051,2018-01-05 00:00:00,2018-01-05,0,core,core,2018-01-05 00:00:00,,multi_a_region,2,normal
000001051,2018-01-05 00:00:00,2018-01-05,0,near,near,2018-01-05 00:00:00,,multi_a_region,2,normal
000001051,2018-01-05 01:00:00,2018-01-05,1,core,core,2018-01-05 01:00:00,,no_representative_state,1,normal
000001051,2018-01-05 02:00:00,2018-01-05,2,core,core,2018-01-05 02:00:00,,no_representative_state,1,normal
000001051,2018-01-05 03:00:00,2018-01-05,3,core,core,2018-01-05 03:00:00,,no_representative_state,1,normal
000001051,2018-01-05 05:00:00,2018-01-05,5,core,core,2018-01-05 05:00:00,,no_representative_state,1,normal
000001051,2018-01-05 10:00:00,2018-01-05,10,core,core,2018-01-05 10:00:00,,multi_a_region,2,normal
000001051,2018-01-05 10:00:00,2018-01-05,10,near,near,2018-01-05 10:00:00,,multi_a_region,2,normal
000001051,2018-01-05 11:00:00,2018-01-05,11,core,core,2018-01-05 11:00:00,,multi_a_region,2,normal
000001051,2018-01-05 11:00:00,2018-01-05,11,near,near,2018-01-05 11:00:00,,multi_a_region,2,normal
000001051,2018-01-05 14:00:00,2018-01-05,14,core,core,2018-01-05 14:00:00,,no_representative_state,1,normal
000001051,2018-01-05 15:00:00,2018-01-05,15,core,core,2018-01-05 15:00:00,,multi_a_region,2,normal
000001051,2018-01-05 15:00:00,2018-01-05,15,near,near,2018-01-05 15:00:00,,multi_a_region,2,normal
000001051,2018-01-05 16:00:00,2018-01-05,16,core,core,2018-01-05 16:00:00,,multi_a_region,2,normal
000001051,2018-01-05 16:00:00,2018-01-05,16,near,near,2018-01-05 16:00:00,,multi_a_region,2,normal
000001051,2018-01-05 17:00:00,2018-01-05,17,core,core,2018-01-05 17:00:00,,no_representative_state,1,normal
000001051,2018-01-05 18:00:00,2018-01-05,18,core,core,2018-01-05 18:00:00,,multi_a_region,2,normal
000001051,2018-01-05 18:00:00,2018-01-05,18,near,near,2018-01-05 18:00:00,,multi_a_region,2,normal
000001051,2018-01-05 19:00:00,2018-01-05,19,core,core,2018-01-05 19:00:00,,no_representative_state,1,normal
000001051,2018-01-05 22:00:00,2018-01-05,22,core,core,2018-01-05 22:00:00,,no_representative_state,1,normal
000001051,2018-01-05 23:00:00,2018-01-05,23,core,core,2018-01-05 23:00:00,,no_representative_state,1,normal
000001051,2018-01-06 03:00:00,2018-01-06,3,core,core,2018-01-06 03:00:00,,no_representative_state,1,normal
000001051,2018-01-06 04:00:00,2018-01-06,4,core,core,2018-01-06 04:00:00,,no_representative_state,1,normal
000001051,2018-01-06 06:00:00,2018-01-06,6,core,core,2018-01-06 06:00:00,,no_representative_state,1,normal
000001051,2018-01-06 07:00:00,2018-01-06,7,core,core,2018-01-06 07:00:00,,no_representative_state,1,normal
000001051,2018-01-06 08:00:00,2018-01-06,8,core,core,2018-01-06 08:00:00,,no_representative_state,1,normal
000001051,2018-01-06 09:00:00,2018-01-06,9,near,near,2018-01-06 09:00:00,,no_representative_state,1,normal
000001051,2018-01-06 11:00:00,2018-01-06,11,near,near,2018-01-06 11:00:00,,no_representative_state,1,normal
000001051,2018-01-06 15:00:00,2018-01-06,15,near,near,2018-01-06 15:00:00,,no_representative_state,1,normal
000001051,2018-01-06 18:00:00,2018-01-06,18,near,near,2018-01-06 18:00:00,,no_representative_state,1,normal
000001051,2018-01-06 19:00:00,2018-01-06,19,core,core,2018-01-06 19:00:00,,multi_a_region,2,normal
000001051,2018-01-06 19:00:00,2018-01-06,19,near,near,2018-01-06 19:00:00,,multi_a_region,2,normal
000001051,2018-01-06 20:00:00,2018-01-06,20,core,core,2018-01-06 20:00:00,,multi_a_region,2,normal
000001051,2018-01-06 20:00:00,2018-01-06,20,near,near,2018-01-06 20:00:00,,multi_a_region,2,normal
000001051,2018-01-06 23:00:00,2018-01-06,23,core,core,2018-01-06 23:00:00,,no_representative_state,1,normal
000001051,2018-01-07 00:00:00,2018-01-07,0,core,core,2018-01-07 00:00:00,,no_representative_state,1,normal
000001051,2018-01-07 04:00:00,2018-01-07,4,core,core,2018-01-07 04:00:00,,no_representative_state,1,normal
000001051,2018-01-07 06:00:00,2018-01-07,6,core,core,2018-01-07 06:00:00,,no_representative_state,1,normal
000001051,2018-01-07 07:00:00,2018-01-07,7,core,core,2018-01-07 07:00:00,,no_representative_state,1,normal
000001051,2018-01-07 12:00:00,2018-01-07,12,core,core,2018-01-07 12:00:00,,multi_a_region,2,normal
000001051,2018-01-07 12:00:00,2018-01-07,12,near,near,2018-01-07 12:00:00,,multi_a_region,2,normal
000001051,2018-01-07 13:00:00,2018-01-07,13,core,core,2018-01-07 13:00:00,,multi_a_region,2,normal
000001051,2018-01-07 13:00:00,2018-01-07,13,near,near,2018-01-07 13:00:00,,multi_a_region,2,normal
000001051,2018-01-07 14:00:00,2018-01-07,14,core,core,2018-01-07 14:00:00,,no_representative_state,1,normal
000001051,2018-01-07 18:00:00,2018-01-07,18,core,core,2018-01-07 18:00:00,,multi_a_region,2,normal
000001051,2018-01-07 18:00:00,2018-01-07,18,near,near,2018-01-07 18:00:00,,multi_a_region,2,normal
000001051,2018-01-07 19:00:00,2018-01-07,19,core,core,2018-01-07 19:00:00,,multi_a_region,2,normal
000001051,2018-01-07 19:00:00,2018-01-07,19,near,near,2018-01-07 19:00:00,,multi_a_region,2,normal
000001051,2018-01-07 22:00:00,2018-01-07,22,core,core,2018-01-07 22:00:00,,multi_a_region,2,normal
000001051,2018-01-07 22:00:00,2018-01-07,22,near,near,2018-01-07 22:00:00,,multi_a_region,2,normal
000001051,2018-01-07 23:00:00,2018-01-07,23,near,near,2018-01-07 23:00:00,,no_representative_state,1,normal
000001051,2018-01-08 03:00:00,2018-01-08,3,near,near,2018-01-08 03:00:00,,no_representative_state,1,normal
000001051,2018-01-08 04:00:00,2018-01-08,4,near,near,2018-01-08 04:00:00,,no_representative_state,1,normal
000001051,2018-01-08 05:00:00,2018-01-08,5,core,core,2018-01-08 05:00:00,,no_representative_state,1,normal
000001051,2018-01-08 07:00:00,2018-01-08,7,core,core,2018-01-08 07:00:00,,no_representative_state,1,normal
000001051,2018-01-08 09:00:00,2018-01-08,9,core,core,2018-01-08 09:00:00,,no_representative_state,1,normal
000001051,2018-01-08 10:00:00,2018-01-08,10,core,core,2018-01-08 10:00:00,,multi_a_region,2,normal
000001051,2018-01-08 10:00:00,2018-01-08,10,near,near,2018-01-08 10:00:00,,multi_a_region,2,normal
000001051,2018-01-08 11:00:00,2018-01-08,11,core,core,2018-01-08 11:00:00,,multi_a_region,2,normal
000001051,2018-01-08 11:00:00,2018-01-08,11,near,near,2018-01-08 11:00:00,,multi_a_region,2,normal
000001051,2018-01-08 14:00:00,2018-01-08,14,core,core,2018-01-08 14:00:00,,no_representative_state,1,normal
000001051,2018-01-08 15:00:00,2018-01-08,15,core,core,2018-01-08 15:00:00,,no_representative_state,1,normal
000001051,2018-01-09 00:00:00,2018-01-09,0,core,core,2018-01-09 00:00:00,,no_representative_state,1,normal
000001051,2018-01-09 01:00:00,2018-01-09,1,near,near,2018-01-09 01:00:00,,multi_a_region,2,normal
000001051,2018-01-09 01:00:00,2018-01-09,1,outer,outer,2018-01-09 01:00:00,,multi_a_region,2,normal
000001051,2018-01-09 02:00:00,2018-01-09,2,outer,outer,2018-01-09 02:00:00,,no_representative_state,1,normal
000001051,2018-01-09 04:00:00,2018-01-09,4,core,core,2018-01-09 04:00:00,,no_representative_state,1,normal
000001051,2018-01-09 05:00:00,2018-01-09,5,core,core,2018-01-09 05:00:00,,no_representative_state,1,normal
000001051,2018-01-09 10:00:00,2018-01-09,10,core,core,2018-01-09 10:00:00,,no_representative_state,1,normal
000001051,2018-01-09 11:00:00,2018-01-09,11,core,core,2018-01-09 11:00:00,,no_representative_state,1,normal
000001051,2018-01-09 12:00:00,2018-01-09,12,core,core,2018-01-09 12:00:00,,no_representative_state,1,normal
000001051,2018-01-09 15:00:00,2018-01-09,15,core,core,2018-01-09 15:00:00,,no_representative_state,1,normal
000001051,2018-01-09 16:00:00,2018-01-09,16,outer,outer,2018-01-09 16:00:00,,no_representative_state,1,normal
000001051,2018-01-09 17:00:00,2018-01-09,17,outer,outer,2018-01-09 17:00:00,,no_representative_state,1,normal
000001051,2018-01-09 18:00:00,2018-01-09,18,near,near,2018-01-09 18:00:00,,multi_a_region,2,normal
000001051,2018-01-09 18:00:00,2018-01-09,18,outer,outer,2018-01-09 18:00:00,,multi_a_region,2,normal
000001051,2018-01-09 20:00:00,2018-01-09,20,near,near,2018-01-09 20:00:00,,multi_a_region,2,normal
000001051,2018-01-09 20:00:00,2018-01-09,20,outer,outer,2018-01-09 20:00:00,,multi_a_region,2,normal
000001051,2018-01-09 21:00:00,2018-01-09,21,outer,outer,2018-01-09 21:00:00,,no_representative_state,1,normal
000001051,2018-01-09 22:00:00,2018-01-09,22,outer,outer,2018-01-09 22:00:00,,no_representative_state,1,normal
000001051,2018-01-09 23:00:00,2018-01-09,23,core,core,2018-01-09 23:00:00,,multi_a_region,3,normal
000001051,2018-01-09 23:00:00,2018-01-09,23,near,near,2018-01-09 23:00:00,,multi_a_region,3,normal
000001051,2018-01-09 23:00:00,2018-01-09,23,outer,outer,2018-01-09 23:00:00,,multi_a_region,3,normal
000001051,2018-01-10 00:00:00,2018-01-10,0,core,core,2018-01-10 00:00:00,,no_representative_state,1,normal
000001051,2018-01-10 09:00:00,2018-01-10,9,near,near,2018-01-10 09:00:00,,no_representative_state,1,normal
000001051,2018-01-10 10:00:00,2018-01-10,10,near,near,2018-01-10 10:00:00,,no_representative_state,1,normal
000001051,2018-01-10 11:00:00,2018-01-10,11,core,core,2018-01-10 11:00:00,,multi_a_region,2,normal
000001051,2018-01-10 11:00:00,2018-01-10,11,near,near,2018-01-10 11:00:00,,multi_a_region,2,normal
000001051,2018-01-10 12:00:00,2018-01-10,12,near,near,2018-01-10 12:00:00,,no_representative_state,1,normal
000001051,2018-01-10 13:00:00,2018-01-10,13,core,core,2018-01-10 13:00:00,,multi_a_region,3,normal
000001051,2018-01-10 13:00:00,2018-01-10,13,near,near,2018-01-10 13:00:00,,multi_a_region,3,normal
000001051,2018-01-10 13:00:00,2018-01-10,13,outer,outer,2018-01-10 13:00:00,,multi_a_region,3,normal
000001051,2018-01-10 14:00:00,2018-01-10,14,core,core,2018-01-10 14:00:00,,multi_a_region,2,normal
000001051,2018-01-10 14:00:00,2018-01-10,14,near,near,2018-01-10 14:00:00,,multi_a_region,2,normal
000001051,2018-01-11 23:00:00,2018-01-11,23,core,core,2018-01-11 23:00:00,,multi_a_region,2,normal
000001051,2018-01-11 23:00:00,2018-01-11,23,near,near,2018-01-11 23:00:00,,multi_a_region,2,normal
000001051,2018-01-12 00:00:00,2018-01-12,0,core,core,2018-01-12 00:00:00,,multi_a_region,2,reduced
000001051,2018-01-12 00:00:00,2018-01-12,0,near,near,2018-01-12 00:00:00,,multi_a_region,2,reduced
000001051,2018-01-12 03:00:00,2018-01-12,3,core,core,2018-01-12 03:00:00,,no_representative_state,1,reduced
000001051,2018-01-12 05:00:00,2018-01-12,5,core,core,2018-01-12 05:00:00,,no_representative_state,1,reduced
000001051,2018-01-12 06:00:00,2018-01-12,6,core,core,2018-01-12 06:00:00,,no_representative_state,1,reduced
000001051,2018-01-12 10:00:00,2018-01-12,10,near,near,2018-01-12 10:00:00,,no_representative_state,1,reduced
000001051,2018-01-12 14:00:00,2018-01-12,14,core,core,2018-01-12 14:00:00,,no_representative_state,1,reduced
000001051,2018-01-12 22:00:00,2018-01-12,22,core,core,2018-01-12 22:00:00,,no_representative_state,1,reduced
000001051,2018-01-13 07:00:00,2018-01-13,7,core,core,2018-01-13 07:00:00,,no_representative_state,1,outage
000001051,2018-01-13 11:00:00,2018-01-13,11,core,core,2018-01-13 11:00:00,,no_representative_state,1,outage
000001051,2018-01-13 14:00:00,2018-01-13,14,core,core,2018-01-13 14:00:00,,no_representative_state,1,outage
000001051,2018-01-13 15:00:00,2018-01-13,15,near,near,2018-01-13 15:00:00,,no_representative_state,1,outage
000001051,2018-01-13 18:00:00,2018-01-13,18,core,core,2018-01-13 18:00:00,,no_representative_state,1,outage
000001051,2018-01-13 23:00:00,2018-01-13,23,core,core,2018-01-13 23:00:00,,multi_a_region,2,outage
000001051,2018-01-13 23:00:00,2018-01-13,23,near,near,2018-01-13 23:00:00,,multi_a_region,2,outage
000001051,2018-01-14 04:00:00,2018-01-14,4,core,core,2018-01-14 04:00:00,,no_representative_state,1,outage
000001051,2018-01-14 05:00:00,2018-01-14,5,core,core,2018-01-14 05:00:00,,no_representative_state,1,outage
000001051,2018-01-14 08:00:00,2018-01-14,8,core,core,2018-01-14 08:00:00,,multi_a_region,2,outage
000001051,2018-01-14 08:00:00,2018-01-14,8,near,near,2018-01-14 08:00:00,,multi_a_region,2,outage
000001051,2018-01-14 09:00:00,2018-01-14,9,near,near,2018-01-14 09:00:00,,no_representative_state,1,outage
000001051,2018-01-14 10:00:00,2018-01-14,10,near,near,2018-01-14 10:00:00,,no_representative_state,1,outage
000001051,2018-01-14 11:00:00,2018-01-14,11,core,core,2018-01-14 11:00:00,,no_representative_state,1,outage
000001051,2018-01-14 12:00:00,2018-01-14,12,core,core,2018-01-14 12:00:00,,no_representative_state,1,outage
000001051,2018-01-15 10:00:00,2018-01-15,10,core,core,2018-01-15 10:00:00,,no_representative_state,1,outage
000001051,2018-01-15 15:00:00,2018-01-15,15,near,near,2018-01-15 15:00:00,,no_representative_state,1,outage
000001051,2018-01-15 18:00:00,2018-01-15,18,core,core,2018-01-15 18:00:00,,no_representative_state,1,outage
000001051,2018-01-15 19:00:00,2018-01-15,19,core,core,2018-01-15 19:00:00,,no_representative_state,1,outage
000001051,2018-01-16 02:00:00,2018-01-16,2,near,near,2018-01-16 02:00:00,,no_representative_state,1,outage
000001051,2018-01-16 08:00:00,2018-01-16,8,core,core,2018-01-16 08:00:00,,no_representative_state,1,outage
000001051,2018-01-16 15:00:00,2018-01-16,15,core,core,2018-01-16 15:00:00,,no_representative_state,1,outage
000001051,2018-01-16 19:00:00,2018-01-16,19,core,core,2018-01-16 19:00:00,,no_representative_state,1,outage
000001051,2018-01-17 02:00:00,2018-01-17,2,core,core,2018-01-17 02:00:00,,no_representative_state,1,severe
000001051,2018-01-17 10:00:00,2018-01-17,10,core,core,2018-01-17 10:00:00,,no_representative_state,1,severe
000001051,2018-01-17 11:00:00,2018-01-17,11,near,near,2018-01-17 11:00:00,,no_representative_state,1,severe
000001051,2018-01-17 13:00:00,2018-01-17,13,core,core,2018-01-17 13:00:00,,no_representative_state,1,severe
000001051,2018-01-17 14:00:00,2018-01-17,14,near,near,2018-01-17 14:00:00,,no_representative_state,1,severe
000001051,2018-01-17 15:00:00,2018-01-17,15,near,near,2018-01-17 15:00:00,,no_representative_state,1,severe
000001051,2018-01-17 16:00:00,2018-01-17,16,near,near,2018-01-17 16:00:00,,no_representative_state,1,severe
000001051,2018-01-17 22:00:00,2018-01-17,22,core,core,2018-01-17 22:00:00,,no_representative_state,1,severe
000001051,2018-01-18 08:00:00,2018-01-18,8,near,near,2018-01-18 08:00:00,,no_representative_state,1,severe
000001051,2018-01-18 10:00:00,2018-01-18,10,core,core,2018-01-18 10:00:00,,no_representative_state,1,severe
000001051,2018-01-18 14:00:00,2018-01-18,14,near,near,2018-01-18 14:00:00,,no_representative_state,1,severe
000001051,2018-01-18 15:00:00,2018-01-18,15,near,near,2018-01-18 15:00:00,,no_representative_state,1,severe
000001051,2018-01-18 18:00:00,2018-01-18,18,core,core,2018-01-18 18:00:00,,no_representative_state,1,severe
000001051,2018-01-18 19:00:00,2018-01-18,19,core,core,2018-01-18 19:00:00,,no_representative_state,1,severe
000001051,2018-01-19 06:00:00,2018-01-19,6,core,core,2018-01-19 06:00:00,,no_representative_state,1,normal
000001051,2018-01-19 11:00:00,2018-01-19,11,core,core,2018-01-19 11:00:00,,no_representative_state,1,normal
000001051,2018-01-19 13:00:00,2018-01-19,13,core,core,2018-01-19 13:00:00,,no_representative_state,1,normal
000001051,2018-01-19 14:00:00,2018-01-19,14,core,core,2018-01-19 14:00:00,,multi_a_region,2,normal
000001051,2018-01-19 14:00:00,2018-01-19,14,near,near,2018-01-19 14:00:00,,multi_a_region,2,normal
000001051,2018-01-19 15:00:00,2018-01-19,15,core,core,2018-01-19 15:00:00,,no_representative_state,1,normal
000001051,2018-01-19 16:00:00,2018-01-19,16,core,core,2018-01-19 16:00:00,,no_representative_state,1,normal
000001051,2018-01-19 18:00:00,2018-01-19,18,core,core,2018-01-19 18:00:00,,no_representative_state,1,normal
000001051,2018-01-19 19:00:00,2018-01-19,19,core,core,2018-01-19 19:00:00,,no_representative_state,1,normal
000001051,2018-01-19 21:00:00,2018-01-19,21,core,core,2018-01-19 21:00:00,,no_representative_state,1,normal
000001051,2018-01-19 22:00:00,2018-01-19,22,core,core,2018-01-19 22:00:00,,multi_a_region,2,normal
000001051,2018-01-19 22:00:00,2018-01-19,22,near,near,2018-01-19 22:00:00,,multi_a_region,2,normal
000001051,2018-01-19 23:00:00,2018-01-19,23,core,core,2018-01-19 23:00:00,,multi_a_region,2,normal
000001051,2018-01-19 23:00:00,2018-01-19,23,near,near,2018-01-19 23:00:00,,multi_a_region,2,normal
000001051,2018-01-20 03:00:00,2018-01-20,3,core,core,2018-01-20 03:00:00,,multi_a_region,2,normal
000001051,2018-01-20 03:00:00,2018-01-20,3,near,near,2018-01-20 03:00:00,,multi_a_region,2,normal
000001051,2018-01-20 04:00:00,2018-01-20,4,core,core,2018-01-20 04:00:00,,multi_a_region,2,normal
000001051,2018-01-20 04:00:00,2018-01-20,4,near,near,2018-01-20 04:00:00,,multi_a_region,2,normal
000001051,2018-01-20 06:00:00,2018-01-20,6,core,core,2018-01-20 06:00:00,,no_representative_state,1,normal
000001051,2018-01-20 07:00:00,2018-01-20,7,core,core,2018-01-20 07:00:00,,no_representative_state,1,normal
000001051,2018-01-20 08:00:00,2018-01-20,8,core,core,2018-01-20 08:00:00,,no_representative_state,1,normal
000001051,2018-01-20 10:00:00,2018-01-20,10,core,core,2018-01-20 10:00:00,,multi_a_region,2,normal
000001051,2018-01-20 10:00:00,2018-01-20,10,near,near,2018-01-20 10:00:00,,multi_a_region,2,normal
000001051,2018-01-20 11:00:00,2018-01-20,11,core,core,2018-01-20 11:00:00,,multi_a_region,2,normal
000001051,2018-01-20 11:00:00,2018-01-20,11,near,near,2018-01-20 11:00:00,,multi_a_region,2,normal
000001051,2018-01-20 12:00:00,2018-01-20,12,core,core,2018-01-20 12:00:00,,no_representative_state,1,normal
000001051,2018-01-20 14:00:00,2018-01-20,14,core,core,2018-01-20 14:00:00,,no_representative_state,1,normal
000001051,2018-01-20 15:00:00,2018-01-20,15,core,core,2018-01-20 15:00:00,,no_representative_state,1,normal
000001051,2018-01-20 16:00:00,2018-01-20,16,core,core,2018-01-20 16:00:00,,no_representative_state,1,normal
000001051,2018-01-20 19:00:00,2018-01-20,19,core,core,2018-01-20 19:00:00,,multi_a_region,2,normal
000001051,2018-01-20 19:00:00,2018-01-20,19,near,near,2018-01-20 19:00:00,,multi_a_region,2,normal
000001051,2018-01-20 20:00:00,2018-01-20,20,near,near,2018-01-20 20:00:00,,multi_a_region,2,normal
000001051,2018-01-20 20:00:00,2018-01-20,20,outer,outer,2018-01-20 20:00:00,,multi_a_region,2,normal
000001051,2018-01-20 21:00:00,2018-01-20,21,outer,outer,2018-01-20 21:00:00,,no_representative_state,1,normal
000001051,2018-01-20 22:00:00,2018-01-20,22,outer,outer,2018-01-20 22:00:00,,no_representative_state,1,normal
000001051,2018-01-20 23:00:00,2018-01-20,23,outer,outer,2018-01-20 23:00:00,,no_representative_state,1,normal
000001051,2018-01-21 00:00:00,2018-01-21,0,outer,outer,2018-01-21 00:00:00,,no_representative_state,1,normal
000001051,2018-01-21 01:00:00,2018-01-21,1,outer,outer,2018-01-21 01:00:00,,no_representative_state,1,normal
000001051,2018-01-21 02:00:00,2018-01-21,2,outer,outer,2018-01-21 02:00:00,,no_representative_state,1,normal
000001051,2018-01-21 03:00:00,2018-01-21,3,core,core,2018-01-21 03:00:00,,multi_a_region,3,normal
000001051,2018-01-21 03:00:00,2018-01-21,3,near,near,2018-01-21 03:00:00,,multi_a_region,3,normal
000001051,2018-01-21 03:00:00,2018-01-21,3,outer,outer,2018-01-21 03:00:00,,multi_a_region,3,normal
000001051,2018-01-21 04:00:00,2018-01-21,4,core,core,2018-01-21 04:00:00,,no_representative_state,1,normal
000001051,2018-01-21 07:00:00,2018-01-21,7,core,core,2018-01-21 07:00:00,,no_representative_state,1,normal
000001051,2018-01-21 08:00:00,2018-01-21,8,core,core,2018-01-21 08:00:00,,no_representative_state,1,normal
000001051,2018-01-21 13:00:00,2018-01-21,13,core,core,2018-01-21 13:00:00,,no_representative_state,1,normal
000001051,2018-01-21 14:00:00,2018-01-21,14,core,core,2018-01-21 14:00:00,,multi_a_region,2,normal
000001051,2018-01-21 14:00:00,2018-01-21,14,near,near,2018-01-21 14:00:00,,multi_a_region,2,normal
000001051,2018-01-21 16:00:00,2018-01-21,16,core,core,2018-01-21 16:00:00,,multi_a_region,2,normal
000001051,2018-01-21 16:00:00,2018-01-21,16,near,near,2018-01-21 16:00:00,,multi_a_region,2,normal
000001051,2018-01-21 17:00:00,2018-01-21,17,core,core,2018-01-21 17:00:00,,multi_a_region,2,normal
000001051,2018-01-21 17:00:00,2018-01-21,17,near,near,2018-01-21 17:00:00,,multi_a_region,2,normal
000001051,2018-01-21 18:00:00,2018-01-21,18,core,core,2018-01-21 18:00:00,,multi_a_region,2,normal
000001051,2018-01-21 18:00:00,2018-01-21,18,near,near,2018-01-21 18:00:00,,multi_a_region,2,normal
000001051,2018-01-21 19:00:00,2018-01-21,19,core,core,2018-01-21 19:00:00,,no_representative_state,1,normal
000001051,2018-01-21 20:00:00,2018-01-21,20,core,core,2018-01-21 20:00:00,,multi_a_region,2,normal
000001051,2018-01-21 20:00:00,2018-01-21,20,near,near,2018-01-21 20:00:00,,multi_a_region,2,normal
000001051,2018-01-22 03:00:00,2018-01-22,3,core,core,2018-01-22 03:00:00,,multi_a_region,2,normal
000001051,2018-01-22 03:00:00,2018-01-22,3,near,near,2018-01-22 03:00:00,,multi_a_region,2,normal
000001051,2018-01-22 04:00:00,2018-01-22,4,near,near,2018-01-22 04:00:00,,multi_a_region,2,normal
000001051,2018-01-22 04:00:00,2018-01-22,4,outer,outer,2018-01-22 04:00:00,,multi_a_region,2,normal
000001051,2018-01-22 05:00:00,2018-01-22,5,outer,outer,2018-01-22 05:00:00,,no_representative_state,1,normal
000001051,2018-01-22 06:00:00,2018-01-22,6,near,near,2018-01-22 06:00:00,,multi_a_region,2,normal
000001051,2018-01-22 06:00:00,2018-01-22,6,outer,outer,2018-01-22 06:00:00,,multi_a_region,2,normal
000001051,2018-01-22 07:00:00,2018-01-22,7,core,core,2018-01-22 07:00:00,,no_representative_state,1,normal
000001051,2018-01-22 19:00:00,2018-01-22,19,core,core,2018-01-22 19:00:00,,no_representative_state,1,normal
000001051,2018-01-22 20:00:00,2018-01-22,20,outer,outer,2018-01-22 20:00:00,,no_representative_state,1,normal
000001051,2018-01-22 21:00:00,2018-01-22,21,outer,outer,2018-01-22 21:00:00,,no_representative_state,1,normal
000001051,2018-01-22 22:00:00,2018-01-22,22,core,core,2018-01-22 22:00:00,,multi_a_region,3,normal
000001051,2018-01-22 22:00:00,2018-01-22,22,near,near,2018-01-22 22:00:00,,multi_a_region,3,normal
000001051,2018-01-22 22:00:00,2018-01-22,22,outer,outer,2018-01-22 22:00:00,,multi_a_region,3,normal
000001051,2018-01-23 06:00:00,2018-01-23,6,core,core,2018-01-23 06:00:00,,no_representative_state,1,normal
000001051,2018-01-23 07:00:00,2018-01-23,7,core,core,2018-01-23 07:00:00,,no_representative_state,1,normal
000001051,2018-01-23 08:00:00,2018-01-23,8,core,core,2018-01-23 08:00:00,,multi_a_region,2,normal
000001051,2018-01-23 08:00:00,2018-01-23,8,near,near,2018-01-23 08:00:00,,multi_a_region,2,normal
000001051,2018-01-23 10:00:00,2018-01-23,10,core,core,2018-01-23 10:00:00,,no_representative_state,1,normal
000001051,2018-01-23 13:00:00,2018-01-23,13,core,core,2018-01-23 13:00:00,,no_representative_state,1,normal
000001051,2018-01-23 15:00:00,2018-01-23,15,core,core,2018-01-23 15:00:00,,multi_a_region,2,normal
000001051,2018-01-23 15:00:00,2018-01-23,15,near,near,2018-01-23 15:00:00,,multi_a_region,2,normal
000001051,2018-01-23 16:00:00,2018-01-23,16,outer,outer,2018-01-23 16:00:00,,no_representative_state,1,normal
000001051,2018-01-23 17:00:00,2018-01-23,17,near,near,2018-01-23 17:00:00,,multi_a_region,2,normal
000001051,2018-01-23 17:00:00,2018-01-23,17,outer,outer,2018-01-23 17:00:00,,multi_a_region,2,normal
000001051,2018-01-23 18:00:00,2018-01-23,18,core,core,2018-01-23 18:00:00,,multi_a_region,2,normal
000001051,2018-01-23 18:00:00,2018-01-23,18,near,near,2018-01-23 18:00:00,,multi_a_region,2,normal
000001051,2018-01-23 19:00:00,2018-01-23,19,core,core,2018-01-23 19:00:00,,no_representative_state,1,normal
000001051,2018-01-23 20:00:00,2018-01-23,20,core,core,2018-01-23 20:00:00,,no_representative_state,1,normal
000001051,2018-01-23 21:00:00,2018-01-23,21,core,core,2018-01-23 21:00:00,,no_representative_state,1,normal
000001051,2018-01-23 22:00:00,2018-01-23,22,core,core,2018-01-23 22:00:00,,no_representative_state,1,normal
000001051,2018-01-23 23:00:00,2018-01-23,23,core,core,2018-01-23 23:00:00,,no_representative_state,1,normal
000001051,2018-01-24 00:00:00,2018-01-24,0,core,core,2018-01-24 00:00:00,,no_representative_state,1,normal
000001051,2018-01-24 09:00:00,2018-01-24,9,core,core,2018-01-24 09:00:00,,no_representative_state,1,normal
000001051,2018-01-24 10:00:00,2018-01-24,10,near,near,2018-01-24 10:00:00,,no_representative_state,1,normal
000001051,2018-01-24 11:00:00,2018-01-24,11,near,near,2018-01-24 11:00:00,,multi_a_region,2,normal
000001051,2018-01-24 11:00:00,2018-01-24,11,outer,outer,2018-01-24 11:00:00,,multi_a_region,2,normal
000001051,2018-01-24 12:00:00,2018-01-24,12,outer,outer,2018-01-24 12:00:00,,no_representative_state,1,normal
000001051,2018-01-24 13:00:00,2018-01-24,13,outer,outer,2018-01-24 13:00:00,,no_representative_state,1,normal
000001051,2018-01-24 14:00:00,2018-01-24,14,core,core,2018-01-24 14:00:00,,multi_a_region,3,normal
000001051,2018-01-24 14:00:00,2018-01-24,14,near,near,2018-01-24 14:00:00,,multi_a_region,3,normal
000001051,2018-01-24 14:00:00,2018-01-24,14,outer,outer,2018-01-24 14:00:00,,multi_a_region,3,normal
000001051,2018-01-24 15:00:00,2018-01-24,15,core,core,2018-01-24 15:00:00,,multi_a_region,2,normal
000001051,2018-01-24 15:00:00,2018-01-24,15,near,near,2018-01-24 15:00:00,,multi_a_region,2,normal
000001051,2018-01-24 16:00:00,2018-01-24,16,core,core,2018-01-24 16:00:00,,multi_a_region,2,normal
000001051,2018-01-24 16:00:00,2018-01-24,16,near,near,2018-01-24 16:00:00,,multi_a_region,2,normal
000001051,2018-01-24 18:00:00,2018-01-24,18,core,core,2018-01-24 18:00:00,,no_representative_state,1,normal
000001051,2018-01-24 19:00:00,2018-01-24,19,core,core,2018-01-24 19:00:00,,multi_a_region,2,normal
000001051,2018-01-24 19:00:00,2018-01-24,19,near,near,2018-01-24 19:00:00,,multi_a_region,2,normal
000001051,2018-01-24 21:00:00,2018-01-24,21,core,core,2018-01-24 21:00:00,,multi_a_region,2,normal
000001051,2018-01-24 21:00:00,2018-01-24,21,near,near,2018-01-24 21:00:00,,multi_a_region,2,normal
000001051,2018-01-24 22:00:00,2018-01-24,22,core,core,2018-01-24 22:00:00,,multi_a_region,2,normal
000001051,2018-01-24 22:00:00,2018-01-24,22,near,near,2018-01-24 22:00:00,,multi_a_region,2,normal
000001051,2018-01-24 23:00:00,2018-01-24,23,core,core,2018-01-24 23:00:00,,multi_a_region,2,normal
000001051,2018-01-24 23:00:00,2018-01-24,23,near,near,2018-01-24 23:00:00,,multi_a_region,2,normal
000001066,2018-01-01 00:00:00,2018-01-01,0,outer,outer,2018-01-01 00:00:00,,no_representative_state,1,normal
000001066,2018-01-01 01:00:00,2018-01-01,1,outer,outer,2018-01-01 01:00:00,,no_representative_state,1,normal
000001066,2018-01-01 02:00:00,2018-01-01,2,core,core,2018-01-01 02:00:00,,no_representative_state,1,normal
000001066,2018-01-01 06:00:00,2018-01-01,6,core,core,2018-01-01 06:00:00,,no_representative_state,1,normal
000001066,2018-01-01 07:00:00,2018-01-01,7,core,core,2018-01-01 07:00:00,,multi_a_region,2,normal
000001066,2018-01-01 07:00:00,2018-01-01,7,near,near,2018-01-01 07:00:00,,multi_a_region,2,normal
000001066,2018-01-01 08:00:00,2018-01-01,8,near,near,2018-01-01 08:00:00,,multi_a_region,2,normal
000001066,2018-01-01 08:00:00,2018-01-01,8,outer,outer,2018-01-01 08:00:00,,multi_a_region,2,normal
000001066,2018-01-01 09:00:00,2018-01-01,9,near,near,2018-01-01 09:00:00,,no_representative_state,1,normal
000001066,2018-01-01 10:00:00,2018-01-01,10,core,core,2018-01-01 10:00:00,,no_representative_state,1,normal
000001066,2018-01-01 19:00:00,2018-01-01,19,core,core,2018-01-01 19:00:00,,multi_a_region,3,normal
000001066,2018-01-01 19:00:00,2018-01-01,19,near,near,2018-01-01 19:00:00,,multi_a_region,3,normal
000001066,2018-01-01 19:00:00,2018-01-01,19,outer,outer,2018-01-01 19:00:00,,multi_a_region,3,normal
000001066,2018-01-01 20:00:00,2018-01-01,20,outer,outer,2018-01-01 20:00:00,,no_representative_state,1,normal
000001066,2018-01-01 21:00:00,2018-01-01,21,outer,outer,2018-01-01 21:00:00,,no_representative_state,1,normal
000001066,2018-01-01 22:00:00,2018-01-01,22,outer,outer,2018-01-01 22:00:00,,no_representative_state,1,normal
000001066,2018-01-02 00:00:00,2018-01-02,0,outer,outer,2018-01-02 00:00:00,,no_representative_state,1,normal
000001066,2018-01-02 01:00:00,2018-01-02,1,outer,outer,2018-01-02 01:00:00,,no_representative_state,1,normal
000001066,2018-01-02 03:00:00,2018-01-02,3,core,core,2018-01-02 03:00:00,,no_representative_state,1,normal
000001066,2018-01-02 07:00:00,2018-01-02,7,core,core,2018-01-02 07:00:00,,multi_a_region,3,normal
000001066,2018-01-02 07:00:00,2018-01-02,7,near,near,2018-01-02 07:00:00,,multi_a_region,3,normal
000001066,2018-01-02 07:00:00,2018-01-02,7,outer,outer,2018-01-02 07:00:00,,multi_a_region,3,normal
000001066,2018-01-02 08:00:00,2018-01-02,8,outer,outer,2018-01-02 08:00:00,,no_representative_state,1,normal
000001066,2018-01-02 09:00:00,2018-01-02,9,outer,outer,2018-01-02 09:00:00,,no_representative_state,1,normal
000001066,2018-01-02 10:00:00,2018-01-02,10,outer,outer,2018-01-02 10:00:00,,no_representative_state,1,normal
000001066,2018-01-02 11:00:00,2018-01-02,11,outer,outer,2018-01-02 11:00:00,,no_representative_state,1,normal
000001066,2018-01-02 12:00:00,2018-01-02,12,outer,outer,2018-01-02 12:00:00,,no_representative_state,1,normal
000001066,2018-01-02 13:00:00,2018-01-02,13,outer,outer,2018-01-02 13:00:00,,no_representative_state,1,normal
000001066,2018-01-02 16:00:00,2018-01-02,16,outer,outer,2018-01-02 16:00:00,,no_representative_state,1,normal
000001066,2018-01-02 17:00:00,2018-01-02,17,outer,outer,2018-01-02 17:00:00,,no_representative_state,1,normal
000001066,2018-01-02 18:00:00,2018-01-02,18,core,core,2018-01-02 18:00:00,,no_representative_state,1,normal
000001066,2018-01-03 03:00:00,2018-01-03,3,core,core,2018-01-03 03:00:00,,no_representative_state,1,normal
000001066,2018-01-03 04:00:00,2018-01-03,4,outer,outer,2018-01-03 04:00:00,,no_representative_state,1,normal
000001066,2018-01-03 06:00:00,2018-01-03,6,core,core,2018-01-03 06:00:00,,no_representative_state,1,normal
000001066,2018-01-03 10:00:00,2018-01-03,10,core,core,2018-01-03 10:00:00,,no_representative_state,1,normal
000001066,2018-01-03 11:00:00,2018-01-03,11,core,core,2018-01-03 11:00:00,,multi_a_region,3,normal
000001066,2018-01-03 11:00:00,2018-01-03,11,near,near,2018-01-03 11:00:00,,multi_a_region,3,normal
000001066,2018-01-03 11:00:00,2018-01-03,11,outer,outer,2018-01-03 11:00:00,,multi_a_region,3,normal
000001066,2018-01-03 12:00:00,2018-01-03,12,outer,outer,2018-01-03 12:00:00,,no_representative_state,1,normal
000001066,2018-01-03 13:00:00,2018-01-03,13,outer,outer,2018-01-03 13:00:00,,no_representative_state,1,normal
000001066,2018-01-03 14:00:00,2018-01-03,14,near,near,2018-01-03 14:00:00,,multi_a_region,2,normal
000001066,2018-01-03 14:00:00,2018-01-03,14,outer,outer,2018-01-03 14:00:00,,multi_a_region,2,normal
000001066,2018-01-03 15:00:00,2018-01-03,15,core,core,2018-01-03 15:00:00,,multi_a_region,2,normal
000001066,2018-01-03 15:00:00,2018-01-03,15,near,near,2018-01-03 15:00:00,,multi_a_region,2,normal
000001066,2018-01-03 19:00:00,2018-01-03,19,core,core,2018-01-03 19:00:00,,no_representative_state,1,normal
000001066,2018-01-03 20:00:00,2018-01-03,20,outer,outer,2018-01-03 20:00:00,,no_representative_state,1,normal
000001066,2018-01-03 21:00:00,2018-01-03,21,outer,outer,2018-01-03 21:00:00,,no_representative_state,1,normal
000001066,2018-01-03 22:00:00,2018-01-03,22,core,core,2018-01-03 22:00:00,,no_representative_state,1,normal
000001066,2018-01-05 11:00:00,2018-01-05,11,core,core,2018-01-05 11:00:00,,multi_a_region,3,normal
000001066,2018-01-05 11:00:00,2018-01-05,11,near,near,2018-01-05 11:00:00,,multi_a_region,3,normal
000001066,2018-01-05 11:00:00,2018-01-05,11,outer,outer,2018-01-05 11:00:00,,multi_a_region,3,normal
000001066,2018-01-05 12:00:00,2018-01-05,12,near,near,2018-01-05 12:00:00,,multi_a_region,2,normal
000001066,2018-01-05 12:00:00,2018-01-05,12,outer,outer,2018-01-05 12:00:00,,multi_a_region,2,normal
000001066,2018-01-05 13:00:00,2018-01-05,13,core,core,2018-01-05 13:00:00,,no_representative_state,1,normal
000001066,2018-01-05 19:00:00,2018-01-05,19,core,core,2018-01-05 19:00:00,,multi_a_region,2,normal
000001066,2018-01-05 19:00:00,2018-01-05,19,near,near,2018-01-05 19:00:00,,multi_a_region,2,normal
000001066,2018-01-05 20:00:00,2018-01-05,20,outer,outer,2018-01-05 20:00:00,,no_representative_state,1,normal
000001066,2018-01-05 21:00:00,2018-01-05,21,outer,outer,2018-01-05 21:00:00,,no_representative_state,1,normal
000001066,2018-01-05 22:00:00,2018-01-05,22,core,core,2018-01-05 22:00:00,,multi_a_region,2,normal
000001066,2018-01-05 22:00:00,2018-01-05,22,outer,outer,2018-01-05 22:00:00,,multi_a_region,2,normal
000001066,2018-01-06 23:00:00,2018-01-06,23,core,core,2018-01-06 23:00:00,,no_representative_state,1,normal
000001066,2018-01-07 00:00:00,2018-01-07,0,outer,outer,2018-01-07 00:00:00,,no_representative_state,1,normal
000001066,2018-01-07 01:00:00,2018-01-07,1,outer,outer,2018-01-07 01:00:00,,no_representative_state,1,normal
000001066,2018-01-07 02:00:00,2018-01-07,2,core,core,2018-01-07 02:00:00,,no_representative_state,1,normal
000001066,2018-01-07 08:00:00,2018-01-07,8,core,core,2018-01-07 08:00:00,,no_representative_state,1,normal
000001066,2018-01-07 13:00:00,2018-01-07,13,core,core,2018-01-07 13:00:00,,no_representative_state,1,normal
000001066,2018-01-07 14:00:00,2018-01-07,14,near,near,2018-01-07 14:00:00,,multi_a_region,2,normal
000001066,2018-01-07 14:00:00,2018-01-07,14,outer,outer,2018-01-07 14:00:00,,multi_a_region,2,normal
000001066,2018-01-07 15:00:00,2018-01-07,15,outer,outer,2018-01-07 15:00:00,,no_representative_state,1,normal
000001066,2018-01-07 16:00:00,2018-01-07,16,outer,outer,2018-01-07 16:00:00,,no_representative_state,1,normal
000001066,2018-01-07 17:00:00,2018-01-07,17,near,near,2018-01-07 17:00:00,,multi_a_region,2,normal
000001066,2018-01-07 17:00:00,2018-01-07,17,outer,outer,2018-01-07 17:00:00,,multi_a_region,2,normal
000001066,2018-01-07 18:00:00,2018-01-07,18,outer,outer,2018-01-07 18:00:00,,no_representative_state,1,normal
000001066,2018-01-07 20:00:00,2018-01-07,20,outer,outer,2018-01-07 20:00:00,,no_representative_state,1,normal
000001066,2018-01-07 21:00:00,2018-01-07,21,near,near,2018-01-07 21:00:00,,multi_a_region,2,normal
000001066,2018-01-07 21:00:00,2018-01-07,21,outer,outer,2018-01-07 21:00:00,,multi_a_region,2,normal
000001066,2018-01-07 22:00:00,2018-01-07,22,core,core,2018-01-07 22:00:00,,no_representative_state,1,normal
000001066,2018-01-08 07:00:00,2018-01-08,7,core,core,2018-01-08 07:00:00,,no_representative_state,1,normal
000001066,2018-01-08 08:00:00,2018-01-08,8,outer,outer,2018-01-08 08:00:00,,no_representative_state,1,normal
000001066,2018-01-08 09:00:00,2018-01-08,9,outer,outer,2018-01-08 09:00:00,,no_representative_state,1,normal
000001066,2018-01-08 10:00:00,2018-01-08,10,outer,outer,2018-01-08 10:00:00,,no_representative_state,1,normal
000001066,2018-01-08 12:00:00,2018-01-08,12,outer,outer,2018-01-08 12:00:00,,no_representative_state,1,normal
000001066,2018-01-08 13:00:00,2018-01-08,13,outer,outer,2018-01-08 13:00:00,,no_representative_state,1,normal
000001066,2018-01-08 14:00:00,2018-01-08,14,core,core,2018-01-08 14:00:00,,multi_a_region,3,normal
000001066,2018-01-08 14:00:00,2018-01-08,14,near,near,2018-01-08 14:00:00,,multi_a_region,3,normal
000001066,2018-01-08 14:00:00,2018-01-08,14,outer,outer,2018-01-08 14:00:00,,multi_a_region,3,normal
000001066,2018-01-09 09:00:00,2018-01-09,9,outer,outer,2018-01-09 09:00:00,,no_representative_state,1,normal
000001066,2018-01-09 10:00:00,2018-01-09,10,outer,outer,2018-01-09 10:00:00,,no_representative_state,1,normal
000001066,2018-01-09 11:00:00,2018-01-09,11,core,core,2018-01-09 11:00:00,,no_representative_state,1,normal
000001066,2018-01-10 05:00:00,2018-01-10,5,outer,outer,2018-01-10 05:00:00,,no_representative_state,1,normal
000001066,2018-01-10 06:00:00,2018-01-10,6,outer,outer,2018-01-10 06:00:00,,no_representative_state,1,normal
000001066,2018-01-10 07:00:00,2018-01-10,7,outer,outer,2018-01-10 07:00:00,,no_representative_state,1,normal
000001066,2018-01-10 08:00:00,2018-01-10,8,near,near,2018-01-10 08:00:00,,no_representative_state,1,normal
000001066,2018-01-10 11:00:00,2018-01-10,11,core,core,2018-01-10 11:00:00,,multi_a_region,2,normal
000001066,2018-01-10 11:00:00,2018-01-10,11,near,near,2018-01-10 11:00:00,,multi_a_region,2,normal
000001066,2018-01-10 19:00:00,2018-01-10,19,core,core,2018-01-10 19:00:00,,no_representative_state,1,normal
000001066,2018-01-10 20:00:00,2018-01-10,20,outer,outer,2018-01-10 20:00:00,,no_representative_state,1,normal
000001066,2018-01-10 21:00:00,2018-01-10,21,outer,outer,2018-01-10 21:00:00,,no_representative_state,1,normal
000001066,2018-01-10 22:00:00,2018-01-10,22,outer,outer,2018-01-10 22:00:00,,no_representative_state,1,normal
000001066,2018-01-10 23:00:00,2018-01-10,23,near,near,2018-01-10 23:00:00,,multi_a_region,2,normal
000001066,2018-01-10 23:00:00,2018-01-10,23,outer,outer,2018-01-10 23:00:00,,multi_a_region,2,normal
000001066,2018-01-11 00:00:00,2018-01-11,0,near,near,2018-01-11 00:00:00,,no_representative_state,1,normal
000001066,2018-01-11 01:00:00,2018-01-11,1,near,near,2018-01-11 01:00:00,,multi_a_region,2,normal
000001066,2018-01-11 01:00:00,2018-01-11,1,outer,outer,2018-01-11 01:00:00,,multi_a_region,2,normal
000001066,2018-01-11 02:00:00,2018-01-11,2,outer,outer,2018-01-11 02:00:00,,no_representative_state,1,normal
000001066,2018-01-11 03:00:00,2018-01-11,3,core,core,2018-01-11 03:00:00,,multi_a_region,3,normal
000001066,2018-01-11 03:00:00,2018-01-11,3,near,near,2018-01-11 03:00:00,,multi_a_region,3,normal
000001066,2018-01-11 03:00:00,2018-01-11,3,outer,outer,2018-01-11 03:00:00,,multi_a_region,3,normal
000001066,2018-01-11 08:00:00,2018-01-11,8,outer,outer,2018-01-11 08:00:00,,no_representative_state,1,normal
000001066,2018-01-11 09:00:00,2018-01-11,9,outer,outer,2018-01-11 09:00:00,,no_representative_state,1,normal
000001066,2018-01-11 14:00:00,2018-01-11,14,outer,outer,2018-01-11 14:00:00,,no_representative_state,1,normal
000001066,2018-01-11 18:00:00,2018-01-11,18,outer,outer,2018-01-11 18:00:00,,no_representative_state,1,normal
000001066,2018-01-11 19:00:00,2018-01-11,19,core,core,2018-01-11 19:00:00,,no_representative_state,1,normal
000001066,2018-01-12 08:00:00,2018-01-12,8,outer,outer,2018-01-12 08:00:00,,no_representative_state,1,reduced
000001066,2018-01-12 09:00:00,2018-01-12,9,outer,outer,2018-01-12 09:00:00,,no_representative_state,1,reduced
000001066,2018-01-12 10:00:00,2018-01-12,10,core,core,2018-01-12 10:00:00,,no_representative_state,1,reduced
000001066,2018-01-12 20:00:00,2018-01-12,20,outer,outer,2018-01-12 20:00:00,,no_representative_state,1,reduced
000001066,2018-01-12 21:00:00,2018-01-12,21,outer,outer,2018-01-12 21:00:00,,no_representative_state,1,reduced
000001066,2018-01-13 11:00:00,2018-01-13,11,core,core,2018-01-13 11:00:00,,multi_a_region,2,outage
000001066,2018-01-13 11:00:00,2018-01-13,11,near,near,2018-01-13 11:00:00,,multi_a_region,2,outage
000001066,2018-01-13 12:00:00,2018-01-13,12,near,near,2018-01-13 12:00:00,,no_representative_state,1,outage
000001066,2018-01-13 20:00:00,2018-01-13,20,outer,outer,2018-01-13 20:00:00,,no_representative_state,1,outage
000001066,2018-01-14 00:00:00,2018-01-14,0,outer,outer,2018-01-14 00:00:00,,no_representative_state,1,outage
000001066,2018-01-14 01:00:00,2018-01-14,1,outer,outer,2018-01-14 01:00:00,,no_representative_state,1,outage
000001066,2018-01-14 07:00:00,2018-01-14,7,near,near,2018-01-14 07:00:00,,no_representative_state,1,outage
000001066,2018-01-14 09:00:00,2018-01-14,9,outer,outer,2018-01-14 09:00:00,,no_representative_state,1,outage
000001066,2018-01-14 10:00:00,2018-01-14,10,outer,outer,2018-01-14 10:00:00,,no_representative_state,1,outage
000001066,2018-01-15 09:00:00,2018-01-15,9,outer,outer,2018-01-15 09:00:00,,no_representative_state,1,outage
000001066,2018-01-16 08:00:00,2018-01-16,8,near,near,2018-01-16 08:00:00,,multi_a_region,2,outage
000001066,2018-01-16 08:00:00,2018-01-16,8,outer,outer,2018-01-16 08:00:00,,multi_a_region,2,outage
000001066,2018-01-17 21:00:00,2018-01-17,21,outer,outer,2018-01-17 21:00:00,,no_representative_state,1,severe
000001066,2018-01-18 02:00:00,2018-01-18,2,outer,outer,2018-01-18 02:00:00,,no_representative_state,1,severe
000001066,2018-01-19 00:00:00,2018-01-19,0,core,core,2018-01-19 00:00:00,,multi_a_region,2,normal
000001066,2018-01-19 00:00:00,2018-01-19,0,near,near,2018-01-19 00:00:00,,multi_a_region,2,normal
000001066,2018-01-19 09:00:00,2018-01-19,9,outer,outer,2018-01-19 09:00:00,,no_representative_state,1,normal
000001066,2018-01-19 11:00:00,2018-01-19,11,core,core,2018-01-19 11:00:00,,multi_a_region,2,normal
000001066,2018-01-19 11:00:00,2018-01-19,11,near,near,2018-01-19 11:00:00,,multi_a_region,2,normal
000001066,2018-01-19 12:00:00,2018-01-19,12,near,near,2018-01-19 12:00:00,,no_representative_state,1,normal
000001066,2018-01-19 17:00:00,2018-01-19,17,core,core,2018-01-19 17:00:00,,multi_a_region,2,normal
000001066,2018-01-19 17:00:00,2018-01-19,17,near,near,2018-01-19 17:00:00,,multi_a_region,2,normal
000001066,2018-01-19 23:00:00,2018-01-19,23,core,core,2018-01-19 23:00:00,,multi_a_region,3,normal
000001066,2018-01-19 23:00:00,2018-01-19,23,near,near,2018-01-19 23:00:00,,multi_a_region,3,normal
000001066,2018-01-19 23:00:00,2018-01-19,23,outer,outer,2018-01-19 23:00:00,,multi_a_region,3,normal
000001066,2018-01-20 00:00:00,2018-01-20,0,outer,outer,2018-01-20 00:00:00,,no_representative_state,1,normal
000001066,2018-01-20 01:00:00,2018-01-20,1,outer,outer,2018-01-20 01:00:00,,no_representative_state,1,normal
000001066,2018-01-20 02:00:00,2018-01-20,2,core,core,2018-01-20 02:00:00,,no_representative_state,1,normal
000001066,2018-01-20 11:00:00,2018-01-20,11,core,core,2018-01-20 11:00:00,,multi_a_region,2,normal
000001066,2018-01-20 11:00:00,2018-01-20,11,near,near,2018-01-20 11:00:00,,multi_a_region,2,normal
000001066,2018-01-20 12:00:00,2018-01-20,12,near,near,2018-01-20 12:00:00,,multi_a_region,2,normal
000001066,2018-01-20 12:00:00,2018-01-20,12,outer,outer,2018-01-20 12:00:00,,multi_a_region,2,normal
000001066,2018-01-20 13:00:00,2018-01-20,13,outer,outer,2018-01-20 13:00:00,,no_representative_state,1,normal
000001066,2018-01-20 14:00:00,2018-01-20,14,outer,outer,2018-01-20 14:00:00,,no_representative_state,1,normal
000001066,2018-01-20 16:00:00,2018-01-20,16,outer,outer,2018-01-20 16:00:00,,no_representative_state,1,normal
000001066,2018-01-20 17:00:00,2018-01-20,17,outer,outer,2018-01-20 17:00:00,,no_representative_state,1,normal
000001066,2018-01-20 18:00:00,2018-01-20,18,outer,outer,2018-01-20 18:00:00,,no_representative_state,1,normal
000001066,2018-01-20 19:00:00,2018-01-20,19,outer,outer,2018-01-20 19:00:00,,no_representative_state,1,normal
000001066,2018-01-20 20:00:00,2018-01-20,20,near,near,2018-01-20 20:00:00,,no_representative_state,1,normal
000001066,2018-01-21 04:00:00,2018-01-21,4,core,core,2018-01-21 04:00:00,,multi_a_region,3,normal
000001066,2018-01-21 04:00:00,2018-01-21,4,near,near,2018-01-21 04:00:00,,multi_a_region,3,normal
000001066,2018-01-21 04:00:00,2018-01-21,4,outer,outer,2018-01-21 04:00:00,,multi_a_region,3,normal
000001066,2018-01-21 05:00:00,2018-01-21,5,outer,outer,2018-01-21 05:00:00,,no_representative_state,1,normal
000001066,2018-01-21 06:00:00,2018-01-21,6,core,core,2018-01-21 06:00:00,,no_representative_state,1,normal
000001066,2018-01-21 08:00:00,2018-01-21,8,core,core,2018-01-21 08:00:00,,multi_a_region,2,normal
000001066,2018-01-21 08:00:00,2018-01-21,8,near,near,2018-01-21 08:00:00,,multi_a_region,2,normal
000001066,2018-01-21 16:00:00,2018-01-21,16,core,core,2018-01-21 16:00:00,,no_representative_state,1,normal
000001066,2018-01-21 17:00:00,2018-01-21,17,core,core,2018-01-21 17:00:00,,no_representative_state,1,normal
000001066,2018-01-21 19:00:00,2018-01-21,19,core,core,2018-01-21 19:00:00,,no_representative_state,1,normal
000001066,2018-01-21 20:00:00,2018-01-21,20,core,core,2018-01-21 20:00:00,,multi_a_region,3,normal
000001066,2018-01-21 20:00:00,2018-01-21,20,near,near,2018-01-21 20:00:00,,multi_a_region,3,normal
000001066,2018-01-21 20:00:00,2018-01-21,20,outer,outer,2018-01-21 20:00:00,,multi_a_region,3,normal
000001066,2018-01-21 21:00:00,2018-01-21,21,outer,outer,2018-01-21 21:00:00,,no_representative_state,1,normal
000001066,2018-01-21 22:00:00,2018-01-21,22,outer,outer,2018-01-21 22:00:00,,no_representative_state,1,normal
000001066,2018-01-21 23:00:00,2018-01-21,23,core,core,2018-01-21 23:00:00,,multi_a_region,2,normal
000001066,2018-01-21 23:00:00,2018-01-21,23,outer,outer,2018-01-21 23:00:00,,multi_a_region,2,normal
000001066,2018-01-22 19:00:00,2018-01-22,19,core,core,2018-01-22 19:00:00,,multi_a_region,3,normal
000001066,2018-01-22 19:00:00,2018-01-22,19,near,near,2018-01-22 19:00:00,,multi_a_region,3,normal
000001066,2018-01-22 19:00:00,2018-01-22,19,outer,outer,2018-01-22 19:00:00,,multi_a_region,3,normal
000001066,2018-01-22 20:00:00,2018-01-22,20,outer,outer,2018-01-22 20:00:00,,no_representative_state,1,normal
000001066,2018-01-22 21:00:00,2018-01-22,21,outer,outer,2018-01-22 21:00:00,,no_representative_state,1,normal
000001066,2018-01-22 22:00:00,2018-01-22,22,outer,outer,2018-01-22 22:00:00,,no_representative_state,1,normal
000001066,2018-01-23 00:00:00,2018-01-23,0,outer,outer,2018-01-23 00:00:00,,no_representative_state,1,normal
000001066,2018-01-23 01:00:00,2018-01-23,1,core,core,2018-01-23 01:00:00,,multi_a_region,2,normal
000001066,2018-01-23 01:00:00,2018-01-23,1,outer,outer,2018-01-23 01:00:00,,multi_a_region,2,normal
000001066,2018-01-23 11:00:00,2018-01-23,11,core,core,2018-01-23 11:00:00,,no_representative_state,1,normal
000001066,2018-01-23 12:00:00,2018-01-23,12,outer,outer,2018-01-23 12:00:00,,no_representative_state,1,normal
000001066,2018-01-23 13:00:00,2018-01-23,13,outer,outer,2018-01-23 13:00:00,,no_representative_state,1,normal
000001066,2018-01-23 16:00:00,2018-01-23,16,outer,outer,2018-01-23 16:00:00,,no_representative_state,1,normal
000001066,2018-01-23 17:00:00,2018-01-23,17,outer,outer,2018-01-23 17:00:00,,no_representative_state,1,normal
000001066,2018-01-23 20:00:00,2018-01-23,20,outer,outer,2018-01-23 20:00:00,,no_representative_state,1,normal
000001066,2018-01-23 21:00:00,2018-01-23,21,outer,outer,2018-01-23 21:00:00,,no_representative_state,1,normal
000001066,2018-01-23 22:00:00,2018-01-23,22,outer,outer,2018-01-23 22:00:00,,no_representative_state,1,normal
000001066,2018-01-23 23:00:00,2018-01-23,23,core,core,2018-01-23 23:00:00,,multi_a_region,3,normal
000001066,2018-01-23 23:00:00,2018-01-23,23,near,near,2018-01-23 23:00:00,,multi_a_region,3,normal
000001066,2018-01-23 23:00:00,2018-01-23,23,outer,outer,2018-01-23 23:00:00,,multi_a_region,3,normal
000001066,2018-01-24 14:00:00,2018-01-24,14,core,core,2018-01-24 14:00:00,,multi_a_region,2,normal
000001066,2018-01-24 14:00:00,2018-01-24,14,near,near,2018-01-24 14:00:00,,multi_a_region,2,normal
000001066,2018-01-24 15:00:00,2018-01-24,15,core,core,2018-01-24 15:00:00,,multi_a_region,2,normal
000001066,2018-01-24 15:00:00,2018-01-24,15,near,near,2018-01-24 15:00:00,,multi_a_region,2,normal
000001071,2018-01-01 03:00:00,2018-01-01,3,core,core,2018-01-01 03:00:00,,no_representative_state,1,normal
000001071,2018-01-01 04:00:00,2018-01-01,4,core,core,2018-01-01 04:00:00,,no_representative_state,1,normal
000001071,2018-01-01 06:00:00,2018-01-01,6,core,core,2018-01-01 06:00:00,,no_representative_state,1,normal
000001071,2018-01-01 07:00:00,2018-01-01,7,core,core,2018-01-01 07:00:00,,no_representative_state,1,normal
000001071,2018-01-01 18:00:00,2018-01-01,18,core,core,2018-01-01 18:00:00,,multi_a_region,2,normal
000001071,2018-01-01 18:00:00,2018-01-01,18,near,near,2018-01-01 18:00:00,,multi_a_region,2,normal
000001071,2018-01-01 19:00:00,2018-01-01,19,core,core,2018-01-01 19:00:00,,no_representative_state,1,normal
000001071,2018-01-01 23:00:00,2018-01-01,23,core,core,2018-01-01 23:00:00,,no_representative_state,1,normal
000001071,2018-01-02 00:00:00,2018-01-02,0,core,core,2018-01-02 00:00:00,,no_representative_state,1,normal
000001071,2018-01-02 06:00:00,2018-01-02,6,core,core,2018-01-02 06:00:00,,multi_a_region,2,normal
000001071,2018-01-02 06:00:00,2018-01-02,6,near,near,2018-01-02 06:00:00,,multi_a_region,2,normal
000001071,2018-01-02 07:00:00,2018-01-02,7,core,core,2018-01-02 07:00:00,,multi_a_region,2,normal
000001071,2018-01-02 07:00:00,2018-01-02,7,near,near,2018-01-02 07:00:00,,multi_a_region,2,normal
000001071,2018-01-02 09:00:00,2018-01-02,9,core,core,2018-01-02 09:00:00,,no_representative_state,1,normal
000001071,2018-01-02 10:00:00,2018-01-02,10,core,core,2018-01-02 10:00:00,,no_representative_state,1,normal
000001071,2018-01-02 19:00:00,2018-01-02,19,core,core,2018-01-02 19:00:00,,no_representative_state,1,normal
000001071,2018-01-02 20:00:00,2018-01-02,20,core,core,2018-01-02 20:00:00,,no_representative_state,1,normal
000001071,2018-01-03 02:00:00,2018-01-03,2,core,core,2018-01-03 02:00:00,,no_representative_state,1,normal
000001071,2018-01-03 03:00:00,2018-01-03,3,core,core,2018-01-03 03:00:00,,no_representative_state,1,normal
000001071,2018-01-03 08:00:00,2018-01-03,8,core,core,2018-01-03 08:00:00,,multi_a_region,2,normal
000001071,2018-01-03 08:00:00,2018-01-03,8,near,near,2018-01-03 08:00:00,,multi_a_region,2,normal
000001071,2018-01-03 09:00:00,2018-01-03,9,near,near,2018-01-03 09:00:00,,no_representative_state,1,normal
000001071,2018-01-03 19:00:00,2018-01-03,19,near,near,2018-01-03 19:00:00,,no_representative_state,1,normal
000001071,2018-01-03 20:00:00,2018-01-03,20,core,core,2018-01-03 20:00:00,,multi_a_region,2,normal
000001071,2018-01-03 20:00:00,2018-01-03,20,near,near,2018-01-03 20:00:00,,multi_a_region,2,normal
000001071,2018-01-03 21:00:00,2018-01-03,21,core,core,2018-01-03 21:00:00,,multi_a_region,2,normal
000001071,2018-01-03 21:00:00,2018-01-03,21,near,near,2018-01-03 21:00:00,,multi_a_region,2,normal
000001071,2018-01-03 22:00:00,2018-01-03,22,core,core,2018-01-03 22:00:00,,no_representative_state,1,normal
000001071,2018-01-03 23:00:00,2018-01-03,23,core,core,2018-01-03 23:00:00,,multi_a_region,2,normal
000001071,2018-01-03 23:00:00,2018-01-03,23,near,near,2018-01-03 23:00:00,,multi_a_region,2,normal
000001071,2018-01-04 00:00:00,2018-01-04,0,core,core,2018-01-04 00:00:00,,no_representative_state,1,normal
000001071,2018-01-04 04:00:00,2018-01-04,4,core,core,2018-01-04 04:00:00,,no_representative_state,1,normal
000001071,2018-01-04 05:00:00,2018-01-04,5,core,core,2018-01-04 05:00:00,,no_representative_state,1,normal
000001071,2018-01-04 07:00:00,2018-01-04,7,core,core,2018-01-04 07:00:00,,multi_a_region,2,normal
000001071,2018-01-04 07:00:00,2018-01-04,7,near,near,2018-01-04 07:00:00,,multi_a_region,2,normal
000001071,2018-01-04 08:00:00,2018-01-04,8,core,core,2018-01-04 08:00:00,,multi_a_region,2,normal
000001071,2018-01-04 08:00:00,2018-01-04,8,near,near,2018-01-04 08:00:00,,multi_a_region,2,normal
000001071,2018-01-04 09:00:00,2018-01-04,9,core,core,2018-01-04 09:00:00,,no_representative_state,1,normal
000001071,2018-01-04 11:00:00,2018-01-04,11,core,core,2018-01-04 11:00:00,,no_representative_state,1,normal
000001071,2018-01-04 12:00:00,2018-01-04,12,core,core,2018-01-04 12:00:00,,no_representative_state,1,normal
000001071,2018-01-04 15:00:00,2018-01-04,15,core,core,2018-01-04 15:00:00,,no_representative_state,1,normal
000001071,2018-01-04 16:00:00,2018-01-04,16,core,core,2018-01-04 16:00:00,,no_representative_state,1,normal
000001071,2018-01-04 23:00:00,2018-01-04,23,core,core,2018-01-04 23:00:00,,multi_a_region,2,normal
000001071,2018-01-04 23:00:00,2018-01-04,23,near,near,2018-01-04 23:00:00,,multi_a_region,2,normal
000001071,2018-01-05 00:00:00,2018-01-05,0,core,core,2018-01-05 00:00:00,,multi_a_region,2,normal
000001071,2018-01-05 00:00:00,2018-01-05,0,near,near,2018-01-05 00:00:00,,multi_a_region,2,normal
000001071,2018-01-05 01:00:00,2018-01-05,1,core,core,2018-01-05 01:00:00,,no_representative_state,1,normal
000001071,2018-01-05 09:00:00,2018-01-05,9,core,core,2018-01-05 09:00:00,,no_representative_state,1,normal
000001071,2018-01-05 10:00:00,2018-01-05,10,core,core,2018-01-05 10:00:00,,no_representative_state,1,normal
000001071,2018-01-05 13:00:00,2018-01-05,13,core,core,2018-01-05 13:00:00,,no_representative_state,1,normal
000001071,2018-01-05 14:00:00,2018-01-05,14,core,core,2018-01-05 14:00:00,,no_representative_state,1,normal
000001071,2018-01-05 16:00:00,2018-01-05,16,core,core,2018-01-05 16:00:00,,no_representative_state,1,normal
000001071,2018-01-05 17:00:00,2018-01-05,17,core,core,2018-01-05 17:00:00,,multi_a_region,2,normal
000001071,2018-01-05 17:00:00,2018-01-05,17,near,near,2018-01-05 17:00:00,,multi_a_region,2,normal
000001071,2018-01-05 18:00:00,2018-01-05,18,core,core,2018-01-05 18:00:00,,no_representative_state,1,normal
000001071,2018-01-06 02:00:00,2018-01-06,2,core,core,2018-01-06 02:00:00,,no_representative_state,1,normal
000001071,2018-01-06 03:00:00,2018-01-06,3,core,core,2018-01-06 03:00:00,,no_representative_state,1,normal
000001071,2018-01-06 06:00:00,2018-01-06,6,core,core,2018-01-06 06:00:00,,no_representative_state,1,normal
000001071,2018-01-06 11:00:00,2018-01-06,11,core,core,2018-01-06 11:00:00,,multi_a_region,2,normal
000001071,2018-01-06 11:00:00,2018-01-06,11,near,near,2018-01-06 11:00:00,,multi_a_region,2,normal
000001071,2018-01-06 18:00:00,2018-01-06,18,core,core,2018-01-06 18:00:00,,no_representative_state,1,normal
000001071,2018-01-06 19:00:00,2018-01-06,19,core,core,2018-01-06 19:00:00,,no_representative_state,1,normal
000001071,2018-01-06 20:00:00,2018-01-06,20,core,core,2018-01-06 20:00:00,,multi_a_region,2,normal
000001071,2018-01-06 20:00:00,2018-01-06,20,near,near,2018-01-06 20:00:00,,multi_a_region,2,normal
000001071,2018-01-06 21:00:00,2018-01-06,21,core,core,2018-01-06 21:00:00,,no_representative_state,1,normal
000001071,2018-01-07 01:00:00,2018-01-07,1,core,core,2018-01-07 01:00:00,,multi_a_region,2,normal
000001071,2018-01-07 01:00:00,2018-01-07,1,near,near,2018-01-07 01:00:00,,multi_a_region,2,normal
000001071,2018-01-07 02:00:00,2018-01-07,2,core,core,2018-01-07 02:00:00,,multi_a_region,2,normal
000001071,2018-01-07 02:00:00,2018-01-07,2,near,near,2018-01-07 02:00:00,,multi_a_region,2,normal
000001071,2018-01-07 06:00:00,2018-01-07,6,core,core,2018-01-07 06:00:00,,no_representative_state,1,normal
000001071,2018-01-07 10:00:00,2018-01-07,10,core,core,2018-01-07 10:00:00,,no_representative_state,1,normal
000001071,2018-01-07 11:00:00,2018-01-07,11,core,core,2018-01-07 11:00:00,,no_representative_state,1,normal
000001071,2018-01-07 12:00:00,2018-01-07,12,core,core,2018-01-07 12:00:00,,no_representative_state,1,normal
000001071,2018-01-07 13:00:00,2018-01-07,13,core,core,2018-01-07 13:00:00,,no_representative_state,1,normal
000001071,2018-01-07 15:00:00,2018-01-07,15,core,core,2018-01-07 15:00:00,,no_representative_state,1,normal
000001071,2018-01-07 16:00:00,2018-01-07,16,core,core,2018-01-07 16:00:00,,multi_a_region,2,normal
000001071,2018-01-07 16:00:00,2018-01-07,16,near,near,2018-01-07 16:00:00,,multi_a_region,2,normal
000001071,2018-01-07 18:00:00,2018-01-07,18,core,core,2018-01-07 18:00:00,,no_representative_state,1,normal
000001071,2018-01-07 19:00:00,2018-01-07,19,core,core,2018-01-07 19:00:00,,no_representative_state,1,normal
000001071,2018-01-08 07:00:00,2018-01-08,7,core,core,2018-01-08 07:00:00,,no_representative_state,1,normal
000001071,2018-01-08 10:00:00,2018-01-08,10,core,core,2018-01-08 10:00:00,,no_representative_state,1,normal
000001071,2018-01-08 11:00:00,2018-01-08,11,core,core,2018-01-08 11:00:00,,no_representative_state,1,normal
000001071,2018-01-08 14:00:00,2018-01-08,14,core,core,2018-01-08 14:00:00,,no_representative_state,1,normal
000001071,2018-01-08 15:00:00,2018-01-08,15,core,core,2018-01-08 15:00:00,,no_representative_state,1,normal
000001071,2018-01-08 16:00:00,2018-01-08,16,core,core,2018-01-08 16:00:00,,no_representative_state,1,normal
000001071,2018-01-08 18:00:00,2018-01-08,18,core,core,2018-01-08 18:00:00,,no_representative_state,1,normal
000001071,2018-01-08 19:00:00,2018-01-08,19,core,core,2018-01-08 19:00:00,,multi_a_region,2,normal
000001071,2018-01-08 19:00:00,2018-01-08,19,near,near,2018-01-08 19:00:00,,multi_a_region,2,normal
000001071,2018-01-08 20:00:00,2018-01-08,20,core,core,2018-01-08 20:00:00,,multi_a_region,2,normal
000001071,2018-01-08 20:00:00,2018-01-08,20,near,near,2018-01-08 20:00:00,,multi_a_region,2,normal
000001071,2018-01-08 23:00:00,2018-01-08,23,core,core,2018-01-08 23:00:00,,no_representative_state,1,normal
000001071,2018-01-09 00:00:00,2018-01-09,0,core,core,2018-01-09 00:00:00,,no_representative_state,1,normal
000001071,2018-01-09 03:00:00,2018-01-09,3,core,core,2018-01-09 03:00:00,,no_representative_state,1,normal
000001071,2018-01-09 04:00:00,2018-01-09,4,core,core,2018-01-09 04:00:00,,no_representative_state,1,normal
000001071,2018-01-09 05:00:00,2018-01-09,5,core,core,2018-01-09 05:00:00,,multi_a_region,2,normal
000001071,2018-01-09 05:00:00,2018-01-09,5,near,near,2018-01-09 05:00:00,,multi_a_region,2,normal
000001071,2018-01-09 08:00:00,2018-01-09,8,core,core,2018-01-09 08:00:00,,multi_a_region,2,normal
000001071,2018-01-09 08:00:00,2018-01-09,8,near,near,2018-01-09 08:00:00,,multi_a_region,2,normal
000001071,2018-01-09 09:00:00,2018-01-09,9,core,core,2018-01-09 09:00:00,,multi_a_region,2,normal
000001071,2018-01-09 09:00:00,2018-01-09,9,near,near,2018-01-09 09:00:00,,multi_a_region,2,normal
000001071,2018-01-09 10:00:00,2018-01-09,10,core,core,2018-01-09 10:00:00,,no_representative_state,1,normal
000001071,2018-01-09 11:00:00,2018-01-09,11,core,core,2018-01-09 11:00:00,,multi_a_region,2,normal
000001071,2018-01-09 11:00:00,2018-01-09,11,near,near,2018-01-09 11:00:00,,multi_a_region,2,normal
000001071,2018-01-09 12:00:00,2018-01-09,12,core,core,2018-01-09 12:00:00,,multi_a_region,2,normal
000001071,2018-01-09 12:00:00,2018-01-09,12,near,near,2018-01-09 12:00:00,,multi_a_region,2,normal
000001071,2018-01-09 19:00:00,2018-01-09,19,core,core,2018-01-09 19:00:00,,multi_a_region,2,normal
000001071,2018-01-09 19:00:00,2018-01-09,19,near,near,2018-01-09 19:00:00,,multi_a_region,2,normal
000001071,2018-01-09 20:00:00,2018-01-09,20,core,core,2018-01-09 20:00:00,,multi_a_region,2,normal
000001071,2018-01-09 20:00:00,2018-01-09,20,near,near,2018-01-09 20:00:00,,multi_a_region,2,normal
000001071,2018-01-10 02:00:00,2018-01-10,2,core,core,2018-01-10 02:00:00,,multi_a_region,2,normal
000001071,2018-01-10 02:00:00,2018-01-10,2,near,near,2018-01-10 02:00:00,,multi_a_region,2,normal
000001071,2018-01-10 09:00:00,2018-01-10,9,core,core,2018-01-10 09:00:00,,no_representative_state,1,normal
000001071,2018-01-10 15:00:00,2018-01-10,15,core,core,2018-01-10 15:00:00,,no_representative_state,1,normal
000001071,2018-01-10 19:00:00,2018-01-10,19,core,core,2018-01-10 19:00:00,,no_representative_state,1,normal
000001071,2018-01-10 20:00:00,2018-01-10,20,core,core,2018-01-10 20:00:00,,no_representative_state,1,normal
000001071,2018-01-10 23:00:00,2018-01-10,23,core,core,2018-01-10 23:00:00,,no_representative_state,1,normal
000001071,2018-01-11 00:00:00,2018-01-11,0,core,core,2018-01-11 00:00:00,,no_representative_state,1,normal
000001071,2018-01-11 02:00:00,2018-01-11,2,core,core,2018-01-11 02:00:00,,no_representative_state,1,normal
000001071,2018-01-11 03:00:00,2018-01-11,3,core,core,2018-01-11 03:00:00,,no_representative_state,1,normal
000001071,2018-01-11 08:00:00,2018-01-11,8,core,core,2018-01-11 08:00:00,,no_representative_state,1,normal
000001071,2018-01-11 10:00:00,2018-01-11,10,core,core,2018-01-11 10:00:00,,no_representative_state,1,normal
000001071,2018-01-11 11:00:00,2018-01-11,11,core,core,2018-01-11 11:00:00,,multi_a_region,2,normal
000001071,2018-01-11 11:00:00,2018-01-11,11,near,near,2018-01-11 11:00:00,,multi_a_region,2,normal
000001071,2018-01-11 14:00:00,2018-01-11,14,core,core,2018-01-11 14:00:00,,no_representative_state,1,normal
000001071,2018-01-11 15:00:00,2018-01-11,15,core,core,2018-01-11 15:00:00,,no_representative_state,1,normal
000001071,2018-01-11 16:00:00,2018-01-11,16,core,core,2018-01-11 16:00:00,,no_representative_state,1,normal
000001071,2018-01-11 17:00:00,2018-01-11,17,core,core,2018-01-11 17:00:00,,no_representative_state,1,normal
000001071,2018-01-11 18:00:00,2018-01-11,18,core,core,2018-01-11 18:00:00,,no_representative_state,1,normal
000001071,2018-01-11 19:00:00,2018-01-11,19,core,core,2018-01-11 19:00:00,,no_representative_state,1,normal
000001071,2018-01-11 20:00:00,2018-01-11,20,core,core,2018-01-11 20:00:00,,no_representative_state,1,normal
000001071,2018-01-11 22:00:00,2018-01-11,22,core,core,2018-01-11 22:00:00,,no_representative_state,1,normal
000001071,2018-01-11 23:00:00,2018-01-11,23,core,core,2018-01-11 23:00:00,,no_representative_state,1,normal
000001071,2018-01-12 03:00:00,2018-01-12,3,core,core,2018-01-12 03:00:00,,no_representative_state,1,reduced
000001071,2018-01-12 04:00:00,2018-01-12,4,core,core,2018-01-12 04:00:00,,no_representative_state,1,reduced
000001071,2018-01-12 11:00:00,2018-01-12,11,core,core,2018-01-12 11:00:00,,multi_a_region,2,reduced
000001071,2018-01-12 11:00:00,2018-01-12,11,near,near,2018-01-12 11:00:00,,multi_a_region,2,reduced
000001071,2018-01-12 12:00:00,2018-01-12,12,core,core,2018-01-12 12:00:00,,no_representative_state,1,reduced
000001071,2018-01-12 14:00:00,2018-01-12,14,near,near,2018-01-12 14:00:00,,no_representative_state,1,reduced
000001071,2018-01-12 15:00:00,2018-01-12,15,core,core,2018-01-12 15:00:00,,multi_a_region,2,reduced
000001071,2018-01-12 15:00:00,2018-01-12,15,near,near,2018-01-12 15:00:00,,multi_a_region,2,reduced
000001071,2018-01-12 22:00:00,2018-01-12,22,core,core,2018-01-12 22:00:00,,multi_a_region,2,reduced
000001071,2018-01-12 22:00:00,2018-01-12,22,near,near,2018-01-12 22:00:00,,multi_a_region,2,reduced
000001071,2018-01-13 03:00:00,2018-01-13,3,core,core,2018-01-13 03:00:00,,no_representative_state,1,outage
000001071,2018-01-13 08:00:00,2018-01-13,8,near,near,2018-01-13 08:00:00,,no_representative_state,1,outage
000001071,2018-01-13 10:00:00,2018-01-13,10,core,core,2018-01-13 10:00:00,,no_representative_state,1,outage
000001071,2018-01-13 12:00:00,2018-01-13,12,near,near,2018-01-13 12:00:00,,no_representative_state,1,outage
000001071,2018-01-13 13:00:00,2018-01-13,13,near,near,2018-01-13 13:00:00,,no_representative_state,1,outage
000001071,2018-01-13 15:00:00,2018-01-13,15,core,core,2018-01-13 15:00:00,,no_representative_state,1,outage
000001071,2018-01-13 16:00:00,2018-01-13,16,core,core,2018-01-13 16:00:00,,no_representative_state,1,outage
000001071,2018-01-13 17:00:00,2018-01-13,17,core,core,2018-01-13 17:00:00,,multi_a_region,2,outage
000001071,2018-01-13 17:00:00,2018-01-13,17,near,near,2018-01-13 17:00:00,,multi_a_region,2,outage
000001071,2018-01-13 18:00:00,2018-01-13,18,core,core,2018-01-13 18:00:00,,multi_a_region,2,outage
000001071,2018-01-13 18:00:00,2018-01-13,18,near,near,2018-01-13 18:00:00,,multi_a_region,2,outage
000001071,2018-01-13 20:00:00,2018-01-13,20,core,core,2018-01-13 20:00:00,,multi_a_region,2,outage
000001071,2018-01-13 20:00:00,2018-01-13,20,near,near,2018-01-13 20:00:00,,multi_a_region,2,outage
000001071,2018-01-14 02:00:00,2018-01-14,2,core,core,2018-01-14 02:00:00,,no_representative_state,1,outage
000001071,2018-01-14 03:00:00,2018-01-14,3,near,near,2018-01-14 03:00:00,,no_representative_state,1,outage
000001071,2018-01-14 04:00:00,2018-01-14,4,near,near,2018-01-14 04:00:00,,no_representative_state,1,outage
000001071,2018-01-14 08:00:00,2018-01-14,8,core,core,2018-01-14 08:00:00,,no_representative_state,1,outage
000001071,2018-01-14 11:00:00,2018-01-14,11,core,core,2018-01-14 11:00:00,,multi_a_region,2,outage
000001071,2018-01-14 11:00:00,2018-01-14,11,near,near,2018-01-14 11:00:00,,multi_a_region,2,outage
000001071,2018-01-14 12:00:00,2018-01-14,12,core,core,2018-01-14 12:00:00,,no_representative_state,1,outage
000001071,2018-01-15 15:00:00,2018-01-15,15,core,core,2018-01-15 15:00:00,,no_representative_state,1,outage
000001071,2018-01-16 03:00:00,2018-01-16,3,core,core,2018-01-16 03:00:00,,no_representative_state,1,outage
000001071,2018-01-16 07:00:00,2018-01-16,7,core,core,2018-01-16 07:00:00,,no_representative_state,1,outage
000001071,2018-01-16 10:00:00,2018-01-16,10,core,core,2018-01-16 10:00:00,,no_representative_state,1,outage
000001071,2018-01-16 15:00:00,2018-01-16,15,core,core,2018-01-16 15:00:00,,no_representative_state,1,outage
000001071,2018-01-16 16:00:00,2018-01-16,16,core,core,2018-01-16 16:00:00,,no_representative_state,1,outage
000001071,2018-01-16 18:00:00,2018-01-16,18,core,core,2018-01-16 18:00:00,,no_representative_state,1,outage
000001071,2018-01-17 01:00:00,2018-01-17,1,core,core,2018-01-17 01:00:00,,no_representative_state,1,severe
000001071,2018-01-17 02:00:00,2018-01-17,2,core,core,2018-01-17 02:00:00,,no_representative_state,1,severe
000001071,2018-01-17 10:00:00,2018-01-17,10,near,near,2018-01-17 10:00:00,,no_representative_state,1,severe
000001071,2018-01-17 13:00:00,2018-01-17,13,core,core,2018-01-17 13:00:00,,no_representative_state,1,severe
000001071,2018-01-18 03:00:00,2018-01-18,3,core,core,2018-01-18 03:00:00,,no_representative_state,1,severe
000001071,2018-01-18 07:00:00,2018-01-18,7,core,core,2018-01-18 07:00:00,,no_representative_state,1,severe
000001071,2018-01-18 10:00:00,2018-01-18,10,core,core,2018-01-18 10:00:00,,no_representative_state,1,severe
000001071,2018-01-19 09:00:00,2018-01-19,9,core,core,2018-01-19 09:00:00,,multi_a_region,2,normal
000001071,2018-01-19 09:00:00,2018-01-19,9,near,near,2018-01-19 09:00:00,,multi_a_region,2,normal
000001071,2018-01-19 10:00:00,2018-01-19,10,near,near,2018-01-19 10:00:00,,no_representative_state,1,normal
000001071,2018-01-19 11:00:00,2018-01-19,11,core,core,2018-01-19 11:00:00,,multi_a_region,2,normal
000001071,2018-01-19 11:00:00,2018-01-19,11,near,near,2018-01-19 11:00:00,,multi_a_region,2,normal
000001071,2018-01-19 19:00:00,2018-01-19,19,core,core,2018-01-19 19:00:00,,no_representative_state,1,normal
000001071,2018-01-19 20:00:00,2018-01-19,20,core,core,2018-01-19 20:00:00,,no_representative_state,1,normal
000001071,2018-01-19 22:00:00,2018-01-19,22,core,core,2018-01-19 22:00:00,,multi_a_region,2,normal
000001071,2018-01-19 22:00:00,2018-01-19,22,near,near,2018-01-19 22:00:00,,multi_a_region,2,normal
000001071,2018-01-19 23:00:00,2018-01-19,23,core,core,2018-01-19 23:00:00,,multi_a_region,2,normal
000001071,2018-01-19 23:00:00,2018-01-19,23,near,near,2018-01-19 23:00:00,,multi_a_region,2,normal
000001071,2018-01-20 03:00:00,2018-01-20,3,core,core,2018-01-20 03:00:00,,no_representative_state,1,normal
000001071,2018-01-20 04:00:00,2018-01-20,4,core,core,2018-01-20 04:00:00,,no_representative_state,1,normal
000001071,2018-01-20 11:00:00,2018-01-20,11,core,core,2018-01-20 11:00:00,,multi_a_region,2,normal
000001071,2018-01-20 11:00:00,2018-01-20,11,near,near,2018-01-20 11:00:00,,multi_a_region,2,normal
000001071,2018-01-20 12:00:00,2018-01-20,12,core,core,2018-01-20 12:00:00,,no_representative_state,1,normal
000001071,2018-01-20 14:00:00,2018-01-20,14,core,core,2018-01-20 14:00:00,,no_representative_state,1,normal
000001071,2018-01-20 15:00:00,2018-01-20,15,core,core,2018-01-20 15:00:00,,multi_a_region,2,normal
000001071,2018-01-20 15:00:00,2018-01-20,15,near,near,2018-01-20 15:00:00,,multi_a_region,2,normal
000001071,2018-01-20 16:00:00,2018-01-20,16,core,core,2018-01-20 16:00:00,,no_representative_state,1,normal
000001071,2018-01-20 18:00:00,2018-01-20,18,core,core,2018-01-20 18:00:00,,multi_a_region,2,normal
000001071,2018-01-20 18:00:00,2018-01-20,18,near,near,2018-01-20 18:00:00,,multi_a_region,2,normal
000001071,2018-01-20 19:00:00,2018-01-20,19,core,core,2018-01-20 19:00:00,,multi_a_region,2,normal
000001071,2018-01-20 19:00:00,2018-01-20,19,near,near,2018-01-20 19:00:00,,multi_a_region,2,normal
000001071,2018-01-21 03:00:00,2018-01-21,3,core,core,2018-01-21 03:00:00,,no_representative_state,1,normal
000001071,2018-01-21 04:00:00,2018-01-21,4,core,core,2018-01-21 04:00:00,,no_representative_state,1,normal
000001071,2018-01-21 10:00:00,2018-01-21,10,core,core,2018-01-21 10:00:00,,no_representative_state,1,normal
000001071,2018-01-21 11:00:00,2018-01-21,11,core,core,2018-01-21 11:00:00,,no_representative_state,1,normal
000001071,2018-01-21 16:00:00,2018-01-21,16,core,core,2018-01-21 16:00:00,,no_representative_state,1,normal
000001071,2018-01-21 17:00:00,2018-01-21,17,core,core,2018-01-21 17:00:00,,no_representative_state,1,normal
000001071,2018-01-21 19:00:00,2018-01-21,19,core,core,2018-01-21 19:00:00,,multi_a_region,2,normal
000001071,2018-01-21 19:00:00,2018-01-21,19,near,near,2018-01-21 19:00:00,,multi_a_region,2,normal
000001071,2018-01-21 20:00:00,2018-01-21,20,core,core,2018-01-21 20:00:00,,multi_a_region,2,normal
000001071,2018-01-21 20:00:00,2018-01-21,20,near,near,2018-01-21 20:00:00,,multi_a_region,2,normal
000001071,2018-01-21 22:00:00,2018-01-21,22,core,core,2018-01-21 22:00:00,,no_representative_state,1,normal
000001071,2018-01-21 23:00:00,2018-01-21,23,core,core,2018-01-21 23:00:00,,no_representative_state,1,normal
000001071,2018-01-22 10:00:00,2018-01-22,10,core,core,2018-01-22 10:00:00,,no_representative_state,1,normal
000001071,2018-01-22 11:00:00,2018-01-22,11,core,core,2018-01-22 11:00:00,,no_representative_state,1,normal
000001071,2018-01-22 17:00:00,2018-01-22,17,core,core,2018-01-22 17:00:00,,multi_a_region,2,normal
000001071,2018-01-22 17:00:00,2018-01-22,17,near,near,2018-01-22 17:00:00,,multi_a_region,2,normal
000001071,2018-01-22 18:00:00,2018-01-22,18,near,near,2018-01-22 18:00:00,,no_representative_state,1,normal
000001071,2018-01-22 19:00:00,2018-01-22,19,core,core,2018-01-22 19:00:00,,multi_a_region,2,normal
000001071,2018-01-22 19:00:00,2018-01-22,19,near,near,2018-01-22 19:00:00,,multi_a_region,2,normal
000001071,2018-01-22 21:00:00,2018-01-22,21,core,core,2018-01-22 21:00:00,,no_representative_state,1,normal
000001071,2018-01-22 22:00:00,2018-01-22,22,core,core,2018-01-22 22:00:00,,multi_a_region,2,normal
000001071,2018-01-22 22:00:00,2018-01-22,22,near,near,2018-01-22 22:00:00,,multi_a_region,2,normal
000001071,2018-01-23 00:00:00,2018-01-23,0,core,core,2018-01-23 00:00:00,,no_representative_state,1,normal
000001071,2018-01-23 01:00:00,2018-01-23,1,core,core,2018-01-23 01:00:00,,no_representative_state,1,normal
000001071,2018-01-23 02:00:00,2018-01-23,2,core,core,2018-01-23 02:00:00,,no_representative_state,1,normal
000001071,2018-01-23 11:00:00,2018-01-23,11,core,core,2018-01-23 11:00:00,,no_representative_state,1,normal
000001071,2018-01-23 17:00:00,2018-01-23,17,core,core,2018-01-23 17:00:00,,no_representative_state,1,normal
000001071,2018-01-23 18:00:00,2018-01-23,18,core,core,2018-01-23 18:00:00,,multi_a_region,2,normal
000001071,2018-01-23 18:00:00,2018-01-23,18,near,near,2018-01-23 18:00:00,,multi_a_region,2,normal
000001071,2018-01-23 19:00:00,2018-01-23,19,core,core,2018-01-23 19:00:00,,no_representative_state,1,normal
000001071,2018-01-23 20:00:00,2018-01-23,20,core,core,2018-01-23 20:00:00,,multi_a_region,2,normal
000001071,2018-01-23 20:00:00,2018-01-23,20,near,near,2018-01-23 20:00:00,,multi_a_region,2,normal
000001071,2018-01-24 10:00:00,2018-01-24,10,core,core,2018-01-24 10:00:00,,no_representative_state,1,normal
000001071,2018-01-24 11:00:00,2018-01-24,11,core,core,2018-01-24 11:00:00,,no_representative_state,1,normal
000001071,2018-01-24 13:00:00,2018-01-24,13,core,core,2018-01-24 13:00:00,,multi_a_region,2,normal
000001071,2018-01-24 13:00:00,2018-01-24,13,near,near,2018-01-24 13:00:00,,multi_a_region,2,normal
000001071,2018-01-24 14:00:00,2018-01-24,14,core,core,2018-01-24 14:00:00,,multi_a_region,2,normal
000001071,2018-01-24 14:00:00,2018-01-24,14,near,near,2018-01-24 14:00:00,,multi_a_region,2,normal
000001071,2018-01-24 15:00:00,2018-01-24,15,near,near,2018-01-24 15:00:00,,no_representative_state,1,normal
000001071,2018-01-24 16:00:00,2018-01-24,16,core,core,2018-01-24 16:00:00,,multi_a_region,2,normal
000001071,2018-01-24 16:00:00,2018-01-24,16,near,near,2018-01-24 16:00:00,,multi_a_region,2,normal
000001071,2018-01-24 18:00:00,2018-01-24,18,core,core,2018-01-24 18:00:00,,no_representative_state,1,normal
000001071,2018-01-24 19:00:00,2018-01-24,19,core,core,2018-01-24 19:00:00,,multi_a_region,2,normal
000001071,2018-01-24 19:00:00,2018-01-24,19,near,near,2018-01-24 19:00:00,,multi_a_region,2,normal
000001071,2018-01-24 20:00:00,2018-01-24,20,core,core,2018-01-24 20:00:00,,multi_a_region,2,normal
000001071,2018-01-24 20:00:00,2018-01-24,20,near,near,2018-01-24 20:00:00,,multi_a_region,2,normal
000001087,2018-01-01 03:00:00,2018-01-01,3,core,core,2018-01-01 03:00:00,,no_representative_state,1,normal
000001087,2018-01-01 05:00:00,2018-01-01,5,core,core,2018-01-01 05:00:00,,no_representative_state,1,normal
000001087,2018-01-01 06:00:00,2018-01-01,6,core,core,2018-01-01 06:00:00,,multi_a_region,2,normal
000001087,2018-01-01 06:00:00,2018-01-01,6,near,near,2018-01-01 06:00:00,,multi_a_region,2,normal
000001087,2018-01-01 07:00:00,2018-01-01,7,core,core,2018-01-01 07:00:00,,no_representative_state,1,normal
000001087,2018-01-01 11:00:00,2018-01-01,11,core,core,2018-01-01 11:00:00,,no_representative_state,1,normal
000001087,2018-01-01 12:00:00,2018-01-01,12,core,core,2018-01-01 12:00:00,,multi_a_region,2,normal
000001087,2018-01-01 12:00:00,2018-01-01,12,near,near,2018-01-01 12:00:00,,multi_a_region,2,normal
000001087,2018-01-01 14:00:00,2018-01-01,14,core,core,2018-01-01 14:00:00,,multi_a_region,2,normal
000001087,2018-01-01 14:00:00,2018-01-01,14,near,near,2018-01-01 14:00:00,,multi_a_region,2,normal
000001087,2018-01-01 19:00:00,2018-01-01,19,core,core,2018-01-01 19:00:00,,no_representative_state,1,normal
000001087,2018-01-01 20:00:00,2018-01-01,20,core,core,2018-01-01 20:00:00,,no_representative_state,1,normal
000001087,2018-01-01 23:00:00,2018-01-01,23,core,core,2018-01-01 23:00:00,,no_representative_state,1,normal
000001087,2018-01-02 02:00:00,2018-01-02,2,core,core,2018-01-02 02:00:00,,no_representative_state,1,normal
000001087,2018-01-02 03:00:00,2018-01-02,3,core,core,2018-01-02 03:00:00,,no_representative_state,1,normal
000001087,2018-01-02 05:00:00,2018-01-02,5,core,core,2018-01-02 05:00:00,,no_representative_state,1,normal
000001087,2018-01-02 06:00:00,2018-01-02,6,core,core,2018-01-02 06:00:00,,multi_a_region,2,normal
000001087,2018-01-02 06:00:00,2018-01-02,6,near,near,2018-01-02 06:00:00,,multi_a_region,2,normal
000001087,2018-01-02 09:00:00,2018-01-02,9,core,core,2018-01-02 09:00:00,,no_representative_state,1,normal
000001087,2018-01-02 10:00:00,2018-01-02,10,core,core,2018-01-02 10:00:00,,multi_a_region,2,normal
000001087,2018-01-02 10:00:00,2018-01-02,10,near,near,2018-01-02 10:00:00,,multi_a_region,2,normal
000001087,2018-01-02 11:00:00,2018-01-02,11,core,core,2018-01-02 11:00:00,,no_representative_state,1,normal
000001087,2018-01-02 12:00:00,2018-01-02,12,core,core,2018-01-02 12:00:00,,no_representative_state,1,normal
000001087,2018-01-02 18:00:00,2018-01-02,18,core,core,2018-01-02 18:00:00,,no_representative_state,1,normal
000001087,2018-01-02 22:00:00,2018-01-02,22,core,core,2018-01-02 22:00:00,,no_representative_state,1,normal
000001087,2018-01-02 23:00:00,2018-01-02,23,core,core,2018-01-02 23:00:00,,no_representative_state,1,normal
000001087,2018-01-03 02:00:00,2018-01-03,2,core,core,2018-01-03 02:00:00,,no_representative_state,1,normal
000001087,2018-01-03 03:00:00,2018-01-03,3,core,core,2018-01-03 03:00:00,,no_representative_state,1,normal
000001087,2018-01-03 06:00:00,2018-01-03,6,core,core,2018-01-03 06:00:00,,no_representative_state,1,normal
000001087,2018-01-03 07:00:00,2018-01-03,7,core,core,2018-01-03 07:00:00,,multi_a_region,2,normal
000001087,2018-01-03 07:00:00,2018-01-03,7,near,near,2018-01-03 07:00:00,,multi_a_region,2,normal
000001087,2018-01-03 13:00:00,2018-01-03,13,core,core,2018-01-03 13:00:00,,no_representative_state,1,normal
000001087,2018-01-03 14:00:00,2018-01-03,14,core,core,2018-01-03 14:00:00,,no_representative_state,1,normal
000001087,2018-01-03 16:00:00,2018-01-03,16,core,core,2018-01-03 16:00:00,,no_representative_state,1,normal
000001087,2018-01-03 17:00:00,2018-01-03,17,core,core,2018-01-03 17:00:00,,no_representative_state,1,normal
000001087,2018-01-03 18:00:00,2018-01-03,18,core,core,2018-01-03 18:00:00,,multi_a_region,2,normal
000001087,2018-01-03 18:00:00,2018-01-03,18,near,near,2018-01-03 18:00:00,,multi_a_region,2,normal
000001087,2018-01-03 19:00:00,2018-01-03,19,core,core,2018-01-03 19:00:00,,no_representative_state,1,normal
000001087,2018-01-04 04:00:00,2018-01-04,4,core,core,2018-01-04 04:00:00,,no_representative_state,1,normal
000001087,2018-01-04 06:00:00,2018-01-04,6,core,core,2018-01-04 06:00:00,,no_representative_state,1,normal
000001087,2018-01-04 07:00:00,2018-01-04,7,core,core,2018-01-04 07:00:00,,no_representative_state,1,normal
000001087,2018-01-04 08:00:00,2018-01-04,8,core,core,2018-01-04 08:00:00,,no_representative_state,1,normal
000001087,2018-01-04 09:00:00,2018-01-04,9,core,core,2018-01-04 09:00:00,,no_representative_state,1,normal
000001087,2018-01-04 10:00:00,2018-01-04,10,core,core,2018-01-04 10:00:00,,multi_a_region,2,normal
000001087,2018-01-04 10:00:00,2018-01-04,10,near,near,2018-01-04 10:00:00,,multi_a_region,2,normal
000001087,2018-01-04 11:00:00,2018-01-04,11,core,core,2018-01-04 11:00:00,,no_representative_state,1,normal
000001087,2018-01-04 12:00:00,2018-01-04,12,core,core,2018-01-04 12:00:00,,no_representative_state,1,normal
000001087,2018-01-04 14:00:00,2018-01-04,14,core,core,2018-01-04 14:00:00,,no_representative_state,1,normal
000001087,2018-01-04 15:00:00,2018-01-04,15,core,core,2018-01-04 15:00:00,,no_representative_state,1,normal
000001087,2018-01-04 23:00:00,2018-01-04,23,core,core,2018-01-04 23:00:00,,no_representative_state,1,normal
000001087,2018-01-05 02:00:00,2018-01-05,2,core,core,2018-01-05 02:00:00,,multi_a_region,2,normal
000001087,2018-01-05 02:00:00,2018-01-05,2,near,near,2018-01-05 02:00:00,,multi_a_region,2,normal
000001087,2018-01-05 03:00:00,2018-01-05,3,core,core,2018-01-05 03:00:00,,multi_a_region,2,normal
000001087,2018-01-05 03:00:00,2018-01-05,3,near,near,2018-01-05 03:00:00,,multi_a_region,2,normal
000001087,2018-01-05 07:00:00,2018-01-05,7,core,core,2018-01-05 07:00:00,,no_representative_state,1,normal
000001087,2018-01-05 10:00:00,2018-01-05,10,core,core,2018-01-05 10:00:00,,multi_a_region,2,normal
000001087,2018-01-05 10:00:00,2018-01-05,10,near,near,2018-01-05 10:00:00,,multi_a_region,2,normal
000001087,2018-01-05 11:00:00,2018-01-05,11,core,core,2018-01-05 11:00:00,,multi_a_region,2,normal
000001087,2018-01-05 11:00:00,2018-01-05,11,near,near,2018-01-05 11:00:00,,multi_a_region,2,normal
000001087,2018-01-05 14:00:00,2018-01-05,14,core,core,2018-01-05 14:00:00,,no_representative_state,1,normal
000001087,2018-01-05 15:00:00,2018-01-05,15,core,core,2018-01-05 15:00:00,,no_representative_state,1,normal
000001087,2018-01-05 17:00:00,2018-01-05,17,core,core,2018-01-05 17:00:00,,no_representative_state,1,normal
000001087,2018-01-05 18:00:00,2018-01-05,18,core,core,2018-01-05 18:00:00,,multi_a_region,2,normal
000001087,2018-01-05 18:00:00,2018-01-05,18,near,near,2018-01-05 18:00:00,,multi_a_region,2,normal
000001087,2018-01-05 22:00:00,2018-01-05,22,core,core,2018-01-05 22:00:00,,no_representative_state,1,normal
000001087,2018-01-05 23:00:00,2018-01-05,23,core,core,2018-01-05 23:00:00,,no_representative_state,1,normal
000001087,2018-01-06 03:00:00,2018-01-06,3,core,core,2018-01-06 03:00:00,,no_representative_state,1,normal
000001087,2018-01-06 04:00:00,2018-01-06,4,core,core,2018-01-06 04:00:00,,no_representative_state,1,normal
000001087,2018-01-06 06:00:00,2018-01-06,6,core,core,2018-01-06 06:00:00,,no_representative_state,1,normal
000001087,2018-01-06 07:00:00,2018-01-06,7,core,core,2018-01-06 07:00:00,,no_representative_state,1,normal
000001087,2018-01-06 08:00:00,2018-01-06,8,core,core,2018-01-06 08:00:00,,no_representative_state,1,normal
000001087,2018-01-06 10:00:00,2018-01-06,10,core,core,2018-01-06 10:00:00,,no_representative_state,1,normal
000001087,2018-01-06 13:00:00,2018-01-06,13,core,core,2018-01-06 13:00:00,,no_representative_state,1,normal
000001087,2018-01-06 14:00:00,2018-01-06,14,core,core,2018-01-06 14:00:00,,multi_a_region,2,normal
000001087,2018-01-06 14:00:00,2018-01-06,14,near,near,2018-01-06 14:00:00,,multi_a_region,2,normal
000001087,2018-01-06 18:00:00,2018-01-06,18,core,core,2018-01-06 18:00:00,,multi_a_region,2,normal
000001087,2018-01-06 18:00:00,2018-01-06,18,near,near,2018-01-06 18:00:00,,multi_a_region,2,normal
000001087,2018-01-06 19:00:00,2018-01-06,19,core,core,2018-01-06 19:00:00,,no_representative_state,1,normal
000001087,2018-01-06 23:00:00,2018-01-06,23,core,core,2018-01-06 23:00:00,,multi_a_region,2,normal
000001087,2018-01-06 23:00:00,2018-01-06,23,near,near,2018-01-06 23:00:00,,multi_a_region,2,normal
000001087,2018-01-07 00:00:00,2018-01-07,0,core,core,2018-01-07 00:00:00,,multi_a_region,2,normal
000001087,2018-01-07 00:00:00,2018-01-07,0,near,near,2018-01-07 00:00:00,,multi_a_region,2,normal
000001087,2018-01-07 02:00:00,2018-01-07,2,core,core,2018-01-07 02:00:00,,no_representative_state,1,normal
000001087,2018-01-07 03:00:00,2018-01-07,3,core,core,2018-01-07 03:00:00,,no_representative_state,1,normal
000001087,2018-01-07 04:00:00,2018-01-07,4,core,core,2018-01-07 04:00:00,,multi_a_region,2,normal
000001087,2018-01-07 04:00:00,2018-01-07,4,near,near,2018-01-07 04:00:00,,multi_a_region,2,normal
000001087,2018-01-07 05:00:00,2018-01-07,5,core,core,2018-01-07 05:00:00,,multi_a_region,2,normal
000001087,2018-01-07 05:00:00,2018-01-07,5,near,near,2018-01-07 05:00:00,,multi_a_region,2,normal
000001087,2018-01-07 09:00:00,2018-01-07,9,core,core,2018-01-07 09:00:00,,no_representative_state,1,normal
000001087,2018-01-07 10:00:00,2018-01-07,10,core,core,2018-01-07 10:00:00,,no_representative_state,1,normal
000001087,2018-01-07 14:00:00,2018-01-07,14,core,core,2018-01-07 14:00:00,,no_representative_state,1,normal
000001087,2018-01-07 15:00:00,2018-01-07,15,core,core,2018-01-07 15:00:00,,no_representative_state,1,normal
000001087,2018-01-07 16:00:00,2018-01-07,16,core,core,2018-01-07 16:00:00,,no_representative_state,1,normal
000001087,2018-01-07 17:00:00,2018-01-07,17,core,core,2018-01-07 17:00:00,,multi_a_region,2,normal
000001087,2018-01-07 17:00:00,2018-01-07,17,near,near,2018-01-07 17:00:00,,multi_a_region,2,normal
000001087,2018-01-07 18:00:00,2018-01-07,18,core,core,2018-01-07 18:00:00,,no_representative_state,1,normal
000001087,2018-01-07 19:00:00,2018-01-07,19,core,core,2018-01-07 19:00:00,,no_representative_state,1,normal
000001087,2018-01-07 21:00:00,2018-01-07,21,core,core,2018-01-07 21:00:00,,no_representative_state,1,normal
000001087,2018-01-08 02:00:00,2018-01-08,2,core,core,2018-01-08 02:00:00,,no_representative_state,1,normal
000001087,2018-01-08 03:00:00,2018-01-08,3,core,core,2018-01-08 03:00:00,,no_representative_state,1,normal
000001087,2018-01-08 07:00:00,2018-01-08,7,core,core,2018-01-08 07:00:00,,multi_a_region,2,normal
000001087,2018-01-08 07:00:00,2018-01-08,7,near,near,2018-01-08 07:00:00,,multi_a_region,2,normal
000001087,2018-01-08 08:00:00,2018-01-08,8,core,core,2018-01-08 08:00:00,,multi_a_region,2,normal
000001087,2018-01-08 08:00:00,2018-01-08,8,near,near,2018-01-08 08:00:00,,multi_a_region,2,normal
000001087,2018-01-08 11:00:00,2018-01-08,11,core,core,2018-01-08 11:00:00,,no_representative_state,1,normal
000001087,2018-01-08 14:00:00,2018-01-08,14,core,core,2018-01-08 14:00:00,,no_representative_state,1,normal
000001087,2018-01-08 16:00:00,2018-01-08,16,core,core,2018-01-08 16:00:00,,no_representative_state,1,normal
000001087,2018-01-08 17:00:00,2018-01-08,17,core,core,2018-01-08 17:00:00,,multi_a_region,2,normal
000001087,2018-01-08 17:00:00,2018-01-08,17,near,near,2018-01-08 17:00:00,,multi_a_region,2,normal
000001087,2018-01-08 19:00:00,2018-01-08,19,core,core,2018-01-08 19:00:00,,no_representative_state,1,normal
000001087,2018-01-08 20:00:00,2018-01-08,20,core,core,2018-01-08 20:00:00,,no_representative_state,1,normal
000001087,2018-01-08 23:00:00,2018-01-08,23,core,core,2018-01-08 23:00:00,,no_representative_state,1,normal
000001087,2018-01-09 00:00:00,2018-01-09,0,core,core,2018-01-09 00:00:00,,no_representative_state,1,normal
000001087,2018-01-09 01:00:00,2018-01-09,1,core,core,2018-01-09 01:00:00,,no_representative_state,1,normal
000001087,2018-01-09 09:00:00,2018-01-09,9,core,core,2018-01-09 09:00:00,,multi_a_region,2,normal
000001087,2018-01-09 09:00:00,2018-01-09,9,near,near,2018-01-09 09:00:00,,multi_a_region,2,normal
000001087,2018-01-09 11:00:00,2018-01-09,11,core,core,2018-01-09 11:00:00,,multi_a_region,2,normal
000001087,2018-01-09 11:00:00,2018-01-09,11,near,near,2018-01-09 11:00:00,,multi_a_region,2,normal
000001087,2018-01-09 12:00:00,2018-01-09,12,core,core,2018-01-09 12:00:00,,no_representative_state,1,normal
000001087,2018-01-09 17:00:00,2018-01-09,17,core,core,2018-01-09 17:00:00,,no_representative_state,1,normal
000001087,2018-01-09 18:00:00,2018-01-09,18,core,core,2018-01-09 18:00:00,,multi_a_region,2,normal
000001087,2018-01-09 18:00:00,2018-01-09,18,near,near,2018-01-09 18:00:00,,multi_a_region,2,normal
000001087,2018-01-09 19:00:00,2018-01-09,19,core,core,2018-01-09 19:00:00,,no_representative_state,1,normal
000001087,2018-01-09 20:00:00,2018-01-09,20,core,core,2018-01-09 20:00:00,,no_representative_state,1,normal
000001087,2018-01-10 03:00:00,2018-01-10,3,core,core,2018-01-10 03:00:00,,multi_a_region,2,normal
000001087,2018-01-10 03:00:00,2018-01-10,3,near,near,2018-01-10 03:00:00,,multi_a_region,2,normal
000001087,2018-01-10 04:00:00,2018-01-10,4,core,core,2018-01-10 04:00:00,,multi_a_region,2,normal
000001087,2018-01-10 04:00:00,2018-01-10,4,near,near,2018-01-10 04:00:00,,multi_a_region,2,normal
000001087,2018-01-10 12:00:00,2018-01-10,12,core,core,2018-01-10 12:00:00,,multi_a_region,2,normal
000001087,2018-01-10 12:00:00,2018-01-10,12,near,near,2018-01-10 12:00:00,,multi_a_region,2,normal
000001087,2018-01-10 13:00:00,2018-01-10,13,core,core,2018-01-10 13:00:00,,no_representative_state,1,normal
000001087,2018-01-10 14:00:00,2018-01-10,14,core,core,2018-01-10 14:00:00,,no_representative_state,1,normal
000001087,2018-01-10 15:00:00,2018-01-10,15,core,core,2018-01-10 15:00:00,,no_representative_state,1,normal
000001087,2018-01-10 22:00:00,2018-01-10,22,core,core,2018-01-10 22:00:00,,no_representative_state,1,normal
000001087,2018-01-10 23:00:00,2018-01-10,23,core,core,2018-01-10 23:00:00,,no_representative_state,1,normal
000001087,2018-01-11 07:00:00,2018-01-11,7,core,core,2018-01-11 07:00:00,,no_representative_state,1,normal
000001087,2018-01-11 11:00:00,2018-01-11,11,core,core,2018-01-11 11:00:00,,no_representative_state,1,normal
000001087,2018-01-11 13:00:00,2018-01-11,13,core,core,2018-01-11 13:00:00,,no_representative_state,1,normal
000001087,2018-01-11 19:00:00,2018-01-11,19,core,core,2018-01-11 19:00:00,,multi_a_region,2,normal
000001087,2018-01-11 19:00:00,2018-01-11,19,near,near,2018-01-11 19:00:00,,multi_a_region,2,normal
000001087,2018-01-11 20:00:00,2018-01-11,20,core,core,2018-01-11 20:00:00,,multi_a_region,2,normal
000001087,2018-01-11 20:00:00,2018-01-11,20,near,near,2018-01-11 20:00:00,,multi_a_region,2,normal
000001087,2018-01-11 23:00:00,2018-01-11,23,core,core,2018-01-11 23:00:00,,no_representative_state,1,normal
000001087,2018-01-12 00:00:00,2018-01-12,0,core,core,2018-01-12 00:00:00,,no_representative_state,1,reduced
000001087,2018-01-12 02:00:00,2018-01-12,2,core,core,2018-01-12 02:00:00,,no_representative_state,1,reduced
000001087,2018-01-12 03:00:00,2018-01-12,3,core,core,2018-01-12 03:00:00,,multi_a_region,2,reduced
000001087,2018-01-12 03:00:00,2018-01-12,3,near,near,2018-01-12 03:00:00,,multi_a_region,2,reduced
000001087,2018-01-12 06:00:00,2018-01-12,6,core,core,2018-01-12 06:00:00,,no_representative_state,1,reduced
000001087,2018-01-12 11:00:00,2018-01-12,11,core,core,2018-01-12 11:00:00,,no_representative_state,1,reduced
000001087,2018-01-12 15:00:00,2018-01-12,15,core,core,2018-01-12 15:00:00,,no_representative_state,1,reduced
000001087,2018-01-12 16:00:00,2018-01-12,16,core,core,2018-01-12 16:00:00,,no_representative_state,1,reduced
000001087,2018-01-12 17:00:00,2018-01-12,17,core,core,2018-01-12 17:00:00,,multi_a_region,2,reduced
000001087,2018-01-12 17:00:00,2018-01-12,17,near,near,2018-01-12 17:00:00,,multi_a_region,2,reduced
000001087,2018-01-12 18:00:00,2018-01-12,18,core,core,2018-01-12 18:00:00,,no_representative_state,1,reduced
000001087,2018-01-12 22:00:00,2018-01-12,22,core,core,2018-01-12 22:00:00,,no_representative_state,1,reduced
000001087,2018-01-13 05:00:00,2018-01-13,5,core,core,2018-01-13 05:00:00,,multi_a_region,2,outage
000001087,2018-01-13 05:00:00,2018-01-13,5,near,near,2018-01-13 05:00:00,,multi_a_region,2,outage
000001087,2018-01-13 10:00:00,2018-01-13,10,core,core,2018-01-13 10:00:00,,no_representative_state,1,outage
000001087,2018-01-13 12:00:00,2018-01-13,12,core,core,2018-01-13 12:00:00,,no_representative_state,1,outage
000001087,2018-01-13 14:00:00,2018-01-13,14,core,core,2018-01-13 14:00:00,,multi_a_region,2,outage
000001087,2018-01-13 14:00:00,2018-01-13,14,near,near,2018-01-13 14:00:00,,multi_a_region,2,outage
000001087,2018-01-13 15:00:00,2018-01-13,15,core,core,2018-01-13 15:00:00,,no_representative_state,1,outage
000001087,2018-01-13 17:00:00,2018-01-13,17,core,core,2018-01-13 17:00:00,,no_representative_state,1,outage
000001087,2018-01-13 18:00:00,2018-01-13,18,core,core,2018-01-13 18:00:00,,no_representative_state,1,outage
000001087,2018-01-13 19:00:00,2018-01-13,19,core,core,2018-01-13 19:00:00,,multi_a_region,2,outage
000001087,2018-01-13 19:00:00,2018-01-13,19,near,near,2018-01-13 19:00:00,,multi_a_region,2,outage
000001087,2018-01-13 20:00:00,2018-01-13,20,core,core,2018-01-13 20:00:00,,no_representative_state,1,outage
000001087,2018-01-13 23:00:00,2018-01-13,23,core,core,2018-01-13 23:00:00,,no_representative_state,1,outage
000001087,2018-01-14 02:00:00,2018-01-14,2,core,core,2018-01-14 02:00:00,,no_representative_state,1,outage
000001087,2018-01-14 04:00:00,2018-01-14,4,core,core,2018-01-14 04:00:00,,no_representative_state,1,outage
000001087,2018-01-14 05:00:00,2018-01-14,5,core,core,2018-01-14 05:00:00,,no_representative_state,1,outage
000001087,2018-01-15 10:00:00,2018-01-15,10,core,core,2018-01-15 10:00:00,,no_representative_state,1,outage
000001087,2018-01-15 11:00:00,2018-01-15,11,core,core,2018-01-15 11:00:00,,multi_a_region,2,outage
000001087,2018-01-15 11:00:00,2018-01-15,11,near,near,2018-01-15 11:00:00,,multi_a_region,2,outage
000001087,2018-01-15 15:00:00,2018-01-15,15,core,core,2018-01-15 15:00:00,,no_representative_state,1,outage
000001087,2018-01-15 19:00:00,2018-01-15,19,core,core,2018-01-15 19:00:00,,no_representative_state,1,outage
000001087,2018-01-15 22:00:00,2018-01-15,22,core,core,2018-01-15 22:00:00,,no_representative_state,1,outage
000001087,2018-01-16 02:00:00,2018-01-16,2,core,core,2018-01-16 02:00:00,,no_representative_state,1,outage
000001087,2018-01-16 11:00:00,2018-01-16,11,core,core,2018-01-16 11:00:00,,no_representative_state,1,outage
000001087,2018-01-16 12:00:00,2018-01-16,12,core,core,2018-01-16 12:00:00,,no_representative_state,1,outage
000001087,2018-01-16 14:00:00,2018-01-16,14,core,core,2018-01-16 14:00:00,,no_representative_state,1,outage
000001087,2018-01-16 15:00:00,2018-01-16,15,core,core,2018-01-16 15:00:00,,no_representative_state,1,outage
000001087,2018-01-16 18:00:00,2018-01-16,18,core,core,2018-01-16 18:00:00,,no_representative_state,1,outage
000001087,2018-01-16 19:00:00,2018-01-16,19,core,core,2018-01-16 19:00:00,,no_representative_state,1,outage
000001087,2018-01-17 03:00:00,2018-01-17,3,core,core,2018-01-17 03:00:00,,no_representative_state,1,severe
000001087,2018-01-17 07:00:00,2018-01-17,7,core,core,2018-01-17 07:00:00,,no_representative_state,1,severe
000001087,2018-01-17 10:00:00,2018-01-17,10,core,core,2018-01-17 10:00:00,,no_representative_state,1,severe
000001087,2018-01-18 08:00:00,2018-01-18,8,core,core,2018-01-18 08:00:00,,no_representative_state,1,severe
000001087,2018-01-18 11:00:00,2018-01-18,11,core,core,2018-01-18 11:00:00,,no_representative_state,1,severe
000001087,2018-01-18 14:00:00,2018-01-18,14,core,core,2018-01-18 14:00:00,,multi_a_region,2,severe
000001087,2018-01-18 14:00:00,2018-01-18,14,near,near,2018-01-18 14:00:00,,multi_a_region,2,severe
000001087,2018-01-18 17:00:00,2018-01-18,17,core,core,2018-01-18 17:00:00,,no_representative_state,1,severe
000001087,2018-01-18 18:00:00,2018-01-18,18,core,core,2018-01-18 18:00:00,,no_representative_state,1,severe
000001087,2018-01-18 19:00:00,2018-01-18,19,core,core,2018-01-18 19:00:00,,no_representative_state,1,severe
000001087,2018-01-18 22:00:00,2018-01-18,22,core,core,2018-01-18 22:00:00,,no_representative_state,1,severe
000001087,2018-01-19 08:00:00,2018-01-19,8,core,core,2018-01-19 08:00:00,,no_representative_state,1,normal
000001087,2018-01-19 10:00:00,2018-01-19,10,core,core,2018-01-19 10:00:00,,no_representative_state,1,normal
000001087,2018-01-19 11:00:00,2018-01-19,11,core,core,2018-01-19 11:00:00,,no_representative_state,1,normal
000001087,2018-01-19 14:00:00,2018-01-19,14,core,core,2018-01-19 14:00:00,,no_representative_state,1,normal
000001087,2018-01-19 15:00:00,2018-01-19,15,core,core,2018-01-19 15:00:00,,no_representative_state,1,normal
000001087,2018-01-19 16:00:00,2018-01-19,16,core,core,2018-01-19 16:00:00,,multi_a_region,2,normal
000001087,2018-01-19 16:00:00,2018-01-19,16,near,near,2018-01-19 16:00:00,,multi_a_region,2,normal
000001087,2018-01-19 17:00:00,2018-01-19,17,core,core,2018-01-19 17:00:00,,multi_a_region,2,normal
000001087,2018-01-19 17:00:00,2018-01-19,17,near,near,2018-01-19 17:00:00,,multi_a_region,2,normal
000001087,2018-01-19 22:00:00,2018-01-19,22,core,core,2018-01-19 22:00:00,,no_representative_state,1,normal
000001087,2018-01-19 23:00:00,2018-01-19,23,core,core,2018-01-19 23:00:00,,no_representative_state,1,normal
000001087,2018-01-20 02:00:00,2018-01-20,2,core,core,2018-01-20 02:00:00,,no_representative_state,1,normal
000001087,2018-01-20 11:00:00,2018-01-20,11,core,core,2018-01-20 11:00:00,,multi_a_region,2,normal
000001087,2018-01-20 11:00:00,2018-01-20,11,near,near,2018-01-20 11:00:00,,multi_a_region,2,normal
000001087,2018-01-20 12:00:00,2018-01-20,12,core,core,2018-01-20 12:00:00,,no_representative_state,1,normal
000001087,2018-01-20 15:00:00,2018-01-20,15,core,core,2018-01-20 15:00:00,,no_representative_state,1,normal
000001087,2018-01-20 16:00:00,2018-01-20,16,core,core,2018-01-20 16:00:00,,no_representative_state,1,normal
000001087,2018-01-20 19:00:00,2018-01-20,19,core,core,2018-01-20 19:00:00,,no_representative_state,1,normal
000001087,2018-01-20 20:00:00,2018-01-20,20,core,core,2018-01-20 20:00:00,,multi_a_region,2,normal
000001087,2018-01-20 20:00:00,2018-01-20,20,near,near,2018-01-20 20:00:00,,multi_a_region,2,normal
000001087,2018-01-21 03:00:00,2018-01-21,3,core,core,2018-01-21 03:00:00,,multi_a_region,2,normal
000001087,2018-01-21 03:00:00,2018-01-21,3,near,near,2018-01-21 03:00:00,,multi_a_region,2,normal
000001087,2018-01-21 04:00:00,2018-01-21,4,core,core,2018-01-21 04:00:00,,multi_a_region,2,normal
000001087,2018-01-21 04:00:00,2018-01-21,4,near,near,2018-01-21 04:00:00,,multi_a_region,2,normal
000001087,2018-01-21 07:00:00,2018-01-21,7,core,core,2018-01-21 07:00:00,,no_representative_state,1,normal
000001087,2018-01-21 08:00:00,2018-01-21,8,core,core,2018-01-21 08:00:00,,no_representative_state,1,normal
000001087,2018-01-21 09:00:00,2018-01-21,9,core,core,2018-01-21 09:00:00,,multi_a_region,2,normal
000001087,2018-01-21 09:00:00,2018-01-21,9,near,near,2018-01-21 09:00:00,,multi_a_region,2,normal
000001087,2018-01-21 10:00:00,2018-01-21,10,core,core,2018-01-21 10:00:00,,multi_a_region,2,normal
000001087,2018-01-21 10:00:00,2018-01-21,10,near,near,2018-01-21 10:00:00,,multi_a_region,2,normal
000001087,2018-01-21 12:00:00,2018-01-21,12,core,core,2018-01-21 12:00:00,,multi_a_region,2,normal
000001087,2018-01-21 12:00:00,2018-01-21,12,near,near,2018-01-21 12:00:00,,multi_a_region,2,normal
000001087,2018-01-21 13:00:00,2018-01-21,13,core,core,2018-01-21 13:00:00,,no_representative_state,1,normal
000001087,2018-01-21 16:00:00,2018-01-21,16,core,core,2018-01-21 16:00:00,,no_representative_state,1,normal
000001087,2018-01-21 17:00:00,2018-01-21,17,core,core,2018-01-21 17:00:00,,no_representative_state,1,normal
000001087,2018-01-21 18:00:00,2018-01-21,18,core,core,2018-01-21 18:00:00,,no_representative_state,1,normal
000001087,2018-01-21 19:00:00,2018-01-21,19,core,core,2018-01-21 19:00:00,,no_representative_state,1,normal
000001087,2018-01-21 20:00:00,2018-01-21,20,core,core,2018-01-21 20:00:00,,no_representative_state,1,normal
000001087,2018-01-21 22:00:00,2018-01-21,22,core,core,2018-01-21 22:00:00,,no_representative_state,1,normal
000001087,2018-01-21 23:00:00,2018-01-21,23,core,core,2018-01-21 23:00:00,,multi_a_region,2,normal
000001087,2018-01-21 23:00:00,2018-01-21,23,near,near,2018-01-21 23:00:00,,multi_a_region,2,normal
000001087,2018-01-22 07:00:00,2018-01-22,7,core,core,2018-01-22 07:00:00,,no_representative_state,1,normal
000001087,2018-01-22 08:00:00,2018-01-22,8,core,core,2018-01-22 08:00:00,,no_representative_state,1,normal
000001087,2018-01-22 10:00:00,2018-01-22,10,core,core,2018-01-22 10:00:00,,no_representative_state,1,normal
000001087,2018-01-22 12:00:00,2018-01-22,12,core,core,2018-01-22 12:00:00,,no_representative_state,1,normal
000001087,2018-01-22 17:00:00,2018-01-22,17,core,core,2018-01-22 17:00:00,,no_representative_state,1,normal
000001087,2018-01-22 19:00:00,2018-01-22,19,core,core,2018-01-22 19:00:00,,multi_a_region,2,normal
000001087,2018-01-22 19:00:00,2018-01-22,19,near,near,2018-01-22 19:00:00,,multi_a_region,2,normal
000001087,2018-01-22 20:00:00,2018-01-22,20,core,core,2018-01-22 20:00:00,,no_representative_state,1,normal
000001087,2018-01-22 23:00:00,2018-01-22,23,core,core,2018-01-22 23:00:00,,multi_a_region,2,normal
000001087,2018-01-22 23:00:00,2018-01-22,23,near,near,2018-01-22 23:00:00,,multi_a_region,2,normal
000001087,2018-01-23 00:00:00,2018-01-23,0,core,core,2018-01-23 00:00:00,,multi_a_region,2,normal
000001087,2018-01-23 00:00:00,2018-01-23,0,near,near,2018-01-23 00:00:00,,multi_a_region,2,normal
000001087,2018-01-23 02:00:00,2018-01-23,2,core,core,2018-01-23 02:00:00,,no_representative_state,1,normal
000001087,2018-01-23 03:00:00,2018-01-23,3,core,core,2018-01-23 03:00:00,,multi_a_region,2,normal
000001087,2018-01-23 03:00:00,2018-01-23,3,near,near,2018-01-23 03:00:00,,multi_a_region,2,normal
000001087,2018-01-23 09:00:00,2018-01-23,9,core,core,2018-01-23 09:00:00,,no_representative_state,1,normal
000001087,2018-01-23 10:00:00,2018-01-23,10,core,core,2018-01-23 10:00:00,,no_representative_state,1,normal
000001087,2018-01-23 11:00:00,2018-01-23,11,core,core,2018-01-23 11:00:00,,no_representative_state,1,normal
000001087,2018-01-23 14:00:00,2018-01-23,14,core,core,2018-01-23 14:00:00,,no_representative_state,1,normal
000001087,2018-01-23 18:00:00,2018-01-23,18,core,core,2018-01-23 18:00:00,,multi_a_region,2,normal
000001087,2018-01-23 18:00:00,2018-01-23,18,near,near,2018-01-23 18:00:00,,multi_a_region,2,normal
000001087,2018-01-23 19:00:00,2018-01-23,19,core,core,2018-01-23 19:00:00,,multi_a_region,2,normal
000001087,2018-01-23 19:00:00,2018-01-23,19,near,near,2018-01-23 19:00:00,,multi_a_region,2,normal
000001087,2018-01-23 20:00:00,2018-01-23,20,core,core,2018-01-23 20:00:00,,no_representative_state,1,normal
000001087,2018-01-23 23:00:00,2018-01-23,23,core,core,2018-01-23 23:00:00,,no_representative_state,1,normal
000001087,2018-01-24 00:00:00,2018-01-24,0,core,core,2018-01-24 00:00:00,,no_representative_state,1,normal
000001087,2018-01-24 11:00:00,2018-01-24,11,core,core,2018-01-24 11:00:00,,multi_a_region,2,normal
000001087,2018-01-24 11:00:00,2018-01-24,11,near,near,2018-01-24 11:00:00,,multi_a_region,2,normal
000001087,2018-01-24 12:00:00,2018-01-24,12,core,core,2018-01-24 12:00:00,,multi_a_region,2,normal
000001087,2018-01-24 12:00:00,2018-01-24,12,near,near,2018-01-24 12:00:00,,multi_a_region,2,normal
000001087,2018-01-24 14:00:00,2018-01-24,14,core,core,2018-01-24 14:00:00,,no_representative_state,1,normal
000001087,2018-01-24 15:00:00,2018-01-24,15,core,core,2018-01-24 15:00:00,,multi_a_region,2,normal
000001087,2018-01-24 15:00:00,2018-01-24,15,near,near,2018-01-24 15:00:00,,multi_a_region,2,normal
000001087,2018-01-24 19:00:00,2018-01-24,19,core,core,2018-01-24 19:00:00,,multi_a_region,2,normal
000001087,2018-01-24 19:00:00,2018-01-24,19,near,near,2018-01-24 19:00:00,,multi_a_region,2,normal
000001087,2018-01-24 20:00:00,2018-01-24,20,core,core,2018-01-24 20:00:00,,no_representative_state,1,normal
000001087,2018-01-24 21:00:00,2018-01-24,21,core,core,2018-01-24 21:00:00,,no_representative_state,1,normal
000001087,2018-01-24 22:00:00,2018-01-24,22,core,core,2018-01-24 22:00:00,,multi_a_region,2,normal
000001087,2018-01-24 22:00:00,2018-01-24,22,near,near,2018-01-24 22:00:00,,multi_a_region,2,normal
000001087,2018-01-24 23:00:00,2018-01-24,23,core,core,2018-01-24 23:00:00,,multi_a_region,2,normal
000001087,2018-01-24 23:00:00,2018-01-24,23,near,near,2018-01-24 23:00:00,,multi_a_region,2,normal
000001098,2018-01-01 07:00:00,2018-01-01,7,near,near,2018-01-01 07:00:00,,no_representative_state,1,normal
000001098,2018-01-01 10:00:00,2018-01-01,10,near,near,2018-01-01 10:00:00,,no_representative_state,1,normal
000001098,2018-01-01 11:00:00,2018-01-01,11,core,core,2018-01-01 11:00:00,,multi_a_region,2,normal
000001098,2018-01-01 11:00:00,2018-01-01,11,near,near,2018-01-01 11:00:00,,multi_a_region,2,normal
000001098,2018-01-01 14:00:00,2018-01-01,14,core,core,2018-01-01 14:00:00,,multi_a_region,2,normal
000001098,2018-01-01 14:00:00,2018-01-01,14,near,near,2018-01-01 14:00:00,,multi_a_region,2,normal
000001098,2018-01-01 15:00:00,2018-01-01,15,near,near,2018-01-01 15:00:00,,no_representative_state,1,normal
000001098,2018-01-01 18:00:00,2018-01-01,18,near,near,2018-01-01 18:00:00,,no_representative_state,1,normal
000001098,2018-01-01 19:00:00,2018-01-01,19,near,near,2018-01-01 19:00:00,,no_representative_state,1,normal
000001098,2018-01-01 22:00:00,2018-01-01,22,core,core,2018-01-01 22:00:00,,multi_a_region,2,normal
000001098,2018-01-01 22:00:00,2018-01-01,22,near,near,2018-01-01 22:00:00,,multi_a_region,2,normal
000001098,2018-01-01 23:00:00,2018-01-01,23,near,near,2018-01-01 23:00:00,,no_representative_state,1,normal
000001098,2018-01-02 02:00:00,2018-01-02,2,near,near,2018-01-02 02:00:00,,no_representative_state,1,normal
000001098,2018-01-02 03:00:00,2018-01-02,3,near,near,2018-01-02 03:00:00,,no_representative_state,1,normal
000001098,2018-01-02 07:00:00,2018-01-02,7,near,near,2018-01-02 07:00:00,,no_representative_state,1,normal
000001098,2018-01-02 08:00:00,2018-01-02,8,near,near,2018-01-02 08:00:00,,no_representative_state,1,normal
000001098,2018-01-02 10:00:00,2018-01-02,10,core,core,2018-01-02 10:00:00,,multi_a_region,2,normal
000001098,2018-01-02 10:00:00,2018-01-02,10,near,near,2018-01-02 10:00:00,,multi_a_region,2,normal
000001098,2018-01-02 11:00:00,2018-01-02,11,near,near,2018-01-02 11:00:00,,no_representative_state,1,normal
000001098,2018-01-02 18:00:00,2018-01-02,18,core,core,2018-01-02 18:00:00,,multi_a_region,2,normal
000001098,2018-01-02 18:00:00,2018-01-02,18,near,near,2018-01-02 18:00:00,,multi_a_region,2,normal
000001098,2018-01-02 19:00:00,2018-01-02,19,near,near,2018-01-02 19:00:00,,no_representative_state,1,normal
000001098,2018-01-02 21:00:00,2018-01-02,21,core,core,2018-01-02 21:00:00,,multi_a_region,2,normal
000001098,2018-01-02 21:00:00,2018-01-02,21,near,near,2018-01-02 21:00:00,,multi_a_region,2,normal
000001098,2018-01-02 22:00:00,2018-01-02,22,core,core,2018-01-02 22:00:00,,no_representative_state,1,normal
000001098,2018-01-02 23:00:00,2018-01-02,23,core,core,2018-01-02 23:00:00,,no_representative_state,1,normal
000001098,2018-01-03 01:00:00,2018-01-03,1,core,core,2018-01-03 01:00:00,,no_representative_state,1,normal
000001098,2018-01-03 02:00:00,2018-01-03,2,core,core,2018-01-03 02:00:00,,no_representative_state,1,normal
000001098,2018-01-03 05:00:00,2018-01-03,5,core,core,2018-01-03 05:00:00,,no_representative_state,1,normal
000001098,2018-01-03 06:00:00,2018-01-03,6,core,core,2018-01-03 06:00:00,,multi_a_region,2,normal
000001098,2018-01-03 06:00:00,2018-01-03,6,near,near,2018-01-03 06:00:00,,multi_a_region,2,normal
000001098,2018-01-03 09:00:00,2018-01-03,9,core,core,2018-01-03 09:00:00,,multi_a_region,2,normal
000001098,2018-01-03 09:00:00,2018-01-03,9,near,near,2018-01-03 09:00:00,,multi_a_region,2,normal
000001098,2018-01-03 10:00:00,2018-01-03,10,core,core,2018-01-03 10:00:00,,multi_a_region,2,normal
000001098,2018-01-03 10:00:00,2018-01-03,10,near,near,2018-01-03 10:00:00,,multi_a_region,2,normal
000001098,2018-01-03 14:00:00,2018-01-03,14,core,core,2018-01-03 14:00:00,,multi_a_region,2,normal
000001098,2018-01-03 14:00:00,2018-01-03,14,near,near,2018-01-03 14:00:00,,multi_a_region,2,normal
000001098,2018-01-03 15:00:00,2018-01-03,15,core,core,2018-01-03 15:00:00,,multi_a_region,2,normal
000001098,2018-01-03 15:00:00,2018-01-03,15,near,near,2018-01-03 15:00:00,,multi_a_region,2,normal
000001098,2018-01-03 19:00:00,2018-01-03,19,near,near,2018-01-03 19:00:00,,no_representative_state,1,normal
000001098,2018-01-03 20:00:00,2018-01-03,20,near,near,2018-01-03 20:00:00,,no_representative_state,1,normal
000001098,2018-01-03 21:00:00,2018-01-03,21,near,near,2018-01-03 21:00:00,,no_representative_state,1,normal
000001098,2018-01-03 22:00:00,2018-01-03,22,core,core,2018-01-03 22:00:00,,multi_a_region,2,normal
000001098,2018-01-03 22:00:00,2018-01-03,22,near,near,2018-01-03 22:00:00,,multi_a_region,2,normal
000001098,2018-01-04 00:00:00,2018-01-04,0,near,near,2018-01-04 00:00:00,,no_representative_state,1,normal
000001098,2018-01-04 11:00:00,2018-01-04,11,core,core,2018-01-04 11:00:00,,multi_a_region,2,normal
000001098,2018-01-04 11:00:00,2018-01-04,11,near,near,2018-01-04 11:00:00,,multi_a_region,2,normal
000001098,2018-01-04 12:00:00,2018-01-04,12,core,core,2018-01-04 12:00:00,,no_representative_state,1,normal
000001098,2018-01-04 13:00:00,2018-01-04,13,core,core,2018-01-04 13:00:00,,multi_a_region,2,normal
000001098,2018-01-04 13:00:00,2018-01-04,13,near,near,2018-01-04 13:00:00,,multi_a_region,2,normal
000001098,2018-01-04 15:00:00,2018-01-04,15,core,core,2018-01-04 15:00:00,,multi_a_region,2,normal
000001098,2018-01-04 15:00:00,2018-01-04,15,near,near,2018-01-04 15:00:00,,multi_a_region,2,normal
000001098,2018-01-04 16:00:00,2018-01-04,16,core,core,2018-01-04 16:00:00,,multi_a_region,2,normal
000001098,2018-01-04 16:00:00,2018-01-04,16,near,near,2018-01-04 16:00:00,,multi_a_region,2,normal
000001098,2018-01-04 19:00:00,2018-01-04,19,near,near,2018-01-04 19:00:00,,no_representative_state,1,normal
000001098,2018-01-05 02:00:00,2018-01-05,2,core,core,2018-01-05 02:00:00,,multi_a_region,2,normal
000001098,2018-01-05 02:00:00,2018-01-05,2,near,near,2018-01-05 02:00:00,,multi_a_region,2,normal
000001098,2018-01-05 03:00:00,2018-01-05,3,core,core,2018-01-05 03:00:00,,multi_a_region,2,normal
000001098,2018-01-05 03:00:00,2018-01-05,3,near,near,2018-01-05 03:00:00,,multi_a_region,2,normal
000001098,2018-01-05 10:00:00,2018-01-05,10,near,near,2018-01-05 10:00:00,,no_representative_state,1,normal
000001098,2018-01-05 11:00:00,2018-01-05,11,near,near,2018-01-05 11:00:00,,no_representative_state,1,normal
000001098,2018-01-05 18:00:00,2018-01-05,18,near,near,2018-01-05 18:00:00,,no_representative_state,1,normal
000001098,2018-01-05 23:00:00,2018-01-05,23,near,near,2018-01-05 23:00:00,,no_representative_state,1,normal
000001098,2018-01-06 02:00:00,2018-01-06,2,core,core,2018-01-06 02:00:00,,multi_a_region,2,normal
000001098,2018-01-06 02:00:00,2018-01-06,2,near,near,2018-01-06 02:00:00,,multi_a_region,2,normal
000001098,2018-01-06 03:00:00,2018-01-06,3,near,near,2018-01-06 03:00:00,,no_representative_state,1,normal
000001098,2018-01-06 07:00:00,2018-01-06,7,near,near,2018-01-06 07:00:00,,no_representative_state,1,normal
000001098,2018-01-06 08:00:00,2018-01-06,8,near,near,2018-01-06 08:00:00,,no_representative_state,1,normal
000001098,2018-01-06 09:00:00,2018-01-06,9,near,near,2018-01-06 09:00:00,,no_representative_state,1,normal
000001098,2018-01-06 10:00:00,2018-01-06,10,core,core,2018-01-06 10:00:00,,multi_a_region,2,normal
000001098,2018-01-06 10:00:00,2018-01-06,10,near,near,2018-01-06 10:00:00,,multi_a_region,2,normal
000001098,2018-01-06 11:00:00,2018-01-06,11,core,core,2018-01-06 11:00:00,,multi_a_region,2,normal
000001098,2018-01-06 11:00:00,2018-01-06,11,near,near,2018-01-06 11:00:00,,multi_a_region,2,normal
000001098,2018-01-06 21:00:00,2018-01-06,21,core,core,2018-01-06 21:00:00,,multi_a_region,2,normal
000001098,2018-01-06 21:00:00,2018-01-06,21,near,near,2018-01-06 21:00:00,,multi_a_region,2,normal
000001098,2018-01-06 22:00:00,2018-01-06,22,core,core,2018-01-06 22:00:00,,multi_a_region,2,normal
000001098,2018-01-06 22:00:00,2018-01-06,22,near,near,2018-01-06 22:00:00,,multi_a_region,2,normal
000001098,2018-01-07 03:00:00,2018-01-07,3,core,core,2018-01-07 03:00:00,,multi_a_region,2,normal
000001098,2018-01-07 03:00:00,2018-01-07,3,near,near,2018-01-07 03:00:00,,multi_a_region,2,normal
000001098,2018-01-07 04:00:00,2018-01-07,4,near,near,2018-01-07 04:00:00,,no_representative_state,1,normal
000001098,2018-01-07 09:00:00,2018-01-07,9,core,core,2018-01-07 09:00:00,,multi_a_region,2,normal
000001098,2018-01-07 09:00:00,2018-01-07,9,near,near,2018-01-07 09:00:00,,multi_a_region,2,normal
000001098,2018-01-07 10:00:00,2018-01-07,10,core,core,2018-01-07 10:00:00,,multi_a_region,2,normal
000001098,2018-01-07 10:00:00,2018-01-07,10,near,near,2018-01-07 10:00:00,,multi_a_region,2,normal
000001098,2018-01-07 11:00:00,2018-01-07,11,near,near,2018-01-07 11:00:00,,no_representative_state,1,normal
000001098,2018-01-07 12:00:00,2018-01-07,12,near,near,2018-01-07 12:00:00,,no_representative_state,1,normal
000001098,2018-01-07 15:00:00,2018-01-07,15,near,near,2018-01-07 15:00:00,,no_representative_state,1,normal
000001098,2018-01-07 16:00:00,2018-01-07,16,core,core,2018-01-07 16:00:00,,multi_a_region,2,normal
000001098,2018-01-07 16:00:00,2018-01-07,16,near,near,2018-01-07 16:00:00,,multi_a_region,2,normal
000001098,2018-01-07 17:00:00,2018-01-07,17,core,core,2018-01-07 17:00:00,,multi_a_region,2,normal
000001098,2018-01-07 17:00:00,2018-01-07,17,near,near,2018-01-07 17:00:00,,multi_a_region,2,normal
000001098,2018-01-07 21:00:00,2018-01-07,21,core,core,2018-01-07 21:00:00,,multi_a_region,2,normal
000001098,2018-01-07 21:00:00,2018-01-07,21,near,near,2018-01-07 21:00:00,,multi_a_region,2,normal
000001098,2018-01-07 22:00:00,2018-01-07,22,core,core,2018-01-07 22:00:00,,multi_a_region,2,normal
000001098,2018-01-07 22:00:00,2018-01-07,22,near,near,2018-01-07 22:00:00,,multi_a_region,2,normal
000001098,2018-01-08 02:00:00,2018-01-08,2,core,core,2018-01-08 02:00:00,,multi_a_region,2,normal
000001098,2018-01-08 02:00:00,2018-01-08,2,near,near,2018-01-08 02:00:00,,multi_a_region,2,normal
000001098,2018-01-08 03:00:00,2018-01-08,3,core,core,2018-01-08 03:00:00,,multi_a_region,2,normal
000001098,2018-01-08 03:00:00,2018-01-08,3,near,near,2018-01-08 03:00:00,,multi_a_region,2,normal
000001098,2018-01-08 10:00:00,2018-01-08,10,near,near,2018-01-08 10:00:00,,no_representative_state,1,normal
000001098,2018-01-08 11:00:00,2018-01-08,11,core,core,2018-01-08 11:00:00,,multi_a_region,2,normal
000001098,2018-01-08 11:00:00,2018-01-08,11,near,near,2018-01-08 11:00:00,,multi_a_region,2,normal
000001098,2018-01-09 15:00:00,2018-01-09,15,near,near,2018-01-09 15:00:00,,no_representative_state,1,normal
000001098,2018-01-09 16:00:00,2018-01-09,16,near,near,2018-01-09 16:00:00,,no_representative_state,1,normal
000001098,2018-01-09 18:00:00,2018-01-09,18,near,near,2018-01-09 18:00:00,,no_representative_state,1,normal
000001098,2018-01-09 19:00:00,2018-01-09,19,core,core,2018-01-09 19:00:00,,multi_a_region,2,normal
000001098,2018-01-09 19:00:00,2018-01-09,19,near,near,2018-01-09 19:00:00,,multi_a_region,2,normal
000001098,2018-01-09 20:00:00,2018-01-09,20,core,core,2018-01-09 20:00:00,,multi_a_region,2,normal
000001098,2018-01-09 20:00:00,2018-01-09,20,near,near,2018-01-09 20:00:00,,multi_a_region,2,normal
000001098,2018-01-09 23:00:00,2018-01-09,23,near,near,2018-01-09 23:00:00,,no_representative_state,1,normal
000001098,2018-01-10 03:00:00,2018-01-10,3,near,near,2018-01-10 03:00:00,,no_representative_state,1,normal
000001098,2018-01-10 04:00:00,2018-01-10,4,core,core,2018-01-10 04:00:00,,multi_a_region,2,normal
000001098,2018-01-10 04:00:00,2018-01-10,4,near,near,2018-01-10 04:00:00,,multi_a_region,2,normal
000001098,2018-01-10 19:00:00,2018-01-10,19,core,core,2018-01-10 19:00:00,,multi_a_region,2,normal
000001098,2018-01-10 19:00:00,2018-01-10,19,near,near,2018-01-10 19:00:00,,multi_a_region,2,normal
000001098,2018-01-10 20:00:00,2018-01-10,20,near,near,2018-01-10 20:00:00,,no_representative_state,1,normal
000001098,2018-01-11 10:00:00,2018-01-11,10,core,core,2018-01-11 10:00:00,,multi_a_region,2,normal
000001098,2018-01-11 10:00:00,2018-01-11,10,near,near,2018-01-11 10:00:00,,multi_a_region,2,normal
000001098,2018-01-11 11:00:00,2018-01-11,11,core,core,2018-01-11 11:00:00,,multi_a_region,2,normal
000001098,2018-01-11 11:00:00,2018-01-11,11,near,near,2018-01-11 11:00:00,,multi_a_region,2,normal
000001098,2018-01-11 14:00:00,2018-01-11,14,core,core,2018-01-11 14:00:00,,no_representative_state,1,normal
000001098,2018-01-11 17:00:00,2018-01-11,17,core,core,2018-01-11 17:00:00,,multi_a_region,2,normal
000001098,2018-01-11 17:00:00,2018-01-11,17,near,near,2018-01-11 17:00:00,,multi_a_region,2,normal
000001098,2018-01-11 22:00:00,2018-01-11,22,core,core,2018-01-11 22:00:00,,multi_a_region,2,normal
000001098,2018-01-11 22:00:00,2018-01-11,22,near,near,2018-01-11 22:00:00,,multi_a_region,2,normal
000001098,2018-01-11 23:00:00,2018-01-11,23,core,core,2018-01-11 23:00:00,,multi_a_region,2,normal
000001098,2018-01-11 23:00:00,2018-01-11,23,near,near,2018-01-11 23:00:00,,multi_a_region,2,normal
000001098,2018-01-12 06:00:00,2018-01-12,6,near,near,2018-01-12 06:00:00,,no_representative_state,1,reduced
000001098,2018-01-12 14:00:00,2018-01-12,14,core,core,2018-01-12 14:00:00,,multi_a_region,2,reduced
000001098,2018-01-12 14:00:00,2018-01-12,14,near,near,2018-01-12 14:00:00,,multi_a_region,2,reduced
000001098,2018-01-12 15:00:00,2018-01-12,15,near,near,2018-01-12 15:00:00,,no_representative_state,1,reduced
000001098,2018-01-12 18:00:00,2018-01-12,18,core,core,2018-01-12 18:00:00,,no_representative_state,1,reduced
000001098,2018-01-12 22:00:00,2018-01-12,22,core,core,2018-01-12 22:00:00,,multi_a_region,2,reduced
000001098,2018-01-12 22:00:00,2018-01-12,22,near,near,2018-01-12 22:00:00,,multi_a_region,2,reduced
000001098,2018-01-12 23:00:00,2018-01-12,23,core,core,2018-01-12 23:00:00,,no_representative_state,1,reduced
000001098,2018-01-13 01:00:00,2018-01-13,1,core,core,2018-01-13 01:00:00,,no_representative_state,1,outage
000001098,2018-01-13 02:00:00,2018-01-13,2,near,near,2018-01-13 02:00:00,,no_representative_state,1,outage
000001098,2018-01-13 05:00:00,2018-01-13,5,core,core,2018-01-13 05:00:00,,multi_a_region,2,outage
000001098,2018-01-13 05:00:00,2018-01-13,5,outer,outer,2018-01-13 05:00:00,,multi_a_region,2,outage
000001098,2018-01-13 06:00:00,2018-01-13,6,outer,outer,2018-01-13 06:00:00,,no_representative_state,1,outage
000001098,2018-01-13 07:00:00,2018-01-13,7,outer,outer,2018-01-13 07:00:00,,no_representative_state,1,outage
000001098,2018-01-13 10:00:00,2018-01-13,10,outer,outer,2018-01-13 10:00:00,,no_representative_state,1,outage
000001098,2018-01-13 11:00:00,2018-01-13,11,outer,outer,2018-01-13 11:00:00,,no_representative_state,1,outage
000001098,2018-01-13 12:00:00,2018-01-13,12,outer,outer,2018-01-13 12:00:00,,no_representative_state,1,outage
000001098,2018-01-13 13:00:00,2018-01-13,13,outer,outer,2018-01-13 13:00:00,,no_representative_state,1,outage
000001098,2018-01-13 14:00:00,2018-01-13,14,outer,outer,2018-01-13 14:00:00,,no_representative_state,1,outage
000001098,2018-01-13 15:00:00,2018-01-13,15,near,near,2018-01-13 15:00:00,,no_representative_state,1,outage
000001098,2018-01-13 17:00:00,2018-01-13,17,core,core,2018-01-13 17:00:00,,multi_a_region,2,outage
000001098,2018-01-13 17:00:00,2018-01-13,17,near,near,2018-01-13 17:00:00,,multi_a_region,2,outage
000001098,2018-01-13 19:00:00,2018-01-13,19,near,near,2018-01-13 19:00:00,,no_representative_state,1,outage
000001098,2018-01-14 07:00:00,2018-01-14,7,near,near,2018-01-14 07:00:00,,no_representative_state,1,outage
000001098,2018-01-14 09:00:00,2018-01-14,9,near,near,2018-01-14 09:00:00,,no_representative_state,1,outage
000001098,2018-01-14 11:00:00,2018-01-14,11,core,core,2018-01-14 11:00:00,,no_representative_state,1,outage
000001098,2018-01-15 09:00:00,2018-01-15,9,near,near,2018-01-15 09:00:00,,no_representative_state,1,outage
000001098,2018-01-15 10:00:00,2018-01-15,10,core,core,2018-01-15 10:00:00,,multi_a_region,2,outage
000001098,2018-01-15 10:00:00,2018-01-15,10,near,near,2018-01-15 10:00:00,,multi_a_region,2,outage
000001098,2018-01-15 19:00:00,2018-01-15,19,core,core,2018-01-15 19:00:00,,no_representative_state,1,outage
000001098,2018-01-15 22:00:00,2018-01-15,22,core,core,2018-01-15 22:00:00,,no_representative_state,1,outage
000001098,2018-01-16 09:00:00,2018-01-16,9,near,near,2018-01-16 09:00:00,,no_representative_state,1,outage
000001098,2018-01-16 10:00:00,2018-01-16,10,near,near,2018-01-16 10:00:00,,no_representative_state,1,outage
000001098,2018-01-16 11:00:00,2018-01-16,11,core,core,2018-01-16 11:00:00,,multi_a_region,2,outage
000001098,2018-01-16 11:00:00,2018-01-16,11,near,near,2018-01-16 11:00:00,,multi_a_region,2,outage
000001098,2018-01-16 14:00:00,2018-01-16,14,core,core,2018-01-16 14:00:00,,multi_a_region,2,outage
000001098,2018-01-16 14:00:00,2018-01-16,14,near,near,2018-01-16 14:00:00,,multi_a_region,2,outage
000001098,2018-01-16 15:00:00,2018-01-16,15,core,core,2018-01-16 15:00:00,,no_representative_state,1,outage
000001098,2018-01-16 17:00:00,2018-01-16,17,near,near,2018-01-16 17:00:00,,no_representative_state,1,outage
000001098,2018-01-16 18:00:00,2018-01-16,18,core,core,2018-01-16 18:00:00,,no_representative_state,1,outage
000001098,2018-01-16 19:00:00,2018-01-16,19,near,near,2018-01-16 19:00:00,,no_representative_state,1,outage
000001098,2018-01-17 06:00:00,2018-01-17,6,near,near,2018-01-17 06:00:00,,no_representative_state,1,severe
000001098,2018-01-17 07:00:00,2018-01-17,7,near,near,2018-01-17 07:00:00,,no_representative_state,1,severe
000001098,2018-01-17 10:00:00,2018-01-17,10,near,near,2018-01-17 10:00:00,,no_representative_state,1,severe
000001098,2018-01-17 15:00:00,2018-01-17,15,near,near,2018-01-17 15:00:00,,no_representative_state,1,severe
000001098,2018-01-17 18:00:00,2018-01-17,18,core,core,2018-01-17 18:00:00,,no_representative_state,1,severe
000001098,2018-01-18 06:00:00,2018-01-18,6,core,core,2018-01-18 06:00:00,,no_representative_state,1,severe
000001098,2018-01-18 08:00:00,2018-01-18,8,core,core,2018-01-18 08:00:00,,multi_a_region,2,severe
000001098,2018-01-18 08:00:00,2018-01-18,8,near,near,2018-01-18 08:00:00,,multi_a_region,2,severe
000001098,2018-01-18 11:00:00,2018-01-18,11,near,near,2018-01-18 11:00:00,,no_representative_state,1,severe
000001098,2018-01-18 14:00:00,2018-01-18,14,core,core,2018-01-18 14:00:00,,multi_a_region,2,severe
000001098,2018-01-18 14:00:00,2018-01-18,14,near,near,2018-01-18 14:00:00,,multi_a_region,2,severe
000001098,2018-01-18 19:00:00,2018-01-18,19,core,core,2018-01-18 19:00:00,,multi_a_region,2,severe
000001098,2018-01-18 19:00:00,2018-01-18,19,near,near,2018-01-18 19:00:00,,multi_a_region,2,severe
000001098,2018-01-18 22:00:00,2018-01-18,22,near,near,2018-01-18 22:00:00,,no_representative_state,1,severe
000001098,2018-01-18 23:00:00,2018-01-18,23,near,near,2018-01-18 23:00:00,,no_representative_state,1,severe
000001098,2018-01-19 00:00:00,2018-01-19,0,near,near,2018-01-19 00:00:00,,no_representative_state,1,normal
000001098,2018-01-19 06:00:00,2018-01-19,6,near,near,2018-01-19 06:00:00,,no_representative_state,1,normal
000001098,2018-01-19 10:00:00,2018-01-19,10,near,near,2018-01-19 10:00:00,,no_representative_state,1,normal
000001098,2018-01-19 11:00:00,2018-01-19,11,near,near,2018-01-19 11:00:00,,no_representative_state,1,normal
000001098,2018-01-19 13:00:00,2018-01-19,13,core,core,2018-01-19 13:00:00,,multi_a_region,2,normal
000001098,2018-01-19 13:00:00,2018-01-19,13,near,near,2018-01-19 13:00:00,,multi_a_region,2,normal
000001098,2018-01-19 14:00:00,2018-01-19,14,core,core,2018-01-19 14:00:00,,multi_a_region,2,normal
000001098,2018-01-19 14:00:00,2018-01-19,14,near,near,2018-01-19 14:00:00,,multi_a_region,2,normal
000001098,2018-01-19 17:00:00,2018-01-19,17,core,core,2018-01-19 17:00:00,,multi_a_region,2,normal
000001098,2018-01-19 17:00:00,2018-01-19,17,near,near,2018-01-19 17:00:00,,multi_a_region,2,normal
000001098,2018-01-20 01:00:00,2018-01-20,1,near,near,2018-01-20 01:00:00,,no_representative_state,1,normal
000001098,2018-01-20 02:00:00,2018-01-20,2,core,core,2018-01-20 02:00:00,,multi_a_region,2,normal
000001098,2018-01-20 02:00:00,2018-01-20,2,near,near,2018-01-20 02:00:00,,multi_a_region,2,normal
000001098,2018-01-20 03:00:00,2018-01-20,3,core,core,2018-01-20 03:00:00,,multi_a_region,2,normal
000001098,2018-01-20 03:00:00,2018-01-20,3,near,near,2018-01-20 03:00:00,,multi_a_region,2,normal
000001098,2018-01-20 09:00:00,2018-01-20,9,near,near,2018-01-20 09:00:00,,no_representative_state,1,normal
000001098,2018-01-20 10:00:00,2018-01-20,10,core,core,2018-01-20 10:00:00,,multi_a_region,2,normal
000001098,2018-01-20 10:00:00,2018-01-20,10,near,near,2018-01-20 10:00:00,,multi_a_region,2,normal
000001098,2018-01-20 11:00:00,2018-01-20,11,core,core,2018-01-20 11:00:00,,multi_a_region,2,normal
000001098,2018-01-20 11:00:00,2018-01-20,11,near,near,2018-01-20 11:00:00,,multi_a_region,2,normal
000001098,2018-01-20 14:00:00,2018-01-20,14,near,near,2018-01-20 14:00:00,,no_representative_state,1,normal
000001098,2018-01-20 15:00:00,2018-01-20,15,core,core,2018-01-20 15:00:00,,multi_a_region,2,normal
000001098,2018-01-20 15:00:00,2018-01-20,15,near,near,2018-01-20 15:00:00,,multi_a_region,2,normal
000001098,2018-01-20 16:00:00,2018-01-20,16,core,core,2018-01-20 16:00:00,,multi_a_region,2,normal
000001098,2018-01-20 16:00:00,2018-01-20,16,near,near,2018-01-20 16:00:00,,multi_a_region,2,normal
000001098,2018-01-20 18:00:00,2018-01-20,18,core,core,2018-01-20 18:00:00,,multi_a_region,2,normal
000001098,2018-01-20 18:00:00,2018-01-20,18,near,near,2018-01-20 18:00:00,,multi_a_region,2,normal
000001098,2018-01-20 19:00:00,2018-01-20,19,core,core,2018-01-20 19:00:00,,no_representative_state,1,normal
000001098,2018-01-20 21:00:00,2018-01-20,21,core,core,2018-01-20 21:00:00,,no_representative_state,1,normal
000001098,2018-01-20 22:00:00,2018-01-20,22,core,core,2018-01-20 22:00:00,,multi_a_region,2,normal
000001098,2018-01-20 22:00:00,2018-01-20,22,near,near,2018-01-20 22:00:00,,multi_a_region,2,normal
000001098,2018-01-21 02:00:00,2018-01-21,2,near,near,2018-01-21 02:00:00,,no_representative_state,1,normal
000001098,2018-01-21 03:00:00,2018-01-21,3,near,near,2018-01-21 03:00:00,,no_representative_state,1,normal
000001098,2018-01-21 13:00:00,2018-01-21,13,core,core,2018-01-21 13:00:00,,multi_a_region,2,normal
000001098,2018-01-21 13:00:00,2018-01-21,13,near,near,2018-01-21 13:00:00,,multi_a_region,2,normal
000001098,2018-01-21 14:00:00,2018-01-21,14,core,core,2018-01-21 14:00:00,,multi_a_region,2,normal
000001098,2018-01-21 14:00:00,2018-01-21,14,near,near,2018-01-21 14:00:00,,multi_a_region,2,normal
000001098,2018-01-21 15:00:00,2018-01-21,15,near,near,2018-01-21 15:00:00,,no_representative_state,1,normal
000001098,2018-01-21 16:00:00,2018-01-21,16,core,core,2018-01-21 16:00:00,,multi_a_region,2,normal
000001098,2018-01-21 16:00:00,2018-01-21,16,near,near,2018-01-21 16:00:00,,multi_a_region,2,normal
000001098,2018-01-21 17:00:00,2018-01-21,17,near,near,2018-01-21 17:00:00,,no_representative_state,1,normal
000001098,2018-01-21 18:00:00,2018-01-21,18,core,core,2018-01-21 18:00:00,,multi_a_region,2,normal
000001098,2018-01-21 18:00:00,2018-01-21,18,near,near,2018-01-21 18:00:00,,multi_a_region,2,normal
000001098,2018-01-21 19:00:00,2018-01-21,19,core,core,2018-01-21 19:00:00,,multi_a_region,2,normal
000001098,2018-01-21 19:00:00,2018-01-21,19,near,near,2018-01-21 19:00:00,,multi_a_region,2,normal
000001098,2018-01-21 22:00:00,2018-01-21,22,core,core,2018-01-21 22:00:00,,multi_a_region,2,normal
000001098,2018-01-21 22:00:00,2018-01-21,22,near,near,2018-01-21 22:00:00,,multi_a_region,2,normal
000001098,2018-01-21 23:00:00,2018-01-21,23,core,core,2018-01-21 23:00:00,,multi_a_region,2,normal
000001098,2018-01-21 23:00:00,2018-01-21,23,near,near,2018-01-21 23:00:00,,multi_a_region,2,normal
000001098,2018-01-22 06:00:00,2018-01-22,6,near,near,2018-01-22 06:00:00,,no_representative_state,1,normal
000001098,2018-01-22 07:00:00,2018-01-22,7,near,near,2018-01-22 07:00:00,,no_representative_state,1,normal
000001098,2018-01-22 08:00:00,2018-01-22,8,near,near,2018-01-22 08:00:00,,no_representative_state,1,normal
000001098,2018-01-22 09:00:00,2018-01-22,9,core,core,2018-01-22 09:00:00,,multi_a_region,2,normal
000001098,2018-01-22 09:00:00,2018-01-22,9,near,near,2018-01-22 09:00:00,,multi_a_region,2,normal
000001098,2018-01-22 10:00:00,2018-01-22,10,core,core,2018-01-22 10:00:00,,multi_a_region,2,normal
000001098,2018-01-22 10:00:00,2018-01-22,10,near,near,2018-01-22 10:00:00,,multi_a_region,2,normal
000001098,2018-01-22 12:00:00,2018-01-22,12,near,near,2018-01-22 12:00:00,,no_representative_state,1,normal
000001098,2018-01-22 19:00:00,2018-01-22,19,core,core,2018-01-22 19:00:00,,multi_a_region,2,normal
000001098,2018-01-22 19:00:00,2018-01-22,19,near,near,2018-01-22 19:00:00,,multi_a_region,2,normal
000001098,2018-01-22 20:00:00,2018-01-22,20,near,near,2018-01-22 20:00:00,,no_representative_state,1,normal
000001098,2018-01-22 22:00:00,2018-01-22,22,near,near,2018-01-22 22:00:00,,no_representative_state,1,normal
000001098,2018-01-22 23:00:00,2018-01-22,23,near,near,2018-01-22 23:00:00,,no_representative_state,1,normal
000001098,2018-01-23 14:00:00,2018-01-23,14,core,core,2018-01-23 14:00:00,,multi_a_region,2,normal
000001098,2018-01-23 14:00:00,2018-01-23,14,near,near,2018-01-23 14:00:00,,multi_a_region,2,normal
000001098,2018-01-23 15:00:00,2018-01-23,15,core,core,2018-01-23 15:00:00,,multi_a_region,2,normal
000001098,2018-01-23 15:00:00,2018-01-23,15,near,near,2018-01-23 15:00:00,,multi_a_region,2,normal
000001098,2018-01-23 17:00:00,2018-01-23,17,core,core,2018-01-23 17:00:00,,no_representative_state,1,normal
000001098,2018-01-23 18:00:00,2018-01-23,18,core,core,2018-01-23 18:00:00,,multi_a_region,2,normal
000001098,2018-01-23 18:00:00,2018-01-23,18,near,near,2018-01-23 18:00:00,,multi_a_region,2,normal
000001098,2018-01-23 19:00:00,2018-01-23,19,near,near,2018-01-23 19:00:00,,no_representative_state,1,normal
000001098,2018-01-23 20:00:00,2018-01-23,20,near,near,2018-01-23 20:00:00,,no_representative_state,1,normal
000001098,2018-01-24 02:00:00,2018-01-24,2,core,core,2018-01-24 02:00:00,,multi_a_region,2,normal
000001098,2018-01-24 02:00:00,2018-01-24,2,near,near,2018-01-24 02:00:00,,multi_a_region,2,normal
000001098,2018-01-24 03:00:00,2018-01-24,3,core,core,2018-01-24 03:00:00,,no_representative_state,1,normal
000001098,2018-01-24 04:00:00,2018-01-24,4,core,core,2018-01-24 04:00:00,,multi_a_region,2,normal
000001098,2018-01-24 04:00:00,2018-01-24,4,near,near,2018-01-24 04:00:00,,multi_a_region,2,normal
000001098,2018-01-24 10:00:00,2018-01-24,10,core,core,2018-01-24 10:00:00,,multi_a_region,2,normal
000001098,2018-01-24 10:00:00,2018-01-24,10,near,near,2018-01-24 10:00:00,,multi_a_region,2,normal
000001098,2018-01-24 11:00:00,2018-01-24,11,core,core,2018-01-24 11:00:00,,multi_a_region,2,normal
000001098,2018-01-24 11:00:00,2018-01-24,11,near,near,2018-01-24 11:00:00,,multi_a_region,2,normal
000001098,2018-01-24 12:00:00,2018-01-24,12,near,near,2018-01-24 12:00:00,,no_representative_state,1,normal
000001098,2018-01-24 13:00:00,2018-01-24,13,core,core,2018-01-24 13:00:00,,multi_a_region,2,normal
000001098,2018-01-24 13:00:00,2018-01-24,13,near,near,2018-01-24 13:00:00,,multi_a_region,2,normal
000001098,2018-01-24 14:00:00,2018-01-24,14,core,core,2018-01-24 14:00:00,,no_representative_state,1,normal
000001098,2018-01-24 15:00:00,2018-01-24,15,core,core,2018-01-24 15:00:00,,no_representative_state,1,normal
000001098,2018-01-24 16:00:00,2018-01-24,16,core,core,2018-01-24 16:00:00,,multi_a_region,2,normal
000001098,2018-01-24 16:00:00,2018-01-24,16,near,near,2018-01-24 16:00:00,,multi_a_region,2,normal
000001098,2018-01-24 22:00:00,2018-01-24,22,near,near,2018-01-24 22:00:00,,no_representative_state,1,normal
000001098,2018-01-24 23:00:00,2018-01-24,23,near,near,2018-01-24 23:00:00,,no_representative_state,1,normal
000001101,2018-01-01 06:00:00,2018-01-01,6,near,near,2018-01-01 06:00:00,,no_representative_state,1,normal
000001101,2018-01-01 07:00:00,2018-01-01,7,near,near,2018-01-01 07:00:00,,no_representative_state,1,normal
000001101,2018-01-01 19:00:00,2018-01-01,19,core,core,2018-01-01 19:00:00,,multi_a_region,2,normal
000001101,2018-01-01 19:00:00,2018-01-01,19,near,near,2018-01-01 19:00:00,,multi_a_region,2,normal
000001101,2018-01-01 20:00:00,2018-01-01,20,core,core,2018-01-01 20:00:00,,no_representative_state,1,normal
000001101,2018-01-01 22:00:00,2018-01-01,22,core,core,2018-01-01 22:00:00,,multi_a_region,2,normal
000001101,2018-01-01 22:00:00,2018-01-01,22,near,near,2018-01-01 22:00:00,,multi_a_region,2,normal
000001101,2018-01-01 23:00:00,2018-01-01,23,near,near,2018-01-01 23:00:00,,no_representative_state,1,normal
000001101,2018-01-02 02:00:00,2018-01-02,2,near,near,2018-01-02 02:00:00,,no_representative_state,1,normal
000001101,2018-01-02 03:00:00,2018-01-02,3,near,near,2018-01-02 03:00:00,,no_representative_state,1,normal
000001101,2018-01-02 07:00:00,2018-01-02,7,near,near,2018-01-02 07:00:00,,no_representative_state,1,normal
000001101,2018-01-02 08:00:00,2018-01-02,8,near,near,2018-01-02 08:00:00,,no_representative_state,1,normal
000001101,2018-01-02 11:00:00,2018-01-02,11,near,near,2018-01-02 11:00:00,,no_representative_state,1,normal
000001101,2018-01-02 18:00:00,2018-01-02,18,core,core,2018-01-02 18:00:00,,multi_a_region,2,normal
000001101,2018-01-02 18:00:00,2018-01-02,18,near,near,2018-01-02 18:00:00,,multi_a_region,2,normal
000001101,2018-01-02 19:00:00,2018-01-02,19,near,near,2018-01-02 19:00:00,,no_representative_state,1,normal
000001101,2018-01-02 21:00:00,2018-01-02,21,core,core,2018-01-02 21:00:00,,multi_a_region,2,normal
000001101,2018-01-02 21:00:00,2018-01-02,21,near,near,2018-01-02 21:00:00,,multi_a_region,2,normal
000001101,2018-01-02 22:00:00,2018-01-02,22,core,core,2018-01-02 22:00:00,,no_representative_state,1,normal
000001101,2018-01-02 23:00:00,2018-01-02,23,core,core,2018-01-02 23:00:00,,no_representative_state,1,normal
000001101,2018-01-03 01:00:00,2018-01-03,1,core,core,2018-01-03 01:00:00,,no_representative_state,1,normal
000001101,2018-01-03 02:00:00,2018-01-03,2,core,core,2018-01-03 02:00:00,,no_representative_state,1,normal
000001101,2018-01-03 05:00:00,2018-01-03,5,core,core,2018-01-03 05:00:00,,no_representative_state,1,normal
000001101,2018-01-03 06:00:00,2018-01-03,6,core,core,2018-01-03 06:00:00,,multi_a_region,2,normal
000001101,2018-01-03 06:00:00,2018-01-03,6,near,near,2018-01-03 06:00:00,,multi_a_region,2,normal
000001101,2018-01-03 09:00:00,2018-01-03,9,core,core,2018-01-03 09:00:00,,multi_a_region,2,normal
000001101,2018-01-03 09:00:00,2018-01-03,9,near,near,2018-01-03 09:00:00,,multi_a_region,2,normal
000001101,2018-01-03 10:00:00,2018-01-03,10,core,core,2018-01-03 10:00:00,,multi_a_region,2,normal
000001101,2018-01-03 10:00:00,2018-01-03,10,near,near,2018-01-03 10:00:00,,multi_a_region,2,normal
000001101,2018-01-03 14:00:00,2018-01-03,14,core,core,2018-01-03 14:00:00,,multi_a_region,2,normal
000001101,2018-01-03 14:00:00,2018-01-03,14,near,near,2018-01-03 14:00:00,,multi_a_region,2,normal
000001101,2018-01-03 15:00:00,2018-01-03,15,core,core,2018-01-03 15:00:00,,multi_a_region,2,normal
000001101,2018-01-03 15:00:00,2018-01-03,15,near,near,2018-01-03 15:00:00,,multi_a_region,2,normal
000001101,2018-01-03 19:00:00,2018-01-03,19,near,near,2018-01-03 19:00:00,,no_representative_state,1,normal
000001101,2018-01-03 20:00:00,2018-01-03,20,near,near,2018-01-03 20:00:00,,no_representative_state,1,normal
000001101,2018-01-03 21:00:00,2018-01-03,21,near,near,2018-01-03 21:00:00,,no_representative_state,1,normal
000001101,2018-01-03 22:00:00,2018-01-03,22,core,core,2018-01-03 22:00:00,,multi_a_region,2,normal
000001101,2018-01-03 22:00:00,2018-01-03,22,near,near,2018-01-03 22:00:00,,multi_a_region,2,normal
000001101,2018-01-04 00:00:00,2018-01-04,0,near,near,2018-01-04 00:00:00,,no_representative_state,1,normal
000001101,2018-01-04 11:00:00,2018-01-04,11,core,core,2018-01-04 11:00:00,,multi_a_region,2,normal
000001101,2018-01-04 11:00:00,2018-01-04,11,near,near,2018-01-04 11:00:00,,multi_a_region,2,normal
000001101,2018-01-04 12:00:00,2018-01-04,12,core,core,2018-01-04 12:00:00,,no_representative_state,1,normal
000001101,2018-01-04 13:00:00,2018-01-04,13,core,core,2018-01-04 13:00:00,,multi_a_region,2,normal
000001101,2018-01-04 13:00:00,2018-01-04,13,near,near,2018-01-04 13:00:00,,multi_a_region,2,normal
000001101,2018-01-04 14:00:00,2018-01-04,14,near,near,2018-01-04 14:00:00,,no_representative_state,1,normal
000001101,2018-01-04 15:00:00,2018-01-04,15,core,core,2018-01-04 15:00:00,,multi_a_region,2,normal
000001101,2018-01-04 15:00:00,2018-01-04,15,near,near,2018-01-04 15:00:00,,multi_a_region,2,normal
000001101,2018-01-04 16:00:00,2018-01-04,16,core,core,2018-01-04 16:00:00,,multi_a_region,2,normal
000001101,2018-01-04 16:00:00,2018-01-04,16,near,near,2018-01-04 16:00:00,,multi_a_region,2,normal
000001101,2018-01-04 19:00:00,2018-01-04,19,near,near,2018-01-04 19:00:00,,no_representative_state,1,normal
000001101,2018-01-05 02:00:00,2018-01-05,2,core,core,2018-01-05 02:00:00,,multi_a_region,2,normal
000001101,2018-01-05 02:00:00,2018-01-05,2,near,near,2018-01-05 02:00:00,,multi_a_region,2,normal
000001101,2018-01-05 03:00:00,2018-01-05,3,core,core,2018-01-05 03:00:00,,multi_a_region,2,normal
000001101,2018-01-05 03:00:00,2018-01-05,3,near,near,2018-01-05 03:00:00,,multi_a_region,2,normal
000001101,2018-01-05 08:00:00,2018-01-05,8,near,near,2018-01-05 08:00:00,,no_representative_state,1,normal
000001101,2018-01-05 09:00:00,2018-01-05,9,core,core,2018-01-05 09:00:00,,multi_a_region,2,normal
000001101,2018-01-05 09:00:00,2018-01-05,9,near,near,2018-01-05 09:00:00,,multi_a_region,2,normal
000001101,2018-01-05 10:00:00,2018-01-05,10,core,core,2018-01-05 10:00:00,,multi_a_region,2,normal
000001101,2018-01-05 10:00:00,2018-01-05,10,near,near,2018-01-05 10:00:00,,multi_a_region,2,normal
000001101,2018-01-05 11:00:00,2018-01-05,11,near,near,2018-01-05 11:00:00,,no_representative_state,1,normal
000001101,2018-01-05 13:00:00,2018-01-05,13,core,core,2018-01-05 13:00:00,,multi_a_region,2,normal
000001101,2018-01-05 13:00:00,2018-01-05,13,near,near,2018-01-05 13:00:00,,multi_a_region,2,normal
000001101,2018-01-05 14:00:00,2018-01-05,14,core,core,2018-01-05 14:00:00,,multi_a_region,2,normal
000001101,2018-01-05 14:00:00,2018-01-05,14,near,near,2018-01-05 14:00:00,,multi_a_region,2,normal
000001101,2018-01-05 18:00:00,2018-01-05,18,near,near,2018-01-05 18:00:00,,no_representative_state,1,normal
000001101,2018-01-05 23:00:00,2018-01-05,23,near,near,2018-01-05 23:00:00,,no_representative_state,1,normal
000001101,2018-01-06 02:00:00,2018-01-06,2,core,core,2018-01-06 02:00:00,,multi_a_region,2,normal
000001101,2018-01-06 02:00:00,2018-01-06,2,near,near,2018-01-06 02:00:00,,multi_a_region,2,normal
000001101,2018-01-06 03:00:00,2018-01-06,3,near,near,2018-01-06 03:00:00,,no_representative_state,1,normal
000001101,2018-01-06 07:00:00,2018-01-06,7,core,core,2018-01-06 07:00:00,,multi_a_region,2,normal
000001101,2018-01-06 07:00:00,2018-01-06,7,near,near,2018-01-06 07:00:00,,multi_a_region,2,normal
000001101,2018-01-06 08:00:00,2018-01-06,8,core,core,2018-01-06 08:00:00,,multi_a_region,2,normal
000001101,2018-01-06 08:00:00,2018-01-06,8,near,near,2018-01-06 08:00:00,,multi_a_region,2,normal
000001101,2018-01-06 09:00:00,2018-01-06,9,near,near,2018-01-06 09:00:00,,no_representative_state,1,normal
000001101,2018-01-06 10:00:00,2018-01-06,10,core,core,2018-01-06 10:00:00,,multi_a_region,2,normal
000001101,2018-01-06 10:00:00,2018-01-06,10,near,near,2018-01-06 10:00:00,,multi_a_region,2,normal
000001101,2018-01-06 11:00:00,2018-01-06,11,core,core,2018-01-06 11:00:00,,multi_a_region,2,normal
000001101,2018-01-06 11:00:00,2018-01-06,11,near,near,2018-01-06 11:00:00,,multi_a_region,2,normal
000001101,2018-01-06 21:00:00,2018-01-06,21,core,core,2018-01-06 21:00:00,,multi_a_region,2,normal
000001101,2018-01-06 21:00:00,2018-01-06,21,near,near,2018-01-06 21:00:00,,multi_a_region,2,normal
000001101,2018-01-06 22:00:00,2018-01-06,22,core,core,2018-01-06 22:00:00,,multi_a_region,2,normal
000001101,2018-01-06 22:00:00,2018-01-06,22,near,near,2018-01-06 22:00:00,,multi_a_region,2,normal
000001101,2018-01-07 03:00:00,2018-01-07,3,core,core,2018-01-07 03:00:00,,multi_a_region,2,normal
000001101,2018-01-07 03:00:00,2018-01-07,3,near,near,2018-01-07 03:00:00,,multi_a_region,2,normal
000001101,2018-01-07 04:00:00,2018-01-07,4,near,near,2018-01-07 04:00:00,,no_representative_state,1,normal
000001101,2018-01-07 09:00:00,2018-01-07,9,core,core,2018-01-07 09:00:00,,multi_a_region,2,normal
000001101,2018-01-07 09:00:00,2018-01-07,9,near,near,2018-01-07 09:00:00,,multi_a_region,2,normal
000001101,2018-01-07 10:00:00,2018-01-07,10,core,core,2018-01-07 10:00:00,,multi_a_region,2,normal
000001101,2018-01-07 10:00:00,2018-01-07,10,near,near,2018-01-07 10:00:00,,multi_a_region,2,normal
000001101,2018-01-07 11:00:00,2018-01-07,11,near,near,2018-01-07 11:00:00,,no_representative_state,1,normal
000001101,2018-01-07 12:00:00,2018-01-07,12,near,near,2018-01-07 12:00:00,,no_representative_state,1,normal
000001101,2018-01-07 18:00:00,2018-01-07,18,near,near,2018-01-07 18:00:00,,no_representative_state,1,normal
000001101,2018-01-07 19:00:00,2018-01-07,19,near,near,2018-01-07 19:00:00,,no_representative_state,1,normal
000001101,2018-01-07 21:00:00,2018-01-07,21,core,core,2018-01-07 21:00:00,,multi_a_region,2,normal
000001101,2018-01-07 21:00:00,2018-01-07,21,near,near,2018-01-07 21:00:00,,multi_a_region,2,normal
000001101,2018-01-07 22:00:00,2018-01-07,22,core,core,2018-01-07 22:00:00,,multi_a_region,2,normal
000001101,2018-01-07 22:00:00,2018-01-07,22,near,near,2018-01-07 22:00:00,,multi_a_region,2,normal
000001101,2018-01-08 02:00:00,2018-01-08,2,core,core,2018-01-08 02:00:00,,multi_a_region,2,normal
000001101,2018-01-08 02:00:00,2018-01-08,2,near,near,2018-01-08 02:00:00,,multi_a_region,2,normal
000001101,2018-01-08 03:00:00,2018-01-08,3,core,core,2018-01-08 03:00:00,,multi_a_region,2,normal
000001101,2018-01-08 03:00:00,2018-01-08,3,near,near,2018-01-08 03:00:00,,multi_a_region,2,normal
000001101,2018-01-08 07:00:00,2018-01-08,7,near,near,2018-01-08 07:00:00,,no_representative_state,1,normal
000001101,2018-01-08 08:00:00,2018-01-08,8,near,near,2018-01-08 08:00:00,,no_representative_state,1,normal
000001101,2018-01-08 10:00:00,2018-01-08,10,near,near,2018-01-08 10:00:00,,no_representative_state,1,normal
000001101,2018-01-08 11:00:00,2018-01-08,11,core,core,2018-01-08 11:00:00,,multi_a_region,2,normal
000001101,2018-01-08 11:00:00,2018-01-08,11,near,near,2018-01-08 11:00:00,,multi_a_region,2,normal
000001101,2018-01-08 14:00:00,2018-01-08,14,core,core,2018-01-08 14:00:00,,no_representative_state,1,normal
000001101,2018-01-08 15:00:00,2018-01-08,15,core,core,2018-01-08 15:00:00,,multi_a_region,2,normal
000001101,2018-01-08 15:00:00,2018-01-08,15,near,near,2018-01-08 15:00:00,,multi_a_region,2,normal
000001101,2018-01-08 19:00:00,2018-01-08,19,near,near,2018-01-08 19:00:00,,no_representative_state,1,normal
000001101,2018-01-08 20:00:00,2018-01-08,20,near,near,2018-01-08 20:00:00,,no_representative_state,1,normal
000001101,2018-01-08 21:00:00,2018-01-08,21,near,near,2018-01-08 21:00:00,,no_representative_state,1,normal
000001101,2018-01-09 00:00:00,2018-01-09,0,near,near,2018-01-09 00:00:00,,no_representative_state,1,normal
000001101,2018-01-09 03:00:00,2018-01-09,3,near,near,2018-01-09 03:00:00,,no_representative_state,1,normal
000001101,2018-01-09 04:00:00,2018-01-09,4,core,core,2018-01-09 04:00:00,,no_representative_state,1,normal
000001101,2018-01-09 05:00:00,2018-01-09,5,near,near,2018-01-09 05:00:00,,no_representative_state,1,normal
000001101,2018-01-09 09:00:00,2018-01-09,9,core,core,2018-01-09 09:00:00,,multi_a_region,2,normal
000001101,2018-01-09 09:00:00,2018-01-09,9,near,near,2018-01-09 09:00:00,,multi_a_region,2,normal
000001101,2018-01-09 13:00:00,2018-01-09,13,core,core,2018-01-09 13:00:00,,multi_a_region,2,normal
000001101,2018-01-09 13:00:00,2018-01-09,13,near,near,2018-01-09 13:00:00,,multi_a_region,2,normal
000001101,2018-01-09 18:00:00,2018-01-09,18,near,near,2018-01-09 18:00:00,,no_representative_state,1,normal
000001101,2018-01-09 19:00:00,2018-01-09,19,core,core,2018-01-09 19:00:00,,multi_a_region,2,normal
000001101,2018-01-09 19:00:00,2018-01-09,19,near,near,2018-01-09 19:00:00,,multi_a_region,2,normal
000001101,2018-01-09 20:00:00,2018-01-09,20,core,core,2018-01-09 20:00:00,,multi_a_region,2,normal
000001101,2018-01-09 20:00:00,2018-01-09,20,near,near,2018-01-09 20:00:00,,multi_a_region,2,normal
000001101,2018-01-09 23:00:00,2018-01-09,23,near,near,2018-01-09 23:00:00,,no_representative_state,1,normal
000001101,2018-01-10 03:00:00,2018-01-10,3,near,near,2018-01-10 03:00:00,,no_representative_state,1,normal
000001101,2018-01-10 04:00:00,2018-01-10,4,core,core,2018-01-10 04:00:00,,no_representative_state,1,normal
000001101,2018-01-10 07:00:00,2018-01-10,7,near,near,2018-01-10 07:00:00,,no_representative_state,1,normal
000001101,2018-01-10 19:00:00,2018-01-10,19,core,core,2018-01-10 19:00:00,,multi_a_region,2,normal
000001101,2018-01-10 19:00:00,2018-01-10,19,near,near,2018-01-10 19:00:00,,multi_a_region,2,normal
000001101,2018-01-10 20:00:00,2018-01-10,20,near,near,2018-01-10 20:00:00,,no_representative_state,1,normal
000001101,2018-01-11 10:00:00,2018-01-11,10,core,core,2018-01-11 10:00:00,,multi_a_region,2,normal
000001101,2018-01-11 10:00:00,2018-01-11,10,near,near,2018-01-11 10:00:00,,multi_a_region,2,normal
000001101,2018-01-11 13:00:00,2018-01-11,13,near,near,2018-01-11 13:00:00,,no_representative_state,1,normal
000001101,2018-01-11 14:00:00,2018-01-11,14,core,core,2018-01-11 14:00:00,,multi_a_region,2,normal
000001101,2018-01-11 14:00:00,2018-01-11,14,near,near,2018-01-11 14:00:00,,multi_a_region,2,normal
000001101,2018-01-11 23:00:00,2018-01-11,23,near,near,2018-01-11 23:00:00,,no_representative_state,1,normal
000001101,2018-01-12 00:00:00,2018-01-12,0,near,near,2018-01-12 00:00:00,,no_representative_state,1,reduced
000001101,2018-01-12 06:00:00,2018-01-12,6,near,near,2018-01-12 06:00:00,,no_representative_state,1,reduced
000001101,2018-01-12 12:00:00,2018-01-12,12,near,near,2018-01-12 12:00:00,,no_representative_state,1,reduced
000001101,2018-01-12 14:00:00,2018-01-12,14,core,core,2018-01-12 14:00:00,,multi_a_region,2,reduced
000001101,2018-01-12 14:00:00,2018-01-12,14,near,near,2018-01-12 14:00:00,,multi_a_region,2,reduced
000001101,2018-01-12 15:00:00,2018-01-12,15,near,near,2018-01-12 15:00:00,,no_representative_state,1,reduced
000001101,2018-01-12 18:00:00,2018-01-12,18,core,core,2018-01-12 18:00:00,,multi_a_region,2,reduced
000001101,2018-01-12 18:00:00,2018-01-12,18,near,near,2018-01-12 18:00:00,,multi_a_region,2,reduced
000001101,2018-01-12 19:00:00,2018-01-12,19,near,near,2018-01-12 19:00:00,,no_representative_state,1,reduced
000001101,2018-01-12 22:00:00,2018-01-12,22,core,core,2018-01-12 22:00:00,,multi_a_region,2,reduced
000001101,2018-01-12 22:00:00,2018-01-12,22,near,near,2018-01-12 22:00:00,,multi_a_region,2,reduced
000001101,2018-01-12 23:00:00,2018-01-12,23,core,core,2018-01-12 23:00:00,,no_representative_state,1,reduced
000001101,2018-01-13 01:00:00,2018-01-13,1,core,core,2018-01-13 01:00:00,,no_representative_state,1,outage
000001101,2018-01-13 02:00:00,2018-01-13,2,near,near,2018-01-13 02:00:00,,no_representative_state,1,outage
000001101,2018-01-13 10:00:00,2018-01-13,10,near,near,2018-01-13 10:00:00,,no_representative_state,1,outage
000001101,2018-01-13 11:00:00,2018-01-13,11,core,core,2018-01-13 11:00:00,,multi_a_region,2,outage
000001101,2018-01-13 11:00:00,2018-01-13,11,near,near,2018-01-13 11:00:00,,multi_a_region,2,outage
000001101,2018-01-13 18:00:00,2018-01-13,18,core,core,2018-01-13 18:00:00,,multi_a_region,2,outage
000001101,2018-01-13 18:00:00,2018-01-13,18,near,near,2018-01-13 18:00:00,,multi_a_region,2,outage
000001101,2018-01-13 19:00:00,2018-01-13,19,near,near,2018-01-13 19:00:00,,no_representative_state,1,outage
000001101,2018-01-14 01:00:00,2018-01-14,1,near,near,2018-01-14 01:00:00,,no_representative_state,1,outage
000001101,2018-01-14 02:00:00,2018-01-14,2,core,core,2018-01-14 02:00:00,,no_representative_state,1,outage
000001101,2018-01-14 07:00:00,2018-01-14,7,near,near,2018-01-14 07:00:00,,no_representative_state,1,outage
000001101,2018-01-14 11:00:00,2018-01-14,11,core,core,2018-01-14 11:00:00,,no_representative_state,1,outage
000001101,2018-01-15 09:00:00,2018-01-15,9,core,core,2018-01-15 09:00:00,,multi_a_region,2,outage
000001101,2018-01-15 09:00:00,2018-01-15,9,near,near,2018-01-15 09:00:00,,multi_a_region,2,outage
000001101,2018-01-15 10:00:00,2018-01-15,10,core,core,2018-01-15 10:00:00,,no_representative_state,1,outage
000001101,2018-01-15 19:00:00,2018-01-15,19,core,core,2018-01-15 19:00:00,,no_representative_state,1,outage
000001101,2018-01-15 21:00:00,2018-01-15,21,near,near,2018-01-15 21:00:00,,no_representative_state,1,outage
000001101,2018-01-15 22:00:00,2018-01-15,22,core,core,2018-01-15 22:00:00,,multi_a_region,2,outage
000001101,2018-01-15 22:00:00,2018-01-15,22,near,near,2018-01-15 22:00:00,,multi_a_region,2,outage
000001101,2018-01-16 05:00:00,2018-01-16,5,near,near,2018-01-16 05:00:00,,no_representative_state,1,outage
000001101,2018-01-16 06:00:00,2018-01-16,6,near,near,2018-01-16 06:00:00,,no_representative_state,1,outage
000001101,2018-01-16 11:00:00,2018-01-16,11,near,near,2018-01-16 11:00:00,,no_representative_state,1,outage
000001101,2018-01-16 14:00:00,2018-01-16,14,core,core,2018-01-16 14:00:00,,multi_a_region,2,outage
000001101,2018-01-16 14:00:00,2018-01-16,14,near,near,2018-01-16 14:00:00,,multi_a_region,2,outage
000001101,2018-01-16 17:00:00,2018-01-16,17,near,near,2018-01-16 17:00:00,,no_representative_state,1,outage
000001101,2018-01-16 18:00:00,2018-01-16,18,core,core,2018-01-16 18:00:00,,no_representative_state,1,outage
000001101,2018-01-16 19:00:00,2018-01-16,19,near,near,2018-01-16 19:00:00,,no_representative_state,1,outage
000001101,2018-01-17 06:00:00,2018-01-17,6,near,near,2018-01-17 06:00:00,,no_representative_state,1,severe
000001101,2018-01-17 10:00:00,2018-01-17,10,near,near,2018-01-17 10:00:00,,no_representative_state,1,severe
000001101,2018-01-17 14:00:00,2018-01-17,14,core,core,2018-01-17 14:00:00,,no_representative_state,1,severe
000001101,2018-01-17 15:00:00,2018-01-17,15,near,near,2018-01-17 15:00:00,,no_representative_state,1,severe
000001101,2018-01-17 22:00:00,2018-01-17,22,near,near,2018-01-17 22:00:00,,no_representative_state,1,severe
000001101,2018-01-18 06:00:00,2018-01-18,6,core,core,2018-01-18 06:00:00,,no_representative_state,1,severe
000001101,2018-01-18 08:00:00,2018-01-18,8,core,core,2018-01-18 08:00:00,,multi_a_region,2,severe
000001101,2018-01-18 08:00:00,2018-01-18,8,near,near,2018-01-18 08:00:00,,multi_a_region,2,severe
000001101,2018-01-18 10:00:00,2018-01-18,10,core,core,2018-01-18 10:00:00,,multi_a_region,2,severe
000001101,2018-01-18 10:00:00,2018-01-18,10,near,near,2018-01-18 10:00:00,,multi_a_region,2,severe
000001101,2018-01-18 14:00:00,2018-01-18,14,core,core,2018-01-18 14:00:00,,no_representative_state,1,severe
000001101,2018-01-18 19:00:00,2018-01-18,19,core,core,2018-01-18 19:00:00,,multi_a_region,2,severe
000001101,2018-01-18 19:00:00,2018-01-18,19,near,near,2018-01-18 19:00:00,,multi_a_region,2,severe
000001101,2018-01-18 22:00:00,2018-01-18,22,near,near,2018-01-18 22:00:00,,no_representative_state,1,severe
000001101,2018-01-19 06:00:00,2018-01-19,6,near,near,2018-01-19 06:00:00,,no_representative_state,1,normal
000001101,2018-01-19 07:00:00,2018-01-19,7,near,near,2018-01-19 07:00:00,,no_representative_state,1,normal
000001101,2018-01-19 10:00:00,2018-01-19,10,core,core,2018-01-19 10:00:00,,multi_a_region,2,normal
000001101,2018-01-19 10:00:00,2018-01-19,10,near,near,2018-01-19 10:00:00,,multi_a_region,2,normal
000001101,2018-01-19 11:00:00,2018-01-19,11,near,near,2018-01-19 11:00:00,,no_representative_state,1,normal
000001101,2018-01-19 12:00:00,2018-01-19,12,near,near,2018-01-19 12:00:00,,multi_a_region,2,normal
000001101,2018-01-19 12:00:00,2018-01-19,12,outer,outer,2018-01-19 12:00:00,,multi_a_region,2,normal
000001101,2018-01-19 13:00:00,2018-01-19,13,outer,outer,2018-01-19 13:00:00,,no_representative_state,1,normal
000001101,2018-01-19 14:00:00,2018-01-19,14,outer,outer,2018-01-19 14:00:00,,no_representative_state,1,normal
000001101,2018-01-19 15:00:00,2018-01-19,15,outer,outer,2018-01-19 15:00:00,,no_representative_state,1,normal
000001101,2018-01-19 16:00:00,2018-01-19,16,outer,outer,2018-01-19 16:00:00,,no_representative_state,1,normal
000001101,2018-01-19 17:00:00,2018-01-19,17,outer,outer,2018-01-19 17:00:00,,no_representative_state,1,normal
000001101,2018-01-19 18:00:00,2018-01-19,18,outer,outer,2018-01-19 18:00:00,,no_representative_state,1,normal
000001101,2018-01-19 19:00:00,2018-01-19,19,near,near,2018-01-19 19:00:00,,multi_a_region,2,normal
000001101,2018-01-19 19:00:00,2018-01-19,19,outer,outer,2018-01-19 19:00:00,,multi_a_region,2,normal
000001101,2018-01-19 20:00:00,2018-01-19,20,core,core,2018-01-19 20:00:00,,multi_a_region,2,normal
000001101,2018-01-19 20:00:00,2018-01-19,20,near,near,2018-01-19 20:00:00,,multi_a_region,2,normal
000001101,2018-01-20 09:00:00,2018-01-20,9,near,near,2018-01-20 09:00:00,,no_representative_state,1,normal
000001101,2018-01-20 10:00:00,2018-01-20,10,core,core,2018-01-20 10:00:00,,multi_a_region,2,normal
000001101,2018-01-20 10:00:00,2018-01-20,10,near,near,2018-01-20 10:00:00,,multi_a_region,2,normal
000001101,2018-01-20 11:00:00,2018-01-20,11,core,core,2018-01-20 11:00:00,,multi_a_region,2,normal
000001101,2018-01-20 11:00:00,2018-01-20,11,near,near,2018-01-20 11:00:00,,multi_a_region,2,normal
000001101,2018-01-20 14:00:00,2018-01-20,14,near,near,2018-01-20 14:00:00,,no_representative_state,1,normal
000001101,2018-01-20 15:00:00,2018-01-20,15,core,core,2018-01-20 15:00:00,,multi_a_region,2,normal
000001101,2018-01-20 15:00:00,2018-01-20,15,near,near,2018-01-20 15:00:00,,multi_a_region,2,normal
000001101,2018-01-20 16:00:00,2018-01-20,16,core,core,2018-01-20 16:00:00,,multi_a_region,2,normal
000001101,2018-01-20 16:00:00,2018-01-20,16,near,near,2018-01-20 16:00:00,,multi_a_region,2,normal
000001101,2018-01-20 18:00:00,2018-01-20,18,core,core,2018-01-20 18:00:00,,multi_a_region,2,normal
000001101,2018-01-20 18:00:00,2018-01-20,18,near,near,2018-01-20 18:00:00,,multi_a_region,2,normal
000001101,2018-01-20 19:00:00,2018-01-20,19,core,core,2018-01-20 19:00:00,,no_representative_state,1,normal
000001101,2018-01-20 21:00:00,2018-01-20,21,core,core,2018-01-20 21:00:00,,no_representative_state,1,normal
000001101,2018-01-20 22:00:00,2018-01-20,22,core,core,2018-01-20 22:00:00,,multi_a_region,2,normal
000001101,2018-01-20 22:00:00,2018-01-20,22,near,near,2018-01-20 22:00:00,,multi_a_region,2,normal
000001101,2018-01-21 02:00:00,2018-01-21,2,near,near,2018-01-21 02:00:00,,no_representative_state,1,normal
000001101,2018-01-21 03:00:00,2018-01-21,3,near,near,2018-01-21 03:00:00,,no_representative_state,1,normal
000001101,2018-01-21 13:00:00,2018-01-21,13,core,core,2018-01-21 13:00:00,,multi_a_region,2,normal
000001101,2018-01-21 13:00:00,2018-01-21,13,near,near,2018-01-21 13:00:00,,multi_a_region,2,normal
000001101,2018-01-21 14:00:00,2018-01-21,14,core,core,2018-01-21 14:00:00,,multi_a_region,2,normal
000001101,2018-01-21 14:00:00,2018-01-21,14,near,near,2018-01-21 14:00:00,,multi_a_region,2,normal
000001101,2018-01-21 15:00:00,2018-01-21,15,near,near,2018-01-21 15:00:00,,no_representative_state,1,normal
000001101,2018-01-21 16:00:00,2018-01-21,16,core,core,2018-01-21 16:00:00,,multi_a_region,2,normal
000001101,2018-01-21 16:00:00,2018-01-21,16,near,near,2018-01-21 16:00:00,,multi_a_region,2,normal
000001101,2018-01-21 17:00:00,2018-01-21,17,near,near,2018-01-21 17:00:00,,no_representative_state,1,normal
000001101,2018-01-21 18:00:00,2018-01-21,18,core,core,2018-01-21 18:00:00,,multi_a_region,2,normal
000001101,2018-01-21 18:00:00,2018-01-21,18,near,near,2018-01-21 18:00:00,,multi_a_region,2,normal
000001101,2018-01-21 19:00:00,2018-01-21,19,core,core,2018-01-21 19:00:00,,multi_a_region,2,normal
000001101,2018-01-21 19:00:00,2018-01-21,19,near,near,2018-01-21 19:00:00,,multi_a_region,2,normal
000001101,2018-01-21 20:00:00,2018-01-21,20,core,core,2018-01-21 20:00:00,,multi_a_region,2,normal
000001101,2018-01-21 20:00:00,2018-01-21,20,near,near,2018-01-21 20:00:00,,multi_a_region,2,normal
000001101,2018-01-21 22:00:00,2018-01-21,22,core,core,2018-01-21 22:00:00,,multi_a_region,2,normal
000001101,2018-01-21 22:00:00,2018-01-21,22,near,near,2018-01-21 22:00:00,,multi_a_region,2,normal
000001101,2018-01-21 23:00:00,2018-01-21,23,core,core,2018-01-21 23:00:00,,multi_a_region,2,normal
000001101,2018-01-21 23:00:00,2018-01-21,23,near,near,2018-01-21 23:00:00,,multi_a_region,2,normal
000001101,2018-01-22 02:00:00,2018-01-22,2,near,near,2018-01-22 02:00:00,,no_representative_state,1,normal
000001101,2018-01-22 03:00:00,2018-01-22,3,core,core,2018-01-22 03:00:00,,multi_a_region,2,normal
000001101,2018-01-22 03:00:00,2018-01-22,3,near,near,2018-01-22 03:00:00,,multi_a_region,2,normal
000001101,2018-01-22 06:00:00,2018-01-22,6,near,near,2018-01-22 06:00:00,,no_representative_state,1,normal
000001101,2018-01-22 07:00:00,2018-01-22,7,near,near,2018-01-22 07:00:00,,no_representative_state,1,normal
000001101,2018-01-22 08:00:00,2018-01-22,8,near,near,2018-01-22 08:00:00,,no_representative_state,1,normal
000001101,2018-01-22 12:00:00,2018-01-22,12,near,near,2018-01-22 12:00:00,,no_representative_state,1,normal
000001101,2018-01-22 13:00:00,2018-01-22,13,near,near,2018-01-22 13:00:00,,no_representative_state,1,normal
000001101,2018-01-22 19:00:00,2018-01-22,19,core,core,2018-01-22 19:00:00,,multi_a_region,2,normal
000001101,2018-01-22 19:00:00,2018-01-22,19,near,near,2018-01-22 19:00:00,,multi_a_region,2,normal
000001101,2018-01-22 20:00:00,2018-01-22,20,near,near,2018-01-22 20:00:00,,no_representative_state,1,normal
000001101,2018-01-22 22:00:00,2018-01-22,22,near,near,2018-01-22 22:00:00,,no_representative_state,1,normal
000001101,2018-01-22 23:00:00,2018-01-22,23,near,near,2018-01-22 23:00:00,,no_representative_state,1,normal
000001101,2018-01-23 14:00:00,2018-01-23,14,core,core,2018-01-23 14:00:00,,multi_a_region,2,normal
000001101,2018-01-23 14:00:00,2018-01-23,14,near,near,2018-01-23 14:00:00,,multi_a_region,2,normal
000001101,2018-01-23 15:00:00,2018-01-23,15,near,near,2018-01-23 15:00:00,,no_representative_state,1,normal
000001101,2018-01-23 16:00:00,2018-01-23,16,near,near,2018-01-23 16:00:00,,no_representative_state,1,normal
000001101,2018-01-23 19:00:00,2018-01-23,19,near,near,2018-01-23 19:00:00,,no_representative_state,1,normal
000001101,2018-01-23 20:00:00,2018-01-23,20,near,near,2018-01-23 20:00:00,,no_representative_state,1,normal
000001101,2018-01-24 02:00:00,2018-01-24,2,near,near,2018-01-24 02:00:00,,no_representative_state,1,normal
000001101,2018-01-24 03:00:00,2018-01-24,3,core,core,2018-01-24 03:00:00,,no_representative_state,1,normal
000001101,2018-01-24 04:00:00,2018-01-24,4,core,core,2018-01-24 04:00:00,,no_representative_state,1,normal
000001101,2018-01-24 05:00:00,2018-01-24,5,near,near,2018-01-24 05:00:00,,no_representative_state,1,normal
000001101,2018-01-24 10:00:00,2018-01-24,10,core,core,2018-01-24 10:00:00,,multi_a_region,2,normal
000001101,2018-01-24 10:00:00,2018-01-24,10,near,near,2018-01-24 10:00:00,,multi_a_region,2,normal
000001101,2018-01-24 11:00:00,2018-01-24,11,core,core,2018-01-24 11:00:00,,no_representative_state,1,normal
000001101,2018-01-24 14:00:00,2018-01-24,14,core,core,2018-01-24 14:00:00,,no_representative_state,1,normal
000001101,2018-01-24 15:00:00,2018-01-24,15,core,core,2018-01-24 15:00:00,,no_representative_state,1,normal
000001101,2018-01-24 16:00:00,2018-01-24,16,core,core,2018-01-24 16:00:00,,multi_a_region,2,normal
000001101,2018-01-24 16:00:00,2018-01-24,16,near,near,2018-01-24 16:00:00,,multi_a_region,2,normal
000001119,2018-01-01 03:00:00,2018-01-01,3,core,core,2018-01-01 03:00:00,,no_representative_state,1,normal
000001119,2018-01-01 04:00:00,2018-01-01,4,core,core,2018-01-01 04:00:00,,no_representative_state,1,normal
000001119,2018-01-01 06:00:00,2018-01-01,6,core,core,2018-01-01 06:00:00,,no_representative_state,1,normal
000001119,2018-01-01 07:00:00,2018-01-01,7,core,core,2018-01-01 07:00:00,,multi_a_region,2,normal
000001119,2018-01-01 07:00:00,2018-01-01,7,near,near,2018-01-01 07:00:00,,multi_a_region,2,normal
000001119,2018-01-01 08:00:00,2018-01-01,8,core,core,2018-01-01 08:00:00,,no_representative_state,1,normal
000001119,2018-01-01 11:00:00,2018-01-01,11,core,core,2018-01-01 11:00:00,,no_representative_state,1,normal
000001119,2018-01-01 12:00:00,2018-01-01,12,core,core,2018-01-01 12:00:00,,no_representative_state,1,normal
000001119,2018-01-01 16:00:00,2018-01-01,16,core,core,2018-01-01 16:00:00,,multi_a_region,2,normal
000001119,2018-01-01 16:00:00,2018-01-01,16,near,near,2018-01-01 16:00:00,,multi_a_region,2,normal
000001119,2018-01-01 18:00:00,2018-01-01,18,near,near,2018-01-01 18:00:00,,no_representative_state,1,normal
000001119,2018-01-01 19:00:00,2018-01-01,19,core,core,2018-01-01 19:00:00,,multi_a_region,2,normal
000001119,2018-01-01 19:00:00,2018-01-01,19,near,near,2018-01-01 19:00:00,,multi_a_region,2,normal
000001119,2018-01-01 23:00:00,2018-01-01,23,core,core,2018-01-01 23:00:00,,no_representative_state,1,normal
000001119,2018-01-02 00:00:00,2018-01-02,0,core,core,2018-01-02 00:00:00,,no_representative_state,1,normal
000001119,2018-01-02 03:00:00,2018-01-02,3,core,core,2018-01-02 03:00:00,,no_representative_state,1,normal
000001119,2018-01-02 06:00:00,2018-01-02,6,core,core,2018-01-02 06:00:00,,no_representative_state,1,normal
000001119,2018-01-02 07:00:00,2018-01-02,7,core,core,2018-01-02 07:00:00,,no_representative_state,1,normal
000001119,2018-01-02 09:00:00,2018-01-02,9,core,core,2018-01-02 09:00:00,,no_representative_state,1,normal
000001119,2018-01-02 11:00:00,2018-01-02,11,core,core,2018-01-02 11:00:00,,no_representative_state,1,normal
000001119,2018-01-02 12:00:00,2018-01-02,12,core,core,2018-01-02 12:00:00,,no_representative_state,1,normal
000001119,2018-01-02 14:00:00,2018-01-02,14,core,core,2018-01-02 14:00:00,,multi_a_region,2,normal
000001119,2018-01-02 14:00:00,2018-01-02,14,near,near,2018-01-02 14:00:00,,multi_a_region,2,normal
000001119,2018-01-02 15:00:00,2018-01-02,15,near,near,2018-01-02 15:00:00,,no_representative_state,1,normal
000001119,2018-01-02 16:00:00,2018-01-02,16,core,core,2018-01-02 16:00:00,,no_representative_state,1,normal
000001119,2018-01-02 17:00:00,2018-01-02,17,core,core,2018-01-02 17:00:00,,no_representative_state,1,normal
000001119,2018-01-02 18:00:00,2018-01-02,18,core,core,2018-01-02 18:00:00,,multi_a_region,2,normal
000001119,2018-01-02 18:00:00,2018-01-02,18,near,near,2018-01-02 18:00:00,,multi_a_region,2,normal
000001119,2018-01-02 19:00:00,2018-01-02,19,core,core,2018-01-02 19:00:00,,no_representative_state,1,normal
000001119,2018-01-02 23:00:00,2018-01-02,23,core,core,2018-01-02 23:00:00,,no_representative_state,1,normal
000001119,2018-01-03 00:00:00,2018-01-03,0,core,core,2018-01-03 00:00:00,,no_representative_state,1,normal
000001119,2018-01-03 03:00:00,2018-01-03,3,core,core,2018-01-03 03:00:00,,no_representative_state,1,normal
000001119,2018-01-03 04:00:00,2018-01-03,4,core,core,2018-01-03 04:00:00,,no_representative_state,1,normal
000001119,2018-01-03 07:00:00,2018-01-03,7,core,core,2018-01-03 07:00:00,,no_representative_state,1,normal
000001119,2018-01-03 08:00:00,2018-01-03,8,core,core,2018-01-03 08:00:00,,no_representative_state,1,normal
000001119,2018-01-03 11:00:00,2018-01-03,11,core,core,2018-01-03 11:00:00,,multi_a_region,2,normal
000001119,2018-01-03 11:00:00,2018-01-03,11,near,near,2018-01-03 11:00:00,,multi_a_region,2,normal
000001119,2018-01-03 12:00:00,2018-01-03,12,near,near,2018-01-03 12:00:00,,no_representative_state,1,normal
000001119,2018-01-03 13:00:00,2018-01-03,13,core,core,2018-01-03 13:00:00,,multi_a_region,2,normal
000001119,2018-01-03 13:00:00,2018-01-03,13,near,near,2018-01-03 13:00:00,,multi_a_region,2,normal
000001119,2018-01-03 16:00:00,2018-01-03,16,core,core,2018-01-03 16:00:00,,no_representative_state,1,normal
000001119,2018-01-03 17:00:00,2018-01-03,17,core,core,2018-01-03 17:00:00,,no_representative_state,1,normal
000001119,2018-01-03 18:00:00,2018-01-03,18,core,core,2018-01-03 18:00:00,,multi_a_region,2,normal
000001119,2018-01-03 18:00:00,2018-01-03,18,near,near,2018-01-03 18:00:00,,multi_a_region,2,normal
000001119,2018-01-03 19:00:00,2018-01-03,19,core,core,2018-01-03 19:00:00,,no_representative_state,1,normal
000001119,2018-01-03 22:00:00,2018-01-03,22,core,core,2018-01-03 22:00:00,,no_representative_state,1,normal
000001119,2018-01-03 23:00:00,2018-01-03,23,outer,outer,2018-01-03 23:00:00,,no_representative_state,1,normal
000001119,2018-01-04 00:00:00,2018-01-04,0,outer,outer,2018-01-04 00:00:00,,no_representative_state,1,normal
000001119,2018-01-04 02:00:00,2018-01-04,2,outer,outer,2018-01-04 02:00:00,,no_representative_state,1,normal
000001119,2018-01-04 03:00:00,2018-01-04,3,near,near,2018-01-04 03:00:00,,multi_a_region,2,normal
000001119,2018-01-04 03:00:00,2018-01-04,3,outer,outer,2018-01-04 03:00:00,,multi_a_region,2,normal
000001119,2018-01-04 04:00:00,2018-01-04,4,core,core,2018-01-04 04:00:00,,multi_a_region,2,normal
000001119,2018-01-04 04:00:00,2018-01-04,4,near,near,2018-01-04 04:00:00,,multi_a_region,2,normal
000001119,2018-01-04 05:00:00,2018-01-04,5,core,core,2018-01-04 05:00:00,,no_representative_state,1,normal
000001119,2018-01-04 06:00:00,2018-01-04,6,core,core,2018-01-04 06:00:00,,multi_a_region,2,normal
000001119,2018-01-04 06:00:00,2018-01-04,6,near,near,2018-01-04 06:00:00,,multi_a_region,2,normal
000001119,2018-01-04 07:00:00,2018-01-04,7,near,near,2018-01-04 07:00:00,,no_representative_state,1,normal
000001119,2018-01-04 08:00:00,2018-01-04,8,core,core,2018-01-04 08:00:00,,multi_a_region,2,normal
000001119,2018-01-04 08:00:00,2018-01-04,8,near,near,2018-01-04 08:00:00,,multi_a_region,2,normal
000001119,2018-01-04 09:00:00,2018-01-04,9,core,core,2018-01-04 09:00:00,,no_representative_state,1,normal
000001119,2018-01-04 10:00:00,2018-01-04,10,core,core,2018-01-04 10:00:00,,multi_a_region,2,normal
000001119,2018-01-04 10:00:00,2018-01-04,10,near,near,2018-01-04 10:00:00,,multi_a_region,2,normal
000001119,2018-01-04 11:00:00,2018-01-04,11,core,core,2018-01-04 11:00:00,,multi_a_region,2,normal
000001119,2018-01-04 11:00:00,2018-01-04,11,near,near,2018-01-04 11:00:00,,multi_a_region,2,normal
000001119,2018-01-04 12:00:00,2018-01-04,12,core,core,2018-01-04 12:00:00,,no_representative_state,1,normal
000001119,2018-01-04 15:00:00,2018-01-04,15,core,core,2018-01-04 15:00:00,,no_representative_state,1,normal
000001119,2018-01-04 16:00:00,2018-01-04,16,core,core,2018-01-04 16:00:00,,no_representative_state,1,normal
000001119,2018-01-04 18:00:00,2018-01-04,18,core,core,2018-01-04 18:00:00,,multi_a_region,2,normal
000001119,2018-01-04 18:00:00,2018-01-04,18,near,near,2018-01-04 18:00:00,,multi_a_region,2,normal
000001119,2018-01-04 19:00:00,2018-01-04,19,core,core,2018-01-04 19:00:00,,multi_a_region,2,normal
000001119,2018-01-04 19:00:00,2018-01-04,19,near,near,2018-01-04 19:00:00,,multi_a_region,2,normal
000001119,2018-01-04 21:00:00,2018-01-04,21,core,core,2018-01-04 21:00:00,,multi_a_region,2,normal
000001119,2018-01-04 21:00:00,2018-01-04,21,near,near,2018-01-04 21:00:00,,multi_a_region,2,normal
000001119,2018-01-04 22:00:00,2018-01-04,22,core,core,2018-01-04 22:00:00,,multi_a_region,2,normal
000001119,2018-01-04 22:00:00,2018-01-04,22,near,near,2018-01-04 22:00:00,,multi_a_region,2,normal
000001119,2018-01-05 01:00:00,2018-01-05,1,core,core,2018-01-05 01:00:00,,no_representative_state,1,normal
000001119,2018-01-05 02:00:00,2018-01-05,2,core,core,2018-01-05 02:00:00,,no_representative_state,1,normal
000001119,2018-01-05 06:00:00,2018-01-05,6,core,core,2018-01-05 06:00:00,,no_representative_state,1,normal
000001119,2018-01-05 07:00:00,2018-01-05,7,core,core,2018-01-05 07:00:00,,no_representative_state,1,normal
000001119,2018-01-05 10:00:00,2018-01-05,10,core,core,2018-01-05 10:00:00,,no_representative_state,1,normal
000001119,2018-01-05 11:00:00,2018-01-05,11,core,core,2018-01-05 11:00:00,,multi_a_region,2,normal
000001119,2018-01-05 11:00:00,2018-01-05,11,near,near,2018-01-05 11:00:00,,multi_a_region,2,normal
000001119,2018-01-05 12:00:00,2018-01-05,12,core,core,2018-01-05 12:00:00,,no_representative_state,1,normal
000001119,2018-01-05 13:00:00,2018-01-05,13,core,core,2018-01-05 13:00:00,,no_representative_state,1,normal
000001119,2018-01-05 14:00:00,2018-01-05,14,core,core,2018-01-05 14:00:00,,no_representative_state,1,normal
000001119,2018-01-05 16:00:00,2018-01-05,16,core,core,2018-01-05 16:00:00,,no_representative_state,1,normal
000001119,2018-01-05 18:00:00,2018-01-05,18,core,core,2018-01-05 18:00:00,,no_representative_state,1,normal
000001119,2018-01-05 19:00:00,2018-01-05,19,core,core,2018-01-05 19:00:00,,multi_a_region,2,normal
000001119,2018-01-05 19:00:00,2018-01-05,19,near,near,2018-01-05 19:00:00,,multi_a_region,2,normal
000001119,2018-01-06 01:00:00,2018-01-06,1,core,core,2018-01-06 01:00:00,,no_representative_state,1,normal
000001119,2018-01-06 02:00:00,2018-01-06,2,core,core,2018-01-06 02:00:00,,no_representative_state,1,normal
000001119,2018-01-06 03:00:00,2018-01-06,3,core,core,2018-01-06 03:00:00,,no_representative_state,1,normal
000001119,2018-01-06 06:00:00,2018-01-06,6,core,core,2018-01-06 06:00:00,,no_representative_state,1,normal
000001119,2018-01-06 07:00:00,2018-01-06,7,core,core,2018-01-06 07:00:00,,multi_a_region,2,normal
000001119,2018-01-06 07:00:00,2018-01-06,7,near,near,2018-01-06 07:00:00,,multi_a_region,2,normal
000001119,2018-01-06 08:00:00,2018-01-06,8,core,core,2018-01-06 08:00:00,,multi_a_region,2,normal
000001119,2018-01-06 08:00:00,2018-01-06,8,near,near,2018-01-06 08:00:00,,multi_a_region,2,normal
000001119,2018-01-06 09:00:00,2018-01-06,9,core,core,2018-01-06 09:00:00,,no_representative_state,1,normal
000001119,2018-01-06 10:00:00,2018-01-06,10,near,near,2018-01-06 10:00:00,,no_representative_state,1,normal
000001119,2018-01-06 11:00:00,2018-01-06,11,near,near,2018-01-06 11:00:00,,no_representative_state,1,normal
000001119,2018-01-06 12:00:00,2018-01-06,12,core,core,2018-01-06 12:00:00,,multi_a_region,2,normal
000001119,2018-01-06 12:00:00,2018-01-06,12,near,near,2018-01-06 12:00:00,,multi_a_region,2,normal
000001119,2018-01-06 14:00:00,2018-01-06,14,core,core,2018-01-06 14:00:00,,multi_a_region,2,normal
000001119,2018-01-06 14:00:00,2018-01-06,14,near,near,2018-01-06 14:00:00,,multi_a_region,2,normal
000001119,2018-01-06 15:00:00,2018-01-06,15,core,core,2018-01-06 15:00:00,,multi_a_region,2,normal
000001119,2018-01-06 15:00:00,2018-01-06,15,near,near,2018-01-06 15:00:00,,multi_a_region,2,normal
000001119,2018-01-06 18:00:00,2018-01-06,18,core,core,2018-01-06 18:00:00,,no_representative_state,1,normal
000001119,2018-01-06 19:00:00,2018-01-06,19,core,core,2018-01-06 19:00:00,,no_representative_state,1,normal
000001119,2018-01-06 23:00:00,2018-01-06,23,core,core,2018-01-06 23:00:00,,no_representative_state,1,normal
000001119,2018-01-07 00:00:00,2018-01-07,0,core,core,2018-01-07 00:00:00,,no_representative_state,1,normal
000001119,2018-01-07 02:00:00,2018-01-07,2,core,core,2018-01-07 02:00:00,,no_representative_state,1,normal
000001119,2018-01-07 03:00:00,2018-01-07,3,core,core,2018-01-07 03:00:00,,multi_a_region,2,normal
000001119,2018-01-07 03:00:00,2018-01-07,3,near,near,2018-01-07 03:00:00,,multi_a_region,2,normal
000001119,2018-01-07 07:00:00,2018-01-07,7,core,core,2018-01-07 07:00:00,,no_representative_state,1,normal
000001119,2018-01-07 08:00:00,2018-01-07,8,core,core,2018-01-07 08:00:00,,no_representative_state,1,normal
000001119,2018-01-07 11:00:00,2018-01-07,11,core,core,2018-01-07 11:00:00,,no_representative_state,1,normal
000001119,2018-01-07 12:00:00,2018-01-07,12,core,core,2018-01-07 12:00:00,,multi_a_region,2,normal
000001119,2018-01-07 12:00:00,2018-01-07,12,near,near,2018-01-07 12:00:00,,multi_a_region,2,normal
000001119,2018-01-07 16:00:00,2018-01-07,16,core,core,2018-01-07 16:00:00,,no_representative_state,1,normal
000001119,2018-01-07 17:00:00,2018-01-07,17,core,core,2018-01-07 17:00:00,,no_representative_state,1,normal
000001119,2018-01-07 19:00:00,2018-01-07,19,core,core,2018-01-07 19:00:00,,no_representative_state,1,normal
000001119,2018-01-07 22:00:00,2018-01-07,22,core,core,2018-01-07 22:00:00,,no_representative_state,1,normal
000001119,2018-01-07 23:00:00,2018-01-07,23,core,core,2018-01-07 23:00:00,,no_representative_state,1,normal
000001119,2018-01-08 07:00:00,2018-01-08,7,core,core,2018-01-08 07:00:00,,no_representative_state,1,normal
000001119,2018-01-08 10:00:00,2018-01-08,10,core,core,2018-01-08 10:00:00,,no_representative_state,1,normal
000001119,2018-01-08 11:00:00,2018-01-08,11,core,core,2018-01-08 11:00:00,,no_representative_state,1,normal
000001119,2018-01-08 19:00:00,2018-01-08,19,core,core,2018-01-08 19:00:00,,multi_a_region,2,normal
000001119,2018-01-08 19:00:00,2018-01-08,19,near,near,2018-01-08 19:00:00,,multi_a_region,2,normal
000001119,2018-01-08 20:00:00,2018-01-08,20,core,core,2018-01-08 20:00:00,,multi_a_region,2,normal
000001119,2018-01-08 20:00:00,2018-01-08,20,near,near,2018-01-08 20:00:00,,multi_a_region,2,normal
000001119,2018-01-08 23:00:00,2018-01-08,23,core,core,2018-01-08 23:00:00,,no_representative_state,1,normal
000001119,2018-01-09 00:00:00,2018-01-09,0,core,core,2018-01-09 00:00:00,,no_representative_state,1,normal
000001119,2018-01-09 03:00:00,2018-01-09,3,core,core,2018-01-09 03:00:00,,no_representative_state,1,normal
000001119,2018-01-09 04:00:00,2018-01-09,4,core,core,2018-01-09 04:00:00,,no_representative_state,1,normal
000001119,2018-01-09 08:00:00,2018-01-09,8,near,near,2018-01-09 08:00:00,,no_representative_state,1,normal
000001119,2018-01-09 09:00:00,2018-01-09,9,core,core,2018-01-09 09:00:00,,no_representative_state,1,normal
000001119,2018-01-09 10:00:00,2018-01-09,10,core,core,2018-01-09 10:00:00,,no_representative_state,1,normal
000001119,2018-01-09 11:00:00,2018-01-09,11,core,core,2018-01-09 11:00:00,,no_representative_state,1,normal
000001119,2018-01-09 12:00:00,2018-01-09,12,core,core,2018-01-09 12:00:00,,multi_a_region,2,normal
000001119,2018-01-09 12:00:00,2018-01-09,12,near,near,2018-01-09 12:00:00,,multi_a_region,2,normal
000001119,2018-01-09 15:00:00,2018-01-09,15,core,core,2018-01-09 15:00:00,,no_representative_state,1,normal
000001119,2018-01-09 16:00:00,2018-01-09,16,core,core,2018-01-09 16:00:00,,no_representative_state,1,normal
000001119,2018-01-09 18:00:00,2018-01-09,18,core,core,2018-01-09 18:00:00,,multi_a_region,2,normal
000001119,2018-01-09 18:00:00,2018-01-09,18,near,near,2018-01-09 18:00:00,,multi_a_region,2,normal
000001119,2018-01-09 19:00:00,2018-01-09,19,near,near,2018-01-09 19:00:00,,no_representative_state,1,normal
000001119,2018-01-09 20:00:00,2018-01-09,20,core,core,2018-01-09 20:00:00,,multi_a_region,2,normal
000001119,2018-01-09 20:00:00,2018-01-09,20,near,near,2018-01-09 20:00:00,,multi_a_region,2,normal
000001119,2018-01-09 23:00:00,2018-01-09,23,core,core,2018-01-09 23:00:00,,no_representative_state,1,normal
000001119,2018-01-10 00:00:00,2018-01-10,0,core,core,2018-01-10 00:00:00,,no_representative_state,1,normal
000001119,2018-01-10 03:00:00,2018-01-10,3,core,core,2018-01-10 03:00:00,,no_representative_state,1,normal
000001119,2018-01-10 04:00:00,2018-01-10,4,core,core,2018-01-10 04:00:00,,no_representative_state,1,normal
000001119,2018-01-10 07:00:00,2018-01-10,7,core,core,2018-01-10 07:00:00,,multi_a_region,2,normal
000001119,2018-01-10 07:00:00,2018-01-10,7,near,near,2018-01-10 07:00:00,,multi_a_region,2,normal
000001119,2018-01-10 12:00:00,2018-01-10,12,core,core,2018-01-10 12:00:00,,multi_a_region,2,normal
000001119,2018-01-10 12:00:00,2018-01-10,12,near,near,2018-01-10 12:00:00,,multi_a_region,2,normal
000001119,2018-01-10 13:00:00,2018-01-10,13,core,core,2018-01-10 13:00:00,,multi_a_region,2,normal
000001119,2018-01-10 13:00:00,2018-01-10,13,near,near,2018-01-10 13:00:00,,multi_a_region,2,normal
000001119,2018-01-10 17:00:00,2018-01-10,17,core,core,2018-01-10 17:00:00,,no_representative_state,1,normal
000001119,2018-01-10 18:00:00,2018-01-10,18,core,core,2018-01-10 18:00:00,,no_representative_state,1,normal
000001119,2018-01-10 19:00:00,2018-01-10,19,core,core,2018-01-10 19:00:00,,multi_a_region,2,normal
000001119,2018-01-10 19:00:00,2018-01-10,19,near,near,2018-01-10 19:00:00,,multi_a_region,2,normal
000001119,2018-01-10 20:00:00,2018-01-10,20,core,core,2018-01-10 20:00:00,,multi_a_region,2,normal
000001119,2018-01-10 20:00:00,2018-01-10,20,near,near,2018-01-10 20:00:00,,multi_a_region,2,normal
000001119,2018-01-10 22:00:00,2018-01-10,22,core,core,2018-01-10 22:00:00,,no_representative_state,1,normal
000001119,2018-01-10 23:00:00,2018-01-10,23,core,core,2018-01-10 23:00:00,,multi_a_region,2,normal
000001119,2018-01-10 23:00:00,2018-01-10,23,near,near,2018-01-10 23:00:00,,multi_a_region,2,normal
000001119,2018-01-11 03:00:00,2018-01-11,3,core,core,2018-01-11 03:00:00,,multi_a_region,2,normal
000001119,2018-01-11 03:00:00,2018-01-11,3,near,near,2018-01-11 03:00:00,,multi_a_region,2,normal
000001119,2018-01-11 04:00:00,2018-01-11,4,core,core,2018-01-11 04:00:00,,no_representative_state,1,normal
000001119,2018-01-11 10:00:00,2018-01-11,10,core,core,2018-01-11 10:00:00,,no_representative_state,1,normal
000001119,2018-01-11 18:00:00,2018-01-11,18,core,core,2018-01-11 18:00:00,,no_representative_state,1,normal
000001119,2018-01-11 19:00:00,2018-01-11,19,outer,outer,2018-01-11 19:00:00,,no_representative_state,1,normal
000001119,2018-01-11 20:00:00,2018-01-11,20,outer,outer,2018-01-11 20:00:00,,no_representative_state,1,normal
000001119,2018-01-11 21:00:00,2018-01-11,21,outer,outer,2018-01-11 21:00:00,,no_representative_state,1,normal
000001119,2018-01-11 22:00:00,2018-01-11,22,near,near,2018-01-11 22:00:00,,multi_a_region,2,normal
000001119,2018-01-11 22:00:00,2018-01-11,22,outer,outer,2018-01-11 22:00:00,,multi_a_region,2,normal
000001119,2018-01-11 23:00:00,2018-01-11,23,core,core,2018-01-11 23:00:00,,multi_a_region,2,normal
000001119,2018-01-11 23:00:00,2018-01-11,23,near,near,2018-01-11 23:00:00,,multi_a_region,2,normal
000001119,2018-01-12 00:00:00,2018-01-12,0,core,core,2018-01-12 00:00:00,,no_representative_state,1,reduced
000001119,2018-01-12 03:00:00,2018-01-12,3,core,core,2018-01-12 03:00:00,,no_representative_state,1,reduced
000001119,2018-01-12 04:00:00,2018-01-12,4,core,core,2018-01-12 04:00:00,,multi_a_region,2,reduced
000001119,2018-01-12 04:00:00,2018-01-12,4,near,near,2018-01-12 04:00:00,,multi_a_region,2,reduced
000001119,2018-01-12 06:00:00,2018-01-12,6,core,core,2018-01-12 06:00:00,,no_representative_state,1,reduced
000001119,2018-01-12 07:00:00,2018-01-12,7,core,core,2018-01-12 07:00:00,,no_representative_state,1,reduced
000001119,2018-01-12 11:00:00,2018-01-12,11,near,near,2018-01-12 11:00:00,,no_representative_state,1,reduced
000001119,2018-01-12 12:00:00,2018-01-12,12,core,core,2018-01-12 12:00:00,,no_representative_state,1,reduced
000001119,2018-01-12 14:00:00,2018-01-12,14,near,near,2018-01-12 14:00:00,,no_representative_state,1,reduced
000001119,2018-01-12 19:00:00,2018-01-12,19,near,near,2018-01-12 19:00:00,,no_representative_state,1,reduced
000001119,2018-01-12 20:00:00,2018-01-12,20,near,near,2018-01-12 20:00:00,,no_representative_state,1,reduced
000001119,2018-01-13 06:00:00,2018-01-13,6,core,core,2018-01-13 06:00:00,,no_representative_state,1,outage
000001119,2018-01-13 14:00:00,2018-01-13,14,outer,outer,2018-01-13 14:00:00,,no_representative_state,1,outage
000001119,2018-01-13 15:00:00,2018-01-13,15,near,near,2018-01-13 15:00:00,,no_representative_state,1,outage
000001119,2018-01-14 00:00:00,2018-01-14,0,outer,outer,2018-01-14 00:00:00,,no_representative_state,1,outage
000001119,2018-01-14 03:00:00,2018-01-14,3,outer,outer,2018-01-14 03:00:00,,no_representative_state,1,outage
000001119,2018-01-14 04:00:00,2018-01-14,4,core,core,2018-01-14 04:00:00,,multi_a_region,2,outage
000001119,2018-01-14 04:00:00,2018-01-14,4,near,near,2018-01-14 04:00:00,,multi_a_region,2,outage
000001119,2018-01-14 07:00:00,2018-01-14,7,core,core,2018-01-14 07:00:00,,no_representative_state,1,outage
000001119,2018-01-14 08:00:00,2018-01-14,8,near,near,2018-01-14 08:00:00,,no_representative_state,1,outage
000001119,2018-01-14 13:00:00,2018-01-14,13,near,near,2018-01-14 13:00:00,,no_representative_state,1,outage
000001119,2018-01-15 10:00:00,2018-01-15,10,core,core,2018-01-15 10:00:00,,no_representative_state,1,outage
000001119,2018-01-15 14:00:00,2018-01-15,14,core,core,2018-01-15 14:00:00,,no_representative_state,1,outage
000001119,2018-01-15 17:00:00,2018-01-15,17,outer,outer,2018-01-15 17:00:00,,no_representative_state,1,outage
000001119,2018-01-15 18:00:00,2018-01-15,18,near,near,2018-01-15 18:00:00,,multi_a_region,2,outage
000001119,2018-01-15 18:00:00,2018-01-15,18,outer,outer,2018-01-15 18:00:00,,multi_a_region,2,outage
000001119,2018-01-15 19:00:00,2018-01-15,19,near,near,2018-01-15 19:00:00,,no_representative_state,1,outage
000001119,2018-01-15 22:00:00,2018-01-15,22,core,core,2018-01-15 22:00:00,,no_representative_state,1,outage
000001119,2018-01-16 03:00:00,2018-01-16,3,core,core,2018-01-16 03:00:00,,no_representative_state,1,outage
000001119,2018-01-16 06:00:00,2018-01-16,6,core,core,2018-01-16 06:00:00,,no_representative_state,1,outage
000001119,2018-01-16 07:00:00,2018-01-16,7,core,core,2018-01-16 07:00:00,,no_representative_state,1,outage
000001119,2018-01-16 08:00:00,2018-01-16,8,core,core,2018-01-16 08:00:00,,no_representative_state,1,outage
000001119,2018-01-16 10:00:00,2018-01-16,10,core,core,2018-01-16 10:00:00,,no_representative_state,1,outage
000001119,2018-01-16 11:00:00,2018-01-16,11,core,core,2018-01-16 11:00:00,,no_representative_state,1,outage
000001119,2018-01-16 15:00:00,2018-01-16,15,core,core,2018-01-16 15:00:00,,no_representative_state,1,outage
000001119,2018-01-16 18:00:00,2018-01-16,18,core,core,2018-01-16 18:00:00,,no_representative_state,1,outage
000001119,2018-01-16 19:00:00,2018-01-16,19,core,core,2018-01-16 19:00:00,,no_representative_state,1,outage
000001119,2018-01-17 07:00:00,2018-01-17,7,core,core,2018-01-17 07:00:00,,no_representative_state,1,severe
000001119,2018-01-17 14:00:00,2018-01-17,14,core,core,2018-01-17 14:00:00,,no_representative_state,1,severe
000001119,2018-01-17 18:00:00,2018-01-17,18,core,core,2018-01-17 18:00:00,,no_representative_state,1,severe
000001119,2018-01-18 01:00:00,2018-01-18,1,outer,outer,2018-01-18 01:00:00,,no_representative_state,1,severe
000001119,2018-01-18 02:00:00,2018-01-18,2,outer,outer,2018-01-18 02:00:00,,no_representative_state,1,severe
000001119,2018-01-18 03:00:00,2018-01-18,3,core,core,2018-01-18 03:00:00,,no_representative_state,1,severe
000001119,2018-01-18 06:00:00,2018-01-18,6,core,core,2018-01-18 06:00:00,,no_representative_state,1,severe
000001119,2018-01-18 07:00:00,2018-01-18,7,core,core,2018-01-18 07:00:00,,no_representative_state,1,severe
000001119,2018-01-18 08:00:00,2018-01-18,8,core,core,2018-01-18 08:00:00,,no_representative_state,1,severe
000001119,2018-01-18 19:00:00,2018-01-18,19,core,core,2018-01-18 19:00:00,,no_representative_state,1,severe
000001119,2018-01-18 23:00:00,2018-01-18,23,core,core,2018-01-18 23:00:00,,no_representative_state,1,severe
000001119,2018-01-19 11:00:00,2018-01-19,11,core,core,2018-01-19 11:00:00,,multi_a_region,2,normal
000001119,2018-01-19 11:00:00,2018-01-19,11,near,near,2018-01-19 11:00:00,,multi_a_region,2,normal
000001119,2018-01-19 12:00:00,2018-01-19,12,core,core,2018-01-19 12:00:00,,no_representative_state,1,normal
000001119,2018-01-19 14:00:00,2018-01-19,14,core,core,2018-01-19 14:00:00,,no_representative_state,1,normal
000001119,2018-01-19 15:00:00,2018-01-19,15,core,core,2018-01-19 15:00:00,,no_representative_state,1,normal
000001119,2018-01-19 19:00:00,2018-01-19,19,core,core,2018-01-19 19:00:00,,no_representative_state,1,normal
000001119,2018-01-19 20:00:00,2018-01-19,20,core,core,2018-01-19 20:00:00,,no_representative_state,1,normal
000001119,2018-01-19 22:00:00,2018-01-19,22,core,core,2018-01-19 22:00:00,,no_representative_state,1,normal
000001119,2018-01-19 23:00:00,2018-01-19,23,core,core,2018-01-19 23:00:00,,multi_a_region,2,normal
000001119,2018-01-19 23:00:00,2018-01-19,23,near,near,2018-01-19 23:00:00,,multi_a_region,2,normal
000001119,2018-01-20 02:00:00,2018-01-20,2,core,core,2018-01-20 02:00:00,,no_representative_state,1,normal
000001119,2018-01-20 03:00:00,2018-01-20,3,core,core,2018-01-20 03:00:00,,no_representative_state,1,normal
000001119,2018-01-20 07:00:00,2018-01-20,7,core,core,2018-01-20 07:00:00,,no_representative_state,1,normal
000001119,2018-01-20 08:00:00,2018-01-20,8,core,core,2018-01-20 08:00:00,,no_representative_state,1,normal
000001119,2018-01-20 10:00:00,2018-01-20,10,core,core,2018-01-20 10:00:00,,no_representative_state,1,normal
000001119,2018-01-20 11:00:00,2018-01-20,11,near,near,2018-01-20 11:00:00,,no_representative_state,1,normal
000001119,2018-01-20 12:00:00,2018-01-20,12,near,near,2018-01-20 12:00:00,,multi_a_region,2,normal
000001119,2018-01-20 12:00:00,2018-01-20,12,outer,outer,2018-01-20 12:00:00,,multi_a_region,2,normal
000001119,2018-01-20 13:00:00,2018-01-20,13,outer,outer,2018-01-20 13:00:00,,no_representative_state,1,normal
000001119,2018-01-20 14:00:00,2018-01-20,14,core,core,2018-01-20 14:00:00,,no_representative_state,1,normal
000001119,2018-01-20 15:00:00,2018-01-20,15,core,core,2018-01-20 15:00:00,,multi_a_region,2,normal
000001119,2018-01-20 15:00:00,2018-01-20,15,near,near,2018-01-20 15:00:00,,multi_a_region,2,normal
000001119,2018-01-20 16:00:00,2018-01-20,16,near,near,2018-01-20 16:00:00,,no_representative_state,1,normal
000001119,2018-01-20 22:00:00,2018-01-20,22,core,core,2018-01-20 22:00:00,,multi_a_region,2,normal
000001119,2018-01-20 22:00:00,2018-01-20,22,near,near,2018-01-20 22:00:00,,multi_a_region,2,normal
000001119,2018-01-20 23:00:00,2018-01-20,23,core,core,2018-01-20 23:00:00,,no_representative_state,1,normal
000001119,2018-01-21 00:00:00,2018-01-21,0,core,core,2018-01-21 00:00:00,,no_representative_state,1,normal
000001119,2018-01-21 01:00:00,2018-01-21,1,core,core,2018-01-21 01:00:00,,no_representative_state,1,normal
000001119,2018-01-21 03:00:00,2018-01-21,3,core,core,2018-01-21 03:00:00,,no_representative_state,1,normal
000001119,2018-01-21 04:00:00,2018-01-21,4,core,core,2018-01-21 04:00:00,,multi_a_region,2,normal
000001119,2018-01-21 04:00:00,2018-01-21,4,near,near,2018-01-21 04:00:00,,multi_a_region,2,normal
000001119,2018-01-21 08:00:00,2018-01-21,8,core,core,2018-01-21 08:00:00,,multi_a_region,2,normal
000001119,2018-01-21 08:00:00,2018-01-21,8,near,near,2018-01-21 08:00:00,,multi_a_region,2,normal
000001119,2018-01-21 09:00:00,2018-01-21,9,core,core,2018-01-21 09:00:00,,no_representative_state,1,normal
000001119,2018-01-21 13:00:00,2018-01-21,13,core,core,2018-01-21 13:00:00,,no_representative_state,1,normal
000001119,2018-01-21 14:00:00,2018-01-21,14,core,core,2018-01-21 14:00:00,,multi_a_region,2,normal
000001119,2018-01-21 14:00:00,2018-01-21,14,near,near,2018-01-21 14:00:00,,multi_a_region,2,normal
000001119,2018-01-21 15:00:00,2018-01-21,15,near,near,2018-01-21 15:00:00,,multi_a_region,2,normal
000001119,2018-01-21 15:00:00,2018-01-21,15,outer,outer,2018-01-21 15:00:00,,multi_a_region,2,normal
000001119,2018-01-21 16:00:00,2018-01-21,16,outer,outer,2018-01-21 16:00:00,,no_representative_state,1,normal
000001119,2018-01-21 17:00:00,2018-01-21,17,outer,outer,2018-01-21 17:00:00,,no_representative_state,1,normal
000001119,2018-01-21 18:00:00,2018-01-21,18,core,core,2018-01-21 18:00:00,,multi_a_region,3,normal
000001119,2018-01-21 18:00:00,2018-01-21,18,near,near,2018-01-21 18:00:00,,multi_a_region,3,normal
000001119,2018-01-21 18:00:00,2018-01-21,18,outer,outer,2018-01-21 18:00:00,,multi_a_region,3,normal
000001119,2018-01-21 19:00:00,2018-01-21,19,core,core,2018-01-21 19:00:00,,no_representative_state,1,normal
000001119,2018-01-21 20:00:00,2018-01-21,20,core,core,2018-01-21 20:00:00,,multi_a_region,2,normal
000001119,2018-01-21 20:00:00,2018-01-21,20,near,near,2018-01-21 20:00:00,,multi_a_region,2,normal
000001119,2018-01-22 00:00:00,2018-01-22,0,core,core,2018-01-22 00:00:00,,no_representative_state,1,normal
000001119,2018-01-22 01:00:00,2018-01-22,1,core,core,2018-01-22 01:00:00,,no_representative_state,1,normal
000001119,2018-01-22 07:00:00,2018-01-22,7,core,core,2018-01-22 07:00:00,,multi_a_region,2,normal
000001119,2018-01-22 07:00:00,2018-01-22,7,near,near,2018-01-22 07:00:00,,multi_a_region,2,normal
000001119,2018-01-22 09:00:00,2018-01-22,9,core,core,2018-01-22 09:00:00,,multi_a_region,2,normal
000001119,2018-01-22 09:00:00,2018-01-22,9,near,near,2018-01-22 09:00:00,,multi_a_region,2,normal
000001119,2018-01-22 16:00:00,2018-01-22,16,core,core,2018-01-22 16:00:00,,no_representative_state,1,normal
000001119,2018-01-22 17:00:00,2018-01-22,17,core,core,2018-01-22 17:00:00,,no_representative_state,1,normal
000001119,2018-01-22 18:00:00,2018-01-22,18,core,core,2018-01-22 18:00:00,,multi_a_region,2,normal
000001119,2018-01-22 18:00:00,2018-01-22,18,near,near,2018-01-22 18:00:00,,multi_a_region,2,normal
000001119,2018-01-22 19:00:00,2018-01-22,19,near,near,2018-01-22 19:00:00,,no_representative_state,1,normal
000001119,2018-01-22 20:00:00,2018-01-22,20,core,core,2018-01-22 20:00:00,,multi_a_region,2,normal
000001119,2018-01-22 20:00:00,2018-01-22,20,near,near,2018-01-22 20:00:00,,multi_a_region,2,normal
000001119,2018-01-22 23:00:00,2018-01-22,23,core,core,2018-01-22 23:00:00,,multi_a_region,2,normal
000001119,2018-01-22 23:00:00,2018-01-22,23,near,near,2018-01-22 23:00:00,,multi_a_region,2,normal
000001119,2018-01-23 00:00:00,2018-01-23,0,near,near,2018-01-23 00:00:00,,no_representative_state,1,normal
000001119,2018-01-23 01:00:00,2018-01-23,1,core,core,2018-01-23 01:00:00,,no_representative_state,1,normal
000001119,2018-01-23 02:00:00,2018-01-23,2,core,core,2018-01-23 02:00:00,,no_representative_state,1,normal
000001119,2018-01-23 03:00:00,2018-01-23,3,core,core,2018-01-23 03:00:00,,multi_a_region,2,normal
000001119,2018-01-23 03:00:00,2018-01-23,3,near,near,2018-01-23 03:00:00,,multi_a_region,2,normal
000001119,2018-01-23 04:00:00,2018-01-23,4,core,core,2018-01-23 04:00:00,,no_representative_state,1,normal
000001119,2018-01-23 06:00:00,2018-01-23,6,core,core,2018-01-23 06:00:00,,no_representative_state,1,normal
000001119,2018-01-23 07:00:00,2018-01-23,7,core,core,2018-01-23 07:00:00,,multi_a_region,2,normal
000001119,2018-01-23 07:00:00,2018-01-23,7,near,near,2018-01-23 07:00:00,,multi_a_region,2,normal
000001119,2018-01-23 08:00:00,2018-01-23,8,core,core,2018-01-23 08:00:00,,multi_a_region,2,normal
000001119,2018-01-23 08:00:00,2018-01-23,8,near,near,2018-01-23 08:00:00,,multi_a_region,2,normal
000001119,2018-01-23 11:00:00,2018-01-23,11,core,core,2018-01-23 11:00:00,,multi_a_region,2,normal
000001119,2018-01-23 11:00:00,2018-01-23,11,near,near,2018-01-23 11:00:00,,multi_a_region,2,normal
000001119,2018-01-23 12:00:00,2018-01-23,12,near,near,2018-01-23 12:00:00,,no_representative_state,1,normal
000001119,2018-01-23 13:00:00,2018-01-23,13,near,near,2018-01-23 13:00:00,,multi_a_region,2,normal
000001119,2018-01-23 13:00:00,2018-01-23,13,outer,outer,2018-01-23 13:00:00,,multi_a_region,2,normal
000001119,2018-01-23 14:00:00,2018-01-23,14,outer,outer,2018-01-23 14:00:00,,no_representative_state,1,normal
000001119,2018-01-23 16:00:00,2018-01-23,16,outer,outer,2018-01-23 16:00:00,,no_representative_state,1,normal
000001119,2018-01-23 17:00:00,2018-01-23,17,near,near,2018-01-23 17:00:00,,multi_a_region,2,normal
000001119,2018-01-23 17:00:00,2018-01-23,17,outer,outer,2018-01-23 17:00:00,,multi_a_region,2,normal
000001119,2018-01-23 18:00:00,2018-01-23,18,near,near,2018-01-23 18:00:00,,no_representative_state,1,normal
000001119,2018-01-23 19:00:00,2018-01-23,19,core,core,2018-01-23 19:00:00,,multi_a_region,2,normal
000001119,2018-01-23 19:00:00,2018-01-23,19,near,near,2018-01-23 19:00:00,,multi_a_region,2,normal
000001119,2018-01-23 20:00:00,2018-01-23,20,core,core,2018-01-23 20:00:00,,multi_a_region,2,normal
000001119,2018-01-23 20:00:00,2018-01-23,20,near,near,2018-01-23 20:00:00,,multi_a_region,2,normal
000001119,2018-01-23 21:00:00,2018-01-23,21,core,core,2018-01-23 21:00:00,,no_representative_state,1,normal
000001119,2018-01-24 03:00:00,2018-01-24,3,core,core,2018-01-24 03:00:00,,no_representative_state,1,normal
000001119,2018-01-24 04:00:00,2018-01-24,4,core,core,2018-01-24 04:00:00,,no_representative_state,1,normal
000001119,2018-01-24 05:00:00,2018-01-24,5,core,core,2018-01-24 05:00:00,,no_representative_state,1,normal
000001119,2018-01-24 11:00:00,2018-01-24,11,core,core,2018-01-24 11:00:00,,no_representative_state,1,normal
000001119,2018-01-24 12:00:00,2018-01-24,12,core,core,2018-01-24 12:00:00,,no_representative_state,1,normal
000001119,2018-01-24 13:00:00,2018-01-24,13,core,core,2018-01-24 13:00:00,,no_representative_state,1,normal
000001119,2018-01-24 14:00:00,2018-01-24,14,core,core,2018-01-24 14:00:00,,no_representative_state,1,normal
000001119,2018-01-24 15:00:00,2018-01-24,15,core,core,2018-01-24 15:00:00,,multi_a_region,2,normal
000001119,2018-01-24 15:00:00,2018-01-24,15,near,near,2018-01-24 15:00:00,,multi_a_region,2,normal
000001119,2018-01-24 16:00:00,2018-01-24,16,core,core,2018-01-24 16:00:00,,multi_a_region,2,normal
000001119,2018-01-24 16:00:00,2018-01-24,16,near,near,2018-01-24 16:00:00,,multi_a_region,2,normal
000001119,2018-01-24 19:00:00,2018-01-24,19,core,core,2018-01-24 19:00:00,,multi_a_region,2,normal
000001119,2018-01-24 19:00:00,2018-01-24,19,near,near,2018-01-24 19:00:00,,multi_a_region,2,normal
000001119,2018-01-24 20:00:00,2018-01-24,20,near,near,2018-01-24 20:00:00,,no_representative_state,1,normal
000001119,2018-01-24 22:00:00,2018-01-24,22,near,near,2018-01-24 22:00:00,,no_representative_state,1,normal
000001119,2018-01-24 23:00:00,2018-01-24,23,core,core,2018-01-24 23:00:00,,multi_a_region,2,normal
000001119,2018-01-24 23:00:00,2018-01-24,23,near,near,2018-01-24 23:00:00,,multi_a_region,2,normal
000001128,2018-01-01 02:00:00,2018-01-01,2,core,core,2018-01-01 02:00:00,,no_representative_state,1,normal
000001128,2018-01-01 03:00:00,2018-01-01,3,core,core,2018-01-01 03:00:00,,no_representative_state,1,normal
000001128,2018-01-01 06:00:00,2018-01-01,6,core,core,2018-01-01 06:00:00,,no_representative_state,1,normal
000001128,2018-01-01 07:00:00,2018-01-01,7,near,near,2018-01-01 07:00:00,,no_representative_state,1,normal
000001128,2018-01-01 08:00:00,2018-01-01,8,near,near,2018-01-01 08:00:00,,multi_a_region,2,normal
000001128,2018-01-01 08:00:00,2018-01-01,8,outer,outer,2018-01-01 08:00:00,,multi_a_region,2,normal
000001128,2018-01-01 10:00:00,2018-01-01,10,core,core,2018-01-01 10:00:00,,multi_a_region,2,normal
000001128,2018-01-01 10:00:00,2018-01-01,10,near,near,2018-01-01 10:00:00,,multi_a_region,2,normal
000001128,2018-01-01 13:00:00,2018-01-01,13,core,core,2018-01-01 13:00:00,,multi_a_region,2,normal
000001128,2018-01-01 13:00:00,2018-01-01,13,near,near,2018-01-01 13:00:00,,multi_a_region,2,normal
000001128,2018-01-01 14:00:00,2018-01-01,14,core,core,2018-01-01 14:00:00,,no_representative_state,1,normal
000001128,2018-01-01 15:00:00,2018-01-01,15,core,core,2018-01-01 15:00:00,,no_representative_state,1,normal
000001128,2018-01-01 16:00:00,2018-01-01,16,core,core,2018-01-01 16:00:00,,no_representative_state,1,normal
000001128,2018-01-01 19:00:00,2018-01-01,19,core,core,2018-01-01 19:00:00,,no_representative_state,1,normal
000001128,2018-01-01 20:00:00,2018-01-01,20,core,core,2018-01-01 20:00:00,,no_representative_state,1,normal
000001128,2018-01-01 22:00:00,2018-01-01,22,core,core,2018-01-01 22:00:00,,no_representative_state,1,normal
000001128,2018-01-01 23:00:00,2018-01-01,23,core,core,2018-01-01 23:00:00,,no_representative_state,1,normal
000001128,2018-01-02 03:00:00,2018-01-02,3,core,core,2018-01-02 03:00:00,,no_representative_state,1,normal
000001128,2018-01-02 04:00:00,2018-01-02,4,core,core,2018-01-02 04:00:00,,no_representative_state,1,normal
000001128,2018-01-02 08:00:00,2018-01-02,8,core,core,2018-01-02 08:00:00,,no_representative_state,1,normal
000001128,2018-01-02 14:00:00,2018-01-02,14,core,core,2018-01-02 14:00:00,,no_representative_state,1,normal
000001128,2018-01-02 15:00:00,2018-01-02,15,core,core,2018-01-02 15:00:00,,no_representative_state,1,normal
000001128,2018-01-02 16:00:00,2018-01-02,16,core,core,2018-01-02 16:00:00,,no_representative_state,1,normal
000001128,2018-01-02 18:00:00,2018-01-02,18,core,core,2018-01-02 18:00:00,,no_representative_state,1,normal
000001128,2018-01-02 19:00:00,2018-01-02,19,core,core,2018-01-02 19:00:00,,no_representative_state,1,normal
000001128,2018-01-02 21:00:00,2018-01-02,21,core,core,2018-01-02 21:00:00,,multi_a_region,2,normal
000001128,2018-01-02 21:00:00,2018-01-02,21,near,near,2018-01-02 21:00:00,,multi_a_region,2,normal
000001128,2018-01-02 22:00:00,2018-01-02,22,core,core,2018-01-02 22:00:00,,multi_a_region,2,normal
000001128,2018-01-02 22:00:00,2018-01-02,22,near,near,2018-01-02 22:00:00,,multi_a_region,2,normal
000001128,2018-01-03 03:00:00,2018-01-03,3,core,core,2018-01-03 03:00:00,,multi_a_region,2,normal
000001128,2018-01-03 03:00:00,2018-01-03,3,near,near,2018-01-03 03:00:00,,multi_a_region,2,normal
000001128,2018-01-03 04:00:00,2018-01-03,4,core,core,2018-01-03 04:00:00,,no_representative_state,1,normal
000001128,2018-01-03 07:00:00,2018-01-03,7,core,core,2018-01-03 07:00:00,,no_representative_state,1,normal
000001128,2018-01-03 10:00:00,2018-01-03,10,core,core,2018-01-03 10:00:00,,no_representative_state,1,normal
000001128,2018-01-03 11:00:00,2018-01-03,11,outer,outer,2018-01-03 11:00:00,,no_representative_state,1,normal
000001128,2018-01-03 12:00:00,2018-01-03,12,outer,outer,2018-01-03 12:00:00,,no_representative_state,1,normal
000001128,2018-01-03 13:00:00,2018-01-03,13,outer,outer,2018-01-03 13:00:00,,no_representative_state,1,normal
000001128,2018-01-03 14:00:00,2018-01-03,14,near,near,2018-01-03 14:00:00,,multi_a_region,2,normal
000001128,2018-01-03 14:00:00,2018-01-03,14,outer,outer,2018-01-03 14:00:00,,multi_a_region,2,normal
000001128,2018-01-03 15:00:00,2018-01-03,15,near,near,2018-01-03 15:00:00,,no_representative_state,1,normal
000001128,2018-01-03 16:00:00,2018-01-03,16,core,core,2018-01-03 16:00:00,,no_representative_state,1,normal
000001128,2018-01-03 18:00:00,2018-01-03,18,core,core,2018-01-03 18:00:00,,no_representative_state,1,normal
000001128,2018-01-03 19:00:00,2018-01-03,19,core,core,2018-01-03 19:00:00,,multi_a_region,2,normal
000001128,2018-01-03 19:00:00,2018-01-03,19,near,near,2018-01-03 19:00:00,,multi_a_region,2,normal
000001128,2018-01-03 20:00:00,2018-01-03,20,core,core,2018-01-03 20:00:00,,no_representative_state,1,normal
000001128,2018-01-03 21:00:00,2018-01-03,21,core,core,2018-01-03 21:00:00,,no_representative_state,1,normal
000001128,2018-01-03 22:00:00,2018-01-03,22,core,core,2018-01-03 22:00:00,,multi_a_region,2,normal
000001128,2018-01-03 22:00:00,2018-01-03,22,near,near,2018-01-03 22:00:00,,multi_a_region,2,normal
000001128,2018-01-03 23:00:00,2018-01-03,23,core,core,2018-01-03 23:00:00,,no_representative_state,1,normal
000001128,2018-01-04 03:00:00,2018-01-04,3,core,core,2018-01-04 03:00:00,,multi_a_region,2,normal
000001128,2018-01-04 03:00:00,2018-01-04,3,near,near,2018-01-04 03:00:00,,multi_a_region,2,normal
000001128,2018-01-04 04:00:00,2018-01-04,4,near,near,2018-01-04 04:00:00,,no_representative_state,1,normal
000001128,2018-01-04 05:00:00,2018-01-04,5,near,near,2018-01-04 05:00:00,,no_representative_state,1,normal
000001128,2018-01-04 06:00:00,2018-01-04,6,core,core,2018-01-04 06:00:00,,no_representative_state,1,normal
000001128,2018-01-04 07:00:00,2018-01-04,7,core,core,2018-01-04 07:00:00,,no_representative_state,1,normal
000001128,2018-01-04 08:00:00,2018-01-04,8,core,core,2018-01-04 08:00:00,,no_representative_state,1,normal
000001128,2018-01-04 09:00:00,2018-01-04,9,core,core,2018-01-04 09:00:00,,no_representative_state,1,normal
000001128,2018-01-04 10:00:00,2018-01-04,10,core,core,2018-01-04 10:00:00,,no_representative_state,1,normal
000001128,2018-01-04 11:00:00,2018-01-04,11,core,core,2018-01-04 11:00:00,,no_representative_state,1,normal
000001128,2018-01-04 14:00:00,2018-01-04,14,core,core,2018-01-04 14:00:00,,multi_a_region,2,normal
000001128,2018-01-04 14:00:00,2018-01-04,14,near,near,2018-01-04 14:00:00,,multi_a_region,2,normal
000001128,2018-01-04 15:00:00,2018-01-04,15,core,core,2018-01-04 15:00:00,,multi_a_region,2,normal
000001128,2018-01-04 15:00:00,2018-01-04,15,near,near,2018-01-04 15:00:00,,multi_a_region,2,normal
000001128,2018-01-04 16:00:00,2018-01-04,16,core,core,2018-01-04 16:00:00,,multi_a_region,2,normal
000001128,2018-01-04 16:00:00,2018-01-04,16,near,near,2018-01-04 16:00:00,,multi_a_region,2,normal
000001128,2018-01-04 22:00:00,2018-01-04,22,core,core,2018-01-04 22:00:00,,no_representative_state,1,normal
000001128,2018-01-04 23:00:00,2018-01-04,23,core,core,2018-01-04 23:00:00,,no_representative_state,1,normal
000001128,2018-01-05 03:00:00,2018-01-05,3,core,core,2018-01-05 03:00:00,,no_representative_state,1,normal
000001128,2018-01-05 04:00:00,2018-01-05,4,core,core,2018-01-05 04:00:00,,no_representative_state,1,normal
000001128,2018-01-05 06:00:00,2018-01-05,6,core,core,2018-01-05 06:00:00,,no_representative_state,1,normal
000001128,2018-01-05 07:00:00,2018-01-05,7,core,core,2018-01-05 07:00:00,,no_representative_state,1,normal
000001128,2018-01-05 08:00:00,2018-01-05,8,core,core,2018-01-05 08:00:00,,no_representative_state,1,normal
000001128,2018-01-05 09:00:00,2018-01-05,9,core,core,2018-01-05 09:00:00,,no_representative_state,1,normal
000001128,2018-01-05 10:00:00,2018-01-05,10,core,core,2018-01-05 10:00:00,,multi_a_region,2,normal
000001128,2018-01-05 10:00:00,2018-01-05,10,near,near,2018-01-05 10:00:00,,multi_a_region,2,normal
000001128,2018-01-05 11:00:00,2018-01-05,11,core,core,2018-01-05 11:00:00,,multi_a_region,2,normal
000001128,2018-01-05 11:00:00,2018-01-05,11,near,near,2018-01-05 11:00:00,,multi_a_region,2,normal
000001128,2018-01-05 12:00:00,2018-01-05,12,core,core,2018-01-05 12:00:00,,no_representative_state,1,normal
000001128,2018-01-05 13:00:00,2018-01-05,13,core,core,2018-01-05 13:00:00,,no_representative_state,1,normal
000001128,2018-01-05 14:00:00,2018-01-05,14,core,core,2018-01-05 14:00:00,,multi_a_region,2,normal
000001128,2018-01-05 14:00:00,2018-01-05,14,near,near,2018-01-05 14:00:00,,multi_a_region,2,normal
000001128,2018-01-05 15:00:00,2018-01-05,15,core,core,2018-01-05 15:00:00,,multi_a_region,2,normal
000001128,2018-01-05 15:00:00,2018-01-05,15,near,near,2018-01-05 15:00:00,,multi_a_region,2,normal
000001128,2018-01-05 18:00:00,2018-01-05,18,core,core,2018-01-05 18:00:00,,no_representative_state,1,normal
000001128,2018-01-05 19:00:00,2018-01-05,19,core,core,2018-01-05 19:00:00,,no_representative_state,1,normal
000001128,2018-01-05 20:00:00,2018-01-05,20,core,core,2018-01-05 20:00:00,,no_representative_state,1,normal
000001128,2018-01-05 21:00:00,2018-01-05,21,core,core,2018-01-05 21:00:00,,no_representative_state,1,normal
000001128,2018-01-06 03:00:00,2018-01-06,3,core,core,2018-01-06 03:00:00,,multi_a_region,2,normal
000001128,2018-01-06 03:00:00,2018-01-06,3,near,near,2018-01-06 03:00:00,,multi_a_region,2,normal
000001128,2018-01-06 06:00:00,2018-01-06,6,core,core,2018-01-06 06:00:00,,no_representative_state,1,normal
000001128,2018-01-06 07:00:00,2018-01-06,7,outer,outer,2018-01-06 07:00:00,,no_representative_state,1,normal
000001128,2018-01-06 08:00:00,2018-01-06,8,near,near,2018-01-06 08:00:00,,no_representative_state,1,normal
000001128,2018-01-06 12:00:00,2018-01-06,12,near,near,2018-01-06 12:00:00,,no_representative_state,1,normal
000001128,2018-01-06 14:00:00,2018-01-06,14,near,near,2018-01-06 14:00:00,,no_representative_state,1,normal
000001128,2018-01-06 15:00:00,2018-01-06,15,outer,outer,2018-01-06 15:00:00,,no_representative_state,1,normal
000001128,2018-01-06 16:00:00,2018-01-06,16,core,core,2018-01-06 16:00:00,,no_representative_state,1,normal
000001128,2018-01-06 18:00:00,2018-01-06,18,core,core,2018-01-06 18:00:00,,multi_a_region,2,normal
000001128,2018-01-06 18:00:00,2018-01-06,18,near,near,2018-01-06 18:00:00,,multi_a_region,2,normal
000001128,2018-01-06 19:00:00,2018-01-06,19,core,core,2018-01-06 19:00:00,,no_representative_state,1,normal
000001128,2018-01-06 23:00:00,2018-01-06,23,core,core,2018-01-06 23:00:00,,no_representative_state,1,normal
000001128,2018-01-07 00:00:00,2018-01-07,0,core,core,2018-01-07 00:00:00,,no_representative_state,1,normal
000001128,2018-01-07 02:00:00,2018-01-07,2,core,core,2018-01-07 02:00:00,,no_representative_state,1,normal
000001128,2018-01-07 03:00:00,2018-01-07,3,core,core,2018-01-07 03:00:00,,multi_a_region,2,normal
000001128,2018-01-07 03:00:00,2018-01-07,3,near,near,2018-01-07 03:00:00,,multi_a_region,2,normal
000001128,2018-01-07 04:00:00,2018-01-07,4,core,core,2018-01-07 04:00:00,,multi_a_region,2,normal
000001128,2018-01-07 04:00:00,2018-01-07,4,near,near,2018-01-07 04:00:00,,multi_a_region,2,normal
000001128,2018-01-07 06:00:00,2018-01-07,6,core,core,2018-01-07 06:00:00,,multi_a_region,2,normal
000001128,2018-01-07 06:00:00,2018-01-07,6,near,near,2018-01-07 06:00:00,,multi_a_region,2,normal
000001128,2018-01-07 07:00:00,2018-01-07,7,core,core,2018-01-07 07:00:00,,no_representative_state,1,normal
000001128,2018-01-07 08:00:00,2018-01-07,8,core,core,2018-01-07 08:00:00,,no_representative_state,1,normal
000001128,2018-01-07 10:00:00,2018-01-07,10,core,core,2018-01-07 10:00:00,,no_representative_state,1,normal
000001128,2018-01-07 11:00:00,2018-01-07,11,core,core,2018-01-07 11:00:00,,no_representative_state,1,normal
000001128,2018-01-07 12:00:00,2018-01-07,12,core,core,2018-01-07 12:00:00,,no_representative_state,1,normal
000001128,2018-01-07 13:00:00,2018-01-07,13,core,core,2018-01-07 13:00:00,,no_representative_state,1,normal
000001128,2018-01-07 16:00:00,2018-01-07,16,core,core,2018-01-07 16:00:00,,no_representative_state,1,normal
000001128,2018-01-07 17:00:00,2018-01-07,17,core,core,2018-01-07 17:00:00,,no_representative_state,1,normal
000001128,2018-01-07 18:00:00,2018-01-07,18,core,core,2018-01-07 18:00:00,,no_representative_state,1,normal
000001128,2018-01-07 20:00:00,2018-01-07,20,core,core,2018-01-07 20:00:00,,no_representative_state,1,normal
000001128,2018-01-07 21:00:00,2018-01-07,21,core,core,2018-01-07 21:00:00,,no_representative_state,1,normal
000001128,2018-01-08 03:00:00,2018-01-08,3,core,core,2018-01-08 03:00:00,,no_representative_state,1,normal
000001128,2018-01-08 04:00:00,2018-01-08,4,core,core,2018-01-08 04:00:00,,no_representative_state,1,normal
000001128,2018-01-08 07:00:00,2018-01-08,7,core,core,2018-01-08 07:00:00,,no_representative_state,1,normal
000001128,2018-01-08 08:00:00,2018-01-08,8,core,core,2018-01-08 08:00:00,,no_representative_state,1,normal
000001128,2018-01-08 10:00:00,2018-01-08,10,core,core,2018-01-08 10:00:00,,no_representative_state,1,normal
000001128,2018-01-08 11:00:00,2018-01-08,11,core,core,2018-01-08 11:00:00,,multi_a_region,2,normal
000001128,2018-01-08 11:00:00,2018-01-08,11,near,near,2018-01-08 11:00:00,,multi_a_region,2,normal
000001128,2018-01-08 12:00:00,2018-01-08,12,core,core,2018-01-08 12:00:00,,no_representative_state,1,normal
000001128,2018-01-08 15:00:00,2018-01-08,15,core,core,2018-01-08 15:00:00,,multi_a_region,2,normal
000001128,2018-01-08 15:00:00,2018-01-08,15,near,near,2018-01-08 15:00:00,,multi_a_region,2,normal
000001128,2018-01-08 16:00:00,2018-01-08,16,core,core,2018-01-08 16:00:00,,multi_a_region,2,normal
000001128,2018-01-08 16:00:00,2018-01-08,16,near,near,2018-01-08 16:00:00,,multi_a_region,2,normal
000001128,2018-01-08 19:00:00,2018-01-08,19,core,core,2018-01-08 19:00:00,,no_representative_state,1,normal
000001128,2018-01-08 20:00:00,2018-01-08,20,core,core,2018-01-08 20:00:00,,multi_a_region,2,normal
000001128,2018-01-08 20:00:00,2018-01-08,20,near,near,2018-01-08 20:00:00,,multi_a_region,2,normal
000001128,2018-01-08 21:00:00,2018-01-08,21,core,core,2018-01-08 21:00:00,,multi_a_region,2,normal
000001128,2018-01-08 21:00:00,2018-01-08,21,near,near,2018-01-08 21:00:00,,multi_a_region,2,normal
000001128,2018-01-09 00:00:00,2018-01-09,0,core,core,2018-01-09 00:00:00,,no_representative_state,1,normal
000001128,2018-01-09 01:00:00,2018-01-09,1,core,core,2018-01-09 01:00:00,,no_representative_state,1,normal
000001128,2018-01-09 03:00:00,2018-01-09,3,core,core,2018-01-09 03:00:00,,no_representative_state,1,normal
000001128,2018-01-09 04:00:00,2018-01-09,4,core,core,2018-01-09 04:00:00,,multi_a_region,2,normal
000001128,2018-01-09 04:00:00,2018-01-09,4,near,near,2018-01-09 04:00:00,,multi_a_region,2,normal
000001128,2018-01-09 08:00:00,2018-01-09,8,core,core,2018-01-09 08:00:00,,no_representative_state,1,normal
000001128,2018-01-09 09:00:00,2018-01-09,9,core,core,2018-01-09 09:00:00,,no_representative_state,1,normal
000001128,2018-01-09 10:00:00,2018-01-09,10,core,core,2018-01-09 10:00:00,,multi_a_region,2,normal
000001128,2018-01-09 10:00:00,2018-01-09,10,near,near,2018-01-09 10:00:00,,multi_a_region,2,normal
000001128,2018-01-09 11:00:00,2018-01-09,11,near,near,2018-01-09 11:00:00,,no_representative_state,1,normal
000001128,2018-01-09 12:00:00,2018-01-09,12,outer,outer,2018-01-09 12:00:00,,no_representative_state,1,normal
000001128,2018-01-09 13:00:00,2018-01-09,13,core,core,2018-01-09 13:00:00,,multi_a_region,3,normal
000001128,2018-01-09 13:00:00,2018-01-09,13,near,near,2018-01-09 13:00:00,,multi_a_region,3,normal
000001128,2018-01-09 13:00:00,2018-01-09,13,outer,outer,2018-01-09 13:00:00,,multi_a_region,3,normal
000001128,2018-01-09 15:00:00,2018-01-09,15,core,core,2018-01-09 15:00:00,,multi_a_region,2,normal
000001128,2018-01-09 15:00:00,2018-01-09,15,near,near,2018-01-09 15:00:00,,multi_a_region,2,normal
000001128,2018-01-09 18:00:00,2018-01-09,18,core,core,2018-01-09 18:00:00,,no_representative_state,1,normal
000001128,2018-01-09 19:00:00,2018-01-09,19,core,core,2018-01-09 19:00:00,,multi_a_region,2,normal
000001128,2018-01-09 19:00:00,2018-01-09,19,near,near,2018-01-09 19:00:00,,multi_a_region,2,normal
000001128,2018-01-09 20:00:00,2018-01-09,20,near,near,2018-01-09 20:00:00,,no_representative_state,1,normal
000001128,2018-01-09 23:00:00,2018-01-09,23,core,core,2018-01-09 23:00:00,,multi_a_region,2,normal
000001128,2018-01-09 23:00:00,2018-01-09,23,near,near,2018-01-09 23:00:00,,multi_a_region,2,normal
000001128,2018-01-10 00:00:00,2018-01-10,0,core,core,2018-01-10 00:00:00,,no_representative_state,1,normal
000001128,2018-01-10 01:00:00,2018-01-10,1,core,core,2018-01-10 01:00:00,,no_representative_state,1,normal
000001128,2018-01-10 03:00:00,2018-01-10,3,core,core,2018-01-10 03:00:00,,multi_a_region,2,normal
000001128,2018-01-10 03:00:00,2018-01-10,3,near,near,2018-01-10 03:00:00,,multi_a_region,2,normal
000001128,2018-01-10 06:00:00,2018-01-10,6,core,core,2018-01-10 06:00:00,,no_representative_state,1,normal
000001128,2018-01-10 09:00:00,2018-01-10,9,near,near,2018-01-10 09:00:00,,no_representative_state,1,normal
000001128,2018-01-10 10:00:00,2018-01-10,10,core,core,2018-01-10 10:00:00,,no_representative_state,1,normal
000001128,2018-01-10 11:00:00,2018-01-10,11,core,core,2018-01-10 11:00:00,,multi_a_region,2,normal
000001128,2018-01-10 11:00:00,2018-01-10,11,near,near,2018-01-10 11:00:00,,multi_a_region,2,normal
000001128,2018-01-10 12:00:00,2018-01-10,12,core,core,2018-01-10 12:00:00,,multi_a_region,2,normal
000001128,2018-01-10 12:00:00,2018-01-10,12,near,near,2018-01-10 12:00:00,,multi_a_region,2,normal
000001128,2018-01-10 16:00:00,2018-01-10,16,core,core,2018-01-10 16:00:00,,no_representative_state,1,normal
000001128,2018-01-10 18:00:00,2018-01-10,18,core,core,2018-01-10 18:00:00,,multi_a_region,2,normal
000001128,2018-01-10 18:00:00,2018-01-10,18,near,near,2018-01-10 18:00:00,,multi_a_region,2,normal
000001128,2018-01-10 19:00:00,2018-01-10,19,core,core,2018-01-10 19:00:00,,no_representative_state,1,normal
000001128,2018-01-10 20:00:00,2018-01-10,20,core,core,2018-01-10 20:00:00,,no_representative_state,1,normal
000001128,2018-01-10 22:00:00,2018-01-10,22,core,core,2018-01-10 22:00:00,,multi_a_region,2,normal
000001128,2018-01-10 22:00:00,2018-01-10,22,near,near,2018-01-10 22:00:00,,multi_a_region,2,normal
000001128,2018-01-10 23:00:00,2018-01-10,23,near,near,2018-01-10 23:00:00,,no_representative_state,1,normal
000001128,2018-01-11 00:00:00,2018-01-11,0,core,core,2018-01-11 00:00:00,,multi_a_region,2,normal
000001128,2018-01-11 00:00:00,2018-01-11,0,near,near,2018-01-11 00:00:00,,multi_a_region,2,normal
000001128,2018-01-11 03:00:00,2018-01-11,3,core,core,2018-01-11 03:00:00,,no_representative_state,1,normal
000001128,2018-01-11 04:00:00,2018-01-11,4,core,core,2018-01-11 04:00:00,,no_representative_state,1,normal
000001128,2018-01-11 06:00:00,2018-01-11,6,core,core,2018-01-11 06:00:00,,multi_a_region,2,normal
000001128,2018-01-11 06:00:00,2018-01-11,6,near,near,2018-01-11 06:00:00,,multi_a_region,2,normal
000001128,2018-01-11 07:00:00,2018-01-11,7,near,near,2018-01-11 07:00:00,,no_representative_state,1,normal
000001128,2018-01-11 11:00:00,2018-01-11,11,outer,outer,2018-01-11 11:00:00,,no_representative_state,1,normal
000001128,2018-01-11 12:00:00,2018-01-11,12,outer,outer,2018-01-11 12:00:00,,no_representative_state,1,normal
000001128,2018-01-11 13:00:00,2018-01-11,13,outer,outer,2018-01-11 13:00:00,,no_representative_state,1,normal
000001128,2018-01-11 14:00:00,2018-01-11,14,near,near,2018-01-11 14:00:00,,no_representative_state,1,normal
000001128,2018-01-11 15:00:00,2018-01-11,15,core,core,2018-01-11 15:00:00,,multi_a_region,2,normal
000001128,2018-01-11 15:00:00,2018-01-11,15,near,near,2018-01-11 15:00:00,,multi_a_region,2,normal
000001128,2018-01-11 17:00:00,2018-01-11,17,near,near,2018-01-11 17:00:00,,multi_a_region,2,normal
000001128,2018-01-11 17:00:00,2018-01-11,17,outer,outer,2018-01-11 17:00:00,,multi_a_region,2,normal
000001128,2018-01-11 18:00:00,2018-01-11,18,outer,outer,2018-01-11 18:00:00,,no_representative_state,1,normal
000001128,2018-01-11 19:00:00,2018-01-11,19,core,core,2018-01-11 19:00:00,,multi_a_region,2,normal
000001128,2018-01-11 19:00:00,2018-01-11,19,near,near,2018-01-11 19:00:00,,multi_a_region,2,normal
000001128,2018-01-11 20:00:00,2018-01-11,20,core,core,2018-01-11 20:00:00,,no_representative_state,1,normal
000001128,2018-01-11 23:00:00,2018-01-11,23,core,core,2018-01-11 23:00:00,,no_representative_state,1,normal
000001128,2018-01-12 00:00:00,2018-01-12,0,core,core,2018-01-12 00:00:00,,no_representative_state,1,reduced
000001128,2018-01-12 02:00:00,2018-01-12,2,core,core,2018-01-12 02:00:00,,no_representative_state,1,reduced
000001128,2018-01-12 03:00:00,2018-01-12,3,core,core,2018-01-12 03:00:00,,no_representative_state,1,reduced
000001128,2018-01-12 06:00:00,2018-01-12,6,core,core,2018-01-12 06:00:00,,no_representative_state,1,reduced
000001128,2018-01-12 09:00:00,2018-01-12,9,outer,outer,2018-01-12 09:00:00,,no_representative_state,1,reduced
000001128,2018-01-12 10:00:00,2018-01-12,10,core,core,2018-01-12 10:00:00,,multi_a_region,2,reduced
000001128,2018-01-12 10:00:00,2018-01-12,10,near,near,2018-01-12 10:00:00,,multi_a_region,2,reduced
000001128,2018-01-12 15:00:00,2018-01-12,15,near,near,2018-01-12 15:00:00,,no_representative_state,1,reduced
000001128,2018-01-12 18:00:00,2018-01-12,18,core,core,2018-01-12 18:00:00,,no_representative_state,1,reduced
000001128,2018-01-12 19:00:00,2018-01-12,19,core,core,2018-01-12 19:00:00,,no_representative_state,1,reduced
000001128,2018-01-12 23:00:00,2018-01-12,23,core,core,2018-01-12 23:00:00,,multi_a_region,2,reduced
000001128,2018-01-12 23:00:00,2018-01-12,23,near,near,2018-01-12 23:00:00,,multi_a_region,2,reduced
000001128,2018-01-13 11:00:00,2018-01-13,11,core,core,2018-01-13 11:00:00,,no_representative_state,1,outage
000001128,2018-01-13 16:00:00,2018-01-13,16,core,core,2018-01-13 16:00:00,,no_representative_state,1,outage
000001128,2018-01-13 17:00:00,2018-01-13,17,core,core,2018-01-13 17:00:00,,no_representative_state,1,outage
000001128,2018-01-14 02:00:00,2018-01-14,2,outer,outer,2018-01-14 02:00:00,,no_representative_state,1,outage
000001128,2018-01-14 03:00:00,2018-01-14,3,core,core,2018-01-14 03:00:00,,multi_a_region,2,outage
000001128,2018-01-14 03:00:00,2018-01-14,3,near,near,2018-01-14 03:00:00,,multi_a_region,2,outage
000001128,2018-01-14 04:00:00,2018-01-14,4,core,core,2018-01-14 04:00:00,,no_representative_state,1,outage
000001128,2018-01-14 08:00:00,2018-01-14,8,core,core,2018-01-14 08:00:00,,no_representative_state,1,outage
000001128,2018-01-14 12:00:00,2018-01-14,12,core,core,2018-01-14 12:00:00,,multi_a_region,2,outage
000001128,2018-01-14 12:00:00,2018-01-14,12,near,near,2018-01-14 12:00:00,,multi_a_region,2,outage
000001128,2018-01-15 09:00:00,2018-01-15,9,outer,outer,2018-01-15 09:00:00,,no_representative_state,1,outage
000001128,2018-01-15 11:00:00,2018-01-15,11,core,core,2018-01-15 11:00:00,,no_representative_state,1,outage
000001128,2018-01-15 15:00:00,2018-01-15,15,core,core,2018-01-15 15:00:00,,no_representative_state,1,outage
000001128,2018-01-15 18:00:00,2018-01-15,18,core,core,2018-01-15 18:00:00,,no_representative_state,1,outage
000001128,2018-01-15 19:00:00,2018-01-15,19,near,near,2018-01-15 19:00:00,,no_representative_state,1,outage
000001128,2018-01-15 22:00:00,2018-01-15,22,core,core,2018-01-15 22:00:00,,no_representative_state,1,outage
000001128,2018-01-16 03:00:00,2018-01-16,3,core,core,2018-01-16 03:00:00,,no_representative_state,1,outage
000001128,2018-01-16 07:00:00,2018-01-16,7,near,near,2018-01-16 07:00:00,,no_representative_state,1,outage
000001128,2018-01-16 15:00:00,2018-01-16,15,core,core,2018-01-16 15:00:00,,multi_a_region,2,outage
000001128,2018-01-16 15:00:00,2018-01-16,15,near,near,2018-01-16 15:00:00,,multi_a_region,2,outage
000001128,2018-01-16 18:00:00,2018-01-16,18,core,core,2018-01-16 18:00:00,,no_representative_state,1,outage
000001128,2018-01-16 19:00:00,2018-01-16,19,near,near,2018-01-16 19:00:00,,no_representative_state,1,outage
000001128,2018-01-17 02:00:00,2018-01-17,2,near,near,2018-01-17 02:00:00,,no_representative_state,1,severe
000001128,2018-01-17 10:00:00,2018-01-17,10,core,core,2018-01-17 10:00:00,,no_representative_state,1,severe
000001128,2018-01-17 11:00:00,2018-01-17,11,near,near,2018-01-17 11:00:00,,no_representative_state,1,severe
000001128,2018-01-18 06:00:00,2018-01-18,6,outer,outer,2018-01-18 06:00:00,,no_representative_state,1,severe
000001128,2018-01-18 07:00:00,2018-01-18,7,near,near,2018-01-18 07:00:00,,no_representative_state,1,severe
000001128,2018-01-18 18:00:00,2018-01-18,18,near,near,2018-01-18 18:00:00,,no_representative_state,1,severe
000001128,2018-01-18 19:00:00,2018-01-18,19,near,near,2018-01-18 19:00:00,,no_representative_state,1,severe
000001128,2018-01-19 07:00:00,2018-01-19,7,core,core,2018-01-19 07:00:00,,no_representative_state,1,normal
000001128,2018-01-19 08:00:00,2018-01-19,8,core,core,2018-01-19 08:00:00,,no_representative_state,1,normal
000001128,2018-01-19 11:00:00,2018-01-19,11,core,core,2018-01-19 11:00:00,,no_representative_state,1,normal
000001128,2018-01-19 13:00:00,2018-01-19,13,core,core,2018-01-19 13:00:00,,no_representative_state,1,normal
000001128,2018-01-19 14:00:00,2018-01-19,14,core,core,2018-01-19 14:00:00,,no_representative_state,1,normal
000001128,2018-01-19 15:00:00,2018-01-19,15,core,core,2018-01-19 15:00:00,,multi_a_region,2,normal
000001128,2018-01-19 15:00:00,2018-01-19,15,near,near,2018-01-19 15:00:00,,multi_a_region,2,normal
000001128,2018-01-19 16:00:00,2018-01-19,16,outer,outer,2018-01-19 16:00:00,,no_representative_state,1,normal
000001128,2018-01-19 17:00:00,2018-01-19,17,outer,outer,2018-01-19 17:00:00,,no_representative_state,1,normal
000001128,2018-01-19 18:00:00,2018-01-19,18,near,near,2018-01-19 18:00:00,,multi_a_region,2,normal
000001128,2018-01-19 18:00:00,2018-01-19,18,outer,outer,2018-01-19 18:00:00,,multi_a_region,2,normal
000001128,2018-01-19 19:00:00,2018-01-19,19,core,core,2018-01-19 19:00:00,,multi_a_region,2,normal
000001128,2018-01-19 19:00:00,2018-01-19,19,near,near,2018-01-19 19:00:00,,multi_a_region,2,normal
000001128,2018-01-19 20:00:00,2018-01-19,20,core,core,2018-01-19 20:00:00,,no_representative_state,1,normal
000001128,2018-01-19 22:00:00,2018-01-19,22,core,core,2018-01-19 22:00:00,,multi_a_region,2,normal
000001128,2018-01-19 22:00:00,2018-01-19,22,near,near,2018-01-19 22:00:00,,multi_a_region,2,normal
000001128,2018-01-19 23:00:00,2018-01-19,23,near,near,2018-01-19 23:00:00,,no_representative_state,1,normal
000001128,2018-01-20 00:00:00,2018-01-20,0,core,core,2018-01-20 00:00:00,,multi_a_region,2,normal
000001128,2018-01-20 00:00:00,2018-01-20,0,near,near,2018-01-20 00:00:00,,multi_a_region,2,normal
000001128,2018-01-20 02:00:00,2018-01-20,2,core,core,2018-01-20 02:00:00,,no_representative_state,1,normal
000001128,2018-01-20 03:00:00,2018-01-20,3,core,core,2018-01-20 03:00:00,,multi_a_region,2,normal
000001128,2018-01-20 03:00:00,2018-01-20,3,near,near,2018-01-20 03:00:00,,multi_a_region,2,normal
000001128,2018-01-20 04:00:00,2018-01-20,4,core,core,2018-01-20 04:00:00,,multi_a_region,2,normal
000001128,2018-01-20 04:00:00,2018-01-20,4,near,near,2018-01-20 04:00:00,,multi_a_region,2,normal
000001128,2018-01-20 06:00:00,2018-01-20,6,core,core,2018-01-20 06:00:00,,no_representative_state,1,normal
000001128,2018-01-20 07:00:00,2018-01-20,7,core,core,2018-01-20 07:00:00,,no_representative_state,1,normal
000001128,2018-01-20 08:00:00,2018-01-20,8,core,core,2018-01-20 08:00:00,,no_representative_state,1,normal
000001128,2018-01-20 10:00:00,2018-01-20,10,core,core,2018-01-20 10:00:00,,no_representative_state,1,normal
000001128,2018-01-20 11:00:00,2018-01-20,11,core,core,2018-01-20 11:00:00,,no_representative_state,1,normal
000001128,2018-01-20 13:00:00,2018-01-20,13,core,core,2018-01-20 13:00:00,,no_representative_state,1,normal
000001128,2018-01-20 14:00:00,2018-01-20,14,core,core,2018-01-20 14:00:00,,no_representative_state,1,normal
000001128,2018-01-20 15:00:00,2018-01-20,15,core,core,2018-01-20 15:00:00,,no_representative_state,1,normal
000001128,2018-01-20 18:00:00,2018-01-20,18,core,core,2018-01-20 18:00:00,,no_representative_state,1,normal
000001128,2018-01-20 19:00:00,2018-01-20,19,core,core,2018-01-20 19:00:00,,no_representative_state,1,normal
000001128,2018-01-20 22:00:00,2018-01-20,22,core,core,2018-01-20 22:00:00,,multi_a_region,2,normal
000001128,2018-01-20 22:00:00,2018-01-20,22,near,near,2018-01-20 22:00:00,,multi_a_region,2,normal
000001128,2018-01-20 23:00:00,2018-01-20,23,near,near,2018-01-20 23:00:00,,no_representative_state,1,normal
000001128,2018-01-21 00:00:00,2018-01-21,0,core,core,2018-01-21 00:00:00,,multi_a_region,2,normal
000001128,2018-01-21 00:00:00,2018-01-21,0,near,near,2018-01-21 00:00:00,,multi_a_region,2,normal
000001128,2018-01-21 03:00:00,2018-01-21,3,core,core,2018-01-21 03:00:00,,multi_a_region,2,normal
000001128,2018-01-21 03:00:00,2018-01-21,3,near,near,2018-01-21 03:00:00,,multi_a_region,2,normal
000001128,2018-01-21 04:00:00,2018-01-21,4,near,near,2018-01-21 04:00:00,,no_representative_state,1,normal
000001128,2018-01-21 05:00:00,2018-01-21,5,core,core,2018-01-21 05:00:00,,multi_a_region,2,normal
000001128,2018-01-21 05:00:00,2018-01-21,5,near,near,2018-01-21 05:00:00,,multi_a_region,2,normal
000001128,2018-01-21 08:00:00,2018-01-21,8,core,core,2018-01-21 08:00:00,,no_representative_state,1,normal
000001128,2018-01-21 10:00:00,2018-01-21,10,core,core,2018-01-21 10:00:00,,no_representative_state,1,normal
000001128,2018-01-21 11:00:00,2018-01-21,11,core,core,2018-01-21 11:00:00,,no_representative_state,1,normal
000001128,2018-01-21 13:00:00,2018-01-21,13,core,core,2018-01-21 13:00:00,,no_representative_state,1,normal
000001128,2018-01-21 14:00:00,2018-01-21,14,core,core,2018-01-21 14:00:00,,no_representative_state,1,normal
000001128,2018-01-21 16:00:00,2018-01-21,16,core,core,2018-01-21 16:00:00,,multi_a_region,2,normal
000001128,2018-01-21 16:00:00,2018-01-21,16,near,near,2018-01-21 16:00:00,,multi_a_region,2,normal
000001128,2018-01-21 17:00:00,2018-01-21,17,core,core,2018-01-21 17:00:00,,multi_a_region,2,normal
000001128,2018-01-21 17:00:00,2018-01-21,17,near,near,2018-01-21 17:00:00,,multi_a_region,2,normal
000001128,2018-01-21 18:00:00,2018-01-21,18,core,core,2018-01-21 18:00:00,,multi_a_region,2,normal
000001128,2018-01-21 18:00:00,2018-01-21,18,near,near,2018-01-21 18:00:00,,multi_a_region,2,normal
000001128,2018-01-21 19:00:00,2018-01-21,19,core,core,2018-01-21 19:00:00,,multi_a_region,2,normal
000001128,2018-01-21 19:00:00,2018-01-21,19,near,near,2018-01-21 19:00:00,,multi_a_region,2,normal
000001128,2018-01-21 20:00:00,2018-01-21,20,core,core,2018-01-21 20:00:00,,multi_a_region,2,normal
000001128,2018-01-21 20:00:00,2018-01-21,20,near,near,2018-01-21 20:00:00,,multi_a_region,2,normal
000001128,2018-01-22 03:00:00,2018-01-22,3,core,core,2018-01-22 03:00:00,,no_representative_state,1,normal
000001128,2018-01-22 04:00:00,2018-01-22,4,core,core,2018-01-22 04:00:00,,no_representative_state,1,normal
000001128,2018-01-22 06:00:00,2018-01-22,6,core,core,2018-01-22 06:00:00,,no_representative_state,1,normal
000001128,2018-01-22 07:00:00,2018-01-22,7,core,core,2018-01-22 07:00:00,,no_representative_state,1,normal
000001128,2018-01-22 12:00:00,2018-01-22,12,core,core,2018-01-22 12:00:00,,no_representative_state,1,normal
000001128,2018-01-22 15:00:00,2018-01-22,15,outer,outer,2018-01-22 15:00:00,,no_representative_state,1,normal
000001128,2018-01-22 16:00:00,2018-01-22,16,near,near,2018-01-22 16:00:00,,multi_a_region,2,normal
000001128,2018-01-22 16:00:00,2018-01-22,16,outer,outer,2018-01-22 16:00:00,,multi_a_region,2,normal
000001128,2018-01-22 17:00:00,2018-01-22,17,core,core,2018-01-22 17:00:00,,multi_a_region,2,normal
000001128,2018-01-22 17:00:00,2018-01-22,17,near,near,2018-01-22 17:00:00,,multi_a_region,2,normal
000001128,2018-01-22 19:00:00,2018-01-22,19,core,core,2018-01-22 19:00:00,,no_representative_state,1,normal
000001128,2018-01-22 21:00:00,2018-01-22,21,core,core,2018-01-22 21:00:00,,no_representative_state,1,normal
000001128,2018-01-22 22:00:00,2018-01-22,22,core,core,2018-01-22 22:00:00,,multi_a_region,2,normal
000001128,2018-01-22 22:00:00,2018-01-22,22,near,near,2018-01-22 22:00:00,,multi_a_region,2,normal
000001128,2018-01-23 03:00:00,2018-01-23,3,core,core,2018-01-23 03:00:00,,no_representative_state,1,normal
000001128,2018-01-23 06:00:00,2018-01-23,6,core,core,2018-01-23 06:00:00,,no_representative_state,1,normal
000001128,2018-01-23 07:00:00,2018-01-23,7,core,core,2018-01-23 07:00:00,,multi_a_region,2,normal
000001128,2018-01-23 07:00:00,2018-01-23,7,near,near,2018-01-23 07:00:00,,multi_a_region,2,normal
000001128,2018-01-23 08:00:00,2018-01-23,8,core,core,2018-01-23 08:00:00,,no_representative_state,1,normal
000001128,2018-01-23 11:00:00,2018-01-23,11,core,core,2018-01-23 11:00:00,,multi_a_region,2,normal
000001128,2018-01-23 11:00:00,2018-01-23,11,near,near,2018-01-23 11:00:00,,multi_a_region,2,normal
000001128,2018-01-23 12:00:00,2018-01-23,12,core,core,2018-01-23 12:00:00,,multi_a_region,2,normal
000001128,2018-01-23 12:00:00,2018-01-23,12,near,near,2018-01-23 12:00:00,,multi_a_region,2,normal
000001128,2018-01-23 19:00:00,2018-01-23,19,core,core,2018-01-23 19:00:00,,multi_a_region,2,normal
000001128,2018-01-23 19:00:00,2018-01-23,19,near,near,2018-01-23 19:00:00,,multi_a_region,2,normal
000001128,2018-01-23 20:00:00,2018-01-23,20,core,core,2018-01-23 20:00:00,,multi_a_region,2,normal
000001128,2018-01-23 20:00:00,2018-01-23,20,near,near,2018-01-23 20:00:00,,multi_a_region,2,normal
000001128,2018-01-23 21:00:00,2018-01-23,21,core,core,2018-01-23 21:00:00,,no_representative_state,1,normal
000001128,2018-01-23 23:00:00,2018-01-23,23,core,core,2018-01-23 23:00:00,,no_representative_state,1,normal
000001128,2018-01-24 00:00:00,2018-01-24,0,core,core,2018-01-24 00:00:00,,multi_a_region,2,normal
000001128,2018-01-24 00:00:00,2018-01-24,0,near,near,2018-01-24 00:00:00,,multi_a_region,2,normal
000001128,2018-01-24 01:00:00,2018-01-24,1,core,core,2018-01-24 01:00:00,,multi_a_region,2,normal
000001128,2018-01-24 01:00:00,2018-01-24,1,near,near,2018-01-24 01:00:00,,multi_a_region,2,normal
000001128,2018-01-24 02:00:00,2018-01-24,2,core,core,2018-01-24 02:00:00,,no_representative_state,1,normal
000001128,2018-01-24 05:00:00,2018-01-24,5,core,core,2018-01-24 05:00:00,,multi_a_region,2,normal
000001128,2018-01-24 05:00:00,2018-01-24,5,near,near,2018-01-24 05:00:00,,multi_a_region,2,normal
000001128,2018-01-24 06:00:00,2018-01-24,6,outer,outer,2018-01-24 06:00:00,,no_representative_state,1,normal
000001128,2018-01-24 07:00:00,2018-01-24,7,outer,outer,2018-01-24 07:00:00,,no_representative_state,1,normal
000001128,2018-01-24 08:00:00,2018-01-24,8,near,near,2018-01-24 08:00:00,,multi_a_region,2,normal
000001128,2018-01-24 08:00:00,2018-01-24,8,outer,outer,2018-01-24 08:00:00,,multi_a_region,2,normal
000001128,2018-01-24 09:00:00,2018-01-24,9,core,core,2018-01-24 09:00:00,,multi_a_region,2,normal
000001128,2018-01-24 09:00:00,2018-01-24,9,near,near,2018-01-24 09:00:00,,multi_a_region,2,normal
000001128,2018-01-24 11:00:00,2018-01-24,11,core,core,2018-01-24 11:00:00,,no_representative_state,1,normal
000001128,2018-01-24 12:00:00,2018-01-24,12,core,core,2018-01-24 12:00:00,,no_representative_state,1,normal
000001128,2018-01-24 14:00:00,2018-01-24,14,core,core,2018-01-24 14:00:00,,no_representative_state,1,normal
000001128,2018-01-24 15:00:00,2018-01-24,15,core,core,2018-01-24 15:00:00,,multi_a_region,2,normal
000001128,2018-01-24 15:00:00,2018-01-24,15,near,near,2018-01-24 15:00:00,,multi_a_region,2,normal
000001128,2018-01-24 16:00:00,2018-01-24,16,core,core,2018-01-24 16:00:00,,multi_a_region,2,normal
000001128,2018-01-24 16:00:00,2018-01-24,16,near,near,2018-01-24 16:00:00,,multi_a_region,2,normal
000001128,2018-01-24 18:00:00,2018-01-24,18,core,core,2018-01-24 18:00:00,,multi_a_region,2,normal
000001128,2018-01-24 18:00:00,2018-01-24,18,near,near,2018-01-24 18:00:00,,multi_a_region,2,normal
000001128,2018-01-24 19:00:00,2018-01-24,19,core,core,2018-01-24 19:00:00,,multi_a_region,2,normal
000001128,2018-01-24 19:00:00,2018-01-24,19,near,near,2018-01-24 19:00:00,,multi_a_region,2,normal
000001128,2018-01-24 20:00:00,2018-01-24,20,near,near,2018-01-24 20:00:00,,no_representative_state,1,normal
000001128,2018-01-24 21:00:00,2018-01-24,21,core,core,2018-01-24 21:00:00,,no_representative_state,1,normal
000001128,2018-01-24 23:00:00,2018-01-24,23,core,core,2018-01-24 23:00:00,,no_representative_state,1,normal
000001129,2018-01-01 02:00:00,2018-01-01,2,core,core,2018-01-01 02:00:00,,no_representative_state,1,normal
000001129,2018-01-01 03:00:00,2018-01-01,3,core,core,2018-01-01 03:00:00,,no_representative_state,1,normal
000001129,2018-01-01 06:00:00,2018-01-01,6,core,core,2018-01-01 06:00:00,,multi_a_region,2,normal
000001129,2018-01-01 06:00:00,2018-01-01,6,near,near,2018-01-01 06:00:00,,multi_a_region,2,normal
000001129,2018-01-01 07:00:00,2018-01-01,7,near,near,2018-01-01 07:00:00,,no_representative_state,1,normal
000001129,2018-01-01 08:00:00,2018-01-01,8,core,core,2018-01-01 08:00:00,,no_representative_state,1,normal
000001129,2018-01-01 10:00:00,2018-01-01,10,core,core,2018-01-01 10:00:00,,no_representative_state,1,normal
000001129,2018-01-01 11:00:00,2018-01-01,11,core,core,2018-01-01 11:00:00,,no_representative_state,1,normal
000001129,2018-01-01 14:00:00,2018-01-01,14,core,core,2018-01-01 14:00:00,,no_representative_state,1,normal
000001129,2018-01-01 15:00:00,2018-01-01,15,core,core,2018-01-01 15:00:00,,no_representative_state,1,normal
000001129,2018-01-01 16:00:00,2018-01-01,16,core,core,2018-01-01 16:00:00,,no_representative_state,1,normal
000001129,2018-01-01 18:00:00,2018-01-01,18,core,core,2018-01-01 18:00:00,,multi_a_region,2,normal
000001129,2018-01-01 18:00:00,2018-01-01,18,near,near,2018-01-01 18:00:00,,multi_a_region,2,normal
000001129,2018-01-01 19:00:00,2018-01-01,19,near,near,2018-01-01 19:00:00,,no_representative_state,1,normal
000001129,2018-01-01 20:00:00,2018-01-01,20,near,near,2018-01-01 20:00:00,,no_representative_state,1,normal
000001129,2018-01-01 21:00:00,2018-01-01,21,core,core,2018-01-01 21:00:00,,multi_a_region,2,normal
000001129,2018-01-01 21:00:00,2018-01-01,21,near,near,2018-01-01 21:00:00,,multi_a_region,2,normal
000001129,2018-01-01 23:00:00,2018-01-01,23,core,core,2018-01-01 23:00:00,,multi_a_region,3,normal
000001129,2018-01-01 23:00:00,2018-01-01,23,near,near,2018-01-01 23:00:00,,multi_a_region,3,normal
000001129,2018-01-01 23:00:00,2018-01-01,23,outer,outer,2018-01-01 23:00:00,,multi_a_region,3,normal
000001129,2018-01-02 00:00:00,2018-01-02,0,outer,outer,2018-01-02 00:00:00,,no_representative_state,1,normal
000001129,2018-01-02 01:00:00,2018-01-02,1,outer,outer,2018-01-02 01:00:00,,no_representative_state,1,normal
000001129,2018-01-02 02:00:00,2018-01-02,2,near,near,2018-01-02 02:00:00,,multi_a_region,2,normal
000001129,2018-01-02 02:00:00,2018-01-02,2,outer,outer,2018-01-02 02:00:00,,multi_a_region,2,normal
000001129,2018-01-02 03:00:00,2018-01-02,3,core,core,2018-01-02 03:00:00,,multi_a_region,2,normal
000001129,2018-01-02 03:00:00,2018-01-02,3,near,near,2018-01-02 03:00:00,,multi_a_region,2,normal
000001129,2018-01-02 04:00:00,2018-01-02,4,core,core,2018-01-02 04:00:00,,no_representative_state,1,normal
000001129,2018-01-02 08:00:00,2018-01-02,8,core,core,2018-01-02 08:00:00,,multi_a_region,3,normal
000001129,2018-01-02 08:00:00,2018-01-02,8,near,near,2018-01-02 08:00:00,,multi_a_region,3,normal
000001129,2018-01-02 08:00:00,2018-01-02,8,outer,outer,2018-01-02 08:00:00,,multi_a_region,3,normal
000001129,2018-01-02 09:00:00,2018-01-02,9,outer,outer,2018-01-02 09:00:00,,no_representative_state,1,normal
000001129,2018-01-02 10:00:00,2018-01-02,10,core,core,2018-01-02 10:00:00,,multi_a_region,2,normal
000001129,2018-01-02 10:00:00,2018-01-02,10,near,near,2018-01-02 10:00:00,,multi_a_region,2,normal
000001129,2018-01-02 12:00:00,2018-01-02,12,near,near,2018-01-02 12:00:00,,no_representative_state,1,normal
000001129,2018-01-02 13:00:00,2018-01-02,13,core,core,2018-01-02 13:00:00,,multi_a_region,2,normal
000001129,2018-01-02 13:00:00,2018-01-02,13,near,near,2018-01-02 13:00:00,,multi_a_region,2,normal
000001129,2018-01-02 14:00:00,2018-01-02,14,core,core,2018-01-02 14:00:00,,multi_a_region,2,normal
000001129,2018-01-02 14:00:00,2018-01-02,14,near,near,2018-01-02 14:00:00,,multi_a_region,2,normal
000001129,2018-01-02 15:00:00,2018-01-02,15,core,core,2018-01-02 15:00:00,,multi_a_region,3,normal
000001129,2018-01-02 15:00:00,2018-01-02,15,near,near,2018-01-02 15:00:00,,multi_a_region,3,normal
000001129,2018-01-02 15:00:00,2018-01-02,15,outer,outer,2018-01-02 15:00:00,,multi_a_region,3,normal
000001129,2018-01-02 16:00:00,2018-01-02,16,core,core,2018-01-02 16:00:00,,multi_a_region,3,normal
000001129,2018-01-02 16:00:00,2018-01-02,16,near,near,2018-01-02 16:00:00,,multi_a_region,3,normal
000001129,2018-01-02 16:00:00,2018-01-02,16,outer,outer,2018-01-02 16:00:00,,multi_a_region,3,normal
000001129,2018-01-02 18:00:00,2018-01-02,18,core,core,2018-01-02 18:00:00,,no_representative_state,1,normal
000001129,2018-01-02 19:00:00,2018-01-02,19,core,core,2018-01-02 19:00:00,,no_representative_state,1,normal
000001129,2018-01-02 21:00:00,2018-01-02,21,core,core,2018-01-02 21:00:00,,multi_a_region,2,normal
000001129,2018-01-02 21:00:00,2018-01-02,21,near,near,2018-01-02 21:00:00,,multi_a_region,2,normal
000001129,2018-01-02 22:00:00,2018-01-02,22,core,core,2018-01-02 22:00:00,,multi_a_region,2,normal
000001129,2018-01-02 22:00:00,2018-01-02,22,near,near,2018-01-02 22:00:00,,multi_a_region,2,normal
000001129,2018-01-03 03:00:00,2018-01-03,3,core,core,2018-01-03 03:00:00,,multi_a_region,2,normal
000001129,2018-01-03 03:00:00,2018-01-03,3,near,near,2018-01-03 03:00:00,,multi_a_region,2,normal
000001129,2018-01-03 04:00:00,2018-01-03,4,core,core,2018-01-03 04:00:00,,no_representative_state,1,normal
000001129,2018-01-03 07:00:00,2018-01-03,7,core,core,2018-01-03 07:00:00,,no_representative_state,1,normal
000001129,2018-01-03 10:00:00,2018-01-03,10,core,core,2018-01-03 10:00:00,,no_representative_state,1,normal
000001129,2018-01-03 11:00:00,2018-01-03,11,core,core,2018-01-03 11:00:00,,no_representative_state,1,normal
000001129,2018-01-03 16:00:00,2018-01-03,16,core,core,2018-01-03 16:00:00,,no_representative_state,1,normal
000001129,2018-01-03 17:00:00,2018-01-03,17,core,core,2018-01-03 17:00:00,,no_representative_state,1,normal
000001129,2018-01-03 18:00:00,2018-01-03,18,core,core,2018-01-03 18:00:00,,multi_a_region,2,normal
000001129,2018-01-03 18:00:00,2018-01-03,18,near,near,2018-01-03 18:00:00,,multi_a_region,2,normal
000001129,2018-01-03 19:00:00,2018-01-03,19,core,core,2018-01-03 19:00:00,,no_representative_state,1,normal
000001129,2018-01-03 23:00:00,2018-01-03,23,core,core,2018-01-03 23:00:00,,multi_a_region,3,normal
000001129,2018-01-03 23:00:00,2018-01-03,23,near,near,2018-01-03 23:00:00,,multi_a_region,3,normal
000001129,2018-01-03 23:00:00,2018-01-03,23,outer,outer,2018-01-03 23:00:00,,multi_a_region,3,normal
000001129,2018-01-04 00:00:00,2018-01-04,0,outer,outer,2018-01-04 00:00:00,,no_representative_state,1,normal
000001129,2018-01-04 02:00:00,2018-01-04,2,outer,outer,2018-01-04 02:00:00,,no_representative_state,1,normal
000001129,2018-01-04 03:00:00,2018-01-04,3,near,near,2018-01-04 03:00:00,,multi_a_region,2,normal
000001129,2018-01-04 03:00:00,2018-01-04,3,outer,outer,2018-01-04 03:00:00,,multi_a_region,2,normal
000001129,2018-01-04 04:00:00,2018-01-04,4,near,near,2018-01-04 04:00:00,,no_representative_state,1,normal
000001129,2018-01-04 05:00:00,2018-01-04,5,core,core,2018-01-04 05:00:00,,multi_a_region,2,normal
000001129,2018-01-04 05:00:00,2018-01-04,5,near,near,2018-01-04 05:00:00,,multi_a_region,2,normal
000001129,2018-01-04 07:00:00,2018-01-04,7,core,core,2018-01-04 07:00:00,,no_representative_state,1,normal
000001129,2018-01-04 08:00:00,2018-01-04,8,core,core,2018-01-04 08:00:00,,no_representative_state,1,normal
000001129,2018-01-04 09:00:00,2018-01-04,9,core,core,2018-01-04 09:00:00,,no_representative_state,1,normal
000001129,2018-01-04 10:00:00,2018-01-04,10,core,core,2018-01-04 10:00:00,,no_representative_state,1,normal
000001129,2018-01-04 11:00:00,2018-01-04,11,core,core,2018-01-04 11:00:00,,no_representative_state,1,normal
000001129,2018-01-04 14:00:00,2018-01-04,14,core,core,2018-01-04 14:00:00,,multi_a_region,2,normal
000001129,2018-01-04 14:00:00,2018-01-04,14,near,near,2018-01-04 14:00:00,,multi_a_region,2,normal
000001129,2018-01-04 15:00:00,2018-01-04,15,core,core,2018-01-04 15:00:00,,multi_a_region,2,normal
000001129,2018-01-04 15:00:00,2018-01-04,15,near,near,2018-01-04 15:00:00,,multi_a_region,2,normal
000001129,2018-01-04 16:00:00,2018-01-04,16,core,core,2018-01-04 16:00:00,,multi_a_region,2,normal
000001129,2018-01-04 16:00:00,2018-01-04,16,near,near,2018-01-04 16:00:00,,multi_a_region,2,normal
000001129,2018-01-04 22:00:00,2018-01-04,22,core,core,2018-01-04 22:00:00,,no_representative_state,1,normal
000001129,2018-01-04 23:00:00,2018-01-04,23,core,core,2018-01-04 23:00:00,,no_representative_state,1,normal
000001129,2018-01-05 03:00:00,2018-01-05,3,core,core,2018-01-05 03:00:00,,no_representative_state,1,normal
000001129,2018-01-05 04:00:00,2018-01-05,4,core,core,2018-01-05 04:00:00,,no_representative_state,1,normal
000001129,2018-01-05 06:00:00,2018-01-05,6,core,core,2018-01-05 06:00:00,,no_representative_state,1,normal
000001129,2018-01-05 07:00:00,2018-01-05,7,core,core,2018-01-05 07:00:00,,no_representative_state,1,normal
000001129,2018-01-05 08:00:00,2018-01-05,8,core,core,2018-01-05 08:00:00,,no_representative_state,1,normal
000001129,2018-01-05 09:00:00,2018-01-05,9,core,core,2018-01-05 09:00:00,,no_representative_state,1,normal
000001129,2018-01-05 10:00:00,2018-01-05,10,core,core,2018-01-05 10:00:00,,multi_a_region,2,normal
000001129,2018-01-05 10:00:00,2018-01-05,10,near,near,2018-01-05 10:00:00,,multi_a_region,2,normal
000001129,2018-01-05 11:00:00,2018-01-05,11,core,core,2018-01-05 11:00:00,,multi_a_region,2,normal
000001129,2018-01-05 11:00:00,2018-01-05,11,near,near,2018-01-05 11:00:00,,multi_a_region,2,normal
000001129,2018-01-05 12:00:00,2018-01-05,12,core,core,2018-01-05 12:00:00,,no_representative_state,1,normal
000001129,2018-01-05 13:00:00,2018-01-05,13,core,core,2018-01-05 13:00:00,,no_representative_state,1,normal
000001129,2018-01-05 14:00:00,2018-01-05,14,core,core,2018-01-05 14:00:00,,multi_a_region,2,normal
000001129,2018-01-05 14:00:00,2018-01-05,14,near,near,2018-01-05 14:00:00,,multi_a_region,2,normal
000001129,2018-01-05 15:00:00,2018-01-05,15,core,core,2018-01-05 15:00:00,,multi_a_region,2,normal
000001129,2018-01-05 15:00:00,2018-01-05,15,near,near,2018-01-05 15:00:00,,multi_a_region,2,normal
000001129,2018-01-05 18:00:00,2018-01-05,18,core,core,2018-01-05 18:00:00,,no_representative_state,1,normal
000001129,2018-01-05 19:00:00,2018-01-05,19,core,core,2018-01-05 19:00:00,,no_representative_state,1,normal
000001129,2018-01-05 20:00:00,2018-01-05,20,core,core,2018-01-05 20:00:00,,no_representative_state,1,normal
000001129,2018-01-05 21:00:00,2018-01-05,21,core,core,2018-01-05 21:00:00,,no_representative_state,1,normal
000001129,2018-01-06 03:00:00,2018-01-06,3,core,core,2018-01-06 03:00:00,,multi_a_region,2,normal
000001129,2018-01-06 03:00:00,2018-01-06,3,near,near,2018-01-06 03:00:00,,multi_a_region,2,normal
000001129,2018-01-06 06:00:00,2018-01-06,6,core,core,2018-01-06 06:00:00,,no_representative_state,1,normal
000001129,2018-01-06 07:00:00,2018-01-06,7,core,core,2018-01-06 07:00:00,,no_representative_state,1,normal
000001129,2018-01-06 09:00:00,2018-01-06,9,core,core,2018-01-06 09:00:00,,no_representative_state,1,normal
000001129,2018-01-06 10:00:00,2018-01-06,10,core,core,2018-01-06 10:00:00,,multi_a_region,2,normal
000001129,2018-01-06 10:00:00,2018-01-06,10,near,near,2018-01-06 10:00:00,,multi_a_region,2,normal
000001129,2018-01-06 11:00:00,2018-01-06,11,near,near,2018-01-06 11:00:00,,no_representative_state,1,normal
000001129,2018-01-06 12:00:00,2018-01-06,12,core,core,2018-01-06 12:00:00,,multi_a_region,2,normal
000001129,2018-01-06 12:00:00,2018-01-06,12,near,near,2018-01-06 12:00:00,,multi_a_region,2,normal
000001129,2018-01-06 14:00:00,2018-01-06,14,core,core,2018-01-06 14:00:00,,multi_a_region,2,normal
000001129,2018-01-06 14:00:00,2018-01-06,14,near,near,2018-01-06 14:00:00,,multi_a_region,2,normal
000001129,2018-01-06 15:00:00,2018-01-06,15,core,core,2018-01-06 15:00:00,,multi_a_region,2,normal
000001129,2018-01-06 15:00:00,2018-01-06,15,near,near,2018-01-06 15:00:00,,multi_a_region,2,normal
000001129,2018-01-06 18:00:00,2018-01-06,18,core,core,2018-01-06 18:00:00,,multi_a_region,2,normal
000001129,2018-01-06 18:00:00,2018-01-06,18,near,near,2018-01-06 18:00:00,,multi_a_region,2,normal
000001129,2018-01-06 19:00:00,2018-01-06,19,core,core,2018-01-06 19:00:00,,no_representative_state,1,normal
000001129,2018-01-06 23:00:00,2018-01-06,23,core,core,2018-01-06 23:00:00,,no_representative_state,1,normal
000001129,2018-01-07 00:00:00,2018-01-07,0,core,core,2018-01-07 00:00:00,,no_representative_state,1,normal
000001129,2018-01-07 02:00:00,2018-01-07,2,core,core,2018-01-07 02:00:00,,no_representative_state,1,normal
000001129,2018-01-07 03:00:00,2018-01-07,3,core,core,2018-01-07 03:00:00,,multi_a_region,2,normal
000001129,2018-01-07 03:00:00,2018-01-07,3,near,near,2018-01-07 03:00:00,,multi_a_region,2,normal
000001129,2018-01-07 04:00:00,2018-01-07,4,core,core,2018-01-07 04:00:00,,multi_a_region,2,normal
000001129,2018-01-07 04:00:00,2018-01-07,4,near,near,2018-01-07 04:00:00,,multi_a_region,2,normal
000001129,2018-01-07 06:00:00,2018-01-07,6,core,core,2018-01-07 06:00:00,,multi_a_region,2,normal
000001129,2018-01-07 06:00:00,2018-01-07,6,near,near,2018-01-07 06:00:00,,multi_a_region,2,normal
000001129,2018-01-07 07:00:00,2018-01-07,7,core,core,2018-01-07 07:00:00,,no_representative_state,1,normal
000001129,2018-01-07 08:00:00,2018-01-07,8,core,core,2018-01-07 08:00:00,,no_representative_state,1,normal
000001129,2018-01-07 10:00:00,2018-01-07,10,core,core,2018-01-07 10:00:00,,no_representative_state,1,normal
000001129,2018-01-07 11:00:00,2018-01-07,11,core,core,2018-01-07 11:00:00,,no_representative_state,1,normal
000001129,2018-01-07 12:00:00,2018-01-07,12,core,core,2018-01-07 12:00:00,,multi_a_region,2,normal
000001129,2018-01-07 12:00:00,2018-01-07,12,near,near,2018-01-07 12:00:00,,multi_a_region,2,normal
000001129,2018-01-07 13:00:00,2018-01-07,13,core,core,2018-01-07 13:00:00,,multi_a_region,2,normal
000001129,2018-01-07 13:00:00,2018-01-07,13,near,near,2018-01-07 13:00:00,,multi_a_region,2,normal
000001129,2018-01-07 16:00:00,2018-01-07,16,core,core,2018-01-07 16:00:00,,no_representative_state,1,normal
000001129,2018-01-07 17:00:00,2018-01-07,17,core,core,2018-01-07 17:00:00,,no_representative_state,1,normal
000001129,2018-01-07 18:00:00,2018-01-07,18,core,core,2018-01-07 18:00:00,,no_representative_state,1,normal
000001129,2018-01-07 20:00:00,2018-01-07,20,core,core,2018-01-07 20:00:00,,no_representative_state,1,normal
000001129,2018-01-07 21:00:00,2018-01-07,21,core,core,2018-01-07 21:00:00,,no_representative_state,1,normal
000001129,2018-01-08 03:00:00,2018-01-08,3,core,core,2018-01-08 03:00:00,,no_representative_state,1,normal
000001129,2018-01-08 04:00:00,2018-01-08,4,core,core,2018-01-08 04:00:00,,no_representative_state,1,normal
000001129,2018-01-08 07:00:00,2018-01-08,7,core,core,2018-01-08 07:00:00,,no_representative_state,1,normal
000001129,2018-01-08 08:00:00,2018-01-08,8,core,core,2018-01-08 08:00:00,,no_representative_state,1,normal
000001129,2018-01-08 09:00:00,2018-01-08,9,core,core,2018-01-08 09:00:00,,multi_a_region,3,normal
000001129,2018-01-08 09:00:00,2018-01-08,9,near,near,2018-01-08 09:00:00,,multi_a_region,3,normal
000001129,2018-01-08 09:00:00,2018-01-08,9,outer,outer,2018-01-08 09:00:00,,multi_a_region,3,normal
000001129,2018-01-08 10:00:00,2018-01-08,10,core,core,2018-01-08 10:00:00,,multi_a_region,3,normal
000001129,2018-01-08 10:00:00,2018-01-08,10,near,near,2018-01-08 10:00:00,,multi_a_region,3,normal
000001129,2018-01-08 10:00:00,2018-01-08,10,outer,outer,2018-01-08 10:00:00,,multi_a_region,3,normal
000001129,2018-01-08 11:00:00,2018-01-08,11,core,core,2018-01-08 11:00:00,,multi_a_region,2,normal
000001129,2018-01-08 11:00:00,2018-01-08,11,near,near,2018-01-08 11:00:00,,multi_a_region,2,normal
000001129,2018-01-08 12:00:00,2018-01-08,12,core,core,2018-01-08 12:00:00,,multi_a_region,2,normal
000001129,2018-01-08 12:00:00,2018-01-08,12,near,near,2018-01-08 12:00:00,,multi_a_region,2,normal
000001129,2018-01-08 13:00:00,2018-01-08,13,core,core,2018-01-08 13:00:00,,multi_a_region,2,normal
000001129,2018-01-08 13:00:00,2018-01-08,13,near,near,2018-01-08 13:00:00,,multi_a_region,2,normal
000001129,2018-01-08 14:00:00,2018-01-08,14,near,near,2018-01-08 14:00:00,,multi_a_region,2,normal
000001129,2018-01-08 14:00:00,2018-01-08,14,outer,outer,2018-01-08 14:00:00,,multi_a_region,2,normal
000001129,2018-01-08 15:00:00,2018-01-08,15,core,core,2018-01-08 15:00:00,,multi_a_region,2,normal
000001129,2018-01-08 15:00:00,2018-01-08,15,near,near,2018-01-08 15:00:00,,multi_a_region,2,normal
000001129,2018-01-08 16:00:00,2018-01-08,16,core,core,2018-01-08 16:00:00,,multi_a_region,2,normal
000001129,2018-01-08 16:00:00,2018-01-08,16,near,near,2018-01-08 16:00:00,,multi_a_region,2,normal
000001129,2018-01-08 19:00:00,2018-01-08,19,core,core,2018-01-08 19:00:00,,no_representative_state,1,normal
000001129,2018-01-08 20:00:00,2018-01-08,20,core,core,2018-01-08 20:00:00,,multi_a_region,2,normal
000001129,2018-01-08 20:00:00,2018-01-08,20,near,near,2018-01-08 20:00:00,,multi_a_region,2,normal
000001129,2018-01-08 21:00:00,2018-01-08,21,core,core,2018-01-08 21:00:00,,multi_a_region,2,normal
000001129,2018-01-08 21:00:00,2018-01-08,21,near,near,2018-01-08 21:00:00,,multi_a_region,2,normal
000001129,2018-01-09 00:00:00,2018-01-09,0,core,core,2018-01-09 00:00:00,,no_representative_state,1,normal
000001129,2018-01-09 01:00:00,2018-01-09,1,core,core,2018-01-09 01:00:00,,no_representative_state,1,normal
000001129,2018-01-09 03:00:00,2018-01-09,3,core,core,2018-01-09 03:00:00,,multi_a_region,3,normal
000001129,2018-01-09 03:00:00,2018-01-09,3,near,near,2018-01-09 03:00:00,,multi_a_region,3,normal
000001129,2018-01-09 03:00:00,2018-01-09,3,outer,outer,2018-01-09 03:00:00,,multi_a_region,3,normal
000001129,2018-01-09 04:00:00,2018-01-09,4,outer,outer,2018-01-09 04:00:00,,no_representative_state,1,normal
000001129,2018-01-09 07:00:00,2018-01-09,7,outer,outer,2018-01-09 07:00:00,,no_representative_state,1,normal
000001129,2018-01-09 08:00:00,2018-01-09,8,near,near,2018-01-09 08:00:00,,multi_a_region,2,normal
000001129,2018-01-09 08:00:00,2018-01-09,8,outer,outer,2018-01-09 08:00:00,,multi_a_region,2,normal
000001129,2018-01-09 09:00:00,2018-01-09,9,core,core,2018-01-09 09:00:00,,no_representative_state,1,normal
000001129,2018-01-09 10:00:00,2018-01-09,10,core,core,2018-01-09 10:00:00,,multi_a_region,2,normal
000001129,2018-01-09 10:00:00,2018-01-09,10,near,near,2018-01-09 10:00:00,,multi_a_region,2,normal
000001129,2018-01-09 11:00:00,2018-01-09,11,near,near,2018-01-09 11:00:00,,no_representative_state,1,normal
000001129,2018-01-09 12:00:00,2018-01-09,12,core,core,2018-01-09 12:00:00,,multi_a_region,2,normal
000001129,2018-01-09 12:00:00,2018-01-09,12,near,near,2018-01-09 12:00:00,,multi_a_region,2,normal
000001129,2018-01-09 15:00:00,2018-01-09,15,core,core,2018-01-09 15:00:00,,multi_a_region,2,normal
000001129,2018-01-09 15:00:00,2018-01-09,15,near,near,2018-01-09 15:00:00,,multi_a_region,2,normal
000001129,2018-01-09 18:00:00,2018-01-09,18,core,core,2018-01-09 18:00:00,,no_representative_state,1,normal
000001129,2018-01-09 19:00:00,2018-01-09,19,core,core,2018-01-09 19:00:00,,multi_a_region,2,normal
000001129,2018-01-09 19:00:00,2018-01-09,19,near,near,2018-01-09 19:00:00,,multi_a_region,2,normal
000001129,2018-01-09 20:00:00,2018-01-09,20,core,core,2018-01-09 20:00:00,,multi_a_region,2,normal
000001129,2018-01-09 20:00:00,2018-01-09,20,near,near,2018-01-09 20:00:00,,multi_a_region,2,normal
000001129,2018-01-09 23:00:00,2018-01-09,23,core,core,2018-01-09 23:00:00,,multi_a_region,2,normal
000001129,2018-01-09 23:00:00,2018-01-09,23,near,near,2018-01-09 23:00:00,,multi_a_region,2,normal
000001129,2018-01-10 00:00:00,2018-01-10,0,core,core,2018-01-10 00:00:00,,no_representative_state,1,normal
000001129,2018-01-10 04:00:00,2018-01-10,4,outer,outer,2018-01-10 04:00:00,,no_representative_state,1,normal
000001129,2018-01-10 05:00:00,2018-01-10,5,outer,outer,2018-01-10 05:00:00,,no_representative_state,1,normal
000001129,2018-01-10 06:00:00,2018-01-10,6,outer,outer,2018-01-10 06:00:00,,no_representative_state,1,normal
000001129,2018-01-10 07:00:00,2018-01-10,7,outer,outer,2018-01-10 07:00:00,,no_representative_state,1,normal
000001129,2018-01-10 08:00:00,2018-01-10,8,near,near,2018-01-10 08:00:00,,no_representative_state,1,normal
000001129,2018-01-10 11:00:00,2018-01-10,11,core,core,2018-01-10 11:00:00,,multi_a_region,2,normal
000001129,2018-01-10 11:00:00,2018-01-10,11,near,near,2018-01-10 11:00:00,,multi_a_region,2,normal
000001129,2018-01-10 12:00:00,2018-01-10,12,core,core,2018-01-10 12:00:00,,no_representative_state,1,normal
000001129,2018-01-10 18:00:00,2018-01-10,18,core,core,2018-01-10 18:00:00,,multi_a_region,2,normal
000001129,2018-01-10 18:00:00,2018-01-10,18,near,near,2018-01-10 18:00:00,,multi_a_region,2,normal
000001129,2018-01-10 19:00:00,2018-01-10,19,core,core,2018-01-10 19:00:00,,no_representative_state,1,normal
000001129,2018-01-10 20:00:00,2018-01-10,20,core,core,2018-01-10 20:00:00,,no_representative_state,1,normal
000001129,2018-01-10 22:00:00,2018-01-10,22,core,core,2018-01-10 22:00:00,,multi_a_region,2,normal
000001129,2018-01-10 22:00:00,2018-01-10,22,near,near,2018-01-10 22:00:00,,multi_a_region,2,normal
000001129,2018-01-10 23:00:00,2018-01-10,23,near,near,2018-01-10 23:00:00,,no_representative_state,1,normal
000001129,2018-01-11 00:00:00,2018-01-11,0,core,core,2018-01-11 00:00:00,,multi_a_region,2,normal
000001129,2018-01-11 00:00:00,2018-01-11,0,near,near,2018-01-11 00:00:00,,multi_a_region,2,normal
000001129,2018-01-11 03:00:00,2018-01-11,3,core,core,2018-01-11 03:00:00,,no_representative_state,1,normal
000001129,2018-01-11 04:00:00,2018-01-11,4,core,core,2018-01-11 04:00:00,,no_representative_state,1,normal
000001129,2018-01-11 06:00:00,2018-01-11,6,core,core,2018-01-11 06:00:00,,multi_a_region,2,normal
000001129,2018-01-11 06:00:00,2018-01-11,6,near,near,2018-01-11 06:00:00,,multi_a_region,2,normal
000001129,2018-01-11 07:00:00,2018-01-11,7,near,near,2018-01-11 07:00:00,,no_representative_state,1,normal
000001129,2018-01-11 08:00:00,2018-01-11,8,core,core,2018-01-11 08:00:00,,no_representative_state,1,normal
000001129,2018-01-11 11:00:00,2018-01-11,11,outer,outer,2018-01-11 11:00:00,,no_representative_state,1,normal
000001129,2018-01-11 12:00:00,2018-01-11,12,outer,outer,2018-01-11 12:00:00,,no_representative_state,1,normal
000001129,2018-01-11 13:00:00,2018-01-11,13,outer,outer,2018-01-11 13:00:00,,no_representative_state,1,normal
000001129,2018-01-11 14:00:00,2018-01-11,14,near,near,2018-01-11 14:00:00,,multi_a_region,2,normal
000001129,2018-01-11 14:00:00,2018-01-11,14,outer,outer,2018-01-11 14:00:00,,multi_a_region,2,normal
000001129,2018-01-11 15:00:00,2018-01-11,15,near,near,2018-01-11 15:00:00,,no_representative_state,1,normal
000001129,2018-01-11 17:00:00,2018-01-11,17,near,near,2018-01-11 17:00:00,,multi_a_region,2,normal
000001129,2018-01-11 17:00:00,2018-01-11,17,outer,outer,2018-01-11 17:00:00,,multi_a_region,2,normal
000001129,2018-01-11 18:00:00,2018-01-11,18,core,core,2018-01-11 18:00:00,,multi_a_region,2,normal
000001129,2018-01-11 18:00:00,2018-01-11,18,outer,outer,2018-01-11 18:00:00,,multi_a_region,2,normal
000001129,2018-01-11 19:00:00,2018-01-11,19,core,core,2018-01-11 19:00:00,,multi_a_region,2,normal
000001129,2018-01-11 19:00:00,2018-01-11,19,near,near,2018-01-11 19:00:00,,multi_a_region,2,normal
000001129,2018-01-11 23:00:00,2018-01-11,23,core,core,2018-01-11 23:00:00,,no_representative_state,1,normal
000001129,2018-01-12 00:00:00,2018-01-12,0,core,core,2018-01-12 00:00:00,,no_representative_state,1,reduced
000001129,2018-01-12 02:00:00,2018-01-12,2,core,core,2018-01-12 02:00:00,,no_representative_state,1,reduced
000001129,2018-01-12 03:00:00,2018-01-12,3,core,core,2018-01-12 03:00:00,,no_representative_state,1,reduced
000001129,2018-01-12 06:00:00,2018-01-12,6,core,core,2018-01-12 06:00:00,,no_representative_state,1,reduced
000001129,2018-01-12 11:00:00,2018-01-12,11,core,core,2018-01-12 11:00:00,,no_representative_state,1,reduced
000001129,2018-01-12 15:00:00,2018-01-12,15,near,near,2018-01-12 15:00:00,,no_representative_state,1,reduced
000001129,2018-01-12 16:00:00,2018-01-12,16,near,near,2018-01-12 16:00:00,,no_representative_state,1,reduced
000001129,2018-01-12 18:00:00,2018-01-12,18,core,core,2018-01-12 18:00:00,,no_representative_state,1,reduced
000001129,2018-01-12 19:00:00,2018-01-12,19,core,core,2018-01-12 19:00:00,,no_representative_state,1,reduced
000001129,2018-01-12 22:00:00,2018-01-12,22,core,core,2018-01-12 22:00:00,,multi_a_region,2,reduced
000001129,2018-01-12 22:00:00,2018-01-12,22,near,near,2018-01-12 22:00:00,,multi_a_region,2,reduced
000001129,2018-01-13 05:00:00,2018-01-13,5,outer,outer,2018-01-13 05:00:00,,no_representative_state,1,outage
000001129,2018-01-13 06:00:00,2018-01-13,6,outer,outer,2018-01-13 06:00:00,,no_representative_state,1,outage
000001129,2018-01-13 07:00:00,2018-01-13,7,outer,outer,2018-01-13 07:00:00,,no_representative_state,1,outage
000001129,2018-01-13 08:00:00,2018-01-13,8,outer,outer,2018-01-13 08:00:00,,no_representative_state,1,outage
000001129,2018-01-13 10:00:00,2018-01-13,10,outer,outer,2018-01-13 10:00:00,,no_representative_state,1,outage
000001129,2018-01-13 11:00:00,2018-01-13,11,outer,outer,2018-01-13 11:00:00,,no_representative_state,1,outage
000001129,2018-01-13 12:00:00,2018-01-13,12,outer,outer,2018-01-13 12:00:00,,no_representative_state,1,outage
000001129,2018-01-13 13:00:00,2018-01-13,13,outer,outer,2018-01-13 13:00:00,,no_representative_state,1,outage
000001129,2018-01-13 16:00:00,2018-01-13,16,core,core,2018-01-13 16:00:00,,no_representative_state,1,outage
000001129,2018-01-13 22:00:00,2018-01-13,22,core,core,2018-01-13 22:00:00,,multi_a_region,2,outage
000001129,2018-01-13 22:00:00,2018-01-13,22,near,near,2018-01-13 22:00:00,,multi_a_region,2,outage
000001129,2018-01-13 23:00:00,2018-01-13,23,core,core,2018-01-13 23:00:00,,no_representative_state,1,outage
000001129,2018-01-14 05:00:00,2018-01-14,5,core,core,2018-01-14 05:00:00,,no_representative_state,1,outage
000001129,2018-01-14 07:00:00,2018-01-14,7,near,near,2018-01-14 07:00:00,,multi_a_region,2,outage
000001129,2018-01-14 07:00:00,2018-01-14,7,outer,outer,2018-01-14 07:00:00,,multi_a_region,2,outage
000001129,2018-01-14 08:00:00,2018-01-14,8,outer,outer,2018-01-14 08:00:00,,no_representative_state,1,outage
000001129,2018-01-14 12:00:00,2018-01-14,12,outer,outer,2018-01-14 12:00:00,,no_representative_state,1,outage
000001129,2018-01-14 13:00:00,2018-01-14,13,near,near,2018-01-14 13:00:00,,no_representative_state,1,outage
000001129,2018-01-15 10:00:00,2018-01-15,10,core,core,2018-01-15 10:00:00,,no_representative_state,1,outage
000001129,2018-01-15 11:00:00,2018-01-15,11,core,core,2018-01-15 11:00:00,,no_representative_state,1,outage
000001129,2018-01-15 15:00:00,2018-01-15,15,core,core,2018-01-15 15:00:00,,no_representative_state,1,outage
000001129,2018-01-15 18:00:00,2018-01-15,18,core,core,2018-01-15 18:00:00,,multi_a_region,2,outage
000001129,2018-01-15 18:00:00,2018-01-15,18,near,near,2018-01-15 18:00:00,,multi_a_region,2,outage
000001129,2018-01-15 19:00:00,2018-01-15,19,near,near,2018-01-15 19:00:00,,no_representative_state,1,outage
000001129,2018-01-15 22:00:00,2018-01-15,22,core,core,2018-01-15 22:00:00,,no_representative_state,1,outage
000001129,2018-01-16 02:00:00,2018-01-16,2,near,near,2018-01-16 02:00:00,,no_representative_state,1,outage
000001129,2018-01-16 03:00:00,2018-01-16,3,core,core,2018-01-16 03:00:00,,no_representative_state,1,outage
000001129,2018-01-16 07:00:00,2018-01-16,7,near,near,2018-01-16 07:00:00,,no_representative_state,1,outage
000001129,2018-01-16 08:00:00,2018-01-16,8,near,near,2018-01-16 08:00:00,,no_representative_state,1,outage
000001129,2018-01-16 09:00:00,2018-01-16,9,near,near,2018-01-16 09:00:00,,no_representative_state,1,outage
000001129,2018-01-16 11:00:00,2018-01-16,11,core,core,2018-01-16 11:00:00,,no_representative_state,1,outage
000001129,2018-01-16 15:00:00,2018-01-16,15,core,core,2018-01-16 15:00:00,,multi_a_region,2,outage
000001129,2018-01-16 15:00:00,2018-01-16,15,near,near,2018-01-16 15:00:00,,multi_a_region,2,outage
000001129,2018-01-16 16:00:00,2018-01-16,16,core,core,2018-01-16 16:00:00,,no_representative_state,1,outage
000001129,2018-01-16 18:00:00,2018-01-16,18,core,core,2018-01-16 18:00:00,,no_representative_state,1,outage
000001129,2018-01-16 19:00:00,2018-01-16,19,near,near,2018-01-16 19:00:00,,no_representative_state,1,outage
000001129,2018-01-17 02:00:00,2018-01-17,2,core,core,2018-01-17 02:00:00,,multi_a_region,2,severe
000001129,2018-01-17 02:00:00,2018-01-17,2,near,near,2018-01-17 02:00:00,,multi_a_region,2,severe
000001129,2018-01-17 07:00:00,2018-01-17,7,core,core,2018-01-17 07:00:00,,no_representative_state,1,severe
000001129,2018-01-17 11:00:00,2018-01-17,11,near,near,2018-01-17 11:00:00,,no_representative_state,1,severe
000001129,2018-01-17 14:00:00,2018-01-17,14,core,core,2018-01-17 14:00:00,,no_representative_state,1,severe
000001129,2018-01-17 15:00:00,2018-01-17,15,core,core,2018-01-17 15:00:00,,no_representative_state,1,severe
000001129,2018-01-17 18:00:00,2018-01-17,18,core,core,2018-01-17 18:00:00,,no_representative_state,1,severe
000001129,2018-01-17 19:00:00,2018-01-17,19,core,core,2018-01-17 19:00:00,,no_representative_state,1,severe
000001129,2018-01-17 23:00:00,2018-01-17,23,core,core,2018-01-17 23:00:00,,no_representative_state,1,severe
000001129,2018-01-18 00:00:00,2018-01-18,0,core,core,2018-01-18 00:00:00,,no_representative_state,1,severe
000001129,2018-01-18 03:00:00,2018-01-18,3,core,core,2018-01-18 03:00:00,,no_representative_state,1,severe
000001129,2018-01-18 06:00:00,2018-01-18,6,outer,outer,2018-01-18 06:00:00,,no_representative_state,1,severe
000001129,2018-01-18 07:00:00,2018-01-18,7,core,core,2018-01-18 07:00:00,,multi_a_region,2,severe
000001129,2018-01-18 07:00:00,2018-01-18,7,near,near,2018-01-18 07:00:00,,multi_a_region,2,severe
000001129,2018-01-18 11:00:00,2018-01-18,11,core,core,2018-01-18 11:00:00,,no_representative_state,1,severe
000001129,2018-01-18 12:00:00,2018-01-18,12,core,core,2018-01-18 12:00:00,,no_representative_state,1,severe
000001129,2018-01-18 18:00:00,2018-01-18,18,near,near,2018-01-18 18:00:00,,no_representative_state,1,severe
000001129,2018-01-18 19:00:00,2018-01-18,19,near,near,2018-01-18 19:00:00,,no_representative_state,1,severe
000001129,2018-01-18 23:00:00,2018-01-18,23,core,core,2018-01-18 23:00:00,,no_representative_state,1,severe
000001129,2018-01-19 07:00:00,2018-01-19,7,core,core,2018-01-19 07:00:00,,no_representative_state,1,normal
000001129,2018-01-19 10:00:00,2018-01-19,10,core,core,2018-01-19 10:00:00,,multi_a_region,2,normal
000001129,2018-01-19 10:00:00,2018-01-19,10,near,near,2018-01-19 10:00:00,,multi_a_region,2,normal
000001129,2018-01-19 11:00:00,2018-01-19,11,near,near,2018-01-19 11:00:00,,no_representative_state,1,normal
000001129,2018-01-19 12:00:00,2018-01-19,12,near,near,2018-01-19 12:00:00,,multi_a_region,2,normal
000001129,2018-01-19 12:00:00,2018-01-19,12,outer,outer,2018-01-19 12:00:00,,multi_a_region,2,normal
000001129,2018-01-19 13:00:00,2018-01-19,13,outer,outer,2018-01-19 13:00:00,,no_representative_state,1,normal
000001129,2018-01-19 14:00:00,2018-01-19,14,outer,outer,2018-01-19 14:00:00,,no_representative_state,1,normal
000001129,2018-01-19 15:00:00,2018-01-19,15,outer,outer,2018-01-19 15:00:00,,no_representative_state,1,normal
000001129,2018-01-19 16:00:00,2018-01-19,16,outer,outer,2018-01-19 16:00:00,,no_representative_state,1,normal
000001129,2018-01-19 17:00:00,2018-01-19,17,outer,outer,2018-01-19 17:00:00,,no_representative_state,1,normal
000001129,2018-01-19 18:00:00,2018-01-19,18,outer,outer,2018-01-19 18:00:00,,no_representative_state,1,normal
000001129,2018-01-19 19:00:00,2018-01-19,19,outer,outer,2018-01-19 19:00:00,,no_representative_state,1,normal
000001129,2018-01-19 20:00:00,2018-01-19,20,core,core,2018-01-19 20:00:00,,no_representative_state,1,normal
000001129,2018-01-20 02:00:00,2018-01-20,2,core,core,2018-01-20 02:00:00,,no_representative_state,1,normal
000001129,2018-01-20 03:00:00,2018-01-20,3,core,core,2018-01-20 03:00:00,,multi_a_region,2,normal
000001129,2018-01-20 03:00:00,2018-01-20,3,near,near,2018-01-20 03:00:00,,multi_a_region,2,normal
000001129,2018-01-20 04:00:00,2018-01-20,4,core,core,2018-01-20 04:00:00,,multi_a_region,2,normal
000001129,2018-01-20 04:00:00,2018-01-20,4,near,near,2018-01-20 04:00:00,,multi_a_region,2,normal
000001129,2018-01-20 06:00:00,2018-01-20,6,core,core,2018-01-20 06:00:00,,no_representative_state,1,normal
000001129,2018-01-20 07:00:00,2018-01-20,7,core,core,2018-01-20 07:00:00,,no_representative_state,1,normal
000001129,2018-01-20 08:00:00,2018-01-20,8,core,core,2018-01-20 08:00:00,,no_representative_state,1,normal
000001129,2018-01-20 10:00:00,2018-01-20,10,core,core,2018-01-20 10:00:00,,no_representative_state,1,normal
000001129,2018-01-20 11:00:00,2018-01-20,11,core,core,2018-01-20 11:00:00,,no_representative_state,1,normal
000001129,2018-01-20 13:00:00,2018-01-20,13,core,core,2018-01-20 13:00:00,,no_representative_state,1,normal
000001129,2018-01-20 14:00:00,2018-01-20,14,core,core,2018-01-20 14:00:00,,no_representative_state,1,normal
000001129,2018-01-20 15:00:00,2018-01-20,15,core,core,2018-01-20 15:00:00,,multi_a_region,2,normal
000001129,2018-01-20 15:00:00,2018-01-20,15,near,near,2018-01-20 15:00:00,,multi_a_region,2,normal
000001129,2018-01-20 16:00:00,2018-01-20,16,core,core,2018-01-20 16:00:00,,multi_a_region,2,normal
000001129,2018-01-20 16:00:00,2018-01-20,16,near,near,2018-01-20 16:00:00,,multi_a_region,2,normal
000001129,2018-01-20 18:00:00,2018-01-20,18,core,core,2018-01-20 18:00:00,,no_representative_state,1,normal
000001129,2018-01-20 19:00:00,2018-01-20,19,core,core,2018-01-20 19:00:00,,multi_a_region,2,normal
000001129,2018-01-20 19:00:00,2018-01-20,19,near,near,2018-01-20 19:00:00,,multi_a_region,2,normal
000001129,2018-01-20 22:00:00,2018-01-20,22,core,core,2018-01-20 22:00:00,,multi_a_region,2,normal
000001129,2018-01-20 22:00:00,2018-01-20,22,near,near,2018-01-20 22:00:00,,multi_a_region,2,normal
000001129,2018-01-20 23:00:00,2018-01-20,23,core,core,2018-01-20 23:00:00,,multi_a_region,2,normal
000001129,2018-01-20 23:00:00,2018-01-20,23,near,near,2018-01-20 23:00:00,,multi_a_region,2,normal
000001129,2018-01-21 00:00:00,2018-01-21,0,near,near,2018-01-21 00:00:00,,no_representative_state,1,normal
000001129,2018-01-21 03:00:00,2018-01-21,3,core,core,2018-01-21 03:00:00,,multi_a_region,2,normal
000001129,2018-01-21 03:00:00,2018-01-21,3,near,near,2018-01-21 03:00:00,,multi_a_region,2,normal
000001129,2018-01-21 04:00:00,2018-01-21,4,core,core,2018-01-21 04:00:00,,no_representative_state,1,normal
000001129,2018-01-21 05:00:00,2018-01-21,5,core,core,2018-01-21 05:00:00,,no_representative_state,1,normal
000001129,2018-01-21 08:00:00,2018-01-21,8,core,core,2018-01-21 08:00:00,,no_representative_state,1,normal
000001129,2018-01-21 10:00:00,2018-01-21,10,core,core,2018-01-21 10:00:00,,no_representative_state,1,normal
000001129,2018-01-21 11:00:00,2018-01-21,11,core,core,2018-01-21 11:00:00,,no_representative_state,1,normal
000001129,2018-01-21 13:00:00,2018-01-21,13,core,core,2018-01-21 13:00:00,,no_representative_state,1,normal
000001129,2018-01-21 14:00:00,2018-01-21,14,core,core,2018-01-21 14:00:00,,no_representative_state,1,normal
000001129,2018-01-21 16:00:00,2018-01-21,16,core,core,2018-01-21 16:00:00,,multi_a_region,2,normal
000001129,2018-01-21 16:00:00,2018-01-21,16,near,near,2018-01-21 16:00:00,,multi_a_region,2,normal
000001129,2018-01-21 17:00:00,2018-01-21,17,core,core,2018-01-21 17:00:00,,multi_a_region,2,normal
000001129,2018-01-21 17:00:00,2018-01-21,17,near,near,2018-01-21 17:00:00,,multi_a_region,2,normal
000001129,2018-01-21 18:00:00,2018-01-21,18,core,core,2018-01-21 18:00:00,,multi_a_region,2,normal
000001129,2018-01-21 18:00:00,2018-01-21,18,near,near,2018-01-21 18:00:00,,multi_a_region,2,normal
000001129,2018-01-21 19:00:00,2018-01-21,19,core,core,2018-01-21 19:00:00,,no_representative_state,1,normal
000001129,2018-01-21 20:00:00,2018-01-21,20,core,core,2018-01-21 20:00:00,,no_representative_state,1,normal
000001129,2018-01-22 02:00:00,2018-01-22,2,core,core,2018-01-22 02:00:00,,multi_a_region,3,normal
000001129,2018-01-22 02:00:00,2018-01-22,2,near,near,2018-01-22 02:00:00,,multi_a_region,3,normal
000001129,2018-01-22 02:00:00,2018-01-22,2,outer,outer,2018-01-22 02:00:00,,multi_a_region,3,normal
000001129,2018-01-22 03:00:00,2018-01-22,3,outer,outer,2018-01-22 03:00:00,,no_representative_state,1,normal
000001129,2018-01-22 04:00:00,2018-01-22,4,outer,outer,2018-01-22 04:00:00,,no_representative_state,1,normal
000001129,2018-01-22 05:00:00,2018-01-22,5,outer,outer,2018-01-22 05:00:00,,no_representative_state,1,normal
000001129,2018-01-22 07:00:00,2018-01-22,7,core,core,2018-01-22 07:00:00,,no_representative_state,1,normal
000001129,2018-01-22 11:00:00,2018-01-22,11,core,core,2018-01-22 11:00:00,,multi_a_region,2,normal
000001129,2018-01-22 11:00:00,2018-01-22,11,near,near,2018-01-22 11:00:00,,multi_a_region,2,normal
000001129,2018-01-22 12:00:00,2018-01-22,12,near,near,2018-01-22 12:00:00,,no_representative_state,1,normal
000001129,2018-01-22 14:00:00,2018-01-22,14,near,near,2018-01-22 14:00:00,,no_representative_state,1,normal
000001129,2018-01-22 15:00:00,2018-01-22,15,core,core,2018-01-22 15:00:00,,multi_a_region,2,normal
000001129,2018-01-22 15:00:00,2018-01-22,15,near,near,2018-01-22 15:00:00,,multi_a_region,2,normal
000001129,2018-01-22 17:00:00,2018-01-22,17,core,core,2018-01-22 17:00:00,,no_representative_state,1,normal
000001129,2018-01-22 18:00:00,2018-01-22,18,core,core,2018-01-22 18:00:00,,no_representative_state,1,normal
000001129,2018-01-22 20:00:00,2018-01-22,20,core,core,2018-01-22 20:00:00,,no_representative_state,1,normal
000001129,2018-01-22 21:00:00,2018-01-22,21,core,core,2018-01-22 21:00:00,,no_representative_state,1,normal
000001129,2018-01-22 22:00:00,2018-01-22,22,core,core,2018-01-22 22:00:00,,multi_a_region,2,normal
000001129,2018-01-22 22:00:00,2018-01-22,22,near,near,2018-01-22 22:00:00,,multi_a_region,2,normal
000001129,2018-01-23 03:00:00,2018-01-23,3,core,core,2018-01-23 03:00:00,,no_representative_state,1,normal
000001129,2018-01-23 06:00:00,2018-01-23,6,core,core,2018-01-23 06:00:00,,no_representative_state,1,normal
000001129,2018-01-23 07:00:00,2018-01-23,7,core,core,2018-01-23 07:00:00,,multi_a_region,2,normal
000001129,2018-01-23 07:00:00,2018-01-23,7,near,near,2018-01-23 07:00:00,,multi_a_region,2,normal
000001129,2018-01-23 08:00:00,2018-01-23,8,core,core,2018-01-23 08:00:00,,multi_a_region,3,normal
000001129,2018-01-23 08:00:00,2018-01-23,8,near,near,2018-01-23 08:00:00,,multi_a_region,3,normal
000001129,2018-01-23 08:00:00,2018-01-23,8,outer,outer,2018-01-23 08:00:00,,multi_a_region,3,normal
000001129,2018-01-23 09:00:00,2018-01-23,9,core,core,2018-01-23 09:00:00,,multi_a_region,3,normal
000001129,2018-01-23 09:00:00,2018-01-23,9,near,near,2018-01-23 09:00:00,,multi_a_region,3,normal
000001129,2018-01-23 09:00:00,2018-01-23,9,outer,outer,2018-01-23 09:00:00,,multi_a_region,3,normal
000001129,2018-01-23 11:00:00,2018-01-23,11,core,core,2018-01-23 11:00:00,,no_representative_state,1,normal
000001129,2018-01-23 14:00:00,2018-01-23,14,core,core,2018-01-23 14:00:00,,no_representative_state,1,normal
000001129,2018-01-23 15:00:00,2018-01-23,15,core,core,2018-01-23 15:00:00,,no_representative_state,1,normal
000001129,2018-01-23 18:00:00,2018-01-23,18,core,core,2018-01-23 18:00:00,,no_representative_state,1,normal
000001129,2018-01-23 19:00:00,2018-01-23,19,core,core,2018-01-23 19:00:00,,multi_a_region,2,normal
000001129,2018-01-23 19:00:00,2018-01-23,19,near,near,2018-01-23 19:00:00,,multi_a_region,2,normal
000001129,2018-01-23 20:00:00,2018-01-23,20,core,core,2018-01-23 20:00:00,,multi_a_region,2,normal
000001129,2018-01-23 20:00:00,2018-01-23,20,near,near,2018-01-23 20:00:00,,multi_a_region,2,normal
000001129,2018-01-23 21:00:00,2018-01-23,21,core,core,2018-01-23 21:00:00,,no_representative_state,1,normal
000001129,2018-01-24 00:00:00,2018-01-24,0,core,core,2018-01-24 00:00:00,,multi_a_region,2,normal
000001129,2018-01-24 00:00:00,2018-01-24,0,near,near,2018-01-24 00:00:00,,multi_a_region,2,normal
000001129,2018-01-24 01:00:00,2018-01-24,1,core,core,2018-01-24 01:00:00,,multi_a_region,2,normal
000001129,2018-01-24 01:00:00,2018-01-24,1,near,near,2018-01-24 01:00:00,,multi_a_region,2,normal
000001129,2018-01-24 02:00:00,2018-01-24,2,core,core,2018-01-24 02:00:00,,no_representative_state,1,normal
000001129,2018-01-24 04:00:00,2018-01-24,4,core,core,2018-01-24 04:00:00,,no_representative_state,1,normal
000001129,2018-01-24 05:00:00,2018-01-24,5,core,core,2018-01-24 05:00:00,,no_representative_state,1,normal
000001129,2018-01-24 09:00:00,2018-01-24,9,core,core,2018-01-24 09:00:00,,no_representative_state,1,normal
000001129,2018-01-24 11:00:00,2018-01-24,11,core,core,2018-01-24 11:00:00,,no_representative_state,1,normal
000001129,2018-01-24 12:00:00,2018-01-24,12,core,core,2018-01-24 12:00:00,,no_representative_state,1,normal
000001129,2018-01-24 14:00:00,2018-01-24,14,core,core,2018-01-24 14:00:00,,no_representative_state,1,normal
000001129,2018-01-24 15:00:00,2018-01-24,15,core,core,2018-01-24 15:00:00,,multi_a_region,2,normal
000001129,2018-01-24 15:00:00,2018-01-24,15,near,near,2018-01-24 15:00:00,,multi_a_region,2,normal
000001129,2018-01-24 16:00:00,2018-01-24,16,core,core,2018-01-24 16:00:00,,multi_a_region,2,normal
000001129,2018-01-24 16:00:00,2018-01-24,16,near,near,2018-01-24 16:00:00,,multi_a_region,2,normal
000001129,2018-01-24 18:00:00,2018-01-24,18,core,core,2018-01-24 18:00:00,,multi_a_region,2,normal
000001129,2018-01-24 18:00:00,2018-01-24,18,near,near,2018-01-24 18:00:00,,multi_a_region,2,normal
000001129,2018-01-24 19:00:00,2018-01-24,19,core,core,2018-01-24 19:00:00,,multi_a_region,2,normal
000001129,2018-01-24 19:00:00,2018-01-24,19,near,near,2018-01-24 19:00:00,,multi_a_region,2,normal
000001129,2018-01-24 20:00:00,2018-01-24,20,core,core,2018-01-24 20:00:00,,no_representative_state,1,normal
000001129,2018-01-24 21:00:00,2018-01-24,21,core,core,2018-01-24 21:00:00,,no_representative_state,1,normal
000001129,2018-01-24 23:00:00,2018-01-24,23,core,core,2018-01-24 23:00:00,,no_representative_state,1,normal
000001207,2018-01-04 03:00:00,2018-01-04,3,outer,outer,2018-01-04 03:00:00,,no_representative_state,1,normal
000001207,2018-01-04 04:00:00,2018-01-04,4,outer,outer,2018-01-04 04:00:00,,no_representative_state,1,normal
000001207,2018-01-04 06:00:00,2018-01-04,6,outer,outer,2018-01-04 06:00:00,,no_representative_state,1,normal
000001207,2018-01-04 07:00:00,2018-01-04,7,outer,outer,2018-01-04 07:00:00,,no_representative_state,1,normal
000001209,2018-01-12 09:00:00,2018-01-12,9,outer,outer,2018-01-12 09:00:00,,no_representative_state,1,reduced
000001254,2018-01-11 20:00:00,2018-01-11,20,outer,outer,2018-01-11 20:00:00,,no_representative_state,1,normal
000001254,2018-01-11 21:00:00,2018-01-11,21,outer,outer,2018-01-11 21:00:00,,no_representative_state,1,normal
000001254,2018-01-12 08:00:00,2018-01-12,8,outer,outer,2018-01-12 08:00:00,,no_representative_state,1,reduced
000001254,2018-01-12 09:00:00,2018-01-12,9,outer,outer,2018-01-12 09:00:00,,no_representative_state,1,reduced
000001254,2018-01-12 10:00:00,2018-01-12,10,outer,outer,2018-01-12 10:00:00,,no_representative_state,1,reduced
000001254,2018-01-12 13:00:00,2018-01-12,13,outer,outer,2018-01-12 13:00:00,,no_representative_state,1,reduced
000001254,2018-01-13 09:00:00,2018-01-13,9,outer,outer,2018-01-13 09:00:00,,no_representative_state,1,outage
000001254,2018-01-14 07:00:00,2018-01-14,7,outer,outer,2018-01-14 07:00:00,,no_representative_state,1,outage
000001254,2018-01-14 08:00:00,2018-01-14,8,outer,outer,2018-01-14 08:00:00,,no_representative_state,1,outage
000001254,2018-01-14 09:00:00,2018-01-14,9,outer,outer,2018-01-14 09:00:00,,no_representative_state,1,outage
000001254,2018-01-14 10:00:00,2018-01-14,10,outer,outer,2018-01-14 10:00:00,,no_representative_state,1,outage
000001254,2018-01-24 13:00:00,2018-01-24,13,outer,outer,2018-01-24 13:00:00,,no_representative_state,1,normal
000001254,2018-01-24 14:00:00,2018-01-24,14,outer,outer,2018-01-24 14:00:00,,no_representative_state,1,normal
000001254,2018-01-24 15:00:00,2018-01-24,15,outer,outer,2018-01-24 15:00:00,,no_representative_state,1,normal
000001254,2018-01-24 16:00:00,2018-01-24,16,outer,outer,2018-01-24 16:00:00,,no_representative_state,1,normal
000001254,2018-01-24 17:00:00,2018-01-24,17,outer,outer,2018-01-24 17:00:00,,no_representative_state,1,normal
000001254,2018-01-24 23:00:00,2018-01-24,23,outer,outer,2018-01-24 23:00:00,,no_representative_state,1,normal
000001325,2018-01-17 02:00:00,2018-01-17,2,outer,outer,2018-01-17 02:00:00,,no_representative_state,1,severe
000001325,2018-01-17 03:00:00,2018-01-17,3,near,near,2018-01-17 03:00:00,,no_representative_state,1,severe
000001543,2018-01-06 03:00:00,2018-01-06,3,outer,outer,2018-01-06 03:00:00,,no_representative_state,1,normal
000001543,2018-01-06 04:00:00,2018-01-06,4,outer,outer,2018-01-06 04:00:00,,no_representative_state,1,normal
000001543,2018-01-06 05:00:00,2018-01-06,5,near,near,2018-01-06 05:00:00,,multi_a_region,2,normal
000001543,2018-01-06 05:00:00,2018-01-06,5,outer,outer,2018-01-06 05:00:00,,multi_a_region,2,normal
000001543,2018-01-06 06:00:00,2018-01-06,6,core,core,2018-01-06 06:00:00,,multi_a_region,2,normal
000001543,2018-01-06 06:00:00,2018-01-06,6,near,near,2018-01-06 06:00:00,,multi_a_region,2,normal
000001543,2018-01-08 13:00:00,2018-01-08,13,near,near,2018-01-08 13:00:00,,no_representative_state,1,normal
000001543,2018-01-08 15:00:00,2018-01-08,15,near,near,2018-01-08 15:00:00,,no_representative_state,1,normal
000001543,2018-01-08 16:00:00,2018-01-08,16,core,core,2018-01-08 16:00:00,,multi_a_region,3,normal
000001543,2018-01-08 16:00:00,2018-01-08,16,near,near,2018-01-08 16:00:00,,multi_a_region,3,normal
000001543,2018-01-08 16:00:00,2018-01-08,16,outer,outer,2018-01-08 16:00:00,,multi_a_region,3,normal
000001543,2018-01-08 17:00:00,2018-01-08,17,outer,outer,2018-01-08 17:00:00,,no_representative_state,1,normal
000001543,2018-01-08 18:00:00,2018-01-08,18,outer,outer,2018-01-08 18:00:00,,no_representative_state,1,normal
000001543,2018-01-17 03:00:00,2018-01-17,3,near,near,2018-01-17 03:00:00,,no_representative_state,1,severe
000001543,2018-01-17 04:00:00,2018-01-17,4,outer,outer,2018-01-17 04:00:00,,no_representative_state,1,severe
000001543,2018-01-17 05:00:00,2018-01-17,5,outer,outer,2018-01-17 05:00:00,,no_representative_state,1,severe
000001543,2018-01-20 14:00:00,2018-01-20,14,core,core,2018-01-20 14:00:00,,multi_a_region,2,normal
000001543,2018-01-20 14:00:00,2018-01-20,14,outer,outer,2018-01-20 14:00:00,,multi_a_region,2,normal
000001543,2018-01-20 15:00:00,2018-01-20,15,core,core,2018-01-20 15:00:00,,multi_a_region,2,normal
000001543,2018-01-20 15:00:00,2018-01-20,15,near,near,2018-01-20 15:00:00,,multi_a_region,2,normal
000001543,2018-01-21 00:00:00,2018-01-21,0,core,core,2018-01-21 00:00:00,,multi_a_region,2,normal
000001543,2018-01-21 00:00:00,2018-01-21,0,near,near,2018-01-21 00:00:00,,multi_a_region,2,normal
000001543,2018-01-21 01:00:00,2018-01-21,1,near,near,2018-01-21 01:00:00,,multi_a_region,2,normal
000001543,2018-01-21 01:00:00,2018-01-21,1,outer,outer,2018-01-21 01:00:00,,multi_a_region,2,normal
000001543,2018-01-21 02:00:00,2018-01-21,2,outer,outer,2018-01-21 02:00:00,,no_representative_state,1,normal
000001555,2018-01-05 20:00:00,2018-01-05,20,outer,outer,2018-01-05 20:00:00,,no_representative_state,1,normal
000001555,2018-01-05 21:00:00,2018-01-05,21,core,core,2018-01-05 21:00:00,,multi_a_region,3,normal
000001555,2018-01-05 21:00:00,2018-01-05,21,near,near,2018-01-05 21:00:00,,multi_a_region,3,normal
000001555,2018-01-05 21:00:00,2018-01-05,21,outer,outer,2018-01-05 21:00:00,,multi_a_region,3,normal
000001555,2018-01-05 22:00:00,2018-01-05,22,core,core,2018-01-05 22:00:00,,multi_a_region,2,normal
000001555,2018-01-05 22:00:00,2018-01-05,22,near,near,2018-01-05 22:00:00,,multi_a_region,2,normal
000001555,2018-01-06 15:00:00,2018-01-06,15,near,near,2018-01-06 15:00:00,,no_representative_state,1,normal
000001555,2018-01-06 16:00:00,2018-01-06,16,near,near,2018-01-06 16:00:00,,no_representative_state,1,normal
000001555,2018-01-06 23:00:00,2018-01-06,23,core,core,2018-01-06 23:00:00,,multi_a_region,2,normal
000001555,2018-01-06 23:00:00,2018-01-06,23,near,near,2018-01-06 23:00:00,,multi_a_region,2,normal
000001555,2018-01-07 00:00:00,2018-01-07,0,near,near,2018-01-07 00:00:00,,multi_a_region,2,normal
000001555,2018-01-07 00:00:00,2018-01-07,0,outer,outer,2018-01-07 00:00:00,,multi_a_region,2,normal
000001555,2018-01-07 01:00:00,2018-01-07,1,outer,outer,2018-01-07 01:00:00,,no_representative_state,1,normal
000001555,2018-01-13 23:00:00,2018-01-13,23,outer,outer,2018-01-13 23:00:00,,no_representative_state,1,outage
000001555,2018-01-14 00:00:00,2018-01-14,0,outer,outer,2018-01-14 00:00:00,,no_representative_state,1,outage
000001555,2018-01-14 01:00:00,2018-01-14,1,near,near,2018-01-14 01:00:00,,no_representative_state,1,outage
000001593,2018-01-04 23:00:00,2018-01-04,23,outer,outer,2018-01-04 23:00:00,,no_representative_state,1,normal
000001593,2018-01-05 05:00:00,2018-01-05,5,near,near,2018-01-05 05:00:00,,multi_a_region,2,normal
000001593,2018-01-05 05:00:00,2018-01-05,5,outer,outer,2018-01-05 05:00:00,,multi_a_region,2,normal
000001593,2018-01-05 06:00:00,2018-01-05,6,core,core,2018-01-05 06:00:00,,multi_a_region,2,normal
000001593,2018-01-05 06:00:00,2018-01-05,6,near,near,2018-01-05 06:00:00,,multi_a_region,2,normal
000001593,2018-01-06 09:00:00,2018-01-06,9,near,near,2018-01-06 09:00:00,,no_representative_state,1,normal
000001593,2018-01-06 11:00:00,2018-01-06,11,near,near,2018-01-06 11:00:00,,no_representative_state,1,normal
000001593,2018-01-19 19:00:00,2018-01-19,19,near,near,2018-01-19 19:00:00,,no_representative_state,1,normal
000001596,2018-01-24 11:00:00,2018-01-24,11,outer,outer,2018-01-24 11:00:00,,no_representative_state,1,normal
000001596,2018-01-24 12:00:00,2018-01-24,12,outer,outer,2018-01-24 12:00:00,,no_representative_state,1,normal
000001596,2018-01-24 13:00:00,2018-01-24,13,outer,outer,2018-01-24 13:00:00,,no_representative_state,1,normal
000001596,2018-01-24 14:00:00,2018-01-24,14,core,core,2018-01-24 14:00:00,,multi_a_region,2,normal
000001596,2018-01-24 14:00:00,2018-01-24,14,near,near,2018-01-24 14:00:00,,multi_a_region,2,normal
000001596,2018-01-24 15:00:00,2018-01-24,15,near,near,2018-01-24 15:00:00,,no_representative_state,1,normal
000001596,2018-01-24 16:00:00,2018-01-24,16,near,near,2018-01-24 16:00:00,,no_representative_state,1,normal
000001598,2018-01-05 07:00:00,2018-01-05,7,outer,outer,2018-01-05 07:00:00,,no_representative_state,1,normal
000001598,2018-01-05 08:00:00,2018-01-05,8,outer,outer,2018-01-05 08:00:00,,no_representative_state,1,normal
000001598,2018-01-05 09:00:00,2018-01-05,9,outer,outer,2018-01-05 09:00:00,,no_representative_state,1,normal
000001598,2018-01-05 13:00:00,2018-01-05,13,near,near,2018-01-05 13:00:00,,multi_a_region,2,normal
000001598,2018-01-05 13:00:00,2018-01-05,13,outer,outer,2018-01-05 13:00:00,,multi_a_region,2,normal
000001598,2018-01-05 14:00:00,2018-01-05,14,core,core,2018-01-05 14:00:00,,multi_a_region,2,normal
000001598,2018-01-05 14:00:00,2018-01-05,14,near,near,2018-01-05 14:00:00,,multi_a_region,2,normal
000001598,2018-01-05 15:00:00,2018-01-05,15,near,near,2018-01-05 15:00:00,,no_representative_state,1,normal
000001598,2018-01-06 08:00:00,2018-01-06,8,near,near,2018-01-06 08:00:00,,no_representative_state,1,normal
000001598,2018-01-06 10:00:00,2018-01-06,10,near,near,2018-01-06 10:00:00,,no_representative_state,1,normal
000001598,2018-01-06 11:00:00,2018-01-06,11,near,near,2018-01-06 11:00:00,,no_representative_state,1,normal
000001598,2018-01-08 17:00:00,2018-01-08,17,near,near,2018-01-08 17:00:00,,no_representative_state,1,normal
000001598,2018-01-09 01:00:00,2018-01-09,1,core,core,2018-01-09 01:00:00,,multi_a_region,2,normal
000001598,2018-01-09 01:00:00,2018-01-09,1,near,near,2018-01-09 01:00:00,,multi_a_region,2,normal
000001598,2018-01-09 02:00:00,2018-01-09,2,near,near,2018-01-09 02:00:00,,multi_a_region,2,normal
000001598,2018-01-09 02:00:00,2018-01-09,2,outer,outer,2018-01-09 02:00:00,,multi_a_region,2,normal
000001598,2018-01-12 10:00:00,2018-01-12,10,outer,outer,2018-01-12 10:00:00,,no_representative_state,1,reduced
000001598,2018-01-12 11:00:00,2018-01-12,11,outer,outer,2018-01-12 11:00:00,,no_representative_state,1,reduced
000001598,2018-01-12 13:00:00,2018-01-12,13,outer,outer,2018-01-12 13:00:00,,no_representative_state,1,reduced
000001598,2018-01-12 14:00:00,2018-01-12,14,near,near,2018-01-12 14:00:00,,no_representative_state,1,reduced
000001598,2018-01-12 17:00:00,2018-01-12,17,near,near,2018-01-12 17:00:00,,no_representative_state,1,reduced
000001598,2018-01-16 20:00:00,2018-01-16,20,outer,outer,2018-01-16 20:00:00,,no_representative_state,1,outage
000001598,2018-01-21 03:00:00,2018-01-21,3,outer,outer,2018-01-21 03:00:00,,no_representative_state,1,normal
000001598,2018-01-21 04:00:00,2018-01-21,4,outer,outer,2018-01-21 04:00:00,,no_representative_state,1,normal
000001598,2018-01-21 05:00:00,2018-01-21,5,outer,outer,2018-01-21 05:00:00,,no_representative_state,1,normal
000001598,2018-01-21 06:00:00,2018-01-21,6,core,core,2018-01-21 06:00:00,,multi_a_region,3,normal
000001598,2018-01-21 06:00:00,2018-01-21,6,near,near,2018-01-21 06:00:00,,multi_a_region,3,normal
000001598,2018-01-21 06:00:00,2018-01-21,6,outer,outer,2018-01-21 06:00:00,,multi_a_region,3,normal
000001598,2018-01-21 07:00:00,2018-01-21,7,near,near,2018-01-21 07:00:00,,no_representative_state,1,normal
000001598,2018-01-22 08:00:00,2018-01-22,8,near,near,2018-01-22 08:00:00,,no_representative_state,1,normal
000001598,2018-01-22 11:00:00,2018-01-22,11,near,near,2018-01-22 11:00:00,,no_representative_state,1,normal
000001598,2018-01-22 23:00:00,2018-01-22,23,near,near,2018-01-22 23:00:00,,no_representative_state,1,normal
000001598,2018-01-23 00:00:00,2018-01-23,0,outer,outer,2018-01-23 00:00:00,,no_representative_state,1,normal
000001598,2018-01-23 01:00:00,2018-01-23,1,outer,outer,2018-01-23 01:00:00,,no_representative_state,1,normal
000001617,2018-01-19 21:00:00,2018-01-19,21,outer,outer,2018-01-19 21:00:00,,no_representative_state,1,normal
000001617,2018-01-19 22:00:00,2018-01-19,22,outer,outer,2018-01-19 22:00:00,,no_representative_state,1,normal
000001617,2018-01-21 09:00:00,2018-01-21,9,outer,outer,2018-01-21 09:00:00,,no_representative_state,1,normal
000001617,2018-01-21 10:00:00,2018-01-21,10,core,core,2018-01-21 10:00:00,,multi_a_region,3,normal
000001617,2018-01-21 10:00:00,2018-01-21,10,near,near,2018-01-21 10:00:00,,multi_a_region,3,normal
000001617,2018-01-21 10:00:00,2018-01-21,10,outer,outer,2018-01-21 10:00:00,,multi_a_region,3,normal
000001617,2018-01-21 11:00:00,2018-01-21,11,near,near,2018-01-21 11:00:00,,no_representative_state,1,normal
000001617,2018-01-24 15:00:00,2018-01-24,15,near,near,2018-01-24 15:00:00,,no_representative_state,1,normal
000001769,2018-01-07 12:00:00,2018-01-07,12,outer,outer,2018-01-07 12:00:00,,no_representative_state,1,normal
000001769,2018-01-07 13:00:00,2018-01-07,13,near,near,2018-01-07 13:00:00,,multi_a_region,2,normal
000001769,2018-01-07 13:00:00,2018-01-07,13,outer,outer,2018-01-07 13:00:00,,multi_a_region,2,normal
000001769,2018-01-07 14:00:00,2018-01-07,14,core,core,2018-01-07 14:00:00,,multi_a_region,2,normal
000001769,2018-01-07 14:00:00,2018-01-07,14,near,near,2018-01-07 14:00:00,,multi_a_region,2,normal
000001769,2018-01-07 16:00:00,2018-01-07,16,near,near,2018-01-07 16:00:00,,no_representative_state,1,normal
000001769,2018-01-08 11:00:00,2018-01-08,11,near,near,2018-01-08 11:00:00,,no_representative_state,1,normal
000001769,2018-01-08 12:00:00,2018-01-08,12,core,core,2018-01-08 12:00:00,,multi_a_region,3,normal
000001769,2018-01-08 12:00:00,2018-01-08,12,near,near,2018-01-08 12:00:00,,multi_a_region,3,normal
000001769,2018-01-08 12:00:00,2018-01-08,12,outer,outer,2018-01-08 12:00:00,,multi_a_region,3,normal
000001769,2018-01-08 13:00:00,2018-01-08,13,outer,outer,2018-01-08 13:00:00,,no_representative_state,1,normal
000001769,2018-01-08 14:00:00,2018-01-08,14,outer,outer,2018-01-08 14:00:00,,no_representative_state,1,normal
000001860,2018-01-01 19:00:00,2018-01-01,19,outer,outer,2018-01-01 19:00:00,,no_representative_state,1,normal
000001860,2018-01-01 20:00:00,2018-01-01,20,near,near,2018-01-01 20:00:00,,multi_a_region,2,normal
000001860,2018-01-01 20:00:00,2018-01-01,20,outer,outer,2018-01-01 20:00:00,,multi_a_region,2,normal
000001860,2018-01-01 21:00:00,2018-01-01,21,core,core,2018-01-01 21:00:00,,multi_a_region,2,normal
000001860,2018-01-01 21:00:00,2018-01-01,21,near,near,2018-01-01 21:00:00,,multi_a_region,2,normal
000001860,2018-01-07 16:00:00,2018-01-07,16,near,near,2018-01-07 16:00:00,,no_representative_state,1,normal
000001860,2018-01-07 19:00:00,2018-01-07,19,core,core,2018-01-07 19:00:00,,multi_a_region,2,normal
000001860,2018-01-07 19:00:00,2018-01-07,19,near,near,2018-01-07 19:00:00,,multi_a_region,2,normal
000002008,2018-01-06 19:00:00,2018-01-06,19,core,core,2018-01-06 19:00:00,,multi_a_region,2,normal
000002008,2018-01-06 19:00:00,2018-01-06,19,near,near,2018-01-06 19:00:00,,multi_a_region,2,normal
000002008,2018-01-06 20:00:00,2018-01-06,20,near,near,2018-01-06 20:00:00,,multi_a_region,2,normal
000002008,2018-01-06 20:00:00,2018-01-06,20,outer,outer,2018-01-06 20:00:00,,multi_a_region,2,normal
000002008,2018-01-06 21:00:00,2018-01-06,21,outer,outer,2018-01-06 21:00:00,,no_representative_state,1,normal
000002123,2018-01-06 11:00:00,2018-01-06,11,outer,outer,2018-01-06 11:00:00,,no_representative_state,1,normal
000002123,2018-01-06 12:00:00,2018-01-06,12,outer,outer,2018-01-06 12:00:00,,no_representative_state,1,normal
000002123,2018-01-06 13:00:00,2018-01-06,13,outer,outer,2018-01-06 13:00:00,,no_representative_state,1,normal
000002123,2018-01-06 14:00:00,2018-01-06,14,outer,outer,2018-01-06 14:00:00,,no_representative_state,1,normal
000002123,2018-01-11 12:00:00,2018-01-11,12,outer,outer,2018-01-11 12:00:00,,no_representative_state,1,normal
000002123,2018-01-11 13:00:00,2018-01-11,13,outer,outer,2018-01-11 13:00:00,,no_representative_state,1,normal
000002123,2018-01-11 14:00:00,2018-01-11,14,near,near,2018-01-11 14:00:00,,multi_a_region,2,normal
000002123,2018-01-11 14:00:00,2018-01-11,14,outer,outer,2018-01-11 14:00:00,,multi_a_region,2,normal
000002123,2018-01-11 15:00:00,2018-01-11,15,core,core,2018-01-11 15:00:00,,multi_a_region,2,normal
000002123,2018-01-11 15:00:00,2018-01-11,15,near,near,2018-01-11 15:00:00,,multi_a_region,2,normal
000002141,2018-01-08 03:00:00,2018-01-08,3,outer,outer,2018-01-08 03:00:00,,no_representative_state,1,normal
000002141,2018-01-08 04:00:00,2018-01-08,4,outer,outer,2018-01-08 04:00:00,,no_representative_state,1,normal
000002141,2018-01-08 05:00:00,2018-01-08,5,core,core,2018-01-08 05:00:00,,multi_a_region,2,normal
000002141,2018-01-08 05:00:00,2018-01-08,5,near,near,2018-01-08 05:00:00,,multi_a_region,2,normal
000002141,2018-01-08 09:00:00,2018-01-08,9,near,near,2018-01-08 09:00:00,,no_representative_state,1,normal
000002141,2018-01-10 13:00:00,2018-01-10,13,near,near,2018-01-10 13:00:00,,no_representative_state,1,normal
000002141,2018-01-10 14:00:00,2018-01-10,14,near,near,2018-01-10 14:00:00,,no_representative_state,1,normal
000002141,2018-01-10 15:00:00,2018-01-10,15,near,near,2018-01-10 15:00:00,,no_representative_state,1,normal
000002141,2018-01-10 16:00:00,2018-01-10,16,near,near,2018-01-10 16:00:00,,no_representative_state,1,normal
000002141,2018-01-10 18:00:00,2018-01-10,18,near,near,2018-01-10 18:00:00,,no_representative_state,1,normal
000002141,2018-01-10 19:00:00,2018-01-10,19,near,near,2018-01-10 19:00:00,,no_representative_state,1,normal
000002141,2018-01-11 20:00:00,2018-01-11,20,core,core,2018-01-11 20:00:00,,multi_a_region,2,normal
000002141,2018-01-11 20:00:00,2018-01-11,20,near,near,2018-01-11 20:00:00,,multi_a_region,2,normal
000002141,2018-01-11 21:00:00,2018-01-11,21,near,near,2018-01-11 21:00:00,,multi_a_region,2,normal
000002141,2018-01-11 21:00:00,2018-01-11,21,outer,outer,2018-01-11 21:00:00,,multi_a_region,2,normal
000002141,2018-01-11 22:00:00,2018-01-11,22,outer,outer,2018-01-11 22:00:00,,no_representative_state,1,normal
000002157,2018-01-07 07:00:00,2018-01-07,7,outer,outer,2018-01-07 07:00:00,,no_representative_state,1,normal
000002157,2018-01-07 08:00:00,2018-01-07,8,outer,outer,2018-01-07 08:00:00,,no_representative_state,1,normal
000002157,2018-01-07 09:00:00,2018-01-07,9,core,core,2018-01-07 09:00:00,,multi_a_region,3,normal
000002157,2018-01-07 09:00:00,2018-01-07,9,near,near,2018-01-07 09:00:00,,multi_a_region,3,normal
000002157,2018-01-07 09:00:00,2018-01-07,9,outer,outer,2018-01-07 09:00:00,,multi_a_region,3,normal
000002157,2018-01-07 10:00:00,2018-01-07,10,near,near,2018-01-07 10:00:00,,no_representative_state,1,normal
000002157,2018-01-07 19:00:00,2018-01-07,19,near,near,2018-01-07 19:00:00,,no_representative_state,1,normal
000002157,2018-01-10 19:00:00,2018-01-10,19,core,core,2018-01-10 19:00:00,,multi_a_region,2,normal
000002157,2018-01-10 19:00:00,2018-01-10,19,near,near,2018-01-10 19:00:00,,multi_a_region,2,normal
000002157,2018-01-10 20:00:00,2018-01-10,20,core,core,2018-01-10 20:00:00,,multi_a_region,3,normal
000002157,2018-01-10 20:00:00,2018-01-10,20,near,near,2018-01-10 20:00:00,,multi_a_region,3,normal
000002157,2018-01-10 20:00:00,2018-01-10,20,outer,outer,2018-01-10 20:00:00,,multi_a_region,3,normal
000002157,2018-01-10 21:00:00,2018-01-10,21,outer,outer,2018-01-10 21:00:00,,no_representative_state,1,normal
000002157,2018-01-14 05:00:00,2018-01-14,5,outer,outer,2018-01-14 05:00:00,,no_representative_state,1,outage
000002157,2018-01-14 06:00:00,2018-01-14,6,outer,outer,2018-01-14 06:00:00,,no_representative_state,1,outage
000002157,2018-01-15 10:00:00,2018-01-15,10,near,near,2018-01-15 10:00:00,,no_representative_state,1,outage
000002157,2018-01-17 20:00:00,2018-01-17,20,near,near,2018-01-17 20:00:00,,no_representative_state,1,severe
000002157,2018-01-17 21:00:00,2018-01-17,21,outer,outer,2018-01-17 21:00:00,,no_representative_state,1,severe
000002157,2018-01-17 22:00:00,2018-01-17,22,outer,outer,2018-01-17 22:00:00,,no_representative_state,1,severe
000002230,2018-01-20 01:00:00,2018-01-20,1,outer,outer,2018-01-20 01:00:00,,no_representative_state,1,normal
000002230,2018-01-20 05:00:00,2018-01-20,5,outer,outer,2018-01-20 05:00:00,,no_representative_state,1,normal
000002230,2018-01-20 06:00:00,2018-01-20,6,core,core,2018-01-20 06:00:00,,multi_a_region,2,normal
000002230,2018-01-20 06:00:00,2018-01-20,6,near,near,2018-01-20 06:00:00,,multi_a_region,2,normal
000002230,2018-01-20 12:00:00,2018-01-20,12,near,near,2018-01-20 12:00:00,,no_representative_state,1,normal
000002241,2018-01-02 04:00:00,2018-01-02,4,outer,outer,2018-01-02 04:00:00,,no_representative_state,1,normal
000002241,2018-01-02 05:00:00,2018-01-02,5,core,core,2018-01-02 05:00:00,,multi_a_region,3,normal
000002241,2018-01-02 05:00:00,2018-01-02,5,near,near,2018-01-02 05:00:00,,multi_a_region,3,normal
000002241,2018-01-02 05:00:00,2018-01-02,5,outer,outer,2018-01-02 05:00:00,,multi_a_region,3,normal
000002241,2018-01-02 06:00:00,2018-01-02,6,core,core,2018-01-02 06:00:00,,multi_a_region,2,normal
000002241,2018-01-02 06:00:00,2018-01-02,6,near,near,2018-01-02 06:00:00,,multi_a_region,2,normal
000002241,2018-01-03 14:00:00,2018-01-03,14,near,near,2018-01-03 14:00:00,,no_representative_state,1,normal
000002241,2018-01-04 12:00:00,2018-01-04,12,near,near,2018-01-04 12:00:00,,no_representative_state,1,normal
000002241,2018-01-10 19:00:00,2018-01-10,19,core,core,2018-01-10 19:00:00,,multi_a_region,2,normal
000002241,2018-01-10 19:00:00,2018-01-10,19,near,near,2018-01-10 19:00:00,,multi_a_region,2,normal
000002241,2018-01-10 20:00:00,2018-01-10,20,near,near,2018-01-10 20:00:00,,multi_a_region,2,normal
000002241,2018-01-10 20:00:00,2018-01-10,20,outer,outer,2018-01-10 20:00:00,,multi_a_region,2,normal
000002241,2018-01-10 21:00:00,2018-01-10,21,outer,outer,2018-01-10 21:00:00,,no_representative_state,1,normal
000002241,2018-01-19 06:00:00,2018-01-19,6,near,near,2018-01-19 06:00:00,,no_representative_state,1,normal
000002241,2018-01-19 14:00:00,2018-01-19,14,near,near,2018-01-19 14:00:00,,no_representative_state,1,normal
000002241,2018-01-19 19:00:00,2018-01-19,19,core,core,2018-01-19 19:00:00,,multi_a_region,2,normal
000002241,2018-01-19 19:00:00,2018-01-19,19,near,near,2018-01-19 19:00:00,,multi_a_region,2,normal
000002241,2018-01-19 20:00:00,2018-01-19,20,core,core,2018-01-19 20:00:00,,multi_a_region,3,normal
000002241,2018-01-19 20:00:00,2018-01-19,20,near,near,2018-01-19 20:00:00,,multi_a_region,3,normal
000002241,2018-01-19 20:00:00,2018-01-19,20,outer,outer,2018-01-19 20:00:00,,multi_a_region,3,normal
000002241,2018-01-19 21:00:00,2018-01-19,21,outer,outer,2018-01-19 21:00:00,,no_representative_state,1,normal
000002241,2018-01-24 07:00:00,2018-01-24,7,outer,outer,2018-01-24 07:00:00,,no_representative_state,1,normal
000002241,2018-01-24 08:00:00,2018-01-24,8,outer,outer,2018-01-24 08:00:00,,no_representative_state,1,normal
000002241,2018-01-24 09:00:00,2018-01-24,9,core,core,2018-01-24 09:00:00,,multi_a_region,3,normal
000002241,2018-01-24 09:00:00,2018-01-24,9,near,near,2018-01-24 09:00:00,,multi_a_region,3,normal
000002241,2018-01-24 09:00:00,2018-01-24,9,outer,outer,2018-01-24 09:00:00,,multi_a_region,3,normal
000002241,2018-01-24 10:00:00,2018-01-24,10,near,near,2018-01-24 10:00:00,,no_representative_state,1,normal
000002272,2018-01-03 12:00:00,2018-01-03,12,outer,outer,2018-01-03 12:00:00,,no_representative_state,1,normal
000002272,2018-01-06 08:00:00,2018-01-06,8,near,near,2018-01-06 08:00:00,,no_representative_state,1,normal
000002272,2018-01-07 08:00:00,2018-01-07,8,near,near,2018-01-07 08:00:00,,no_representative_state,1,normal
000002272,2018-01-12 04:00:00,2018-01-12,4,outer,outer,2018-01-12 04:00:00,,no_representative_state,1,reduced
000002272,2018-01-12 05:00:00,2018-01-12,5,outer,outer,2018-01-12 05:00:00,,no_representative_state,1,reduced
000002272,2018-01-12 16:00:00,2018-01-12,16,near,near,2018-01-12 16:00:00,,no_representative_state,1,reduced
000002272,2018-01-12 17:00:00,2018-01-12,17,near,near,2018-01-12 17:00:00,,no_representative_state,1,reduced
000002273,2018-01-24 10:00:00,2018-01-24,10,outer,outer,2018-01-24 10:00:00,,no_representative_state,1,normal
000002273,2018-01-24 11:00:00,2018-01-24,11,outer,outer,2018-01-24 11:00:00,,no_representative_state,1,normal
000002319,2018-01-06 09:00:00,2018-01-06,9,outer,outer,2018-01-06 09:00:00,,no_representative_state,1,normal
000002319,2018-01-06 10:00:00,2018-01-06,10,outer,outer,2018-01-06 10:00:00,,no_representative_state,1,normal
000002319,2018-01-06 11:00:00,2018-01-06,11,near,near,2018-01-06 11:00:00,,no_representative_state,1,normal
000002319,2018-01-12 07:00:00,2018-01-12,7,near,near,2018-01-12 07:00:00,,no_representative_state,1,reduced
000002319,2018-01-21 08:00:00,2018-01-21,8,outer,outer,2018-01-21 08:00:00,,no_representative_state,1,normal
000002319,2018-01-21 09:00:00,2018-01-21,9,near,near,2018-01-21 09:00:00,,multi_a_region,2,normal
000002319,2018-01-21 09:00:00,2018-01-21,9,outer,outer,2018-01-21 09:00:00,,multi_a_region,2,normal
000002319,2018-01-21 10:00:00,2018-01-21,10,near,near,2018-01-21 10:00:00,,no_representative_state,1,normal
000002362,2018-01-05 02:00:00,2018-01-05,2,outer,outer,2018-01-05 02:00:00,,no_representative_state,1,normal
000002512,2018-01-01 02:00:00,2018-01-01,2,core,core,2018-01-01 02:00:00,,no_representative_state,1,normal
000002512,2018-01-01 03:00:00,2018-01-01,3,core,core,2018-01-01 03:00:00,,no_representative_state,1,normal
000002512,2018-01-01 06:00:00,2018-01-01,6,core,core,2018-01-01 06:00:00,,no_representative_state,1,normal
000002512,2018-01-01 07:00:00,2018-01-01,7,core,core,2018-01-01 07:00:00,,multi_a_region,2,normal
000002512,2018-01-01 07:00:00,2018-01-01,7,near,near,2018-01-01 07:00:00,,multi_a_region,2,normal
000002512,2018-01-01 08:00:00,2018-01-01,8,core,core,2018-01-01 08:00:00,,no_representative_state,1,normal
000002512,2018-01-01 12:00:00,2018-01-01,12,core,core,2018-01-01 12:00:00,,no_representative_state,1,normal
000002512,2018-01-01 15:00:00,2018-01-01,15,core,core,2018-01-01 15:00:00,,no_representative_state,1,normal
000002512,2018-01-01 16:00:00,2018-01-01,16,core,core,2018-01-01 16:00:00,,no_representative_state,1,normal
000002512,2018-01-01 18:00:00,2018-01-01,18,core,core,2018-01-01 18:00:00,,multi_a_region,2,normal
000002512,2018-01-01 18:00:00,2018-01-01,18,near,near,2018-01-01 18:00:00,,multi_a_region,2,normal
000002512,2018-01-01 19:00:00,2018-01-01,19,core,core,2018-01-01 19:00:00,,multi_a_region,2,normal
000002512,2018-01-01 19:00:00,2018-01-01,19,near,near,2018-01-01 19:00:00,,multi_a_region,2,normal
000002512,2018-01-01 23:00:00,2018-01-01,23,core,core,2018-01-01 23:00:00,,no_representative_state,1,normal
000002512,2018-01-02 00:00:00,2018-01-02,0,core,core,2018-01-02 00:00:00,,no_representative_state,1,normal
000002512,2018-01-02 06:00:00,2018-01-02,6,core,core,2018-01-02 06:00:00,,no_representative_state,1,normal
000002512,2018-01-02 07:00:00,2018-01-02,7,core,core,2018-01-02 07:00:00,,multi_a_region,2,normal
000002512,2018-01-02 07:00:00,2018-01-02,7,near,near,2018-01-02 07:00:00,,multi_a_region,2,normal
000002512,2018-01-02 11:00:00,2018-01-02,11,core,core,2018-01-02 11:00:00,,no_representative_state,1,normal
000002512,2018-01-02 12:00:00,2018-01-02,12,core,core,2018-01-02 12:00:00,,no_representative_state,1,normal
000002512,2018-01-02 15:00:00,2018-01-02,15,core,core,2018-01-02 15:00:00,,no_representative_state,1,normal
000002512,2018-01-02 16:00:00,2018-01-02,16,core,core,2018-01-02 16:00:00,,no_representative_state,1,normal
000002512,2018-01-02 19:00:00,2018-01-02,19,core,core,2018-01-02 19:00:00,,no_representative_state,1,normal
000002512,2018-01-02 20:00:00,2018-01-02,20,core,core,2018-01-02 20:00:00,,no_representative_state,1,normal
000002512,2018-01-03 03:00:00,2018-01-03,3,core,core,2018-01-03 03:00:00,,no_representative_state,1,normal
000002512,2018-01-03 04:00:00,2018-01-03,4,core,core,2018-01-03 04:00:00,,no_representative_state,1,normal
000002512,2018-01-03 05:00:00,2018-01-03,5,core,core,2018-01-03 05:00:00,,no_representative_state,1,normal
000002512,2018-01-03 06:00:00,2018-01-03,6,core,core,2018-01-03 06:00:00,,no_representative_state,1,normal
000002512,2018-01-03 15:00:00,2018-01-03,15,core,core,2018-01-03 15:00:00,,multi_a_region,2,normal
000002512,2018-01-03 15:00:00,2018-01-03,15,near,near,2018-01-03 15:00:00,,multi_a_region,2,normal
000002512,2018-01-03 16:00:00,2018-01-03,16,core,core,2018-01-03 16:00:00,,multi_a_region,2,normal
000002512,2018-01-03 16:00:00,2018-01-03,16,near,near,2018-01-03 16:00:00,,multi_a_region,2,normal
000002512,2018-01-03 19:00:00,2018-01-03,19,core,core,2018-01-03 19:00:00,,multi_a_region,2,normal
000002512,2018-01-03 19:00:00,2018-01-03,19,near,near,2018-01-03 19:00:00,,multi_a_region,2,normal
000002512,2018-01-03 20:00:00,2018-01-03,20,core,core,2018-01-03 20:00:00,,multi_a_region,2,normal
000002512,2018-01-03 20:00:00,2018-01-03,20,near,near,2018-01-03 20:00:00,,multi_a_region,2,normal
000002512,2018-01-03 22:00:00,2018-01-03,22,core,core,2018-01-03 22:00:00,,no_representative_state,1,normal
000002512,2018-01-03 23:00:00,2018-01-03,23,core,core,2018-01-03 23:00:00,,no_representative_state,1,normal
000002512,2018-01-04 03:00:00,2018-01-04,3,core,core,2018-01-04 03:00:00,,multi_a_region,2,normal
000002512,2018-01-04 03:00:00,2018-01-04,3,near,near,2018-01-04 03:00:00,,multi_a_region,2,normal
000002512,2018-01-04 04:00:00,2018-01-04,4,near,near,2018-01-04 04:00:00,,no_representative_state,1,normal
000002512,2018-01-04 05:00:00,2018-01-04,5,near,near,2018-01-04 05:00:00,,no_representative_state,1,normal
000002512,2018-01-04 06:00:00,2018-01-04,6,core,core,2018-01-04 06:00:00,,no_representative_state,1,normal
000002512,2018-01-04 07:00:00,2018-01-04,7,core,core,2018-01-04 07:00:00,,no_representative_state,1,normal
000002512,2018-01-04 08:00:00,2018-01-04,8,core,core,2018-01-04 08:00:00,,no_representative_state,1,normal
000002512,2018-01-04 09:00:00,2018-01-04,9,core,core,2018-01-04 09:00:00,,no_representative_state,1,normal
000002512,2018-01-04 10:00:00,2018-01-04,10,core,core,2018-01-04 10:00:00,,no_representative_state,1,normal
000002512,2018-01-04 11:00:00,2018-01-04,11,core,core,2018-01-04 11:00:00,,multi_a_region,2,normal
000002512,2018-01-04 11:00:00,2018-01-04,11,near,near,2018-01-04 11:00:00,,multi_a_region,2,normal
000002512,2018-01-04 12:00:00,2018-01-04,12,core,core,2018-01-04 12:00:00,,no_representative_state,1,normal
000002512,2018-01-04 18:00:00,2018-01-04,18,core,core,2018-01-04 18:00:00,,multi_a_region,2,normal
000002512,2018-01-04 18:00:00,2018-01-04,18,near,near,2018-01-04 18:00:00,,multi_a_region,2,normal
000002512,2018-01-04 19:00:00,2018-01-04,19,core,core,2018-01-04 19:00:00,,multi_a_region,2,normal
000002512,2018-01-04 19:00:00,2018-01-04,19,near,near,2018-01-04 19:00:00,,multi_a_region,2,normal
000002512,2018-01-04 22:00:00,2018-01-04,22,core,core,2018-01-04 22:00:00,,no_representative_state,1,normal
000002512,2018-01-04 23:00:00,2018-01-04,23,core,core,2018-01-04 23:00:00,,no_representative_state,1,normal
000002512,2018-01-05 02:00:00,2018-01-05,2,core,core,2018-01-05 02:00:00,,no_representative_state,1,normal
000002512,2018-01-05 03:00:00,2018-01-05,3,core,core,2018-01-05 03:00:00,,no_representative_state,1,normal
000002512,2018-01-05 06:00:00,2018-01-05,6,core,core,2018-01-05 06:00:00,,multi_a_region,2,normal
000002512,2018-01-05 06:00:00,2018-01-05,6,near,near,2018-01-05 06:00:00,,multi_a_region,2,normal
000002512,2018-01-05 07:00:00,2018-01-05,7,core,core,2018-01-05 07:00:00,,multi_a_region,2,normal
000002512,2018-01-05 07:00:00,2018-01-05,7,near,near,2018-01-05 07:00:00,,multi_a_region,2,normal
000002512,2018-01-05 10:00:00,2018-01-05,10,core,core,2018-01-05 10:00:00,,no_representative_state,1,normal
000002512,2018-01-05 11:00:00,2018-01-05,11,core,core,2018-01-05 11:00:00,,no_representative_state,1,normal
000002512,2018-01-05 14:00:00,2018-01-05,14,core,core,2018-01-05 14:00:00,,no_representative_state,1,normal
000002512,2018-01-05 15:00:00,2018-01-05,15,core,core,2018-01-05 15:00:00,,no_representative_state,1,normal
000002512,2018-01-05 19:00:00,2018-01-05,19,core,core,2018-01-05 19:00:00,,no_representative_state,1,normal
000002512,2018-01-06 00:00:00,2018-01-06,0,core,core,2018-01-06 00:00:00,,no_representative_state,1,normal
000002512,2018-01-06 03:00:00,2018-01-06,3,core,core,2018-01-06 03:00:00,,no_representative_state,1,normal
000002512,2018-01-06 04:00:00,2018-01-06,4,core,core,2018-01-06 04:00:00,,no_representative_state,1,normal
000002512,2018-01-06 07:00:00,2018-01-06,7,core,core,2018-01-06 07:00:00,,multi_a_region,2,normal
000002512,2018-01-06 07:00:00,2018-01-06,7,near,near,2018-01-06 07:00:00,,multi_a_region,2,normal
000002512,2018-01-06 08:00:00,2018-01-06,8,core,core,2018-01-06 08:00:00,,no_representative_state,1,normal
000002512,2018-01-06 10:00:00,2018-01-06,10,core,core,2018-01-06 10:00:00,,no_representative_state,1,normal
000002512,2018-01-06 11:00:00,2018-01-06,11,core,core,2018-01-06 11:00:00,,no_representative_state,1,normal
000002512,2018-01-06 15:00:00,2018-01-06,15,core,core,2018-01-06 15:00:00,,no_representative_state,1,normal
000002512,2018-01-06 19:00:00,2018-01-06,19,core,core,2018-01-06 19:00:00,,no_representative_state,1,normal
000002512,2018-01-06 23:00:00,2018-01-06,23,core,core,2018-01-06 23:00:00,,no_representative_state,1,normal
000002512,2018-01-07 00:00:00,2018-01-07,0,core,core,2018-01-07 00:00:00,,no_representative_state,1,normal
000002512,2018-01-07 02:00:00,2018-01-07,2,core,core,2018-01-07 02:00:00,,no_representative_state,1,normal
000002512,2018-01-07 03:00:00,2018-01-07,3,core,core,2018-01-07 03:00:00,,multi_a_region,2,normal
000002512,2018-01-07 03:00:00,2018-01-07,3,near,near,2018-01-07 03:00:00,,multi_a_region,2,normal
000002512,2018-01-07 04:00:00,2018-01-07,4,core,core,2018-01-07 04:00:00,,multi_a_region,2,normal
000002512,2018-01-07 04:00:00,2018-01-07,4,near,near,2018-01-07 04:00:00,,multi_a_region,2,normal
000002512,2018-01-07 06:00:00,2018-01-07,6,core,core,2018-01-07 06:00:00,,no_representative_state,1,normal
000002512,2018-01-07 07:00:00,2018-01-07,7,core,core,2018-01-07 07:00:00,,no_representative_state,1,normal
000002512,2018-01-07 10:00:00,2018-01-07,10,core,core,2018-01-07 10:00:00,,no_representative_state,1,normal
000002512,2018-01-07 11:00:00,2018-01-07,11,core,core,2018-01-07 11:00:00,,no_representative_state,1,normal
000002512,2018-01-07 12:00:00,2018-01-07,12,core,core,2018-01-07 12:00:00,,no_representative_state,1,normal
000002512,2018-01-07 15:00:00,2018-01-07,15,core,core,2018-01-07 15:00:00,,no_representative_state,1,normal
000002512,2018-01-07 16:00:00,2018-01-07,16,core,core,2018-01-07 16:00:00,,no_representative_state,1,normal
000002512,2018-01-07 18:00:00,2018-01-07,18,core,core,2018-01-07 18:00:00,,no_representative_state,1,normal
000002512,2018-01-07 19:00:00,2018-01-07,19,core,core,2018-01-07 19:00:00,,no_representative_state,1,normal
000002512,2018-01-07 23:00:00,2018-01-07,23,core,core,2018-01-07 23:00:00,,multi_a_region,2,normal
000002512,2018-01-07 23:00:00,2018-01-07,23,near,near,2018-01-07 23:00:00,,multi_a_region,2,normal
000002512,2018-01-08 00:00:00,2018-01-08,0,core,core,2018-01-08 00:00:00,,multi_a_region,2,normal
000002512,2018-01-08 00:00:00,2018-01-08,0,near,near,2018-01-08 00:00:00,,multi_a_region,2,normal
000002512,2018-01-08 02:00:00,2018-01-08,2,core,core,2018-01-08 02:00:00,,multi_a_region,2,normal
000002512,2018-01-08 02:00:00,2018-01-08,2,near,near,2018-01-08 02:00:00,,multi_a_region,2,normal
000002512,2018-01-08 03:00:00,2018-01-08,3,core,core,2018-01-08 03:00:00,,multi_a_region,2,normal
000002512,2018-01-08 03:00:00,2018-01-08,3,near,near,2018-01-08 03:00:00,,multi_a_region,2,normal
000002512,2018-01-08 06:00:00,2018-01-08,6,core,core,2018-01-08 06:00:00,,no_representative_state,1,normal
000002512,2018-01-08 07:00:00,2018-01-08,7,core,core,2018-01-08 07:00:00,,multi_a_region,2,normal
000002512,2018-01-08 07:00:00,2018-01-08,7,near,near,2018-01-08 07:00:00,,multi_a_region,2,normal
000002512,2018-01-08 08:00:00,2018-01-08,8,core,core,2018-01-08 08:00:00,,no_representative_state,1,normal
000002512,2018-01-08 11:00:00,2018-01-08,11,core,core,2018-01-08 11:00:00,,no_representative_state,1,normal
000002512,2018-01-08 12:00:00,2018-01-08,12,core,core,2018-01-08 12:00:00,,no_representative_state,1,normal
000002512,2018-01-08 15:00:00,2018-01-08,15,core,core,2018-01-08 15:00:00,,multi_a_region,2,normal
000002512,2018-01-08 15:00:00,2018-01-08,15,near,near,2018-01-08 15:00:00,,multi_a_region,2,normal
000002512,2018-01-08 16:00:00,2018-01-08,16,near,near,2018-01-08 16:00:00,,no_representative_state,1,normal
000002512,2018-01-08 17:00:00,2018-01-08,17,core,core,2018-01-08 17:00:00,,no_representative_state,1,normal
000002512,2018-01-08 19:00:00,2018-01-08,19,core,core,2018-01-08 19:00:00,,no_representative_state,1,normal
000002512,2018-01-08 20:00:00,2018-01-08,20,core,core,2018-01-08 20:00:00,,no_representative_state,1,normal
000002512,2018-01-08 23:00:00,2018-01-08,23,core,core,2018-01-08 23:00:00,,multi_a_region,2,normal
000002512,2018-01-08 23:00:00,2018-01-08,23,near,near,2018-01-08 23:00:00,,multi_a_region,2,normal
000002512,2018-01-09 00:00:00,2018-01-09,0,core,core,2018-01-09 00:00:00,,multi_a_region,2,normal
000002512,2018-01-09 00:00:00,2018-01-09,0,near,near,2018-01-09 00:00:00,,multi_a_region,2,normal
000002512,2018-01-09 04:00:00,2018-01-09,4,core,core,2018-01-09 04:00:00,,no_representative_state,1,normal
000002512,2018-01-09 08:00:00,2018-01-09,8,core,core,2018-01-09 08:00:00,,no_representative_state,1,normal
000002512,2018-01-09 10:00:00,2018-01-09,10,core,core,2018-01-09 10:00:00,,no_representative_state,1,normal
000002512,2018-01-09 11:00:00,2018-01-09,11,core,core,2018-01-09 11:00:00,,no_representative_state,1,normal
000002512,2018-01-09 12:00:00,2018-01-09,12,core,core,2018-01-09 12:00:00,,multi_a_region,2,normal
000002512,2018-01-09 12:00:00,2018-01-09,12,near,near,2018-01-09 12:00:00,,multi_a_region,2,normal
000002512,2018-01-09 13:00:00,2018-01-09,13,core,core,2018-01-09 13:00:00,,no_representative_state,1,normal
000002512,2018-01-09 15:00:00,2018-01-09,15,core,core,2018-01-09 15:00:00,,no_representative_state,1,normal
000002512,2018-01-09 18:00:00,2018-01-09,18,core,core,2018-01-09 18:00:00,,no_representative_state,1,normal
000002512,2018-01-09 19:00:00,2018-01-09,19,core,core,2018-01-09 19:00:00,,no_representative_state,1,normal
000002512,2018-01-09 20:00:00,2018-01-09,20,core,core,2018-01-09 20:00:00,,no_representative_state,1,normal
000002512,2018-01-09 23:00:00,2018-01-09,23,core,core,2018-01-09 23:00:00,,no_representative_state,1,normal
000002512,2018-01-10 00:00:00,2018-01-10,0,core,core,2018-01-10 00:00:00,,no_representative_state,1,normal
000002512,2018-01-10 02:00:00,2018-01-10,2,core,core,2018-01-10 02:00:00,,no_representative_state,1,normal
000002512,2018-01-10 03:00:00,2018-01-10,3,core,core,2018-01-10 03:00:00,,no_representative_state,1,normal
000002512,2018-01-10 07:00:00,2018-01-10,7,core,core,2018-01-10 07:00:00,,no_representative_state,1,normal
000002512,2018-01-10 08:00:00,2018-01-10,8,core,core,2018-01-10 08:00:00,,no_representative_state,1,normal
000002512,2018-01-10 10:00:00,2018-01-10,10,core,core,2018-01-10 10:00:00,,no_representative_state,1,normal
000002512,2018-01-10 12:00:00,2018-01-10,12,core,core,2018-01-10 12:00:00,,no_representative_state,1,normal
000002512,2018-01-10 13:00:00,2018-01-10,13,core,core,2018-01-10 13:00:00,,no_representative_state,1,normal
000002512,2018-01-10 15:00:00,2018-01-10,15,core,core,2018-01-10 15:00:00,,multi_a_region,2,normal
000002512,2018-01-10 15:00:00,2018-01-10,15,near,near,2018-01-10 15:00:00,,multi_a_region,2,normal
000002512,2018-01-10 16:00:00,2018-01-10,16,near,near,2018-01-10 16:00:00,,no_representative_state,1,normal
000002512,2018-01-10 17:00:00,2018-01-10,17,core,core,2018-01-10 17:00:00,,no_representative_state,1,normal
000002512,2018-01-10 18:00:00,2018-01-10,18,core,core,2018-01-10 18:00:00,,multi_a_region,2,normal
000002512,2018-01-10 18:00:00,2018-01-10,18,near,near,2018-01-10 18:00:00,,multi_a_region,2,normal
000002512,2018-01-10 19:00:00,2018-01-10,19,core,core,2018-01-10 19:00:00,,multi_a_region,2,normal
000002512,2018-01-10 19:00:00,2018-01-10,19,near,near,2018-01-10 19:00:00,,multi_a_region,2,normal
000002512,2018-01-10 22:00:00,2018-01-10,22,core,core,2018-01-10 22:00:00,,no_representative_state,1,normal
000002512,2018-01-10 23:00:00,2018-01-10,23,core,core,2018-01-10 23:00:00,,no_representative_state,1,normal
000002512,2018-01-11 07:00:00,2018-01-11,7,core,core,2018-01-11 07:00:00,,no_representative_state,1,normal
000002512,2018-01-11 10:00:00,2018-01-11,10,core,core,2018-01-11 10:00:00,,no_representative_state,1,normal
000002512,2018-01-11 11:00:00,2018-01-11,11,core,core,2018-01-11 11:00:00,,no_representative_state,1,normal
000002512,2018-01-11 12:00:00,2018-01-11,12,near,near,2018-01-11 12:00:00,,no_representative_state,1,normal
000002512,2018-01-11 16:00:00,2018-01-11,16,core,core,2018-01-11 16:00:00,,no_representative_state,1,normal
000002512,2018-01-11 18:00:00,2018-01-11,18,core,core,2018-01-11 18:00:00,,no_representative_state,1,normal
000002512,2018-01-11 19:00:00,2018-01-11,19,core,core,2018-01-11 19:00:00,,multi_a_region,2,normal
000002512,2018-01-11 19:00:00,2018-01-11,19,near,near,2018-01-11 19:00:00,,multi_a_region,2,normal
000002512,2018-01-11 20:00:00,2018-01-11,20,core,core,2018-01-11 20:00:00,,multi_a_region,2,normal
000002512,2018-01-11 20:00:00,2018-01-11,20,near,near,2018-01-11 20:00:00,,multi_a_region,2,normal
000002512,2018-01-11 23:00:00,2018-01-11,23,core,core,2018-01-11 23:00:00,,multi_a_region,2,normal
000002512,2018-01-11 23:00:00,2018-01-11,23,near,near,2018-01-11 23:00:00,,multi_a_region,2,normal
000002512,2018-01-12 00:00:00,2018-01-12,0,core,core,2018-01-12 00:00:00,,multi_a_region,2,reduced
000002512,2018-01-12 00:00:00,2018-01-12,0,near,near,2018-01-12 00:00:00,,multi_a_region,2,reduced
000002512,2018-01-12 02:00:00,2018-01-12,2,core,core,2018-01-12 02:00:00,,no_representative_state,1,reduced
000002512,2018-01-12 04:00:00,2018-01-12,4,core,core,2018-01-12 04:00:00,,no_representative_state,1,reduced
000002512,2018-01-12 10:00:00,2018-01-12,10,core,core,2018-01-12 10:00:00,,no_representative_state,1,reduced
000002512,2018-01-12 22:00:00,2018-01-12,22,core,core,2018-01-12 22:00:00,,no_representative_state,1,reduced
000002512,2018-01-13 07:00:00,2018-01-13,7,core,core,2018-01-13 07:00:00,,no_representative_state,1,outage
000002512,2018-01-13 08:00:00,2018-01-13,8,core,core,2018-01-13 08:00:00,,no_representative_state,1,outage
000002512,2018-01-13 11:00:00,2018-01-13,11,core,core,2018-01-13 11:00:00,,no_representative_state,1,outage
000002512,2018-01-13 15:00:00,2018-01-13,15,near,near,2018-01-13 15:00:00,,no_representative_state,1,outage
000002512,2018-01-13 16:00:00,2018-01-13,16,near,near,2018-01-13 16:00:00,,no_representative_state,1,outage
000002512,2018-01-13 23:00:00,2018-01-13,23,core,core,2018-01-13 23:00:00,,no_representative_state,1,outage
000002512,2018-01-14 04:00:00,2018-01-14,4,core,core,2018-01-14 04:00:00,,no_representative_state,1,outage
000002512,2018-01-14 07:00:00,2018-01-14,7,core,core,2018-01-14 07:00:00,,no_representative_state,1,outage
000002512,2018-01-14 12:00:00,2018-01-14,12,core,core,2018-01-14 12:00:00,,multi_a_region,2,outage
000002512,2018-01-14 12:00:00,2018-01-14,12,near,near,2018-01-14 12:00:00,,multi_a_region,2,outage
000002512,2018-01-15 08:00:00,2018-01-15,8,core,core,2018-01-15 08:00:00,,no_representative_state,1,outage
000002512,2018-01-15 15:00:00,2018-01-15,15,core,core,2018-01-15 15:00:00,,no_representative_state,1,outage
000002512,2018-01-15 16:00:00,2018-01-15,16,core,core,2018-01-15 16:00:00,,no_representative_state,1,outage
000002512,2018-01-15 18:00:00,2018-01-15,18,core,core,2018-01-15 18:00:00,,no_representative_state,1,outage
000002512,2018-01-15 22:00:00,2018-01-15,22,core,core,2018-01-15 22:00:00,,no_representative_state,1,outage
000002512,2018-01-16 06:00:00,2018-01-16,6,core,core,2018-01-16 06:00:00,,no_representative_state,1,outage
000002512,2018-01-16 07:00:00,2018-01-16,7,core,core,2018-01-16 07:00:00,,no_representative_state,1,outage
000002512,2018-01-16 11:00:00,2018-01-16,11,core,core,2018-01-16 11:00:00,,no_representative_state,1,outage
000002512,2018-01-16 14:00:00,2018-01-16,14,core,core,2018-01-16 14:00:00,,no_representative_state,1,outage
000002512,2018-01-16 15:00:00,2018-01-16,15,core,core,2018-01-16 15:00:00,,no_representative_state,1,outage
000002512,2018-01-17 02:00:00,2018-01-17,2,core,core,2018-01-17 02:00:00,,no_representative_state,1,severe
000002512,2018-01-17 06:00:00,2018-01-17,6,core,core,2018-01-17 06:00:00,,no_representative_state,1,severe
000002512,2018-01-17 10:00:00,2018-01-17,10,core,core,2018-01-17 10:00:00,,no_representative_state,1,severe
000002512,2018-01-17 23:00:00,2018-01-17,23,core,core,2018-01-17 23:00:00,,no_representative_state,1,severe
000002512,2018-01-18 03:00:00,2018-01-18,3,core,core,2018-01-18 03:00:00,,no_representative_state,1,severe
000002512,2018-01-18 07:00:00,2018-01-18,7,core,core,2018-01-18 07:00:00,,no_representative_state,1,severe
000002512,2018-01-18 08:00:00,2018-01-18,8,core,core,2018-01-18 08:00:00,,no_representative_state,1,severe
000002512,2018-01-18 19:00:00,2018-01-18,19,core,core,2018-01-18 19:00:00,,multi_a_region,2,severe
000002512,2018-01-18 19:00:00,2018-01-18,19,near,near,2018-01-18 19:00:00,,multi_a_region,2,severe
000002512,2018-01-18 20:00:00,2018-01-18,20,core,core,2018-01-18 20:00:00,,no_representative_state,1,severe
000002512,2018-01-19 07:00:00,2018-01-19,7,core,core,2018-01-19 07:00:00,,no_representative_state,1,normal
000002512,2018-01-19 08:00:00,2018-01-19,8,core,core,2018-01-19 08:00:00,,no_representative_state,1,normal
000002512,2018-01-19 13:00:00,2018-01-19,13,core,core,2018-01-19 13:00:00,,multi_a_region,2,normal
000002512,2018-01-19 13:00:00,2018-01-19,13,near,near,2018-01-19 13:00:00,,multi_a_region,2,normal
000002512,2018-01-19 14:00:00,2018-01-19,14,near,near,2018-01-19 14:00:00,,no_representative_state,1,normal
000002512,2018-01-19 15:00:00,2018-01-19,15,core,core,2018-01-19 15:00:00,,multi_a_region,2,normal
000002512,2018-01-19 15:00:00,2018-01-19,15,near,near,2018-01-19 15:00:00,,multi_a_region,2,normal
000002512,2018-01-19 18:00:00,2018-01-19,18,core,core,2018-01-19 18:00:00,,multi_a_region,2,normal
000002512,2018-01-19 18:00:00,2018-01-19,18,near,near,2018-01-19 18:00:00,,multi_a_region,2,normal
000002512,2018-01-19 23:00:00,2018-01-19,23,core,core,2018-01-19 23:00:00,,no_representative_state,1,normal
000002512,2018-01-20 02:00:00,2018-01-20,2,core,core,2018-01-20 02:00:00,,multi_a_region,2,normal
000002512,2018-01-20 02:00:00,2018-01-20,2,near,near,2018-01-20 02:00:00,,multi_a_region,2,normal
000002512,2018-01-20 03:00:00,2018-01-20,3,core,core,2018-01-20 03:00:00,,multi_a_region,2,normal
000002512,2018-01-20 03:00:00,2018-01-20,3,near,near,2018-01-20 03:00:00,,multi_a_region,2,normal
000002512,2018-01-20 04:00:00,2018-01-20,4,core,core,2018-01-20 04:00:00,,no_representative_state,1,normal
000002512,2018-01-20 06:00:00,2018-01-20,6,core,core,2018-01-20 06:00:00,,no_representative_state,1,normal
000002512,2018-01-20 07:00:00,2018-01-20,7,core,core,2018-01-20 07:00:00,,multi_a_region,2,normal
000002512,2018-01-20 07:00:00,2018-01-20,7,near,near,2018-01-20 07:00:00,,multi_a_region,2,normal
000002512,2018-01-20 08:00:00,2018-01-20,8,core,core,2018-01-20 08:00:00,,multi_a_region,2,normal
000002512,2018-01-20 08:00:00,2018-01-20,8,near,near,2018-01-20 08:00:00,,multi_a_region,2,normal
000002512,2018-01-20 10:00:00,2018-01-20,10,core,core,2018-01-20 10:00:00,,no_representative_state,1,normal
000002512,2018-01-20 11:00:00,2018-01-20,11,core,core,2018-01-20 11:00:00,,no_representative_state,1,normal
000002512,2018-01-20 12:00:00,2018-01-20,12,core,core,2018-01-20 12:00:00,,no_representative_state,1,normal
000002512,2018-01-20 15:00:00,2018-01-20,15,core,core,2018-01-20 15:00:00,,no_representative_state,1,normal
000002512,2018-01-20 16:00:00,2018-01-20,16,core,core,2018-01-20 16:00:00,,no_representative_state,1,normal
000002512,2018-01-20 19:00:00,2018-01-20,19,core,core,2018-01-20 19:00:00,,no_representative_state,1,normal
000002512,2018-01-20 20:00:00,2018-01-20,20,core,core,2018-01-20 20:00:00,,no_representative_state,1,normal
000002512,2018-01-20 22:00:00,2018-01-20,22,core,core,2018-01-20 22:00:00,,no_representative_state,1,normal
000002512,2018-01-20 23:00:00,2018-01-20,23,core,core,2018-01-20 23:00:00,,no_representative_state,1,normal
000002512,2018-01-21 00:00:00,2018-01-21,0,core,core,2018-01-21 00:00:00,,no_representative_state,1,normal
000002512,2018-01-21 01:00:00,2018-01-21,1,core,core,2018-01-21 01:00:00,,no_representative_state,1,normal
000002512,2018-01-21 02:00:00,2018-01-21,2,core,core,2018-01-21 02:00:00,,no_representative_state,1,normal
000002512,2018-01-21 03:00:00,2018-01-21,3,core,core,2018-01-21 03:00:00,,no_representative_state,1,normal
000002512,2018-01-21 04:00:00,2018-01-21,4,core,core,2018-01-21 04:00:00,,no_representative_state,1,normal
000002512,2018-01-21 07:00:00,2018-01-21,7,core,core,2018-01-21 07:00:00,,multi_a_region,2,normal
000002512,2018-01-21 07:00:00,2018-01-21,7,near,near,2018-01-21 07:00:00,,multi_a_region,2,normal
000002512,2018-01-21 08:00:00,2018-01-21,8,core,core,2018-01-21 08:00:00,,multi_a_region,2,normal
000002512,2018-01-21 08:00:00,2018-01-21,8,near,near,2018-01-21 08:00:00,,multi_a_region,2,normal
000002512,2018-01-21 12:00:00,2018-01-21,12,core,core,2018-01-21 12:00:00,,no_representative_state,1,normal
000002512,2018-01-21 13:00:00,2018-01-21,13,core,core,2018-01-21 13:00:00,,no_representative_state,1,normal
000002512,2018-01-21 14:00:00,2018-01-21,14,core,core,2018-01-21 14:00:00,,no_representative_state,1,normal
000002512,2018-01-21 15:00:00,2018-01-21,15,core,core,2018-01-21 15:00:00,,no_representative_state,1,normal
000002512,2018-01-21 17:00:00,2018-01-21,17,core,core,2018-01-21 17:00:00,,no_representative_state,1,normal
000002512,2018-01-21 18:00:00,2018-01-21,18,core,core,2018-01-21 18:00:00,,multi_a_region,2,normal
000002512,2018-01-21 18:00:00,2018-01-21,18,near,near,2018-01-21 18:00:00,,multi_a_region,2,normal
000002512,2018-01-21 19:00:00,2018-01-21,19,core,core,2018-01-21 19:00:00,,no_representative_state,1,normal
000002512,2018-01-21 20:00:00,2018-01-21,20,core,core,2018-01-21 20:00:00,,no_representative_state,1,normal
000002512,2018-01-21 23:00:00,2018-01-21,23,core,core,2018-01-21 23:00:00,,no_representative_state,1,normal
000002512,2018-01-22 00:00:00,2018-01-22,0,core,core,2018-01-22 00:00:00,,multi_a_region,2,normal
000002512,2018-01-22 00:00:00,2018-01-22,0,near,near,2018-01-22 00:00:00,,multi_a_region,2,normal
000002512,2018-01-22 07:00:00,2018-01-22,7,core,core,2018-01-22 07:00:00,,no_representative_state,1,normal
000002512,2018-01-22 08:00:00,2018-01-22,8,core,core,2018-01-22 08:00:00,,no_representative_state,1,normal
000002512,2018-01-22 09:00:00,2018-01-22,9,core,core,2018-01-22 09:00:00,,no_representative_state,1,normal
000002512,2018-01-22 11:00:00,2018-01-22,11,core,core,2018-01-22 11:00:00,,multi_a_region,2,normal
000002512,2018-01-22 11:00:00,2018-01-22,11,near,near,2018-01-22 11:00:00,,multi_a_region,2,normal
000002512,2018-01-22 12:00:00,2018-01-22,12,near,near,2018-01-22 12:00:00,,no_representative_state,1,normal
000002512,2018-01-22 13:00:00,2018-01-22,13,core,core,2018-01-22 13:00:00,,no_representative_state,1,normal
000002512,2018-01-22 15:00:00,2018-01-22,15,core,core,2018-01-22 15:00:00,,no_representative_state,1,normal
000002512,2018-01-22 16:00:00,2018-01-22,16,core,core,2018-01-22 16:00:00,,no_representative_state,1,normal
000002512,2018-01-22 17:00:00,2018-01-22,17,core,core,2018-01-22 17:00:00,,no_representative_state,1,normal
000002512,2018-01-22 18:00:00,2018-01-22,18,core,core,2018-01-22 18:00:00,,no_representative_state,1,normal
000002512,2018-01-22 19:00:00,2018-01-22,19,core,core,2018-01-22 19:00:00,,no_representative_state,1,normal
000002512,2018-01-22 22:00:00,2018-01-22,22,core,core,2018-01-22 22:00:00,,no_representative_state,1,normal
000002512,2018-01-22 23:00:00,2018-01-22,23,core,core,2018-01-22 23:00:00,,no_representative_state,1,normal
000002512,2018-01-23 00:00:00,2018-01-23,0,core,core,2018-01-23 00:00:00,,no_representative_state,1,normal
000002512,2018-01-23 06:00:00,2018-01-23,6,core,core,2018-01-23 06:00:00,,no_representative_state,1,normal
000002512,2018-01-23 07:00:00,2018-01-23,7,core,core,2018-01-23 07:00:00,,no_representative_state,1,normal
000002512,2018-01-23 08:00:00,2018-01-23,8,core,core,2018-01-23 08:00:00,,no_representative_state,1,normal
000002512,2018-01-23 10:00:00,2018-01-23,10,core,core,2018-01-23 10:00:00,,no_representative_state,1,normal
000002512,2018-01-23 11:00:00,2018-01-23,11,near,near,2018-01-23 11:00:00,,no_representative_state,1,normal
000002512,2018-01-23 12:00:00,2018-01-23,12,core,core,2018-01-23 12:00:00,,no_representative_state,1,normal
000002512,2018-01-23 14:00:00,2018-01-23,14,core,core,2018-01-23 14:00:00,,multi_a_region,2,normal
000002512,2018-01-23 14:00:00,2018-01-23,14,near,near,2018-01-23 14:00:00,,multi_a_region,2,normal
000002512,2018-01-23 15:00:00,2018-01-23,15,core,core,2018-01-23 15:00:00,,multi_a_region,2,normal
000002512,2018-01-23 15:00:00,2018-01-23,15,near,near,2018-01-23 15:00:00,,multi_a_region,2,normal
000002512,2018-01-23 17:00:00,2018-01-23,17,core,core,2018-01-23 17:00:00,,multi_a_region,2,normal
000002512,2018-01-23 17:00:00,2018-01-23,17,near,near,2018-01-23 17:00:00,,multi_a_region,2,normal
000002512,2018-01-23 18:00:00,2018-01-23,18,near,near,2018-01-23 18:00:00,,no_representative_state,1,normal
000002512,2018-01-23 20:00:00,2018-01-23,20,core,core,2018-01-23 20:00:00,,multi_a_region,2,normal
000002512,2018-01-23 20:00:00,2018-01-23,20,near,near,2018-01-23 20:00:00,,multi_a_region,2,normal
000002512,2018-01-23 21:00:00,2018-01-23,21,core,core,2018-01-23 21:00:00,,multi_a_region,2,normal
000002512,2018-01-23 21:00:00,2018-01-23,21,near,near,2018-01-23 21:00:00,,multi_a_region,2,normal
000002512,2018-01-23 23:00:00,2018-01-23,23,core,core,2018-01-23 23:00:00,,multi_a_region,2,normal
000002512,2018-01-23 23:00:00,2018-01-23,23,near,near,2018-01-23 23:00:00,,multi_a_region,2,normal
000002512,2018-01-24 01:00:00,2018-01-24,1,core,core,2018-01-24 01:00:00,,multi_a_region,2,normal
000002512,2018-01-24 01:00:00,2018-01-24,1,near,near,2018-01-24 01:00:00,,multi_a_region,2,normal
000002512,2018-01-24 04:00:00,2018-01-24,4,core,core,2018-01-24 04:00:00,,no_representative_state,1,normal
000002512,2018-01-24 05:00:00,2018-01-24,5,core,core,2018-01-24 05:00:00,,no_representative_state,1,normal
000002512,2018-01-24 08:00:00,2018-01-24,8,core,core,2018-01-24 08:00:00,,multi_a_region,2,normal
000002512,2018-01-24 08:00:00,2018-01-24,8,near,near,2018-01-24 08:00:00,,multi_a_region,2,normal
000002512,2018-01-24 09:00:00,2018-01-24,9,core,core,2018-01-24 09:00:00,,multi_a_region,2,normal
000002512,2018-01-24 09:00:00,2018-01-24,9,near,near,2018-01-24 09:00:00,,multi_a_region,2,normal
000002512,2018-01-24 10:00:00,2018-01-24,10,core,core,2018-01-24 10:00:00,,no_representative_state,1,normal
000002512,2018-01-24 15:00:00,2018-01-24,15,core,core,2018-01-24 15:00:00,,no_representative_state,1,normal
000002512,2018-01-24 16:00:00,2018-01-24,16,core,core,2018-01-24 16:00:00,,no_representative_state,1,normal
000002512,2018-01-24 19:00:00,2018-01-24,19,core,core,2018-01-24 19:00:00,,multi_a_region,2,normal
000002512,2018-01-24 19:00:00,2018-01-24,19,near,near,2018-01-24 19:00:00,,multi_a_region,2,normal
000002512,2018-01-24 20:00:00,2018-01-24,20,core,core,2018-01-24 20:00:00,,multi_a_region,2,normal
000002512,2018-01-24 20:00:00,2018-01-24,20,near,near,2018-01-24 20:00:00,,multi_a_region,2,normal
000002512,2018-01-24 22:00:00,2018-01-24,22,core,core,2018-01-24 22:00:00,,no_representative_state,1,normal
000002512,2018-01-24 23:00:00,2018-01-24,23,core,core,2018-01-24 23:00:00,,no_representative_state,1,normal
000002516,2018-01-01 02:00:00,2018-01-01,2,core,core,2018-01-01 02:00:00,,no_representative_state,1,normal
000002516,2018-01-01 03:00:00,2018-01-01,3,core,core,2018-01-01 03:00:00,,no_representative_state,1,normal
000002516,2018-01-01 06:00:00,2018-01-01,6,core,core,2018-01-01 06:00:00,,no_representative_state,1,normal
000002516,2018-01-01 07:00:00,2018-01-01,7,core,core,2018-01-01 07:00:00,,multi_a_region,2,normal
000002516,2018-01-01 07:00:00,2018-01-01,7,near,near,2018-01-01 07:00:00,,multi_a_region,2,normal
000002516,2018-01-01 08:00:00,2018-01-01,8,core,core,2018-01-01 08:00:00,,no_representative_state,1,normal
000002516,2018-01-01 11:00:00,2018-01-01,11,core,core,2018-01-01 11:00:00,,no_representative_state,1,normal
000002516,2018-01-01 12:00:00,2018-01-01,12,core,core,2018-01-01 12:00:00,,no_representative_state,1,normal
000002516,2018-01-01 15:00:00,2018-01-01,15,core,core,2018-01-01 15:00:00,,no_representative_state,1,normal
000002516,2018-01-01 16:00:00,2018-01-01,16,core,core,2018-01-01 16:00:00,,no_representative_state,1,normal
000002516,2018-01-01 18:00:00,2018-01-01,18,core,core,2018-01-01 18:00:00,,no_representative_state,1,normal
000002516,2018-01-01 19:00:00,2018-01-01,19,core,core,2018-01-01 19:00:00,,multi_a_region,2,normal
000002516,2018-01-01 19:00:00,2018-01-01,19,near,near,2018-01-01 19:00:00,,multi_a_region,2,normal
000002516,2018-01-01 23:00:00,2018-01-01,23,core,core,2018-01-01 23:00:00,,no_representative_state,1,normal
000002516,2018-01-02 00:00:00,2018-01-02,0,core,core,2018-01-02 00:00:00,,no_representative_state,1,normal
000002516,2018-01-02 06:00:00,2018-01-02,6,core,core,2018-01-02 06:00:00,,no_representative_state,1,normal
000002516,2018-01-02 07:00:00,2018-01-02,7,core,core,2018-01-02 07:00:00,,multi_a_region,2,normal
000002516,2018-01-02 07:00:00,2018-01-02,7,near,near,2018-01-02 07:00:00,,multi_a_region,2,normal
000002516,2018-01-02 11:00:00,2018-01-02,11,core,core,2018-01-02 11:00:00,,no_representative_state,1,normal
000002516,2018-01-02 12:00:00,2018-01-02,12,core,core,2018-01-02 12:00:00,,no_representative_state,1,normal
000002516,2018-01-02 15:00:00,2018-01-02,15,core,core,2018-01-02 15:00:00,,multi_a_region,2,normal
000002516,2018-01-02 15:00:00,2018-01-02,15,near,near,2018-01-02 15:00:00,,multi_a_region,2,normal
000002516,2018-01-02 16:00:00,2018-01-02,16,core,core,2018-01-02 16:00:00,,no_representative_state,1,normal
000002516,2018-01-02 19:00:00,2018-01-02,19,core,core,2018-01-02 19:00:00,,no_representative_state,1,normal
000002516,2018-01-02 20:00:00,2018-01-02,20,core,core,2018-01-02 20:00:00,,no_representative_state,1,normal
000002516,2018-01-03 03:00:00,2018-01-03,3,core,core,2018-01-03 03:00:00,,no_representative_state,1,normal
000002516,2018-01-03 04:00:00,2018-01-03,4,core,core,2018-01-03 04:00:00,,no_representative_state,1,normal
000002516,2018-01-03 05:00:00,2018-01-03,5,core,core,2018-01-03 05:00:00,,no_representative_state,1,normal
000002516,2018-01-03 06:00:00,2018-01-03,6,core,core,2018-01-03 06:00:00,,no_representative_state,1,normal
000002516,2018-01-03 15:00:00,2018-01-03,15,core,core,2018-01-03 15:00:00,,multi_a_region,2,normal
000002516,2018-01-03 15:00:00,2018-01-03,15,near,near,2018-01-03 15:00:00,,multi_a_region,2,normal
000002516,2018-01-03 16:00:00,2018-01-03,16,core,core,2018-01-03 16:00:00,,multi_a_region,2,normal
000002516,2018-01-03 16:00:00,2018-01-03,16,near,near,2018-01-03 16:00:00,,multi_a_region,2,normal
000002516,2018-01-03 19:00:00,2018-01-03,19,core,core,2018-01-03 19:00:00,,multi_a_region,2,normal
000002516,2018-01-03 19:00:00,2018-01-03,19,near,near,2018-01-03 19:00:00,,multi_a_region,2,normal
000002516,2018-01-03 20:00:00,2018-01-03,20,core,core,2018-01-03 20:00:00,,multi_a_region,2,normal
000002516,2018-01-03 20:00:00,2018-01-03,20,near,near,2018-01-03 20:00:00,,multi_a_region,2,normal
000002516,2018-01-03 22:00:00,2018-01-03,22,core,core,2018-01-03 22:00:00,,no_representative_state,1,normal
000002516,2018-01-03 23:00:00,2018-01-03,23,core,core,2018-01-03 23:00:00,,no_representative_state,1,normal
000002516,2018-01-04 03:00:00,2018-01-04,3,core,core,2018-01-04 03:00:00,,multi_a_region,2,normal
000002516,2018-01-04 03:00:00,2018-01-04,3,near,near,2018-01-04 03:00:00,,multi_a_region,2,normal
000002516,2018-01-04 04:00:00,2018-01-04,4,near,near,2018-01-04 04:00:00,,no_representative_state,1,normal
000002516,2018-01-04 05:00:00,2018-01-04,5,core,core,2018-01-04 05:00:00,,multi_a_region,2,normal
000002516,2018-01-04 05:00:00,2018-01-04,5,near,near,2018-01-04 05:00:00,,multi_a_region,2,normal
000002516,2018-01-04 07:00:00,2018-01-04,7,core,core,2018-01-04 07:00:00,,no_representative_state,1,normal
000002516,2018-01-04 08:00:00,2018-01-04,8,core,core,2018-01-04 08:00:00,,no_representative_state,1,normal
000002516,2018-01-04 09:00:00,2018-01-04,9,core,core,2018-01-04 09:00:00,,no_representative_state,1,normal
000002516,2018-01-04 10:00:00,2018-01-04,10,core,core,2018-01-04 10:00:00,,no_representative_state,1,normal
000002516,2018-01-04 11:00:00,2018-01-04,11,core,core,2018-01-04 11:00:00,,multi_a_region,2,normal
000002516,2018-01-04 11:00:00,2018-01-04,11,near,near,2018-01-04 11:00:00,,multi_a_region,2,normal
000002516,2018-01-04 12:00:00,2018-01-04,12,core,core,2018-01-04 12:00:00,,no_representative_state,1,normal
000002516,2018-01-04 18:00:00,2018-01-04,18,core,core,2018-01-04 18:00:00,,multi_a_region,2,normal
000002516,2018-01-04 18:00:00,2018-01-04,18,near,near,2018-01-04 18:00:00,,multi_a_region,2,normal
000002516,2018-01-04 19:00:00,2018-01-04,19,core,core,2018-01-04 19:00:00,,multi_a_region,2,normal
000002516,2018-01-04 19:00:00,2018-01-04,19,near,near,2018-01-04 19:00:00,,multi_a_region,2,normal
000002516,2018-01-04 22:00:00,2018-01-04,22,core,core,2018-01-04 22:00:00,,no_representative_state,1,normal
000002516,2018-01-04 23:00:00,2018-01-04,23,core,core,2018-01-04 23:00:00,,no_representative_state,1,normal
000002516,2018-01-05 02:00:00,2018-01-05,2,core,core,2018-01-05 02:00:00,,no_representative_state,1,normal
000002516,2018-01-05 03:00:00,2018-01-05,3,core,core,2018-01-05 03:00:00,,no_representative_state,1,normal
000002516,2018-01-05 06:00:00,2018-01-05,6,core,core,2018-01-05 06:00:00,,no_representative_state,1,normal
000002516,2018-01-05 07:00:00,2018-01-05,7,core,core,2018-01-05 07:00:00,,multi_a_region,2,normal
000002516,2018-01-05 07:00:00,2018-01-05,7,near,near,2018-01-05 07:00:00,,multi_a_region,2,normal
000002516,2018-01-05 08:00:00,2018-01-05,8,core,core,2018-01-05 08:00:00,,multi_a_region,2,normal
000002516,2018-01-05 08:00:00,2018-01-05,8,near,near,2018-01-05 08:00:00,,multi_a_region,2,normal
000002516,2018-01-05 10:00:00,2018-01-05,10,core,core,2018-01-05 10:00:00,,no_representative_state,1,normal
000002516,2018-01-05 11:00:00,2018-01-05,11,core,core,2018-01-05 11:00:00,,no_representative_state,1,normal
000002516,2018-01-05 14:00:00,2018-01-05,14,core,core,2018-01-05 14:00:00,,no_representative_state,1,normal
000002516,2018-01-05 15:00:00,2018-01-05,15,core,core,2018-01-05 15:00:00,,no_representative_state,1,normal
000002516,2018-01-05 19:00:00,2018-01-05,19,core,core,2018-01-05 19:00:00,,no_representative_state,1,normal
000002516,2018-01-06 00:00:00,2018-01-06,0,core,core,2018-01-06 00:00:00,,no_representative_state,1,normal
000002516,2018-01-06 03:00:00,2018-01-06,3,core,core,2018-01-06 03:00:00,,no_representative_state,1,normal
000002516,2018-01-06 04:00:00,2018-01-06,4,core,core,2018-01-06 04:00:00,,no_representative_state,1,normal
000002516,2018-01-06 07:00:00,2018-01-06,7,core,core,2018-01-06 07:00:00,,multi_a_region,2,normal
000002516,2018-01-06 07:00:00,2018-01-06,7,near,near,2018-01-06 07:00:00,,multi_a_region,2,normal
000002516,2018-01-06 08:00:00,2018-01-06,8,core,core,2018-01-06 08:00:00,,multi_a_region,2,normal
000002516,2018-01-06 08:00:00,2018-01-06,8,near,near,2018-01-06 08:00:00,,multi_a_region,2,normal
000002516,2018-01-06 10:00:00,2018-01-06,10,core,core,2018-01-06 10:00:00,,no_representative_state,1,normal
000002516,2018-01-06 11:00:00,2018-01-06,11,core,core,2018-01-06 11:00:00,,multi_a_region,2,normal
000002516,2018-01-06 11:00:00,2018-01-06,11,near,near,2018-01-06 11:00:00,,multi_a_region,2,normal
000002516,2018-01-06 15:00:00,2018-01-06,15,core,core,2018-01-06 15:00:00,,no_representative_state,1,normal
000002516,2018-01-06 19:00:00,2018-01-06,19,core,core,2018-01-06 19:00:00,,no_representative_state,1,normal
000002516,2018-01-06 22:00:00,2018-01-06,22,core,core,2018-01-06 22:00:00,,no_representative_state,1,normal
000002516,2018-01-06 23:00:00,2018-01-06,23,core,core,2018-01-06 23:00:00,,no_representative_state,1,normal
000002516,2018-01-07 00:00:00,2018-01-07,0,core,core,2018-01-07 00:00:00,,no_representative_state,1,normal
000002516,2018-01-07 02:00:00,2018-01-07,2,core,core,2018-01-07 02:00:00,,no_representative_state,1,normal
000002516,2018-01-07 03:00:00,2018-01-07,3,core,core,2018-01-07 03:00:00,,multi_a_region,2,normal
000002516,2018-01-07 03:00:00,2018-01-07,3,near,near,2018-01-07 03:00:00,,multi_a_region,2,normal
000002516,2018-01-07 04:00:00,2018-01-07,4,core,core,2018-01-07 04:00:00,,multi_a_region,2,normal
000002516,2018-01-07 04:00:00,2018-01-07,4,near,near,2018-01-07 04:00:00,,multi_a_region,2,normal
000002516,2018-01-07 06:00:00,2018-01-07,6,core,core,2018-01-07 06:00:00,,no_representative_state,1,normal
000002516,2018-01-07 07:00:00,2018-01-07,7,core,core,2018-01-07 07:00:00,,no_representative_state,1,normal
000002516,2018-01-07 10:00:00,2018-01-07,10,core,core,2018-01-07 10:00:00,,no_representative_state,1,normal
000002516,2018-01-07 11:00:00,2018-01-07,11,core,core,2018-01-07 11:00:00,,no_representative_state,1,normal
000002516,2018-01-07 12:00:00,2018-01-07,12,core,core,2018-01-07 12:00:00,,no_representative_state,1,normal
000002516,2018-01-07 15:00:00,2018-01-07,15,core,core,2018-01-07 15:00:00,,no_representative_state,1,normal
000002516,2018-01-07 16:00:00,2018-01-07,16,core,core,2018-01-07 16:00:00,,multi_a_region,2,normal
000002516,2018-01-07 16:00:00,2018-01-07,16,near,near,2018-01-07 16:00:00,,multi_a_region,2,normal
000002516,2018-01-07 18:00:00,2018-01-07,18,core,core,2018-01-07 18:00:00,,no_representative_state,1,normal
000002516,2018-01-07 19:00:00,2018-01-07,19,core,core,2018-01-07 19:00:00,,no_representative_state,1,normal
000002516,2018-01-07 23:00:00,2018-01-07,23,core,core,2018-01-07 23:00:00,,multi_a_region,2,normal
000002516,2018-01-07 23:00:00,2018-01-07,23,near,near,2018-01-07 23:00:00,,multi_a_region,2,normal
000002516,2018-01-08 00:00:00,2018-01-08,0,core,core,2018-01-08 00:00:00,,multi_a_region,2,normal
000002516,2018-01-08 00:00:00,2018-01-08,0,near,near,2018-01-08 00:00:00,,multi_a_region,2,normal
000002516,2018-01-08 02:00:00,2018-01-08,2,core,core,2018-01-08 02:00:00,,multi_a_region,2,normal
000002516,2018-01-08 02:00:00,2018-01-08,2,near,near,2018-01-08 02:00:00,,multi_a_region,2,normal
000002516,2018-01-08 03:00:00,2018-01-08,3,core,core,2018-01-08 03:00:00,,multi_a_region,2,normal
000002516,2018-01-08 03:00:00,2018-01-08,3,near,near,2018-01-08 03:00:00,,multi_a_region,2,normal
000002516,2018-01-08 06:00:00,2018-01-08,6,core,core,2018-01-08 06:00:00,,no_representative_state,1,normal
000002516,2018-01-08 07:00:00,2018-01-08,7,core,core,2018-01-08 07:00:00,,multi_a_region,2,normal
000002516,2018-01-08 07:00:00,2018-01-08,7,near,near,2018-01-08 07:00:00,,multi_a_region,2,normal
000002516,2018-01-08 08:00:00,2018-01-08,8,core,core,2018-01-08 08:00:00,,multi_a_region,2,normal
000002516,2018-01-08 08:00:00,2018-01-08,8,near,near,2018-01-08 08:00:00,,multi_a_region,2,normal
000002516,2018-01-08 11:00:00,2018-01-08,11,core,core,2018-01-08 11:00:00,,no_representative_state,1,normal
000002516,2018-01-08 12:00:00,2018-01-08,12,core,core,2018-01-08 12:00:00,,no_representative_state,1,normal
000002516,2018-01-08 15:00:00,2018-01-08,15,core,core,2018-01-08 15:00:00,,no_representative_state,1,normal
000002516,2018-01-08 16:00:00,2018-01-08,16,near,near,2018-01-08 16:00:00,,no_representative_state,1,normal
000002516,2018-01-08 17:00:00,2018-01-08,17,core,core,2018-01-08 17:00:00,,no_representative_state,1,normal
000002516,2018-01-08 19:00:00,2018-01-08,19,core,core,2018-01-08 19:00:00,,no_representative_state,1,normal
000002516,2018-01-08 20:00:00,2018-01-08,20,core,core,2018-01-08 20:00:00,,no_representative_state,1,normal
000002516,2018-01-08 23:00:00,2018-01-08,23,core,core,2018-01-08 23:00:00,,multi_a_region,2,normal
000002516,2018-01-08 23:00:00,2018-01-08,23,near,near,2018-01-08 23:00:00,,multi_a_region,2,normal
000002516,2018-01-09 00:00:00,2018-01-09,0,core,core,2018-01-09 00:00:00,,multi_a_region,2,normal
000002516,2018-01-09 00:00:00,2018-01-09,0,near,near,2018-01-09 00:00:00,,multi_a_region,2,normal
000002516,2018-01-09 04:00:00,2018-01-09,4,core,core,2018-01-09 04:00:00,,no_representative_state,1,normal
000002516,2018-01-09 08:00:00,2018-01-09,8,near,near,2018-01-09 08:00:00,,no_representative_state,1,normal
000002516,2018-01-09 10:00:00,2018-01-09,10,core,core,2018-01-09 10:00:00,,no_representative_state,1,normal
000002516,2018-01-09 11:00:00,2018-01-09,11,core,core,2018-01-09 11:00:00,,no_representative_state,1,normal
000002516,2018-01-09 12:00:00,2018-01-09,12,core,core,2018-01-09 12:00:00,,multi_a_region,2,normal
000002516,2018-01-09 12:00:00,2018-01-09,12,near,near,2018-01-09 12:00:00,,multi_a_region,2,normal
000002516,2018-01-09 13:00:00,2018-01-09,13,core,core,2018-01-09 13:00:00,,no_representative_state,1,normal
000002516,2018-01-09 15:00:00,2018-01-09,15,core,core,2018-01-09 15:00:00,,multi_a_region,2,normal
000002516,2018-01-09 15:00:00,2018-01-09,15,near,near,2018-01-09 15:00:00,,multi_a_region,2,normal
000002516,2018-01-09 17:00:00,2018-01-09,17,core,core,2018-01-09 17:00:00,,multi_a_region,2,normal
000002516,2018-01-09 17:00:00,2018-01-09,17,near,near,2018-01-09 17:00:00,,multi_a_region,2,normal
000002516,2018-01-09 18:00:00,2018-01-09,18,core,core,2018-01-09 18:00:00,,no_representative_state,1,normal
000002516,2018-01-09 19:00:00,2018-01-09,19,core,core,2018-01-09 19:00:00,,no_representative_state,1,normal
000002516,2018-01-09 20:00:00,2018-01-09,20,core,core,2018-01-09 20:00:00,,no_representative_state,1,normal
000002516,2018-01-09 23:00:00,2018-01-09,23,core,core,2018-01-09 23:00:00,,no_representative_state,1,normal
000002516,2018-01-10 00:00:00,2018-01-10,0,core,core,2018-01-10 00:00:00,,no_representative_state,1,normal
000002516,2018-01-10 02:00:00,2018-01-10,2,core,core,2018-01-10 02:00:00,,no_representative_state,1,normal
000002516,2018-01-10 03:00:00,2018-01-10,3,core,core,2018-01-10 03:00:00,,no_representative_state,1,normal
000002516,2018-01-10 08:00:00,2018-01-10,8,near,near,2018-01-10 08:00:00,,no_representative_state,1,normal
000002516,2018-01-10 10:00:00,2018-01-10,10,core,core,2018-01-10 10:00:00,,no_representative_state,1,normal
000002516,2018-01-10 12:00:00,2018-01-10,12,core,core,2018-01-10 12:00:00,,no_representative_state,1,normal
000002516,2018-01-10 13:00:00,2018-01-10,13,core,core,2018-01-10 13:00:00,,no_representative_state,1,normal
000002516,2018-01-10 15:00:00,2018-01-10,15,core,core,2018-01-10 15:00:00,,multi_a_region,2,normal
000002516,2018-01-10 15:00:00,2018-01-10,15,near,near,2018-01-10 15:00:00,,multi_a_region,2,normal
000002516,2018-01-10 16:00:00,2018-01-10,16,core,core,2018-01-10 16:00:00,,multi_a_region,2,normal
000002516,2018-01-10 16:00:00,2018-01-10,16,near,near,2018-01-10 16:00:00,,multi_a_region,2,normal
000002516,2018-01-10 17:00:00,2018-01-10,17,core,core,2018-01-10 17:00:00,,no_representative_state,1,normal
000002516,2018-01-10 18:00:00,2018-01-10,18,core,core,2018-01-10 18:00:00,,multi_a_region,2,normal
000002516,2018-01-10 18:00:00,2018-01-10,18,near,near,2018-01-10 18:00:00,,multi_a_region,2,normal
000002516,2018-01-10 19:00:00,2018-01-10,19,core,core,2018-01-10 19:00:00,,multi_a_region,2,normal
000002516,2018-01-10 19:00:00,2018-01-10,19,near,near,2018-01-10 19:00:00,,multi_a_region,2,normal
000002516,2018-01-10 20:00:00,2018-01-10,20,core,core,2018-01-10 20:00:00,,no_representative_state,1,normal
000002516,2018-01-10 22:00:00,2018-01-10,22,core,core,2018-01-10 22:00:00,,no_representative_state,1,normal
000002516,2018-01-10 23:00:00,2018-01-10,23,core,core,2018-01-10 23:00:00,,no_representative_state,1,normal
000002516,2018-01-11 06:00:00,2018-01-11,6,core,core,2018-01-11 06:00:00,,no_representative_state,1,normal
000002516,2018-01-11 07:00:00,2018-01-11,7,core,core,2018-01-11 07:00:00,,no_representative_state,1,normal
000002516,2018-01-11 10:00:00,2018-01-11,10,core,core,2018-01-11 10:00:00,,no_representative_state,1,normal
000002516,2018-01-11 11:00:00,2018-01-11,11,core,core,2018-01-11 11:00:00,,no_representative_state,1,normal
000002516,2018-01-11 12:00:00,2018-01-11,12,near,near,2018-01-11 12:00:00,,no_representative_state,1,normal
000002516,2018-01-11 16:00:00,2018-01-11,16,core,core,2018-01-11 16:00:00,,no_representative_state,1,normal
000002516,2018-01-11 18:00:00,2018-01-11,18,core,core,2018-01-11 18:00:00,,no_representative_state,1,normal
000002516,2018-01-11 19:00:00,2018-01-11,19,core,core,2018-01-11 19:00:00,,multi_a_region,2,normal
000002516,2018-01-11 19:00:00,2018-01-11,19,near,near,2018-01-11 19:00:00,,multi_a_region,2,normal
000002516,2018-01-11 20:00:00,2018-01-11,20,core,core,2018-01-11 20:00:00,,multi_a_region,2,normal
000002516,2018-01-11 20:00:00,2018-01-11,20,near,near,2018-01-11 20:00:00,,multi_a_region,2,normal
000002516,2018-01-11 23:00:00,2018-01-11,23,core,core,2018-01-11 23:00:00,,multi_a_region,2,normal
000002516,2018-01-11 23:00:00,2018-01-11,23,near,near,2018-01-11 23:00:00,,multi_a_region,2,normal
000002516,2018-01-12 00:00:00,2018-01-12,0,core,core,2018-01-12 00:00:00,,multi_a_region,2,reduced
000002516,2018-01-12 00:00:00,2018-01-12,0,near,near,2018-01-12 00:00:00,,multi_a_region,2,reduced
000002516,2018-01-12 02:00:00,2018-01-12,2,core,core,2018-01-12 02:00:00,,no_representative_state,1,reduced
000002516,2018-01-12 03:00:00,2018-01-12,3,core,core,2018-01-12 03:00:00,,no_representative_state,1,reduced
000002516,2018-01-12 04:00:00,2018-01-12,4,core,core,2018-01-12 04:00:00,,no_representative_state,1,reduced
000002516,2018-01-12 06:00:00,2018-01-12,6,core,core,2018-01-12 06:00:00,,no_representative_state,1,reduced
000002516,2018-01-12 10:00:00,2018-01-12,10,core,core,2018-01-12 10:00:00,,no_representative_state,1,reduced
000002516,2018-01-12 19:00:00,2018-01-12,19,core,core,2018-01-12 19:00:00,,no_representative_state,1,reduced
000002516,2018-01-12 22:00:00,2018-01-12,22,core,core,2018-01-12 22:00:00,,no_representative_state,1,reduced
000002516,2018-01-13 07:00:00,2018-01-13,7,core,core,2018-01-13 07:00:00,,no_representative_state,1,outage
000002516,2018-01-13 11:00:00,2018-01-13,11,core,core,2018-01-13 11:00:00,,no_representative_state,1,outage
000002516,2018-01-13 15:00:00,2018-01-13,15,near,near,2018-01-13 15:00:00,,no_representative_state,1,outage
000002516,2018-01-13 23:00:00,2018-01-13,23,core,core,2018-01-13 23:00:00,,no_representative_state,1,outage
000002516,2018-01-14 04:00:00,2018-01-14,4,core,core,2018-01-14 04:00:00,,no_representative_state,1,outage
000002516,2018-01-14 07:00:00,2018-01-14,7,core,core,2018-01-14 07:00:00,,no_representative_state,1,outage
000002516,2018-01-15 10:00:00,2018-01-15,10,core,core,2018-01-15 10:00:00,,no_representative_state,1,outage
000002516,2018-01-15 16:00:00,2018-01-15,16,core,core,2018-01-15 16:00:00,,no_representative_state,1,outage
000002516,2018-01-15 18:00:00,2018-01-15,18,core,core,2018-01-15 18:00:00,,no_representative_state,1,outage
000002516,2018-01-15 20:00:00,2018-01-15,20,near,near,2018-01-15 20:00:00,,no_representative_state,1,outage
000002516,2018-01-15 21:00:00,2018-01-15,21,core,core,2018-01-15 21:00:00,,no_representative_state,1,outage
000002516,2018-01-15 22:00:00,2018-01-15,22,core,core,2018-01-15 22:00:00,,no_representative_state,1,outage
000002516,2018-01-16 06:00:00,2018-01-16,6,core,core,2018-01-16 06:00:00,,no_representative_state,1,outage
000002516,2018-01-16 11:00:00,2018-01-16,11,core,core,2018-01-16 11:00:00,,no_representative_state,1,outage
000002516,2018-01-16 14:00:00,2018-01-16,14,core,core,2018-01-16 14:00:00,,no_representative_state,1,outage
000002516,2018-01-17 02:00:00,2018-01-17,2,core,core,2018-01-17 02:00:00,,no_representative_state,1,severe
000002516,2018-01-17 06:00:00,2018-01-17,6,core,core,2018-01-17 06:00:00,,no_representative_state,1,severe
000002516,2018-01-17 10:00:00,2018-01-17,10,core,core,2018-01-17 10:00:00,,no_representative_state,1,severe
000002516,2018-01-17 11:00:00,2018-01-17,11,core,core,2018-01-17 11:00:00,,no_representative_state,1,severe
000002516,2018-01-17 14:00:00,2018-01-17,14,near,near,2018-01-17 14:00:00,,no_representative_state,1,severe
000002516,2018-01-18 03:00:00,2018-01-18,3,core,core,2018-01-18 03:00:00,,no_representative_state,1,severe
000002516,2018-01-18 07:00:00,2018-01-18,7,core,core,2018-01-18 07:00:00,,no_representative_state,1,severe
000002516,2018-01-18 11:00:00,2018-01-18,11,core,core,2018-01-18 11:00:00,,no_representative_state,1,severe
000002516,2018-01-18 19:00:00,2018-01-18,19,core,core,2018-01-18 19:00:00,,no_representative_state,1,severe
000002516,2018-01-18 23:00:00,2018-01-18,23,core,core,2018-01-18 23:00:00,,no_representative_state,1,severe
000002516,2018-01-19 07:00:00,2018-01-19,7,core,core,2018-01-19 07:00:00,,no_representative_state,1,normal
000002516,2018-01-19 08:00:00,2018-01-19,8,core,core,2018-01-19 08:00:00,,no_representative_state,1,normal
000002516,2018-01-19 11:00:00,2018-01-19,11,core,core,2018-01-19 11:00:00,,no_representative_state,1,normal
000002516,2018-01-19 12:00:00,2018-01-19,12,core,core,2018-01-19 12:00:00,,no_representative_state,1,normal
000002516,2018-01-19 13:00:00,2018-01-19,13,core,core,2018-01-19 13:00:00,,multi_a_region,2,normal
000002516,2018-01-19 13:00:00,2018-01-19,13,near,near,2018-01-19 13:00:00,,multi_a_region,2,normal
000002516,2018-01-19 14:00:00,2018-01-19,14,near,near,2018-01-19 14:00:00,,no_representative_state,1,normal
000002516,2018-01-19 15:00:00,2018-01-19,15,core,core,2018-01-19 15:00:00,,multi_a_region,2,normal
000002516,2018-01-19 15:00:00,2018-01-19,15,near,near,2018-01-19 15:00:00,,multi_a_region,2,normal
000002516,2018-01-19 18:00:00,2018-01-19,18,core,core,2018-01-19 18:00:00,,no_representative_state,1,normal
000002516,2018-01-19 23:00:00,2018-01-19,23,core,core,2018-01-19 23:00:00,,no_representative_state,1,normal
000002516,2018-01-20 02:00:00,2018-01-20,2,core,core,2018-01-20 02:00:00,,multi_a_region,2,normal
000002516,2018-01-20 02:00:00,2018-01-20,2,near,near,2018-01-20 02:00:00,,multi_a_region,2,normal
000002516,2018-01-20 03:00:00,2018-01-20,3,core,core,2018-01-20 03:00:00,,multi_a_region,2,normal
000002516,2018-01-20 03:00:00,2018-01-20,3,near,near,2018-01-20 03:00:00,,multi_a_region,2,normal
000002516,2018-01-20 04:00:00,2018-01-20,4,core,core,2018-01-20 04:00:00,,no_representative_state,1,normal
000002516,2018-01-20 06:00:00,2018-01-20,6,core,core,2018-01-20 06:00:00,,no_representative_state,1,normal
000002516,2018-01-20 07:00:00,2018-01-20,7,core,core,2018-01-20 07:00:00,,multi_a_region,2,normal
000002516,2018-01-20 07:00:00,2018-01-20,7,near,near,2018-01-20 07:00:00,,multi_a_region,2,normal
000002516,2018-01-20 08:00:00,2018-01-20,8,core,core,2018-01-20 08:00:00,,multi_a_region,2,normal
000002516,2018-01-20 08:00:00,2018-01-20,8,near,near,2018-01-20 08:00:00,,multi_a_region,2,normal
000002516,2018-01-20 10:00:00,2018-01-20,10,core,core,2018-01-20 10:00:00,,no_representative_state,1,normal
000002516,2018-01-20 11:00:00,2018-01-20,11,core,core,2018-01-20 11:00:00,,no_representative_state,1,normal
000002516,2018-01-20 12:00:00,2018-01-20,12,core,core,2018-01-20 12:00:00,,no_representative_state,1,normal
000002516,2018-01-20 15:00:00,2018-01-20,15,core,core,2018-01-20 15:00:00,,no_representative_state,1,normal
000002516,2018-01-20 16:00:00,2018-01-20,16,core,core,2018-01-20 16:00:00,,no_representative_state,1,normal
000002516,2018-01-20 19:00:00,2018-01-20,19,core,core,2018-01-20 19:00:00,,no_representative_state,1,normal
000002516,2018-01-20 20:00:00,2018-01-20,20,core,core,2018-01-20 20:00:00,,no_representative_state,1,normal
000002516,2018-01-20 22:00:00,2018-01-20,22,core,core,2018-01-20 22:00:00,,no_representative_state,1,normal
000002516,2018-01-20 23:00:00,2018-01-20,23,core,core,2018-01-20 23:00:00,,multi_a_region,2,normal
000002516,2018-01-20 23:00:00,2018-01-20,23,near,near,2018-01-20 23:00:00,,multi_a_region,2,normal
000002516,2018-01-21 00:00:00,2018-01-21,0,core,core,2018-01-21 00:00:00,,multi_a_region,2,normal
000002516,2018-01-21 00:00:00,2018-01-21,0,near,near,2018-01-21 00:00:00,,multi_a_region,2,normal
000002516,2018-01-21 02:00:00,2018-01-21,2,core,core,2018-01-21 02:00:00,,no_representative_state,1,normal
000002516,2018-01-21 03:00:00,2018-01-21,3,core,core,2018-01-21 03:00:00,,no_representative_state,1,normal
000002516,2018-01-21 04:00:00,2018-01-21,4,core,core,2018-01-21 04:00:00,,no_representative_state,1,normal
000002516,2018-01-21 07:00:00,2018-01-21,7,core,core,2018-01-21 07:00:00,,multi_a_region,2,normal
000002516,2018-01-21 07:00:00,2018-01-21,7,near,near,2018-01-21 07:00:00,,multi_a_region,2,normal
000002516,2018-01-21 08:00:00,2018-01-21,8,core,core,2018-01-21 08:00:00,,multi_a_region,2,normal
000002516,2018-01-21 08:00:00,2018-01-21,8,near,near,2018-01-21 08:00:00,,multi_a_region,2,normal
000002516,2018-01-21 12:00:00,2018-01-21,12,core,core,2018-01-21 12:00:00,,no_representative_state,1,normal
000002516,2018-01-21 13:00:00,2018-01-21,13,core,core,2018-01-21 13:00:00,,no_representative_state,1,normal
000002516,2018-01-21 14:00:00,2018-01-21,14,core,core,2018-01-21 14:00:00,,no_representative_state,1,normal
000002516,2018-01-21 15:00:00,2018-01-21,15,core,core,2018-01-21 15:00:00,,no_representative_state,1,normal
000002516,2018-01-21 17:00:00,2018-01-21,17,core,core,2018-01-21 17:00:00,,no_representative_state,1,normal
000002516,2018-01-21 18:00:00,2018-01-21,18,core,core,2018-01-21 18:00:00,,multi_a_region,2,normal
000002516,2018-01-21 18:00:00,2018-01-21,18,near,near,2018-01-21 18:00:00,,multi_a_region,2,normal
000002516,2018-01-21 19:00:00,2018-01-21,19,core,core,2018-01-21 19:00:00,,no_representative_state,1,normal
000002516,2018-01-21 20:00:00,2018-01-21,20,core,core,2018-01-21 20:00:00,,multi_a_region,2,normal
000002516,2018-01-21 20:00:00,2018-01-21,20,near,near,2018-01-21 20:00:00,,multi_a_region,2,normal
000002516,2018-01-21 23:00:00,2018-01-21,23,core,core,2018-01-21 23:00:00,,no_representative_state,1,normal
000002516,2018-01-22 00:00:00,2018-01-22,0,core,core,2018-01-22 00:00:00,,no_representative_state,1,normal
000002516,2018-01-22 07:00:00,2018-01-22,7,core,core,2018-01-22 07:00:00,,no_representative_state,1,normal
000002516,2018-01-22 08:00:00,2018-01-22,8,core,core,2018-01-22 08:00:00,,no_representative_state,1,normal
000002516,2018-01-22 09:00:00,2018-01-22,9,core,core,2018-01-22 09:00:00,,no_representative_state,1,normal
000002516,2018-01-22 11:00:00,2018-01-22,11,core,core,2018-01-22 11:00:00,,multi_a_region,2,normal
000002516,2018-01-22 11:00:00,2018-01-22,11,near,near,2018-01-22 11:00:00,,multi_a_region,2,normal
000002516,2018-01-22 12:00:00,2018-01-22,12,near,near,2018-01-22 12:00:00,,no_representative_state,1,normal
000002516,2018-01-22 13:00:00,2018-01-22,13,core,core,2018-01-22 13:00:00,,no_representative_state,1,normal
000002516,2018-01-22 14:00:00,2018-01-22,14,core,core,2018-01-22 14:00:00,,no_representative_state,1,normal
000002516,2018-01-22 15:00:00,2018-01-22,15,core,core,2018-01-22 15:00:00,,no_representative_state,1,normal
000002516,2018-01-22 16:00:00,2018-01-22,16,core,core,2018-01-22 16:00:00,,no_representative_state,1,normal
000002516,2018-01-22 17:00:00,2018-01-22,17,core,core,2018-01-22 17:00:00,,no_representative_state,1,normal
000002516,2018-01-22 18:00:00,2018-01-22,18,core,core,2018-01-22 18:00:00,,no_representative_state,1,normal
000002516,2018-01-22 19:00:00,2018-01-22,19,core,core,2018-01-22 19:00:00,,no_representative_state,1,normal
000002516,2018-01-22 22:00:00,2018-01-22,22,core,core,2018-01-22 22:00:00,,no_representative_state,1,normal
000002516,2018-01-22 23:00:00,2018-01-22,23,core,core,2018-01-22 23:00:00,,no_representative_state,1,normal
000002516,2018-01-23 06:00:00,2018-01-23,6,core,core,2018-01-23 06:00:00,,no_representative_state,1,normal
000002516,2018-01-23 07:00:00,2018-01-23,7,core,core,2018-01-23 07:00:00,,no_representative_state,1,normal
000002516,2018-01-23 08:00:00,2018-01-23,8,core,core,2018-01-23 08:00:00,,no_representative_state,1,normal
000002516,2018-01-23 10:00:00,2018-01-23,10,core,core,2018-01-23 10:00:00,,no_representative_state,1,normal
000002516,2018-01-23 11:00:00,2018-01-23,11,near,near,2018-01-23 11:00:00,,no_representative_state,1,normal
000002516,2018-01-23 12:00:00,2018-01-23,12,core,core,2018-01-23 12:00:00,,multi_a_region,2,normal
000002516,2018-01-23 12:00:00,2018-01-23,12,near,near,2018-01-23 12:00:00,,multi_a_region,2,normal
000002516,2018-01-23 14:00:00,2018-01-23,14,core,core,2018-01-23 14:00:00,,multi_a_region,2,normal
000002516,2018-01-23 14:00:00,2018-01-23,14,near,near,2018-01-23 14:00:00,,multi_a_region,2,normal
000002516,2018-01-23 15:00:00,2018-01-23,15,core,core,2018-01-23 15:00:00,,multi_a_region,2,normal
000002516,2018-01-23 15:00:00,2018-01-23,15,near,near,2018-01-23 15:00:00,,multi_a_region,2,normal
000002516,2018-01-23 17:00:00,2018-01-23,17,core,core,2018-01-23 17:00:00,,multi_a_region,2,normal
000002516,2018-01-23 17:00:00,2018-01-23,17,near,near,2018-01-23 17:00:00,,multi_a_region,2,normal
000002516,2018-01-23 18:00:00,2018-01-23,18,near,near,2018-01-23 18:00:00,,no_representative_state,1,normal
000002516,2018-01-23 19:00:00,2018-01-23,19,near,near,2018-01-23 19:00:00,,no_representative_state,1,normal
000002516,2018-01-23 20:00:00,2018-01-23,20,core,core,2018-01-23 20:00:00,,multi_a_region,2,normal
000002516,2018-01-23 20:00:00,2018-01-23,20,near,near,2018-01-23 20:00:00,,multi_a_region,2,normal
000002516,2018-01-23 21:00:00,2018-01-23,21,core,core,2018-01-23 21:00:00,,multi_a_region,2,normal
000002516,2018-01-23 21:00:00,2018-01-23,21,near,near,2018-01-23 21:00:00,,multi_a_region,2,normal
000002516,2018-01-23 23:00:00,2018-01-23,23,core,core,2018-01-23 23:00:00,,multi_a_region,2,normal
000002516,2018-01-23 23:00:00,2018-01-23,23,near,near,2018-01-23 23:00:00,,multi_a_region,2,normal
000002516,2018-01-24 00:00:00,2018-01-24,0,near,near,2018-01-24 00:00:00,,no_representative_state,1,normal
000002516,2018-01-24 01:00:00,2018-01-24,1,core,core,2018-01-24 01:00:00,,multi_a_region,2,normal
000002516,2018-01-24 01:00:00,2018-01-24,1,near,near,2018-01-24 01:00:00,,multi_a_region,2,normal
000002516,2018-01-24 04:00:00,2018-01-24,4,core,core,2018-01-24 04:00:00,,no_representative_state,1,normal
000002516,2018-01-24 05:00:00,2018-01-24,5,core,core,2018-01-24 05:00:00,,no_representative_state,1,normal
000002516,2018-01-24 08:00:00,2018-01-24,8,core,core,2018-01-24 08:00:00,,no_representative_state,1,normal
000002516,2018-01-24 09:00:00,2018-01-24,9,core,core,2018-01-24 09:00:00,,multi_a_region,2,normal
000002516,2018-01-24 09:00:00,2018-01-24,9,near,near,2018-01-24 09:00:00,,multi_a_region,2,normal
000002516,2018-01-24 10:00:00,2018-01-24,10,core,core,2018-01-24 10:00:00,,no_representative_state,1,normal
000002516,2018-01-24 15:00:00,2018-01-24,15,core,core,2018-01-24 15:00:00,,no_representative_state,1,normal
000002516,2018-01-24 16:00:00,2018-01-24,16,core,core,2018-01-24 16:00:00,,no_representative_state,1,normal
000002516,2018-01-24 19:00:00,2018-01-24,19,core,core,2018-01-24 19:00:00,,multi_a_region,2,normal
000002516,2018-01-24 19:00:00,2018-01-24,19,near,near,2018-01-24 19:00:00,,multi_a_region,2,normal
000002516,2018-01-24 20:00:00,2018-01-24,20,core,core,2018-01-24 20:00:00,,multi_a_region,2,normal
000002516,2018-01-24 20:00:00,2018-01-24,20,near,near,2018-01-24 20:00:00,,multi_a_region,2,normal
000002516,2018-01-24 21:00:00,2018-01-24,21,core,core,2018-01-24 21:00:00,,no_representative_state,1,normal
000002516,2018-01-24 22:00:00,2018-01-24,22,core,core,2018-01-24 22:00:00,,no_representative_state,1,normal
000002516,2018-01-24 23:00:00,2018-01-24,23,core,core,2018-01-24 23:00:00,,no_representative_state,1,normal
000002519,2018-01-01 07:00:00,2018-01-01,7,core,core,2018-01-01 07:00:00,,multi_a_region,2,normal
000002519,2018-01-01 07:00:00,2018-01-01,7,near,near,2018-01-01 07:00:00,,multi_a_region,2,normal
000002519,2018-01-01 08:00:00,2018-01-01,8,core,core,2018-01-01 08:00:00,,multi_a_region,2,normal
000002519,2018-01-01 08:00:00,2018-01-01,8,near,near,2018-01-01 08:00:00,,multi_a_region,2,normal
000002519,2018-01-01 11:00:00,2018-01-01,11,core,core,2018-01-01 11:00:00,,multi_a_region,2,normal
000002519,2018-01-01 11:00:00,2018-01-01,11,near,near,2018-01-01 11:00:00,,multi_a_region,2,normal
000002519,2018-01-01 12:00:00,2018-01-01,12,outer,outer,2018-01-01 12:00:00,,no_representative_state,1,normal
000002519,2018-01-01 13:00:00,2018-01-01,13,outer,outer,2018-01-01 13:00:00,,no_representative_state,1,normal
000002519,2018-01-01 14:00:00,2018-01-01,14,core,core,2018-01-01 14:00:00,,multi_a_region,2,normal
000002519,2018-01-01 14:00:00,2018-01-01,14,near,near,2018-01-01 14:00:00,,multi_a_region,2,normal
000002519,2018-01-02 14:00:00,2018-01-02,14,near,near,2018-01-02 14:00:00,,no_representative_state,1,normal
000002519,2018-01-02 15:00:00,2018-01-02,15,core,core,2018-01-02 15:00:00,,multi_a_region,2,normal
000002519,2018-01-02 15:00:00,2018-01-02,15,near,near,2018-01-02 15:00:00,,multi_a_region,2,normal
000002519,2018-01-02 16:00:00,2018-01-02,16,outer,outer,2018-01-02 16:00:00,,no_representative_state,1,normal
000002519,2018-01-02 17:00:00,2018-01-02,17,outer,outer,2018-01-02 17:00:00,,no_representative_state,1,normal
000002519,2018-01-02 18:00:00,2018-01-02,18,outer,outer,2018-01-02 18:00:00,,no_representative_state,1,normal
000002519,2018-01-02 19:00:00,2018-01-02,19,core,core,2018-01-02 19:00:00,,no_representative_state,1,normal
000002519,2018-01-02 20:00:00,2018-01-02,20,outer,outer,2018-01-02 20:00:00,,no_representative_state,1,normal
000002519,2018-01-02 21:00:00,2018-01-02,21,outer,outer,2018-01-02 21:00:00,,no_representative_state,1,normal
000002519,2018-01-02 22:00:00,2018-01-02,22,core,core,2018-01-02 22:00:00,,multi_a_region,2,normal
000002519,2018-01-02 22:00:00,2018-01-02,22,near,near,2018-01-02 22:00:00,,multi_a_region,2,normal
000002519,2018-01-02 23:00:00,2018-01-02,23,near,near,2018-01-02 23:00:00,,no_representative_state,1,normal
000002519,2018-01-03 10:00:00,2018-01-03,10,near,near,2018-01-03 10:00:00,,no_representative_state,1,normal
000002519,2018-01-03 11:00:00,2018-01-03,11,core,core,2018-01-03 11:00:00,,multi_a_region,3,normal
000002519,2018-01-03 11:00:00,2018-01-03,11,near,near,2018-01-03 11:00:00,,multi_a_region,3,normal
000002519,2018-01-03 11:00:00,2018-01-03,11,outer,outer,2018-01-03 11:00:00,,multi_a_region,3,normal
000002519,2018-01-03 12:00:00,2018-01-03,12,outer,outer,2018-01-03 12:00:00,,no_representative_state,1,normal
000002519,2018-01-03 13:00:00,2018-01-03,13,outer,outer,2018-01-03 13:00:00,,no_representative_state,1,normal
000002519,2018-01-03 14:00:00,2018-01-03,14,outer,outer,2018-01-03 14:00:00,,no_representative_state,1,normal
000002519,2018-01-03 15:00:00,2018-01-03,15,outer,outer,2018-01-03 15:00:00,,no_representative_state,1,normal
000002519,2018-01-03 16:00:00,2018-01-03,16,outer,outer,2018-01-03 16:00:00,,no_representative_state,1,normal
000002519,2018-01-03 17:00:00,2018-01-03,17,outer,outer,2018-01-03 17:00:00,,no_representative_state,1,normal
000002519,2018-01-03 18:00:00,2018-01-03,18,core,core,2018-01-03 18:00:00,,no_representative_state,1,normal
000002519,2018-01-03 19:00:00,2018-01-03,19,core,core,2018-01-03 19:00:00,,multi_a_region,2,normal
000002519,2018-01-03 19:00:00,2018-01-03,19,near,near,2018-01-03 19:00:00,,multi_a_region,2,normal
000002519,2018-01-04 04:00:00,2018-01-04,4,core,core,2018-01-04 04:00:00,,multi_a_region,2,normal
000002519,2018-01-04 04:00:00,2018-01-04,4,near,near,2018-01-04 04:00:00,,multi_a_region,2,normal
000002519,2018-01-04 05:00:00,2018-01-04,5,outer,outer,2018-01-04 05:00:00,,no_representative_state,1,normal
000002519,2018-01-04 06:00:00,2018-01-04,6,outer,outer,2018-01-04 06:00:00,,no_representative_state,1,normal
000002519,2018-01-04 07:00:00,2018-01-04,7,core,core,2018-01-04 07:00:00,,no_representative_state,1,normal
000002519,2018-01-04 08:00:00,2018-01-04,8,outer,outer,2018-01-04 08:00:00,,no_representative_state,1,normal
000002519,2018-01-04 09:00:00,2018-01-04,9,outer,outer,2018-01-04 09:00:00,,no_representative_state,1,normal
000002519,2018-01-04 11:00:00,2018-01-04,11,outer,outer,2018-01-04 11:00:00,,no_representative_state,1,normal
000002519,2018-01-04 12:00:00,2018-01-04,12,outer,outer,2018-01-04 12:00:00,,no_representative_state,1,normal
000002519,2018-01-04 13:00:00,2018-01-04,13,outer,outer,2018-01-04 13:00:00,,no_representative_state,1,normal
000002519,2018-01-04 14:00:00,2018-01-04,14,outer,outer,2018-01-04 14:00:00,,no_representative_state,1,normal
000002519,2018-01-04 16:00:00,2018-01-04,16,outer,outer,2018-01-04 16:00:00,,no_representative_state,1,normal
000002519,2018-01-04 17:00:00,2018-01-04,17,outer,outer,2018-01-04 17:00:00,,no_representative_state,1,normal
000002519,2018-01-04 18:00:00,2018-01-04,18,core,core,2018-01-04 18:00:00,,no_representative_state,1,normal
000002519,2018-01-04 19:00:00,2018-01-04,19,core,core,2018-01-04 19:00:00,,multi_a_region,2,normal
000002519,2018-01-04 19:00:00,2018-01-04,19,near,near,2018-01-04 19:00:00,,multi_a_region,2,normal
000002519,2018-01-04 20:00:00,2018-01-04,20,near,near,2018-01-04 20:00:00,,no_representative_state,1,normal
000002519,2018-01-05 03:00:00,2018-01-05,3,near,near,2018-01-05 03:00:00,,no_representative_state,1,normal
000002519,2018-01-05 04:00:00,2018-01-05,4,outer,outer,2018-01-05 04:00:00,,no_representative_state,1,normal
000002519,2018-01-05 06:00:00,2018-01-05,6,near,near,2018-01-05 06:00:00,,no_representative_state,1,normal
000002519,2018-01-05 07:00:00,2018-01-05,7,core,core,2018-01-05 07:00:00,,multi_a_region,2,normal
000002519,2018-01-05 07:00:00,2018-01-05,7,near,near,2018-01-05 07:00:00,,multi_a_region,2,normal
000002519,2018-01-05 08:00:00,2018-01-05,8,core,core,2018-01-05 08:00:00,,multi_a_region,3,normal
000002519,2018-01-05 08:00:00,2018-01-05,8,near,near,2018-01-05 08:00:00,,multi_a_region,3,normal
000002519,2018-01-05 08:00:00,2018-01-05,8,outer,outer,2018-01-05 08:00:00,,multi_a_region,3,normal
000002519,2018-01-05 09:00:00,2018-01-05,9,outer,outer,2018-01-05 09:00:00,,no_representative_state,1,normal
000002519,2018-01-05 10:00:00,2018-01-05,10,core,core,2018-01-05 10:00:00,,multi_a_region,2,normal
000002519,2018-01-05 10:00:00,2018-01-05,10,near,near,2018-01-05 10:00:00,,multi_a_region,2,normal
000002519,2018-01-05 11:00:00,2018-01-05,11,core,core,2018-01-05 11:00:00,,no_representative_state,1,normal
000002519,2018-01-05 12:00:00,2018-01-05,12,outer,outer,2018-01-05 12:00:00,,no_representative_state,1,normal
000002519,2018-01-05 13:00:00,2018-01-05,13,outer,outer,2018-01-05 13:00:00,,no_representative_state,1,normal
000002519,2018-01-05 14:00:00,2018-01-05,14,outer,outer,2018-01-05 14:00:00,,no_representative_state,1,normal
000002519,2018-01-05 15:00:00,2018-01-05,15,core,core,2018-01-05 15:00:00,,multi_a_region,3,normal
000002519,2018-01-05 15:00:00,2018-01-05,15,near,near,2018-01-05 15:00:00,,multi_a_region,3,normal
000002519,2018-01-05 15:00:00,2018-01-05,15,outer,outer,2018-01-05 15:00:00,,multi_a_region,3,normal
000002519,2018-01-05 16:00:00,2018-01-05,16,near,near,2018-01-05 16:00:00,,no_representative_state,1,normal
000002519,2018-01-06 03:00:00,2018-01-06,3,core,core,2018-01-06 03:00:00,,multi_a_region,2,normal
000002519,2018-01-06 03:00:00,2018-01-06,3,near,near,2018-01-06 03:00:00,,multi_a_region,2,normal
000002519,2018-01-06 04:00:00,2018-01-06,4,near,near,2018-01-06 04:00:00,,multi_a_region,2,normal
000002519,2018-01-06 04:00:00,2018-01-06,4,outer,outer,2018-01-06 04:00:00,,multi_a_region,2,normal
000002519,2018-01-06 05:00:00,2018-01-06,5,outer,outer,2018-01-06 05:00:00,,no_representative_state,1,normal
000002519,2018-01-06 06:00:00,2018-01-06,6,core,core,2018-01-06 06:00:00,,multi_a_region,2,normal
000002519,2018-01-06 06:00:00,2018-01-06,6,near,near,2018-01-06 06:00:00,,multi_a_region,2,normal
000002519,2018-01-06 18:00:00,2018-01-06,18,core,core,2018-01-06 18:00:00,,multi_a_region,2,normal
000002519,2018-01-06 18:00:00,2018-01-06,18,near,near,2018-01-06 18:00:00,,multi_a_region,2,normal
000002519,2018-01-06 19:00:00,2018-01-06,19,outer,outer,2018-01-06 19:00:00,,no_representative_state,1,normal
000002519,2018-01-06 20:00:00,2018-01-06,20,outer,outer,2018-01-06 20:00:00,,no_representative_state,1,normal
000002519,2018-01-06 21:00:00,2018-01-06,21,outer,outer,2018-01-06 21:00:00,,no_representative_state,1,normal
000002519,2018-01-06 22:00:00,2018-01-06,22,outer,outer,2018-01-06 22:00:00,,no_representative_state,1,normal
000002519,2018-01-06 23:00:00,2018-01-06,23,outer,outer,2018-01-06 23:00:00,,no_representative_state,1,normal
000002519,2018-01-07 00:00:00,2018-01-07,0,outer,outer,2018-01-07 00:00:00,,no_representative_state,1,normal
000002519,2018-01-07 01:00:00,2018-01-07,1,outer,outer,2018-01-07 01:00:00,,no_representative_state,1,normal
000002519,2018-01-07 02:00:00,2018-01-07,2,core,core,2018-01-07 02:00:00,,multi_a_region,2,normal
000002519,2018-01-07 02:00:00,2018-01-07,2,near,near,2018-01-07 02:00:00,,multi_a_region,2,normal
000002519,2018-01-07 03:00:00,2018-01-07,3,near,near,2018-01-07 03:00:00,,no_representative_state,1,normal
000002519,2018-01-07 07:00:00,2018-01-07,7,near,near,2018-01-07 07:00:00,,no_representative_state,1,normal
000002519,2018-01-07 08:00:00,2018-01-07,8,outer,outer,2018-01-07 08:00:00,,no_representative_state,1,normal
000002519,2018-01-07 09:00:00,2018-01-07,9,outer,outer,2018-01-07 09:00:00,,no_representative_state,1,normal
000002519,2018-01-07 10:00:00,2018-01-07,10,outer,outer,2018-01-07 10:00:00,,no_representative_state,1,normal
000002519,2018-01-07 11:00:00,2018-01-07,11,outer,outer,2018-01-07 11:00:00,,no_representative_state,1,normal
000002519,2018-01-07 13:00:00,2018-01-07,13,outer,outer,2018-01-07 13:00:00,,no_representative_state,1,normal
000002519,2018-01-07 14:00:00,2018-01-07,14,outer,outer,2018-01-07 14:00:00,,no_representative_state,1,normal
000002519,2018-01-07 16:00:00,2018-01-07,16,core,core,2018-01-07 16:00:00,,multi_a_region,2,normal
000002519,2018-01-07 16:00:00,2018-01-07,16,near,near,2018-01-07 16:00:00,,multi_a_region,2,normal
000002519,2018-01-07 17:00:00,2018-01-07,17,near,near,2018-01-07 17:00:00,,no_representative_state,1,normal
000002519,2018-01-11 23:00:00,2018-01-11,23,near,near,2018-01-11 23:00:00,,no_representative_state,1,normal
000002519,2018-01-12 00:00:00,2018-01-12,0,core,core,2018-01-12 00:00:00,,multi_a_region,2,reduced
000002519,2018-01-12 00:00:00,2018-01-12,0,near,near,2018-01-12 00:00:00,,multi_a_region,2,reduced
000002519,2018-01-12 01:00:00,2018-01-12,1,outer,outer,2018-01-12 01:00:00,,no_representative_state,1,reduced
000002519,2018-01-12 02:00:00,2018-01-12,2,outer,outer,2018-01-12 02:00:00,,no_representative_state,1,reduced
000002519,2018-01-12 03:00:00,2018-01-12,3,near,near,2018-01-12 03:00:00,,no_representative_state,1,reduced
000002519,2018-01-12 13:00:00,2018-01-12,13,outer,outer,2018-01-12 13:00:00,,no_representative_state,1,reduced
000002519,2018-01-13 08:00:00,2018-01-13,8,near,near,2018-01-13 08:00:00,,no_representative_state,1,outage
000002519,2018-01-13 11:00:00,2018-01-13,11,outer,outer,2018-01-13 11:00:00,,no_representative_state,1,outage
000002519,2018-01-13 12:00:00,2018-01-13,12,outer,outer,2018-01-13 12:00:00,,no_representative_state,1,outage
000002519,2018-01-13 20:00:00,2018-01-13,20,near,near,2018-01-13 20:00:00,,no_representative_state,1,outage
000002519,2018-01-14 04:00:00,2018-01-14,4,near,near,2018-01-14 04:00:00,,no_representative_state,1,outage
000002519,2018-01-14 05:00:00,2018-01-14,5,near,near,2018-01-14 05:00:00,,no_representative_state,1,outage
000002519,2018-01-15 12:00:00,2018-01-15,12,near,near,2018-01-15 12:00:00,,no_representative_state,1,outage
000002519,2018-01-15 13:00:00,2018-01-15,13,outer,outer,2018-01-15 13:00:00,,no_representative_state,1,outage
000002519,2018-01-16 02:00:00,2018-01-16,2,near,near,2018-01-16 02:00:00,,no_representative_state,1,outage
000002519,2018-01-16 04:00:00,2018-01-16,4,outer,outer,2018-01-16 04:00:00,,no_representative_state,1,outage
000002519,2018-01-16 05:00:00,2018-01-16,5,outer,outer,2018-01-16 05:00:00,,no_representative_state,1,outage
000002519,2018-01-16 11:00:00,2018-01-16,11,near,near,2018-01-16 11:00:00,,no_representative_state,1,outage
000002519,2018-01-16 23:00:00,2018-01-16,23,near,near,2018-01-16 23:00:00,,no_representative_state,1,outage
000002519,2018-01-17 08:00:00,2018-01-17,8,outer,outer,2018-01-17 08:00:00,,no_representative_state,1,severe
000002519,2018-01-18 04:00:00,2018-01-18,4,outer,outer,2018-01-18 04:00:00,,no_representative_state,1,severe
000002519,2018-01-18 08:00:00,2018-01-18,8,core,core,2018-01-18 08:00:00,,no_representative_state,1,severe
000002519,2018-01-18 09:00:00,2018-01-18,9,outer,outer,2018-01-18 09:00:00,,no_representative_state,1,severe
000002519,2018-01-18 19:00:00,2018-01-18,19,core,core,2018-01-18 19:00:00,,multi_a_region,2,severe
000002519,2018-01-18 19:00:00,2018-01-18,19,near,near,2018-01-18 19:00:00,,multi_a_region,2,severe
000002519,2018-01-19 21:00:00,2018-01-19,21,outer,outer,2018-01-19 21:00:00,,no_representative_state,1,normal
000002519,2018-01-20 00:00:00,2018-01-20,0,outer,outer,2018-01-20 00:00:00,,no_representative_state,1,normal
000002519,2018-01-20 01:00:00,2018-01-20,1,outer,outer,2018-01-20 01:00:00,,no_representative_state,1,normal
000002519,2018-01-20 02:00:00,2018-01-20,2,core,core,2018-01-20 02:00:00,,multi_a_region,2,normal
000002519,2018-01-20 02:00:00,2018-01-20,2,near,near,2018-01-20 02:00:00,,multi_a_region,2,normal
000002519,2018-01-20 03:00:00,2018-01-20,3,near,near,2018-01-20 03:00:00,,no_representative_state,1,normal
000002519,2018-01-20 07:00:00,2018-01-20,7,core,core,2018-01-20 07:00:00,,multi_a_region,2,normal
000002519,2018-01-20 07:00:00,2018-01-20,7,near,near,2018-01-20 07:00:00,,multi_a_region,2,normal
000002519,2018-01-20 08:00:00,2018-01-20,8,near,near,2018-01-20 08:00:00,,multi_a_region,2,normal
000002519,2018-01-20 08:00:00,2018-01-20,8,outer,outer,2018-01-20 08:00:00,,multi_a_region,2,normal
000002519,2018-01-20 09:00:00,2018-01-20,9,outer,outer,2018-01-20 09:00:00,,no_representative_state,1,normal
000002519,2018-01-20 10:00:00,2018-01-20,10,near,near,2018-01-20 10:00:00,,no_representative_state,1,normal
000002519,2018-01-21 13:00:00,2018-01-21,13,near,near,2018-01-21 13:00:00,,no_representative_state,1,normal
000002519,2018-01-22 06:00:00,2018-01-22,6,near,near,2018-01-22 06:00:00,,no_representative_state,1,normal
000002519,2018-01-24 04:00:00,2018-01-24,4,near,near,2018-01-24 04:00:00,,no_representative_state,1,normal
000002519,2018-01-24 05:00:00,2018-01-24,5,core,core,2018-01-24 05:00:00,,multi_a_region,2,normal
000002519,2018-01-24 05:00:00,2018-01-24,5,outer,outer,2018-01-24 05:00:00,,multi_a_region,2,normal
000002519,2018-01-24 06:00:00,2018-01-24,6,outer,outer,2018-01-24 06:00:00,,no_representative_state,1,normal
000002519,2018-01-24 08:00:00,2018-01-24,8,near,near,2018-01-24 08:00:00,,no_representative_state,1,normal
000002519,2018-01-24 09:00:00,2018-01-24,9,near,near,2018-01-24 09:00:00,,no_representative_state,1,normal
000002519,2018-01-24 11:00:00,2018-01-24,11,core,core,2018-01-24 11:00:00,,multi_a_region,3,normal
000002519,2018-01-24 11:00:00,2018-01-24,11,near,near,2018-01-24 11:00:00,,multi_a_region,3,normal
000002519,2018-01-24 11:00:00,2018-01-24,11,outer,outer,2018-01-24 11:00:00,,multi_a_region,3,normal
000002519,2018-01-24 12:00:00,2018-01-24,12,outer,outer,2018-01-24 12:00:00,,no_representative_state,1,normal
000002519,2018-01-24 13:00:00,2018-01-24,13,outer,outer,2018-01-24 13:00:00,,no_representative_state,1,normal
000002519,2018-01-24 15:00:00,2018-01-24,15,outer,outer,2018-01-24 15:00:00,,no_representative_state,1,normal
000002519,2018-01-24 16:00:00,2018-01-24,16,outer,outer,2018-01-24 16:00:00,,no_representative_state,1,normal
000002519,2018-01-24 17:00:00,2018-01-24,17,outer,outer,2018-01-24 17:00:00,,no_representative_state,1,normal
000002519,2018-01-24 18:00:00,2018-01-24,18,outer,outer,2018-01-24 18:00:00,,no_representative_state,1,normal
000002519,2018-01-24 19:00:00,2018-01-24,19,core,core,2018-01-24 19:00:00,,multi_a_region,2,normal
000002519,2018-01-24 19:00:00,2018-01-24,19,near,near,2018-01-24 19:00:00,,multi_a_region,2,normal
000002519,2018-01-24 21:00:00,2018-01-24,21,near,near,2018-01-24 21:00:00,,no_representative_state,1,normal
000002519,2018-01-24 22:00:00,2018-01-24,22,near,near,2018-01-24 22:00:00,,no_representative_state,1,normal
000002530,2018-01-01 11:00:00,2018-01-01,11,outer,outer,2018-01-01 11:00:00,,no_representative_state,1,normal
000002530,2018-01-01 12:00:00,2018-01-01,12,outer,outer,2018-01-01 12:00:00,,no_representative_state,1,normal
000002530,2018-01-01 13:00:00,2018-01-01,13,near,near,2018-01-01 13:00:00,,multi_a_region,2,normal
000002530,2018-01-01 13:00:00,2018-01-01,13,outer,outer,2018-01-01 13:00:00,,multi_a_region,2,normal
000002530,2018-01-01 14:00:00,2018-01-01,14,core,core,2018-01-01 14:00:00,,multi_a_region,2,normal
000002530,2018-01-01 14:00:00,2018-01-01,14,near,near,2018-01-01 14:00:00,,multi_a_region,2,normal
000002530,2018-01-01 15:00:00,2018-01-01,15,near,near,2018-01-01 15:00:00,,no_representative_state,1,normal
000002530,2018-01-02 13:00:00,2018-01-02,13,near,near,2018-01-02 13:00:00,,no_representative_state,1,normal
000002530,2018-01-02 14:00:00,2018-01-02,14,near,near,2018-01-02 14:00:00,,no_representative_state,1,normal
000002530,2018-01-02 19:00:00,2018-01-02,19,core,core,2018-01-02 19:00:00,,multi_a_region,2,normal
000002530,2018-01-02 19:00:00,2018-01-02,19,near,near,2018-01-02 19:00:00,,multi_a_region,2,normal
000002531,2018-01-04 03:00:00,2018-01-04,3,outer,outer,2018-01-04 03:00:00,,no_representative_state,1,normal
000002531,2018-01-04 04:00:00,2018-01-04,4,outer,outer,2018-01-04 04:00:00,,no_representative_state,1,normal
000002531,2018-01-04 05:00:00,2018-01-04,5,near,near,2018-01-04 05:00:00,,multi_a_region,2,normal
000002531,2018-01-04 05:00:00,2018-01-04,5,outer,outer,2018-01-04 05:00:00,,multi_a_region,2,normal
000002531,2018-01-04 06:00:00,2018-01-04,6,core,core,2018-01-04 06:00:00,,multi_a_region,2,normal
000002531,2018-01-04 06:00:00,2018-01-04,6,near,near,2018-01-04 06:00:00,,multi_a_region,2,normal
000002531,2018-01-05 15:00:00,2018-01-05,15,core,core,2018-01-05 15:00:00,,multi_a_region,2,normal
000002531,2018-01-05 15:00:00,2018-01-05,15,near,near,2018-01-05 15:00:00,,multi_a_region,2,normal
000002531,2018-01-05 16:00:00,2018-01-05,16,near,near,2018-01-05 16:00:00,,multi_a_region,2,normal
000002531,2018-01-05 16:00:00,2018-01-05,16,outer,outer,2018-01-05 16:00:00,,multi_a_region,2,normal
000002531,2018-01-05 17:00:00,2018-01-05,17,outer,outer,2018-01-05 17:00:00,,no_representative_state,1,normal
000002535,2018-01-02 15:00:00,2018-01-02,15,outer,outer,2018-01-02 15:00:00,,no_representative_state,1,normal
000002535,2018-01-02 16:00:00,2018-01-02,16,outer,outer,2018-01-02 16:00:00,,no_representative_state,1,normal
000002535,2018-01-02 17:00:00,2018-01-02,17,core,core,2018-01-02 17:00:00,,multi_a_region,2,normal
000002535,2018-01-02 17:00:00,2018-01-02,17,near,near,2018-01-02 17:00:00,,multi_a_region,2,normal
000002535,2018-01-03 08:00:00,2018-01-03,8,near,near,2018-01-03 08:00:00,,no_representative_state,1,normal
000002535,2018-01-03 11:00:00,2018-01-03,11,near,near,2018-01-03 11:00:00,,no_representative_state,1,normal
000002535,2018-01-03 23:00:00,2018-01-03,23,core,core,2018-01-03 23:00:00,,multi_a_region,2,normal
000002535,2018-01-03 23:00:00,2018-01-03,23,near,near,2018-01-03 23:00:00,,multi_a_region,2,normal
000002535,2018-01-04 00:00:00,2018-01-04,0,near,near,2018-01-04 00:00:00,,multi_a_region,2,normal
000002535,2018-01-04 00:00:00,2018-01-04,0,outer,outer,2018-01-04 00:00:00,,multi_a_region,2,normal
000002535,2018-01-04 01:00:00,2018-01-04,1,outer,outer,2018-01-04 01:00:00,,no_representative_state,1,normal
000002537,2018-01-01 15:00:00,2018-01-01,15,outer,outer,2018-01-01 15:00:00,,no_representative_state,1,normal
000002537,2018-01-01 16:00:00,2018-01-01,16,outer,outer,2018-01-01 16:00:00,,no_representative_state,1,normal
000002537,2018-01-01 17:00:00,2018-01-01,17,core,core,2018-01-01 17:00:00,,multi_a_region,2,normal
000002537,2018-01-01 17:00:00,2018-01-01,17,near,near,2018-01-01 17:00:00,,multi_a_region,2,normal
000002537,2018-01-02 11:00:00,2018-01-02,11,near,near,2018-01-02 11:00:00,,no_representative_state,1,normal
000002537,2018-01-02 23:00:00,2018-01-02,23,core,core,2018-01-02 23:00:00,,multi_a_region,2,normal
000002537,2018-01-02 23:00:00,2018-01-02,23,near,near,2018-01-02 23:00:00,,multi_a_region,2,normal
000002537,2018-01-03 00:00:00,2018-01-03,0,near,near,2018-01-03 00:00:00,,multi_a_region,2,normal
000002537,2018-01-03 00:00:00,2018-01-03,0,outer,outer,2018-01-03 00:00:00,,multi_a_region,2,normal
000002537,2018-01-03 01:00:00,2018-01-03,1,outer,outer,2018-01-03 01:00:00,,no_representative_state,1,normal
000002537,2018-01-05 18:00:00,2018-01-05,18,core,core,2018-01-05 18:00:00,,multi_a_region,3,normal
000002537,2018-01-05 18:00:00,2018-01-05,18,near,near,2018-01-05 18:00:00,,multi_a_region,3,normal
000002537,2018-01-05 18:00:00,2018-01-05,18,outer,outer,2018-01-05 18:00:00,,multi_a_region,3,normal
000002537,2018-01-05 19:00:00,2018-01-05,19,near,near,2018-01-05 19:00:00,,no_representative_state,1,normal
000002537,2018-01-06 13:00:00,2018-01-06,13,near,near,2018-01-06 13:00:00,,no_representative_state,1,normal
000002537,2018-01-06 23:00:00,2018-01-06,23,core,core,2018-01-06 23:00:00,,multi_a_region,2,normal
000002537,2018-01-06 23:00:00,2018-01-06,23,near,near,2018-01-06 23:00:00,,multi_a_region,2,normal
000002537,2018-01-07 00:00:00,2018-01-07,0,outer,outer,2018-01-07 00:00:00,,no_representative_state,1,normal
000002537,2018-01-13 21:00:00,2018-01-13,21,near,near,2018-01-13 21:00:00,,no_representative_state,1,outage
000002537,2018-01-20 02:00:00,2018-01-20,2,core,core,2018-01-20 02:00:00,,multi_a_region,2,normal
000002537,2018-01-20 02:00:00,2018-01-20,2,near,near,2018-01-20 02:00:00,,multi_a_region,2,normal
000002537,2018-01-20 14:00:00,2018-01-20,14,near,near,2018-01-20 14:00:00,,no_representative_state,1,normal
000002537,2018-01-21 00:00:00,2018-01-21,0,core,core,2018-01-21 00:00:00,,multi_a_region,2,normal
000002537,2018-01-21 00:00:00,2018-01-21,0,near,near,2018-01-21 00:00:00,,multi_a_region,2,normal
000002537,2018-01-21 01:00:00,2018-01-21,1,near,near,2018-01-21 01:00:00,,multi_a_region,2,normal
000002537,2018-01-21 01:00:00,2018-01-21,1,outer,outer,2018-01-21 01:00:00,,multi_a_region,2,normal
000002537,2018-01-21 02:00:00,2018-01-21,2,outer,outer,2018-01-21 02:00:00,,no_representative_state,1,normal
000002552,2018-01-02 10:00:00,2018-01-02,10,near,near,2018-01-02 10:00:00,,multi_a_region,2,normal
000002552,2018-01-02 10:00:00,2018-01-02,10,outer,outer,2018-01-02 10:00:00,,multi_a_region,2,normal
000002552,2018-01-02 11:00:00,2018-01-02,11,core,core,2018-01-02 11:00:00,,multi_a_region,2,normal
000002552,2018-01-02 11:00:00,2018-01-02,11,near,near,2018-01-02 11:00:00,,multi_a_region,2,normal
000002552,2018-01-02 16:00:00,2018-01-02,16,core,core,2018-01-02 16:00:00,,multi_a_region,2,normal
000002552,2018-01-02 16:00:00,2018-01-02,16,near,near,2018-01-02 16:00:00,,multi_a_region,2,normal
000002552,2018-01-02 17:00:00,2018-01-02,17,near,near,2018-01-02 17:00:00,,multi_a_region,2,normal
000002552,2018-01-02 17:00:00,2018-01-02,17,outer,outer,2018-01-02 17:00:00,,multi_a_region,2,normal
000002552,2018-01-04 19:00:00,2018-01-04,19,outer,outer,2018-01-04 19:00:00,,no_representative_state,1,normal
000002552,2018-01-04 20:00:00,2018-01-04,20,outer,outer,2018-01-04 20:00:00,,no_representative_state,1,normal
000002552,2018-01-16 09:00:00,2018-01-16,9,near,near,2018-01-16 09:00:00,,multi_a_region,2,outage
000002552,2018-01-16 09:00:00,2018-01-16,9,outer,outer,2018-01-16 09:00:00,,multi_a_region,2,outage
000002552,2018-01-23 15:00:00,2018-01-23,15,near,near,2018-01-23 15:00:00,,no_representative_state,1,normal
000002552,2018-01-24 05:00:00,2018-01-24,5,near,near,2018-01-24 05:00:00,,no_representative_state,1,normal
000002552,2018-01-24 08:00:00,2018-01-24,8,near,near,2018-01-24 08:00:00,,no_representative_state,1,normal
000002552,2018-01-24 14:00:00,2018-01-24,14,near,near,2018-01-24 14:00:00,,no_representative_state,1,normal
000002552,2018-01-24 19:00:00,2018-01-24,19,core,core,2018-01-24 19:00:00,,multi_a_region,2,normal
000002552,2018-01-24 19:00:00,2018-01-24,19,near,near,2018-01-24 19:00:00,,multi_a_region,2,normal
000002552,2018-01-24 20:00:00,2018-01-24,20,near,near,2018-01-24 20:00:00,,multi_a_region,2,normal
000002552,2018-01-24 20:00:00,2018-01-24,20,outer,outer,2018-01-24 20:00:00,,multi_a_region,2,normal
000002552,2018-01-24 21:00:00,2018-01-24,21,outer,outer,2018-01-24 21:00:00,,no_representative_state,1,normal
000002553,2018-01-08 03:00:00,2018-01-08,3,outer,outer,2018-01-08 03:00:00,,no_representative_state,1,normal
000002553,2018-01-08 04:00:00,2018-01-08,4,outer,outer,2018-01-08 04:00:00,,no_representative_state,1,normal
000002553,2018-01-08 05:00:00,2018-01-08,5,core,core,2018-01-08 05:00:00,,multi_a_region,2,normal
000002553,2018-01-08 05:00:00,2018-01-08,5,near,near,2018-01-08 05:00:00,,multi_a_region,2,normal
000002553,2018-01-08 10:00:00,2018-01-08,10,near,near,2018-01-08 10:00:00,,no_representative_state,1,normal
000002553,2018-01-16 03:00:00,2018-01-16,3,outer,outer,2018-01-16 03:00:00,,no_representative_state,1,outage
000002553,2018-01-16 04:00:00,2018-01-16,4,outer,outer,2018-01-16 04:00:00,,no_representative_state,1,outage
000002553,2018-01-16 19:00:00,2018-01-16,19,near,near,2018-01-16 19:00:00,,no_representative_state,1,outage
000002553,2018-01-20 07:00:00,2018-01-20,7,outer,outer,2018-01-20 07:00:00,,no_representative_state,1,normal
000002553,2018-01-20 08:00:00,2018-01-20,8,outer,outer,2018-01-20 08:00:00,,no_representative_state,1,normal
000002553,2018-01-20 09:00:00,2018-01-20,9,core,core,2018-01-20 09:00:00,,multi_a_region,3,normal
000002553,2018-01-20 09:00:00,2018-01-20,9,near,near,2018-01-20 09:00:00,,multi_a_region,3,normal
000002553,2018-01-20 09:00:00,2018-01-20,9,outer,outer,2018-01-20 09:00:00,,multi_a_region,3,normal
000002553,2018-01-20 10:00:00,2018-01-20,10,near,near,2018-01-20 10:00:00,,no_representative_state,1,normal
000002553,2018-01-21 15:00:00,2018-01-21,15,near,near,2018-01-21 15:00:00,,no_representative_state,1,normal
000002553,2018-01-21 16:00:00,2018-01-21,16,outer,outer,2018-01-21 16:00:00,,no_representative_state,1,normal
000002556,2018-01-17 15:00:00,2018-01-17,15,outer,outer,2018-01-17 15:00:00,,no_representative_state,1,severe
000002556,2018-01-17 18:00:00,2018-01-17,18,near,near,2018-01-17 18:00:00,,no_representative_state,1,severe
000002556,2018-01-18 23:00:00,2018-01-18,23,core,core,2018-01-18 23:00:00,,multi_a_region,2,severe
000002556,2018-01-18 23:00:00,2018-01-18,23,near,near,2018-01-18 23:00:00,,multi_a_region,2,severe
000002556,2018-01-19 00:00:00,2018-01-19,0,outer,outer,2018-01-19 00:00:00,,no_representative_state,1,normal
000002659,2018-01-01 08:00:00,2018-01-01,8,near,near,2018-01-01 08:00:00,,no_representative_state,1,normal
000002659,2018-01-01 09:00:00,2018-01-01,9,core,core,2018-01-01 09:00:00,,no_representative_state,1,normal
000002659,2018-01-01 13:00:00,2018-01-01,13,core,core,2018-01-01 13:00:00,,no_representative_state,1,normal
000002659,2018-01-04 03:00:00,2018-01-04,3,core,core,2018-01-04 03:00:00,,no_representative_state,1,normal
000002659,2018-01-04 06:00:00,2018-01-04,6,core,core,2018-01-04 06:00:00,,no_representative_state,1,normal
000002659,2018-01-05 10:00:00,2018-01-05,10,core,core,2018-01-05 10:00:00,,no_representative_state,1,normal
000002659,2018-01-05 17:00:00,2018-01-05,17,core,core,2018-01-05 17:00:00,,no_representative_state,1,normal
000002659,2018-01-08 09:00:00,2018-01-08,9,near,near,2018-01-08 09:00:00,,no_representative_state,1,normal
000002659,2018-01-10 18:00:00,2018-01-10,18,core,core,2018-01-10 18:00:00,,no_representative_state,1,normal
000002799,2018-01-01 12:00:00,2018-01-01,12,outer,outer,2018-01-01 12:00:00,,no_representative_state,1,normal
000002799,2018-01-01 15:00:00,2018-01-01,15,outer,outer,2018-01-01 15:00:00,,no_representative_state,1,normal
000002799,2018-01-01 16:00:00,2018-01-01,16,outer,outer,2018-01-01 16:00:00,,no_representative_state,1,normal
000002799,2018-01-01 17:00:00,2018-01-01,17,core,core,2018-01-01 17:00:00,,multi_a_region,2,normal
000002799,2018-01-01 17:00:00,2018-01-01,17,near,near,2018-01-01 17:00:00,,multi_a_region,2,normal
000002799,2018-01-16 08:00:00,2018-01-16,8,near,near,2018-01-16 08:00:00,,no_representative_state,1,outage
000002799,2018-01-16 10:00:00,2018-01-16,10,near,near,2018-01-16 10:00:00,,no_representative_state,1,outage
000002799,2018-01-16 19:00:00,2018-01-16,19,core,core,2018-01-16 19:00:00,,multi_a_region,2,outage
000002799,2018-01-16 19:00:00,2018-01-16,19,near,near,2018-01-16 19:00:00,,multi_a_region,2,outage
000002799,2018-01-19 18:00:00,2018-01-19,18,near,near,2018-01-19 18:00:00,,no_representative_state,1,normal
000002799,2018-01-23 19:00:00,2018-01-23,19,near,near,2018-01-23 19:00:00,,no_representative_state,1,normal
000002799,2018-01-23 20:00:00,2018-01-23,20,near,near,2018-01-23 20:00:00,,no_representative_state,1,normal
000002830,2018-01-06 02:00:00,2018-01-06,2,core,core,2018-01-06 02:00:00,,multi_a_region,2,normal
000002830,2018-01-06 02:00:00,2018-01-06,2,near,near,2018-01-06 02:00:00,,multi_a_region,2,normal
000002830,2018-01-06 11:00:00,2018-01-06,11,near,near,2018-01-06 11:00:00,,no_representative_state,1,normal
000002830,2018-01-06 14:00:00,2018-01-06,14,near,near,2018-01-06 14:00:00,,no_representative_state,1,normal
000002830,2018-01-06 23:00:00,2018-01-06,23,core,core,2018-01-06 23:00:00,,multi_a_region,2,normal
000002830,2018-01-06 23:00:00,2018-01-06,23,near,near,2018-01-06 23:00:00,,multi_a_region,2,normal
000002830,2018-01-07 00:00:00,2018-01-07,0,outer,outer,2018-01-07 00:00:00,,no_representative_state,1,normal
000002830,2018-01-07 01:00:00,2018-01-07,1,outer,outer,2018-01-07 01:00:00,,no_representative_state,1,normal
000002830,2018-01-13 23:00:00,2018-01-13,23,outer,outer,2018-01-13 23:00:00,,no_representative_state,1,outage
000002830,2018-01-14 00:00:00,2018-01-14,0,outer,outer,2018-01-14 00:00:00,,no_representative_state,1,outage
000002830,2018-01-14 01:00:00,2018-01-14,1,core,core,2018-01-14 01:00:00,,multi_a_region,2,outage
000002830,2018-01-14 01:00:00,2018-01-14,1,near,near,2018-01-14 01:00:00,,multi_a_region,2,outage
000002830,2018-01-14 02:00:00,2018-01-14,2,near,near,2018-01-14 02:00:00,,no_representative_state,1,outage
000002830,2018-01-19 21:00:00,2018-01-19,21,outer,outer,2018-01-19 21:00:00,,no_representative_state,1,normal
000002830,2018-01-19 22:00:00,2018-01-19,22,outer,outer,2018-01-19 22:00:00,,no_representative_state,1,normal
000002830,2018-01-20 00:00:00,2018-01-20,0,outer,outer,2018-01-20 00:00:00,,no_representative_state,1,normal
000002830,2018-01-20 01:00:00,2018-01-20,1,core,core,2018-01-20 01:00:00,,multi_a_region,2,normal
000002830,2018-01-20 01:00:00,2018-01-20,1,outer,outer,2018-01-20 01:00:00,,multi_a_region,2,normal
000002830,2018-01-20 02:00:00,2018-01-20,2,core,core,2018-01-20 02:00:00,,multi_a_region,2,normal
000002830,2018-01-20 02:00:00,2018-01-20,2,near,near,2018-01-20 02:00:00,,multi_a_region,2,normal
000002830,2018-01-20 14:00:00,2018-01-20,14,near,near,2018-01-20 14:00:00,,no_representative_state,1,normal
000002830,2018-01-20 15:00:00,2018-01-20,15,near,near,2018-01-20 15:00:00,,no_representative_state,1,normal
000002830,2018-01-21 00:00:00,2018-01-21,0,core,core,2018-01-21 00:00:00,,multi_a_region,2,normal
000002830,2018-01-21 00:00:00,2018-01-21,0,near,near,2018-01-21 00:00:00,,multi_a_region,2,normal
000002830,2018-01-21 01:00:00,2018-01-21,1,core,core,2018-01-21 01:00:00,,multi_a_region,3,normal
000002830,2018-01-21 01:00:00,2018-01-21,1,near,near,2018-01-21 01:00:00,,multi_a_region,3,normal
000002830,2018-01-21 01:00:00,2018-01-21,1,outer,outer,2018-01-21 01:00:00,,multi_a_region,3,normal
000002830,2018-01-21 02:00:00,2018-01-21,2,outer,outer,2018-01-21 02:00:00,,no_representative_state,1,normal
000002832,2018-01-02 09:00:00,2018-01-02,9,outer,outer,2018-01-02 09:00:00,,no_representative_state,1,normal
000002832,2018-01-02 12:00:00,2018-01-02,12,outer,outer,2018-01-02 12:00:00,,no_representative_state,1,normal
000002832,2018-01-02 13:00:00,2018-01-02,13,core,core,2018-01-02 13:00:00,,multi_a_region,2,normal
000002832,2018-01-02 13:00:00,2018-01-02,13,near,near,2018-01-02 13:00:00,,multi_a_region,2,normal
000002832,2018-01-02 14:00:00,2018-01-02,14,near,near,2018-01-02 14:00:00,,no_representative_state,1,normal
000002832,2018-01-03 08:00:00,2018-01-03,8,near,near,2018-01-03 08:00:00,,no_representative_state,1,normal
000002832,2018-01-03 11:00:00,2018-01-03,11,near,near,2018-01-03 11:00:00,,no_representative_state,1,normal
000002832,2018-01-03 13:00:00,2018-01-03,13,near,near,2018-01-03 13:00:00,,no_representative_state,1,normal
000002832,2018-01-03 19:00:00,2018-01-03,19,core,core,2018-01-03 19:00:00,,multi_a_region,2,normal
000002832,2018-01-03 19:00:00,2018-01-03,19,near,near,2018-01-03 19:00:00,,multi_a_region,2,normal
000002832,2018-01-03 20:00:00,2018-01-03,20,core,core,2018-01-03 20:00:00,,no_representative_state,1,normal
000002832,2018-01-12 03:00:00,2018-01-12,3,outer,outer,2018-01-12 03:00:00,,no_representative_state,1,reduced
000002832,2018-01-12 04:00:00,2018-01-12,4,outer,outer,2018-01-12 04:00:00,,no_representative_state,1,reduced
000002832,2018-01-12 05:00:00,2018-01-12,5,core,core,2018-01-12 05:00:00,,multi_a_region,2,reduced
000002832,2018-01-12 05:00:00,2018-01-12,5,outer,outer,2018-01-12 05:00:00,,multi_a_region,2,reduced
000002832,2018-01-12 06:00:00,2018-01-12,6,near,near,2018-01-12 06:00:00,,no_representative_state,1,reduced
000002832,2018-01-13 19:00:00,2018-01-13,19,near,near,2018-01-13 19:00:00,,no_representative_state,1,outage
000002832,2018-01-13 20:00:00,2018-01-13,20,outer,outer,2018-01-13 20:00:00,,no_representative_state,1,outage
000002832,2018-01-13 21:00:00,2018-01-13,21,outer,outer,2018-01-13 21:00:00,,no_representative_state,1,outage
000002834,2018-01-02 18:00:00,2018-01-02,18,outer,outer,2018-01-02 18:00:00,,no_representative_state,1,normal
000002834,2018-01-02 19:00:00,2018-01-02,19,outer,outer,2018-01-02 19:00:00,,no_representative_state,1,normal
000002834,2018-01-02 20:00:00,2018-01-02,20,outer,outer,2018-01-02 20:00:00,,no_representative_state,1,normal
000002834,2018-01-02 21:00:00,2018-01-02,21,outer,outer,2018-01-02 21:00:00,,no_representative_state,1,normal
000002834,2018-01-02 22:00:00,2018-01-02,22,core,core,2018-01-02 22:00:00,,multi_a_region,2,normal
000002834,2018-01-02 22:00:00,2018-01-02,22,near,near,2018-01-02 22:00:00,,multi_a_region,2,normal
000002834,2018-01-03 19:00:00,2018-01-03,19,core,core,2018-01-03 19:00:00,,multi_a_region,2,normal
000002834,2018-01-03 19:00:00,2018-01-03,19,near,near,2018-01-03 19:00:00,,multi_a_region,2,normal
000002834,2018-01-03 20:00:00,2018-01-03,20,outer,outer,2018-01-03 20:00:00,,no_representative_state,1,normal
000002834,2018-01-03 21:00:00,2018-01-03,21,outer,outer,2018-01-03 21:00:00,,no_representative_state,1,normal
000002834,2018-01-08 05:00:00,2018-01-08,5,near,near,2018-01-08 05:00:00,,no_representative_state,1,normal
000002834,2018-01-08 06:00:00,2018-01-08,6,core,core,2018-01-08 06:00:00,,multi_a_region,2,normal
000002834,2018-01-08 06:00:00,2018-01-08,6,near,near,2018-01-08 06:00:00,,multi_a_region,2,normal
000002834,2018-01-08 15:00:00,2018-01-08,15,near,near,2018-01-08 15:00:00,,no_representative_state,1,normal
000002834,2018-01-09 01:00:00,2018-01-09,1,core,core,2018-01-09 01:00:00,,multi_a_region,2,normal
000002834,2018-01-09 01:00:00,2018-01-09,1,near,near,2018-01-09 01:00:00,,multi_a_region,2,normal
000002834,2018-01-09 02:00:00,2018-01-09,2,near,near,2018-01-09 02:00:00,,multi_a_region,2,normal
000002834,2018-01-09 02:00:00,2018-01-09,2,outer,outer,2018-01-09 02:00:00,,multi_a_region,2,normal
000002834,2018-01-09 03:00:00,2018-01-09,3,outer,outer,2018-01-09 03:00:00,,no_representative_state,1,normal
000002834,2018-01-13 15:00:00,2018-01-13,15,outer,outer,2018-01-13 15:00:00,,no_representative_state,1,outage
000002834,2018-01-13 17:00:00,2018-01-13,17,near,near,2018-01-13 17:00:00,,no_representative_state,1,outage
000002835,2018-01-04 04:00:00,2018-01-04,4,outer,outer,2018-01-04 04:00:00,,no_representative_state,1,normal
000002835,2018-01-04 05:00:00,2018-01-04,5,near,near,2018-01-04 05:00:00,,multi_a_region,2,normal
000002835,2018-01-04 05:00:00,2018-01-04,5,outer,outer,2018-01-04 05:00:00,,multi_a_region,2,normal
000002835,2018-01-04 06:00:00,2018-01-04,6,core,core,2018-01-04 06:00:00,,multi_a_region,2,normal
000002835,2018-01-04 06:00:00,2018-01-04,6,near,near,2018-01-04 06:00:00,,multi_a_region,2,normal
000002835,2018-01-06 09:00:00,2018-01-06,9,near,near,2018-01-06 09:00:00,,no_representative_state,1,normal
000002835,2018-01-06 11:00:00,2018-01-06,11,core,core,2018-01-06 11:00:00,,multi_a_region,2,normal
000002835,2018-01-06 11:00:00,2018-01-06,11,near,near,2018-01-06 11:00:00,,multi_a_region,2,normal
000002835,2018-01-06 12:00:00,2018-01-06,12,outer,outer,2018-01-06 12:00:00,,no_representative_state,1,normal
000002835,2018-01-13 10:00:00,2018-01-13,10,near,near,2018-01-13 10:00:00,,no_representative_state,1,outage
000002835,2018-01-15 11:00:00,2018-01-15,11,near,near,2018-01-15 11:00:00,,no_representative_state,1,outage
000002835,2018-01-15 12:00:00,2018-01-15,12,near,near,2018-01-15 12:00:00,,no_representative_state,1,outage
000002835,2018-01-20 03:00:00,2018-01-20,3,outer,outer,2018-01-20 03:00:00,,no_representative_state,1,normal
000002835,2018-01-20 04:00:00,2018-01-20,4,outer,outer,2018-01-20 04:00:00,,no_representative_state,1,normal
000002835,2018-01-20 05:00:00,2018-01-20,5,core,core,2018-01-20 05:00:00,,multi_a_region,3,normal
000002835,2018-01-20 05:00:00,2018-01-20,5,near,near,2018-01-20 05:00:00,,multi_a_region,3,normal
000002835,2018-01-20 05:00:00,2018-01-20,5,outer,outer,2018-01-20 05:00:00,,multi_a_region,3,normal
000002835,2018-01-20 06:00:00,2018-01-20,6,near,near,2018-01-20 06:00:00,,no_representative_state,1,normal
000002835,2018-01-21 15:00:00,2018-01-21,15,core,core,2018-01-21 15:00:00,,multi_a_region,2,normal
000002835,2018-01-21 15:00:00,2018-01-21,15,near,near,2018-01-21 15:00:00,,multi_a_region,2,normal
000002835,2018-01-21 16:00:00,2018-01-21,16,outer,outer,2018-01-21 16:00:00,,no_representative_state,1,normal
000002894,2018-01-10 07:00:00,2018-01-10,7,outer,outer,2018-01-10 07:00:00,,no_representative_state,1,normal
000002894,2018-01-10 08:00:00,2018-01-10,8,outer,outer,2018-01-10 08:00:00,,no_representative_state,1,normal
000002894,2018-01-10 11:00:00,2018-01-10,11,outer,outer,2018-01-10 11:00:00,,no_representative_state,1,normal
000002894,2018-01-10 12:00:00,2018-01-10,12,core,core,2018-01-10 12:00:00,,multi_a_region,2,normal
000002894,2018-01-10 12:00:00,2018-01-10,12,outer,outer,2018-01-10 12:00:00,,multi_a_region,2,normal
000002894,2018-01-10 13:00:00,2018-01-10,13,core,core,2018-01-10 13:00:00,,multi_a_region,2,normal
000002894,2018-01-10 13:00:00,2018-01-10,13,near,near,2018-01-10 13:00:00,,multi_a_region,2,normal
000002895,2018-01-01 09:00:00,2018-01-01,9,near,near,2018-01-01 09:00:00,,no_representative_state,1,normal
000002908,2018-01-01 08:00:00,2018-01-01,8,near,near,2018-01-01 08:00:00,,no_representative_state,1,normal
000002908,2018-01-01 10:00:00,2018-01-01,10,near,near,2018-01-01 10:00:00,,multi_a_region,2,normal
000002908,2018-01-01 10:00:00,2018-01-01,10,outer,outer,2018-01-01 10:00:00,,multi_a_region,2,normal
000002908,2018-01-01 12:00:00,2018-01-01,12,outer,outer,2018-01-01 12:00:00,,no_representative_state,1,normal
000002908,2018-01-01 14:00:00,2018-01-01,14,outer,outer,2018-01-01 14:00:00,,no_representative_state,1,normal
000002908,2018-01-01 15:00:00,2018-01-01,15,near,near,2018-01-01 15:00:00,,no_representative_state,1,normal
000002908,2018-01-02 11:00:00,2018-01-02,11,near,near,2018-01-02 11:00:00,,no_representative_state,1,normal
000002908,2018-01-03 10:00:00,2018-01-03,10,outer,outer,2018-01-03 10:00:00,,no_representative_state,1,normal
000002908,2018-01-03 11:00:00,2018-01-03,11,near,near,2018-01-03 11:00:00,,no_representative_state,1,normal
000002908,2018-01-04 08:00:00,2018-01-04,8,near,near,2018-01-04 08:00:00,,no_representative_state,1,normal
000002908,2018-01-04 10:00:00,2018-01-04,10,outer,outer,2018-01-04 10:00:00,,no_representative_state,1,normal
000002908,2018-01-04 13:00:00,2018-01-04,13,near,near,2018-01-04 13:00:00,,no_representative_state,1,normal
000002908,2018-01-04 15:00:00,2018-01-04,15,outer,outer,2018-01-04 15:00:00,,no_representative_state,1,normal
000002908,2018-01-05 13:00:00,2018-01-05,13,outer,outer,2018-01-05 13:00:00,,no_representative_state,1,normal
000002908,2018-01-05 14:00:00,2018-01-05,14,outer,outer,2018-01-05 14:00:00,,no_representative_state,1,normal
000002908,2018-01-05 16:00:00,2018-01-05,16,near,near,2018-01-05 16:00:00,,no_representative_state,1,normal
000002908,2018-01-06 09:00:00,2018-01-06,9,near,near,2018-01-06 09:00:00,,no_representative_state,1,normal
000002908,2018-01-06 12:00:00,2018-01-06,12,outer,outer,2018-01-06 12:00:00,,no_representative_state,1,normal
000002908,2018-01-07 09:00:00,2018-01-07,9,outer,outer,2018-01-07 09:00:00,,no_representative_state,1,normal
000002908,2018-01-07 10:00:00,2018-01-07,10,outer,outer,2018-01-07 10:00:00,,no_representative_state,1,normal
000002908,2018-01-07 11:00:00,2018-01-07,11,near,near,2018-01-07 11:00:00,,multi_a_region,2,normal
000002908,2018-01-07 11:00:00,2018-01-07,11,outer,outer,2018-01-07 11:00:00,,multi_a_region,2,normal
000002908,2018-01-07 18:00:00,2018-01-07,18,near,near,2018-01-07 18:00:00,,no_representative_state,1,normal
000002908,2018-01-11 16:00:00,2018-01-11,16,near,near,2018-01-11 16:00:00,,no_representative_state,1,normal
000002908,2018-01-12 10:00:00,2018-01-12,10,near,near,2018-01-12 10:00:00,,no_representative_state,1,reduced
000002908,2018-01-13 10:00:00,2018-01-13,10,outer,outer,2018-01-13 10:00:00,,no_representative_state,1,outage
000002908,2018-01-13 11:00:00,2018-01-13,11,near,near,2018-01-13 11:00:00,,no_representative_state,1,outage
000002908,2018-01-15 10:00:00,2018-01-15,10,outer,outer,2018-01-15 10:00:00,,no_representative_state,1,outage
000002908,2018-01-16 09:00:00,2018-01-16,9,near,near,2018-01-16 09:00:00,,no_representative_state,1,outage
000002908,2018-01-16 11:00:00,2018-01-16,11,outer,outer,2018-01-16 11:00:00,,no_representative_state,1,outage
000002908,2018-01-19 10:00:00,2018-01-19,10,outer,outer,2018-01-19 10:00:00,,no_representative_state,1,normal
000002908,2018-01-19 14:00:00,2018-01-19,14,near,near,2018-01-19 14:00:00,,multi_a_region,2,normal
000002908,2018-01-19 14:00:00,2018-01-19,14,outer,outer,2018-01-19 14:00:00,,multi_a_region,2,normal
000002908,2018-01-19 15:00:00,2018-01-19,15,outer,outer,2018-01-19 15:00:00,,no_representative_state,1,normal
000002908,2018-01-24 10:00:00,2018-01-24,10,outer,outer,2018-01-24 10:00:00,,no_representative_state,1,normal
000002934,2018-01-01 03:00:00,2018-01-01,3,core,core,2018-01-01 03:00:00,,no_representative_state,1,normal
000002934,2018-01-01 04:00:00,2018-01-01,4,core,core,2018-01-01 04:00:00,,no_representative_state,1,normal
000002934,2018-01-01 07:00:00,2018-01-01,7,core,core,2018-01-01 07:00:00,,no_representative_state,1,normal
000002934,2018-01-01 08:00:00,2018-01-01,8,core,core,2018-01-01 08:00:00,,no_representative_state,1,normal
000002934,2018-01-01 09:00:00,2018-01-01,9,core,core,2018-01-01 09:00:00,,multi_a_region,3,normal
000002934,2018-01-01 09:00:00,2018-01-01,9,near,near,2018-01-01 09:00:00,,multi_a_region,3,normal
000002934,2018-01-01 09:00:00,2018-01-01,9,outer,outer,2018-01-01 09:00:00,,multi_a_region,3,normal
000002934,2018-01-01 10:00:00,2018-01-01,10,near,near,2018-01-01 10:00:00,,multi_a_region,2,normal
000002934,2018-01-01 10:00:00,2018-01-01,10,outer,outer,2018-01-01 10:00:00,,multi_a_region,2,normal
000002934,2018-01-16 09:00:00,2018-01-16,9,outer,outer,2018-01-16 09:00:00,,no_representative_state,1,outage
000002934,2018-01-16 10:00:00,2018-01-16,10,near,near,2018-01-16 10:00:00,,multi_a_region,2,outage
000002934,2018-01-16 10:00:00,2018-01-16,10,outer,outer,2018-01-16 10:00:00,,multi_a_region,2,outage
000002934,2018-01-16 11:00:00,2018-01-16,11,core,core,2018-01-16 11:00:00,,no_representative_state,1,outage
000002934,2018-01-16 15:00:00,2018-01-16,15,core,core,2018-01-16 15:00:00,,no_representative_state,1,outage
000002934,2018-01-16 16:00:00,2018-01-16,16,core,core,2018-01-16 16:00:00,,no_representative_state,1,outage
000002934,2018-01-16 17:00:00,2018-01-16,17,core,core,2018-01-16 17:00:00,,no_representative_state,1,outage
000002934,2018-01-16 18:00:00,2018-01-16,18,core,core,2018-01-16 18:00:00,,no_representative_state,1,outage
000002934,2018-01-17 00:00:00,2018-01-17,0,core,core,2018-01-17 00:00:00,,no_representative_state,1,severe
000002934,2018-01-17 07:00:00,2018-01-17,7,core,core,2018-01-17 07:00:00,,no_representative_state,1,severe
000002934,2018-01-17 10:00:00,2018-01-17,10,core,core,2018-01-17 10:00:00,,no_representative_state,1,severe
000002934,2018-01-17 11:00:00,2018-01-17,11,core,core,2018-01-17 11:00:00,,no_representative_state,1,severe
000002934,2018-01-17 14:00:00,2018-01-17,14,near,near,2018-01-17 14:00:00,,no_representative_state,1,severe
000002934,2018-01-17 15:00:00,2018-01-17,15,near,near,2018-01-17 15:00:00,,no_representative_state,1,severe
000002934,2018-01-17 17:00:00,2018-01-17,17,near,near,2018-01-17 17:00:00,,no_representative_state,1,severe
000002934,2018-01-17 19:00:00,2018-01-17,19,core,core,2018-01-17 19:00:00,,no_representative_state,1,severe
000002934,2018-01-18 03:00:00,2018-01-18,3,near,near,2018-01-18 03:00:00,,no_representative_state,1,severe
000002934,2018-01-18 04:00:00,2018-01-18,4,core,core,2018-01-18 04:00:00,,multi_a_region,2,severe
000002934,2018-01-18 04:00:00,2018-01-18,4,near,near,2018-01-18 04:00:00,,multi_a_region,2,severe
000002934,2018-01-18 07:00:00,2018-01-18,7,core,core,2018-01-18 07:00:00,,multi_a_region,2,severe
000002934,2018-01-18 07:00:00,2018-01-18,7,near,near,2018-01-18 07:00:00,,multi_a_region,2,severe
000002934,2018-01-18 08:00:00,2018-01-18,8,near,near,2018-01-18 08:00:00,,no_representative_state,1,severe
000002934,2018-01-18 09:00:00,2018-01-18,9,core,core,2018-01-18 09:00:00,,multi_a_region,2,severe
000002934,2018-01-18 09:00:00,2018-01-18,9,near,near,2018-01-18 09:00:00,,multi_a_region,2,severe
000002934,2018-01-18 11:00:00,2018-01-18,11,core,core,2018-01-18 11:00:00,,no_representative_state,1,severe
000002934,2018-01-18 12:00:00,2018-01-18,12,core,core,2018-01-18 12:00:00,,no_representative_state,1,severe
000002934,2018-01-18 15:00:00,2018-01-18,15,core,core,2018-01-18 15:00:00,,no_representative_state,1,severe
000002934,2018-01-18 17:00:00,2018-01-18,17,core,core,2018-01-18 17:00:00,,no_representative_state,1,severe
000002934,2018-01-18 18:00:00,2018-01-18,18,core,core,2018-01-18 18:00:00,,no_representative_state,1,severe
000002934,2018-01-19 00:00:00,2018-01-19,0,core,core,2018-01-19 00:00:00,,no_representative_state,1,normal
000002934,2018-01-19 07:00:00,2018-01-19,7,core,core,2018-01-19 07:00:00,,no_representative_state,1,normal
000002934,2018-01-19 08:00:00,2018-01-19,8,near,near,2018-01-19 08:00:00,,no_representative_state,1,normal
000002934,2018-01-19 09:00:00,2018-01-19,9,core,core,2018-01-19 09:00:00,,multi_a_region,2,normal
000002934,2018-01-19 09:00:00,2018-01-19,9,near,near,2018-01-19 09:00:00,,multi_a_region,2,normal
000002934,2018-01-19 11:00:00,2018-01-19,11,core,core,2018-01-19 11:00:00,,no_representative_state,1,normal
000002934,2018-01-19 12:00:00,2018-01-19,12,core,core,2018-01-19 12:00:00,,no_representative_state,1,normal
000002934,2018-01-19 14:00:00,2018-01-19,14,core,core,2018-01-19 14:00:00,,no_representative_state,1,normal
000002934,2018-01-19 15:00:00,2018-01-19,15,core,core,2018-01-19 15:00:00,,no_representative_state,1,normal
000002934,2018-01-19 22:00:00,2018-01-19,22,core,core,2018-01-19 22:00:00,,multi_a_region,2,normal
000002934,2018-01-19 22:00:00,2018-01-19,22,near,near,2018-01-19 22:00:00,,multi_a_region,2,normal
000002934,2018-01-19 23:00:00,2018-01-19,23,near,near,2018-01-19 23:00:00,,no_representative_state,1,normal
000002934,2018-01-20 00:00:00,2018-01-20,0,core,core,2018-01-20 00:00:00,,multi_a_region,2,normal
000002934,2018-01-20 00:00:00,2018-01-20,0,near,near,2018-01-20 00:00:00,,multi_a_region,2,normal
000002934,2018-01-20 02:00:00,2018-01-20,2,core,core,2018-01-20 02:00:00,,no_representative_state,1,normal
000002934,2018-01-20 03:00:00,2018-01-20,3,core,core,2018-01-20 03:00:00,,multi_a_region,2,normal
000002934,2018-01-20 03:00:00,2018-01-20,3,near,near,2018-01-20 03:00:00,,multi_a_region,2,normal
000002934,2018-01-20 04:00:00,2018-01-20,4,core,core,2018-01-20 04:00:00,,multi_a_region,2,normal
000002934,2018-01-20 04:00:00,2018-01-20,4,near,near,2018-01-20 04:00:00,,multi_a_region,2,normal
000002934,2018-01-20 06:00:00,2018-01-20,6,core,core,2018-01-20 06:00:00,,no_representative_state,1,normal
000002934,2018-01-20 07:00:00,2018-01-20,7,core,core,2018-01-20 07:00:00,,multi_a_region,2,normal
000002934,2018-01-20 07:00:00,2018-01-20,7,near,near,2018-01-20 07:00:00,,multi_a_region,2,normal
000002934,2018-01-20 08:00:00,2018-01-20,8,core,core,2018-01-20 08:00:00,,no_representative_state,1,normal
000002934,2018-01-20 09:00:00,2018-01-20,9,core,core,2018-01-20 09:00:00,,no_representative_state,1,normal
000002934,2018-01-20 10:00:00,2018-01-20,10,core,core,2018-01-20 10:00:00,,no_representative_state,1,normal
000002934,2018-01-20 12:00:00,2018-01-20,12,core,core,2018-01-20 12:00:00,,multi_a_region,2,normal
000002934,2018-01-20 12:00:00,2018-01-20,12,near,near,2018-01-20 12:00:00,,multi_a_region,2,normal
000002934,2018-01-20 15:00:00,2018-01-20,15,core,core,2018-01-20 15:00:00,,no_representative_state,1,normal
000002934,2018-01-20 16:00:00,2018-01-20,16,core,core,2018-01-20 16:00:00,,no_representative_state,1,normal
000002934,2018-01-20 23:00:00,2018-01-20,23,core,core,2018-01-20 23:00:00,,no_representative_state,1,normal
000002934,2018-01-21 00:00:00,2018-01-21,0,core,core,2018-01-21 00:00:00,,no_representative_state,1,normal
000002934,2018-01-21 02:00:00,2018-01-21,2,core,core,2018-01-21 02:00:00,,no_representative_state,1,normal
000002934,2018-01-21 03:00:00,2018-01-21,3,core,core,2018-01-21 03:00:00,,multi_a_region,2,normal
000002934,2018-01-21 03:00:00,2018-01-21,3,near,near,2018-01-21 03:00:00,,multi_a_region,2,normal
000002934,2018-01-21 04:00:00,2018-01-21,4,near,near,2018-01-21 04:00:00,,no_representative_state,1,normal
000002934,2018-01-21 05:00:00,2018-01-21,5,near,near,2018-01-21 05:00:00,,no_representative_state,1,normal
000002934,2018-01-21 06:00:00,2018-01-21,6,core,core,2018-01-21 06:00:00,,multi_a_region,2,normal
000002934,2018-01-21 06:00:00,2018-01-21,6,near,near,2018-01-21 06:00:00,,multi_a_region,2,normal
000002934,2018-01-21 07:00:00,2018-01-21,7,core,core,2018-01-21 07:00:00,,no_representative_state,1,normal
000002934,2018-01-21 09:00:00,2018-01-21,9,core,core,2018-01-21 09:00:00,,no_representative_state,1,normal
000002934,2018-01-21 10:00:00,2018-01-21,10,core,core,2018-01-21 10:00:00,,multi_a_region,2,normal
000002934,2018-01-21 10:00:00,2018-01-21,10,near,near,2018-01-21 10:00:00,,multi_a_region,2,normal
000002934,2018-01-21 11:00:00,2018-01-21,11,core,core,2018-01-21 11:00:00,,no_representative_state,1,normal
000002934,2018-01-21 12:00:00,2018-01-21,12,core,core,2018-01-21 12:00:00,,no_representative_state,1,normal
000002934,2018-01-21 13:00:00,2018-01-21,13,core,core,2018-01-21 13:00:00,,no_representative_state,1,normal
000002934,2018-01-21 17:00:00,2018-01-21,17,core,core,2018-01-21 17:00:00,,multi_a_region,2,normal
000002934,2018-01-21 17:00:00,2018-01-21,17,near,near,2018-01-21 17:00:00,,multi_a_region,2,normal
000002934,2018-01-21 18:00:00,2018-01-21,18,core,core,2018-01-21 18:00:00,,multi_a_region,2,normal
000002934,2018-01-21 18:00:00,2018-01-21,18,near,near,2018-01-21 18:00:00,,multi_a_region,2,normal
000002934,2018-01-21 19:00:00,2018-01-21,19,core,core,2018-01-21 19:00:00,,no_representative_state,1,normal
000002934,2018-01-21 20:00:00,2018-01-21,20,core,core,2018-01-21 20:00:00,,multi_a_region,2,normal
000002934,2018-01-21 20:00:00,2018-01-21,20,near,near,2018-01-21 20:00:00,,multi_a_region,2,normal
000002934,2018-01-21 21:00:00,2018-01-21,21,near,near,2018-01-21 21:00:00,,no_representative_state,1,normal
000002934,2018-01-21 22:00:00,2018-01-21,22,near,near,2018-01-21 22:00:00,,no_representative_state,1,normal
000002934,2018-01-21 23:00:00,2018-01-21,23,core,core,2018-01-21 23:00:00,,multi_a_region,2,normal
000002934,2018-01-21 23:00:00,2018-01-21,23,near,near,2018-01-21 23:00:00,,multi_a_region,2,normal
000002934,2018-01-22 00:00:00,2018-01-22,0,core,core,2018-01-22 00:00:00,,multi_a_region,2,normal
000002934,2018-01-22 00:00:00,2018-01-22,0,near,near,2018-01-22 00:00:00,,multi_a_region,2,normal
000002934,2018-01-22 07:00:00,2018-01-22,7,core,core,2018-01-22 07:00:00,,no_representative_state,1,normal
000002934,2018-01-22 08:00:00,2018-01-22,8,core,core,2018-01-22 08:00:00,,no_representative_state,1,normal
000002934,2018-01-22 11:00:00,2018-01-22,11,core,core,2018-01-22 11:00:00,,no_representative_state,1,normal
000002934,2018-01-22 12:00:00,2018-01-22,12,core,core,2018-01-22 12:00:00,,multi_a_region,2,normal
000002934,2018-01-22 12:00:00,2018-01-22,12,near,near,2018-01-22 12:00:00,,multi_a_region,2,normal
000002934,2018-01-22 13:00:00,2018-01-22,13,core,core,2018-01-22 13:00:00,,no_representative_state,1,normal
000002934,2018-01-22 16:00:00,2018-01-22,16,core,core,2018-01-22 16:00:00,,multi_a_region,2,normal
000002934,2018-01-22 16:00:00,2018-01-22,16,near,near,2018-01-22 16:00:00,,multi_a_region,2,normal
000002934,2018-01-22 17:00:00,2018-01-22,17,near,near,2018-01-22 17:00:00,,no_representative_state,1,normal
000002934,2018-01-22 18:00:00,2018-01-22,18,core,core,2018-01-22 18:00:00,,multi_a_region,2,normal
000002934,2018-01-22 18:00:00,2018-01-22,18,near,near,2018-01-22 18:00:00,,multi_a_region,2,normal
000002934,2018-01-22 19:00:00,2018-01-22,19,core,core,2018-01-22 19:00:00,,no_representative_state,1,normal
000002934,2018-01-22 22:00:00,2018-01-22,22,core,core,2018-01-22 22:00:00,,no_representative_state,1,normal
000002934,2018-01-22 23:00:00,2018-01-22,23,core,core,2018-01-22 23:00:00,,no_representative_state,1,normal
000002934,2018-01-23 02:00:00,2018-01-23,2,core,core,2018-01-23 02:00:00,,no_representative_state,1,normal
000002934,2018-01-23 03:00:00,2018-01-23,3,core,core,2018-01-23 03:00:00,,no_representative_state,1,normal
000002934,2018-01-23 06:00:00,2018-01-23,6,core,core,2018-01-23 06:00:00,,multi_a_region,2,normal
000002934,2018-01-23 06:00:00,2018-01-23,6,near,near,2018-01-23 06:00:00,,multi_a_region,2,normal
000002934,2018-01-23 07:00:00,2018-01-23,7,core,core,2018-01-23 07:00:00,,multi_a_region,2,normal
000002934,2018-01-23 07:00:00,2018-01-23,7,near,near,2018-01-23 07:00:00,,multi_a_region,2,normal
000002934,2018-01-23 08:00:00,2018-01-23,8,core,core,2018-01-23 08:00:00,,no_representative_state,1,normal
000002934,2018-01-23 10:00:00,2018-01-23,10,core,core,2018-01-23 10:00:00,,no_representative_state,1,normal
000002934,2018-01-23 11:00:00,2018-01-23,11,core,core,2018-01-23 11:00:00,,no_representative_state,1,normal
000002934,2018-01-23 12:00:00,2018-01-23,12,core,core,2018-01-23 12:00:00,,no_representative_state,1,normal
000002934,2018-01-23 14:00:00,2018-01-23,14,core,core,2018-01-23 14:00:00,,no_representative_state,1,normal
000002934,2018-01-23 15:00:00,2018-01-23,15,core,core,2018-01-23 15:00:00,,multi_a_region,2,normal
000002934,2018-01-23 15:00:00,2018-01-23,15,near,near,2018-01-23 15:00:00,,multi_a_region,2,normal
000002934,2018-01-23 18:00:00,2018-01-23,18,core,core,2018-01-23 18:00:00,,multi_a_region,2,normal
000002934,2018-01-23 18:00:00,2018-01-23,18,near,near,2018-01-23 18:00:00,,multi_a_region,2,normal
000002934,2018-01-23 19:00:00,2018-01-23,19,core,core,2018-01-23 19:00:00,,multi_a_region,2,normal
000002934,2018-01-23 19:00:00,2018-01-23,19,near,near,2018-01-23 19:00:00,,multi_a_region,2,normal
000002934,2018-01-23 20:00:00,2018-01-23,20,near,near,2018-01-23 20:00:00,,no_representative_state,1,normal
000002934,2018-01-23 21:00:00,2018-01-23,21,core,core,2018-01-23 21:00:00,,multi_a_region,2,normal
000002934,2018-01-23 21:00:00,2018-01-23,21,near,near,2018-01-23 21:00:00,,multi_a_region,2,normal
000002934,2018-01-24 00:00:00,2018-01-24,0,core,core,2018-01-24 00:00:00,,multi_a_region,2,normal
000002934,2018-01-24 00:00:00,2018-01-24,0,near,near,2018-01-24 00:00:00,,multi_a_region,2,normal
000002934,2018-01-24 01:00:00,2018-01-24,1,core,core,2018-01-24 01:00:00,,no_representative_state,1,normal
000002934,2018-01-24 03:00:00,2018-01-24,3,core,core,2018-01-24 03:00:00,,no_representative_state,1,normal
000002934,2018-01-24 04:00:00,2018-01-24,4,core,core,2018-01-24 04:00:00,,no_representative_state,1,normal
000002934,2018-01-24 07:00:00,2018-01-24,7,core,core,2018-01-24 07:00:00,,no_representative_state,1,normal
000002934,2018-01-24 08:00:00,2018-01-24,8,core,core,2018-01-24 08:00:00,,no_representative_state,1,normal
000002934,2018-01-24 11:00:00,2018-01-24,11,core,core,2018-01-24 11:00:00,,multi_a_region,2,normal
000002934,2018-01-24 11:00:00,2018-01-24,11,near,near,2018-01-24 11:00:00,,multi_a_region,2,normal
000002934,2018-01-24 12:00:00,2018-01-24,12,core,core,2018-01-24 12:00:00,,no_representative_state,1,normal
000002934,2018-01-24 13:00:00,2018-01-24,13,core,core,2018-01-24 13:00:00,,no_representative_state,1,normal
000002934,2018-01-24 15:00:00,2018-01-24,15,core,core,2018-01-24 15:00:00,,no_representative_state,1,normal
000002934,2018-01-24 16:00:00,2018-01-24,16,core,core,2018-01-24 16:00:00,,multi_a_region,2,normal
000002934,2018-01-24 16:00:00,2018-01-24,16,near,near,2018-01-24 16:00:00,,multi_a_region,2,normal
000002934,2018-01-24 19:00:00,2018-01-24,19,core,core,2018-01-24 19:00:00,,multi_a_region,2,normal
000002934,2018-01-24 19:00:00,2018-01-24,19,near,near,2018-01-24 19:00:00,,multi_a_region,2,normal
000002934,2018-01-24 20:00:00,2018-01-24,20,core,core,2018-01-24 20:00:00,,multi_a_region,2,normal
000002934,2018-01-24 20:00:00,2018-01-24,20,near,near,2018-01-24 20:00:00,,multi_a_region,2,normal
000002934,2018-01-24 21:00:00,2018-01-24,21,core,core,2018-01-24 21:00:00,,no_representative_state,1,normal
000002976,2018-01-02 15:00:00,2018-01-02,15,near,near,2018-01-02 15:00:00,,no_representative_state,1,normal
000002976,2018-01-02 16:00:00,2018-01-02,16,core,core,2018-01-02 16:00:00,,no_representative_state,1,normal
000002976,2018-01-02 22:00:00,2018-01-02,22,core,core,2018-01-02 22:00:00,,no_representative_state,1,normal
000002976,2018-01-05 09:00:00,2018-01-05,9,near,near,2018-01-05 09:00:00,,no_representative_state,1,normal
000002976,2018-01-05 10:00:00,2018-01-05,10,outer,outer,2018-01-05 10:00:00,,no_representative_state,1,normal
000002976,2018-01-05 15:00:00,2018-01-05,15,outer,outer,2018-01-05 15:00:00,,no_representative_state,1,normal
000002976,2018-01-06 15:00:00,2018-01-06,15,near,near,2018-01-06 15:00:00,,no_representative_state,1,normal
000002976,2018-01-07 09:00:00,2018-01-07,9,core,core,2018-01-07 09:00:00,,multi_a_region,2,normal
000002976,2018-01-07 09:00:00,2018-01-07,9,near,near,2018-01-07 09:00:00,,multi_a_region,2,normal
000002976,2018-01-10 10:00:00,2018-01-10,10,core,core,2018-01-10 10:00:00,,multi_a_region,2,normal
000002976,2018-01-10 10:00:00,2018-01-10,10,near,near,2018-01-10 10:00:00,,multi_a_region,2,normal
000002976,2018-01-12 19:00:00,2018-01-12,19,core,core,2018-01-12 19:00:00,,no_representative_state,1,reduced
000002976,2018-01-13 17:00:00,2018-01-13,17,core,core,2018-01-13 17:00:00,,multi_a_region,2,outage
000002976,2018-01-13 17:00:00,2018-01-13,17,near,near,2018-01-13 17:00:00,,multi_a_region,2,outage
000002976,2018-01-16 10:00:00,2018-01-16,10,outer,outer,2018-01-16 10:00:00,,no_representative_state,1,outage
000002976,2018-01-16 12:00:00,2018-01-16,12,outer,outer,2018-01-16 12:00:00,,no_representative_state,1,outage
000002976,2018-01-18 12:00:00,2018-01-18,12,outer,outer,2018-01-18 12:00:00,,no_representative_state,1,severe
000002976,2018-01-18 15:00:00,2018-01-18,15,near,near,2018-01-18 15:00:00,,multi_a_region,2,severe
000002976,2018-01-18 15:00:00,2018-01-18,15,outer,outer,2018-01-18 15:00:00,,multi_a_region,2,severe
000002976,2018-01-23 08:00:00,2018-01-23,8,near,near,2018-01-23 08:00:00,,no_representative_state,1,normal
000002976,2018-01-23 09:00:00,2018-01-23,9,core,core,2018-01-23 09:00:00,,no_representative_state,1,normal
000002976,2018-01-24 08:00:00,2018-01-24,8,core,core,2018-01-24 08:00:00,,no_representative_state,1,normal
000002976,2018-01-24 13:00:00,2018-01-24,13,near,near,2018-01-24 13:00:00,,no_representative_state,1,normal
000002986,2018-01-02 08:00:00,2018-01-02,8,near,near,2018-01-02 08:00:00,,no_representative_state,1,normal
000002986,2018-01-02 09:00:00,2018-01-02,9,core,core,2018-01-02 09:00:00,,multi_a_region,3,normal
000002986,2018-01-02 09:00:00,2018-01-02,9,near,near,2018-01-02 09:00:00,,multi_a_region,3,normal
000002986,2018-01-02 09:00:00,2018-01-02,9,outer,outer,2018-01-02 09:00:00,,multi_a_region,3,normal
000002986,2018-01-02 10:00:00,2018-01-02,10,outer,outer,2018-01-02 10:00:00,,no_representative_state,1,normal
000002986,2018-01-02 11:00:00,2018-01-02,11,outer,outer,2018-01-02 11:00:00,,no_representative_state,1,normal
000002986,2018-01-02 12:00:00,2018-01-02,12,outer,outer,2018-01-02 12:00:00,,no_representative_state,1,normal
000002986,2018-01-02 13:00:00,2018-01-02,13,outer,outer,2018-01-02 13:00:00,,no_representative_state,1,normal
000002986,2018-01-02 14:00:00,2018-01-02,14,near,near,2018-01-02 14:00:00,,multi_a_region,2,normal
000002986,2018-01-02 14:00:00,2018-01-02,14,outer,outer,2018-01-02 14:00:00,,multi_a_region,2,normal
000002986,2018-01-02 15:00:00,2018-01-02,15,core,core,2018-01-02 15:00:00,,no_representative_state,1,normal
000002986,2018-01-05 09:00:00,2018-01-05,9,near,near,2018-01-05 09:00:00,,no_representative_state,1,normal
000002986,2018-01-05 10:00:00,2018-01-05,10,core,core,2018-01-05 10:00:00,,no_representative_state,1,normal
000002986,2018-01-05 12:00:00,2018-01-05,12,core,core,2018-01-05 12:00:00,,no_representative_state,1,normal
000002986,2018-01-05 13:00:00,2018-01-05,13,near,near,2018-01-05 13:00:00,,no_representative_state,1,normal
000002986,2018-01-07 13:00:00,2018-01-07,13,core,core,2018-01-07 13:00:00,,no_representative_state,1,normal
000002986,2018-01-08 13:00:00,2018-01-08,13,core,core,2018-01-08 13:00:00,,no_representative_state,1,normal
000002986,2018-01-09 09:00:00,2018-01-09,9,core,core,2018-01-09 09:00:00,,no_representative_state,1,normal
000002986,2018-01-09 11:00:00,2018-01-09,11,core,core,2018-01-09 11:00:00,,multi_a_region,2,normal
000002986,2018-01-09 11:00:00,2018-01-09,11,near,near,2018-01-09 11:00:00,,multi_a_region,2,normal
000002986,2018-01-11 13:00:00,2018-01-11,13,core,core,2018-01-11 13:00:00,,no_representative_state,1,normal
000002986,2018-01-11 15:00:00,2018-01-11,15,core,core,2018-01-11 15:00:00,,no_representative_state,1,normal
000002986,2018-01-12 10:00:00,2018-01-12,10,outer,outer,2018-01-12 10:00:00,,no_representative_state,1,reduced
000002986,2018-01-12 11:00:00,2018-01-12,11,outer,outer,2018-01-12 11:00:00,,no_representative_state,1,reduced
000002986,2018-01-12 12:00:00,2018-01-12,12,near,near,2018-01-12 12:00:00,,multi_a_region,2,reduced
000002986,2018-01-12 12:00:00,2018-01-12,12,outer,outer,2018-01-12 12:00:00,,multi_a_region,2,reduced
000002986,2018-01-12 13:00:00,2018-01-12,13,near,near,2018-01-12 13:00:00,,no_representative_state,1,reduced
000002986,2018-01-13 08:00:00,2018-01-13,8,near,near,2018-01-13 08:00:00,,no_representative_state,1,outage
000002986,2018-01-13 12:00:00,2018-01-13,12,core,core,2018-01-13 12:00:00,,no_representative_state,1,outage
000002986,2018-01-13 13:00:00,2018-01-13,13,near,near,2018-01-13 13:00:00,,no_representative_state,1,outage
000002986,2018-01-16 19:00:00,2018-01-16,19,near,near,2018-01-16 19:00:00,,no_representative_state,1,outage
000002986,2018-01-16 20:00:00,2018-01-16,20,near,near,2018-01-16 20:00:00,,no_representative_state,1,outage
000002986,2018-01-18 09:00:00,2018-01-18,9,near,near,2018-01-18 09:00:00,,multi_a_region,2,severe
000002986,2018-01-18 09:00:00,2018-01-18,9,outer,outer,2018-01-18 09:00:00,,multi_a_region,2,severe
000002986,2018-01-18 10:00:00,2018-01-18,10,outer,outer,2018-01-18 10:00:00,,no_representative_state,1,severe
000002986,2018-01-18 11:00:00,2018-01-18,11,outer,outer,2018-01-18 11:00:00,,no_representative_state,1,severe
000002986,2018-01-19 10:00:00,2018-01-19,10,near,near,2018-01-19 10:00:00,,no_representative_state,1,normal
000002986,2018-01-19 11:00:00,2018-01-19,11,near,near,2018-01-19 11:00:00,,multi_a_region,2,normal
000002986,2018-01-19 11:00:00,2018-01-19,11,outer,outer,2018-01-19 11:00:00,,multi_a_region,2,normal
000002986,2018-01-19 12:00:00,2018-01-19,12,outer,outer,2018-01-19 12:00:00,,no_representative_state,1,normal
000002986,2018-01-19 18:00:00,2018-01-19,18,outer,outer,2018-01-19 18:00:00,,no_representative_state,1,normal
000002986,2018-01-19 19:00:00,2018-01-19,19,core,core,2018-01-19 19:00:00,,multi_a_region,2,normal
000002986,2018-01-19 19:00:00,2018-01-19,19,near,near,2018-01-19 19:00:00,,multi_a_region,2,normal
000002986,2018-01-21 21:00:00,2018-01-21,21,core,core,2018-01-21 21:00:00,,multi_a_region,2,normal
000002986,2018-01-21 21:00:00,2018-01-21,21,near,near,2018-01-21 21:00:00,,multi_a_region,2,normal
000002986,2018-01-21 22:00:00,2018-01-21,22,near,near,2018-01-21 22:00:00,,no_representative_state,1,normal
000002986,2018-01-22 09:00:00,2018-01-22,9,outer,outer,2018-01-22 09:00:00,,no_representative_state,1,normal
000002986,2018-01-22 13:00:00,2018-01-22,13,near,near,2018-01-22 13:00:00,,no_representative_state,1,normal
000002986,2018-01-23 15:00:00,2018-01-23,15,core,core,2018-01-23 15:00:00,,multi_a_region,2,normal
000002986,2018-01-23 15:00:00,2018-01-23,15,near,near,2018-01-23 15:00:00,,multi_a_region,2,normal
000002986,2018-01-23 17:00:00,2018-01-23,17,core,core,2018-01-23 17:00:00,,no_representative_state,1,normal
000002986,2018-01-24 09:00:00,2018-01-24,9,core,core,2018-01-24 09:00:00,,multi_a_region,3,normal
000002986,2018-01-24 09:00:00,2018-01-24,9,near,near,2018-01-24 09:00:00,,multi_a_region,3,normal
000002986,2018-01-24 09:00:00,2018-01-24,9,outer,outer,2018-01-24 09:00:00,,multi_a_region,3,normal
000002986,2018-01-24 10:00:00,2018-01-24,10,outer,outer,2018-01-24 10:00:00,,no_representative_state,1,normal
000002986,2018-01-24 11:00:00,2018-01-24,11,outer,outer,2018-01-24 11:00:00,,no_representative_state,1,normal
000002986,2018-01-24 12:00:00,2018-01-24,12,core,core,2018-01-24 12:00:00,,multi_a_region,2,normal
000002986,2018-01-24 12:00:00,2018-01-24,12,near,near,2018-01-24 12:00:00,,multi_a_region,2,normal
000002986,2018-01-24 13:00:00,2018-01-24,13,near,near,2018-01-24 13:00:00,,no_representative_state,1,normal
000003017,2018-01-01 03:00:00,2018-01-01,3,core,core,2018-01-01 03:00:00,,no_representative_state,1,normal
000003017,2018-01-01 06:00:00,2018-01-01,6,core,core,2018-01-01 06:00:00,,multi_a_region,2,normal
000003017,2018-01-01 06:00:00,2018-01-01,6,near,near,2018-01-01 06:00:00,,multi_a_region,2,normal
000003017,2018-01-01 07:00:00,2018-01-01,7,near,near,2018-01-01 07:00:00,,no_representative_state,1,normal
000003017,2018-01-01 08:00:00,2018-01-01,8,core,core,2018-01-01 08:00:00,,multi_a_region,2,normal
000003017,2018-01-01 08:00:00,2018-01-01,8,near,near,2018-01-01 08:00:00,,multi_a_region,2,normal
000003017,2018-01-01 11:00:00,2018-01-01,11,core,core,2018-01-01 11:00:00,,multi_a_region,2,normal
000003017,2018-01-01 11:00:00,2018-01-01,11,near,near,2018-01-01 11:00:00,,multi_a_region,2,normal
000003017,2018-01-01 12:00:00,2018-01-01,12,core,core,2018-01-01 12:00:00,,multi_a_region,2,normal
000003017,2018-01-01 12:00:00,2018-01-01,12,near,near,2018-01-01 12:00:00,,multi_a_region,2,normal
000003017,2018-01-01 15:00:00,2018-01-01,15,core,core,2018-01-01 15:00:00,,no_representative_state,1,normal
000003017,2018-01-01 16:00:00,2018-01-01,16,core,core,2018-01-01 16:00:00,,no_representative_state,1,normal
000003017,2018-01-01 17:00:00,2018-01-01,17,core,core,2018-01-01 17:00:00,,no_representative_state,1,normal
000003017,2018-01-01 18:00:00,2018-01-01,18,core,core,2018-01-01 18:00:00,,no_representative_state,1,normal
000003017,2018-01-01 19:00:00,2018-01-01,19,core,core,2018-01-01 19:00:00,,no_representative_state,1,normal
000003017,2018-01-01 20:00:00,2018-01-01,20,core,core,2018-01-01 20:00:00,,no_representative_state,1,normal
000003017,2018-01-01 23:00:00,2018-01-01,23,core,core,2018-01-01 23:00:00,,no_representative_state,1,normal
000003017,2018-01-02 03:00:00,2018-01-02,3,core,core,2018-01-02 03:00:00,,no_representative_state,1,normal
000003017,2018-01-02 04:00:00,2018-01-02,4,core,core,2018-01-02 04:00:00,,no_representative_state,1,normal
000003017,2018-01-02 05:00:00,2018-01-02,5,core,core,2018-01-02 05:00:00,,no_representative_state,1,normal
000003017,2018-01-02 06:00:00,2018-01-02,6,core,core,2018-01-02 06:00:00,,multi_a_region,2,normal
000003017,2018-01-02 06:00:00,2018-01-02,6,near,near,2018-01-02 06:00:00,,multi_a_region,2,normal
000003017,2018-01-02 07:00:00,2018-01-02,7,core,core,2018-01-02 07:00:00,,multi_a_region,2,normal
000003017,2018-01-02 07:00:00,2018-01-02,7,near,near,2018-01-02 07:00:00,,multi_a_region,2,normal
000003017,2018-01-02 08:00:00,2018-01-02,8,core,core,2018-01-02 08:00:00,,no_representative_state,1,normal
000003017,2018-01-02 11:00:00,2018-01-02,11,core,core,2018-01-02 11:00:00,,no_representative_state,1,normal
000003017,2018-01-02 12:00:00,2018-01-02,12,core,core,2018-01-02 12:00:00,,no_representative_state,1,normal
000003017,2018-01-02 13:00:00,2018-01-02,13,core,core,2018-01-02 13:00:00,,no_representative_state,1,normal
000003017,2018-01-02 14:00:00,2018-01-02,14,core,core,2018-01-02 14:00:00,,no_representative_state,1,normal
000003017,2018-01-02 15:00:00,2018-01-02,15,core,core,2018-01-02 15:00:00,,no_representative_state,1,normal
000003017,2018-01-02 16:00:00,2018-01-02,16,core,core,2018-01-02 16:00:00,,no_representative_state,1,normal
000003017,2018-01-02 19:00:00,2018-01-02,19,core,core,2018-01-02 19:00:00,,multi_a_region,2,normal
000003017,2018-01-02 19:00:00,2018-01-02,19,near,near,2018-01-02 19:00:00,,multi_a_region,2,normal
000003017,2018-01-02 20:00:00,2018-01-02,20,core,core,2018-01-02 20:00:00,,no_representative_state,1,normal
000003017,2018-01-03 06:00:00,2018-01-03,6,core,core,2018-01-03 06:00:00,,no_representative_state,1,normal
000003017,2018-01-03 07:00:00,2018-01-03,7,core,core,2018-01-03 07:00:00,,multi_a_region,2,normal
000003017,2018-01-03 07:00:00,2018-01-03,7,near,near,2018-01-03 07:00:00,,multi_a_region,2,normal
000003017,2018-01-03 08:00:00,2018-01-03,8,near,near,2018-01-03 08:00:00,,no_representative_state,1,normal
000003017,2018-01-06 19:00:00,2018-01-06,19,core,core,2018-01-06 19:00:00,,multi_a_region,2,normal
000003017,2018-01-06 19:00:00,2018-01-06,19,near,near,2018-01-06 19:00:00,,multi_a_region,2,normal
000003017,2018-01-06 20:00:00,2018-01-06,20,near,near,2018-01-06 20:00:00,,no_representative_state,1,normal
000003017,2018-01-07 09:00:00,2018-01-07,9,core,core,2018-01-07 09:00:00,,multi_a_region,2,normal
000003017,2018-01-07 09:00:00,2018-01-07,9,near,near,2018-01-07 09:00:00,,multi_a_region,2,normal
000003017,2018-01-07 10:00:00,2018-01-07,10,core,core,2018-01-07 10:00:00,,no_representative_state,1,normal
000003017,2018-01-07 11:00:00,2018-01-07,11,core,core,2018-01-07 11:00:00,,no_representative_state,1,normal
000003017,2018-01-07 12:00:00,2018-01-07,12,core,core,2018-01-07 12:00:00,,no_representative_state,1,normal
000003017,2018-01-07 16:00:00,2018-01-07,16,core,core,2018-01-07 16:00:00,,multi_a_region,2,normal
000003017,2018-01-07 16:00:00,2018-01-07,16,near,near,2018-01-07 16:00:00,,multi_a_region,2,normal
000003017,2018-01-07 17:00:00,2018-01-07,17,near,near,2018-01-07 17:00:00,,no_representative_state,1,normal
000003017,2018-01-07 18:00:00,2018-01-07,18,near,near,2018-01-07 18:00:00,,no_representative_state,1,normal
000003017,2018-01-07 20:00:00,2018-01-07,20,core,core,2018-01-07 20:00:00,,multi_a_region,2,normal
000003017,2018-01-07 20:00:00,2018-01-07,20,near,near,2018-01-07 20:00:00,,multi_a_region,2,normal
000003017,2018-01-07 23:00:00,2018-01-07,23,core,core,2018-01-07 23:00:00,,multi_a_region,2,normal
000003017,2018-01-07 23:00:00,2018-01-07,23,near,near,2018-01-07 23:00:00,,multi_a_region,2,normal
000003017,2018-01-08 03:00:00,2018-01-08,3,core,core,2018-01-08 03:00:00,,no_representative_state,1,normal
000003017,2018-01-08 04:00:00,2018-01-08,4,core,core,2018-01-08 04:00:00,,no_representative_state,1,normal
000003017,2018-01-08 06:00:00,2018-01-08,6,core,core,2018-01-08 06:00:00,,no_representative_state,1,normal
000003017,2018-01-08 07:00:00,2018-01-08,7,core,core,2018-01-08 07:00:00,,no_representative_state,1,normal
000003017,2018-01-08 08:00:00,2018-01-08,8,core,core,2018-01-08 08:00:00,,no_representative_state,1,normal
000003017,2018-01-08 10:00:00,2018-01-08,10,core,core,2018-01-08 10:00:00,,no_representative_state,1,normal
000003017,2018-01-08 11:00:00,2018-01-08,11,core,core,2018-01-08 11:00:00,,multi_a_region,2,normal
000003017,2018-01-08 11:00:00,2018-01-08,11,near,near,2018-01-08 11:00:00,,multi_a_region,2,normal
000003017,2018-01-08 12:00:00,2018-01-08,12,core,core,2018-01-08 12:00:00,,no_representative_state,1,normal
000003017,2018-01-08 15:00:00,2018-01-08,15,core,core,2018-01-08 15:00:00,,no_representative_state,1,normal
000003017,2018-01-08 16:00:00,2018-01-08,16,core,core,2018-01-08 16:00:00,,no_representative_state,1,normal
000003017,2018-01-08 18:00:00,2018-01-08,18,core,core,2018-01-08 18:00:00,,no_representative_state,1,normal
000003017,2018-01-08 19:00:00,2018-01-08,19,core,core,2018-01-08 19:00:00,,no_representative_state,1,normal
000003017,2018-01-08 20:00:00,2018-01-08,20,core,core,2018-01-08 20:00:00,,no_representative_state,1,normal
000003017,2018-01-08 23:00:00,2018-01-08,23,core,core,2018-01-08 23:00:00,,multi_a_region,2,normal
000003017,2018-01-08 23:00:00,2018-01-08,23,near,near,2018-01-08 23:00:00,,multi_a_region,2,normal
000003017,2018-01-09 00:00:00,2018-01-09,0,core,core,2018-01-09 00:00:00,,multi_a_region,2,normal
000003017,2018-01-09 00:00:00,2018-01-09,0,near,near,2018-01-09 00:00:00,,multi_a_region,2,normal
000003017,2018-01-09 01:00:00,2018-01-09,1,core,core,2018-01-09 01:00:00,,no_representative_state,1,normal
000003017,2018-01-09 04:00:00,2018-01-09,4,core,core,2018-01-09 04:00:00,,no_representative_state,1,normal
000003017,2018-01-09 06:00:00,2018-01-09,6,core,core,2018-01-09 06:00:00,,no_representative_state,1,normal
000003017,2018-01-09 07:00:00,2018-01-09,7,near,near,2018-01-09 07:00:00,,multi_a_region,2,normal
000003017,2018-01-09 07:00:00,2018-01-09,7,outer,outer,2018-01-09 07:00:00,,multi_a_region,2,normal
000003017,2018-01-09 08:00:00,2018-01-09,8,outer,outer,2018-01-09 08:00:00,,no_representative_state,1,normal
000003017,2018-01-09 09:00:00,2018-01-09,9,near,near,2018-01-09 09:00:00,,multi_a_region,2,normal
000003017,2018-01-09 09:00:00,2018-01-09,9,outer,outer,2018-01-09 09:00:00,,multi_a_region,2,normal
000003017,2018-01-09 10:00:00,2018-01-09,10,near,near,2018-01-09 10:00:00,,no_representative_state,1,normal
000003017,2018-01-09 11:00:00,2018-01-09,11,near,near,2018-01-09 11:00:00,,no_representative_state,1,normal
000003017,2018-01-09 12:00:00,2018-01-09,12,core,core,2018-01-09 12:00:00,,multi_a_region,2,normal
000003017,2018-01-09 12:00:00,2018-01-09,12,near,near,2018-01-09 12:00:00,,multi_a_region,2,normal
000003017,2018-01-09 15:00:00,2018-01-09,15,core,core,2018-01-09 15:00:00,,multi_a_region,2,normal
000003017,2018-01-09 15:00:00,2018-01-09,15,near,near,2018-01-09 15:00:00,,multi_a_region,2,normal
000003017,2018-01-09 16:00:00,2018-01-09,16,core,core,2018-01-09 16:00:00,,multi_a_region,2,normal
000003017,2018-01-09 16:00:00,2018-01-09,16,near,near,2018-01-09 16:00:00,,multi_a_region,2,normal
000003017,2018-01-09 17:00:00,2018-01-09,17,core,core,2018-01-09 17:00:00,,no_representative_state,1,normal
000003017,2018-01-09 18:00:00,2018-01-09,18,core,core,2018-01-09 18:00:00,,no_representative_state,1,normal
000003017,2018-01-09 19:00:00,2018-01-09,19,core,core,2018-01-09 19:00:00,,no_representative_state,1,normal
000003017,2018-01-09 20:00:00,2018-01-09,20,core,core,2018-01-09 20:00:00,,no_representative_state,1,normal
000003017,2018-01-10 02:00:00,2018-01-10,2,core,core,2018-01-10 02:00:00,,no_representative_state,1,normal
000003017,2018-01-10 03:00:00,2018-01-10,3,core,core,2018-01-10 03:00:00,,no_representative_state,1,normal
000003017,2018-01-10 04:00:00,2018-01-10,4,core,core,2018-01-10 04:00:00,,no_representative_state,1,normal
000003017,2018-01-10 07:00:00,2018-01-10,7,near,near,2018-01-10 07:00:00,,no_representative_state,1,normal
000003017,2018-01-10 08:00:00,2018-01-10,8,near,near,2018-01-10 08:00:00,,no_representative_state,1,normal
000003017,2018-01-10 10:00:00,2018-01-10,10,near,near,2018-01-10 10:00:00,,no_representative_state,1,normal
000003017,2018-01-10 11:00:00,2018-01-10,11,core,core,2018-01-10 11:00:00,,multi_a_region,2,normal
000003017,2018-01-10 11:00:00,2018-01-10,11,near,near,2018-01-10 11:00:00,,multi_a_region,2,normal
000003017,2018-01-10 12:00:00,2018-01-10,12,near,near,2018-01-10 12:00:00,,no_representative_state,1,normal
000003017,2018-01-10 13:00:00,2018-01-10,13,core,core,2018-01-10 13:00:00,,no_representative_state,1,normal
000003017,2018-01-10 14:00:00,2018-01-10,14,core,core,2018-01-10 14:00:00,,no_representative_state,1,normal
000003017,2018-01-10 15:00:00,2018-01-10,15,core,core,2018-01-10 15:00:00,,no_representative_state,1,normal
000003017,2018-01-10 19:00:00,2018-01-10,19,core,core,2018-01-10 19:00:00,,multi_a_region,2,normal
000003017,2018-01-10 19:00:00,2018-01-10,19,near,near,2018-01-10 19:00:00,,multi_a_region,2,normal
000003017,2018-01-10 20:00:00,2018-01-10,20,core,core,2018-01-10 20:00:00,,no_representative_state,1,normal
000003017,2018-01-10 23:00:00,2018-01-10,23,core,core,2018-01-10 23:00:00,,no_representative_state,1,normal
000003017,2018-01-11 00:00:00,2018-01-11,0,near,near,2018-01-11 00:00:00,,no_representative_state,1,normal
000003017,2018-01-11 01:00:00,2018-01-11,1,core,core,2018-01-11 01:00:00,,no_representative_state,1,normal
000003017,2018-01-11 06:00:00,2018-01-11,6,core,core,2018-01-11 06:00:00,,no_representative_state,1,normal
000003017,2018-01-11 07:00:00,2018-01-11,7,core,core,2018-01-11 07:00:00,,multi_a_region,3,normal
000003017,2018-01-11 07:00:00,2018-01-11,7,near,near,2018-01-11 07:00:00,,multi_a_region,3,normal
000003017,2018-01-11 07:00:00,2018-01-11,7,outer,outer,2018-01-11 07:00:00,,multi_a_region,3,normal
000003017,2018-01-11 08:00:00,2018-01-11,8,outer,outer,2018-01-11 08:00:00,,no_representative_state,1,normal
000003017,2018-01-11 10:00:00,2018-01-11,10,outer,outer,2018-01-11 10:00:00,,no_representative_state,1,normal
000003017,2018-01-11 12:00:00,2018-01-11,12,near,near,2018-01-11 12:00:00,,no_representative_state,1,normal
000003017,2018-01-11 13:00:00,2018-01-11,13,outer,outer,2018-01-11 13:00:00,,no_representative_state,1,normal
000003017,2018-01-11 14:00:00,2018-01-11,14,core,core,2018-01-11 14:00:00,,no_representative_state,1,normal
000003017,2018-01-11 15:00:00,2018-01-11,15,core,core,2018-01-11 15:00:00,,multi_a_region,2,normal
000003017,2018-01-11 15:00:00,2018-01-11,15,near,near,2018-01-11 15:00:00,,multi_a_region,2,normal
000003017,2018-01-11 16:00:00,2018-01-11,16,near,near,2018-01-11 16:00:00,,no_representative_state,1,normal
000003017,2018-01-11 17:00:00,2018-01-11,17,core,core,2018-01-11 17:00:00,,multi_a_region,2,normal
000003017,2018-01-11 17:00:00,2018-01-11,17,near,near,2018-01-11 17:00:00,,multi_a_region,2,normal
000003017,2018-01-11 18:00:00,2018-01-11,18,core,core,2018-01-11 18:00:00,,no_representative_state,1,normal
000003017,2018-01-11 19:00:00,2018-01-11,19,core,core,2018-01-11 19:00:00,,no_representative_state,1,normal
000003017,2018-01-11 20:00:00,2018-01-11,20,core,core,2018-01-11 20:00:00,,no_representative_state,1,normal
000003017,2018-01-11 23:00:00,2018-01-11,23,core,core,2018-01-11 23:00:00,,no_representative_state,1,normal
000003017,2018-01-12 00:00:00,2018-01-12,0,core,core,2018-01-12 00:00:00,,no_representative_state,1,reduced
000003017,2018-01-12 02:00:00,2018-01-12,2,core,core,2018-01-12 02:00:00,,no_representative_state,1,reduced
000003017,2018-01-12 03:00:00,2018-01-12,3,core,core,2018-01-12 03:00:00,,no_representative_state,1,reduced
000003017,2018-01-12 04:00:00,2018-01-12,4,core,core,2018-01-12 04:00:00,,multi_a_region,2,reduced
000003017,2018-01-12 04:00:00,2018-01-12,4,near,near,2018-01-12 04:00:00,,multi_a_region,2,reduced
000003017,2018-01-12 06:00:00,2018-01-12,6,core,core,2018-01-12 06:00:00,,no_representative_state,1,reduced
000003017,2018-01-12 07:00:00,2018-01-12,7,core,core,2018-01-12 07:00:00,,no_representative_state,1,reduced
000003017,2018-01-12 10:00:00,2018-01-12,10,core,core,2018-01-12 10:00:00,,no_representative_state,1,reduced
000003017,2018-01-12 11:00:00,2018-01-12,11,core,core,2018-01-12 11:00:00,,no_representative_state,1,reduced
000003017,2018-01-12 12:00:00,2018-01-12,12,core,core,2018-01-12 12:00:00,,no_representative_state,1,reduced
000003017,2018-01-12 14:00:00,2018-01-12,14,core,core,2018-01-12 14:00:00,,no_representative_state,1,reduced
000003017,2018-01-12 16:00:00,2018-01-12,16,core,core,2018-01-12 16:00:00,,multi_a_region,2,reduced
000003017,2018-01-12 16:00:00,2018-01-12,16,near,near,2018-01-12 16:00:00,,multi_a_region,2,reduced
000003017,2018-01-12 20:00:00,2018-01-12,20,core,core,2018-01-12 20:00:00,,no_representative_state,1,reduced
000003017,2018-01-12 21:00:00,2018-01-12,21,core,core,2018-01-12 21:00:00,,no_representative_state,1,reduced
000003017,2018-01-13 03:00:00,2018-01-13,3,core,core,2018-01-13 03:00:00,,no_representative_state,1,outage
000003017,2018-01-13 06:00:00,2018-01-13,6,core,core,2018-01-13 06:00:00,,no_representative_state,1,outage
000003017,2018-01-13 07:00:00,2018-01-13,7,outer,outer,2018-01-13 07:00:00,,no_representative_state,1,outage
000003017,2018-01-13 08:00:00,2018-01-13,8,near,near,2018-01-13 08:00:00,,no_representative_state,1,outage
000003017,2018-01-13 09:00:00,2018-01-13,9,outer,outer,2018-01-13 09:00:00,,no_representative_state,1,outage
000003017,2018-01-13 10:00:00,2018-01-13,10,core,core,2018-01-13 10:00:00,,no_representative_state,1,outage
000003017,2018-01-13 11:00:00,2018-01-13,11,core,core,2018-01-13 11:00:00,,multi_a_region,2,outage
000003017,2018-01-13 11:00:00,2018-01-13,11,near,near,2018-01-13 11:00:00,,multi_a_region,2,outage
000003017,2018-01-13 15:00:00,2018-01-13,15,near,near,2018-01-13 15:00:00,,no_representative_state,1,outage
000003017,2018-01-13 16:00:00,2018-01-13,16,near,near,2018-01-13 16:00:00,,no_representative_state,1,outage
000003017,2018-01-13 18:00:00,2018-01-13,18,core,core,2018-01-13 18:00:00,,no_representative_state,1,outage
000003017,2018-01-13 23:00:00,2018-01-13,23,core,core,2018-01-13 23:00:00,,no_representative_state,1,outage
000003017,2018-01-14 03:00:00,2018-01-14,3,core,core,2018-01-14 03:00:00,,no_representative_state,1,outage
000003017,2018-01-14 07:00:00,2018-01-14,7,core,core,2018-01-14 07:00:00,,multi_a_region,2,outage
000003017,2018-01-14 07:00:00,2018-01-14,7,near,near,2018-01-14 07:00:00,,multi_a_region,2,outage
000003017,2018-01-14 08:00:00,2018-01-14,8,outer,outer,2018-01-14 08:00:00,,no_representative_state,1,outage
000003017,2018-01-14 09:00:00,2018-01-14,9,outer,outer,2018-01-14 09:00:00,,no_representative_state,1,outage
000003017,2018-01-14 10:00:00,2018-01-14,10,near,near,2018-01-14 10:00:00,,no_representative_state,1,outage
000003017,2018-01-14 11:00:00,2018-01-14,11,near,near,2018-01-14 11:00:00,,multi_a_region,2,outage
000003017,2018-01-14 11:00:00,2018-01-14,11,outer,outer,2018-01-14 11:00:00,,multi_a_region,2,outage
000003017,2018-01-14 12:00:00,2018-01-14,12,core,core,2018-01-14 12:00:00,,no_representative_state,1,outage
000003017,2018-01-15 10:00:00,2018-01-15,10,core,core,2018-01-15 10:00:00,,no_representative_state,1,outage
000003017,2018-01-15 11:00:00,2018-01-15,11,core,core,2018-01-15 11:00:00,,no_representative_state,1,outage
000003017,2018-01-15 12:00:00,2018-01-15,12,core,core,2018-01-15 12:00:00,,no_representative_state,1,outage
000003017,2018-01-15 14:00:00,2018-01-15,14,near,near,2018-01-15 14:00:00,,no_representative_state,1,outage
000003017,2018-01-15 15:00:00,2018-01-15,15,near,near,2018-01-15 15:00:00,,no_representative_state,1,outage
000003017,2018-01-15 16:00:00,2018-01-15,16,core,core,2018-01-15 16:00:00,,no_representative_state,1,outage
000003017,2018-01-15 18:00:00,2018-01-15,18,near,near,2018-01-15 18:00:00,,no_representative_state,1,outage
000003017,2018-01-15 19:00:00,2018-01-15,19,near,near,2018-01-15 19:00:00,,no_representative_state,1,outage
000003017,2018-01-15 20:00:00,2018-01-15,20,near,near,2018-01-15 20:00:00,,no_representative_state,1,outage
000003017,2018-01-15 22:00:00,2018-01-15,22,near,near,2018-01-15 22:00:00,,no_representative_state,1,outage
000003017,2018-01-15 23:00:00,2018-01-15,23,near,near,2018-01-15 23:00:00,,no_representative_state,1,outage
000003017,2018-01-16 02:00:00,2018-01-16,2,core,core,2018-01-16 02:00:00,,no_representative_state,1,outage
000003017,2018-01-16 03:00:00,2018-01-16,3,core,core,2018-01-16 03:00:00,,no_representative_state,1,outage
000003017,2018-01-16 07:00:00,2018-01-16,7,near,near,2018-01-16 07:00:00,,multi_a_region,2,outage
000003017,2018-01-16 07:00:00,2018-01-16,7,outer,outer,2018-01-16 07:00:00,,multi_a_region,2,outage
000003017,2018-01-16 08:00:00,2018-01-16,8,near,near,2018-01-16 08:00:00,,multi_a_region,2,outage
000003017,2018-01-16 08:00:00,2018-01-16,8,outer,outer,2018-01-16 08:00:00,,multi_a_region,2,outage
000003017,2018-01-16 09:00:00,2018-01-16,9,near,near,2018-01-16 09:00:00,,multi_a_region,2,outage
000003017,2018-01-16 09:00:00,2018-01-16,9,outer,outer,2018-01-16 09:00:00,,multi_a_region,2,outage
000003017,2018-01-16 12:00:00,2018-01-16,12,core,core,2018-01-16 12:00:00,,no_representative_state,1,outage
000003017,2018-01-16 14:00:00,2018-01-16,14,core,core,2018-01-16 14:00:00,,no_representative_state,1,outage
000003017,2018-01-16 15:00:00,2018-01-16,15,core,core,2018-01-16 15:00:00,,no_representative_state,1,outage
000003017,2018-01-17 00:00:00,2018-01-17,0,core,core,2018-01-17 00:00:00,,no_representative_state,1,severe
000003017,2018-01-17 03:00:00,2018-01-17,3,core,core,2018-01-17 03:00:00,,no_representative_state,1,severe
000003017,2018-01-17 04:00:00,2018-01-17,4,core,core,2018-01-17 04:00:00,,multi_a_region,2,severe
000003017,2018-01-17 04:00:00,2018-01-17,4,near,near,2018-01-17 04:00:00,,multi_a_region,2,severe
000003017,2018-01-17 10:00:00,2018-01-17,10,core,core,2018-01-17 10:00:00,,no_representative_state,1,severe
000003017,2018-01-17 11:00:00,2018-01-17,11,core,core,2018-01-17 11:00:00,,no_representative_state,1,severe
000003017,2018-01-17 14:00:00,2018-01-17,14,core,core,2018-01-17 14:00:00,,no_representative_state,1,severe
000003017,2018-01-17 17:00:00,2018-01-17,17,core,core,2018-01-17 17:00:00,,no_representative_state,1,severe
000003017,2018-01-18 00:00:00,2018-01-18,0,core,core,2018-01-18 00:00:00,,no_representative_state,1,severe
000003017,2018-01-18 03:00:00,2018-01-18,3,core,core,2018-01-18 03:00:00,,no_representative_state,1,severe
000003017,2018-01-18 07:00:00,2018-01-18,7,core,core,2018-01-18 07:00:00,,no_representative_state,1,severe
000003017,2018-01-18 09:00:00,2018-01-18,9,outer,outer,2018-01-18 09:00:00,,no_representative_state,1,severe
000003017,2018-01-18 10:00:00,2018-01-18,10,outer,outer,2018-01-18 10:00:00,,no_representative_state,1,severe
000003017,2018-01-18 12:00:00,2018-01-18,12,near,near,2018-01-18 12:00:00,,no_representative_state,1,severe
000003017,2018-01-18 14:00:00,2018-01-18,14,near,near,2018-01-18 14:00:00,,no_representative_state,1,severe
000003017,2018-01-18 16:00:00,2018-01-18,16,near,near,2018-01-18 16:00:00,,multi_a_region,2,severe
000003017,2018-01-18 16:00:00,2018-01-18,16,outer,outer,2018-01-18 16:00:00,,multi_a_region,2,severe
000003017,2018-01-19 07:00:00,2018-01-19,7,core,core,2018-01-19 07:00:00,,no_representative_state,1,normal
000003017,2018-01-19 11:00:00,2018-01-19,11,core,core,2018-01-19 11:00:00,,no_representative_state,1,normal
000003017,2018-01-19 12:00:00,2018-01-19,12,core,core,2018-01-19 12:00:00,,no_representative_state,1,normal
000003017,2018-01-19 13:00:00,2018-01-19,13,core,core,2018-01-19 13:00:00,,no_representative_state,1,normal
000003017,2018-01-19 14:00:00,2018-01-19,14,core,core,2018-01-19 14:00:00,,no_representative_state,1,normal
000003017,2018-01-19 15:00:00,2018-01-19,15,core,core,2018-01-19 15:00:00,,no_representative_state,1,normal
000003017,2018-01-19 16:00:00,2018-01-19,16,core,core,2018-01-19 16:00:00,,no_representative_state,1,normal
000003017,2018-01-19 18:00:00,2018-01-19,18,core,core,2018-01-19 18:00:00,,no_representative_state,1,normal
000003017,2018-01-19 19:00:00,2018-01-19,19,core,core,2018-01-19 19:00:00,,multi_a_region,2,normal
000003017,2018-01-19 19:00:00,2018-01-19,19,near,near,2018-01-19 19:00:00,,multi_a_region,2,normal
000003017,2018-01-19 20:00:00,2018-01-19,20,core,core,2018-01-19 20:00:00,,multi_a_region,2,normal
000003017,2018-01-19 20:00:00,2018-01-19,20,near,near,2018-01-19 20:00:00,,multi_a_region,2,normal
000003017,2018-01-19 23:00:00,2018-01-19,23,core,core,2018-01-19 23:00:00,,no_representative_state,1,normal
000003017,2018-01-20 00:00:00,2018-01-20,0,core,core,2018-01-20 00:00:00,,no_representative_state,1,normal
000003017,2018-01-20 03:00:00,2018-01-20,3,core,core,2018-01-20 03:00:00,,no_representative_state,1,normal
000003017,2018-01-20 06:00:00,2018-01-20,6,core,core,2018-01-20 06:00:00,,multi_a_region,2,normal
000003017,2018-01-20 06:00:00,2018-01-20,6,near,near,2018-01-20 06:00:00,,multi_a_region,2,normal
000003017,2018-01-20 07:00:00,2018-01-20,7,near,near,2018-01-20 07:00:00,,multi_a_region,2,normal
000003017,2018-01-20 07:00:00,2018-01-20,7,outer,outer,2018-01-20 07:00:00,,multi_a_region,2,normal
000003017,2018-01-20 08:00:00,2018-01-20,8,near,near,2018-01-20 08:00:00,,no_representative_state,1,normal
000003017,2018-01-20 09:00:00,2018-01-20,9,near,near,2018-01-20 09:00:00,,no_representative_state,1,normal
000003017,2018-01-20 10:00:00,2018-01-20,10,core,core,2018-01-20 10:00:00,,multi_a_region,2,normal
000003017,2018-01-20 10:00:00,2018-01-20,10,near,near,2018-01-20 10:00:00,,multi_a_region,2,normal
000003017,2018-01-20 11:00:00,2018-01-20,11,core,core,2018-01-20 11:00:00,,multi_a_region,2,normal
000003017,2018-01-20 11:00:00,2018-01-20,11,near,near,2018-01-20 11:00:00,,multi_a_region,2,normal
000003017,2018-01-20 12:00:00,2018-01-20,12,near,near,2018-01-20 12:00:00,,no_representative_state,1,normal
000003017,2018-01-20 13:00:00,2018-01-20,13,near,near,2018-01-20 13:00:00,,no_representative_state,1,normal
000003017,2018-01-20 15:00:00,2018-01-20,15,near,near,2018-01-20 15:00:00,,no_representative_state,1,normal
000003017,2018-01-20 16:00:00,2018-01-20,16,core,core,2018-01-20 16:00:00,,multi_a_region,2,normal
000003017,2018-01-20 16:00:00,2018-01-20,16,near,near,2018-01-20 16:00:00,,multi_a_region,2,normal
000003017,2018-01-20 17:00:00,2018-01-20,17,core,core,2018-01-20 17:00:00,,multi_a_region,3,normal
000003017,2018-01-20 17:00:00,2018-01-20,17,near,near,2018-01-20 17:00:00,,multi_a_region,3,normal
000003017,2018-01-20 17:00:00,2018-01-20,17,outer,outer,2018-01-20 17:00:00,,multi_a_region,3,normal
000003017,2018-01-20 18:00:00,2018-01-20,18,near,near,2018-01-20 18:00:00,,multi_a_region,2,normal
000003017,2018-01-20 18:00:00,2018-01-20,18,outer,outer,2018-01-20 18:00:00,,multi_a_region,2,normal
000003017,2018-01-20 19:00:00,2018-01-20,19,core,core,2018-01-20 19:00:00,,multi_a_region,2,normal
000003017,2018-01-20 19:00:00,2018-01-20,19,near,near,2018-01-20 19:00:00,,multi_a_region,2,normal
000003017,2018-01-20 23:00:00,2018-01-20,23,core,core,2018-01-20 23:00:00,,no_representative_state,1,normal
000003017,2018-01-21 00:00:00,2018-01-21,0,core,core,2018-01-21 00:00:00,,no_representative_state,1,normal
000003017,2018-01-21 01:00:00,2018-01-21,1,core,core,2018-01-21 01:00:00,,no_representative_state,1,normal
000003017,2018-01-21 03:00:00,2018-01-21,3,core,core,2018-01-21 03:00:00,,no_representative_state,1,normal
000003017,2018-01-21 04:00:00,2018-01-21,4,core,core,2018-01-21 04:00:00,,no_representative_state,1,normal
000003017,2018-01-21 07:00:00,2018-01-21,7,core,core,2018-01-21 07:00:00,,no_representative_state,1,normal
000003017,2018-01-21 08:00:00,2018-01-21,8,core,core,2018-01-21 08:00:00,,no_representative_state,1,normal
000003017,2018-01-21 09:00:00,2018-01-21,9,core,core,2018-01-21 09:00:00,,no_representative_state,1,normal
000003017,2018-01-21 13:00:00,2018-01-21,13,core,core,2018-01-21 13:00:00,,multi_a_region,2,normal
000003017,2018-01-21 13:00:00,2018-01-21,13,near,near,2018-01-21 13:00:00,,multi_a_region,2,normal
000003017,2018-01-21 14:00:00,2018-01-21,14,near,near,2018-01-21 14:00:00,,multi_a_region,2,normal
000003017,2018-01-21 14:00:00,2018-01-21,14,outer,outer,2018-01-21 14:00:00,,multi_a_region,2,normal
000003017,2018-01-21 15:00:00,2018-01-21,15,outer,outer,2018-01-21 15:00:00,,no_representative_state,1,normal
000003017,2018-01-21 16:00:00,2018-01-21,16,near,near,2018-01-21 16:00:00,,multi_a_region,2,normal
000003017,2018-01-21 16:00:00,2018-01-21,16,outer,outer,2018-01-21 16:00:00,,multi_a_region,2,normal
000003017,2018-01-21 17:00:00,2018-01-21,17,near,near,2018-01-21 17:00:00,,no_representative_state,1,normal
000003017,2018-01-21 18:00:00,2018-01-21,18,near,near,2018-01-21 18:00:00,,multi_a_region,2,normal
000003017,2018-01-21 18:00:00,2018-01-21,18,outer,outer,2018-01-21 18:00:00,,multi_a_region,2,normal
000003017,2018-01-21 19:00:00,2018-01-21,19,near,near,2018-01-21 19:00:00,,multi_a_region,2,normal
000003017,2018-01-21 19:00:00,2018-01-21,19,outer,outer,2018-01-21 19:00:00,,multi_a_region,2,normal
000003017,2018-01-21 20:00:00,2018-01-21,20,near,near,2018-01-21 20:00:00,,no_representative_state,1,normal
000003017,2018-01-21 21:00:00,2018-01-21,21,core,core,2018-01-21 21:00:00,,multi_a_region,2,normal
000003017,2018-01-21 21:00:00,2018-01-21,21,near,near,2018-01-21 21:00:00,,multi_a_region,2,normal
000003017,2018-01-21 23:00:00,2018-01-21,23,core,core,2018-01-21 23:00:00,,no_representative_state,1,normal
000003017,2018-01-22 00:00:00,2018-01-22,0,core,core,2018-01-22 00:00:00,,no_representative_state,1,normal
000003017,2018-01-22 07:00:00,2018-01-22,7,core,core,2018-01-22 07:00:00,,no_representative_state,1,normal
000003017,2018-01-22 08:00:00,2018-01-22,8,core,core,2018-01-22 08:00:00,,no_representative_state,1,normal
000003017,2018-01-22 12:00:00,2018-01-22,12,core,core,2018-01-22 12:00:00,,multi_a_region,2,normal
000003017,2018-01-22 12:00:00,2018-01-22,12,near,near,2018-01-22 12:00:00,,multi_a_region,2,normal
000003017,2018-01-22 13:00:00,2018-01-22,13,near,near,2018-01-22 13:00:00,,multi_a_region,2,normal
000003017,2018-01-22 13:00:00,2018-01-22,13,outer,outer,2018-01-22 13:00:00,,multi_a_region,2,normal
000003017,2018-01-22 15:00:00,2018-01-22,15,outer,outer,2018-01-22 15:00:00,,no_representative_state,1,normal
000003017,2018-01-22 16:00:00,2018-01-22,16,outer,outer,2018-01-22 16:00:00,,no_representative_state,1,normal
000003017,2018-01-22 17:00:00,2018-01-22,17,near,near,2018-01-22 17:00:00,,multi_a_region,2,normal
000003017,2018-01-22 17:00:00,2018-01-22,17,outer,outer,2018-01-22 17:00:00,,multi_a_region,2,normal
000003017,2018-01-22 18:00:00,2018-01-22,18,core,core,2018-01-22 18:00:00,,multi_a_region,2,normal
000003017,2018-01-22 18:00:00,2018-01-22,18,near,near,2018-01-22 18:00:00,,multi_a_region,2,normal
000003017,2018-01-22 19:00:00,2018-01-22,19,core,core,2018-01-22 19:00:00,,no_representative_state,1,normal
000003017,2018-01-22 20:00:00,2018-01-22,20,core,core,2018-01-22 20:00:00,,no_representative_state,1,normal
000003017,2018-01-22 22:00:00,2018-01-22,22,core,core,2018-01-22 22:00:00,,no_representative_state,1,normal
000003017,2018-01-23 02:00:00,2018-01-23,2,core,core,2018-01-23 02:00:00,,no_representative_state,1,normal
000003017,2018-01-23 03:00:00,2018-01-23,3,core,core,2018-01-23 03:00:00,,multi_a_region,2,normal
000003017,2018-01-23 03:00:00,2018-01-23,3,near,near,2018-01-23 03:00:00,,multi_a_region,2,normal
000003017,2018-01-23 04:00:00,2018-01-23,4,core,core,2018-01-23 04:00:00,,no_representative_state,1,normal
000003017,2018-01-23 06:00:00,2018-01-23,6,core,core,2018-01-23 06:00:00,,multi_a_region,2,normal
000003017,2018-01-23 06:00:00,2018-01-23,6,near,near,2018-01-23 06:00:00,,multi_a_region,2,normal
000003017,2018-01-23 07:00:00,2018-01-23,7,near,near,2018-01-23 07:00:00,,multi_a_region,2,normal
000003017,2018-01-23 07:00:00,2018-01-23,7,outer,outer,2018-01-23 07:00:00,,multi_a_region,2,normal
000003017,2018-01-23 08:00:00,2018-01-23,8,near,near,2018-01-23 08:00:00,,multi_a_region,2,normal
000003017,2018-01-23 08:00:00,2018-01-23,8,outer,outer,2018-01-23 08:00:00,,multi_a_region,2,normal
000003017,2018-01-23 10:00:00,2018-01-23,10,near,near,2018-01-23 10:00:00,,no_representative_state,1,normal
000003017,2018-01-23 11:00:00,2018-01-23,11,near,near,2018-01-23 11:00:00,,multi_a_region,2,normal
000003017,2018-01-23 11:00:00,2018-01-23,11,outer,outer,2018-01-23 11:00:00,,multi_a_region,2,normal
000003017,2018-01-23 12:00:00,2018-01-23,12,core,core,2018-01-23 12:00:00,,multi_a_region,3,normal
000003017,2018-01-23 12:00:00,2018-01-23,12,near,near,2018-01-23 12:00:00,,multi_a_region,3,normal
000003017,2018-01-23 12:00:00,2018-01-23,12,outer,outer,2018-01-23 12:00:00,,multi_a_region,3,normal
000003017,2018-01-23 15:00:00,2018-01-23,15,core,core,2018-01-23 15:00:00,,multi_a_region,2,normal
000003017,2018-01-23 15:00:00,2018-01-23,15,near,near,2018-01-23 15:00:00,,multi_a_region,2,normal
000003017,2018-01-23 18:00:00,2018-01-23,18,core,core,2018-01-23 18:00:00,,multi_a_region,2,normal
000003017,2018-01-23 18:00:00,2018-01-23,18,near,near,2018-01-23 18:00:00,,multi_a_region,2,normal
000003017,2018-01-23 19:00:00,2018-01-23,19,core,core,2018-01-23 19:00:00,,no_representative_state,1,normal
000003017,2018-01-23 20:00:00,2018-01-23,20,core,core,2018-01-23 20:00:00,,no_representative_state,1,normal
000003017,2018-01-23 21:00:00,2018-01-23,21,core,core,2018-01-23 21:00:00,,no_representative_state,1,normal
000003017,2018-01-23 23:00:00,2018-01-23,23,core,core,2018-01-23 23:00:00,,no_representative_state,1,normal
000003017,2018-01-24 00:00:00,2018-01-24,0,core,core,2018-01-24 00:00:00,,no_representative_state,1,normal
000003017,2018-01-24 01:00:00,2018-01-24,1,core,core,2018-01-24 01:00:00,,no_representative_state,1,normal
000003017,2018-01-24 02:00:00,2018-01-24,2,core,core,2018-01-24 02:00:00,,no_representative_state,1,normal
000003017,2018-01-24 04:00:00,2018-01-24,4,core,core,2018-01-24 04:00:00,,no_representative_state,1,normal
000003017,2018-01-24 05:00:00,2018-01-24,5,core,core,2018-01-24 05:00:00,,no_representative_state,1,normal
000003017,2018-01-24 11:00:00,2018-01-24,11,core,core,2018-01-24 11:00:00,,no_representative_state,1,normal
000003017,2018-01-24 12:00:00,2018-01-24,12,core,core,2018-01-24 12:00:00,,no_representative_state,1,normal
000003017,2018-01-24 14:00:00,2018-01-24,14,core,core,2018-01-24 14:00:00,,no_representative_state,1,normal
000003017,2018-01-24 15:00:00,2018-01-24,15,core,core,2018-01-24 15:00:00,,multi_a_region,2,normal
000003017,2018-01-24 15:00:00,2018-01-24,15,near,near,2018-01-24 15:00:00,,multi_a_region,2,normal
000003017,2018-01-24 16:00:00,2018-01-24,16,core,core,2018-01-24 16:00:00,,multi_a_region,2,normal
000003017,2018-01-24 16:00:00,2018-01-24,16,near,near,2018-01-24 16:00:00,,multi_a_region,2,normal
000003017,2018-01-24 17:00:00,2018-01-24,17,core,core,2018-01-24 17:00:00,,no_representative_state,1,normal
000003017,2018-01-24 18:00:00,2018-01-24,18,core,core,2018-01-24 18:00:00,,no_representative_state,1,normal
000003017,2018-01-24 19:00:00,2018-01-24,19,core,core,2018-01-24 19:00:00,,no_representative_state,1,normal
000003017,2018-01-24 20:00:00,2018-01-24,20,core,core,2018-01-24 20:00:00,,multi_a_region,2,normal
000003017,2018-01-24 20:00:00,2018-01-24,20,near,near,2018-01-24 20:00:00,,multi_a_region,2,normal
000003017,2018-01-24 21:00:00,2018-01-24,21,core,core,2018-01-24 21:00:00,,multi_a_region,2,normal
000003017,2018-01-24 21:00:00,2018-01-24,21,near,near,2018-01-24 21:00:00,,multi_a_region,2,normal
000003019,2018-01-01 03:00:00,2018-01-01,3,core,core,2018-01-01 03:00:00,,no_representative_state,1,normal
000003019,2018-01-01 06:00:00,2018-01-01,6,core,core,2018-01-01 06:00:00,,multi_a_region,2,normal
000003019,2018-01-01 06:00:00,2018-01-01,6,near,near,2018-01-01 06:00:00,,multi_a_region,2,normal
000003019,2018-01-01 07:00:00,2018-01-01,7,near,near,2018-01-01 07:00:00,,no_representative_state,1,normal
000003019,2018-01-01 08:00:00,2018-01-01,8,core,core,2018-01-01 08:00:00,,multi_a_region,2,normal
000003019,2018-01-01 08:00:00,2018-01-01,8,near,near,2018-01-01 08:00:00,,multi_a_region,2,normal
000003019,2018-01-01 11:00:00,2018-01-01,11,core,core,2018-01-01 11:00:00,,multi_a_region,2,normal
000003019,2018-01-01 11:00:00,2018-01-01,11,near,near,2018-01-01 11:00:00,,multi_a_region,2,normal
000003019,2018-01-01 12:00:00,2018-01-01,12,core,core,2018-01-01 12:00:00,,multi_a_region,2,normal
000003019,2018-01-01 12:00:00,2018-01-01,12,near,near,2018-01-01 12:00:00,,multi_a_region,2,normal
000003019,2018-01-01 15:00:00,2018-01-01,15,core,core,2018-01-01 15:00:00,,no_representative_state,1,normal
000003019,2018-01-01 16:00:00,2018-01-01,16,core,core,2018-01-01 16:00:00,,no_representative_state,1,normal
000003019,2018-01-01 18:00:00,2018-01-01,18,core,core,2018-01-01 18:00:00,,no_representative_state,1,normal
000003019,2018-01-01 19:00:00,2018-01-01,19,core,core,2018-01-01 19:00:00,,no_representative_state,1,normal
000003019,2018-01-01 20:00:00,2018-01-01,20,core,core,2018-01-01 20:00:00,,no_representative_state,1,normal
000003019,2018-01-01 22:00:00,2018-01-01,22,core,core,2018-01-01 22:00:00,,no_representative_state,1,normal
000003019,2018-01-01 23:00:00,2018-01-01,23,core,core,2018-01-01 23:00:00,,no_representative_state,1,normal
000003019,2018-01-02 03:00:00,2018-01-02,3,core,core,2018-01-02 03:00:00,,multi_a_region,2,normal
000003019,2018-01-02 03:00:00,2018-01-02,3,near,near,2018-01-02 03:00:00,,multi_a_region,2,normal
000003019,2018-01-02 04:00:00,2018-01-02,4,core,core,2018-01-02 04:00:00,,no_representative_state,1,normal
000003019,2018-01-02 05:00:00,2018-01-02,5,core,core,2018-01-02 05:00:00,,no_representative_state,1,normal
000003019,2018-01-02 06:00:00,2018-01-02,6,core,core,2018-01-02 06:00:00,,multi_a_region,2,normal
000003019,2018-01-02 06:00:00,2018-01-02,6,near,near,2018-01-02 06:00:00,,multi_a_region,2,normal
000003019,2018-01-02 07:00:00,2018-01-02,7,core,core,2018-01-02 07:00:00,,multi_a_region,2,normal
000003019,2018-01-02 07:00:00,2018-01-02,7,near,near,2018-01-02 07:00:00,,multi_a_region,2,normal
000003019,2018-01-02 08:00:00,2018-01-02,8,core,core,2018-01-02 08:00:00,,no_representative_state,1,normal
000003019,2018-01-02 11:00:00,2018-01-02,11,core,core,2018-01-02 11:00:00,,no_representative_state,1,normal
000003019,2018-01-02 12:00:00,2018-01-02,12,core,core,2018-01-02 12:00:00,,no_representative_state,1,normal
000003019,2018-01-02 13:00:00,2018-01-02,13,core,core,2018-01-02 13:00:00,,no_representative_state,1,normal
000003019,2018-01-02 14:00:00,2018-01-02,14,core,core,2018-01-02 14:00:00,,no_representative_state,1,normal
000003019,2018-01-02 15:00:00,2018-01-02,15,core,core,2018-01-02 15:00:00,,no_representative_state,1,normal
000003019,2018-01-02 16:00:00,2018-01-02,16,core,core,2018-01-02 16:00:00,,no_representative_state,1,normal
000003019,2018-01-02 19:00:00,2018-01-02,19,core,core,2018-01-02 19:00:00,,multi_a_region,2,normal
000003019,2018-01-02 19:00:00,2018-01-02,19,near,near,2018-01-02 19:00:00,,multi_a_region,2,normal
000003019,2018-01-02 20:00:00,2018-01-02,20,core,core,2018-01-02 20:00:00,,multi_a_region,2,normal
000003019,2018-01-02 20:00:00,2018-01-02,20,near,near,2018-01-02 20:00:00,,multi_a_region,2,normal
000003019,2018-01-03 06:00:00,2018-01-03,6,core,core,2018-01-03 06:00:00,,no_representative_state,1,normal
000003019,2018-01-03 07:00:00,2018-01-03,7,core,core,2018-01-03 07:00:00,,no_representative_state,1,normal
000003019,2018-01-03 08:00:00,2018-01-03,8,core,core,2018-01-03 08:00:00,,no_representative_state,1,normal
000003019,2018-01-03 10:00:00,2018-01-03,10,core,core,2018-01-03 10:00:00,,no_representative_state,1,normal
000003019,2018-01-03 11:00:00,2018-01-03,11,core,core,2018-01-03 11:00:00,,no_representative_state,1,normal
000003019,2018-01-03 12:00:00,2018-01-03,12,core,core,2018-01-03 12:00:00,,no_representative_state,1,normal
000003019,2018-01-03 13:00:00,2018-01-03,13,core,core,2018-01-03 13:00:00,,no_representative_state,1,normal
000003019,2018-01-03 14:00:00,2018-01-03,14,core,core,2018-01-03 14:00:00,,multi_a_region,2,normal
000003019,2018-01-03 14:00:00,2018-01-03,14,near,near,2018-01-03 14:00:00,,multi_a_region,2,normal
000003019,2018-01-03 15:00:00,2018-01-03,15,near,near,2018-01-03 15:00:00,,no_representative_state,1,normal
000003019,2018-01-03 16:00:00,2018-01-03,16,core,core,2018-01-03 16:00:00,,multi_a_region,2,normal
000003019,2018-01-03 16:00:00,2018-01-03,16,near,near,2018-01-03 16:00:00,,multi_a_region,2,normal
000003019,2018-01-03 17:00:00,2018-01-03,17,core,core,2018-01-03 17:00:00,,no_representative_state,1,normal
000003019,2018-01-03 22:00:00,2018-01-03,22,core,core,2018-01-03 22:00:00,,no_representative_state,1,normal
000003019,2018-01-03 23:00:00,2018-01-03,23,core,core,2018-01-03 23:00:00,,multi_a_region,2,normal
000003019,2018-01-03 23:00:00,2018-01-03,23,near,near,2018-01-03 23:00:00,,multi_a_region,2,normal
000003019,2018-01-04 03:00:00,2018-01-04,3,core,core,2018-01-04 03:00:00,,multi_a_region,2,normal
000003019,2018-01-04 03:00:00,2018-01-04,3,near,near,2018-01-04 03:00:00,,multi_a_region,2,normal
000003019,2018-01-04 04:00:00,2018-01-04,4,near,near,2018-01-04 04:00:00,,no_representative_state,1,normal
000003019,2018-01-04 05:00:00,2018-01-04,5,near,near,2018-01-04 05:00:00,,no_representative_state,1,normal
000003019,2018-01-04 06:00:00,2018-01-04,6,core,core,2018-01-04 06:00:00,,multi_a_region,2,normal
000003019,2018-01-04 06:00:00,2018-01-04,6,near,near,2018-01-04 06:00:00,,multi_a_region,2,normal
000003019,2018-01-04 07:00:00,2018-01-04,7,core,core,2018-01-04 07:00:00,,multi_a_region,2,normal
000003019,2018-01-04 07:00:00,2018-01-04,7,near,near,2018-01-04 07:00:00,,multi_a_region,2,normal
000003019,2018-01-04 08:00:00,2018-01-04,8,core,core,2018-01-04 08:00:00,,multi_a_region,2,normal
000003019,2018-01-04 08:00:00,2018-01-04,8,near,near,2018-01-04 08:00:00,,multi_a_region,2,normal
000003019,2018-01-04 10:00:00,2018-01-04,10,core,core,2018-01-04 10:00:00,,no_representative_state,1,normal
000003019,2018-01-04 11:00:00,2018-01-04,11,core,core,2018-01-04 11:00:00,,no_representative_state,1,normal
000003019,2018-01-04 12:00:00,2018-01-04,12,core,core,2018-01-04 12:00:00,,multi_a_region,2,normal
000003019,2018-01-04 12:00:00,2018-01-04,12,near,near,2018-01-04 12:00:00,,multi_a_region,2,normal
000003019,2018-01-04 18:00:00,2018-01-04,18,core,core,2018-01-04 18:00:00,,no_representative_state,1,normal
000003019,2018-01-04 19:00:00,2018-01-04,19,core,core,2018-01-04 19:00:00,,no_representative_state,1,normal
000003019,2018-01-04 23:00:00,2018-01-04,23,core,core,2018-01-04 23:00:00,,no_representative_state,1,normal
000003019,2018-01-05 00:00:00,2018-01-05,0,core,core,2018-01-05 00:00:00,,no_representative_state,1,normal
000003019,2018-01-05 03:00:00,2018-01-05,3,core,core,2018-01-05 03:00:00,,no_representative_state,1,normal
000003019,2018-01-05 04:00:00,2018-01-05,4,core,core,2018-01-05 04:00:00,,no_representative_state,1,normal
000003019,2018-01-05 05:00:00,2018-01-05,5,core,core,2018-01-05 05:00:00,,no_representative_state,1,normal
000003019,2018-01-05 06:00:00,2018-01-05,6,core,core,2018-01-05 06:00:00,,no_representative_state,1,normal
000003019,2018-01-05 07:00:00,2018-01-05,7,near,near,2018-01-05 07:00:00,,no_representative_state,1,normal
000003019,2018-01-05 08:00:00,2018-01-05,8,core,core,2018-01-05 08:00:00,,multi_a_region,2,normal
000003019,2018-01-05 08:00:00,2018-01-05,8,near,near,2018-01-05 08:00:00,,multi_a_region,2,normal
000003019,2018-01-05 10:00:00,2018-01-05,10,core,core,2018-01-05 10:00:00,,no_representative_state,1,normal
000003019,2018-01-05 11:00:00,2018-01-05,11,core,core,2018-01-05 11:00:00,,no_representative_state,1,normal
000003019,2018-01-05 15:00:00,2018-01-05,15,core,core,2018-01-05 15:00:00,,no_representative_state,1,normal
000003019,2018-01-05 19:00:00,2018-01-05,19,core,core,2018-01-05 19:00:00,,no_representative_state,1,normal
000003019,2018-01-05 20:00:00,2018-01-05,20,core,core,2018-01-05 20:00:00,,no_representative_state,1,normal
000003019,2018-01-06 02:00:00,2018-01-06,2,core,core,2018-01-06 02:00:00,,no_representative_state,1,normal
000003019,2018-01-06 03:00:00,2018-01-06,3,core,core,2018-01-06 03:00:00,,multi_a_region,2,normal
000003019,2018-01-06 03:00:00,2018-01-06,3,near,near,2018-01-06 03:00:00,,multi_a_region,2,normal
000003019,2018-01-06 07:00:00,2018-01-06,7,core,core,2018-01-06 07:00:00,,no_representative_state,1,normal
000003019,2018-01-06 12:00:00,2018-01-06,12,core,core,2018-01-06 12:00:00,,no_representative_state,1,normal
000003019,2018-01-06 14:00:00,2018-01-06,14,core,core,2018-01-06 14:00:00,,multi_a_region,2,normal
000003019,2018-01-06 14:00:00,2018-01-06,14,near,near,2018-01-06 14:00:00,,multi_a_region,2,normal
000003019,2018-01-06 15:00:00,2018-01-06,15,near,near,2018-01-06 15:00:00,,no_representative_state,1,normal
000003019,2018-01-06 16:00:00,2018-01-06,16,core,core,2018-01-06 16:00:00,,multi_a_region,2,normal
000003019,2018-01-06 16:00:00,2018-01-06,16,near,near,2018-01-06 16:00:00,,multi_a_region,2,normal
000003019,2018-01-06 20:00:00,2018-01-06,20,core,core,2018-01-06 20:00:00,,no_representative_state,1,normal
000003019,2018-01-06 22:00:00,2018-01-06,22,core,core,2018-01-06 22:00:00,,no_representative_state,1,normal
000003019,2018-01-06 23:00:00,2018-01-06,23,core,core,2018-01-06 23:00:00,,multi_a_region,2,normal
000003019,2018-01-06 23:00:00,2018-01-06,23,near,near,2018-01-06 23:00:00,,multi_a_region,2,normal
000003019,2018-01-07 00:00:00,2018-01-07,0,core,core,2018-01-07 00:00:00,,no_representative_state,1,normal
000003019,2018-01-07 02:00:00,2018-01-07,2,core,core,2018-01-07 02:00:00,,no_representative_state,1,normal
000003019,2018-01-07 03:00:00,2018-01-07,3,core,core,2018-01-07 03:00:00,,multi_a_region,2,normal
000003019,2018-01-07 03:00:00,2018-01-07,3,near,near,2018-01-07 03:00:00,,multi_a_region,2,normal
000003019,2018-01-07 07:00:00,2018-01-07,7,core,core,2018-01-07 07:00:00,,no_representative_state,1,normal
000003019,2018-01-07 08:00:00,2018-01-07,8,core,core,2018-01-07 08:00:00,,no_representative_state,1,normal
000003019,2018-01-07 11:00:00,2018-01-07,11,core,core,2018-01-07 11:00:00,,no_representative_state,1,normal
000003019,2018-01-07 12:00:00,2018-01-07,12,core,core,2018-01-07 12:00:00,,no_representative_state,1,normal
000003019,2018-01-07 16:00:00,2018-01-07,16,core,core,2018-01-07 16:00:00,,multi_a_region,2,normal
000003019,2018-01-07 16:00:00,2018-01-07,16,near,near,2018-01-07 16:00:00,,multi_a_region,2,normal
000003019,2018-01-07 17:00:00,2018-01-07,17,near,near,2018-01-07 17:00:00,,no_representative_state,1,normal
000003019,2018-01-07 20:00:00,2018-01-07,20,core,core,2018-01-07 20:00:00,,multi_a_region,2,normal
000003019,2018-01-07 20:00:00,2018-01-07,20,near,near,2018-01-07 20:00:00,,multi_a_region,2,normal
000003019,2018-01-07 23:00:00,2018-01-07,23,core,core,2018-01-07 23:00:00,,multi_a_region,2,normal
000003019,2018-01-07 23:00:00,2018-01-07,23,near,near,2018-01-07 23:00:00,,multi_a_region,2,normal
000003019,2018-01-08 03:00:00,2018-01-08,3,core,core,2018-01-08 03:00:00,,no_representative_state,1,normal
000003019,2018-01-08 04:00:00,2018-01-08,4,core,core,2018-01-08 04:00:00,,no_representative_state,1,normal
000003019,2018-01-08 06:00:00,2018-01-08,6,core,core,2018-01-08 06:00:00,,no_representative_state,1,normal
000003019,2018-01-08 07:00:00,2018-01-08,7,core,core,2018-01-08 07:00:00,,multi_a_region,2,normal
000003019,2018-01-08 07:00:00,2018-01-08,7,near,near,2018-01-08 07:00:00,,multi_a_region,2,normal
000003019,2018-01-08 08:00:00,2018-01-08,8,core,core,2018-01-08 08:00:00,,multi_a_region,2,normal
000003019,2018-01-08 08:00:00,2018-01-08,8,near,near,2018-01-08 08:00:00,,multi_a_region,2,normal
000003019,2018-01-08 10:00:00,2018-01-08,10,core,core,2018-01-08 10:00:00,,no_representative_state,1,normal
000003019,2018-01-08 11:00:00,2018-01-08,11,core,core,2018-01-08 11:00:00,,multi_a_region,2,normal
000003019,2018-01-08 11:00:00,2018-01-08,11,near,near,2018-01-08 11:00:00,,multi_a_region,2,normal
000003019,2018-01-08 12:00:00,2018-01-08,12,core,core,2018-01-08 12:00:00,,no_representative_state,1,normal
000003019,2018-01-08 15:00:00,2018-01-08,15,core,core,2018-01-08 15:00:00,,no_representative_state,1,normal
000003019,2018-01-08 16:00:00,2018-01-08,16,core,core,2018-01-08 16:00:00,,no_representative_state,1,normal
000003019,2018-01-08 23:00:00,2018-01-08,23,core,core,2018-01-08 23:00:00,,multi_a_region,2,normal
000003019,2018-01-08 23:00:00,2018-01-08,23,near,near,2018-01-08 23:00:00,,multi_a_region,2,normal
000003019,2018-01-09 00:00:00,2018-01-09,0,core,core,2018-01-09 00:00:00,,multi_a_region,2,normal
000003019,2018-01-09 00:00:00,2018-01-09,0,near,near,2018-01-09 00:00:00,,multi_a_region,2,normal
000003019,2018-01-09 01:00:00,2018-01-09,1,core,core,2018-01-09 01:00:00,,no_representative_state,1,normal
000003019,2018-01-09 04:00:00,2018-01-09,4,core,core,2018-01-09 04:00:00,,no_representative_state,1,normal
000003019,2018-01-09 09:00:00,2018-01-09,9,near,near,2018-01-09 09:00:00,,multi_a_region,2,normal
000003019,2018-01-09 09:00:00,2018-01-09,9,outer,outer,2018-01-09 09:00:00,,multi_a_region,2,normal
000003019,2018-01-09 10:00:00,2018-01-09,10,near,near,2018-01-09 10:00:00,,no_representative_state,1,normal
000003019,2018-01-09 12:00:00,2018-01-09,12,core,core,2018-01-09 12:00:00,,multi_a_region,2,normal
000003019,2018-01-09 12:00:00,2018-01-09,12,near,near,2018-01-09 12:00:00,,multi_a_region,2,normal
000003019,2018-01-09 15:00:00,2018-01-09,15,core,core,2018-01-09 15:00:00,,multi_a_region,2,normal
000003019,2018-01-09 15:00:00,2018-01-09,15,near,near,2018-01-09 15:00:00,,multi_a_region,2,normal
000003019,2018-01-09 16:00:00,2018-01-09,16,core,core,2018-01-09 16:00:00,,multi_a_region,2,normal
000003019,2018-01-09 16:00:00,2018-01-09,16,near,near,2018-01-09 16:00:00,,multi_a_region,2,normal
000003019,2018-01-09 18:00:00,2018-01-09,18,core,core,2018-01-09 18:00:00,,no_representative_state,1,normal
000003019,2018-01-09 19:00:00,2018-01-09,19,core,core,2018-01-09 19:00:00,,no_representative_state,1,normal
000003019,2018-01-09 20:00:00,2018-01-09,20,core,core,2018-01-09 20:00:00,,no_representative_state,1,normal
000003019,2018-01-10 02:00:00,2018-01-10,2,core,core,2018-01-10 02:00:00,,no_representative_state,1,normal
000003019,2018-01-10 03:00:00,2018-01-10,3,core,core,2018-01-10 03:00:00,,no_representative_state,1,normal
000003019,2018-01-10 04:00:00,2018-01-10,4,core,core,2018-01-10 04:00:00,,no_representative_state,1,normal
000003019,2018-01-10 08:00:00,2018-01-10,8,near,near,2018-01-10 08:00:00,,no_representative_state,1,normal
000003019,2018-01-10 10:00:00,2018-01-10,10,near,near,2018-01-10 10:00:00,,no_representative_state,1,normal
000003019,2018-01-10 11:00:00,2018-01-10,11,core,core,2018-01-10 11:00:00,,multi_a_region,2,normal
000003019,2018-01-10 11:00:00,2018-01-10,11,near,near,2018-01-10 11:00:00,,multi_a_region,2,normal
000003019,2018-01-10 12:00:00,2018-01-10,12,near,near,2018-01-10 12:00:00,,no_representative_state,1,normal
000003019,2018-01-10 13:00:00,2018-01-10,13,core,core,2018-01-10 13:00:00,,multi_a_region,2,normal
000003019,2018-01-10 13:00:00,2018-01-10,13,near,near,2018-01-10 13:00:00,,multi_a_region,2,normal
000003019,2018-01-10 14:00:00,2018-01-10,14,core,core,2018-01-10 14:00:00,,no_representative_state,1,normal
000003019,2018-01-10 15:00:00,2018-01-10,15,core,core,2018-01-10 15:00:00,,no_representative_state,1,normal
000003019,2018-01-10 19:00:00,2018-01-10,19,core,core,2018-01-10 19:00:00,,no_representative_state,1,normal
000003019,2018-01-10 20:00:00,2018-01-10,20,core,core,2018-01-10 20:00:00,,multi_a_region,2,normal
000003019,2018-01-10 20:00:00,2018-01-10,20,near,near,2018-01-10 20:00:00,,multi_a_region,2,normal
000003019,2018-01-10 23:00:00,2018-01-10,23,core,core,2018-01-10 23:00:00,,no_representative_state,1,normal
000003019,2018-01-11 00:00:00,2018-01-11,0,core,core,2018-01-11 00:00:00,,no_representative_state,1,normal
000003019,2018-01-11 01:00:00,2018-01-11,1,core,core,2018-01-11 01:00:00,,no_representative_state,1,normal
000003019,2018-01-11 06:00:00,2018-01-11,6,core,core,2018-01-11 06:00:00,,no_representative_state,1,normal
000003019,2018-01-11 07:00:00,2018-01-11,7,core,core,2018-01-11 07:00:00,,multi_a_region,3,normal
000003019,2018-01-11 07:00:00,2018-01-11,7,near,near,2018-01-11 07:00:00,,multi_a_region,3,normal
000003019,2018-01-11 07:00:00,2018-01-11,7,outer,outer,2018-01-11 07:00:00,,multi_a_region,3,normal
000003019,2018-01-11 10:00:00,2018-01-11,10,outer,outer,2018-01-11 10:00:00,,no_representative_state,1,normal
000003019,2018-01-11 15:00:00,2018-01-11,15,core,core,2018-01-11 15:00:00,,multi_a_region,2,normal
000003019,2018-01-11 15:00:00,2018-01-11,15,near,near,2018-01-11 15:00:00,,multi_a_region,2,normal
000003019,2018-01-11 16:00:00,2018-01-11,16,core,core,2018-01-11 16:00:00,,multi_a_region,2,normal
000003019,2018-01-11 16:00:00,2018-01-11,16,near,near,2018-01-11 16:00:00,,multi_a_region,2,normal
000003019,2018-01-11 17:00:00,2018-01-11,17,core,core,2018-01-11 17:00:00,,multi_a_region,2,normal
000003019,2018-01-11 17:00:00,2018-01-11,17,near,near,2018-01-11 17:00:00,,multi_a_region,2,normal
000003019,2018-01-11 18:00:00,2018-01-11,18,near,near,2018-01-11 18:00:00,,multi_a_region,2,normal
000003019,2018-01-11 18:00:00,2018-01-11,18,outer,outer,2018-01-11 18:00:00,,multi_a_region,2,normal
000003019,2018-01-11 19:00:00,2018-01-11,19,core,core,2018-01-11 19:00:00,,multi_a_region,2,normal
000003019,2018-01-11 19:00:00,2018-01-11,19,near,near,2018-01-11 19:00:00,,multi_a_region,2,normal
000003019,2018-01-11 20:00:00,2018-01-11,20,core,core,2018-01-11 20:00:00,,no_representative_state,1,normal
000003019,2018-01-11 23:00:00,2018-01-11,23,core,core,2018-01-11 23:00:00,,no_representative_state,1,normal
000003019,2018-01-12 00:00:00,2018-01-12,0,core,core,2018-01-12 00:00:00,,no_representative_state,1,reduced
000003019,2018-01-12 03:00:00,2018-01-12,3,core,core,2018-01-12 03:00:00,,no_representative_state,1,reduced
000003019,2018-01-12 04:00:00,2018-01-12,4,core,core,2018-01-12 04:00:00,,multi_a_region,2,reduced
000003019,2018-01-12 04:00:00,2018-01-12,4,near,near,2018-01-12 04:00:00,,multi_a_region,2,reduced
000003019,2018-01-12 06:00:00,2018-01-12,6,core,core,2018-01-12 06:00:00,,no_representative_state,1,reduced
000003019,2018-01-12 07:00:00,2018-01-12,7,core,core,2018-01-12 07:00:00,,no_representative_state,1,reduced
000003019,2018-01-12 10:00:00,2018-01-12,10,core,core,2018-01-12 10:00:00,,no_representative_state,1,reduced
000003019,2018-01-12 11:00:00,2018-01-12,11,core,core,2018-01-12 11:00:00,,no_representative_state,1,reduced
000003019,2018-01-12 12:00:00,2018-01-12,12,core,core,2018-01-12 12:00:00,,no_representative_state,1,reduced
000003019,2018-01-12 14:00:00,2018-01-12,14,core,core,2018-01-12 14:00:00,,no_representative_state,1,reduced
000003019,2018-01-12 16:00:00,2018-01-12,16,near,near,2018-01-12 16:00:00,,no_representative_state,1,reduced
000003019,2018-01-12 20:00:00,2018-01-12,20,core,core,2018-01-12 20:00:00,,no_representative_state,1,reduced
000003019,2018-01-12 22:00:00,2018-01-12,22,core,core,2018-01-12 22:00:00,,no_representative_state,1,reduced
000003019,2018-01-13 03:00:00,2018-01-13,3,core,core,2018-01-13 03:00:00,,no_representative_state,1,outage
000003019,2018-01-13 07:00:00,2018-01-13,7,near,near,2018-01-13 07:00:00,,multi_a_region,2,outage
000003019,2018-01-13 07:00:00,2018-01-13,7,outer,outer,2018-01-13 07:00:00,,multi_a_region,2,outage
000003019,2018-01-13 08:00:00,2018-01-13,8,near,near,2018-01-13 08:00:00,,no_representative_state,1,outage
000003019,2018-01-13 09:00:00,2018-01-13,9,outer,outer,2018-01-13 09:00:00,,no_representative_state,1,outage
000003019,2018-01-13 10:00:00,2018-01-13,10,core,core,2018-01-13 10:00:00,,no_representative_state,1,outage
000003019,2018-01-13 11:00:00,2018-01-13,11,core,core,2018-01-13 11:00:00,,no_representative_state,1,outage
000003019,2018-01-13 12:00:00,2018-01-13,12,core,core,2018-01-13 12:00:00,,multi_a_region,2,outage
000003019,2018-01-13 12:00:00,2018-01-13,12,near,near,2018-01-13 12:00:00,,multi_a_region,2,outage
000003019,2018-01-13 14:00:00,2018-01-13,14,core,core,2018-01-13 14:00:00,,no_representative_state,1,outage
000003019,2018-01-13 15:00:00,2018-01-13,15,near,near,2018-01-13 15:00:00,,no_representative_state,1,outage
000003019,2018-01-13 16:00:00,2018-01-13,16,core,core,2018-01-13 16:00:00,,multi_a_region,2,outage
000003019,2018-01-13 16:00:00,2018-01-13,16,near,near,2018-01-13 16:00:00,,multi_a_region,2,outage
000003019,2018-01-13 18:00:00,2018-01-13,18,core,core,2018-01-13 18:00:00,,no_representative_state,1,outage
000003019,2018-01-13 23:00:00,2018-01-13,23,core,core,2018-01-13 23:00:00,,no_representative_state,1,outage
000003019,2018-01-14 03:00:00,2018-01-14,3,core,core,2018-01-14 03:00:00,,no_representative_state,1,outage
000003019,2018-01-14 07:00:00,2018-01-14,7,core,core,2018-01-14 07:00:00,,multi_a_region,2,outage
000003019,2018-01-14 07:00:00,2018-01-14,7,near,near,2018-01-14 07:00:00,,multi_a_region,2,outage
000003019,2018-01-14 08:00:00,2018-01-14,8,outer,outer,2018-01-14 08:00:00,,no_representative_state,1,outage
000003019,2018-01-14 09:00:00,2018-01-14,9,outer,outer,2018-01-14 09:00:00,,no_representative_state,1,outage
000003019,2018-01-14 11:00:00,2018-01-14,11,near,near,2018-01-14 11:00:00,,multi_a_region,2,outage
000003019,2018-01-14 11:00:00,2018-01-14,11,outer,outer,2018-01-14 11:00:00,,multi_a_region,2,outage
000003019,2018-01-14 12:00:00,2018-01-14,12,core,core,2018-01-14 12:00:00,,multi_a_region,2,outage
000003019,2018-01-14 12:00:00,2018-01-14,12,near,near,2018-01-14 12:00:00,,multi_a_region,2,outage
000003019,2018-01-15 10:00:00,2018-01-15,10,core,core,2018-01-15 10:00:00,,no_representative_state,1,outage
000003019,2018-01-15 12:00:00,2018-01-15,12,core,core,2018-01-15 12:00:00,,no_representative_state,1,outage
000003019,2018-01-15 15:00:00,2018-01-15,15,near,near,2018-01-15 15:00:00,,no_representative_state,1,outage
000003019,2018-01-15 16:00:00,2018-01-15,16,core,core,2018-01-15 16:00:00,,no_representative_state,1,outage
000003019,2018-01-15 18:00:00,2018-01-15,18,core,core,2018-01-15 18:00:00,,multi_a_region,2,outage
000003019,2018-01-15 18:00:00,2018-01-15,18,near,near,2018-01-15 18:00:00,,multi_a_region,2,outage
000003019,2018-01-15 19:00:00,2018-01-15,19,near,near,2018-01-15 19:00:00,,no_representative_state,1,outage
000003019,2018-01-15 20:00:00,2018-01-15,20,core,core,2018-01-15 20:00:00,,multi_a_region,2,outage
000003019,2018-01-15 20:00:00,2018-01-15,20,near,near,2018-01-15 20:00:00,,multi_a_region,2,outage
000003019,2018-01-15 22:00:00,2018-01-15,22,core,core,2018-01-15 22:00:00,,no_representative_state,1,outage
000003019,2018-01-15 23:00:00,2018-01-15,23,near,near,2018-01-15 23:00:00,,no_representative_state,1,outage
000003019,2018-01-16 00:00:00,2018-01-16,0,core,core,2018-01-16 00:00:00,,no_representative_state,1,outage
000003019,2018-01-16 03:00:00,2018-01-16,3,core,core,2018-01-16 03:00:00,,no_representative_state,1,outage
000003019,2018-01-16 07:00:00,2018-01-16,7,outer,outer,2018-01-16 07:00:00,,no_representative_state,1,outage
000003019,2018-01-16 08:00:00,2018-01-16,8,near,near,2018-01-16 08:00:00,,multi_a_region,2,outage
000003019,2018-01-16 08:00:00,2018-01-16,8,outer,outer,2018-01-16 08:00:00,,multi_a_region,2,outage
000003019,2018-01-16 09:00:00,2018-01-16,9,near,near,2018-01-16 09:00:00,,multi_a_region,2,outage
000003019,2018-01-16 09:00:00,2018-01-16,9,outer,outer,2018-01-16 09:00:00,,multi_a_region,2,outage
000003019,2018-01-16 10:00:00,2018-01-16,10,core,core,2018-01-16 10:00:00,,no_representative_state,1,outage
000003019,2018-01-16 11:00:00,2018-01-16,11,core,core,2018-01-16 11:00:00,,no_representative_state,1,outage
000003019,2018-01-16 14:00:00,2018-01-16,14,core,core,2018-01-16 14:00:00,,no_representative_state,1,outage
000003019,2018-01-16 15:00:00,2018-01-16,15,core,core,2018-01-16 15:00:00,,no_representative_state,1,outage
000003019,2018-01-17 03:00:00,2018-01-17,3,core,core,2018-01-17 03:00:00,,no_representative_state,1,severe
000003019,2018-01-17 04:00:00,2018-01-17,4,core,core,2018-01-17 04:00:00,,multi_a_region,2,severe
000003019,2018-01-17 04:00:00,2018-01-17,4,near,near,2018-01-17 04:00:00,,multi_a_region,2,severe
000003019,2018-01-17 10:00:00,2018-01-17,10,core,core,2018-01-17 10:00:00,,no_representative_state,1,severe
000003019,2018-01-17 11:00:00,2018-01-17,11,core,core,2018-01-17 11:00:00,,no_representative_state,1,severe
000003019,2018-01-17 16:00:00,2018-01-17,16,core,core,2018-01-17 16:00:00,,no_representative_state,1,severe
000003019,2018-01-17 17:00:00,2018-01-17,17,core,core,2018-01-17 17:00:00,,no_representative_state,1,severe
000003019,2018-01-17 18:00:00,2018-01-17,18,near,near,2018-01-17 18:00:00,,no_representative_state,1,severe
000003019,2018-01-17 23:00:00,2018-01-17,23,core,core,2018-01-17 23:00:00,,no_representative_state,1,severe
000003019,2018-01-18 00:00:00,2018-01-18,0,core,core,2018-01-18 00:00:00,,no_representative_state,1,severe
000003019,2018-01-18 02:00:00,2018-01-18,2,core,core,2018-01-18 02:00:00,,no_representative_state,1,severe
000003019,2018-01-18 03:00:00,2018-01-18,3,core,core,2018-01-18 03:00:00,,no_representative_state,1,severe
000003019,2018-01-18 06:00:00,2018-01-18,6,core,core,2018-01-18 06:00:00,,no_representative_state,1,severe
000003019,2018-01-18 09:00:00,2018-01-18,9,outer,outer,2018-01-18 09:00:00,,no_representative_state,1,severe
000003019,2018-01-18 10:00:00,2018-01-18,10,near,near,2018-01-18 10:00:00,,multi_a_region,2,severe
000003019,2018-01-18 10:00:00,2018-01-18,10,outer,outer,2018-01-18 10:00:00,,multi_a_region,2,severe
000003019,2018-01-18 12:00:00,2018-01-18,12,near,near,2018-01-18 12:00:00,,no_representative_state,1,severe
000003019,2018-01-18 14:00:00,2018-01-18,14,near,near,2018-01-18 14:00:00,,no_representative_state,1,severe
000003019,2018-01-18 15:00:00,2018-01-18,15,near,near,2018-01-18 15:00:00,,no_representative_state,1,severe
000003019,2018-01-18 16:00:00,2018-01-18,16,near,near,2018-01-18 16:00:00,,multi_a_region,2,severe
000003019,2018-01-18 16:00:00,2018-01-18,16,outer,outer,2018-01-18 16:00:00,,multi_a_region,2,severe
000003019,2018-01-18 23:00:00,2018-01-18,23,core,core,2018-01-18 23:00:00,,no_representative_state,1,severe
000003019,2018-01-19 07:00:00,2018-01-19,7,core,core,2018-01-19 07:00:00,,no_representative_state,1,normal
000003019,2018-01-19 11:00:00,2018-01-19,11,core,core,2018-01-19 11:00:00,,no_representative_state,1,normal
000003019,2018-01-19 12:00:00,2018-01-19,12,core,core,2018-01-19 12:00:00,,no_representative_state,1,normal
000003019,2018-01-19 13:00:00,2018-01-19,13,core,core,2018-01-19 13:00:00,,no_representative_state,1,normal
000003019,2018-01-19 14:00:00,2018-01-19,14,core,core,2018-01-19 14:00:00,,no_representative_state,1,normal
000003019,2018-01-19 15:00:00,2018-01-19,15,core,core,2018-01-19 15:00:00,,no_representative_state,1,normal
000003019,2018-01-19 16:00:00,2018-01-19,16,core,core,2018-01-19 16:00:00,,no_representative_state,1,normal
000003019,2018-01-19 18:00:00,2018-01-19,18,core,core,2018-01-19 18:00:00,,no_representative_state,1,normal
000003019,2018-01-19 19:00:00,2018-01-19,19,core,core,2018-01-19 19:00:00,,multi_a_region,2,normal
000003019,2018-01-19 19:00:00,2018-01-19,19,near,near,2018-01-19 19:00:00,,multi_a_region,2,normal
000003019,2018-01-19 20:00:00,2018-01-19,20,core,core,2018-01-19 20:00:00,,multi_a_region,2,normal
000003019,2018-01-19 20:00:00,2018-01-19,20,near,near,2018-01-19 20:00:00,,multi_a_region,2,normal
000003019,2018-01-19 23:00:00,2018-01-19,23,core,core,2018-01-19 23:00:00,,multi_a_region,2,normal
000003019,2018-01-19 23:00:00,2018-01-19,23,near,near,2018-01-19 23:00:00,,multi_a_region,2,normal
000003019,2018-01-20 00:00:00,2018-01-20,0,core,core,2018-01-20 00:00:00,,no_representative_state,1,normal
000003019,2018-01-20 03:00:00,2018-01-20,3,core,core,2018-01-20 03:00:00,,no_representative_state,1,normal
000003019,2018-01-20 04:00:00,2018-01-20,4,core,core,2018-01-20 04:00:00,,no_representative_state,1,normal
000003019,2018-01-20 06:00:00,2018-01-20,6,core,core,2018-01-20 06:00:00,,multi_a_region,2,normal
000003019,2018-01-20 06:00:00,2018-01-20,6,near,near,2018-01-20 06:00:00,,multi_a_region,2,normal
000003019,2018-01-20 07:00:00,2018-01-20,7,near,near,2018-01-20 07:00:00,,multi_a_region,2,normal
000003019,2018-01-20 07:00:00,2018-01-20,7,outer,outer,2018-01-20 07:00:00,,multi_a_region,2,normal
000003019,2018-01-20 08:00:00,2018-01-20,8,near,near,2018-01-20 08:00:00,,multi_a_region,2,normal
000003019,2018-01-20 08:00:00,2018-01-20,8,outer,outer,2018-01-20 08:00:00,,multi_a_region,2,normal
000003019,2018-01-20 09:00:00,2018-01-20,9,near,near,2018-01-20 09:00:00,,multi_a_region,2,normal
000003019,2018-01-20 09:00:00,2018-01-20,9,outer,outer,2018-01-20 09:00:00,,multi_a_region,2,normal
000003019,2018-01-20 10:00:00,2018-01-20,10,core,core,2018-01-20 10:00:00,,multi_a_region,2,normal
000003019,2018-01-20 10:00:00,2018-01-20,10,near,near,2018-01-20 10:00:00,,multi_a_region,2,normal
000003019,2018-01-20 11:00:00,2018-01-20,11,near,near,2018-01-20 11:00:00,,no_representative_state,1,normal
000003019,2018-01-20 12:00:00,2018-01-20,12,core,core,2018-01-20 12:00:00,,multi_a_region,2,normal
000003019,2018-01-20 12:00:00,2018-01-20,12,near,near,2018-01-20 12:00:00,,multi_a_region,2,normal
000003019,2018-01-20 14:00:00,2018-01-20,14,core,core,2018-01-20 14:00:00,,no_representative_state,1,normal
000003019,2018-01-20 15:00:00,2018-01-20,15,core,core,2018-01-20 15:00:00,,multi_a_region,2,normal
000003019,2018-01-20 15:00:00,2018-01-20,15,near,near,2018-01-20 15:00:00,,multi_a_region,2,normal
000003019,2018-01-20 16:00:00,2018-01-20,16,core,core,2018-01-20 16:00:00,,multi_a_region,2,normal
000003019,2018-01-20 16:00:00,2018-01-20,16,near,near,2018-01-20 16:00:00,,multi_a_region,2,normal
000003019,2018-01-20 17:00:00,2018-01-20,17,core,core,2018-01-20 17:00:00,,no_representative_state,1,normal
000003019,2018-01-20 19:00:00,2018-01-20,19,core,core,2018-01-20 19:00:00,,no_representative_state,1,normal
000003019,2018-01-20 23:00:00,2018-01-20,23,core,core,2018-01-20 23:00:00,,no_representative_state,1,normal
000003019,2018-01-21 00:00:00,2018-01-21,0,core,core,2018-01-21 00:00:00,,no_representative_state,1,normal
000003019,2018-01-21 01:00:00,2018-01-21,1,core,core,2018-01-21 01:00:00,,no_representative_state,1,normal
000003019,2018-01-21 03:00:00,2018-01-21,3,core,core,2018-01-21 03:00:00,,no_representative_state,1,normal
000003019,2018-01-21 04:00:00,2018-01-21,4,core,core,2018-01-21 04:00:00,,no_representative_state,1,normal
000003019,2018-01-21 05:00:00,2018-01-21,5,core,core,2018-01-21 05:00:00,,no_representative_state,1,normal
000003019,2018-01-21 09:00:00,2018-01-21,9,core,core,2018-01-21 09:00:00,,no_representative_state,1,normal
000003019,2018-01-21 13:00:00,2018-01-21,13,core,core,2018-01-21 13:00:00,,multi_a_region,2,normal
000003019,2018-01-21 13:00:00,2018-01-21,13,near,near,2018-01-21 13:00:00,,multi_a_region,2,normal
000003019,2018-01-21 14:00:00,2018-01-21,14,near,near,2018-01-21 14:00:00,,multi_a_region,2,normal
000003019,2018-01-21 14:00:00,2018-01-21,14,outer,outer,2018-01-21 14:00:00,,multi_a_region,2,normal
000003019,2018-01-21 15:00:00,2018-01-21,15,outer,outer,2018-01-21 15:00:00,,no_representative_state,1,normal
000003019,2018-01-21 16:00:00,2018-01-21,16,near,near,2018-01-21 16:00:00,,multi_a_region,2,normal
000003019,2018-01-21 16:00:00,2018-01-21,16,outer,outer,2018-01-21 16:00:00,,multi_a_region,2,normal
000003019,2018-01-21 18:00:00,2018-01-21,18,near,near,2018-01-21 18:00:00,,multi_a_region,2,normal
000003019,2018-01-21 18:00:00,2018-01-21,18,outer,outer,2018-01-21 18:00:00,,multi_a_region,2,normal
000003019,2018-01-21 19:00:00,2018-01-21,19,near,near,2018-01-21 19:00:00,,multi_a_region,2,normal
000003019,2018-01-21 19:00:00,2018-01-21,19,outer,outer,2018-01-21 19:00:00,,multi_a_region,2,normal
000003019,2018-01-21 21:00:00,2018-01-21,21,core,core,2018-01-21 21:00:00,,multi_a_region,2,normal
000003019,2018-01-21 21:00:00,2018-01-21,21,near,near,2018-01-21 21:00:00,,multi_a_region,2,normal
000003019,2018-01-21 23:00:00,2018-01-21,23,core,core,2018-01-21 23:00:00,,no_representative_state,1,normal
000003019,2018-01-22 00:00:00,2018-01-22,0,core,core,2018-01-22 00:00:00,,no_representative_state,1,normal
000003019,2018-01-22 07:00:00,2018-01-22,7,core,core,2018-01-22 07:00:00,,no_representative_state,1,normal
000003019,2018-01-22 08:00:00,2018-01-22,8,core,core,2018-01-22 08:00:00,,no_representative_state,1,normal
000003019,2018-01-22 17:00:00,2018-01-22,17,core,core,2018-01-22 17:00:00,,no_representative_state,1,normal
000003019,2018-01-22 18:00:00,2018-01-22,18,core,core,2018-01-22 18:00:00,,no_representative_state,1,normal
000003019,2018-01-22 20:00:00,2018-01-22,20,core,core,2018-01-22 20:00:00,,no_representative_state,1,normal
000003019,2018-01-22 22:00:00,2018-01-22,22,core,core,2018-01-22 22:00:00,,no_representative_state,1,normal
000003019,2018-01-22 23:00:00,2018-01-22,23,core,core,2018-01-22 23:00:00,,no_representative_state,1,normal
000003019,2018-01-23 02:00:00,2018-01-23,2,core,core,2018-01-23 02:00:00,,no_representative_state,1,normal
000003019,2018-01-23 03:00:00,2018-01-23,3,core,core,2018-01-23 03:00:00,,multi_a_region,2,normal
000003019,2018-01-23 03:00:00,2018-01-23,3,near,near,2018-01-23 03:00:00,,multi_a_region,2,normal
000003019,2018-01-23 04:00:00,2018-01-23,4,core,core,2018-01-23 04:00:00,,no_representative_state,1,normal
000003019,2018-01-23 06:00:00,2018-01-23,6,core,core,2018-01-23 06:00:00,,multi_a_region,2,normal
000003019,2018-01-23 06:00:00,2018-01-23,6,near,near,2018-01-23 06:00:00,,multi_a_region,2,normal
000003019,2018-01-23 07:00:00,2018-01-23,7,near,near,2018-01-23 07:00:00,,multi_a_region,2,normal
000003019,2018-01-23 07:00:00,2018-01-23,7,outer,outer,2018-01-23 07:00:00,,multi_a_region,2,normal
000003019,2018-01-23 08:00:00,2018-01-23,8,near,near,2018-01-23 08:00:00,,multi_a_region,2,normal
000003019,2018-01-23 08:00:00,2018-01-23,8,outer,outer,2018-01-23 08:00:00,,multi_a_region,2,normal
000003019,2018-01-23 10:00:00,2018-01-23,10,near,near,2018-01-23 10:00:00,,no_representative_state,1,normal
000003019,2018-01-23 11:00:00,2018-01-23,11,near,near,2018-01-23 11:00:00,,multi_a_region,2,normal
000003019,2018-01-23 11:00:00,2018-01-23,11,outer,outer,2018-01-23 11:00:00,,multi_a_region,2,normal
000003019,2018-01-23 12:00:00,2018-01-23,12,core,core,2018-01-23 12:00:00,,multi_a_region,3,normal
000003019,2018-01-23 12:00:00,2018-01-23,12,near,near,2018-01-23 12:00:00,,multi_a_region,3,normal
000003019,2018-01-23 12:00:00,2018-01-23,12,outer,outer,2018-01-23 12:00:00,,multi_a_region,3,normal
000003019,2018-01-23 15:00:00,2018-01-23,15,core,core,2018-01-23 15:00:00,,multi_a_region,2,normal
000003019,2018-01-23 15:00:00,2018-01-23,15,near,near,2018-01-23 15:00:00,,multi_a_region,2,normal
000003019,2018-01-23 18:00:00,2018-01-23,18,core,core,2018-01-23 18:00:00,,multi_a_region,2,normal
000003019,2018-01-23 18:00:00,2018-01-23,18,near,near,2018-01-23 18:00:00,,multi_a_region,2,normal
000003019,2018-01-23 19:00:00,2018-01-23,19,core,core,2018-01-23 19:00:00,,no_representative_state,1,normal
000003019,2018-01-23 20:00:00,2018-01-23,20,core,core,2018-01-23 20:00:00,,no_representative_state,1,normal
000003019,2018-01-23 21:00:00,2018-01-23,21,core,core,2018-01-23 21:00:00,,no_representative_state,1,normal
000003019,2018-01-23 23:00:00,2018-01-23,23,core,core,2018-01-23 23:00:00,,no_representative_state,1,normal
000003019,2018-01-24 00:00:00,2018-01-24,0,core,core,2018-01-24 00:00:00,,no_representative_state,1,normal
000003019,2018-01-24 01:00:00,2018-01-24,1,core,core,2018-01-24 01:00:00,,no_representative_state,1,normal
000003019,2018-01-24 04:00:00,2018-01-24,4,core,core,2018-01-24 04:00:00,,no_representative_state,1,normal
000003019,2018-01-24 05:00:00,2018-01-24,5,core,core,2018-01-24 05:00:00,,no_representative_state,1,normal
000003019,2018-01-24 11:00:00,2018-01-24,11,core,core,2018-01-24 11:00:00,,no_representative_state,1,normal
000003019,2018-01-24 12:00:00,2018-01-24,12,core,core,2018-01-24 12:00:00,,no_representative_state,1,normal
000003019,2018-01-24 14:00:00,2018-01-24,14,core,core,2018-01-24 14:00:00,,no_representative_state,1,normal
000003019,2018-01-24 15:00:00,2018-01-24,15,core,core,2018-01-24 15:00:00,,multi_a_region,2,normal
000003019,2018-01-24 15:00:00,2018-01-24,15,near,near,2018-01-24 15:00:00,,multi_a_region,2,normal
000003019,2018-01-24 16:00:00,2018-01-24,16,core,core,2018-01-24 16:00:00,,multi_a_region,2,normal
000003019,2018-01-24 16:00:00,2018-01-24,16,near,near,2018-01-24 16:00:00,,multi_a_region,2,normal
000003019,2018-01-24 17:00:00,2018-01-24,17,core,core,2018-01-24 17:00:00,,no_representative_state,1,normal
000003019,2018-01-24 18:00:00,2018-01-24,18,core,core,2018-01-24 18:00:00,,no_representative_state,1,normal
000003019,2018-01-24 19:00:00,2018-01-24,19,core,core,2018-01-24 19:00:00,,no_representative_state,1,normal
000003019,2018-01-24 20:00:00,2018-01-24,20,core,core,2018-01-24 20:00:00,,multi_a_region,2,normal
000003019,2018-01-24 20:00:00,2018-01-24,20,near,near,2018-01-24 20:00:00,,multi_a_region,2,normal
000003019,2018-01-24 21:00:00,2018-01-24,21,core,core,2018-01-24 21:00:00,,multi_a_region,2,normal
000003019,2018-01-24 21:00:00,2018-01-24,21,near,near,2018-01-24 21:00:00,,multi_a_region,2,normal
000003030,2018-01-01 10:00:00,2018-01-01,10,outer,outer,2018-01-01 10:00:00,,no_representative_state,1,normal
000003030,2018-01-01 11:00:00,2018-01-01,11,outer,outer,2018-01-01 11:00:00,,no_representative_state,1,normal
000003030,2018-01-01 12:00:00,2018-01-01,12,outer,outer,2018-01-01 12:00:00,,no_representative_state,1,normal
000003030,2018-01-01 13:00:00,2018-01-01,13,outer,outer,2018-01-01 13:00:00,,no_representative_state,1,normal
000003030,2018-01-03 12:00:00,2018-01-03,12,outer,outer,2018-01-03 12:00:00,,no_representative_state,1,normal
000003030,2018-01-03 14:00:00,2018-01-03,14,outer,outer,2018-01-03 14:00:00,,no_representative_state,1,normal
000003030,2018-01-04 11:00:00,2018-01-04,11,outer,outer,2018-01-04 11:00:00,,no_representative_state,1,normal
000003030,2018-01-04 12:00:00,2018-01-04,12,outer,outer,2018-01-04 12:00:00,,no_representative_state,1,normal
000003030,2018-01-05 13:00:00,2018-01-05,13,outer,outer,2018-01-05 13:00:00,,no_representative_state,1,normal
000003030,2018-01-05 15:00:00,2018-01-05,15,outer,outer,2018-01-05 15:00:00,,no_representative_state,1,normal
000003030,2018-01-06 11:00:00,2018-01-06,11,outer,outer,2018-01-06 11:00:00,,no_representative_state,1,normal
000003030,2018-01-06 12:00:00,2018-01-06,12,outer,outer,2018-01-06 12:00:00,,no_representative_state,1,normal
000003030,2018-01-07 14:00:00,2018-01-07,14,outer,outer,2018-01-07 14:00:00,,no_representative_state,1,normal
000003030,2018-01-07 15:00:00,2018-01-07,15,outer,outer,2018-01-07 15:00:00,,no_representative_state,1,normal
000003030,2018-01-08 13:00:00,2018-01-08,13,outer,outer,2018-01-08 13:00:00,,no_representative_state,1,normal
000003030,2018-01-09 10:00:00,2018-01-09,10,outer,outer,2018-01-09 10:00:00,,no_representative_state,1,normal
000003030,2018-01-11 11:00:00,2018-01-11,11,outer,outer,2018-01-11 11:00:00,,no_representative_state,1,normal
000003030,2018-01-11 12:00:00,2018-01-11,12,outer,outer,2018-01-11 12:00:00,,no_representative_state,1,normal
000003030,2018-01-11 13:00:00,2018-01-11,13,outer,outer,2018-01-11 13:00:00,,no_representative_state,1,normal
000003030,2018-01-15 10:00:00,2018-01-15,10,outer,outer,2018-01-15 10:00:00,,no_representative_state,1,outage
000003030,2018-01-15 14:00:00,2018-01-15,14,outer,outer,2018-01-15 14:00:00,,no_representative_state,1,outage
000003030,2018-01-15 15:00:00,2018-01-15,15,outer,outer,2018-01-15 15:00:00,,no_representative_state,1,outage
000003030,2018-01-15 16:00:00,2018-01-15,16,outer,outer,2018-01-15 16:00:00,,no_representative_state,1,outage
000003030,2018-01-17 09:00:00,2018-01-17,9,outer,outer,2018-01-17 09:00:00,,no_representative_state,1,severe
000003030,2018-01-17 10:00:00,2018-01-17,10,outer,outer,2018-01-17 10:00:00,,no_representative_state,1,severe
000003030,2018-01-17 11:00:00,2018-01-17,11,outer,outer,2018-01-17 11:00:00,,no_representative_state,1,severe
000003030,2018-01-18 10:00:00,2018-01-18,10,outer,outer,2018-01-18 10:00:00,,no_representative_state,1,severe
000003030,2018-01-18 11:00:00,2018-01-18,11,outer,outer,2018-01-18 11:00:00,,no_representative_state,1,severe
000003030,2018-01-23 13:00:00,2018-01-23,13,outer,outer,2018-01-23 13:00:00,,no_representative_state,1,normal
000003030,2018-01-24 10:00:00,2018-01-24,10,outer,outer,2018-01-24 10:00:00,,no_representative_state,1,normal
000003030,2018-01-24 11:00:00,2018-01-24,11,outer,outer,2018-01-24 11:00:00,,no_representative_state,1,normal
000003077,2018-01-01 00:00:00,2018-01-01,0,core,core,2018-01-01 00:00:00,,no_representative_state,1,normal
000003077,2018-01-01 03:00:00,2018-01-01,3,core,core,2018-01-01 03:00:00,,multi_a_region,2,normal
000003077,2018-01-01 03:00:00,2018-01-01,3,near,near,2018-01-01 03:00:00,,multi_a_region,2,normal
000003077,2018-01-01 04:00:00,2018-01-01,4,core,core,2018-01-01 04:00:00,,multi_a_region,2,normal
000003077,2018-01-01 04:00:00,2018-01-01,4,near,near,2018-01-01 04:00:00,,multi_a_region,2,normal
000003077,2018-01-01 07:00:00,2018-01-01,7,core,core,2018-01-01 07:00:00,,multi_a_region,2,normal
000003077,2018-01-01 07:00:00,2018-01-01,7,near,near,2018-01-01 07:00:00,,multi_a_region,2,normal
000003077,2018-01-01 08:00:00,2018-01-01,8,core,core,2018-01-01 08:00:00,,multi_a_region,2,normal
000003077,2018-01-01 08:00:00,2018-01-01,8,near,near,2018-01-01 08:00:00,,multi_a_region,2,normal
000003077,2018-01-01 10:00:00,2018-01-01,10,core,core,2018-01-01 10:00:00,,no_representative_state,1,normal
000003077,2018-01-01 11:00:00,2018-01-01,11,core,core,2018-01-01 11:00:00,,multi_a_region,2,normal
000003077,2018-01-01 11:00:00,2018-01-01,11,near,near,2018-01-01 11:00:00,,multi_a_region,2,normal
000003077,2018-01-01 12:00:00,2018-01-01,12,core,core,2018-01-01 12:00:00,,no_representative_state,1,normal
000003077,2018-01-01 14:00:00,2018-01-01,14,core,core,2018-01-01 14:00:00,,multi_a_region,2,normal
000003077,2018-01-01 14:00:00,2018-01-01,14,near,near,2018-01-01 14:00:00,,multi_a_region,2,normal
000003077,2018-01-01 15:00:00,2018-01-01,15,near,near,2018-01-01 15:00:00,,no_representative_state,1,normal
000003077,2018-01-01 16:00:00,2018-01-01,16,core,core,2018-01-01 16:00:00,,multi_a_region,2,normal
000003077,2018-01-01 16:00:00,2018-01-01,16,near,near,2018-01-01 16:00:00,,multi_a_region,2,normal
000003077,2018-01-01 18:00:00,2018-01-01,18,core,core,2018-01-01 18:00:00,,no_representative_state,1,normal
000003077,2018-01-01 19:00:00,2018-01-01,19,core,core,2018-01-01 19:00:00,,multi_a_region,2,normal
000003077,2018-01-01 19:00:00,2018-01-01,19,near,near,2018-01-01 19:00:00,,multi_a_region,2,normal
000003077,2018-01-01 21:00:00,2018-01-01,21,core,core,2018-01-01 21:00:00,,multi_a_region,2,normal
000003077,2018-01-01 21:00:00,2018-01-01,21,near,near,2018-01-01 21:00:00,,multi_a_region,2,normal
000003077,2018-01-01 22:00:00,2018-01-01,22,core,core,2018-01-01 22:00:00,,no_representative_state,1,normal
000003077,2018-01-01 23:00:00,2018-01-01,23,core,core,2018-01-01 23:00:00,,no_representative_state,1,normal
000003077,2018-01-02 00:00:00,2018-01-02,0,core,core,2018-01-02 00:00:00,,no_representative_state,1,normal
000003077,2018-01-02 03:00:00,2018-01-02,3,core,core,2018-01-02 03:00:00,,multi_a_region,2,normal
000003077,2018-01-02 03:00:00,2018-01-02,3,near,near,2018-01-02 03:00:00,,multi_a_region,2,normal
000003077,2018-01-02 04:00:00,2018-01-02,4,core,core,2018-01-02 04:00:00,,multi_a_region,2,normal
000003077,2018-01-02 04:00:00,2018-01-02,4,near,near,2018-01-02 04:00:00,,multi_a_region,2,normal
000003077,2018-01-02 05:00:00,2018-01-02,5,core,core,2018-01-02 05:00:00,,no_representative_state,1,normal
000003077,2018-01-02 07:00:00,2018-01-02,7,core,core,2018-01-02 07:00:00,,multi_a_region,3,normal
000003077,2018-01-02 07:00:00,2018-01-02,7,near,near,2018-01-02 07:00:00,,multi_a_region,3,normal
000003077,2018-01-02 07:00:00,2018-01-02,7,outer,outer,2018-01-02 07:00:00,,multi_a_region,3,normal
000003077,2018-01-02 08:00:00,2018-01-02,8,outer,outer,2018-01-02 08:00:00,,no_representative_state,1,normal
000003077,2018-01-02 09:00:00,2018-01-02,9,outer,outer,2018-01-02 09:00:00,,no_representative_state,1,normal
000003077,2018-01-02 10:00:00,2018-01-02,10,near,near,2018-01-02 10:00:00,,multi_a_region,2,normal
000003077,2018-01-02 10:00:00,2018-01-02,10,outer,outer,2018-01-02 10:00:00,,multi_a_region,2,normal
000003077,2018-01-02 12:00:00,2018-01-02,12,near,near,2018-01-02 12:00:00,,multi_a_region,2,normal
000003077,2018-01-02 12:00:00,2018-01-02,12,outer,outer,2018-01-02 12:00:00,,multi_a_region,2,normal
000003077,2018-01-02 13:00:00,2018-01-02,13,near,near,2018-01-02 13:00:00,,multi_a_region,2,normal
000003077,2018-01-02 13:00:00,2018-01-02,13,outer,outer,2018-01-02 13:00:00,,multi_a_region,2,normal
000003077,2018-01-02 14:00:00,2018-01-02,14,core,core,2018-01-02 14:00:00,,multi_a_region,2,normal
000003077,2018-01-02 14:00:00,2018-01-02,14,near,near,2018-01-02 14:00:00,,multi_a_region,2,normal
000003077,2018-01-02 15:00:00,2018-01-02,15,core,core,2018-01-02 15:00:00,,no_representative_state,1,normal
000003077,2018-01-02 16:00:00,2018-01-02,16,core,core,2018-01-02 16:00:00,,multi_a_region,2,normal
000003077,2018-01-02 16:00:00,2018-01-02,16,near,near,2018-01-02 16:00:00,,multi_a_region,2,normal
000003077,2018-01-02 17:00:00,2018-01-02,17,core,core,2018-01-02 17:00:00,,no_representative_state,1,normal
000003077,2018-01-02 18:00:00,2018-01-02,18,core,core,2018-01-02 18:00:00,,no_representative_state,1,normal
000003077,2018-01-02 19:00:00,2018-01-02,19,core,core,2018-01-02 19:00:00,,multi_a_region,2,normal
000003077,2018-01-02 19:00:00,2018-01-02,19,near,near,2018-01-02 19:00:00,,multi_a_region,2,normal
000003077,2018-01-02 20:00:00,2018-01-02,20,core,core,2018-01-02 20:00:00,,multi_a_region,2,normal
000003077,2018-01-02 20:00:00,2018-01-02,20,near,near,2018-01-02 20:00:00,,multi_a_region,2,normal
000003077,2018-01-03 06:00:00,2018-01-03,6,core,core,2018-01-03 06:00:00,,no_representative_state,1,normal
000003077,2018-01-03 07:00:00,2018-01-03,7,core,core,2018-01-03 07:00:00,,multi_a_region,2,normal
000003077,2018-01-03 07:00:00,2018-01-03,7,near,near,2018-01-03 07:00:00,,multi_a_region,2,normal
000003077,2018-01-03 08:00:00,2018-01-03,8,core,core,2018-01-03 08:00:00,,multi_a_region,2,normal
000003077,2018-01-03 08:00:00,2018-01-03,8,near,near,2018-01-03 08:00:00,,multi_a_region,2,normal
000003077,2018-01-03 10:00:00,2018-01-03,10,core,core,2018-01-03 10:00:00,,no_representative_state,1,normal
000003077,2018-01-03 11:00:00,2018-01-03,11,core,core,2018-01-03 11:00:00,,no_representative_state,1,normal
000003077,2018-01-03 12:00:00,2018-01-03,12,core,core,2018-01-03 12:00:00,,no_representative_state,1,normal
000003077,2018-01-03 15:00:00,2018-01-03,15,core,core,2018-01-03 15:00:00,,no_representative_state,1,normal
000003077,2018-01-03 16:00:00,2018-01-03,16,core,core,2018-01-03 16:00:00,,no_representative_state,1,normal
000003077,2018-01-03 19:00:00,2018-01-03,19,core,core,2018-01-03 19:00:00,,multi_a_region,2,normal
000003077,2018-01-03 19:00:00,2018-01-03,19,near,near,2018-01-03 19:00:00,,multi_a_region,2,normal
000003077,2018-01-03 20:00:00,2018-01-03,20,core,core,2018-01-03 20:00:00,,no_representative_state,1,normal
000003077,2018-01-03 22:00:00,2018-01-03,22,core,core,2018-01-03 22:00:00,,multi_a_region,2,normal
000003077,2018-01-03 22:00:00,2018-01-03,22,near,near,2018-01-03 22:00:00,,multi_a_region,2,normal
000003077,2018-01-03 23:00:00,2018-01-03,23,core,core,2018-01-03 23:00:00,,multi_a_region,2,normal
000003077,2018-01-03 23:00:00,2018-01-03,23,near,near,2018-01-03 23:00:00,,multi_a_region,2,normal
000003077,2018-01-04 00:00:00,2018-01-04,0,core,core,2018-01-04 00:00:00,,no_representative_state,1,normal
000003077,2018-01-04 03:00:00,2018-01-04,3,core,core,2018-01-04 03:00:00,,no_representative_state,1,normal
000003077,2018-01-04 04:00:00,2018-01-04,4,core,core,2018-01-04 04:00:00,,no_representative_state,1,normal
000003077,2018-01-04 05:00:00,2018-01-04,5,core,core,2018-01-04 05:00:00,,no_representative_state,1,normal
000003077,2018-01-04 06:00:00,2018-01-04,6,core,core,2018-01-04 06:00:00,,multi_a_region,2,normal
000003077,2018-01-04 06:00:00,2018-01-04,6,near,near,2018-01-04 06:00:00,,multi_a_region,2,normal
000003077,2018-01-04 07:00:00,2018-01-04,7,near,near,2018-01-04 07:00:00,,multi_a_region,2,normal
000003077,2018-01-04 07:00:00,2018-01-04,7,outer,outer,2018-01-04 07:00:00,,multi_a_region,2,normal
000003077,2018-01-04 09:00:00,2018-01-04,9,near,near,2018-01-04 09:00:00,,multi_a_region,2,normal
000003077,2018-01-04 09:00:00,2018-01-04,9,outer,outer,2018-01-04 09:00:00,,multi_a_region,2,normal
000003077,2018-01-04 10:00:00,2018-01-04,10,core,core,2018-01-04 10:00:00,,multi_a_region,3,normal
000003077,2018-01-04 10:00:00,2018-01-04,10,near,near,2018-01-04 10:00:00,,multi_a_region,3,normal
000003077,2018-01-04 10:00:00,2018-01-04,10,outer,outer,2018-01-04 10:00:00,,multi_a_region,3,normal
000003077,2018-01-04 11:00:00,2018-01-04,11,near,near,2018-01-04 11:00:00,,no_representative_state,1,normal
000003077,2018-01-04 15:00:00,2018-01-04,15,core,core,2018-01-04 15:00:00,,multi_a_region,2,normal
000003077,2018-01-04 15:00:00,2018-01-04,15,near,near,2018-01-04 15:00:00,,multi_a_region,2,normal
000003077,2018-01-04 16:00:00,2018-01-04,16,core,core,2018-01-04 16:00:00,,no_representative_state,1,normal
000003077,2018-01-04 23:00:00,2018-01-04,23,core,core,2018-01-04 23:00:00,,multi_a_region,2,normal
000003077,2018-01-04 23:00:00,2018-01-04,23,near,near,2018-01-04 23:00:00,,multi_a_region,2,normal
000003077,2018-01-05 00:00:00,2018-01-05,0,core,core,2018-01-05 00:00:00,,multi_a_region,2,normal
000003077,2018-01-05 00:00:00,2018-01-05,0,near,near,2018-01-05 00:00:00,,multi_a_region,2,normal
000003077,2018-01-05 06:00:00,2018-01-05,6,core,core,2018-01-05 06:00:00,,no_representative_state,1,normal
000003077,2018-01-05 07:00:00,2018-01-05,7,core,core,2018-01-05 07:00:00,,multi_a_region,2,normal
000003077,2018-01-05 07:00:00,2018-01-05,7,near,near,2018-01-05 07:00:00,,multi_a_region,2,normal
000003077,2018-01-05 08:00:00,2018-01-05,8,core,core,2018-01-05 08:00:00,,multi_a_region,2,normal
000003077,2018-01-05 08:00:00,2018-01-05,8,near,near,2018-01-05 08:00:00,,multi_a_region,2,normal
000003077,2018-01-05 10:00:00,2018-01-05,10,core,core,2018-01-05 10:00:00,,multi_a_region,2,normal
000003077,2018-01-05 10:00:00,2018-01-05,10,near,near,2018-01-05 10:00:00,,multi_a_region,2,normal
000003077,2018-01-05 11:00:00,2018-01-05,11,core,core,2018-01-05 11:00:00,,multi_a_region,2,normal
000003077,2018-01-05 11:00:00,2018-01-05,11,near,near,2018-01-05 11:00:00,,multi_a_region,2,normal
000003077,2018-01-05 12:00:00,2018-01-05,12,core,core,2018-01-05 12:00:00,,no_representative_state,1,normal
000003077,2018-01-05 15:00:00,2018-01-05,15,core,core,2018-01-05 15:00:00,,no_representative_state,1,normal
000003077,2018-01-05 18:00:00,2018-01-05,18,core,core,2018-01-05 18:00:00,,no_representative_state,1,normal
000003077,2018-01-05 19:00:00,2018-01-05,19,core,core,2018-01-05 19:00:00,,multi_a_region,2,normal
000003077,2018-01-05 19:00:00,2018-01-05,19,near,near,2018-01-05 19:00:00,,multi_a_region,2,normal
000003077,2018-01-05 20:00:00,2018-01-05,20,core,core,2018-01-05 20:00:00,,multi_a_region,2,normal
000003077,2018-01-05 20:00:00,2018-01-05,20,near,near,2018-01-05 20:00:00,,multi_a_region,2,normal
000003077,2018-01-05 22:00:00,2018-01-05,22,core,core,2018-01-05 22:00:00,,no_representative_state,1,normal
000003077,2018-01-06 07:00:00,2018-01-06,7,core,core,2018-01-06 07:00:00,,multi_a_region,3,normal
000003077,2018-01-06 07:00:00,2018-01-06,7,near,near,2018-01-06 07:00:00,,multi_a_region,3,normal
000003077,2018-01-06 07:00:00,2018-01-06,7,outer,outer,2018-01-06 07:00:00,,multi_a_region,3,normal
000003077,2018-01-06 08:00:00,2018-01-06,8,outer,outer,2018-01-06 08:00:00,,no_representative_state,1,normal
000003077,2018-01-06 09:00:00,2018-01-06,9,outer,outer,2018-01-06 09:00:00,,no_representative_state,1,normal
000003077,2018-01-06 10:00:00,2018-01-06,10,near,near,2018-01-06 10:00:00,,multi_a_region,2,normal
000003077,2018-01-06 10:00:00,2018-01-06,10,outer,outer,2018-01-06 10:00:00,,multi_a_region,2,normal
000003077,2018-01-06 12:00:00,2018-01-06,12,near,near,2018-01-06 12:00:00,,multi_a_region,2,normal
000003077,2018-01-06 12:00:00,2018-01-06,12,outer,outer,2018-01-06 12:00:00,,multi_a_region,2,normal
000003077,2018-01-06 13:00:00,2018-01-06,13,core,core,2018-01-06 13:00:00,,multi_a_region,2,normal
000003077,2018-01-06 13:00:00,2018-01-06,13,near,near,2018-01-06 13:00:00,,multi_a_region,2,normal
000003077,2018-01-06 14:00:00,2018-01-06,14,core,core,2018-01-06 14:00:00,,no_representative_state,1,normal
000003077,2018-01-06 15:00:00,2018-01-06,15,core,core,2018-01-06 15:00:00,,no_representative_state,1,normal
000003077,2018-01-06 16:00:00,2018-01-06,16,core,core,2018-01-06 16:00:00,,no_representative_state,1,normal
000003077,2018-01-06 17:00:00,2018-01-06,17,core,core,2018-01-06 17:00:00,,no_representative_state,1,normal
000003077,2018-01-06 21:00:00,2018-01-06,21,core,core,2018-01-06 21:00:00,,no_representative_state,1,normal
000003077,2018-01-06 22:00:00,2018-01-06,22,core,core,2018-01-06 22:00:00,,no_representative_state,1,normal
000003077,2018-01-06 23:00:00,2018-01-06,23,core,core,2018-01-06 23:00:00,,no_representative_state,1,normal
000003077,2018-01-07 00:00:00,2018-01-07,0,core,core,2018-01-07 00:00:00,,no_representative_state,1,normal
000003077,2018-01-07 02:00:00,2018-01-07,2,core,core,2018-01-07 02:00:00,,no_representative_state,1,normal
000003077,2018-01-07 03:00:00,2018-01-07,3,core,core,2018-01-07 03:00:00,,no_representative_state,1,normal
000003077,2018-01-07 05:00:00,2018-01-07,5,core,core,2018-01-07 05:00:00,,no_representative_state,1,normal
000003077,2018-01-07 06:00:00,2018-01-07,6,core,core,2018-01-07 06:00:00,,multi_a_region,2,normal
000003077,2018-01-07 06:00:00,2018-01-07,6,near,near,2018-01-07 06:00:00,,multi_a_region,2,normal
000003077,2018-01-07 07:00:00,2018-01-07,7,core,core,2018-01-07 07:00:00,,no_representative_state,1,normal
000003077,2018-01-07 08:00:00,2018-01-07,8,core,core,2018-01-07 08:00:00,,multi_a_region,2,normal
000003077,2018-01-07 08:00:00,2018-01-07,8,near,near,2018-01-07 08:00:00,,multi_a_region,2,normal
000003077,2018-01-07 10:00:00,2018-01-07,10,core,core,2018-01-07 10:00:00,,no_representative_state,1,normal
000003077,2018-01-07 11:00:00,2018-01-07,11,core,core,2018-01-07 11:00:00,,no_representative_state,1,normal
000003077,2018-01-07 12:00:00,2018-01-07,12,core,core,2018-01-07 12:00:00,,multi_a_region,2,normal
000003077,2018-01-07 12:00:00,2018-01-07,12,near,near,2018-01-07 12:00:00,,multi_a_region,2,normal
000003077,2018-01-07 13:00:00,2018-01-07,13,core,core,2018-01-07 13:00:00,,multi_a_region,2,normal
000003077,2018-01-07 13:00:00,2018-01-07,13,near,near,2018-01-07 13:00:00,,multi_a_region,2,normal
000003077,2018-01-07 14:00:00,2018-01-07,14,core,core,2018-01-07 14:00:00,,no_representative_state,1,normal
000003077,2018-01-07 16:00:00,2018-01-07,16,core,core,2018-01-07 16:00:00,,no_representative_state,1,normal
000003077,2018-01-07 17:00:00,2018-01-07,17,core,core,2018-01-07 17:00:00,,no_representative_state,1,normal
000003077,2018-01-07 19:00:00,2018-01-07,19,core,core,2018-01-07 19:00:00,,no_representative_state,1,normal
000003077,2018-01-07 20:00:00,2018-01-07,20,core,core,2018-01-07 20:00:00,,multi_a_region,2,normal
000003077,2018-01-07 20:00:00,2018-01-07,20,near,near,2018-01-07 20:00:00,,multi_a_region,2,normal
000003077,2018-01-08 01:00:00,2018-01-08,1,core,core,2018-01-08 01:00:00,,no_representative_state,1,normal
000003077,2018-01-08 06:00:00,2018-01-08,6,core,core,2018-01-08 06:00:00,,no_representative_state,1,normal
000003077,2018-01-08 07:00:00,2018-01-08,7,core,core,2018-01-08 07:00:00,,no_representative_state,1,normal
000003077,2018-01-08 08:00:00,2018-01-08,8,core,core,2018-01-08 08:00:00,,no_representative_state,1,normal
000003077,2018-01-08 14:00:00,2018-01-08,14,core,core,2018-01-08 14:00:00,,no_representative_state,1,normal
000003077,2018-01-08 15:00:00,2018-01-08,15,core,core,2018-01-08 15:00:00,,no_representative_state,1,normal
000003077,2018-01-08 16:00:00,2018-01-08,16,core,core,2018-01-08 16:00:00,,no_representative_state,1,normal
000003077,2018-01-08 17:00:00,2018-01-08,17,core,core,2018-01-08 17:00:00,,no_representative_state,1,normal
000003077,2018-01-08 20:00:00,2018-01-08,20,core,core,2018-01-08 20:00:00,,no_representative_state,1,normal
000003077,2018-01-08 21:00:00,2018-01-08,21,core,core,2018-01-08 21:00:00,,no_representative_state,1,normal
000003077,2018-01-08 23:00:00,2018-01-08,23,core,core,2018-01-08 23:00:00,,multi_a_region,2,normal
000003077,2018-01-08 23:00:00,2018-01-08,23,near,near,2018-01-08 23:00:00,,multi_a_region,2,normal
000003077,2018-01-09 00:00:00,2018-01-09,0,near,near,2018-01-09 00:00:00,,no_representative_state,1,normal
000003077,2018-01-09 01:00:00,2018-01-09,1,core,core,2018-01-09 01:00:00,,multi_a_region,2,normal
000003077,2018-01-09 01:00:00,2018-01-09,1,near,near,2018-01-09 01:00:00,,multi_a_region,2,normal
000003077,2018-01-09 04:00:00,2018-01-09,4,core,core,2018-01-09 04:00:00,,no_representative_state,1,normal
000003077,2018-01-09 05:00:00,2018-01-09,5,core,core,2018-01-09 05:00:00,,no_representative_state,1,normal
000003077,2018-01-09 08:00:00,2018-01-09,8,core,core,2018-01-09 08:00:00,,no_representative_state,1,normal
000003077,2018-01-09 10:00:00,2018-01-09,10,core,core,2018-01-09 10:00:00,,no_representative_state,1,normal
000003077,2018-01-09 11:00:00,2018-01-09,11,core,core,2018-01-09 11:00:00,,multi_a_region,2,normal
000003077,2018-01-09 11:00:00,2018-01-09,11,near,near,2018-01-09 11:00:00,,multi_a_region,2,normal
000003077,2018-01-09 12:00:00,2018-01-09,12,core,core,2018-01-09 12:00:00,,multi_a_region,2,normal
000003077,2018-01-09 12:00:00,2018-01-09,12,near,near,2018-01-09 12:00:00,,multi_a_region,2,normal
000003077,2018-01-09 15:00:00,2018-01-09,15,core,core,2018-01-09 15:00:00,,no_representative_state,1,normal
000003077,2018-01-09 18:00:00,2018-01-09,18,core,core,2018-01-09 18:00:00,,multi_a_region,2,normal
000003077,2018-01-09 18:00:00,2018-01-09,18,near,near,2018-01-09 18:00:00,,multi_a_region,2,normal
000003077,2018-01-09 19:00:00,2018-01-09,19,near,near,2018-01-09 19:00:00,,no_representative_state,1,normal
000003077,2018-01-09 20:00:00,2018-01-09,20,core,core,2018-01-09 20:00:00,,multi_a_region,2,normal
000003077,2018-01-09 20:00:00,2018-01-09,20,near,near,2018-01-09 20:00:00,,multi_a_region,2,normal
000003077,2018-01-10 03:00:00,2018-01-10,3,core,core,2018-01-10 03:00:00,,no_representative_state,1,normal
000003077,2018-01-10 08:00:00,2018-01-10,8,near,near,2018-01-10 08:00:00,,no_representative_state,1,normal
000003077,2018-01-10 10:00:00,2018-01-10,10,core,core,2018-01-10 10:00:00,,multi_a_region,2,normal
000003077,2018-01-10 10:00:00,2018-01-10,10,near,near,2018-01-10 10:00:00,,multi_a_region,2,normal
000003077,2018-01-10 12:00:00,2018-01-10,12,core,core,2018-01-10 12:00:00,,no_representative_state,1,normal
000003077,2018-01-10 13:00:00,2018-01-10,13,core,core,2018-01-10 13:00:00,,no_representative_state,1,normal
000003077,2018-01-10 15:00:00,2018-01-10,15,core,core,2018-01-10 15:00:00,,multi_a_region,2,normal
000003077,2018-01-10 15:00:00,2018-01-10,15,near,near,2018-01-10 15:00:00,,multi_a_region,2,normal
000003077,2018-01-10 16:00:00,2018-01-10,16,core,core,2018-01-10 16:00:00,,no_representative_state,1,normal
000003077,2018-01-10 19:00:00,2018-01-10,19,core,core,2018-01-10 19:00:00,,multi_a_region,2,normal
000003077,2018-01-10 19:00:00,2018-01-10,19,near,near,2018-01-10 19:00:00,,multi_a_region,2,normal
000003077,2018-01-10 20:00:00,2018-01-10,20,core,core,2018-01-10 20:00:00,,multi_a_region,2,normal
000003077,2018-01-10 20:00:00,2018-01-10,20,near,near,2018-01-10 20:00:00,,multi_a_region,2,normal
000003077,2018-01-10 22:00:00,2018-01-10,22,core,core,2018-01-10 22:00:00,,no_representative_state,1,normal
000003077,2018-01-10 23:00:00,2018-01-10,23,core,core,2018-01-10 23:00:00,,no_representative_state,1,normal
000003077,2018-01-11 07:00:00,2018-01-11,7,core,core,2018-01-11 07:00:00,,no_representative_state,1,normal
000003077,2018-01-11 10:00:00,2018-01-11,10,near,near,2018-01-11 10:00:00,,no_representative_state,1,normal
000003077,2018-01-11 11:00:00,2018-01-11,11,near,near,2018-01-11 11:00:00,,no_representative_state,1,normal
000003077,2018-01-11 14:00:00,2018-01-11,14,core,core,2018-01-11 14:00:00,,no_representative_state,1,normal
000003077,2018-01-11 15:00:00,2018-01-11,15,core,core,2018-01-11 15:00:00,,no_representative_state,1,normal
000003077,2018-01-11 16:00:00,2018-01-11,16,core,core,2018-01-11 16:00:00,,no_representative_state,1,normal
000003077,2018-01-11 17:00:00,2018-01-11,17,core,core,2018-01-11 17:00:00,,no_representative_state,1,normal
000003077,2018-01-11 19:00:00,2018-01-11,19,core,core,2018-01-11 19:00:00,,no_representative_state,1,normal
000003077,2018-01-11 20:00:00,2018-01-11,20,core,core,2018-01-11 20:00:00,,no_representative_state,1,normal
000003077,2018-01-11 23:00:00,2018-01-11,23,core,core,2018-01-11 23:00:00,,multi_a_region,2,normal
000003077,2018-01-11 23:00:00,2018-01-11,23,near,near,2018-01-11 23:00:00,,multi_a_region,2,normal
000003077,2018-01-12 00:00:00,2018-01-12,0,core,core,2018-01-12 00:00:00,,no_representative_state,1,reduced
000003077,2018-01-12 02:00:00,2018-01-12,2,core,core,2018-01-12 02:00:00,,no_representative_state,1,reduced
000003077,2018-01-12 03:00:00,2018-01-12,3,core,core,2018-01-12 03:00:00,,no_representative_state,1,reduced
000003077,2018-01-12 04:00:00,2018-01-12,4,core,core,2018-01-12 04:00:00,,no_representative_state,1,reduced
000003077,2018-01-12 06:00:00,2018-01-12,6,core,core,2018-01-12 06:00:00,,no_representative_state,1,reduced
000003077,2018-01-12 07:00:00,2018-01-12,7,core,core,2018-01-12 07:00:00,,no_representative_state,1,reduced
000003077,2018-01-12 10:00:00,2018-01-12,10,core,core,2018-01-12 10:00:00,,no_representative_state,1,reduced
000003077,2018-01-12 15:00:00,2018-01-12,15,core,core,2018-01-12 15:00:00,,no_representative_state,1,reduced
000003077,2018-01-12 17:00:00,2018-01-12,17,core,core,2018-01-12 17:00:00,,no_representative_state,1,reduced
000003077,2018-01-12 23:00:00,2018-01-12,23,core,core,2018-01-12 23:00:00,,multi_a_region,2,reduced
000003077,2018-01-12 23:00:00,2018-01-12,23,near,near,2018-01-12 23:00:00,,multi_a_region,2,reduced
000003077,2018-01-13 00:00:00,2018-01-13,0,near,near,2018-01-13 00:00:00,,no_representative_state,1,outage
000003077,2018-01-13 06:00:00,2018-01-13,6,core,core,2018-01-13 06:00:00,,no_representative_state,1,outage
000003077,2018-01-13 07:00:00,2018-01-13,7,near,near,2018-01-13 07:00:00,,no_representative_state,1,outage
000003077,2018-01-13 08:00:00,2018-01-13,8,near,near,2018-01-13 08:00:00,,no_representative_state,1,outage
000003077,2018-01-13 09:00:00,2018-01-13,9,outer,outer,2018-01-13 09:00:00,,no_representative_state,1,outage
000003077,2018-01-13 13:00:00,2018-01-13,13,outer,outer,2018-01-13 13:00:00,,no_representative_state,1,outage
000003077,2018-01-13 14:00:00,2018-01-13,14,near,near,2018-01-13 14:00:00,,multi_a_region,2,outage
000003077,2018-01-13 14:00:00,2018-01-13,14,outer,outer,2018-01-13 14:00:00,,multi_a_region,2,outage
000003077,2018-01-13 15:00:00,2018-01-13,15,core,core,2018-01-13 15:00:00,,multi_a_region,2,outage
000003077,2018-01-13 15:00:00,2018-01-13,15,near,near,2018-01-13 15:00:00,,multi_a_region,2,outage
000003077,2018-01-13 17:00:00,2018-01-13,17,core,core,2018-01-13 17:00:00,,no_representative_state,1,outage
000003077,2018-01-13 18:00:00,2018-01-13,18,core,core,2018-01-13 18:00:00,,no_representative_state,1,outage
000003077,2018-01-14 04:00:00,2018-01-14,4,core,core,2018-01-14 04:00:00,,no_representative_state,1,outage
000003077,2018-01-14 08:00:00,2018-01-14,8,core,core,2018-01-14 08:00:00,,no_representative_state,1,outage
000003077,2018-01-14 09:00:00,2018-01-14,9,core,core,2018-01-14 09:00:00,,no_representative_state,1,outage
000003077,2018-01-14 12:00:00,2018-01-14,12,core,core,2018-01-14 12:00:00,,no_representative_state,1,outage
000003077,2018-01-15 10:00:00,2018-01-15,10,core,core,2018-01-15 10:00:00,,no_representative_state,1,outage
000003077,2018-01-15 14:00:00,2018-01-15,14,core,core,2018-01-15 14:00:00,,no_representative_state,1,outage
000003077,2018-01-15 15:00:00,2018-01-15,15,core,core,2018-01-15 15:00:00,,multi_a_region,2,outage
000003077,2018-01-15 15:00:00,2018-01-15,15,near,near,2018-01-15 15:00:00,,multi_a_region,2,outage
000003077,2018-01-15 20:00:00,2018-01-15,20,near,near,2018-01-15 20:00:00,,no_representative_state,1,outage
000003077,2018-01-16 03:00:00,2018-01-16,3,near,near,2018-01-16 03:00:00,,no_representative_state,1,outage
000003077,2018-01-16 04:00:00,2018-01-16,4,near,near,2018-01-16 04:00:00,,no_representative_state,1,outage
000003077,2018-01-16 07:00:00,2018-01-16,7,near,near,2018-01-16 07:00:00,,no_representative_state,1,outage
000003077,2018-01-16 08:00:00,2018-01-16,8,near,near,2018-01-16 08:00:00,,no_representative_state,1,outage
000003077,2018-01-16 11:00:00,2018-01-16,11,core,core,2018-01-16 11:00:00,,no_representative_state,1,outage
000003077,2018-01-16 15:00:00,2018-01-16,15,core,core,2018-01-16 15:00:00,,multi_a_region,2,outage
000003077,2018-01-16 15:00:00,2018-01-16,15,near,near,2018-01-16 15:00:00,,multi_a_region,2,outage
000003077,2018-01-16 23:00:00,2018-01-16,23,core,core,2018-01-16 23:00:00,,no_representative_state,1,outage
000003077,2018-01-17 03:00:00,2018-01-17,3,core,core,2018-01-17 03:00:00,,no_representative_state,1,severe
000003077,2018-01-17 10:00:00,2018-01-17,10,near,near,2018-01-17 10:00:00,,no_representative_state,1,severe
000003077,2018-01-17 11:00:00,2018-01-17,11,near,near,2018-01-17 11:00:00,,no_representative_state,1,severe
000003077,2018-01-17 17:00:00,2018-01-17,17,core,core,2018-01-17 17:00:00,,no_representative_state,1,severe
000003077,2018-01-17 18:00:00,2018-01-17,18,core,core,2018-01-17 18:00:00,,no_representative_state,1,severe
000003077,2018-01-18 03:00:00,2018-01-18,3,core,core,2018-01-18 03:00:00,,no_representative_state,1,severe
000003077,2018-01-18 07:00:00,2018-01-18,7,near,near,2018-01-18 07:00:00,,no_representative_state,1,severe
000003077,2018-01-18 08:00:00,2018-01-18,8,near,near,2018-01-18 08:00:00,,no_representative_state,1,severe
000003077,2018-01-18 09:00:00,2018-01-18,9,near,near,2018-01-18 09:00:00,,no_representative_state,1,severe
000003077,2018-01-18 12:00:00,2018-01-18,12,core,core,2018-01-18 12:00:00,,no_representative_state,1,severe
000003077,2018-01-18 15:00:00,2018-01-18,15,core,core,2018-01-18 15:00:00,,no_representative_state,1,severe
000003077,2018-01-18 17:00:00,2018-01-18,17,core,core,2018-01-18 17:00:00,,no_representative_state,1,severe
000003077,2018-01-18 18:00:00,2018-01-18,18,core,core,2018-01-18 18:00:00,,no_representative_state,1,severe
000003077,2018-01-18 19:00:00,2018-01-18,19,core,core,2018-01-18 19:00:00,,no_representative_state,1,severe
000003077,2018-01-18 23:00:00,2018-01-18,23,core,core,2018-01-18 23:00:00,,no_representative_state,1,severe
000003077,2018-01-19 00:00:00,2018-01-19,0,core,core,2018-01-19 00:00:00,,no_representative_state,1,normal
000003077,2018-01-19 07:00:00,2018-01-19,7,near,near,2018-01-19 07:00:00,,no_representative_state,1,normal
000003077,2018-01-19 11:00:00,2018-01-19,11,core,core,2018-01-19 11:00:00,,no_representative_state,1,normal
000003077,2018-01-19 12:00:00,2018-01-19,12,core,core,2018-01-19 12:00:00,,no_representative_state,1,normal
000003077,2018-01-19 13:00:00,2018-01-19,13,core,core,2018-01-19 13:00:00,,no_representative_state,1,normal
000003077,2018-01-19 14:00:00,2018-01-19,14,core,core,2018-01-19 14:00:00,,no_representative_state,1,normal
000003077,2018-01-19 15:00:00,2018-01-19,15,core,core,2018-01-19 15:00:00,,no_representative_state,1,normal
000003077,2018-01-19 18:00:00,2018-01-19,18,core,core,2018-01-19 18:00:00,,no_representative_state,1,normal
000003077,2018-01-19 19:00:00,2018-01-19,19,core,core,2018-01-19 19:00:00,,multi_a_region,2,normal
000003077,2018-01-19 19:00:00,2018-01-19,19,near,near,2018-01-19 19:00:00,,multi_a_region,2,normal
000003077,2018-01-19 23:00:00,2018-01-19,23,core,core,2018-01-19 23:00:00,,no_representative_state,1,normal
000003077,2018-01-20 02:00:00,2018-01-20,2,core,core,2018-01-20 02:00:00,,no_representative_state,1,normal
000003077,2018-01-20 03:00:00,2018-01-20,3,core,core,2018-01-20 03:00:00,,no_representative_state,1,normal
000003077,2018-01-20 04:00:00,2018-01-20,4,core,core,2018-01-20 04:00:00,,no_representative_state,1,normal
000003077,2018-01-20 07:00:00,2018-01-20,7,core,core,2018-01-20 07:00:00,,no_representative_state,1,normal
000003077,2018-01-20 08:00:00,2018-01-20,8,core,core,2018-01-20 08:00:00,,no_representative_state,1,normal
000003077,2018-01-20 10:00:00,2018-01-20,10,core,core,2018-01-20 10:00:00,,multi_a_region,2,normal
000003077,2018-01-20 10:00:00,2018-01-20,10,near,near,2018-01-20 10:00:00,,multi_a_region,2,normal
000003077,2018-01-20 11:00:00,2018-01-20,11,near,near,2018-01-20 11:00:00,,no_representative_state,1,normal
000003077,2018-01-20 12:00:00,2018-01-20,12,core,core,2018-01-20 12:00:00,,multi_a_region,2,normal
000003077,2018-01-20 12:00:00,2018-01-20,12,near,near,2018-01-20 12:00:00,,multi_a_region,2,normal
000003077,2018-01-20 15:00:00,2018-01-20,15,core,core,2018-01-20 15:00:00,,no_representative_state,1,normal
000003077,2018-01-20 16:00:00,2018-01-20,16,core,core,2018-01-20 16:00:00,,no_representative_state,1,normal
000003077,2018-01-20 18:00:00,2018-01-20,18,core,core,2018-01-20 18:00:00,,no_representative_state,1,normal
000003077,2018-01-20 19:00:00,2018-01-20,19,core,core,2018-01-20 19:00:00,,no_representative_state,1,normal
000003077,2018-01-20 22:00:00,2018-01-20,22,core,core,2018-01-20 22:00:00,,multi_a_region,2,normal
000003077,2018-01-20 22:00:00,2018-01-20,22,near,near,2018-01-20 22:00:00,,multi_a_region,2,normal
000003077,2018-01-20 23:00:00,2018-01-20,23,near,near,2018-01-20 23:00:00,,no_representative_state,1,normal
000003077,2018-01-21 00:00:00,2018-01-21,0,core,core,2018-01-21 00:00:00,,multi_a_region,2,normal
000003077,2018-01-21 00:00:00,2018-01-21,0,near,near,2018-01-21 00:00:00,,multi_a_region,2,normal
000003077,2018-01-21 02:00:00,2018-01-21,2,core,core,2018-01-21 02:00:00,,no_representative_state,1,normal
000003077,2018-01-21 03:00:00,2018-01-21,3,core,core,2018-01-21 03:00:00,,no_representative_state,1,normal
000003077,2018-01-21 04:00:00,2018-01-21,4,core,core,2018-01-21 04:00:00,,no_representative_state,1,normal
000003077,2018-01-21 08:00:00,2018-01-21,8,core,core,2018-01-21 08:00:00,,no_representative_state,1,normal
000003077,2018-01-21 13:00:00,2018-01-21,13,core,core,2018-01-21 13:00:00,,multi_a_region,2,normal
000003077,2018-01-21 13:00:00,2018-01-21,13,near,near,2018-01-21 13:00:00,,multi_a_region,2,normal
000003077,2018-01-21 14:00:00,2018-01-21,14,near,near,2018-01-21 14:00:00,,multi_a_region,2,normal
000003077,2018-01-21 14:00:00,2018-01-21,14,outer,outer,2018-01-21 14:00:00,,multi_a_region,2,normal
000003077,2018-01-21 15:00:00,2018-01-21,15,outer,outer,2018-01-21 15:00:00,,no_representative_state,1,normal
000003077,2018-01-21 16:00:00,2018-01-21,16,outer,outer,2018-01-21 16:00:00,,no_representative_state,1,normal
000003077,2018-01-21 17:00:00,2018-01-21,17,core,core,2018-01-21 17:00:00,,no_representative_state,1,normal
000003077,2018-01-21 18:00:00,2018-01-21,18,core,core,2018-01-21 18:00:00,,no_representative_state,1,normal
000003077,2018-01-21 19:00:00,2018-01-21,19,core,core,2018-01-21 19:00:00,,no_representative_state,1,normal
000003077,2018-01-21 20:00:00,2018-01-21,20,core,core,2018-01-21 20:00:00,,multi_a_region,2,normal
000003077,2018-01-21 20:00:00,2018-01-21,20,near,near,2018-01-21 20:00:00,,multi_a_region,2,normal
000003077,2018-01-21 23:00:00,2018-01-21,23,core,core,2018-01-21 23:00:00,,no_representative_state,1,normal
000003077,2018-01-22 00:00:00,2018-01-22,0,core,core,2018-01-22 00:00:00,,no_representative_state,1,normal
000003077,2018-01-22 07:00:00,2018-01-22,7,core,core,2018-01-22 07:00:00,,multi_a_region,2,normal
000003077,2018-01-22 07:00:00,2018-01-22,7,near,near,2018-01-22 07:00:00,,multi_a_region,2,normal
000003077,2018-01-22 08:00:00,2018-01-22,8,near,near,2018-01-22 08:00:00,,no_representative_state,1,normal
000003077,2018-01-22 09:00:00,2018-01-22,9,core,core,2018-01-22 09:00:00,,multi_a_region,2,normal
000003077,2018-01-22 09:00:00,2018-01-22,9,near,near,2018-01-22 09:00:00,,multi_a_region,2,normal
000003077,2018-01-22 11:00:00,2018-01-22,11,core,core,2018-01-22 11:00:00,,no_representative_state,1,normal
000003077,2018-01-22 12:00:00,2018-01-22,12,core,core,2018-01-22 12:00:00,,multi_a_region,2,normal
000003077,2018-01-22 12:00:00,2018-01-22,12,near,near,2018-01-22 12:00:00,,multi_a_region,2,normal
000003077,2018-01-22 16:00:00,2018-01-22,16,core,core,2018-01-22 16:00:00,,no_representative_state,1,normal
000003077,2018-01-22 17:00:00,2018-01-22,17,core,core,2018-01-22 17:00:00,,no_representative_state,1,normal
000003077,2018-01-22 18:00:00,2018-01-22,18,core,core,2018-01-22 18:00:00,,no_representative_state,1,normal
000003077,2018-01-22 19:00:00,2018-01-22,19,near,near,2018-01-22 19:00:00,,no_representative_state,1,normal
000003077,2018-01-22 20:00:00,2018-01-22,20,core,core,2018-01-22 20:00:00,,multi_a_region,2,normal
000003077,2018-01-22 20:00:00,2018-01-22,20,near,near,2018-01-22 20:00:00,,multi_a_region,2,normal
000003077,2018-01-22 22:00:00,2018-01-22,22,core,core,2018-01-22 22:00:00,,no_representative_state,1,normal
000003077,2018-01-22 23:00:00,2018-01-22,23,core,core,2018-01-22 23:00:00,,multi_a_region,2,normal
000003077,2018-01-22 23:00:00,2018-01-22,23,near,near,2018-01-22 23:00:00,,multi_a_region,2,normal
000003077,2018-01-23 00:00:00,2018-01-23,0,core,core,2018-01-23 00:00:00,,multi_a_region,2,normal
000003077,2018-01-23 00:00:00,2018-01-23,0,near,near,2018-01-23 00:00:00,,multi_a_region,2,normal
000003077,2018-01-23 07:00:00,2018-01-23,7,core,core,2018-01-23 07:00:00,,no_representative_state,1,normal
000003077,2018-01-23 08:00:00,2018-01-23,8,core,core,2018-01-23 08:00:00,,no_representative_state,1,normal
000003077,2018-01-23 09:00:00,2018-01-23,9,core,core,2018-01-23 09:00:00,,multi_a_region,2,normal
000003077,2018-01-23 09:00:00,2018-01-23,9,near,near,2018-01-23 09:00:00,,multi_a_region,2,normal
000003077,2018-01-24 04:00:00,2018-01-24,4,near,near,2018-01-24 04:00:00,,no_representative_state,1,normal
000003077,2018-01-24 05:00:00,2018-01-24,5,near,near,2018-01-24 05:00:00,,no_representative_state,1,normal
000003080,2018-01-01 00:00:00,2018-01-01,0,core,core,2018-01-01 00:00:00,,no_representative_state,1,normal
000003080,2018-01-01 03:00:00,2018-01-01,3,core,core,2018-01-01 03:00:00,,no_representative_state,1,normal
000003080,2018-01-01 04:00:00,2018-01-01,4,core,core,2018-01-01 04:00:00,,multi_a_region,2,normal
000003080,2018-01-01 04:00:00,2018-01-01,4,near,near,2018-01-01 04:00:00,,multi_a_region,2,normal
000003080,2018-01-01 07:00:00,2018-01-01,7,core,core,2018-01-01 07:00:00,,multi_a_region,2,normal
000003080,2018-01-01 07:00:00,2018-01-01,7,near,near,2018-01-01 07:00:00,,multi_a_region,2,normal
000003080,2018-01-01 08:00:00,2018-01-01,8,core,core,2018-01-01 08:00:00,,multi_a_region,2,normal
000003080,2018-01-01 08:00:00,2018-01-01,8,near,near,2018-01-01 08:00:00,,multi_a_region,2,normal
000003080,2018-01-01 11:00:00,2018-01-01,11,core,core,2018-01-01 11:00:00,,multi_a_region,2,normal
000003080,2018-01-01 11:00:00,2018-01-01,11,near,near,2018-01-01 11:00:00,,multi_a_region,2,normal
000003080,2018-01-01 12:00:00,2018-01-01,12,core,core,2018-01-01 12:00:00,,no_representative_state,1,normal
000003080,2018-01-01 14:00:00,2018-01-01,14,core,core,2018-01-01 14:00:00,,multi_a_region,2,normal
000003080,2018-01-01 14:00:00,2018-01-01,14,near,near,2018-01-01 14:00:00,,multi_a_region,2,normal
000003080,2018-01-01 15:00:00,2018-01-01,15,near,near,2018-01-01 15:00:00,,no_representative_state,1,normal
000003080,2018-01-01 16:00:00,2018-01-01,16,core,core,2018-01-01 16:00:00,,multi_a_region,2,normal
000003080,2018-01-01 16:00:00,2018-01-01,16,near,near,2018-01-01 16:00:00,,multi_a_region,2,normal
000003080,2018-01-01 18:00:00,2018-01-01,18,core,core,2018-01-01 18:00:00,,no_representative_state,1,normal
000003080,2018-01-01 19:00:00,2018-01-01,19,core,core,2018-01-01 19:00:00,,multi_a_region,2,normal
000003080,2018-01-01 19:00:00,2018-01-01,19,near,near,2018-01-01 19:00:00,,multi_a_region,2,normal
000003080,2018-01-01 20:00:00,2018-01-01,20,near,near,2018-01-01 20:00:00,,no_representative_state,1,normal
000003080,2018-01-01 21:00:00,2018-01-01,21,core,core,2018-01-01 21:00:00,,multi_a_region,2,normal
000003080,2018-01-01 21:00:00,2018-01-01,21,near,near,2018-01-01 21:00:00,,multi_a_region,2,normal
000003080,2018-01-01 23:00:00,2018-01-01,23,core,core,2018-01-01 23:00:00,,no_representative_state,1,normal
000003080,2018-01-02 00:00:00,2018-01-02,0,core,core,2018-01-02 00:00:00,,no_representative_state,1,normal
000003080,2018-01-02 03:00:00,2018-01-02,3,core,core,2018-01-02 03:00:00,,multi_a_region,2,normal
000003080,2018-01-02 03:00:00,2018-01-02,3,near,near,2018-01-02 03:00:00,,multi_a_region,2,normal
000003080,2018-01-02 04:00:00,2018-01-02,4,core,core,2018-01-02 04:00:00,,multi_a_region,2,normal
000003080,2018-01-02 04:00:00,2018-01-02,4,near,near,2018-01-02 04:00:00,,multi_a_region,2,normal
000003080,2018-01-02 05:00:00,2018-01-02,5,core,core,2018-01-02 05:00:00,,no_representative_state,1,normal
000003080,2018-01-02 06:00:00,2018-01-02,6,core,core,2018-01-02 06:00:00,,no_representative_state,1,normal
000003080,2018-01-02 07:00:00,2018-01-02,7,core,core,2018-01-02 07:00:00,,multi_a_region,3,normal
000003080,2018-01-02 07:00:00,2018-01-02,7,near,near,2018-01-02 07:00:00,,multi_a_region,3,normal
000003080,2018-01-02 07:00:00,2018-01-02,7,outer,outer,2018-01-02 07:00:00,,multi_a_region,3,normal
000003080,2018-01-02 08:00:00,2018-01-02,8,outer,outer,2018-01-02 08:00:00,,no_representative_state,1,normal
000003080,2018-01-02 09:00:00,2018-01-02,9,outer,outer,2018-01-02 09:00:00,,no_representative_state,1,normal
000003080,2018-01-02 10:00:00,2018-01-02,10,near,near,2018-01-02 10:00:00,,multi_a_region,2,normal
000003080,2018-01-02 10:00:00,2018-01-02,10,outer,outer,2018-01-02 10:00:00,,multi_a_region,2,normal
000003080,2018-01-02 12:00:00,2018-01-02,12,near,near,2018-01-02 12:00:00,,multi_a_region,2,normal
000003080,2018-01-02 12:00:00,2018-01-02,12,outer,outer,2018-01-02 12:00:00,,multi_a_region,2,normal
000003080,2018-01-02 13:00:00,2018-01-02,13,core,core,2018-01-02 13:00:00,,multi_a_region,3,normal
000003080,2018-01-02 13:00:00,2018-01-02,13,near,near,2018-01-02 13:00:00,,multi_a_region,3,normal
000003080,2018-01-02 13:00:00,2018-01-02,13,outer,outer,2018-01-02 13:00:00,,multi_a_region,3,normal
000003080,2018-01-02 14:00:00,2018-01-02,14,core,core,2018-01-02 14:00:00,,no_representative_state,1,normal
000003080,2018-01-02 15:00:00,2018-01-02,15,core,core,2018-01-02 15:00:00,,no_representative_state,1,normal
000003080,2018-01-02 16:00:00,2018-01-02,16,core,core,2018-01-02 16:00:00,,multi_a_region,2,normal
000003080,2018-01-02 16:00:00,2018-01-02,16,near,near,2018-01-02 16:00:00,,multi_a_region,2,normal
000003080,2018-01-02 17:00:00,2018-01-02,17,core,core,2018-01-02 17:00:00,,no_representative_state,1,normal
000003080,2018-01-02 18:00:00,2018-01-02,18,core,core,2018-01-02 18:00:00,,no_representative_state,1,normal
000003080,2018-01-02 19:00:00,2018-01-02,19,core,core,2018-01-02 19:00:00,,multi_a_region,2,normal
000003080,2018-01-02 19:00:00,2018-01-02,19,near,near,2018-01-02 19:00:00,,multi_a_region,2,normal
000003080,2018-01-02 20:00:00,2018-01-02,20,core,core,2018-01-02 20:00:00,,multi_a_region,2,normal
000003080,2018-01-02 20:00:00,2018-01-02,20,near,near,2018-01-02 20:00:00,,multi_a_region,2,normal
000003080,2018-01-03 06:00:00,2018-01-03,6,core,core,2018-01-03 06:00:00,,no_representative_state,1,normal
000003080,2018-01-03 07:00:00,2018-01-03,7,core,core,2018-01-03 07:00:00,,multi_a_region,2,normal
000003080,2018-01-03 07:00:00,2018-01-03,7,near,near,2018-01-03 07:00:00,,multi_a_region,2,normal
000003080,2018-01-03 08:00:00,2018-01-03,8,core,core,2018-01-03 08:00:00,,multi_a_region,2,normal
000003080,2018-01-03 08:00:00,2018-01-03,8,near,near,2018-01-03 08:00:00,,multi_a_region,2,normal
000003080,2018-01-03 10:00:00,2018-01-03,10,core,core,2018-01-03 10:00:00,,no_representative_state,1,normal
000003080,2018-01-03 11:00:00,2018-01-03,11,core,core,2018-01-03 11:00:00,,no_representative_state,1,normal
000003080,2018-01-03 12:00:00,2018-01-03,12,core,core,2018-01-03 12:00:00,,no_representative_state,1,normal
000003080,2018-01-03 15:00:00,2018-01-03,15,core,core,2018-01-03 15:00:00,,no_representative_state,1,normal
000003080,2018-01-03 16:00:00,2018-01-03,16,core,core,2018-01-03 16:00:00,,no_representative_state,1,normal
000003080,2018-01-03 19:00:00,2018-01-03,19,core,core,2018-01-03 19:00:00,,multi_a_region,2,normal
000003080,2018-01-03 19:00:00,2018-01-03,19,near,near,2018-01-03 19:00:00,,multi_a_region,2,normal
000003080,2018-01-03 20:00:00,2018-01-03,20,core,core,2018-01-03 20:00:00,,no_representative_state,1,normal
000003080,2018-01-03 22:00:00,2018-01-03,22,core,core,2018-01-03 22:00:00,,multi_a_region,2,normal
000003080,2018-01-03 22:00:00,2018-01-03,22,near,near,2018-01-03 22:00:00,,multi_a_region,2,normal
000003080,2018-01-03 23:00:00,2018-01-03,23,near,near,2018-01-03 23:00:00,,no_representative_state,1,normal
000003080,2018-01-04 00:00:00,2018-01-04,0,core,core,2018-01-04 00:00:00,,no_representative_state,1,normal
000003080,2018-01-04 03:00:00,2018-01-04,3,core,core,2018-01-04 03:00:00,,no_representative_state,1,normal
000003080,2018-01-04 04:00:00,2018-01-04,4,core,core,2018-01-04 04:00:00,,no_representative_state,1,normal
000003080,2018-01-04 05:00:00,2018-01-04,5,core,core,2018-01-04 05:00:00,,no_representative_state,1,normal
000003080,2018-01-04 06:00:00,2018-01-04,6,core,core,2018-01-04 06:00:00,,multi_a_region,2,normal
000003080,2018-01-04 06:00:00,2018-01-04,6,near,near,2018-01-04 06:00:00,,multi_a_region,2,normal
000003080,2018-01-04 07:00:00,2018-01-04,7,near,near,2018-01-04 07:00:00,,multi_a_region,2,normal
000003080,2018-01-04 07:00:00,2018-01-04,7,outer,outer,2018-01-04 07:00:00,,multi_a_region,2,normal
000003080,2018-01-04 09:00:00,2018-01-04,9,near,near,2018-01-04 09:00:00,,multi_a_region,2,normal
000003080,2018-01-04 09:00:00,2018-01-04,9,outer,outer,2018-01-04 09:00:00,,multi_a_region,2,normal
000003080,2018-01-04 10:00:00,2018-01-04,10,core,core,2018-01-04 10:00:00,,multi_a_region,3,normal
000003080,2018-01-04 10:00:00,2018-01-04,10,near,near,2018-01-04 10:00:00,,multi_a_region,3,normal
000003080,2018-01-04 10:00:00,2018-01-04,10,outer,outer,2018-01-04 10:00:00,,multi_a_region,3,normal
000003080,2018-01-04 11:00:00,2018-01-04,11,core,core,2018-01-04 11:00:00,,multi_a_region,2,normal
000003080,2018-01-04 11:00:00,2018-01-04,11,near,near,2018-01-04 11:00:00,,multi_a_region,2,normal
000003080,2018-01-04 15:00:00,2018-01-04,15,core,core,2018-01-04 15:00:00,,no_representative_state,1,normal
000003080,2018-01-04 16:00:00,2018-01-04,16,core,core,2018-01-04 16:00:00,,no_representative_state,1,normal
000003080,2018-01-04 23:00:00,2018-01-04,23,core,core,2018-01-04 23:00:00,,multi_a_region,2,normal
000003080,2018-01-04 23:00:00,2018-01-04,23,near,near,2018-01-04 23:00:00,,multi_a_region,2,normal
000003080,2018-01-05 00:00:00,2018-01-05,0,core,core,2018-01-05 00:00:00,,multi_a_region,2,normal
000003080,2018-01-05 00:00:00,2018-01-05,0,near,near,2018-01-05 00:00:00,,multi_a_region,2,normal
000003080,2018-01-05 06:00:00,2018-01-05,6,core,core,2018-01-05 06:00:00,,no_representative_state,1,normal
000003080,2018-01-05 07:00:00,2018-01-05,7,core,core,2018-01-05 07:00:00,,multi_a_region,2,normal
000003080,2018-01-05 07:00:00,2018-01-05,7,near,near,2018-01-05 07:00:00,,multi_a_region,2,normal
000003080,2018-01-05 08:00:00,2018-01-05,8,core,core,2018-01-05 08:00:00,,multi_a_region,2,normal
000003080,2018-01-05 08:00:00,2018-01-05,8,near,near,2018-01-05 08:00:00,,multi_a_region,2,normal
000003080,2018-01-05 10:00:00,2018-01-05,10,core,core,2018-01-05 10:00:00,,multi_a_region,2,normal
000003080,2018-01-05 10:00:00,2018-01-05,10,near,near,2018-01-05 10:00:00,,multi_a_region,2,normal
000003080,2018-01-05 11:00:00,2018-01-05,11,core,core,2018-01-05 11:00:00,,multi_a_region,2,normal
000003080,2018-01-05 11:00:00,2018-01-05,11,near,near,2018-01-05 11:00:00,,multi_a_region,2,normal
000003080,2018-01-05 12:00:00,2018-01-05,12,core,core,2018-01-05 12:00:00,,no_representative_state,1,normal
000003080,2018-01-05 15:00:00,2018-01-05,15,core,core,2018-01-05 15:00:00,,no_representative_state,1,normal
000003080,2018-01-05 18:00:00,2018-01-05,18,core,core,2018-01-05 18:00:00,,no_representative_state,1,normal
000003080,2018-01-05 19:00:00,2018-01-05,19,core,core,2018-01-05 19:00:00,,multi_a_region,2,normal
000003080,2018-01-05 19:00:00,2018-01-05,19,near,near,2018-01-05 19:00:00,,multi_a_region,2,normal
000003080,2018-01-05 20:00:00,2018-01-05,20,core,core,2018-01-05 20:00:00,,multi_a_region,2,normal
000003080,2018-01-05 20:00:00,2018-01-05,20,near,near,2018-01-05 20:00:00,,multi_a_region,2,normal
000003080,2018-01-05 22:00:00,2018-01-05,22,core,core,2018-01-05 22:00:00,,no_representative_state,1,normal
000003080,2018-01-06 06:00:00,2018-01-06,6,core,core,2018-01-06 06:00:00,,no_representative_state,1,normal
000003080,2018-01-06 07:00:00,2018-01-06,7,core,core,2018-01-06 07:00:00,,multi_a_region,3,normal
000003080,2018-01-06 07:00:00,2018-01-06,7,near,near,2018-01-06 07:00:00,,multi_a_region,3,normal
000003080,2018-01-06 07:00:00,2018-01-06,7,outer,outer,2018-01-06 07:00:00,,multi_a_region,3,normal
000003080,2018-01-06 08:00:00,2018-01-06,8,outer,outer,2018-01-06 08:00:00,,no_representative_state,1,normal
000003080,2018-01-06 09:00:00,2018-01-06,9,outer,outer,2018-01-06 09:00:00,,no_representative_state,1,normal
000003080,2018-01-06 10:00:00,2018-01-06,10,near,near,2018-01-06 10:00:00,,multi_a_region,2,normal
000003080,2018-01-06 10:00:00,2018-01-06,10,outer,outer,2018-01-06 10:00:00,,multi_a_region,2,normal
000003080,2018-01-06 12:00:00,2018-01-06,12,near,near,2018-01-06 12:00:00,,multi_a_region,2,normal
000003080,2018-01-06 12:00:00,2018-01-06,12,outer,outer,2018-01-06 12:00:00,,multi_a_region,2,normal
000003080,2018-01-06 13:00:00,2018-01-06,13,core,core,2018-01-06 13:00:00,,multi_a_region,2,normal
000003080,2018-01-06 13:00:00,2018-01-06,13,near,near,2018-01-06 13:00:00,,multi_a_region,2,normal
000003080,2018-01-06 14:00:00,2018-01-06,14,core,core,2018-01-06 14:00:00,,no_representative_state,1,normal
000003080,2018-01-06 15:00:00,2018-01-06,15,core,core,2018-01-06 15:00:00,,no_representative_state,1,normal
000003080,2018-01-06 16:00:00,2018-01-06,16,core,core,2018-01-06 16:00:00,,no_representative_state,1,normal
000003080,2018-01-06 17:00:00,2018-01-06,17,core,core,2018-01-06 17:00:00,,no_representative_state,1,normal
000003080,2018-01-06 21:00:00,2018-01-06,21,core,core,2018-01-06 21:00:00,,no_representative_state,1,normal
000003080,2018-01-06 22:00:00,2018-01-06,22,core,core,2018-01-06 22:00:00,,no_representative_state,1,normal
000003080,2018-01-06 23:00:00,2018-01-06,23,core,core,2018-01-06 23:00:00,,no_representative_state,1,normal
000003080,2018-01-07 00:00:00,2018-01-07,0,core,core,2018-01-07 00:00:00,,no_representative_state,1,normal
000003080,2018-01-07 02:00:00,2018-01-07,2,core,core,2018-01-07 02:00:00,,no_representative_state,1,normal
000003080,2018-01-07 03:00:00,2018-01-07,3,core,core,2018-01-07 03:00:00,,no_representative_state,1,normal
000003080,2018-01-07 05:00:00,2018-01-07,5,core,core,2018-01-07 05:00:00,,no_representative_state,1,normal
000003080,2018-01-07 06:00:00,2018-01-07,6,core,core,2018-01-07 06:00:00,,multi_a_region,2,normal
000003080,2018-01-07 06:00:00,2018-01-07,6,near,near,2018-01-07 06:00:00,,multi_a_region,2,normal
000003080,2018-01-07 07:00:00,2018-01-07,7,core,core,2018-01-07 07:00:00,,no_representative_state,1,normal
000003080,2018-01-07 08:00:00,2018-01-07,8,core,core,2018-01-07 08:00:00,,multi_a_region,2,normal
000003080,2018-01-07 08:00:00,2018-01-07,8,near,near,2018-01-07 08:00:00,,multi_a_region,2,normal
000003080,2018-01-07 10:00:00,2018-01-07,10,core,core,2018-01-07 10:00:00,,no_representative_state,1,normal
000003080,2018-01-07 11:00:00,2018-01-07,11,core,core,2018-01-07 11:00:00,,no_representative_state,1,normal
000003080,2018-01-07 12:00:00,2018-01-07,12,core,core,2018-01-07 12:00:00,,multi_a_region,2,normal
000003080,2018-01-07 12:00:00,2018-01-07,12,near,near,2018-01-07 12:00:00,,multi_a_region,2,normal
000003080,2018-01-07 13:00:00,2018-01-07,13,core,core,2018-01-07 13:00:00,,multi_a_region,2,normal
000003080,2018-01-07 13:00:00,2018-01-07,13,near,near,2018-01-07 13:00:00,,multi_a_region,2,normal
000003080,2018-01-07 16:00:00,2018-01-07,16,core,core,2018-01-07 16:00:00,,no_representative_state,1,normal
000003080,2018-01-07 17:00:00,2018-01-07,17,core,core,2018-01-07 17:00:00,,no_representative_state,1,normal
000003080,2018-01-07 19:00:00,2018-01-07,19,core,core,2018-01-07 19:00:00,,no_representative_state,1,normal
000003080,2018-01-07 20:00:00,2018-01-07,20,core,core,2018-01-07 20:00:00,,no_representative_state,1,normal
000003080,2018-01-08 01:00:00,2018-01-08,1,core,core,2018-01-08 01:00:00,,no_representative_state,1,normal
000003080,2018-01-08 07:00:00,2018-01-08,7,core,core,2018-01-08 07:00:00,,no_representative_state,1,normal
000003080,2018-01-08 08:00:00,2018-01-08,8,core,core,2018-01-08 08:00:00,,no_representative_state,1,normal
000003080,2018-01-08 14:00:00,2018-01-08,14,core,core,2018-01-08 14:00:00,,no_representative_state,1,normal
000003080,2018-01-08 15:00:00,2018-01-08,15,core,core,2018-01-08 15:00:00,,multi_a_region,2,normal
000003080,2018-01-08 15:00:00,2018-01-08,15,near,near,2018-01-08 15:00:00,,multi_a_region,2,normal
000003080,2018-01-08 16:00:00,2018-01-08,16,core,core,2018-01-08 16:00:00,,no_representative_state,1,normal
000003080,2018-01-08 17:00:00,2018-01-08,17,core,core,2018-01-08 17:00:00,,no_representative_state,1,normal
000003080,2018-01-08 20:00:00,2018-01-08,20,core,core,2018-01-08 20:00:00,,no_representative_state,1,normal
000003080,2018-01-08 21:00:00,2018-01-08,21,core,core,2018-01-08 21:00:00,,no_representative_state,1,normal
000003080,2018-01-08 23:00:00,2018-01-08,23,core,core,2018-01-08 23:00:00,,multi_a_region,2,normal
000003080,2018-01-08 23:00:00,2018-01-08,23,near,near,2018-01-08 23:00:00,,multi_a_region,2,normal
000003080,2018-01-09 00:00:00,2018-01-09,0,near,near,2018-01-09 00:00:00,,no_representative_state,1,normal
000003080,2018-01-09 01:00:00,2018-01-09,1,core,core,2018-01-09 01:00:00,,multi_a_region,2,normal
000003080,2018-01-09 01:00:00,2018-01-09,1,near,near,2018-01-09 01:00:00,,multi_a_region,2,normal
000003080,2018-01-09 04:00:00,2018-01-09,4,core,core,2018-01-09 04:00:00,,no_representative_state,1,normal
000003080,2018-01-09 06:00:00,2018-01-09,6,core,core,2018-01-09 06:00:00,,multi_a_region,2,normal
000003080,2018-01-09 06:00:00,2018-01-09,6,near,near,2018-01-09 06:00:00,,multi_a_region,2,normal
000003080,2018-01-09 07:00:00,2018-01-09,7,near,near,2018-01-09 07:00:00,,multi_a_region,2,normal
000003080,2018-01-09 07:00:00,2018-01-09,7,outer,outer,2018-01-09 07:00:00,,multi_a_region,2,normal
000003080,2018-01-09 08:00:00,2018-01-09,8,near,near,2018-01-09 08:00:00,,multi_a_region,2,normal
000003080,2018-01-09 08:00:00,2018-01-09,8,outer,outer,2018-01-09 08:00:00,,multi_a_region,2,normal
000003080,2018-01-09 09:00:00,2018-01-09,9,outer,outer,2018-01-09 09:00:00,,no_representative_state,1,normal
000003080,2018-01-09 10:00:00,2018-01-09,10,outer,outer,2018-01-09 10:00:00,,no_representative_state,1,normal
000003080,2018-01-09 11:00:00,2018-01-09,11,outer,outer,2018-01-09 11:00:00,,no_representative_state,1,normal
000003080,2018-01-09 12:00:00,2018-01-09,12,core,core,2018-01-09 12:00:00,,no_representative_state,1,normal
000003080,2018-01-09 15:00:00,2018-01-09,15,core,core,2018-01-09 15:00:00,,multi_a_region,3,normal
000003080,2018-01-09 15:00:00,2018-01-09,15,near,near,2018-01-09 15:00:00,,multi_a_region,3,normal
000003080,2018-01-09 15:00:00,2018-01-09,15,outer,outer,2018-01-09 15:00:00,,multi_a_region,3,normal
000003080,2018-01-09 16:00:00,2018-01-09,16,outer,outer,2018-01-09 16:00:00,,no_representative_state,1,normal
000003080,2018-01-09 17:00:00,2018-01-09,17,outer,outer,2018-01-09 17:00:00,,no_representative_state,1,normal
000003080,2018-01-09 18:00:00,2018-01-09,18,near,near,2018-01-09 18:00:00,,multi_a_region,2,normal
000003080,2018-01-09 18:00:00,2018-01-09,18,outer,outer,2018-01-09 18:00:00,,multi_a_region,2,normal
000003080,2018-01-09 19:00:00,2018-01-09,19,near,near,2018-01-09 19:00:00,,no_representative_state,1,normal
000003080,2018-01-09 20:00:00,2018-01-09,20,core,core,2018-01-09 20:00:00,,multi_a_region,2,normal
000003080,2018-01-09 20:00:00,2018-01-09,20,near,near,2018-01-09 20:00:00,,multi_a_region,2,normal
000003080,2018-01-10 03:00:00,2018-01-10,3,core,core,2018-01-10 03:00:00,,no_representative_state,1,normal
000003080,2018-01-10 04:00:00,2018-01-10,4,core,core,2018-01-10 04:00:00,,no_representative_state,1,normal
000003080,2018-01-10 08:00:00,2018-01-10,8,near,near,2018-01-10 08:00:00,,no_representative_state,1,normal
000003080,2018-01-10 10:00:00,2018-01-10,10,core,core,2018-01-10 10:00:00,,multi_a_region,2,normal
000003080,2018-01-10 10:00:00,2018-01-10,10,near,near,2018-01-10 10:00:00,,multi_a_region,2,normal
000003080,2018-01-10 12:00:00,2018-01-10,12,core,core,2018-01-10 12:00:00,,no_representative_state,1,normal
000003080,2018-01-10 13:00:00,2018-01-10,13,core,core,2018-01-10 13:00:00,,no_representative_state,1,normal
000003080,2018-01-10 19:00:00,2018-01-10,19,core,core,2018-01-10 19:00:00,,multi_a_region,2,normal
000003080,2018-01-10 19:00:00,2018-01-10,19,near,near,2018-01-10 19:00:00,,multi_a_region,2,normal
000003080,2018-01-10 20:00:00,2018-01-10,20,core,core,2018-01-10 20:00:00,,multi_a_region,2,normal
000003080,2018-01-10 20:00:00,2018-01-10,20,near,near,2018-01-10 20:00:00,,multi_a_region,2,normal
000003080,2018-01-10 22:00:00,2018-01-10,22,core,core,2018-01-10 22:00:00,,no_representative_state,1,normal
000003080,2018-01-10 23:00:00,2018-01-10,23,core,core,2018-01-10 23:00:00,,no_representative_state,1,normal
000003080,2018-01-11 05:00:00,2018-01-11,5,core,core,2018-01-11 05:00:00,,multi_a_region,2,normal
000003080,2018-01-11 05:00:00,2018-01-11,5,near,near,2018-01-11 05:00:00,,multi_a_region,2,normal
000003080,2018-01-11 06:00:00,2018-01-11,6,near,near,2018-01-11 06:00:00,,multi_a_region,2,normal
000003080,2018-01-11 06:00:00,2018-01-11,6,outer,outer,2018-01-11 06:00:00,,multi_a_region,2,normal
000003080,2018-01-11 07:00:00,2018-01-11,7,outer,outer,2018-01-11 07:00:00,,no_representative_state,1,normal
000003080,2018-01-11 09:00:00,2018-01-11,9,outer,outer,2018-01-11 09:00:00,,no_representative_state,1,normal
000003080,2018-01-11 10:00:00,2018-01-11,10,outer,outer,2018-01-11 10:00:00,,no_representative_state,1,normal
000003080,2018-01-11 12:00:00,2018-01-11,12,near,near,2018-01-11 12:00:00,,no_representative_state,1,normal
000003080,2018-01-11 13:00:00,2018-01-11,13,near,near,2018-01-11 13:00:00,,multi_a_region,2,normal
000003080,2018-01-11 13:00:00,2018-01-11,13,outer,outer,2018-01-11 13:00:00,,multi_a_region,2,normal
000003080,2018-01-11 15:00:00,2018-01-11,15,core,core,2018-01-11 15:00:00,,multi_a_region,2,normal
000003080,2018-01-11 15:00:00,2018-01-11,15,near,near,2018-01-11 15:00:00,,multi_a_region,2,normal
000003080,2018-01-11 16:00:00,2018-01-11,16,near,near,2018-01-11 16:00:00,,no_representative_state,1,normal
000003080,2018-01-11 17:00:00,2018-01-11,17,core,core,2018-01-11 17:00:00,,multi_a_region,2,normal
000003080,2018-01-11 17:00:00,2018-01-11,17,near,near,2018-01-11 17:00:00,,multi_a_region,2,normal
000003080,2018-01-11 19:00:00,2018-01-11,19,core,core,2018-01-11 19:00:00,,no_representative_state,1,normal
000003080,2018-01-11 20:00:00,2018-01-11,20,core,core,2018-01-11 20:00:00,,no_representative_state,1,normal
000003080,2018-01-11 22:00:00,2018-01-11,22,core,core,2018-01-11 22:00:00,,no_representative_state,1,normal
000003080,2018-01-11 23:00:00,2018-01-11,23,core,core,2018-01-11 23:00:00,,no_representative_state,1,normal
000003080,2018-01-12 00:00:00,2018-01-12,0,core,core,2018-01-12 00:00:00,,no_representative_state,1,reduced
000003080,2018-01-12 02:00:00,2018-01-12,2,core,core,2018-01-12 02:00:00,,no_representative_state,1,reduced
000003080,2018-01-12 03:00:00,2018-01-12,3,core,core,2018-01-12 03:00:00,,no_representative_state,1,reduced
000003080,2018-01-12 04:00:00,2018-01-12,4,core,core,2018-01-12 04:00:00,,no_representative_state,1,reduced
000003080,2018-01-12 06:00:00,2018-01-12,6,core,core,2018-01-12 06:00:00,,no_representative_state,1,reduced
000003080,2018-01-12 10:00:00,2018-01-12,10,core,core,2018-01-12 10:00:00,,no_representative_state,1,reduced
000003080,2018-01-12 12:00:00,2018-01-12,12,core,core,2018-01-12 12:00:00,,no_representative_state,1,reduced
000003080,2018-01-12 15:00:00,2018-01-12,15,core,core,2018-01-12 15:00:00,,no_representative_state,1,reduced
000003080,2018-01-12 17:00:00,2018-01-12,17,core,core,2018-01-12 17:00:00,,no_representative_state,1,reduced
000003080,2018-01-12 23:00:00,2018-01-12,23,core,core,2018-01-12 23:00:00,,multi_a_region,2,reduced
000003080,2018-01-12 23:00:00,2018-01-12,23,near,near,2018-01-12 23:00:00,,multi_a_region,2,reduced
000003080,2018-01-13 07:00:00,2018-01-13,7,near,near,2018-01-13 07:00:00,,no_representative_state,1,outage
000003080,2018-01-13 08:00:00,2018-01-13,8,near,near,2018-01-13 08:00:00,,no_representative_state,1,outage
000003080,2018-01-13 11:00:00,2018-01-13,11,core,core,2018-01-13 11:00:00,,no_representative_state,1,outage
000003080,2018-01-13 12:00:00,2018-01-13,12,core,core,2018-01-13 12:00:00,,no_representative_state,1,outage
000003080,2018-01-13 15:00:00,2018-01-13,15,core,core,2018-01-13 15:00:00,,no_representative_state,1,outage
000003080,2018-01-13 17:00:00,2018-01-13,17,core,core,2018-01-13 17:00:00,,no_representative_state,1,outage
000003080,2018-01-13 18:00:00,2018-01-13,18,core,core,2018-01-13 18:00:00,,multi_a_region,2,outage
000003080,2018-01-13 18:00:00,2018-01-13,18,near,near,2018-01-13 18:00:00,,multi_a_region,2,outage
000003080,2018-01-14 04:00:00,2018-01-14,4,core,core,2018-01-14 04:00:00,,no_representative_state,1,outage
000003080,2018-01-14 08:00:00,2018-01-14,8,outer,outer,2018-01-14 08:00:00,,no_representative_state,1,outage
000003080,2018-01-14 09:00:00,2018-01-14,9,near,near,2018-01-14 09:00:00,,multi_a_region,2,outage
000003080,2018-01-14 09:00:00,2018-01-14,9,outer,outer,2018-01-14 09:00:00,,multi_a_region,2,outage
000003080,2018-01-14 10:00:00,2018-01-14,10,outer,outer,2018-01-14 10:00:00,,no_representative_state,1,outage
000003080,2018-01-14 11:00:00,2018-01-14,11,core,core,2018-01-14 11:00:00,,multi_a_region,2,outage
000003080,2018-01-14 11:00:00,2018-01-14,11,near,near,2018-01-14 11:00:00,,multi_a_region,2,outage
000003080,2018-01-14 12:00:00,2018-01-14,12,core,core,2018-01-14 12:00:00,,no_representative_state,1,outage
000003080,2018-01-15 11:00:00,2018-01-15,11,core,core,2018-01-15 11:00:00,,no_representative_state,1,outage
000003080,2018-01-15 12:00:00,2018-01-15,12,core,core,2018-01-15 12:00:00,,no_representative_state,1,outage
000003080,2018-01-15 14:00:00,2018-01-15,14,core,core,2018-01-15 14:00:00,,no_representative_state,1,outage
000003080,2018-01-15 15:00:00,2018-01-15,15,core,core,2018-01-15 15:00:00,,multi_a_region,2,outage
000003080,2018-01-15 15:00:00,2018-01-15,15,near,near,2018-01-15 15:00:00,,multi_a_region,2,outage
000003080,2018-01-15 19:00:00,2018-01-15,19,core,core,2018-01-15 19:00:00,,no_representative_state,1,outage
000003080,2018-01-15 23:00:00,2018-01-15,23,core,core,2018-01-15 23:00:00,,no_representative_state,1,outage
000003080,2018-01-16 02:00:00,2018-01-16,2,core,core,2018-01-16 02:00:00,,no_representative_state,1,outage
000003080,2018-01-16 06:00:00,2018-01-16,6,core,core,2018-01-16 06:00:00,,multi_a_region,2,outage
000003080,2018-01-16 06:00:00,2018-01-16,6,near,near,2018-01-16 06:00:00,,multi_a_region,2,outage
000003080,2018-01-16 07:00:00,2018-01-16,7,near,near,2018-01-16 07:00:00,,multi_a_region,2,outage
000003080,2018-01-16 07:00:00,2018-01-16,7,outer,outer,2018-01-16 07:00:00,,multi_a_region,2,outage
000003080,2018-01-16 08:00:00,2018-01-16,8,outer,outer,2018-01-16 08:00:00,,no_representative_state,1,outage
000003080,2018-01-16 09:00:00,2018-01-16,9,outer,outer,2018-01-16 09:00:00,,no_representative_state,1,outage
000003080,2018-01-16 10:00:00,2018-01-16,10,outer,outer,2018-01-16 10:00:00,,no_representative_state,1,outage
000003080,2018-01-16 11:00:00,2018-01-16,11,outer,outer,2018-01-16 11:00:00,,no_representative_state,1,outage
000003080,2018-01-16 15:00:00,2018-01-16,15,core,core,2018-01-16 15:00:00,,no_representative_state,1,outage
000003080,2018-01-16 16:00:00,2018-01-16,16,core,core,2018-01-16 16:00:00,,no_representative_state,1,outage
000003080,2018-01-16 23:00:00,2018-01-16,23,core,core,2018-01-16 23:00:00,,no_representative_state,1,outage
000003080,2018-01-17 03:00:00,2018-01-17,3,core,core,2018-01-17 03:00:00,,no_representative_state,1,severe
000003080,2018-01-17 11:00:00,2018-01-17,11,near,near,2018-01-17 11:00:00,,no_representative_state,1,severe
000003080,2018-01-17 18:00:00,2018-01-17,18,core,core,2018-01-17 18:00:00,,no_representative_state,1,severe
000003080,2018-01-18 03:00:00,2018-01-18,3,core,core,2018-01-18 03:00:00,,no_representative_state,1,severe
000003080,2018-01-18 04:00:00,2018-01-18,4,core,core,2018-01-18 04:00:00,,no_representative_state,1,severe
000003080,2018-01-18 05:00:00,2018-01-18,5,core,core,2018-01-18 05:00:00,,multi_a_region,2,severe
000003080,2018-01-18 05:00:00,2018-01-18,5,near,near,2018-01-18 05:00:00,,multi_a_region,2,severe
000003080,2018-01-18 06:00:00,2018-01-18,6,outer,outer,2018-01-18 06:00:00,,no_representative_state,1,severe
000003080,2018-01-18 11:00:00,2018-01-18,11,outer,outer,2018-01-18 11:00:00,,no_representative_state,1,severe
000003080,2018-01-18 12:00:00,2018-01-18,12,outer,outer,2018-01-18 12:00:00,,no_representative_state,1,severe
000003080,2018-01-18 18:00:00,2018-01-18,18,core,core,2018-01-18 18:00:00,,no_representative_state,1,severe
000003080,2018-01-18 19:00:00,2018-01-18,19,core,core,2018-01-18 19:00:00,,no_representative_state,1,severe
000003080,2018-01-19 07:00:00,2018-01-19,7,near,near,2018-01-19 07:00:00,,no_representative_state,1,normal
000003080,2018-01-19 11:00:00,2018-01-19,11,core,core,2018-01-19 11:00:00,,no_representative_state,1,normal
000003080,2018-01-19 12:00:00,2018-01-19,12,core,core,2018-01-19 12:00:00,,no_representative_state,1,normal
000003080,2018-01-19 13:00:00,2018-01-19,13,core,core,2018-01-19 13:00:00,,no_representative_state,1,normal
000003080,2018-01-19 15:00:00,2018-01-19,15,core,core,2018-01-19 15:00:00,,no_representative_state,1,normal
000003080,2018-01-19 18:00:00,2018-01-19,18,core,core,2018-01-19 18:00:00,,no_representative_state,1,normal
000003080,2018-01-19 19:00:00,2018-01-19,19,core,core,2018-01-19 19:00:00,,no_representative_state,1,normal
000003080,2018-01-19 23:00:00,2018-01-19,23,core,core,2018-01-19 23:00:00,,no_representative_state,1,normal
000003080,2018-01-20 02:00:00,2018-01-20,2,core,core,2018-01-20 02:00:00,,no_representative_state,1,normal
000003080,2018-01-20 03:00:00,2018-01-20,3,core,core,2018-01-20 03:00:00,,no_representative_state,1,normal
000003080,2018-01-20 04:00:00,2018-01-20,4,core,core,2018-01-20 04:00:00,,no_representative_state,1,normal
000003080,2018-01-20 06:00:00,2018-01-20,6,core,core,2018-01-20 06:00:00,,multi_a_region,3,normal
000003080,2018-01-20 06:00:00,2018-01-20,6,near,near,2018-01-20 06:00:00,,multi_a_region,3,normal
000003080,2018-01-20 06:00:00,2018-01-20,6,outer,outer,2018-01-20 06:00:00,,multi_a_region,3,normal
000003080,2018-01-20 07:00:00,2018-01-20,7,near,near,2018-01-20 07:00:00,,multi_a_region,2,normal
000003080,2018-01-20 07:00:00,2018-01-20,7,outer,outer,2018-01-20 07:00:00,,multi_a_region,2,normal
000003080,2018-01-20 08:00:00,2018-01-20,8,near,near,2018-01-20 08:00:00,,multi_a_region,2,normal
000003080,2018-01-20 08:00:00,2018-01-20,8,outer,outer,2018-01-20 08:00:00,,multi_a_region,2,normal
000003080,2018-01-20 09:00:00,2018-01-20,9,outer,outer,2018-01-20 09:00:00,,no_representative_state,1,normal
000003080,2018-01-20 10:00:00,2018-01-20,10,outer,outer,2018-01-20 10:00:00,,no_representative_state,1,normal
000003080,2018-01-20 11:00:00,2018-01-20,11,core,core,2018-01-20 11:00:00,,multi_a_region,3,normal
000003080,2018-01-20 11:00:00,2018-01-20,11,near,near,2018-01-20 11:00:00,,multi_a_region,3,normal
000003080,2018-01-20 11:00:00,2018-01-20,11,outer,outer,2018-01-20 11:00:00,,multi_a_region,3,normal
000003080,2018-01-20 12:00:00,2018-01-20,12,core,core,2018-01-20 12:00:00,,no_representative_state,1,normal
000003080,2018-01-20 15:00:00,2018-01-20,15,core,core,2018-01-20 15:00:00,,no_representative_state,1,normal
000003080,2018-01-20 16:00:00,2018-01-20,16,core,core,2018-01-20 16:00:00,,no_representative_state,1,normal
000003080,2018-01-20 18:00:00,2018-01-20,18,core,core,2018-01-20 18:00:00,,no_representative_state,1,normal
000003080,2018-01-20 19:00:00,2018-01-20,19,core,core,2018-01-20 19:00:00,,no_representative_state,1,normal
000003080,2018-01-20 22:00:00,2018-01-20,22,core,core,2018-01-20 22:00:00,,multi_a_region,2,normal
000003080,2018-01-20 22:00:00,2018-01-20,22,near,near,2018-01-20 22:00:00,,multi_a_region,2,normal
000003080,2018-01-20 23:00:00,2018-01-20,23,near,near,2018-01-20 23:00:00,,no_representative_state,1,normal
000003080,2018-01-21 00:00:00,2018-01-21,0,core,core,2018-01-21 00:00:00,,multi_a_region,2,normal
000003080,2018-01-21 00:00:00,2018-01-21,0,near,near,2018-01-21 00:00:00,,multi_a_region,2,normal
000003080,2018-01-21 02:00:00,2018-01-21,2,core,core,2018-01-21 02:00:00,,no_representative_state,1,normal
000003080,2018-01-21 03:00:00,2018-01-21,3,core,core,2018-01-21 03:00:00,,no_representative_state,1,normal
000003080,2018-01-21 04:00:00,2018-01-21,4,core,core,2018-01-21 04:00:00,,no_representative_state,1,normal
000003080,2018-01-21 05:00:00,2018-01-21,5,core,core,2018-01-21 05:00:00,,no_representative_state,1,normal
000003080,2018-01-21 11:00:00,2018-01-21,11,core,core,2018-01-21 11:00:00,,no_representative_state,1,normal
000003080,2018-01-21 12:00:00,2018-01-21,12,core,core,2018-01-21 12:00:00,,multi_a_region,3,normal
000003080,2018-01-21 12:00:00,2018-01-21,12,near,near,2018-01-21 12:00:00,,multi_a_region,3,normal
000003080,2018-01-21 12:00:00,2018-01-21,12,outer,outer,2018-01-21 12:00:00,,multi_a_region,3,normal
000003080,2018-01-21 13:00:00,2018-01-21,13,outer,outer,2018-01-21 13:00:00,,no_representative_state,1,normal
000003080,2018-01-21 15:00:00,2018-01-21,15,outer,outer,2018-01-21 15:00:00,,no_representative_state,1,normal
000003080,2018-01-21 16:00:00,2018-01-21,16,near,near,2018-01-21 16:00:00,,multi_a_region,2,normal
000003080,2018-01-21 16:00:00,2018-01-21,16,outer,outer,2018-01-21 16:00:00,,multi_a_region,2,normal
000003080,2018-01-21 18:00:00,2018-01-21,18,near,near,2018-01-21 18:00:00,,multi_a_region,2,normal
000003080,2018-01-21 18:00:00,2018-01-21,18,outer,outer,2018-01-21 18:00:00,,multi_a_region,2,normal
000003080,2018-01-21 19:00:00,2018-01-21,19,near,near,2018-01-21 19:00:00,,multi_a_region,2,normal
000003080,2018-01-21 19:00:00,2018-01-21,19,outer,outer,2018-01-21 19:00:00,,multi_a_region,2,normal
000003080,2018-01-21 21:00:00,2018-01-21,21,core,core,2018-01-21 21:00:00,,multi_a_region,2,normal
000003080,2018-01-21 21:00:00,2018-01-21,21,near,near,2018-01-21 21:00:00,,multi_a_region,2,normal
000003080,2018-01-21 23:00:00,2018-01-21,23,core,core,2018-01-21 23:00:00,,no_representative_state,1,normal
000003080,2018-01-22 00:00:00,2018-01-22,0,core,core,2018-01-22 00:00:00,,no_representative_state,1,normal
000003080,2018-01-22 07:00:00,2018-01-22,7,core,core,2018-01-22 07:00:00,,multi_a_region,2,normal
000003080,2018-01-22 07:00:00,2018-01-22,7,near,near,2018-01-22 07:00:00,,multi_a_region,2,normal
000003080,2018-01-22 09:00:00,2018-01-22,9,core,core,2018-01-22 09:00:00,,multi_a_region,2,normal
000003080,2018-01-22 09:00:00,2018-01-22,9,near,near,2018-01-22 09:00:00,,multi_a_region,2,normal
000003080,2018-01-22 11:00:00,2018-01-22,11,core,core,2018-01-22 11:00:00,,no_representative_state,1,normal
000003080,2018-01-22 12:00:00,2018-01-22,12,core,core,2018-01-22 12:00:00,,multi_a_region,2,normal
000003080,2018-01-22 12:00:00,2018-01-22,12,near,near,2018-01-22 12:00:00,,multi_a_region,2,normal
000003080,2018-01-22 16:00:00,2018-01-22,16,core,core,2018-01-22 16:00:00,,multi_a_region,2,normal
000003080,2018-01-22 16:00:00,2018-01-22,16,near,near,2018-01-22 16:00:00,,multi_a_region,2,normal
000003080,2018-01-22 17:00:00,2018-01-22,17,near,near,2018-01-22 17:00:00,,no_representative_state,1,normal
000003080,2018-01-22 18:00:00,2018-01-22,18,core,core,2018-01-22 18:00:00,,multi_a_region,2,normal
000003080,2018-01-22 18:00:00,2018-01-22,18,near,near,2018-01-22 18:00:00,,multi_a_region,2,normal
000003080,2018-01-22 19:00:00,2018-01-22,19,core,core,2018-01-22 19:00:00,,no_representative_state,1,normal
000003080,2018-01-22 20:00:00,2018-01-22,20,core,core,2018-01-22 20:00:00,,no_representative_state,1,normal
000003080,2018-01-22 22:00:00,2018-01-22,22,core,core,2018-01-22 22:00:00,,no_representative_state,1,normal
000003080,2018-01-22 23:00:00,2018-01-22,23,core,core,2018-01-22 23:00:00,,no_representative_state,1,normal
000003080,2018-01-23 06:00:00,2018-01-23,6,core,core,2018-01-23 06:00:00,,multi_a_region,2,normal
000003080,2018-01-23 06:00:00,2018-01-23,6,near,near,2018-01-23 06:00:00,,multi_a_region,2,normal
000003080,2018-01-23 07:00:00,2018-01-23,7,near,near,2018-01-23 07:00:00,,multi_a_region,2,normal
000003080,2018-01-23 07:00:00,2018-01-23,7,outer,outer,2018-01-23 07:00:00,,multi_a_region,2,normal
000003080,2018-01-23 11:00:00,2018-01-23,11,near,near,2018-01-23 11:00:00,,multi_a_region,2,normal
000003080,2018-01-23 11:00:00,2018-01-23,11,outer,outer,2018-01-23 11:00:00,,multi_a_region,2,normal
000003080,2018-01-23 12:00:00,2018-01-23,12,outer,outer,2018-01-23 12:00:00,,no_representative_state,1,normal
000003080,2018-01-23 13:00:00,2018-01-23,13,outer,outer,2018-01-23 13:00:00,,no_representative_state,1,normal
000003080,2018-01-23 14:00:00,2018-01-23,14,near,near,2018-01-23 14:00:00,,multi_a_region,2,normal
000003080,2018-01-23 14:00:00,2018-01-23,14,outer,outer,2018-01-23 14:00:00,,multi_a_region,2,normal
000003080,2018-01-23 15:00:00,2018-01-23,15,core,core,2018-01-23 15:00:00,,multi_a_region,2,normal
000003080,2018-01-23 15:00:00,2018-01-23,15,near,near,2018-01-23 15:00:00,,multi_a_region,2,normal
000003080,2018-01-23 19:00:00,2018-01-23,19,core,core,2018-01-23 19:00:00,,no_representative_state,1,normal
000003080,2018-01-23 20:00:00,2018-01-23,20,core,core,2018-01-23 20:00:00,,multi_a_region,2,normal
000003080,2018-01-23 20:00:00,2018-01-23,20,near,near,2018-01-23 20:00:00,,multi_a_region,2,normal
000003080,2018-01-23 21:00:00,2018-01-23,21,core,core,2018-01-23 21:00:00,,no_representative_state,1,normal
000003080,2018-01-24 03:00:00,2018-01-24,3,core,core,2018-01-24 03:00:00,,no_representative_state,1,normal
000003080,2018-01-24 04:00:00,2018-01-24,4,core,core,2018-01-24 04:00:00,,no_representative_state,1,normal
000003080,2018-01-24 08:00:00,2018-01-24,8,core,core,2018-01-24 08:00:00,,no_representative_state,1,normal
000003080,2018-01-24 09:00:00,2018-01-24,9,core,core,2018-01-24 09:00:00,,no_representative_state,1,normal
000003080,2018-01-24 10:00:00,2018-01-24,10,core,core,2018-01-24 10:00:00,,no_representative_state,1,normal
000003080,2018-01-24 11:00:00,2018-01-24,11,core,core,2018-01-24 11:00:00,,no_representative_state,1,normal
000003080,2018-01-24 12:00:00,2018-01-24,12,core,core,2018-01-24 12:00:00,,no_representative_state,1,normal
000003080,2018-01-24 14:00:00,2018-01-24,14,core,core,2018-01-24 14:00:00,,no_representative_state,1,normal
000003080,2018-01-24 15:00:00,2018-01-24,15,core,core,2018-01-24 15:00:00,,no_representative_state,1,normal
000003080,2018-01-24 16:00:00,2018-01-24,16,core,core,2018-01-24 16:00:00,,no_representative_state,1,normal
000003080,2018-01-24 17:00:00,2018-01-24,17,core,core,2018-01-24 17:00:00,,multi_a_region,2,normal
000003080,2018-01-24 17:00:00,2018-01-24,17,near,near,2018-01-24 17:00:00,,multi_a_region,2,normal
000003080,2018-01-24 21:00:00,2018-01-24,21,core,core,2018-01-24 21:00:00,,multi_a_region,2,normal
000003080,2018-01-24 21:00:00,2018-01-24,21,near,near,2018-01-24 21:00:00,,multi_a_region,2,normal
000003080,2018-01-24 22:00:00,2018-01-24,22,core,core,2018-01-24 22:00:00,,multi_a_region,2,normal
000003080,2018-01-24 22:00:00,2018-01-24,22,near,near,2018-01-24 22:00:00,,multi_a_region,2,normal
000003080,2018-01-24 23:00:00,2018-01-24,23,near,near,2018-01-24 23:00:00,,no_representative_state,1,normal
000003082,2018-01-05 15:00:00,2018-01-05,15,core,core,2018-01-05 15:00:00,,multi_a_region,2,normal
000003082,2018-01-05 15:00:00,2018-01-05,15,near,near,2018-01-05 15:00:00,,multi_a_region,2,normal
000003082,2018-01-05 16:00:00,2018-01-05,16,near,near,2018-01-05 16:00:00,,multi_a_region,2,normal
000003082,2018-01-05 16:00:00,2018-01-05,16,outer,outer,2018-01-05 16:00:00,,multi_a_region,2,normal
000003082,2018-01-12 08:00:00,2018-01-12,8,outer,outer,2018-01-12 08:00:00,,no_representative_state,1,reduced
000003082,2018-01-12 09:00:00,2018-01-12,9,outer,outer,2018-01-12 09:00:00,,no_representative_state,1,reduced
000003082,2018-01-13 08:00:00,2018-01-13,8,outer,outer,2018-01-13 08:00:00,,no_representative_state,1,outage
000003082,2018-01-13 10:00:00,2018-01-13,10,outer,outer,2018-01-13 10:00:00,,no_representative_state,1,outage
000003082,2018-01-14 11:00:00,2018-01-14,11,outer,outer,2018-01-14 11:00:00,,no_representative_state,1,outage
000003082,2018-01-16 14:00:00,2018-01-16,14,outer,outer,2018-01-16 14:00:00,,no_representative_state,1,outage
000003082,2018-01-18 05:00:00,2018-01-18,5,outer,outer,2018-01-18 05:00:00,,no_representative_state,1,severe
000003082,2018-01-18 07:00:00,2018-01-18,7,outer,outer,2018-01-18 07:00:00,,no_representative_state,1,severe
000003082,2018-01-18 08:00:00,2018-01-18,8,outer,outer,2018-01-18 08:00:00,,no_representative_state,1,severe
000003082,2018-01-18 09:00:00,2018-01-18,9,outer,outer,2018-01-18 09:00:00,,no_representative_state,1,severe
000003082,2018-01-18 10:00:00,2018-01-18,10,outer,outer,2018-01-18 10:00:00,,no_representative_state,1,severe
000003082,2018-01-20 12:00:00,2018-01-20,12,outer,outer,2018-01-20 12:00:00,,no_representative_state,1,normal
000003082,2018-01-20 13:00:00,2018-01-20,13,outer,outer,2018-01-20 13:00:00,,no_representative_state,1,normal
000003082,2018-01-20 14:00:00,2018-01-20,14,outer,outer,2018-01-20 14:00:00,,no_representative_state,1,normal
000003082,2018-01-20 15:00:00,2018-01-20,15,outer,outer,2018-01-20 15:00:00,,no_representative_state,1,normal
000003082,2018-01-20 16:00:00,2018-01-20,16,outer,outer,2018-01-20 16:00:00,,no_representative_state,1,normal
000003082,2018-01-20 17:00:00,2018-01-20,17,outer,outer,2018-01-20 17:00:00,,no_representative_state,1,normal
000003082,2018-01-24 08:00:00,2018-01-24,8,outer,outer,2018-01-24 08:00:00,,no_representative_state,1,normal
000003084,2018-01-06 13:00:00,2018-01-06,13,outer,outer,2018-01-06 13:00:00,,no_representative_state,1,normal
000003084,2018-01-06 14:00:00,2018-01-06,14,outer,outer,2018-01-06 14:00:00,,no_representative_state,1,normal
000003084,2018-01-06 17:00:00,2018-01-06,17,core,core,2018-01-06 17:00:00,,multi_a_region,2,normal
000003084,2018-01-06 17:00:00,2018-01-06,17,outer,outer,2018-01-06 17:00:00,,multi_a_region,2,normal
000003084,2018-01-06 18:00:00,2018-01-06,18,core,core,2018-01-06 18:00:00,,multi_a_region,2,normal
000003084,2018-01-06 18:00:00,2018-01-06,18,near,near,2018-01-06 18:00:00,,multi_a_region,2,normal
000003084,2018-01-24 06:00:00,2018-01-24,6,near,near,2018-01-24 06:00:00,,no_representative_state,1,normal
000003091,2018-01-01 06:00:00,2018-01-01,6,core,core,2018-01-01 06:00:00,,no_representative_state,1,normal
000003091,2018-01-01 07:00:00,2018-01-01,7,core,core,2018-01-01 07:00:00,,no_representative_state,1,normal
000003091,2018-01-01 11:00:00,2018-01-01,11,core,core,2018-01-01 11:00:00,,no_representative_state,1,normal
000003091,2018-01-01 12:00:00,2018-01-01,12,core,core,2018-01-01 12:00:00,,no_representative_state,1,normal
000003091,2018-01-01 15:00:00,2018-01-01,15,core,core,2018-01-01 15:00:00,,multi_a_region,3,normal
000003091,2018-01-01 15:00:00,2018-01-01,15,near,near,2018-01-01 15:00:00,,multi_a_region,3,normal
000003091,2018-01-01 15:00:00,2018-01-01,15,outer,outer,2018-01-01 15:00:00,,multi_a_region,3,normal
000003091,2018-01-01 16:00:00,2018-01-01,16,outer,outer,2018-01-01 16:00:00,,no_representative_state,1,normal
000003091,2018-01-01 18:00:00,2018-01-01,18,outer,outer,2018-01-01 18:00:00,,no_representative_state,1,normal
000003091,2018-01-01 19:00:00,2018-01-01,19,near,near,2018-01-01 19:00:00,,multi_a_region,2,normal
000003091,2018-01-01 19:00:00,2018-01-01,19,outer,outer,2018-01-01 19:00:00,,multi_a_region,2,normal
000003091,2018-01-01 20:00:00,2018-01-01,20,near,near,2018-01-01 20:00:00,,no_representative_state,1,normal
000003091,2018-01-01 21:00:00,2018-01-01,21,core,core,2018-01-01 21:00:00,,multi_a_region,2,normal
000003091,2018-01-01 21:00:00,2018-01-01,21,near,near,2018-01-01 21:00:00,,multi_a_region,2,normal
000003091,2018-01-01 23:00:00,2018-01-01,23,core,core,2018-01-01 23:00:00,,no_representative_state,1,normal
000003091,2018-01-02 00:00:00,2018-01-02,0,core,core,2018-01-02 00:00:00,,no_representative_state,1,normal
000003091,2018-01-02 03:00:00,2018-01-02,3,core,core,2018-01-02 03:00:00,,no_representative_state,1,normal
000003091,2018-01-02 06:00:00,2018-01-02,6,core,core,2018-01-02 06:00:00,,multi_a_region,3,normal
000003091,2018-01-02 06:00:00,2018-01-02,6,near,near,2018-01-02 06:00:00,,multi_a_region,3,normal
000003091,2018-01-02 06:00:00,2018-01-02,6,outer,outer,2018-01-02 06:00:00,,multi_a_region,3,normal
000003091,2018-01-02 07:00:00,2018-01-02,7,outer,outer,2018-01-02 07:00:00,,no_representative_state,1,normal
000003091,2018-01-02 09:00:00,2018-01-02,9,outer,outer,2018-01-02 09:00:00,,no_representative_state,1,normal
000003091,2018-01-02 10:00:00,2018-01-02,10,near,near,2018-01-02 10:00:00,,multi_a_region,2,normal
000003091,2018-01-02 10:00:00,2018-01-02,10,outer,outer,2018-01-02 10:00:00,,multi_a_region,2,normal
000003091,2018-01-02 12:00:00,2018-01-02,12,near,near,2018-01-02 12:00:00,,no_representative_state,1,normal
000003091,2018-01-02 13:00:00,2018-01-02,13,core,core,2018-01-02 13:00:00,,multi_a_region,2,normal
000003091,2018-01-02 13:00:00,2018-01-02,13,near,near,2018-01-02 13:00:00,,multi_a_region,2,normal
000003091,2018-01-02 14:00:00,2018-01-02,14,core,core,2018-01-02 14:00:00,,multi_a_region,2,normal
000003091,2018-01-02 14:00:00,2018-01-02,14,near,near,2018-01-02 14:00:00,,multi_a_region,2,normal
000003091,2018-01-02 15:00:00,2018-01-02,15,core,core,2018-01-02 15:00:00,,multi_a_region,2,normal
000003091,2018-01-02 15:00:00,2018-01-02,15,near,near,2018-01-02 15:00:00,,multi_a_region,2,normal
000003091,2018-01-02 16:00:00,2018-01-02,16,outer,outer,2018-01-02 16:00:00,,no_representative_state,1,normal
000003091,2018-01-02 17:00:00,2018-01-02,17,core,core,2018-01-02 17:00:00,,no_representative_state,1,normal
000003091,2018-01-02 19:00:00,2018-01-02,19,core,core,2018-01-02 19:00:00,,no_representative_state,1,normal
000003091,2018-01-02 20:00:00,2018-01-02,20,core,core,2018-01-02 20:00:00,,no_representative_state,1,normal
000003091,2018-01-03 06:00:00,2018-01-03,6,core,core,2018-01-03 06:00:00,,no_representative_state,1,normal
000003091,2018-01-03 07:00:00,2018-01-03,7,core,core,2018-01-03 07:00:00,,multi_a_region,2,normal
000003091,2018-01-03 07:00:00,2018-01-03,7,near,near,2018-01-03 07:00:00,,multi_a_region,2,normal
000003091,2018-01-03 08:00:00,2018-01-03,8,core,core,2018-01-03 08:00:00,,no_representative_state,1,normal
000003091,2018-01-03 10:00:00,2018-01-03,10,core,core,2018-01-03 10:00:00,,multi_a_region,2,normal
000003091,2018-01-03 10:00:00,2018-01-03,10,near,near,2018-01-03 10:00:00,,multi_a_region,2,normal
000003091,2018-01-03 11:00:00,2018-01-03,11,core,core,2018-01-03 11:00:00,,no_representative_state,1,normal
000003091,2018-01-03 12:00:00,2018-01-03,12,core,core,2018-01-03 12:00:00,,no_representative_state,1,normal
000003091,2018-01-03 13:00:00,2018-01-03,13,near,near,2018-01-03 13:00:00,,no_representative_state,1,normal
000003091,2018-01-03 14:00:00,2018-01-03,14,near,near,2018-01-03 14:00:00,,no_representative_state,1,normal
000003091,2018-01-03 17:00:00,2018-01-03,17,core,core,2018-01-03 17:00:00,,multi_a_region,2,normal
000003091,2018-01-03 17:00:00,2018-01-03,17,near,near,2018-01-03 17:00:00,,multi_a_region,2,normal
000003091,2018-01-03 18:00:00,2018-01-03,18,core,core,2018-01-03 18:00:00,,no_representative_state,1,normal
000003091,2018-01-03 19:00:00,2018-01-03,19,core,core,2018-01-03 19:00:00,,no_representative_state,1,normal
000003091,2018-01-03 22:00:00,2018-01-03,22,core,core,2018-01-03 22:00:00,,multi_a_region,2,normal
000003091,2018-01-03 22:00:00,2018-01-03,22,near,near,2018-01-03 22:00:00,,multi_a_region,2,normal
000003091,2018-01-03 23:00:00,2018-01-03,23,core,core,2018-01-03 23:00:00,,multi_a_region,2,normal
000003091,2018-01-03 23:00:00,2018-01-03,23,near,near,2018-01-03 23:00:00,,multi_a_region,2,normal
000003091,2018-01-04 00:00:00,2018-01-04,0,core,core,2018-01-04 00:00:00,,no_representative_state,1,normal
000003091,2018-01-04 04:00:00,2018-01-04,4,core,core,2018-01-04 04:00:00,,no_representative_state,1,normal
000003091,2018-01-04 05:00:00,2018-01-04,5,core,core,2018-01-04 05:00:00,,no_representative_state,1,normal
000003091,2018-01-04 06:00:00,2018-01-04,6,core,core,2018-01-04 06:00:00,,no_representative_state,1,normal
000003091,2018-01-04 07:00:00,2018-01-04,7,core,core,2018-01-04 07:00:00,,multi_a_region,2,normal
000003091,2018-01-04 07:00:00,2018-01-04,7,outer,outer,2018-01-04 07:00:00,,multi_a_region,2,normal
000003091,2018-01-04 08:00:00,2018-01-04,8,near,near,2018-01-04 08:00:00,,no_representative_state,1,normal
000003091,2018-01-04 09:00:00,2018-01-04,9,near,near,2018-01-04 09:00:00,,multi_a_region,2,normal
000003091,2018-01-04 09:00:00,2018-01-04,9,outer,outer,2018-01-04 09:00:00,,multi_a_region,2,normal
000003091,2018-01-04 10:00:00,2018-01-04,10,outer,outer,2018-01-04 10:00:00,,no_representative_state,1,normal
000003091,2018-01-04 14:00:00,2018-01-04,14,core,core,2018-01-04 14:00:00,,multi_a_region,2,normal
000003091,2018-01-04 14:00:00,2018-01-04,14,near,near,2018-01-04 14:00:00,,multi_a_region,2,normal
000003091,2018-01-04 21:00:00,2018-01-04,21,core,core,2018-01-04 21:00:00,,multi_a_region,2,normal
000003091,2018-01-04 21:00:00,2018-01-04,21,near,near,2018-01-04 21:00:00,,multi_a_region,2,normal
000003091,2018-01-04 22:00:00,2018-01-04,22,core,core,2018-01-04 22:00:00,,multi_a_region,2,normal
000003091,2018-01-04 22:00:00,2018-01-04,22,near,near,2018-01-04 22:00:00,,multi_a_region,2,normal
000003091,2018-01-05 01:00:00,2018-01-05,1,core,core,2018-01-05 01:00:00,,no_representative_state,1,normal
000003091,2018-01-05 02:00:00,2018-01-05,2,core,core,2018-01-05 02:00:00,,no_representative_state,1,normal
000003091,2018-01-05 06:00:00,2018-01-05,6,core,core,2018-01-05 06:00:00,,no_representative_state,1,normal
000003091,2018-01-05 07:00:00,2018-01-05,7,core,core,2018-01-05 07:00:00,,no_representative_state,1,normal
000003091,2018-01-05 10:00:00,2018-01-05,10,core,core,2018-01-05 10:00:00,,no_representative_state,1,normal
000003091,2018-01-05 11:00:00,2018-01-05,11,core,core,2018-01-05 11:00:00,,multi_a_region,3,normal
000003091,2018-01-05 11:00:00,2018-01-05,11,near,near,2018-01-05 11:00:00,,multi_a_region,3,normal
000003091,2018-01-05 11:00:00,2018-01-05,11,outer,outer,2018-01-05 11:00:00,,multi_a_region,3,normal
000003091,2018-01-05 12:00:00,2018-01-05,12,near,near,2018-01-05 12:00:00,,multi_a_region,2,normal
000003091,2018-01-05 12:00:00,2018-01-05,12,outer,outer,2018-01-05 12:00:00,,multi_a_region,2,normal
000003091,2018-01-05 13:00:00,2018-01-05,13,core,core,2018-01-05 13:00:00,,multi_a_region,2,normal
000003091,2018-01-05 13:00:00,2018-01-05,13,near,near,2018-01-05 13:00:00,,multi_a_region,2,normal
000003091,2018-01-05 18:00:00,2018-01-05,18,core,core,2018-01-05 18:00:00,,no_representative_state,1,normal
000003091,2018-01-05 19:00:00,2018-01-05,19,core,core,2018-01-05 19:00:00,,multi_a_region,2,normal
000003091,2018-01-05 19:00:00,2018-01-05,19,near,near,2018-01-05 19:00:00,,multi_a_region,2,normal
000003091,2018-01-06 01:00:00,2018-01-06,1,core,core,2018-01-06 01:00:00,,no_representative_state,1,normal
000003091,2018-01-06 02:00:00,2018-01-06,2,core,core,2018-01-06 02:00:00,,no_representative_state,1,normal
000003091,2018-01-06 03:00:00,2018-01-06,3,core,core,2018-01-06 03:00:00,,no_representative_state,1,normal
000003091,2018-01-06 06:00:00,2018-01-06,6,core,core,2018-01-06 06:00:00,,multi_a_region,3,normal
000003091,2018-01-06 06:00:00,2018-01-06,6,near,near,2018-01-06 06:00:00,,multi_a_region,3,normal
000003091,2018-01-06 06:00:00,2018-01-06,6,outer,outer,2018-01-06 06:00:00,,multi_a_region,3,normal
000003091,2018-01-06 07:00:00,2018-01-06,7,outer,outer,2018-01-06 07:00:00,,no_representative_state,1,normal
000003091,2018-01-06 08:00:00,2018-01-06,8,outer,outer,2018-01-06 08:00:00,,no_representative_state,1,normal
000003091,2018-01-06 09:00:00,2018-01-06,9,outer,outer,2018-01-06 09:00:00,,no_representative_state,1,normal
000003091,2018-01-06 10:00:00,2018-01-06,10,near,near,2018-01-06 10:00:00,,multi_a_region,2,normal
000003091,2018-01-06 10:00:00,2018-01-06,10,outer,outer,2018-01-06 10:00:00,,multi_a_region,2,normal
000003091,2018-01-06 11:00:00,2018-01-06,11,near,near,2018-01-06 11:00:00,,no_representative_state,1,normal
000003091,2018-01-06 12:00:00,2018-01-06,12,near,near,2018-01-06 12:00:00,,multi_a_region,2,normal
000003091,2018-01-06 12:00:00,2018-01-06,12,outer,outer,2018-01-06 12:00:00,,multi_a_region,2,normal
000003091,2018-01-06 13:00:00,2018-01-06,13,core,core,2018-01-06 13:00:00,,multi_a_region,2,normal
000003091,2018-01-06 13:00:00,2018-01-06,13,near,near,2018-01-06 13:00:00,,multi_a_region,2,normal
000003091,2018-01-06 15:00:00,2018-01-06,15,core,core,2018-01-06 15:00:00,,no_representative_state,1,normal
000003091,2018-01-06 18:00:00,2018-01-06,18,core,core,2018-01-06 18:00:00,,multi_a_region,2,normal
000003091,2018-01-06 18:00:00,2018-01-06,18,near,near,2018-01-06 18:00:00,,multi_a_region,2,normal
000003091,2018-01-06 19:00:00,2018-01-06,19,core,core,2018-01-06 19:00:00,,no_representative_state,1,normal
000003091,2018-01-06 23:00:00,2018-01-06,23,core,core,2018-01-06 23:00:00,,no_representative_state,1,normal
000003091,2018-01-07 00:00:00,2018-01-07,0,core,core,2018-01-07 00:00:00,,no_representative_state,1,normal
000003091,2018-01-07 03:00:00,2018-01-07,3,core,core,2018-01-07 03:00:00,,multi_a_region,2,normal
000003091,2018-01-07 03:00:00,2018-01-07,3,near,near,2018-01-07 03:00:00,,multi_a_region,2,normal
000003091,2018-01-07 04:00:00,2018-01-07,4,core,core,2018-01-07 04:00:00,,multi_a_region,2,normal
000003091,2018-01-07 04:00:00,2018-01-07,4,near,near,2018-01-07 04:00:00,,multi_a_region,2,normal
000003091,2018-01-07 07:00:00,2018-01-07,7,core,core,2018-01-07 07:00:00,,no_representative_state,1,normal
000003091,2018-01-07 08:00:00,2018-01-07,8,core,core,2018-01-07 08:00:00,,no_representative_state,1,normal
000003091,2018-01-07 13:00:00,2018-01-07,13,core,core,2018-01-07 13:00:00,,multi_a_region,3,normal
000003091,2018-01-07 13:00:00,2018-01-07,13,near,near,2018-01-07 13:00:00,,multi_a_region,3,normal
000003091,2018-01-07 13:00:00,2018-01-07,13,outer,outer,2018-01-07 13:00:00,,multi_a_region,3,normal
000003091,2018-01-07 14:00:00,2018-01-07,14,outer,outer,2018-01-07 14:00:00,,no_representative_state,1,normal
000003091,2018-01-07 16:00:00,2018-01-07,16,outer,outer,2018-01-07 16:00:00,,no_representative_state,1,normal
000003091,2018-01-07 17:00:00,2018-01-07,17,near,near,2018-01-07 17:00:00,,multi_a_region,2,normal
000003091,2018-01-07 17:00:00,2018-01-07,17,outer,outer,2018-01-07 17:00:00,,multi_a_region,2,normal
000003091,2018-01-07 19:00:00,2018-01-07,19,core,core,2018-01-07 19:00:00,,multi_a_region,2,normal
000003091,2018-01-07 19:00:00,2018-01-07,19,near,near,2018-01-07 19:00:00,,multi_a_region,2,normal
000003091,2018-01-07 22:00:00,2018-01-07,22,core,core,2018-01-07 22:00:00,,no_representative_state,1,normal
000003091,2018-01-07 23:00:00,2018-01-07,23,core,core,2018-01-07 23:00:00,,no_representative_state,1,normal
000003091,2018-01-08 06:00:00,2018-01-08,6,core,core,2018-01-08 06:00:00,,no_representative_state,1,normal
000003091,2018-01-08 09:00:00,2018-01-08,9,outer,outer,2018-01-08 09:00:00,,no_representative_state,1,normal
000003091,2018-01-08 10:00:00,2018-01-08,10,near,near,2018-01-08 10:00:00,,multi_a_region,2,normal
000003091,2018-01-08 10:00:00,2018-01-08,10,outer,outer,2018-01-08 10:00:00,,multi_a_region,2,normal
000003091,2018-01-08 11:00:00,2018-01-08,11,core,core,2018-01-08 11:00:00,,multi_a_region,2,normal
000003091,2018-01-08 11:00:00,2018-01-08,11,near,near,2018-01-08 11:00:00,,multi_a_region,2,normal
000003091,2018-01-08 12:00:00,2018-01-08,12,core,core,2018-01-08 12:00:00,,no_representative_state,1,normal
000003091,2018-01-08 20:00:00,2018-01-08,20,core,core,2018-01-08 20:00:00,,multi_a_region,3,normal
000003091,2018-01-08 20:00:00,2018-01-08,20,near,near,2018-01-08 20:00:00,,multi_a_region,3,normal
000003091,2018-01-08 20:00:00,2018-01-08,20,outer,outer,2018-01-08 20:00:00,,multi_a_region,3,normal
000003091,2018-01-08 21:00:00,2018-01-08,21,outer,outer,2018-01-08 21:00:00,,no_representative_state,1,normal
000003091,2018-01-08 22:00:00,2018-01-08,22,outer,outer,2018-01-08 22:00:00,,no_representative_state,1,normal
000003091,2018-01-08 23:00:00,2018-01-08,23,core,core,2018-01-08 23:00:00,,no_representative_state,1,normal
000003091,2018-01-09 03:00:00,2018-01-09,3,core,core,2018-01-09 03:00:00,,no_representative_state,1,normal
000003091,2018-01-09 04:00:00,2018-01-09,4,core,core,2018-01-09 04:00:00,,no_representative_state,1,normal
000003091,2018-01-09 09:00:00,2018-01-09,9,outer,outer,2018-01-09 09:00:00,,no_representative_state,1,normal
000003091,2018-01-09 10:00:00,2018-01-09,10,core,core,2018-01-09 10:00:00,,multi_a_region,2,normal
000003091,2018-01-09 10:00:00,2018-01-09,10,near,near,2018-01-09 10:00:00,,multi_a_region,2,normal
000003091,2018-01-11 10:00:00,2018-01-11,10,near,near,2018-01-11 10:00:00,,no_representative_state,1,normal
000003091,2018-01-17 08:00:00,2018-01-17,8,near,near,2018-01-17 08:00:00,,no_representative_state,1,severe
000003133,2018-01-03 15:00:00,2018-01-03,15,near,near,2018-01-03 15:00:00,,no_representative_state,1,normal
000003133,2018-01-10 23:00:00,2018-01-10,23,near,near,2018-01-10 23:00:00,,no_representative_state,1,normal
000003133,2018-01-11 00:00:00,2018-01-11,0,near,near,2018-01-11 00:00:00,,no_representative_state,1,normal
000003133,2018-01-12 06:00:00,2018-01-12,6,near,near,2018-01-12 06:00:00,,no_representative_state,1,reduced
000003133,2018-01-17 17:00:00,2018-01-17,17,outer,outer,2018-01-17 17:00:00,,no_representative_state,1,severe
000003135,2018-01-11 11:00:00,2018-01-11,11,near,near,2018-01-11 11:00:00,,no_representative_state,1,normal
000003135,2018-01-11 12:00:00,2018-01-11,12,core,core,2018-01-11 12:00:00,,no_representative_state,1,normal
000003135,2018-01-11 15:00:00,2018-01-11,15,outer,outer,2018-01-11 15:00:00,,no_representative_state,1,normal
000003135,2018-01-11 16:00:00,2018-01-11,16,outer,outer,2018-01-11 16:00:00,,no_representative_state,1,normal
000003135,2018-01-11 17:00:00,2018-01-11,17,near,near,2018-01-11 17:00:00,,multi_a_region,2,normal
000003135,2018-01-11 17:00:00,2018-01-11,17,outer,outer,2018-01-11 17:00:00,,multi_a_region,2,normal
000003135,2018-01-11 18:00:00,2018-01-11,18,core,core,2018-01-11 18:00:00,,multi_a_region,2,normal
000003135,2018-01-11 18:00:00,2018-01-11,18,near,near,2018-01-11 18:00:00,,multi_a_region,2,normal
000003135,2018-01-24 07:00:00,2018-01-24,7,core,core,2018-01-24 07:00:00,,multi_a_region,2,normal
000003135,2018-01-24 07:00:00,2018-01-24,7,near,near,2018-01-24 07:00:00,,multi_a_region,2,normal
000003136,2018-01-19 10:00:00,2018-01-19,10,near,near,2018-01-19 10:00:00,,no_representative_state,1,normal
000003136,2018-01-21 11:00:00,2018-01-21,11,near,near,2018-01-21 11:00:00,,no_representative_state,1,normal
000003136,2018-01-23 19:00:00,2018-01-23,19,core,core,2018-01-23 19:00:00,,multi_a_region,2,normal
000003136,2018-01-23 19:00:00,2018-01-23,19,near,near,2018-01-23 19:00:00,,multi_a_region,2,normal
000003136,2018-01-23 20:00:00,2018-01-23,20,core,core,2018-01-23 20:00:00,,multi_a_region,2,normal
000003136,2018-01-23 20:00:00,2018-01-23,20,outer,outer,2018-01-23 20:00:00,,multi_a_region,2,normal
000003136,2018-01-23 21:00:00,2018-01-23,21,outer,outer,2018-01-23 21:00:00,,no_representative_state,1,normal
000003138,2018-01-01 23:00:00,2018-01-01,23,core,core,2018-01-01 23:00:00,,multi_a_region,2,normal
000003138,2018-01-01 23:00:00,2018-01-01,23,near,near,2018-01-01 23:00:00,,multi_a_region,2,normal
000003138,2018-01-02 00:00:00,2018-01-02,0,core,core,2018-01-02 00:00:00,,multi_a_region,3,normal
000003138,2018-01-02 00:00:00,2018-01-02,0,near,near,2018-01-02 00:00:00,,multi_a_region,3,normal
000003138,2018-01-02 00:00:00,2018-01-02,0,outer,outer,2018-01-02 00:00:00,,multi_a_region,3,normal
000003138,2018-01-02 01:00:00,2018-01-02,1,outer,outer,2018-01-02 01:00:00,,no_representative_state,1,normal
000003138,2018-01-18 08:00:00,2018-01-18,8,near,near,2018-01-18 08:00:00,,no_representative_state,1,severe
000003138,2018-01-18 19:00:00,2018-01-18,19,near,near,2018-01-18 19:00:00,,no_representative_state,1,severe
000003139,2018-01-01 23:00:00,2018-01-01,23,outer,outer,2018-01-01 23:00:00,,no_representative_state,1,normal
000003139,2018-01-02 05:00:00,2018-01-02,5,outer,outer,2018-01-02 05:00:00,,no_representative_state,1,normal
000003139,2018-01-02 06:00:00,2018-01-02,6,core,core,2018-01-02 06:00:00,,multi_a_region,2,normal
000003139,2018-01-02 06:00:00,2018-01-02,6,near,near,2018-01-02 06:00:00,,multi_a_region,2,normal
000003139,2018-01-02 11:00:00,2018-01-02,11,near,near,2018-01-02 11:00:00,,no_representative_state,1,normal
000003139,2018-01-02 14:00:00,2018-01-02,14,near,near,2018-01-02 14:00:00,,no_representative_state,1,normal
000003139,2018-01-02 17:00:00,2018-01-02,17,near,near,2018-01-02 17:00:00,,no_representative_state,1,normal
000003139,2018-01-02 23:00:00,2018-01-02,23,core,core,2018-01-02 23:00:00,,multi_a_region,2,normal
000003139,2018-01-02 23:00:00,2018-01-02,23,near,near,2018-01-02 23:00:00,,multi_a_region,2,normal
000003139,2018-01-03 00:00:00,2018-01-03,0,near,near,2018-01-03 00:00:00,,multi_a_region,2,normal
000003139,2018-01-03 00:00:00,2018-01-03,0,outer,outer,2018-01-03 00:00:00,,multi_a_region,2,normal
000003139,2018-01-03 01:00:00,2018-01-03,1,outer,outer,2018-01-03 01:00:00,,no_representative_state,1,normal
000003139,2018-01-08 00:00:00,2018-01-08,0,outer,outer,2018-01-08 00:00:00,,no_representative_state,1,normal
000003139,2018-01-08 05:00:00,2018-01-08,5,near,near,2018-01-08 05:00:00,,multi_a_region,2,normal
000003139,2018-01-08 05:00:00,2018-01-08,5,outer,outer,2018-01-08 05:00:00,,multi_a_region,2,normal
000003139,2018-01-08 06:00:00,2018-01-08,6,core,core,2018-01-08 06:00:00,,multi_a_region,2,normal
000003139,2018-01-08 06:00:00,2018-01-08,6,near,near,2018-01-08 06:00:00,,multi_a_region,2,normal
000003139,2018-01-08 14:00:00,2018-01-08,14,near,near,2018-01-08 14:00:00,,no_representative_state,1,normal
000003139,2018-01-09 01:00:00,2018-01-09,1,core,core,2018-01-09 01:00:00,,multi_a_region,2,normal
000003139,2018-01-09 01:00:00,2018-01-09,1,near,near,2018-01-09 01:00:00,,multi_a_region,2,normal
000003139,2018-01-09 02:00:00,2018-01-09,2,near,near,2018-01-09 02:00:00,,multi_a_region,2,normal
000003139,2018-01-09 02:00:00,2018-01-09,2,outer,outer,2018-01-09 02:00:00,,multi_a_region,2,normal
000003139,2018-01-09 03:00:00,2018-01-09,3,outer,outer,2018-01-09 03:00:00,,no_representative_state,1,normal
000003139,2018-01-11 15:00:00,2018-01-11,15,outer,outer,2018-01-11 15:00:00,,no_representative_state,1,normal
000003139,2018-01-11 16:00:00,2018-01-11,16,outer,outer,2018-01-11 16:00:00,,no_representative_state,1,normal
000003139,2018-01-11 17:00:00,2018-01-11,17,core,core,2018-01-11 17:00:00,,multi_a_region,2,normal
000003139,2018-01-11 17:00:00,2018-01-11,17,near,near,2018-01-11 17:00:00,,multi_a_region,2,normal
000003139,2018-01-14 11:00:00,2018-01-14,11,near,near,2018-01-14 11:00:00,,no_representative_state,1,outage
000003139,2018-01-17 15:00:00,2018-01-17,15,outer,outer,2018-01-17 15:00:00,,no_representative_state,1,severe
000003139,2018-01-17 16:00:00,2018-01-17,16,outer,outer,2018-01-17 16:00:00,,no_representative_state,1,severe
000003139,2018-01-19 13:00:00,2018-01-19,13,near,near,2018-01-19 13:00:00,,no_representative_state,1,normal
000003139,2018-01-20 09:00:00,2018-01-20,9,near,near,2018-01-20 09:00:00,,no_representative_state,1,normal
000003139,2018-01-20 11:00:00,2018-01-20,11,near,near,2018-01-20 11:00:00,,no_representative_state,1,normal
000003139,2018-01-20 12:00:00,2018-01-20,12,core,core,2018-01-20 12:00:00,,multi_a_region,3,normal
000003139,2018-01-20 12:00:00,2018-01-20,12,near,near,2018-01-20 12:00:00,,multi_a_region,3,normal
000003139,2018-01-20 12:00:00,2018-01-20,12,outer,outer,2018-01-20 12:00:00,,multi_a_region,3,normal
000003139,2018-01-20 13:00:00,2018-01-20,13,outer,outer,2018-01-20 13:00:00,,no_representative_state,1,normal
000003149,2018-01-14 07:00:00,2018-01-14,7,outer,outer,2018-01-14 07:00:00,,no_representative_state,1,outage
000003149,2018-01-15 12:00:00,2018-01-15,12,near,near,2018-01-15 12:00:00,,no_representative_state,1,outage
000003149,2018-01-16 23:00:00,2018-01-16,23,near,near,2018-01-16 23:00:00,,no_representative_state,1,outage
000003149,2018-01-17 00:00:00,2018-01-17,0,outer,outer,2018-01-17 00:00:00,,no_representative_state,1,severe
000003149,2018-01-17 01:00:00,2018-01-17,1,outer,outer,2018-01-17 01:00:00,,no_representative_state,1,severe
000003151,2018-01-03 07:00:00,2018-01-03,7,outer,outer,2018-01-03 07:00:00,,no_representative_state,1,normal
000003151,2018-01-03 08:00:00,2018-01-03,8,outer,outer,2018-01-03 08:00:00,,no_representative_state,1,normal
000003151,2018-01-03 09:00:00,2018-01-03,9,core,core,2018-01-03 09:00:00,,no_representative_state,1,normal
000003151,2018-01-03 10:00:00,2018-01-03,10,core,core,2018-01-03 10:00:00,,multi_a_region,2,normal
000003151,2018-01-03 10:00:00,2018-01-03,10,near,near,2018-01-03 10:00:00,,multi_a_region,2,normal
000003151,2018-01-03 17:00:00,2018-01-03,17,near,near,2018-01-03 17:00:00,,no_representative_state,1,normal
000003151,2018-01-04 09:00:00,2018-01-04,9,near,near,2018-01-04 09:00:00,,no_representative_state,1,normal
000003151,2018-01-04 15:00:00,2018-01-04,15,near,near,2018-01-04 15:00:00,,no_representative_state,1,normal
000003151,2018-01-04 19:00:00,2018-01-04,19,core,core,2018-01-04 19:00:00,,multi_a_region,2,normal
000003151,2018-01-04 19:00:00,2018-01-04,19,near,near,2018-01-04 19:00:00,,multi_a_region,2,normal
000003252,2018-01-04 21:00:00,2018-01-04,21,outer,outer,2018-01-04 21:00:00,,no_representative_state,1,normal
000003517,2018-01-16 19:00:00,2018-01-16,19,outer,outer,2018-01-16 19:00:00,,no_representative_state,1,outage
000003517,2018-01-16 20:00:00,2018-01-16,20,outer,outer,2018-01-16 20:00:00,,no_representative_state,1,outage
000003517,2018-01-17 05:00:00,2018-01-17,5,outer,outer,2018-01-17 05:00:00,,no_representative_state,1,severe
000003517,2018-01-17 06:00:00,2018-01-17,6,core,core,2018-01-17 06:00:00,,no_representative_state,1,severe
000003517,2018-01-17 10:00:00,2018-01-17,10,near,near,2018-01-17 10:00:00,,no_representative_state,1,severe
000003517,2018-01-18 14:00:00,2018-01-18,14,near,near,2018-01-18 14:00:00,,no_representative_state,1,severe
000003517,2018-01-18 18:00:00,2018-01-18,18,outer,outer,2018-01-18 18:00:00,,no_representative_state,1,severe
000003517,2018-01-18 19:00:00,2018-01-18,19,outer,outer,2018-01-18 19:00:00,,no_representative_state,1,severe
000003517,2018-01-22 13:00:00,2018-01-22,13,outer,outer,2018-01-22 13:00:00,,no_representative_state,1,normal
000003517,2018-01-22 14:00:00,2018-01-22,14,outer,outer,2018-01-22 14:00:00,,no_representative_state,1,normal
000003517,2018-01-22 15:00:00,2018-01-22,15,outer,outer,2018-01-22 15:00:00,,no_representative_state,1,normal
000003517,2018-01-23 00:00:00,2018-01-23,0,outer,outer,2018-01-23 00:00:00,,no_representative_state,1,normal
000003517,2018-01-23 01:00:00,2018-01-23,1,outer,outer,2018-01-23 01:00:00,,no_representative_state,1,normal
000003574,2018-01-03 10:00:00,2018-01-03,10,outer,outer,2018-01-03 10:00:00,,no_representative_state,1,normal
000003574,2018-01-03 13:00:00,2018-01-03,13,outer,outer,2018-01-03 13:00:00,,no_representative_state,1,normal
000003574,2018-01-03 14:00:00,2018-01-03,14,core,core,2018-01-03 14:00:00,,multi_a_region,2,normal
000003574,2018-01-03 14:00:00,2018-01-03,14,near,near,2018-01-03 14:00:00,,multi_a_region,2,normal
000003574,2018-01-04 10:00:00,2018-01-04,10,near,near,2018-01-04 10:00:00,,no_representative_state,1,normal
000003574,2018-01-04 12:00:00,2018-01-04,12,near,near,2018-01-04 12:00:00,,no_representative_state,1,normal
000003574,2018-01-04 13:00:00,2018-01-04,13,near,near,2018-01-04 13:00:00,,no_representative_state,1,normal
000003574,2018-01-16 19:00:00,2018-01-16,19,near,near,2018-01-16 19:00:00,,no_representative_state,1,outage
000003574,2018-01-16 20:00:00,2018-01-16,20,near,near,2018-01-16 20:00:00,,no_representative_state,1,outage
000003574,2018-01-21 16:00:00,2018-01-21,16,outer,outer,2018-01-21 16:00:00,,no_representative_state,1,normal
000003574,2018-01-21 17:00:00,2018-01-21,17,core,core,2018-01-21 17:00:00,,multi_a_region,3,normal
000003574,2018-01-21 17:00:00,2018-01-21,17,near,near,2018-01-21 17:00:00,,multi_a_region,3,normal
000003574,2018-01-21 17:00:00,2018-01-21,17,outer,outer,2018-01-21 17:00:00,,multi_a_region,3,normal
000003574,2018-01-21 18:00:00,2018-01-21,18,near,near,2018-01-21 18:00:00,,no_representative_state,1,normal
000003574,2018-01-22 10:00:00,2018-01-22,10,near,near,2018-01-22 10:00:00,,no_representative_state,1,normal
000003574,2018-01-22 13:00:00,2018-01-22,13,near,near,2018-01-22 13:00:00,,no_representative_state,1,normal
000003574,2018-01-22 14:00:00,2018-01-22,14,near,near,2018-01-22 14:00:00,,no_representative_state,1,normal
000003574,2018-01-22 23:00:00,2018-01-22,23,core,core,2018-01-22 23:00:00,,multi_a_region,2,normal
000003574,2018-01-22 23:00:00,2018-01-22,23,near,near,2018-01-22 23:00:00,,multi_a_region,2,normal
000003574,2018-01-23 00:00:00,2018-01-23,0,near,near,2018-01-23 00:00:00,,multi_a_region,2,normal
000003574,2018-01-23 00:00:00,2018-01-23,0,outer,outer,2018-01-23 00:00:00,,multi_a_region,2,normal
000003574,2018-01-23 01:00:00,2018-01-23,1,outer,outer,2018-01-23 01:00:00,,no_representative_state,1,normal
000003589,2018-01-03 03:00:00,2018-01-03,3,outer,outer,2018-01-03 03:00:00,,no_representative_state,1,normal
000003589,2018-01-03 04:00:00,2018-01-03,4,outer,outer,2018-01-03 04:00:00,,no_representative_state,1,normal
000003589,2018-01-03 05:00:00,2018-01-03,5,core,core,2018-01-03 05:00:00,,multi_a_region,3,normal
000003589,2018-01-03 05:00:00,2018-01-03,5,near,near,2018-01-03 05:00:00,,multi_a_region,3,normal
000003589,2018-01-03 05:00:00,2018-01-03,5,outer,outer,2018-01-03 05:00:00,,multi_a_region,3,normal
000003589,2018-01-03 06:00:00,2018-01-03,6,core,core,2018-01-03 06:00:00,,multi_a_region,2,normal
000003589,2018-01-03 06:00:00,2018-01-03,6,near,near,2018-01-03 06:00:00,,multi_a_region,2,normal
000003589,2018-01-04 19:00:00,2018-01-04,19,core,core,2018-01-04 19:00:00,,multi_a_region,2,normal
000003589,2018-01-04 19:00:00,2018-01-04,19,near,near,2018-01-04 19:00:00,,multi_a_region,2,normal
000003728,2018-01-20 07:00:00,2018-01-20,7,outer,outer,2018-01-20 07:00:00,,no_representative_state,1,normal
000003728,2018-01-20 08:00:00,2018-01-20,8,outer,outer,2018-01-20 08:00:00,,no_representative_state,1,normal
000003728,2018-01-20 09:00:00,2018-01-20,9,core,core,2018-01-20 09:00:00,,multi_a_region,3,normal
000003728,2018-01-20 09:00:00,2018-01-20,9,near,near,2018-01-20 09:00:00,,multi_a_region,3,normal
000003728,2018-01-20 09:00:00,2018-01-20,9,outer,outer,2018-01-20 09:00:00,,multi_a_region,3,normal
000003728,2018-01-23 08:00:00,2018-01-23,8,core,core,2018-01-23 08:00:00,,multi_a_region,2,normal
000003728,2018-01-23 08:00:00,2018-01-23,8,near,near,2018-01-23 08:00:00,,multi_a_region,2,normal
000003728,2018-01-23 09:00:00,2018-01-23,9,near,near,2018-01-23 09:00:00,,multi_a_region,2,normal
000003728,2018-01-23 09:00:00,2018-01-23,9,outer,outer,2018-01-23 09:00:00,,multi_a_region,2,normal
000003728,2018-01-23 10:00:00,2018-01-23,10,outer,outer,2018-01-23 10:00:00,,no_representative_state,1,normal
000003728,2018-01-23 11:00:00,2018-01-23,11,outer,outer,2018-01-23 11:00:00,,no_representative_state,1,normal
000003728,2018-01-23 12:00:00,2018-01-23,12,outer,outer,2018-01-23 12:00:00,,no_representative_state,1,normal
000003827,2018-01-03 15:00:00,2018-01-03,15,near,near,2018-01-03 15:00:00,,no_representative_state,1,normal
000003827,2018-01-11 15:00:00,2018-01-11,15,near,near,2018-01-11 15:00:00,,no_representative_state,1,normal
000003827,2018-01-12 19:00:00,2018-01-12,19,near,near,2018-01-12 19:00:00,,no_representative_state,1,reduced
000003827,2018-01-12 20:00:00,2018-01-12,20,outer,outer,2018-01-12 20:00:00,,no_representative_state,1,reduced
000003827,2018-01-12 21:00:00,2018-01-12,21,outer,outer,2018-01-12 21:00:00,,no_representative_state,1,reduced
000003827,2018-01-18 04:00:00,2018-01-18,4,outer,outer,2018-01-18 04:00:00,,no_representative_state,1,severe
000003827,2018-01-18 05:00:00,2018-01-18,5,outer,outer,2018-01-18 05:00:00,,no_representative_state,1,severe
000003827,2018-01-18 06:00:00,2018-01-18,6,near,near,2018-01-18 06:00:00,,no_representative_state,1,severe
000003827,2018-01-18 15:00:00,2018-01-18,15,near,near,2018-01-18 15:00:00,,no_representative_state,1,severe
000003827,2018-01-18 23:00:00,2018-01-18,23,core,core,2018-01-18 23:00:00,,multi_a_region,2,severe
000003827,2018-01-18 23:00:00,2018-01-18,23,near,near,2018-01-18 23:00:00,,multi_a_region,2,severe
000003827,2018-01-19 00:00:00,2018-01-19,0,near,near,2018-01-19 00:00:00,,no_representative_state,1,normal
000003830,2018-01-08 11:00:00,2018-01-08,11,outer,outer,2018-01-08 11:00:00,,no_representative_state,1,normal
000003830,2018-01-08 12:00:00,2018-01-08,12,outer,outer,2018-01-08 12:00:00,,no_representative_state,1,normal
000003830,2018-01-08 13:00:00,2018-01-08,13,near,near,2018-01-08 13:00:00,,multi_a_region,2,normal
000003830,2018-01-08 13:00:00,2018-01-08,13,outer,outer,2018-01-08 13:00:00,,multi_a_region,2,normal
000003830,2018-01-08 14:00:00,2018-01-08,14,core,core,2018-01-08 14:00:00,,multi_a_region,2,normal
000003830,2018-01-08 14:00:00,2018-01-08,14,near,near,2018-01-08 14:00:00,,multi_a_region,2,normal
000003830,2018-01-10 15:00:00,2018-01-10,15,core,core,2018-01-10 15:00:00,,multi_a_region,2,normal
000003830,2018-01-10 15:00:00,2018-01-10,15,near,near,2018-01-10 15:00:00,,multi_a_region,2,normal
000003830,2018-01-10 16:00:00,2018-01-10,16,near,near,2018-01-10 16:00:00,,multi_a_region,2,normal
000003830,2018-01-10 16:00:00,2018-01-10,16,outer,outer,2018-01-10 16:00:00,,multi_a_region,2,normal
000003830,2018-01-10 17:00:00,2018-01-10,17,outer,outer,2018-01-10 17:00:00,,no_representative_state,1,normal
000003830,2018-01-20 05:00:00,2018-01-20,5,near,near,2018-01-20 05:00:00,,multi_a_region,2,normal
000003830,2018-01-20 05:00:00,2018-01-20,5,outer,outer,2018-01-20 05:00:00,,multi_a_region,2,normal
000003830,2018-01-20 06:00:00,2018-01-20,6,core,core,2018-01-20 06:00:00,,multi_a_region,2,normal
000003830,2018-01-20 06:00:00,2018-01-20,6,near,near,2018-01-20 06:00:00,,multi_a_region,2,normal
000003830,2018-01-20 15:00:00,2018-01-20,15,near,near,2018-01-20 15:00:00,,no_representative_state,1,normal
000003830,2018-01-21 10:00:00,2018-01-21,10,near,near,2018-01-21 10:00:00,,no_representative_state,1,normal
000003830,2018-01-21 13:00:00,2018-01-21,13,near,near,2018-01-21 13:00:00,,no_representative_state,1,normal
000003830,2018-01-21 19:00:00,2018-01-21,19,core,core,2018-01-21 19:00:00,,multi_a_region,2,normal
000003830,2018-01-21 19:00:00,2018-01-21,19,near,near,2018-01-21 19:00:00,,multi_a_region,2,normal
000003830,2018-01-21 20:00:00,2018-01-21,20,outer,outer,2018-01-21 20:00:00,,no_representative_state,1,normal
000003845,2018-01-03 09:00:00,2018-01-03,9,near,near,2018-01-03 09:00:00,,no_representative_state,1,normal
000003845,2018-01-07 19:00:00,2018-01-07,19,core,core,2018-01-07 19:00:00,,multi_a_region,2,normal
000003845,2018-01-07 19:00:00,2018-01-07,19,near,near,2018-01-07 19:00:00,,multi_a_region,2,normal
000004338,2018-01-01 08:00:00,2018-01-01,8,outer,outer,2018-01-01 08:00:00,,no_representative_state,1,normal
000004338,2018-01-01 11:00:00,2018-01-01,11,outer,outer,2018-01-01 11:00:00,,no_representative_state,1,normal
000004338,2018-01-01 15:00:00,2018-01-01,15,outer,outer,2018-01-01 15:00:00,,no_representative_state,1,normal
000004338,2018-01-08 14:00:00,2018-01-08,14,outer,outer,2018-01-08 14:00:00,,no_representative_state,1,normal
000004338,2018-01-12 15:00:00,2018-01-12,15,outer,outer,2018-01-12 15:00:00,,no_representative_state,1,reduced
000004338,2018-01-12 16:00:00,2018-01-12,16,near,near,2018-01-12 16:00:00,,no_representative_state,1,reduced
000005745,2018-01-07 05:00:00,2018-01-07,5,outer,outer,2018-01-07 05:00:00,,no_representative_state,1,normal
000005745,2018-01-07 06:00:00,2018-01-07,6,outer,outer,2018-01-07 06:00:00,,no_representative_state,1,normal
000005745,2018-01-07 10:00:00,2018-01-07,10,outer,outer,2018-01-07 10:00:00,,no_representative_state,1,normal
000005745,2018-01-18 11:00:00,2018-01-18,11,outer,outer,2018-01-18 11:00:00,,no_representative_state,1,severe
000005745,2018-01-19 06:00:00,2018-01-19,6,outer,outer,2018-01-19 06:00:00,,no_representative_state,1,normal
000005745,2018-01-19 17:00:00,2018-01-19,17,outer,outer,2018-01-19 17:00:00,,no_representative_state,1,normal
000005745,2018-01-19 23:00:00,2018-01-19,23,outer,outer,2018-01-19 23:00:00,,no_representative_state,1,normal
