evaluation_id,evaluation_type,training_policy,method,region,n_dates,hourly_sse_float,daily_total_sse,daily_total_mae,mean_profile_l1,mean_profile_rmse,shape_only_sse_float,total_only_sse_float
fold_01,rolling_7d,all,decomp_mean_mean,core,7,4202.833852761248,61317.0,88.42857142857143,0.7250669155233549,0.03811287455086116,1404.2601132306922,5955.893153354427
fold_01,rolling_7d,all,decomp_mean_mean,near,7,1751.194483020675,23256.470000000005,55.32857142857142,0.7023608405861015,0.03688574581587355,595.0792200630345,2107.222466802155
fold_01,rolling_7d,all,decomp_mean_mean,outer,7,332.37242105006385,2197.5199999999995,16.0,0.7311641275826065,0.03833340518660349,228.28616556761415,216.5118610138295
fold_01,rolling_7d,all,decomp_recent7_mean,core,7,3826.0082267763923,53156.99999999999,81.57142857142856,0.7250669155233549,0.03811287455086116,1404.2601132306922,5196.110271743398
fold_01,rolling_7d,all,decomp_recent7_mean,near,7,1614.587941420032,20548.285714285717,51.714285714285715,0.7023608405861015,0.03688574581587355,595.0792200630345,1869.2688551015794
fold_01,rolling_7d,all,decomp_recent7_mean,outer,7,304.49766383543226,1568.857142857143,13.061224489795917,0.7311641275826065,0.03833340518660349,228.28616556761415,150.28060841282576
fold_01,rolling_7d,all,decomp_recent7_recent7,core,7,3825.772019750022,53156.99999999999,81.57142857142856,0.7325320175419929,0.03821647612651582,1426.3651241594018,5196.110271743398
fold_01,rolling_7d,all,decomp_recent7_recent7,near,7,1666.9375332917925,20548.285714285717,51.714285714285715,0.715615057699592,0.0376102197711618,627.7213368538602,1869.2688551015794
fold_01,rolling_7d,all,decomp_recent7_recent7,outer,7,295.36031608703445,1568.857142857143,13.061224489795917,0.7218609176137317,0.0377867868214692,224.30968888764656,150.28060841282576
fold_01,rolling_7d,all,decomp_ewm7_mean,core,7,4013.079314014846,57209.35031130219,85.04590023341841,0.7250669155233549,0.03811287455086116,1404.2601132306922,5573.958635612354
fold_01,rolling_7d,all,decomp_ewm7_mean,near,7,1682.5331931073788,21895.12979378563,53.54226035581793,0.7023608405861015,0.03688574581587355,595.0792200630345,1987.6971016877424
fold_01,rolling_7d,all,decomp_ewm7_mean,outer,7,318.10674063197706,1878.943995145318,14.648357511795556,0.7311641275826065,0.03833340518660349,228.28616556761415,183.39536673457454
fold_01,rolling_7d,all,decomp_ewm7_recent7,core,7,4011.8560404652217,57209.35031130219,85.04590023341841,0.7325320175419929,0.03821647612651582,1426.3651241594018,5573.958635612354
fold_01,rolling_7d,all,decomp_ewm7_recent7,near,7,1735.8057590803344,21895.12979378563,53.54226035581793,0.715615057699592,0.0376102197711618,627.7213368538602,1987.6971016877424
fold_01,rolling_7d,all,decomp_ewm7_recent7,outer,7,308.3850353243053,1878.943995145318,14.648357511795556,0.7218609176137317,0.0377867868214692,224.30968888764656,183.39536673457454
fold_01,rolling_7d,all,decomp_mean_fourier2,core,7,4341.318224509061,61317.0,88.42857142857143,0.8143540369149233,0.04175351690059716,1782.1499871171916,5955.893153354427
fold_01,rolling_7d,all,decomp_mean_fourier2,near,7,1715.96311210995,23256.470000000005,55.32857142857142,0.7623294935820318,0.03946798555989199,685.0533486206831,2107.222466802155
fold_01,rolling_7d,all,decomp_mean_fourier2,outer,7,332.542830918728,2197.5199999999995,16.0,0.7533573504956662,0.039004481409415925,235.88074160470276,216.5118610138295
fold_01,rolling_7d,all,decomp_ewm7_fourier2,core,7,4168.414461475049,57209.35031130219,85.04590023341841,0.8143540369149233,0.04175351690059716,1782.1499871171916,5573.958635612354
fold_01,rolling_7d,all,decomp_ewm7_fourier2,near,7,1654.667737394663,21895.12979378563,53.54226035581793,0.7623294935820318,0.03946798555989199,685.0533486206831,1987.6971016877424
fold_01,rolling_7d,all,decomp_ewm7_fourier2,outer,7,319.80306514297706,1878.943995145318,14.648357511795556,0.7533573504956662,0.039004481409415925,235.88074160470276,183.39536673457454
fold_01,rolling_7d,all,decomp_ewm7_daytype_shrunk,core,7,4042.007118650443,57209.35031130219,85.04590023341841,0.7275999206863818,0.0382372438953788,1415.4417548178012,5573.958635612354
fold_01,rolling_7d,all,decomp_ewm7_daytype_shrunk,near,7,1686.7271599001676,21895.12979378563,53.54226035581793,0.6988805328320484,0.03678674156966769,593.9584945290451,1987.6971016877424
fold_01,rolling_7d,all,decomp_ewm7_daytype_shrunk,outer,7,310.44256943694836,1878.943995145318,14.648357511795556,0.7258057986982703,0.03794400512424645,222.47063713534936,183.39536673457454
fold_01,rolling_7d,exclude_outage_severe,decomp_mean_mean,core,7,4202.833852761248,61317.0,88.42857142857143,0.7250669155233549,0.03811287455086116,1404.2601132306922,5955.893153354427
fold_01,rolling_7d,exclude_outage_severe,decomp_mean_mean,near,7,1751.194483020675,23256.470000000005,55.32857142857142,0.7023608405861015,0.03688574581587355,595.0792200630345,2107.222466802155
fold_01,rolling_7d,exclude_outage_severe,decomp_mean_mean,outer,7,332.37242105006385,2197.5199999999995,16.0,0.7311641275826065,0.03833340518660349,228.28616556761415,216.5118610138295
fold_01,rolling_7d,exclude_outage_severe,decomp_recent7_mean,core,7,3826.0082267763923,53156.99999999999,81.57142857142856,0.7250669155233549,0.03811287455086116,1404.2601132306922,5196.110271743398
fold_01,rolling_7d,exclude_outage_severe,decomp_recent7_mean,near,7,1614.587941420032,20548.285714285717,51.714285714285715,0.7023608405861015,0.03688574581587355,595.0792200630345,1869.2688551015794
fold_01,rolling_7d,exclude_outage_severe,decomp_recent7_mean,outer,7,304.49766383543226,1568.857142857143,13.061224489795917,0.7311641275826065,0.03833340518660349,228.28616556761415,150.28060841282576
fold_01,rolling_7d,exclude_outage_severe,decomp_recent7_recent7,core,7,3825.772019750022,53156.99999999999,81.57142857142856,0.7325320175419929,0.03821647612651582,1426.3651241594018,5196.110271743398
fold_01,rolling_7d,exclude_outage_severe,decomp_recent7_recent7,near,7,1666.9375332917925,20548.285714285717,51.714285714285715,0.715615057699592,0.0376102197711618,627.7213368538602,1869.2688551015794
fold_01,rolling_7d,exclude_outage_severe,decomp_recent7_recent7,outer,7,295.36031608703445,1568.857142857143,13.061224489795917,0.7218609176137317,0.0377867868214692,224.30968888764656,150.28060841282576
fold_01,rolling_7d,exclude_outage_severe,decomp_ewm7_mean,core,7,4013.079314014846,57209.35031130219,85.04590023341841,0.7250669155233549,0.03811287455086116,1404.2601132306922,5573.958635612354
fold_01,rolling_7d,exclude_outage_severe,decomp_ewm7_mean,near,7,1682.5331931073788,21895.12979378563,53.54226035581793,0.7023608405861015,0.03688574581587355,595.0792200630345,1987.6971016877424
fold_01,rolling_7d,exclude_outage_severe,decomp_ewm7_mean,outer,7,318.10674063197706,1878.943995145318,14.648357511795556,0.7311641275826065,0.03833340518660349,228.28616556761415,183.39536673457454
fold_01,rolling_7d,exclude_outage_severe,decomp_ewm7_recent7,core,7,4011.8560404652217,57209.35031130219,85.04590023341841,0.7325320175419929,0.03821647612651582,1426.3651241594018,5573.958635612354
fold_01,rolling_7d,exclude_outage_severe,decomp_ewm7_recent7,near,7,1735.8057590803344,21895.12979378563,53.54226035581793,0.715615057699592,0.0376102197711618,627.7213368538602,1987.6971016877424
fold_01,rolling_7d,exclude_outage_severe,decomp_ewm7_recent7,outer,7,308.3850353243053,1878.943995145318,14.648357511795556,0.7218609176137317,0.0377867868214692,224.30968888764656,183.39536673457454
fold_01,rolling_7d,exclude_outage_severe,decomp_mean_fourier2,core,7,4341.318224509061,61317.0,88.42857142857143,0.8143540369149233,0.04175351690059716,1782.1499871171916,5955.893153354427
fold_01,rolling_7d,exclude_outage_severe,decomp_mean_fourier2,near,7,1715.96311210995,23256.470000000005,55.32857142857142,0.7623294935820318,0.03946798555989199,685.0533486206831,2107.222466802155
fold_01,rolling_7d,exclude_outage_severe,decomp_mean_fourier2,outer,7,332.542830918728,2197.5199999999995,16.0,0.7533573504956662,0.039004481409415925,235.88074160470276,216.5118610138295
fold_01,rolling_7d,exclude_outage_severe,decomp_ewm7_fourier2,core,7,4168.414461475049,57209.35031130219,85.04590023341841,0.8143540369149233,0.04175351690059716,1782.1499871171916,5573.958635612354
fold_01,rolling_7d,exclude_outage_severe,decomp_ewm7_fourier2,near,7,1654.667737394663,21895.12979378563,53.54226035581793,0.7623294935820318,0.03946798555989199,685.0533486206831,1987.6971016877424
fold_01,rolling_7d,exclude_outage_severe,decomp_ewm7_fourier2,outer,7,319.80306514297706,1878.943995145318,14.648357511795556,0.7533573504956662,0.039004481409415925,235.88074160470276,183.39536673457454
fold_01,rolling_7d,exclude_outage_severe,decomp_ewm7_daytype_shrunk,core,7,4042.007118650443,57209.35031130219,85.04590023341841,0.7275999206863818,0.0382372438953788,1415.4417548178012,5573.958635612354
fold_01,rolling_7d,exclude_outage_severe,decomp_ewm7_daytype_shrunk,near,7,1686.7271599001676,21895.12979378563,53.54226035581793,0.6988805328320484,0.03678674156966769,593.9584945290451,1987.6971016877424
fold_01,rolling_7d,exclude_outage_severe,decomp_ewm7_daytype_shrunk,outer,7,310.44256943694836,1878.943995145318,14.648357511795556,0.7258057986982703,0.03794400512424645,222.47063713534936,183.39536673457454
fold_01,rolling_7d,quality_weighted,decomp_mean_mean,core,7,4202.833852761248,61317.0,88.42857142857143,0.7250669155233549,0.03811287455086116,1404.2601132306922,5955.893153354427
fold_01,rolling_7d,quality_weighted,decomp_mean_mean,near,7,1751.194483020675,23256.470000000005,55.32857142857142,0.7023608405861015,0.03688574581587355,595.0792200630345,2107.222466802155
fold_01,rolling_7d,quality_weighted,decomp_mean_mean,outer,7,332.37242105006385,2197.5199999999995,16.0,0.7311641275826065,0.03833340518660349,228.28616556761415,216.5118610138295
fold_01,rolling_7d,quality_weighted,decomp_recent7_mean,core,7,3826.0082267763923,53156.99999999999,81.57142857142856,0.7250669155233549,0.03811287455086116,1404.2601132306922,5196.110271743398
fold_01,rolling_7d,quality_weighted,decomp_recent7_mean,near,7,1614.587941420032,20548.285714285717,51.714285714285715,0.7023608405861015,0.03688574581587355,595.0792200630345,1869.2688551015794
fold_01,rolling_7d,quality_weighted,decomp_recent7_mean,outer,7,304.49766383543226,1568.857142857143,13.061224489795917,0.7311641275826065,0.03833340518660349,228.28616556761415,150.28060841282576
fold_01,rolling_7d,quality_weighted,decomp_recent7_recent7,core,7,3825.772019750022,53156.99999999999,81.57142857142856,0.7325320175419929,0.03821647612651582,1426.3651241594018,5196.110271743398
fold_01,rolling_7d,quality_weighted,decomp_recent7_recent7,near,7,1666.9375332917925,20548.285714285717,51.714285714285715,0.715615057699592,0.0376102197711618,627.7213368538602,1869.2688551015794
fold_01,rolling_7d,quality_weighted,decomp_recent7_recent7,outer,7,295.36031608703445,1568.857142857143,13.061224489795917,0.7218609176137317,0.0377867868214692,224.30968888764656,150.28060841282576
fold_01,rolling_7d,quality_weighted,decomp_ewm7_mean,core,7,4013.079314014846,57209.35031130219,85.04590023341841,0.7250669155233549,0.03811287455086116,1404.2601132306922,5573.958635612354
fold_01,rolling_7d,quality_weighted,decomp_ewm7_mean,near,7,1682.5331931073788,21895.12979378563,53.54226035581793,0.7023608405861015,0.03688574581587355,595.0792200630345,1987.6971016877424
fold_01,rolling_7d,quality_weighted,decomp_ewm7_mean,outer,7,318.10674063197706,1878.943995145318,14.648357511795556,0.7311641275826065,0.03833340518660349,228.28616556761415,183.39536673457454
fold_01,rolling_7d,quality_weighted,decomp_ewm7_recent7,core,7,4011.8560404652217,57209.35031130219,85.04590023341841,0.7325320175419929,0.03821647612651582,1426.3651241594018,5573.958635612354
fold_01,rolling_7d,quality_weighted,decomp_ewm7_recent7,near,7,1735.8057590803344,21895.12979378563,53.54226035581793,0.715615057699592,0.0376102197711618,627.7213368538602,1987.6971016877424
fold_01,rolling_7d,quality_weighted,decomp_ewm7_recent7,outer,7,308.3850353243053,1878.943995145318,14.648357511795556,0.7218609176137317,0.0377867868214692,224.30968888764656,183.39536673457454
fold_01,rolling_7d,quality_weighted,decomp_mean_fourier2,core,7,4341.318224509061,61317.0,88.42857142857143,0.8143540369149233,0.04175351690059716,1782.1499871171916,5955.893153354427
fold_01,rolling_7d,quality_weighted,decomp_mean_fourier2,near,7,1715.96311210995,23256.470000000005,55.32857142857142,0.7623294935820318,0.03946798555989199,685.0533486206831,2107.222466802155
fold_01,rolling_7d,quality_weighted,decomp_mean_fourier2,outer,7,332.542830918728,2197.5199999999995,16.0,0.7533573504956662,0.039004481409415925,235.88074160470276,216.5118610138295
fold_01,rolling_7d,quality_weighted,decomp_ewm7_fourier2,core,7,4168.414461475049,57209.35031130219,85.04590023341841,0.8143540369149233,0.04175351690059716,1782.1499871171916,5573.958635612354
fold_01,rolling_7d,quality_weighted,decomp_ewm7_fourier2,near,7,1654.667737394663,21895.12979378563,53.54226035581793,0.7623294935820318,0.03946798555989199,685.0533486206831,1987.6971016877424
fold_01,rolling_7d,quality_weighted,decomp_ewm7_fourier2,outer,7,319.80306514297706,1878.943995145318,14.648357511795556,0.7533573504956662,0.039004481409415925,235.88074160470276,183.39536673457454
fold_01,rolling_7d,quality_weighted,decomp_ewm7_daytype_shrunk,core,7,4042.007118650443,57209.35031130219,85.04590023341841,0.7275999206863818,0.0382372438953788,1415.4417548178012,5573.958635612354
fold_01,rolling_7d,quality_weighted,decomp_ewm7_daytype_shrunk,near,7,1686.7271599001676,21895.12979378563,53.54226035581793,0.6988805328320484,0.03678674156966769,593.9584945290451,1987.6971016877424
fold_01,rolling_7d,quality_weighted,decomp_ewm7_daytype_shrunk,outer,7,310.44256943694836,1878.943995145318,14.648357511795556,0.7258057986982703,0.03794400512424645,222.47063713534936,183.39536673457454
fold_02,rolling_7d,all,decomp_mean_mean,core,7,4183.381043711694,61569.966942148756,90.33766233766232,0.7396197628995574,0.039040595432177215,1356.63709568226,5902.078400427965
fold_02,rolling_7d,all,decomp_mean_mean,near,7,1654.0491791734505,23784.17355371901,57.25974025974027,0.7144201556649504,0.03732791606153345,515.045876530916,2157.2345620034894
fold_02,rolling_7d,all,decomp_mean_mean,outer,7,358.3883530801116,2415.289256198348,16.93506493506494,0.7877361144485464,0.04108362097928099,240.45671675460167,239.9898510834642
fold_02,rolling_7d,all,decomp_recent7_mean,core,7,3752.7925525004393,52335.2857142857,82.71428571428571,0.7396197628995574,0.039040595432177215,1356.63709568226,5044.411546899532
fold_02,rolling_7d,all,decomp_recent7_mean,near,7,1462.6425274501469,19865.57142857143,52.14285714285715,0.7144201556649504,0.03732791606153345,515.045876530916,1809.0350402794193
fold_02,rolling_7d,all,decomp_recent7_mean,outer,7,319.78113178545993,1616.8571428571424,13.14285714285714,0.7877361144485464,0.04108362097928099,240.45671675460167,161.88661245247064
fold_02,rolling_7d,all,decomp_recent7_recent7,core,7,3852.593443531221,52335.2857142857,82.71428571428571,0.7521294900585817,0.03938133242343245,1392.051272864689,5044.411546899532
fold_02,rolling_7d,all,decomp_recent7_recent7,near,7,1553.4304232202846,19865.57142857143,52.14285714285715,0.7337941760918076,0.038454012869164875,555.4629071207585,1809.0350402794193
fold_02,rolling_7d,all,decomp_recent7_recent7,outer,7,335.03010143262554,1616.8571428571424,13.14285714285714,0.7948876010084704,0.04141116001951568,247.84665012290114,161.88661245247064
fold_02,rolling_7d,all,decomp_ewm7_mean,core,7,3885.220027605999,55176.79839798789,85.13274014508468,0.7396197628995574,0.039040595432177215,1356.63709568226,5308.712662141569
fold_02,rolling_7d,all,decomp_ewm7_mean,near,7,1544.8927371823527,21550.321920037506,54.40180321145999,0.7144201556649504,0.03732791606153345,515.045876530916,1958.8411375422752
fold_02,rolling_7d,all,decomp_ewm7_mean,outer,7,346.368170197955,2167.1785928818576,15.85408603108617,0.7877361144485464,0.04108362097928099,240.45671675460167,215.8184055812526
fold_02,rolling_7d,all,decomp_ewm7_recent7,core,7,3987.6947870473064,55176.79839798789,85.13274014508468,0.7521294900585817,0.03938133242343245,1392.051272864689,5308.712662141569
fold_02,rolling_7d,all,decomp_ewm7_recent7,near,7,1638.4034826475086,21550.321920037506,54.40180321145999,0.7337941760918076,0.038454012869164875,555.4629071207585,1958.8411375422752
fold_02,rolling_7d,all,decomp_ewm7_recent7,outer,7,364.03422600800076,2167.1785928818576,15.85408603108617,0.7948876010084704,0.04141116001951568,247.84665012290114,215.8184055812526
fold_02,rolling_7d,all,decomp_mean_fourier2,core,7,4285.382225141345,61569.966942148756,90.33766233766232,0.8381564914154093,0.04298497530528219,1698.3722578806394,5902.078400427965
fold_02,rolling_7d,all,decomp_mean_fourier2,near,7,1648.9620667909649,23784.17355371901,57.25974025974027,0.7802805997971196,0.0405198446146869,615.7497210798057,2157.2345620034894
fold_02,rolling_7d,all,decomp_mean_fourier2,outer,7,347.8871009156069,2415.289256198348,16.93506493506494,0.8013512238891328,0.041336655560914634,242.53709596829714,239.9898510834642
fold_02,rolling_7d,all,decomp_ewm7_fourier2,core,7,4015.2042460082935,55176.79839798789,85.13274014508468,0.8381564914154093,0.04298497530528219,1698.3722578806394,5308.712662141569
fold_02,rolling_7d,all,decomp_ewm7_fourier2,near,7,1550.3405211183383,21550.321920037506,54.40180321145999,0.7802805997971196,0.0405198446146869,615.7497210798057,1958.8411375422752
fold_02,rolling_7d,all,decomp_ewm7_fourier2,outer,7,336.94900565376855,2167.1785928818576,15.85408603108617,0.8013512238891328,0.041336655560914634,242.53709596829714,215.8184055812526
fold_02,rolling_7d,all,decomp_ewm7_daytype_shrunk,core,7,3922.6173444373003,55176.79839798789,85.13274014508468,0.744214054481296,0.03923280234927468,1375.3982728876542,5308.712662141569
fold_02,rolling_7d,all,decomp_ewm7_daytype_shrunk,near,7,1546.4084006959615,21550.321920037506,54.40180321145999,0.7070931037800621,0.03716805267416397,513.7043676716717,1958.8411375422752
fold_02,rolling_7d,all,decomp_ewm7_daytype_shrunk,outer,7,339.1291999990939,2167.1785928818576,15.85408603108617,0.7806815581641525,0.04075144794704517,235.5380704285993,215.8184055812526
fold_02,rolling_7d,exclude_outage_severe,decomp_mean_mean,core,7,4183.381043711694,61569.966942148756,90.33766233766232,0.7396197628995574,0.039040595432177215,1356.63709568226,5902.078400427965
fold_02,rolling_7d,exclude_outage_severe,decomp_mean_mean,near,7,1654.0491791734505,23784.17355371901,57.25974025974027,0.7144201556649504,0.03732791606153345,515.045876530916,2157.2345620034894
fold_02,rolling_7d,exclude_outage_severe,decomp_mean_mean,outer,7,358.3883530801116,2415.289256198348,16.93506493506494,0.7877361144485464,0.04108362097928099,240.45671675460167,239.9898510834642
fold_02,rolling_7d,exclude_outage_severe,decomp_recent7_mean,core,7,3752.7925525004393,52335.2857142857,82.71428571428571,0.7396197628995574,0.039040595432177215,1356.63709568226,5044.411546899532
fold_02,rolling_7d,exclude_outage_severe,decomp_recent7_mean,near,7,1462.6425274501469,19865.57142857143,52.14285714285715,0.7144201556649504,0.03732791606153345,515.045876530916,1809.0350402794193
fold_02,rolling_7d,exclude_outage_severe,decomp_recent7_mean,outer,7,319.78113178545993,1616.8571428571424,13.14285714285714,0.7877361144485464,0.04108362097928099,240.45671675460167,161.88661245247064
fold_02,rolling_7d,exclude_outage_severe,decomp_recent7_recent7,core,7,3852.593443531221,52335.2857142857,82.71428571428571,0.7521294900585817,0.03938133242343245,1392.051272864689,5044.411546899532
fold_02,rolling_7d,exclude_outage_severe,decomp_recent7_recent7,near,7,1553.4304232202846,19865.57142857143,52.14285714285715,0.7337941760918076,0.038454012869164875,555.4629071207585,1809.0350402794193
fold_02,rolling_7d,exclude_outage_severe,decomp_recent7_recent7,outer,7,335.03010143262554,1616.8571428571424,13.14285714285714,0.7948876010084704,0.04141116001951568,247.84665012290114,161.88661245247064
fold_02,rolling_7d,exclude_outage_severe,decomp_ewm7_mean,core,7,3885.220027605999,55176.79839798789,85.13274014508468,0.7396197628995574,0.039040595432177215,1356.63709568226,5308.712662141569
fold_02,rolling_7d,exclude_outage_severe,decomp_ewm7_mean,near,7,1544.8927371823527,21550.321920037506,54.40180321145999,0.7144201556649504,0.03732791606153345,515.045876530916,1958.8411375422752
fold_02,rolling_7d,exclude_outage_severe,decomp_ewm7_mean,outer,7,346.368170197955,2167.1785928818576,15.85408603108617,0.7877361144485464,0.04108362097928099,240.45671675460167,215.8184055812526
fold_02,rolling_7d,exclude_outage_severe,decomp_ewm7_recent7,core,7,3987.6947870473064,55176.79839798789,85.13274014508468,0.7521294900585817,0.03938133242343245,1392.051272864689,5308.712662141569
fold_02,rolling_7d,exclude_outage_severe,decomp_ewm7_recent7,near,7,1638.4034826475086,21550.321920037506,54.40180321145999,0.7337941760918076,0.038454012869164875,555.4629071207585,1958.8411375422752
fold_02,rolling_7d,exclude_outage_severe,decomp_ewm7_recent7,outer,7,364.03422600800076,2167.1785928818576,15.85408603108617,0.7948876010084704,0.04141116001951568,247.84665012290114,215.8184055812526
fold_02,rolling_7d,exclude_outage_severe,decomp_mean_fourier2,core,7,4285.382225141345,61569.966942148756,90.33766233766232,0.8381564914154093,0.04298497530528219,1698.3722578806394,5902.078400427965
fold_02,rolling_7d,exclude_outage_severe,decomp_mean_fourier2,near,7,1648.9620667909649,23784.17355371901,57.25974025974027,0.7802805997971196,0.0405198446146869,615.7497210798057,2157.2345620034894
fold_02,rolling_7d,exclude_outage_severe,decomp_mean_fourier2,outer,7,347.8871009156069,2415.289256198348,16.93506493506494,0.8013512238891328,0.041336655560914634,242.53709596829714,239.9898510834642
fold_02,rolling_7d,exclude_outage_severe,decomp_ewm7_fourier2,core,7,4015.2042460082935,55176.79839798789,85.13274014508468,0.8381564914154093,0.04298497530528219,1698.3722578806394,5308.712662141569
fold_02,rolling_7d,exclude_outage_severe,decomp_ewm7_fourier2,near,7,1550.3405211183383,21550.321920037506,54.40180321145999,0.7802805997971196,0.0405198446146869,615.7497210798057,1958.8411375422752
fold_02,rolling_7d,exclude_outage_severe,decomp_ewm7_fourier2,outer,7,336.94900565376855,2167.1785928818576,15.85408603108617,0.8013512238891328,0.041336655560914634,242.53709596829714,215.8184055812526
fold_02,rolling_7d,exclude_outage_severe,decomp_ewm7_daytype_shrunk,core,7,3922.6173444373003,55176.79839798789,85.13274014508468,0.744214054481296,0.03923280234927468,1375.3982728876542,5308.712662141569
fold_02,rolling_7d,exclude_outage_severe,decomp_ewm7_daytype_shrunk,near,7,1546.4084006959615,21550.321920037506,54.40180321145999,0.7070931037800621,0.03716805267416397,513.7043676716717,1958.8411375422752
fold_02,rolling_7d,exclude_outage_severe,decomp_ewm7_daytype_shrunk,outer,7,339.1291999990939,2167.1785928818576,15.85408603108617,0.7806815581641525,0.04075144794704517,235.5380704285993,215.8184055812526
fold_02,rolling_7d,quality_weighted,decomp_mean_mean,core,7,4183.381043711694,61569.966942148756,90.33766233766232,0.7396197628995574,0.039040595432177215,1356.63709568226,5902.078400427965
fold_02,rolling_7d,quality_weighted,decomp_mean_mean,near,7,1654.0491791734505,23784.17355371901,57.25974025974027,0.7144201556649504,0.03732791606153345,515.045876530916,2157.2345620034894
fold_02,rolling_7d,quality_weighted,decomp_mean_mean,outer,7,358.3883530801116,2415.289256198348,16.93506493506494,0.7877361144485464,0.04108362097928099,240.45671675460167,239.9898510834642
fold_02,rolling_7d,quality_weighted,decomp_recent7_mean,core,7,3752.7925525004393,52335.2857142857,82.71428571428571,0.7396197628995574,0.039040595432177215,1356.63709568226,5044.411546899532
fold_02,rolling_7d,quality_weighted,decomp_recent7_mean,near,7,1462.6425274501469,19865.57142857143,52.14285714285715,0.7144201556649504,0.03732791606153345,515.045876530916,1809.0350402794193
fold_02,rolling_7d,quality_weighted,decomp_recent7_mean,outer,7,319.78113178545993,1616.8571428571424,13.14285714285714,0.7877361144485464,0.04108362097928099,240.45671675460167,161.88661245247064
fold_02,rolling_7d,quality_weighted,decomp_recent7_recent7,core,7,3852.593443531221,52335.2857142857,82.71428571428571,0.7521294900585817,0.03938133242343245,1392.051272864689,5044.411546899532
fold_02,rolling_7d,quality_weighted,decomp_recent7_recent7,near,7,1553.4304232202846,19865.57142857143,52.14285714285715,0.7337941760918076,0.038454012869164875,555.4629071207585,1809.0350402794193
fold_02,rolling_7d,quality_weighted,decomp_recent7_recent7,outer,7,335.03010143262554,1616.8571428571424,13.14285714285714,0.7948876010084704,0.04141116001951568,247.84665012290114,161.88661245247064
fold_02,rolling_7d,quality_weighted,decomp_ewm7_mean,core,7,3885.220027605999,55176.79839798789,85.13274014508468,0.7396197628995574,0.039040595432177215,1356.63709568226,5308.712662141569
fold_02,rolling_7d,quality_weighted,decomp_ewm7_mean,near,7,1544.8927371823527,21550.321920037506,54.40180321145999,0.7144201556649504,0.03732791606153345,515.045876530916,1958.8411375422752
fold_02,rolling_7d,quality_weighted,decomp_ewm7_mean,outer,7,346.368170197955,2167.1785928818576,15.85408603108617,0.7877361144485464,0.04108362097928099,240.45671675460167,215.8184055812526
fold_02,rolling_7d,quality_weighted,decomp_ewm7_recent7,core,7,3987.6947870473064,55176.79839798789,85.13274014508468,0.7521294900585817,0.03938133242343245,1392.051272864689,5308.712662141569
fold_02,rolling_7d,quality_weighted,decomp_ewm7_recent7,near,7,1638.4034826475086,21550.321920037506,54.40180321145999,0.7337941760918076,0.038454012869164875,555.4629071207585,1958.8411375422752
fold_02,rolling_7d,quality_weighted,decomp_ewm7_recent7,outer,7,364.03422600800076,2167.1785928818576,15.85408603108617,0.7948876010084704,0.04141116001951568,247.84665012290114,215.8184055812526
fold_02,rolling_7d,quality_weighted,decomp_mean_fourier2,core,7,4285.382225141345,61569.966942148756,90.33766233766232,0.8381564914154093,0.04298497530528219,1698.3722578806394,5902.078400427965
fold_02,rolling_7d,quality_weighted,decomp_mean_fourier2,near,7,1648.9620667909649,23784.17355371901,57.25974025974027,0.7802805997971196,0.0405198446146869,615.7497210798057,2157.2345620034894
fold_02,rolling_7d,quality_weighted,decomp_mean_fourier2,outer,7,347.8871009156069,2415.289256198348,16.93506493506494,0.8013512238891328,0.041336655560914634,242.53709596829714,239.9898510834642
fold_02,rolling_7d,quality_weighted,decomp_ewm7_fourier2,core,7,4015.2042460082935,55176.79839798789,85.13274014508468,0.8381564914154093,0.04298497530528219,1698.3722578806394,5308.712662141569
fold_02,rolling_7d,quality_weighted,decomp_ewm7_fourier2,near,7,1550.3405211183383,21550.321920037506,54.40180321145999,0.7802805997971196,0.0405198446146869,615.7497210798057,1958.8411375422752
fold_02,rolling_7d,quality_weighted,decomp_ewm7_fourier2,outer,7,336.94900565376855,2167.1785928818576,15.85408603108617,0.8013512238891328,0.041336655560914634,242.53709596829714,215.8184055812526
fold_02,rolling_7d,quality_weighted,decomp_ewm7_daytype_shrunk,core,7,3922.6173444373003,55176.79839798789,85.13274014508468,0.744214054481296,0.03923280234927468,1375.3982728876542,5308.712662141569
fold_02,rolling_7d,quality_weighted,decomp_ewm7_daytype_shrunk,near,7,1546.4084006959615,21550.321920037506,54.40180321145999,0.7070931037800621,0.03716805267416397,513.7043676716717,1958.8411375422752
fold_02,rolling_7d,quality_weighted,decomp_ewm7_daytype_shrunk,outer,7,339.1291999990939,2167.1785928818576,15.85408603108617,0.7806815581641525,0.04075144794704517,235.5380704285993,215.8184055812526
fold_03,rolling_7d,all,decomp_mean_mean,core,7,3964.879669501659,57914.88194444443,87.48809523809521,0.7371969082642577,0.03893644299919585,1340.2791555093754,5565.500234466598
fold_03,rolling_7d,all,decomp_mean_mean,near,7,1461.2506255299304,20322.715277777774,52.08333333333332,0.712219589249824,0.03712456133485665,534.0684836254129,1875.8141398924145
fold_03,rolling_7d,all,decomp_mean_mean,outer,7,366.43385013305954,2145.75,15.357142857142858,0.7940222268270254,0.04129577558650538,258.99015273451596,214.88665541740386
fold_03,rolling_7d,all,decomp_recent7_mean,core,7,3326.6371012261225,44011.28571428572,75.28571428571429,0.7371969082642577,0.03893644299919585,1340.2791555093754,4268.273714792532
fold_03,rolling_7d,all,decomp_recent7_mean,near,7,1235.9303538696354,15509.0,45.0,0.712219589249824,0.03712456133485665,534.0684836254129,1439.8879458378146
fold_03,rolling_7d,all,decomp_recent7_mean,outer,7,334.39323786436324,1526.9999999999998,12.142857142857139,0.7940222268270254,0.04129577558650538,258.99015273451596,153.76802674964603
fold_03,rolling_7d,all,decomp_recent7_recent7,core,7,3524.4631203256613,44011.28571428572,75.28571428571429,0.7552887405158183,0.039847027793181264,1409.337392020465,4268.273714792532
fold_03,rolling_7d,all,decomp_recent7_recent7,near,7,1344.6951705968863,15509.0,45.0,0.7454092166251973,0.03896679114624308,598.263757496179,1439.8879458378146
fold_03,rolling_7d,all,decomp_recent7_recent7,outer,7,334.80960518194473,1526.9999999999998,12.142857142857139,0.7858049829154703,0.04073419993363018,255.7649693491429,153.76802674964603
fold_03,rolling_7d,all,decomp_ewm7_mean,core,7,3619.0955873247904,50389.89222315828,81.11207232451723,0.7371969082642577,0.03893644299919585,1340.2791555093754,4864.549378146397
fold_03,rolling_7d,all,decomp_ewm7_mean,near,7,1309.6892602826433,17088.83168496792,47.441440120528625,0.712219589249824,0.03712456133485665,534.0684836254129,1583.1747593638004
fold_03,rolling_7d,all,decomp_ewm7_mean,outer,7,350.82101013979053,1843.643923574815,13.881059967337162,0.7940222268270254,0.04129577558650538,258.99015273451596,185.1694403399681
fold_03,rolling_7d,all,decomp_ewm7_recent7,core,7,3829.499950614004,50389.89222315828,81.11207232451723,0.7552887405158183,0.039847027793181264,1409.337392020465,4864.549378146397
fold_03,rolling_7d,all,decomp_ewm7_recent7,near,7,1420.8843613154334,17088.83168496792,47.441440120528625,0.7454092166251973,0.03896679114624308,598.263757496179,1583.1747593638004
fold_03,rolling_7d,all,decomp_ewm7_recent7,outer,7,352.35199920292246,1843.643923574815,13.881059967337162,0.7858049829154703,0.04073419993363018,255.7649693491429,185.1694403399681
fold_03,rolling_7d,all,decomp_mean_fourier2,core,7,4075.6490229477004,57914.88194444443,87.48809523809521,0.8459693066097056,0.0429636987399215,1680.394977960635,5565.500234466598
fold_03,rolling_7d,all,decomp_mean_fourier2,near,7,1513.9282816120215,20322.715277777774,52.08333333333332,0.7818178361495909,0.040711392005001415,662.5910468985114,1875.8141398924145
fold_03,rolling_7d,all,decomp_mean_fourier2,outer,7,347.3471561543364,2145.75,15.357142857142858,0.7940681889513331,0.041202500269202254,253.5059282367596,214.88665541740386
fold_03,rolling_7d,all,decomp_ewm7_fourier2,core,7,3763.708203691275,50389.89222315828,81.11207232451723,0.8459693066097056,0.0429636987399215,1680.394977960635,4864.549378146397
fold_03,rolling_7d,all,decomp_ewm7_fourier2,near,7,1375.485754158868,17088.83168496792,47.441440120528625,0.7818178361495909,0.040711392005001415,662.5910468985114,1583.1747593638004
fold_03,rolling_7d,all,decomp_ewm7_fourier2,outer,7,333.6734960194718,1843.643923574815,13.881059967337162,0.7940681889513331,0.041202500269202254,253.5059282367596,185.1694403399681
fold_03,rolling_7d,all,decomp_ewm7_daytype_shrunk,core,7,3622.8582609759524,50389.89222315828,81.11207232451723,0.7396698989130436,0.03896681824644464,1334.6239502201822,4864.549378146397
fold_03,rolling_7d,all,decomp_ewm7_daytype_shrunk,near,7,1304.088040355173,17088.83168496792,47.441440120528625,0.7012241396122487,0.036895084836425784,529.8715873526733,1583.1747593638004
fold_03,rolling_7d,all,decomp_ewm7_daytype_shrunk,outer,7,342.1285340043926,1843.643923574815,13.881059967337162,0.7859405172298631,0.04085516783986144,252.42260893229238,185.1694403399681
fold_03,rolling_7d,exclude_outage_severe,decomp_mean_mean,core,7,3964.879669501659,57914.88194444443,87.48809523809521,0.7371969082642577,0.03893644299919585,1340.2791555093754,5565.500234466598
fold_03,rolling_7d,exclude_outage_severe,decomp_mean_mean,near,7,1461.2506255299304,20322.715277777774,52.08333333333332,0.712219589249824,0.03712456133485665,534.0684836254129,1875.8141398924145
fold_03,rolling_7d,exclude_outage_severe,decomp_mean_mean,outer,7,366.43385013305954,2145.75,15.357142857142858,0.7940222268270254,0.04129577558650538,258.99015273451596,214.88665541740386
fold_03,rolling_7d,exclude_outage_severe,decomp_recent7_mean,core,7,3326.6371012261225,44011.28571428572,75.28571428571429,0.7371969082642577,0.03893644299919585,1340.2791555093754,4268.273714792532
fold_03,rolling_7d,exclude_outage_severe,decomp_recent7_mean,near,7,1235.9303538696354,15509.0,45.0,0.712219589249824,0.03712456133485665,534.0684836254129,1439.8879458378146
fold_03,rolling_7d,exclude_outage_severe,decomp_recent7_mean,outer,7,334.39323786436324,1526.9999999999998,12.142857142857139,0.7940222268270254,0.04129577558650538,258.99015273451596,153.76802674964603
fold_03,rolling_7d,exclude_outage_severe,decomp_recent7_recent7,core,7,3524.4631203256613,44011.28571428572,75.28571428571429,0.7552887405158183,0.039847027793181264,1409.337392020465,4268.273714792532
fold_03,rolling_7d,exclude_outage_severe,decomp_recent7_recent7,near,7,1344.6951705968863,15509.0,45.0,0.7454092166251973,0.03896679114624308,598.263757496179,1439.8879458378146
fold_03,rolling_7d,exclude_outage_severe,decomp_recent7_recent7,outer,7,334.80960518194473,1526.9999999999998,12.142857142857139,0.7858049829154703,0.04073419993363018,255.7649693491429,153.76802674964603
fold_03,rolling_7d,exclude_outage_severe,decomp_ewm7_mean,core,7,3619.0955873247904,50389.89222315828,81.11207232451723,0.7371969082642577,0.03893644299919585,1340.2791555093754,4864.549378146397
fold_03,rolling_7d,exclude_outage_severe,decomp_ewm7_mean,near,7,1309.6892602826433,17088.83168496792,47.441440120528625,0.712219589249824,0.03712456133485665,534.0684836254129,1583.1747593638004
fold_03,rolling_7d,exclude_outage_severe,decomp_ewm7_mean,outer,7,350.82101013979053,1843.643923574815,13.881059967337162,0.7940222268270254,0.04129577558650538,258.99015273451596,185.1694403399681
fold_03,rolling_7d,exclude_outage_severe,decomp_ewm7_recent7,core,7,3829.499950614004,50389.89222315828,81.11207232451723,0.7552887405158183,0.039847027793181264,1409.337392020465,4864.549378146397
fold_03,rolling_7d,exclude_outage_severe,decomp_ewm7_recent7,near,7,1420.8843613154334,17088.83168496792,47.441440120528625,0.7454092166251973,0.03896679114624308,598.263757496179,1583.1747593638004
fold_03,rolling_7d,exclude_outage_severe,decomp_ewm7_recent7,outer,7,352.35199920292246,1843.643923574815,13.881059967337162,0.7858049829154703,0.04073419993363018,255.7649693491429,185.1694403399681
fold_03,rolling_7d,exclude_outage_severe,decomp_mean_fourier2,core,7,4075.6490229477004,57914.88194444443,87.48809523809521,0.8459693066097056,0.0429636987399215,1680.394977960635,5565.500234466598
fold_03,rolling_7d,exclude_outage_severe,decomp_mean_fourier2,near,7,1513.9282816120215,20322.715277777774,52.08333333333332,0.7818178361495909,0.040711392005001415,662.5910468985114,1875.8141398924145
fold_03,rolling_7d,exclude_outage_severe,decomp_mean_fourier2,outer,7,347.3471561543364,2145.75,15.357142857142858,0.7940681889513331,0.041202500269202254,253.5059282367596,214.88665541740386
fold_03,rolling_7d,exclude_outage_severe,decomp_ewm7_fourier2,core,7,3763.708203691275,50389.89222315828,81.11207232451723,0.8459693066097056,0.0429636987399215,1680.394977960635,4864.549378146397
fold_03,rolling_7d,exclude_outage_severe,decomp_ewm7_fourier2,near,7,1375.485754158868,17088.83168496792,47.441440120528625,0.7818178361495909,0.040711392005001415,662.5910468985114,1583.1747593638004
fold_03,rolling_7d,exclude_outage_severe,decomp_ewm7_fourier2,outer,7,333.6734960194718,1843.643923574815,13.881059967337162,0.7940681889513331,0.041202500269202254,253.5059282367596,185.1694403399681
fold_03,rolling_7d,exclude_outage_severe,decomp_ewm7_daytype_shrunk,core,7,3622.8582609759524,50389.89222315828,81.11207232451723,0.7396698989130436,0.03896681824644464,1334.6239502201822,4864.549378146397
fold_03,rolling_7d,exclude_outage_severe,decomp_ewm7_daytype_shrunk,near,7,1304.088040355173,17088.83168496792,47.441440120528625,0.7012241396122487,0.036895084836425784,529.8715873526733,1583.1747593638004
fold_03,rolling_7d,exclude_outage_severe,decomp_ewm7_daytype_shrunk,outer,7,342.1285340043926,1843.643923574815,13.881059967337162,0.7859405172298631,0.04085516783986144,252.42260893229238,185.1694403399681
fold_03,rolling_7d,quality_weighted,decomp_mean_mean,core,7,4025.585721553207,59682.15122873347,88.91925465838509,0.7348312375111049,0.0388354185296683,1322.9666428826629,5729.78929004456
fold_03,rolling_7d,quality_weighted,decomp_mean_mean,near,7,1519.9818399948088,21549.25897920605,53.739130434782616,0.7102281463717729,0.0370021443569426,530.5334587505941,1986.609935604168
fold_03,rolling_7d,quality_weighted,decomp_mean_mean,outer,7,372.1452230866812,2235.7485822306235,15.770186335403727,0.7972345333884918,0.04146910238971815,259.9920486621213,223.70403455974593
fold_03,rolling_7d,quality_weighted,decomp_recent7_mean,core,7,3385.065221051751,45708.508875739666,76.87912087912089,0.7348312375111049,0.0388354185296683,1322.9666428826629,4427.146878765057
fold_03,rolling_7d,quality_weighted,decomp_recent7_mean,near,7,1307.8849174249729,17051.112426035503,47.38461538461537,0.7102281463717729,0.0370021443569426,530.5334587505941,1579.7564602186499
fold_03,rolling_7d,quality_weighted,decomp_recent7_mean,outer,7,340.04445982131904,1610.8343195266266,12.626373626373626,0.7972345333884918,0.04146910238971815,259.9920486621213,162.11283837885006
fold_03,rolling_7d,quality_weighted,decomp_recent7_recent7,core,7,3584.359800456832,45708.508875739666,76.87912087912089,0.7534850328414037,0.039733360081566825,1383.318773030751,4427.146878765057
fold_03,rolling_7d,quality_weighted,decomp_recent7_recent7,near,7,1417.782433110883,17051.112426035503,47.38461538461537,0.7426079291488019,0.03882131605554282,594.1789583420125,1579.7564602186499
fold_03,rolling_7d,quality_weighted,decomp_recent7_recent7,outer,7,341.015732912384,1610.8343195266266,12.626373626373626,0.7905072299393828,0.04097375487710194,256.8627332908591,162.11283837885006
fold_03,rolling_7d,quality_weighted,decomp_ewm7_mean,core,7,3700.9604759039476,52608.02383930851,83.04242422967934,0.7348312375111049,0.0388354185296683,1322.9666428826629,5071.422472064909
fold_03,rolling_7d,quality_weighted,decomp_ewm7_mean,near,7,1387.6339845416196,18745.701784742312,49.873700176033694,0.7102281463717729,0.0370021443569426,530.5334587505941,1733.208714882869
fold_03,rolling_7d,quality_weighted,decomp_ewm7_mean,outer,7,357.9791830197956,1959.4408208663642,14.46465484260178,0.7972345333884918,0.04146910238971815,259.9920486621213,196.58370685657567
fold_03,rolling_7d,quality_weighted,decomp_ewm7_recent7,core,7,3913.994336024886,52608.02383930851,83.04242422967934,0.7534850328414037,0.039733360081566825,1383.318773030751,5071.422472064909
fold_03,rolling_7d,quality_weighted,decomp_ewm7_recent7,near,7,1499.9989737589985,18745.701784742312,49.873700176033694,0.7426079291488019,0.03882131605554282,594.1789583420125,1733.208714882869
fold_03,rolling_7d,quality_weighted,decomp_ewm7_recent7,outer,7,360.0831578007987,1959.4408208663642,14.46465484260178,0.7905072299393828,0.04097375487710194,256.8627332908591,196.58370685657567
fold_03,rolling_7d,quality_weighted,decomp_mean_fourier2,core,7,4138.104460077692,59682.15122873347,88.91925465838509,0.843461599970058,0.042865133933480924,1666.422616491087,5729.78929004456
fold_03,rolling_7d,quality_weighted,decomp_mean_fourier2,near,7,1567.8097950831893,21549.25897920605,53.739130434782616,0.7800600965891614,0.04062644100081836,659.4449387123382,1986.609935604168
fold_03,rolling_7d,quality_weighted,decomp_mean_fourier2,outer,7,352.88634836864145,2235.7485822306235,15.770186335403727,0.7950279842284182,0.041293377065813285,254.46375596403135,223.70403455974593
fold_03,rolling_7d,quality_weighted,decomp_ewm7_fourier2,core,7,3844.5159079465734,52608.02383930851,83.04242422967934,0.843461599970058,0.042865133933480924,1666.422616491087,5071.422472064909
fold_03,rolling_7d,quality_weighted,decomp_ewm7_fourier2,near,7,1447.05447185807,18745.701784742312,49.873700176033694,0.7800600965891614,0.04062644100081836,659.4449387123382,1733.208714882869
fold_03,rolling_7d,quality_weighted,decomp_ewm7_fourier2,outer,7,340.34782661508785,1959.4408208663642,14.46465484260178,0.7950279842284182,0.041293377065813285,254.46375596403135,196.58370685657567
fold_03,rolling_7d,quality_weighted,decomp_ewm7_daytype_shrunk,core,7,3704.0309256734295,52608.02383930851,83.04242422967934,0.7369384825596502,0.03885919539516314,1315.6417499863005,5071.422472064909
fold_03,rolling_7d,quality_weighted,decomp_ewm7_daytype_shrunk,near,7,1383.2232596845283,18745.701784742312,49.873700176033694,0.699894033439365,0.03678330628370944,526.4641206762179,1733.208714882869
fold_03,rolling_7d,quality_weighted,decomp_ewm7_daytype_shrunk,outer,7,349.0452735169702,1959.4408208663642,14.46465484260178,0.788948457868024,0.04103723279769807,253.34606596377932,196.58370685657567
fold_04,rolling_7d,all,decomp_mean_mean,core,7,3449.060228069346,45237.11834319526,75.48351648351648,0.6788756293117341,0.035897495858867756,1401.0293303670314,4414.526121781798
fold_04,rolling_7d,all,decomp_mean_mean,near,7,1425.0359601581872,17384.124260355027,47.637362637362635,0.6956188009969803,0.03556095709994763,614.9441478420983,1595.2102742395023
fold_04,rolling_7d,all,decomp_mean_mean,outer,7,411.14392001667454,2427.1952662721897,17.05494505494506,0.7919006708750823,0.04110941605318343,295.54328447645264,227.85918338241927
fold_04,rolling_7d,all,decomp_recent7_mean,core,7,2912.632202865525,33195.71428571428,64.20408163265306,0.6788756293117341,0.035897495858867756,1401.0293303670314,3180.57446870423
fold_04,rolling_7d,all,decomp_recent7_mean,near,7,1179.7948422975483,12260.857142857143,39.59183673469388,0.6956188009969803,0.03556095709994763,614.9441478420983,1088.120320661582
fold_04,rolling_7d,all,decomp_recent7_mean,outer,7,384.1182247338125,1955.5714285714284,14.551020408163264,0.7919006708750823,0.04110941605318343,295.54328447645264,174.42689274499674
fold_04,rolling_7d,all,decomp_recent7_recent7,core,7,3111.5820339580096,33195.71428571428,64.20408163265306,0.7083041450926872,0.03698047697669804,1551.5356627864417,3180.57446870423
fold_04,rolling_7d,all,decomp_recent7_recent7,near,7,1322.1614029832122,12260.857142857143,39.59183673469388,0.7391667079546272,0.037914183359141616,726.8151276173073,1088.120320661582
fold_04,rolling_7d,all,decomp_recent7_recent7,outer,7,385.07966166994174,1955.5714285714284,14.551020408163264,0.7845063732178141,0.04067912482905252,297.6100376520983,174.42689274499674
fold_04,rolling_7d,all,decomp_ewm7_mean,core,7,3080.8861967140183,36998.195990923676,68.13728897181014,0.6788756293117341,0.035897495858867756,1401.0293303670314,3576.817235722826
fold_04,rolling_7d,all,decomp_ewm7_mean,near,7,1275.1253467536853,14261.018856985687,43.075269593118264,0.6956188009969803,0.03556095709994763,614.9441478420983,1289.1544314002751
fold_04,rolling_7d,all,decomp_ewm7_mean,outer,7,397.91100248098763,2193.7394224991135,15.928516279756963,0.7919006708750823,0.04110941605318343,295.54328447645264,201.89831162646038
fold_04,rolling_7d,all,decomp_ewm7_recent7,core,7,3292.9779422613847,36998.195990923676,68.13728897181014,0.7083041450926872,0.03698047697669804,1551.5356627864417,3576.817235722826
fold_04,rolling_7d,all,decomp_ewm7_recent7,near,7,1425.2104300657559,14261.018856985687,43.075269593118264,0.7391667079546272,0.037914183359141616,726.8151276173073,1289.1544314002751
fold_04,rolling_7d,all,decomp_ewm7_recent7,outer,7,399.93058487312624,2193.7394224991135,15.928516279756963,0.7845063732178141,0.04067912482905252,297.6100376520983,201.89831162646038
fold_04,rolling_7d,all,decomp_mean_fourier2,core,7,3927.865179497947,45237.11834319526,75.48351648351648,0.8136709898857175,0.04094227705949056,2050.3240853006464,4414.526121781798
fold_04,rolling_7d,all,decomp_mean_fourier2,near,7,1550.5578889693893,17384.124260355027,47.637362637362635,0.7625843116786365,0.03929420120323087,810.6750344065349,1595.2102742395023
fold_04,rolling_7d,all,decomp_mean_fourier2,outer,7,400.82939239648175,2427.1952662721897,17.05494505494506,0.793520817916861,0.04118145476451246,296.28330648110284,227.85918338241927
fold_04,rolling_7d,all,decomp_ewm7_fourier2,core,7,3586.0440515251967,36998.195990923676,68.13728897181014,0.8136709898857175,0.04094227705949056,2050.3240853006464,3576.817235722826
fold_04,rolling_7d,all,decomp_ewm7_fourier2,near,7,1413.43656194434,14261.018856985687,43.075269593118264,0.7625843116786365,0.03929420120323087,810.6750344065349,1289.1544314002751
fold_04,rolling_7d,all,decomp_ewm7_fourier2,outer,7,389.24089259350313,2193.7394224991135,15.928516279756963,0.793520817916861,0.04118145476451246,296.28330648110284,201.89831162646038
fold_04,rolling_7d,all,decomp_ewm7_daytype_shrunk,core,7,3130.427370615745,36998.195990923676,68.13728897181014,0.6890167972327268,0.03621232644012834,1447.781226353633,3576.817235722826
fold_04,rolling_7d,all,decomp_ewm7_daytype_shrunk,near,7,1256.382019677657,14261.018856985687,43.075269593118264,0.6860525550508166,0.035162322225500926,596.6371666929767,1289.1544314002751
fold_04,rolling_7d,all,decomp_ewm7_daytype_shrunk,outer,7,386.0413213632108,2193.7394224991135,15.928516279756963,0.7782351215876325,0.04070338106952581,287.5632480107066,201.89831162646038
fold_04,rolling_7d,exclude_outage_severe,decomp_mean_mean,core,7,3753.200367788687,51536.21527777777,80.3690476190476,0.6868990655642548,0.03610985357170659,1408.008551039438,5042.0441795173165
fold_04,rolling_7d,exclude_outage_severe,decomp_mean_mean,near,7,1494.1805754358593,19274.38194444444,50.0595238095238,0.69439462703587,0.03550116799154103,608.4854663800381,1777.4180030847838
fold_04,rolling_7d,exclude_outage_severe,decomp_mean_mean,outer,7,415.90038045117154,2495.75,17.357142857142858,0.7923697976869942,0.04122412042769218,296.79466828393464,235.35915541740385
fold_04,rolling_7d,exclude_outage_severe,decomp_recent7_mean,core,7,3291.645037558602,41253.11111111112,72.0952380952381,0.6868990655642548,0.03610985357170659,1408.008551039438,4012.3515493375203
fold_04,rolling_7d,exclude_outage_severe,decomp_recent7_mean,near,7,1259.374663909937,14273.444444444442,43.09523809523809,0.69439462703587,0.03550116799154103,608.4854663800381,1290.3883631704248
fold_04,rolling_7d,exclude_outage_severe,decomp_recent7_mean,outer,7,387.1466753470979,1984.8611111111115,14.73809523809524,0.7923697976869942,0.04122412042769218,296.79466828393464,177.88165625926993
fold_04,rolling_7d,exclude_outage_severe,decomp_recent7_recent7,core,7,3579.0256587585422,41253.11111111112,72.0952380952381,0.724303307218042,0.03760820383475948,1592.0273863070286,4012.3515493375203
fold_04,rolling_7d,exclude_outage_severe,decomp_recent7_recent7,near,7,1448.666930864037,14273.444444444442,43.09523809523809,0.7497807570255665,0.038466576285219635,749.3467293863861,1290.3883631704248
fold_04,rolling_7d,exclude_outage_severe,decomp_recent7_recent7,outer,7,390.25014737900244,1984.8611111111115,14.73809523809524,0.7862639550535313,0.04085655187697425,300.8524955538968,177.88165625926993
fold_04,rolling_7d,exclude_outage_severe,decomp_ewm7_mean,core,7,3488.15596302287,45643.48742236759,75.81474553792047,0.6868990655642548,0.03610985357170659,1408.008551039438,4455.29320780432
fold_04,rolling_7d,exclude_outage_severe,decomp_ewm7_mean,near,7,1374.2251623318098,16727.498547129686,46.74388580037759,0.69439462703587,0.03550116799154103,608.4854663800381,1531.4502918808707
fold_04,rolling_7d,exclude_outage_severe,decomp_ewm7_mean,outer,7,403.19212996696575,2267.4480680651004,16.302797935853075,0.7923697976869942,0.04122412042769218,296.79466828393464,210.17541722596852
fold_04,rolling_7d,exclude_outage_severe,decomp_ewm7_recent7,core,7,3790.8385791085307,45643.48742236759,75.81474553792047,0.724303307218042,0.03760820383475948,1592.0273863070286,4455.29320780432
fold_04,rolling_7d,exclude_outage_severe,decomp_ewm7_recent7,near,7,1573.5181365272156,16727.498547129686,46.74388580037759,0.7497807570255665,0.038466576285219635,749.3467293863861,1531.4502918808707
fold_04,rolling_7d,exclude_outage_severe,decomp_ewm7_recent7,outer,7,407.54668862107064,2267.4480680651004,16.302797935853075,0.7862639550535313,0.04085655187697425,300.8524955538968,210.17541722596852
fold_04,rolling_7d,exclude_outage_severe,decomp_mean_fourier2,core,7,4206.596598988982,51536.21527777777,80.3690476190476,0.8166786465982481,0.041066051114909186,2069.4746801106976,5042.0441795173165
fold_04,rolling_7d,exclude_outage_severe,decomp_mean_fourier2,near,7,1618.3259834653106,19274.38194444444,50.0595238095238,0.7626657557476859,0.039265869193695395,806.0405538938131,1777.4180030847838
fold_04,rolling_7d,exclude_outage_severe,decomp_mean_fourier2,outer,7,404.7963057310344,2495.75,17.357142857142858,0.7947241699089874,0.041350283412261345,297.2882105367354,235.35915541740385
fold_04,rolling_7d,exclude_outage_severe,decomp_ewm7_fourier2,core,7,3962.0679727102442,45643.48742236759,75.81474553792047,0.8166786465982481,0.041066051114909186,2069.4746801106976,4455.29320780432
fold_04,rolling_7d,exclude_outage_severe,decomp_ewm7_fourier2,near,7,1508.239654626916,16727.498547129686,46.74388580037759,0.7626657557476859,0.039265869193695395,806.0405538938131,1531.4502918808707
fold_04,rolling_7d,exclude_outage_severe,decomp_ewm7_fourier2,outer,7,393.76826790295974,2267.4480680651004,16.302797935853075,0.7947241699089874,0.041350283412261345,297.2882105367354,210.17541722596852
fold_04,rolling_7d,exclude_outage_severe,decomp_ewm7_daytype_shrunk,core,7,3481.4479163033125,45643.48742236759,75.81474553792047,0.6868588325155367,0.036043381311115105,1395.5262005903671,4455.29320780432
fold_04,rolling_7d,exclude_outage_severe,decomp_ewm7_daytype_shrunk,near,7,1349.218886858503,16727.498547129686,46.74388580037759,0.6796034677650576,0.034899703786041555,581.936389987435,1531.4502918808707
fold_04,rolling_7d,exclude_outage_severe,decomp_ewm7_daytype_shrunk,outer,7,391.82316330038867,2267.4480680651004,16.302797935853075,0.7821535558432605,0.04078137200649878,287.01976146532746,210.17541722596852
fold_04,rolling_7d,quality_weighted,decomp_mean_mean,core,7,3806.9318427596986,52937.1077504726,81.3913043478261,0.6862145209047076,0.03607971687016357,1401.231868979195,5180.462683311533
fold_04,rolling_7d,quality_weighted,decomp_mean_mean,near,7,1544.1912803203475,20255.867674858226,51.24223602484472,0.6943865468798908,0.03544201296261083,608.7867671822062,1871.3560174071256
fold_04,rolling_7d,quality_weighted,decomp_mean_mean,outer,7,419.7543097336368,2565.09640831758,17.652173913043477,0.7946051259894127,0.04134195822432689,295.76569878881236,242.89969411612674
fold_04,rolling_7d,quality_weighted,decomp_recent7_mean,core,7,3353.7109783673463,42843.88429752067,73.48051948051948,0.6862145209047076,0.03607971687016357,1401.231868979195,4173.5094827656985
fold_04,rolling_7d,quality_weighted,decomp_recent7_mean,near,7,1316.9384444227217,15465.239669421488,44.93506493506493,0.6943865468798908,0.03544201296261083,608.7867671822062,1408.0656642497763
fold_04,rolling_7d,quality_weighted,decomp_recent7_mean,outer,7,391.0784982141461,2047.1074380165292,15.11688311688312,0.7946051259894127,0.04134195822432689,295.76569878881236,185.1425523888257
fold_04,rolling_7d,quality_weighted,decomp_recent7_recent7,core,7,3669.1749469539545,42843.88429752067,73.48051948051948,0.7265580957459095,0.03768319045864047,1597.3192172162278,4173.5094827656985
fold_04,rolling_7d,quality_weighted,decomp_recent7_recent7,near,7,1508.0588770671748,15465.239669421488,44.93506493506493,0.7472377596356441,0.03839651466582856,750.8057533201218,1408.0656642497763
fold_04,rolling_7d,quality_weighted,decomp_recent7_recent7,outer,7,394.9082833359639,2047.1074380165292,15.11688311688312,0.7870611771853399,0.04106290676161367,298.8709014522124,185.1425523888257
fold_04,rolling_7d,quality_weighted,decomp_ewm7_mean,core,7,3556.3287598265024,47367.448950796344,77.19356832732198,0.6862145209047076,0.03607971687016357,1401.231868979195,4627.774344496658
fold_04,rolling_7d,quality_weighted,decomp_ewm7_mean,near,7,1438.0674091418075,18024.394158689327,48.48121441145263,0.6943865468798908,0.03544201296261083,608.7867671822062,1657.137274212706
fold_04,rolling_7d,quality_weighted,decomp_ewm7_mean,outer,7,408.18695854684756,2354.065221593419,16.71965141818495,0.7946051259894127,0.04134195822432689,295.76569878881236,219.80281203357882
fold_04,rolling_7d,quality_weighted,decomp_ewm7_recent7,core,7,3888.765009391741,47367.448950796344,77.19356832732198,0.7265580957459095,0.03768319045864047,1597.3192172162278,4627.774344496658
fold_04,rolling_7d,quality_weighted,decomp_ewm7_recent7,near,7,1638.3285245002394,18024.394158689327,48.48121441145263,0.7472377596356441,0.03839651466582856,750.8057533201218,1657.137274212706
fold_04,rolling_7d,quality_weighted,decomp_ewm7_recent7,outer,7,413.19532377468244,2354.065221593419,16.71965141818495,0.7870611771853399,0.04106290676161367,298.8709014522124,219.80281203357882
fold_04,rolling_7d,quality_weighted,decomp_mean_fourier2,core,7,4259.681458369989,52937.1077504726,81.3913043478261,0.8153288964198936,0.041009624546221875,2061.555304467556,5180.462683311533
fold_04,rolling_7d,quality_weighted,decomp_mean_fourier2,near,7,1660.9660207350867,20255.867674858226,51.24223602484472,0.7610047824239544,0.039186512871875294,803.049963200918,1871.3560174071256
fold_04,rolling_7d,quality_weighted,decomp_mean_fourier2,outer,7,409.38406589580075,2565.09640831758,17.652173913043477,0.7950753578386355,0.04141561429964467,298.1412740010427,242.89969411612674
fold_04,rolling_7d,quality_weighted,decomp_ewm7_fourier2,core,7,4028.022504942682,47367.448950796344,77.19356832732198,0.8153288964198936,0.041009624546221875,2061.555304467556,4627.774344496658
fold_04,rolling_7d,quality_weighted,decomp_ewm7_fourier2,near,7,1563.8656512835219,18024.394158689327,48.48121441145263,0.7610047824239544,0.039186512871875294,803.049963200918,1657.137274212706
fold_04,rolling_7d,quality_weighted,decomp_ewm7_fourier2,outer,7,399.1914859451977,2354.065221593419,16.71965141818495,0.7950753578386355,0.04141561429964467,298.1412740010427,219.80281203357882
fold_04,rolling_7d,quality_weighted,decomp_ewm7_daytype_shrunk,core,7,3545.7281955063527,47367.448950796344,77.19356832732198,0.6854058498717295,0.03598373070554459,1383.302952883073,4627.774344496658
fold_04,rolling_7d,quality_weighted,decomp_ewm7_daytype_shrunk,near,7,1413.0648499882266,18024.394158689327,48.48121441145263,0.6797996711726496,0.034834849579500934,581.7745742829379,1657.137274212706
fold_04,rolling_7d,quality_weighted,decomp_ewm7_daytype_shrunk,outer,7,396.83106801360634,2354.065221593419,16.71965141818495,0.7842560541163394,0.040922261515248956,286.5776904148039,219.80281203357882
fold_05,rolling_7d,all,decomp_mean_mean,core,7,3104.008200674549,31695.142857142855,63.632653061224495,0.5831274502811966,0.030937043517627414,1766.1141191154081,2552.2779665000294
fold_05,rolling_7d,all,decomp_mean_mean,near,7,1425.3726383320065,13355.142857142857,41.91836734693878,0.6373366857842822,0.03259571734370444,904.0216750056725,1106.5953861733735
fold_05,rolling_7d,all,decomp_mean_mean,outer,7,470.18159509053424,2392.0,16.857142857142858,0.756985802100813,0.039050886011291475,386.0484848678958,207.34185380577253
fold_05,rolling_7d,all,decomp_recent7_mean,core,7,2787.7596568121894,24913.0,53.857142857142854,0.5831274502811966,0.030937043517627414,1766.1141191154081,1667.481943329742
fold_05,rolling_7d,all,decomp_recent7_mean,near,7,1286.8973849461495,10801.57142857143,34.26530612244898,0.6373366857842822,0.03259571734370444,904.0216750056725,755.611591262195
fold_05,rolling_7d,all,decomp_recent7_mean,outer,7,445.9137468760449,2167.0,15.285714285714286,0.756985802100813,0.039050886011291475,386.0484848678958,169.79977495642336
fold_05,rolling_7d,all,decomp_recent7_recent7,core,7,3091.719924502218,24913.0,53.857142857142854,0.6350988902049588,0.033281644730688724,2110.282583535977,1667.481943329742
fold_05,rolling_7d,all,decomp_recent7_recent7,near,7,1373.2417187066353,10801.57142857143,34.26530612244898,0.6649281731006594,0.0340614800089041,997.0156593452818,755.611591262195
fold_05,rolling_7d,all,decomp_recent7_recent7,outer,7,473.32250116317465,2167.0,15.285714285714286,0.7791157376274077,0.039533220276916844,434.25600422053776,169.79977495642336
fold_05,rolling_7d,all,decomp_ewm7_mean,core,7,2870.9760517576933,26725.532615503274,57.19533354495469,0.5831274502811966,0.030937043517627414,1766.1141191154081,1992.8700482168729
fold_05,rolling_7d,all,decomp_ewm7_mean,near,7,1327.699174381544,11504.351332760889,38.043709754666,0.6373366857842822,0.03259571734370444,904.0216750056725,885.3591595890371
fold_05,rolling_7d,all,decomp_ewm7_mean,outer,7,457.32405530542826,2250.025617186024,15.915553622986835,0.756985802100813,0.039050886011291475,386.0484848678958,187.28904462068692
fold_05,rolling_7d,all,decomp_ewm7_recent7,core,7,3253.941052959596,26725.532615503274,57.19533354495469,0.6350988902049588,0.033281644730688724,2110.282583535977,1992.8700482168729
fold_05,rolling_7d,all,decomp_ewm7_recent7,near,7,1429.3238274467685,11504.351332760889,38.043709754666,0.6649281731006594,0.0340614800089041,997.0156593452818,885.3591595890371
fold_05,rolling_7d,all,decomp_ewm7_recent7,outer,7,489.4693294989583,2250.025617186024,15.915553622986835,0.7791157376274077,0.039533220276916844,434.25600422053776,187.28904462068692
fold_05,rolling_7d,all,decomp_mean_fourier2,core,7,3626.0149888413403,31695.142857142855,63.632653061224495,0.7042698991806996,0.035273622922338564,2325.447663089595,2552.2779665000294
fold_05,rolling_7d,all,decomp_mean_fourier2,near,7,1564.3988533143784,13355.142857142857,41.91836734693878,0.687955551613375,0.035869914165879466,1035.5729538037633,1106.5953861733735
fold_05,rolling_7d,all,decomp_mean_fourier2,outer,7,471.8662083022938,2392.0,16.857142857142858,0.7685979906755546,0.03952190157531893,391.3642107270915,207.34185380577253
fold_05,rolling_7d,all,decomp_ewm7_fourier2,core,7,3417.7467725393876,26725.532615503274,57.19533354495469,0.7042698991806996,0.035273622922338564,2325.447663089595,1992.8700482168729
fold_05,rolling_7d,all,decomp_ewm7_fourier2,near,7,1478.5955562681534,11504.351332760889,38.043709754666,0.687955551613375,0.035869914165879466,1035.5729538037633,885.3591595890371
fold_05,rolling_7d,all,decomp_ewm7_fourier2,outer,7,460.49322597618027,2250.025617186024,15.915553622986835,0.7685979906755546,0.03952190157531893,391.3642107270915,187.28904462068692
fold_05,rolling_7d,all,decomp_ewm7_daytype_shrunk,core,7,2896.3445336501068,26725.532615503274,57.19533354495469,0.5896614281319975,0.031157275352494823,1895.3066503526702,1992.8700482168729
fold_05,rolling_7d,all,decomp_ewm7_daytype_shrunk,near,7,1335.6334166626052,11504.351332760889,38.043709754666,0.6247845624588847,0.03231437830389724,941.8682448796134,885.3591595890371
fold_05,rolling_7d,all,decomp_ewm7_daytype_shrunk,outer,7,469.7935285152549,2250.025617186024,15.915553622986835,0.7590780265406608,0.039649622924178576,418.37359749529594,187.28904462068692
fold_05,rolling_7d,exclude_outage_severe,decomp_mean_mean,core,7,3359.7252789073855,39664.38194444443,69.96428571428571,0.5733380041195403,0.030362917848669145,1669.3435772158728,3332.151479676674
fold_05,rolling_7d,exclude_outage_severe,decomp_mean_mean,near,7,1509.0850413835276,15924.54861111111,45.32142857142857,0.6237220704819252,0.03210112689957157,860.2501763874257,1374.556050950989
fold_05,rolling_7d,exclude_outage_severe,decomp_mean_mean,outer,7,469.4602727202604,2527.75,17.5,0.7480132558874628,0.03898439926743339,369.88237279576737,224.23532087005736
fold_05,rolling_7d,exclude_outage_severe,decomp_recent7_mean,core,7,2881.0695869108795,29073.520000000004,60.74285714285715,0.5733380041195403,0.030362917848669145,1669.3435772158728,2272.0327699387926
fold_05,rolling_7d,exclude_outage_severe,decomp_recent7_mean,near,7,1314.4659673437686,12009.680000000002,39.371428571428574,0.6237220704819252,0.03210112689957157,860.2501763874257,951.1131949560906
fold_05,rolling_7d,exclude_outage_severe,decomp_recent7_mean,outer,7,442.67661059143893,2200.92,15.514285714285714,0.7480132558874628,0.03898439926743339,369.88237279576737,178.6715183269257
fold_05,rolling_7d,exclude_outage_severe,decomp_recent7_recent7,core,7,3178.844549605862,29073.520000000004,60.74285714285715,0.60899318142591,0.03206942779246458,1873.78449636627,2272.0327699387926
fold_05,rolling_7d,exclude_outage_severe,decomp_recent7_recent7,near,7,1466.959907404188,12009.680000000002,39.371428571428574,0.6571648322829944,0.03408790376508118,983.3360500736305,951.1131949560906
fold_05,rolling_7d,exclude_outage_severe,decomp_recent7_recent7,outer,7,469.15940715577443,2200.92,15.514285714285714,0.7662770341927647,0.039595034366945295,411.59573285036595,178.6715183269257
fold_05,rolling_7d,exclude_outage_severe,decomp_ewm7_mean,core,7,3185.953953548871,35850.23755886069,67.23170446560943,0.5733380041195403,0.030362917848669145,1669.3435772158728,2967.641226140917
fold_05,rolling_7d,exclude_outage_severe,decomp_ewm7_mean,near,7,1429.2399297249922,14315.327642782908,43.33204576594085,0.6237220704819252,0.03210112689957157,860.2501763874257,1209.5464477356918
fold_05,rolling_7d,exclude_outage_severe,decomp_ewm7_mean,outer,7,459.62114157219014,2393.9173730126645,16.86739304722613,0.7480132558874628,0.03898439926743339,369.88237279576737,207.59082710672024
fold_05,rolling_7d,exclude_outage_severe,decomp_ewm7_recent7,core,7,3557.9424461150397,35850.23755886069,67.23170446560943,0.60899318142591,0.03206942779246458,1873.78449636627,2967.641226140917
fold_05,rolling_7d,exclude_outage_severe,decomp_ewm7_recent7,near,7,1611.6306527298018,14315.327642782908,43.33204576594085,0.6571648322829944,0.03408790376508118,983.3360500736305,1209.5464477356918
fold_05,rolling_7d,exclude_outage_severe,decomp_ewm7_recent7,outer,7,491.8066911305418,2393.9173730126645,16.86739304722613,0.7662770341927647,0.039595034366945295,411.59573285036595,207.59082710672024
fold_05,rolling_7d,exclude_outage_severe,decomp_mean_fourier2,core,7,3921.6140688324026,39664.38194444443,69.96428571428571,0.7038042356682045,0.035146110377815606,2291.9664681415697,3332.151479676674
fold_05,rolling_7d,exclude_outage_severe,decomp_mean_fourier2,near,7,1652.3955015045153,15924.54861111111,45.32142857142857,0.6872790018610703,0.035671673673419016,1008.3965618768851,1374.556050950989
fold_05,rolling_7d,exclude_outage_severe,decomp_mean_fourier2,outer,7,463.2158098980196,2527.75,17.5,0.7547308254523836,0.03918342353061982,368.26013590753473,224.23532087005736
fold_05,rolling_7d,exclude_outage_severe,decomp_ewm7_fourier2,core,7,3764.138383432967,35850.23755886069,67.23170446560943,0.7038042356682045,0.035146110377815606,2291.9664681415697,2967.641226140917
fold_05,rolling_7d,exclude_outage_severe,decomp_ewm7_fourier2,near,7,1581.5480083951275,14315.327642782908,43.33204576594085,0.6872790018610703,0.035671673673419016,1008.3965618768851,1209.5464477356918
fold_05,rolling_7d,exclude_outage_severe,decomp_ewm7_fourier2,outer,7,454.89923887918866,2393.9173730126645,16.86739304722613,0.7547308254523836,0.03918342353061982,368.26013590753473,207.59082710672024
fold_05,rolling_7d,exclude_outage_severe,decomp_ewm7_daytype_shrunk,core,7,3164.982844732699,35850.23755886069,67.23170446560943,0.5738656058294319,0.030212887417109036,1633.4580880974313,2967.641226140917
fold_05,rolling_7d,exclude_outage_severe,decomp_ewm7_daytype_shrunk,near,7,1422.4415858541217,14315.327642782908,43.33204576594085,0.6131551438014652,0.031721152074582495,834.710249941294,1209.5464477356918
fold_05,rolling_7d,exclude_outage_severe,decomp_ewm7_daytype_shrunk,outer,7,458.49807452214105,2393.9173730126645,16.86739304722613,0.7443930703222507,0.03894919211557062,373.2022207250725,207.59082710672024
fold_05,rolling_7d,quality_weighted,decomp_mean_mean,core,7,3388.948639083649,40598.71644612477,70.57763975155281,0.5719621724998138,0.030312905468419794,1660.2696664828086,3419.798699537812
fold_05,rolling_7d,quality_weighted,decomp_mean_mean,near,7,1551.763728036604,16571.563327032138,46.03105590062112,0.6268981210420882,0.03214276095408246,869.8653488999505,1439.1119551893328
fold_05,rolling_7d,quality_weighted,decomp_mean_mean,outer,7,471.07104846942775,2570.6616257088845,17.67701863354037,0.7497660812201241,0.039041606343815635,366.75939260740586,229.3434860861328
fold_05,rolling_7d,quality_weighted,decomp_recent7_mean,core,7,2888.6835580881198,29517.444444444438,61.285714285714285,0.5719621724998138,0.030312905468419794,1660.2696664828086,2321.05875131146
fold_05,rolling_7d,quality_weighted,decomp_recent7_mean,near,7,1349.0996405557069,12557.1975308642,40.52380952380952,0.6268981210420882,0.03214276095408246,869.8653488999505,1016.6830907869243
fold_05,rolling_7d,quality_weighted,decomp_recent7_mean,outer,7,443.854371889657,2219.3086419753085,15.61904761904762,0.7497660812201241,0.039041606343815635,366.75939260740586,182.12870125972483
fold_05,rolling_7d,quality_weighted,decomp_recent7_recent7,core,7,3236.8796014613336,29517.444444444438,61.285714285714285,0.6124358072228289,0.03223075941009827,1898.361541910471,2321.05875131146
fold_05,rolling_7d,quality_weighted,decomp_recent7_recent7,near,7,1516.1991706732329,12557.1975308642,40.52380952380952,0.6612498748095765,0.03415041825341752,1001.5727161044377,1016.6830907869243
fold_05,rolling_7d,quality_weighted,decomp_recent7_recent7,outer,7,471.53070669704437,2219.3086419753085,15.61904761904762,0.7698876595186538,0.03977361879730944,406.81550916580346,182.12870125972483
fold_05,rolling_7d,quality_weighted,decomp_ewm7_mean,core,7,3222.6155859843243,36944.90436620659,68.05899813925033,0.5719621724998138,0.030312905468419794,1660.2696664828086,3073.5200400219487
fold_05,rolling_7d,quality_weighted,decomp_ewm7_mean,near,7,1478.7808727809222,15120.906723130527,44.37444293258586,0.6268981210420882,0.03214276095408246,869.8653488999505,1293.0726239977844
fold_05,rolling_7d,quality_weighted,decomp_ewm7_mean,outer,7,462.08226416650155,2443.184454524047,17.11750513662525,0.7497660812201241,0.039041606343815635,366.75939260740586,213.8707119418358
fold_05,rolling_7d,quality_weighted,decomp_ewm7_recent7,core,7,3663.150658869152,36944.90436620659,68.05899813925033,0.6124358072228289,0.03223075941009827,1898.361541910471,3073.5200400219487
fold_05,rolling_7d,quality_weighted,decomp_ewm7_recent7,near,7,1677.6768335701308,15120.906723130527,44.37444293258586,0.6612498748095765,0.03415041825341752,1001.5727161044377,1293.0726239977844
fold_05,rolling_7d,quality_weighted,decomp_ewm7_recent7,outer,7,495.43709183217493,2443.184454524047,17.11750513662525,0.7698876595186538,0.03977361879730944,406.81550916580346,213.8707119418358
fold_05,rolling_7d,quality_weighted,decomp_mean_fourier2,core,7,3951.892298236963,40598.71644612477,70.57763975155281,0.7015913777429058,0.03507920663219185,2287.38612775094,3419.798699537812
fold_05,rolling_7d,quality_weighted,decomp_mean_fourier2,near,7,1684.9684585373757,16571.563327032138,46.03105590062112,0.6865254542749831,0.035652645645747036,1011.9687799191373,1439.1119551893328
fold_05,rolling_7d,quality_weighted,decomp_mean_fourier2,outer,7,464.1434841937133,2570.6616257088845,17.67701863354037,0.752999111451181,0.039148221912756916,366.0003842343399,229.3434860861328
fold_05,rolling_7d,quality_weighted,decomp_ewm7_fourier2,core,7,3800.5868326273353,36944.90436620659,68.05899813925033,0.7015913777429058,0.03507920663219185,2287.38612775094,3073.5200400219487
fold_05,rolling_7d,quality_weighted,decomp_ewm7_fourier2,near,7,1620.3969061155094,15120.906723130527,44.37444293258586,0.6865254542749831,0.035652645645747036,1011.9687799191373,1293.0726239977844
fold_05,rolling_7d,quality_weighted,decomp_ewm7_fourier2,outer,7,456.43157897590936,2443.184454524047,17.11750513662525,0.752999111451181,0.039148221912756916,366.0003842343399,213.8707119418358
fold_05,rolling_7d,quality_weighted,decomp_ewm7_daytype_shrunk,core,7,3198.685217279671,36944.90436620659,68.05899813925033,0.5719163002437179,0.030136807073430565,1618.6984641673903,3073.5200400219487
fold_05,rolling_7d,quality_weighted,decomp_ewm7_daytype_shrunk,near,7,1470.5219667050862,15120.906723130527,44.37444293258586,0.6154855748140287,0.031731577982536695,841.8220447118908,1293.0726239977844
fold_05,rolling_7d,quality_weighted,decomp_ewm7_daytype_shrunk,outer,7,461.5079104228124,2443.184454524047,17.11750513662525,0.7462169763433787,0.03904761834974912,371.3598582982068,213.8707119418358
fold_06,rolling_7d,all,decomp_mean_mean,core,7,2784.074517741371,22811.777777777777,50.285714285714285,0.526560151069042,0.027500418472496645,1866.2287301123547,1593.827180062739
fold_06,rolling_7d,all,decomp_mean_mean,near,7,1340.4440558374008,9477.164444444445,32.609523809523814,0.5901523721108236,0.030577376910858402,998.1101065745102,714.5337694977169
fold_06,rolling_7d,all,decomp_mean_mean,outer,7,457.8606539045298,1739.6800000000003,13.942857142857145,0.7395840051267649,0.03765465688631813,405.02948350049456,129.08740200675578
fold_06,rolling_7d,all,decomp_recent7_mean,core,7,2886.3572452090057,25522.142857142855,50.51020408163265,0.526560151069042,0.027500418472496645,1866.2287301123547,1453.168880946883
fold_06,rolling_7d,all,decomp_recent7_mean,near,7,1366.7346557957696,10821.42857142857,31.836734693877553,0.5901523721108236,0.030577376910858402,998.1101065745102,651.57327026795
fold_06,rolling_7d,all,decomp_recent7_mean,outer,7,442.3315521188717,1855.0,12.714285714285714,0.7395840051267649,0.03765465688631813,405.02948350049456,123.44313187914612
fold_06,rolling_7d,all,decomp_recent7_recent7,core,7,3120.798825813514,25522.142857142855,50.51020408163265,0.5825233989787739,0.030012863306426666,2292.8242035906455,1453.168880946883
fold_06,rolling_7d,all,decomp_recent7_recent7,near,7,1448.167899915644,10821.42857142857,31.836734693877553,0.628323218953734,0.032588166334734575,1125.4187440553528,651.57327026795
fold_06,rolling_7d,all,decomp_recent7_recent7,outer,7,480.24760620214477,1855.0,12.714285714285714,0.772880063292125,0.03920057474666356,478.5952180689314,123.44313187914612
fold_06,rolling_7d,all,decomp_ewm7_mean,core,7,2705.423638982783,21431.806785754467,47.523893516734894,0.526560151069042,0.027500418472496645,1866.2287301123547,1350.3487084927274
fold_06,rolling_7d,all,decomp_ewm7_mean,near,7,1306.3997322014884,9190.734023179888,31.01683379637117,0.5901523721108236,0.030577376910858402,998.1101065745102,615.9959869204305
fold_06,rolling_7d,all,decomp_ewm7_mean,outer,7,445.847695617191,1736.7347675169008,13.111453532414,0.7395840051267649,0.03765465688631813,405.02948350049456,120.89024891894084
fold_06,rolling_7d,all,decomp_ewm7_recent7,core,7,3052.511814280688,21431.806785754467,47.523893516734894,0.5825233989787739,0.030012863306426666,2292.8242035906455,1350.3487084927274
fold_06,rolling_7d,all,decomp_ewm7_recent7,near,7,1420.201252394225,9190.734023179888,31.01683379637117,0.628323218953734,0.032588166334734575,1125.4187440553528,615.9959869204305
fold_06,rolling_7d,all,decomp_ewm7_recent7,outer,7,490.46506683388736,1736.7347675169008,13.111453532414,0.772880063292125,0.03920057474666356,478.5952180689314,120.89024891894084
fold_06,rolling_7d,all,decomp_mean_fourier2,core,7,3348.2980397881156,22811.777777777777,50.285714285714285,0.6309997326179978,0.03174141340287649,2417.2450299908537,1593.827180062739
fold_06,rolling_7d,all,decomp_mean_fourier2,near,7,1471.1489342307125,9477.164444444445,32.609523809523814,0.6313603554929715,0.033198359324317105,1106.1996021653079,714.5337694977169
fold_06,rolling_7d,all,decomp_mean_fourier2,outer,7,460.0668221778821,1739.6800000000003,13.942857142857145,0.7409218205752274,0.0379343509554983,407.696141147529,129.08740200675578
fold_06,rolling_7d,all,decomp_ewm7_fourier2,core,7,3288.652996181853,21431.806785754467,47.523893516734894,0.6309997326179978,0.03174141340287649,2417.2450299908537,1350.3487084927274
fold_06,rolling_7d,all,decomp_ewm7_fourier2,near,7,1451.2531300557894,9190.734023179888,31.01683379637117,0.6313603554929715,0.033198359324317105,1106.1996021653079,615.9959869204305
fold_06,rolling_7d,all,decomp_ewm7_fourier2,outer,7,450.3635697585366,1736.7347675169008,13.111453532414,0.7409218205752274,0.0379343509554983,407.696141147529,120.89024891894084
fold_06,rolling_7d,all,decomp_ewm7_daytype_shrunk,core,7,2753.238238560825,21431.806785754467,47.523893516734894,0.5345224401774041,0.027878033540546878,1979.4553966090073,1350.3487084927274
fold_06,rolling_7d,all,decomp_ewm7_daytype_shrunk,near,7,1330.4823937221424,9190.734023179888,31.01683379637117,0.5860048743633428,0.030583388151686732,1043.2536747823337,615.9959869204305
fold_06,rolling_7d,all,decomp_ewm7_daytype_shrunk,outer,7,451.471247339825,1736.7347675169008,13.111453532414,0.7346702075539155,0.03776977858568625,429.43642263669676,120.89024891894084
fold_06,rolling_7d,exclude_outage_severe,decomp_mean_mean,core,7,3045.4736962167844,29949.048611111106,59.107142857142854,0.5165738749585295,0.027216175308162362,1774.35308772126,2248.764398129858
fold_06,rolling_7d,exclude_outage_severe,decomp_mean_mean,near,7,1428.147528931089,11680.381944444442,37.464285714285715,0.5799563032687258,0.03026876218743591,961.7279146409685,957.5661006487393
fold_06,rolling_7d,exclude_outage_severe,decomp_mean_mean,outer,7,458.9689887886524,1897.75,15.357142857142858,0.7241052601272574,0.03724351716341718,381.5148218593103,148.85474027154953
fold_06,rolling_7d,exclude_outage_severe,decomp_recent7_mean,core,7,2667.5576360350583,21809.0,47.857142857142854,0.5165738749585295,0.027216175308162362,1774.35308772126,1473.129072100993
fold_06,rolling_7d,exclude_outage_severe,decomp_recent7_mean,near,7,1286.1095510673683,9132.9375,31.892857142857142,0.5799563032687258,0.03026876218743591,961.7279146409685,654.4837583507548
fold_06,rolling_7d,exclude_outage_severe,decomp_recent7_mean,outer,7,439.0195402087315,1722.4375,13.535714285714286,0.7241052601272574,0.03724351716341718,381.5148218593103,125.55569257831606
fold_06,rolling_7d,exclude_outage_severe,decomp_recent7_recent7,core,7,3180.284321332472,21809.0,47.857142857142854,0.5879660195756559,0.030423281986738607,2239.582110717583,1473.129072100993
fold_06,rolling_7d,exclude_outage_severe,decomp_recent7_recent7,near,7,1496.8427729192506,9132.9375,31.892857142857142,0.6362624387525179,0.03348117197391717,1151.5378228089833,654.4837583507548
fold_06,rolling_7d,exclude_outage_severe,decomp_recent7_recent7,outer,7,468.80412752666166,1722.4375,13.535714285714286,0.7484416176095957,0.03813776890271065,429.8593304555618,125.55569257831606
fold_06,rolling_7d,exclude_outage_severe,decomp_ewm7_mean,core,7,2912.6328042212645,27104.05970839121,56.37456160846657,0.5165738749585295,0.027216175308162362,1774.35308772126,2002.9399522941687
fold_06,rolling_7d,exclude_outage_severe,decomp_ewm7_mean,near,7,1369.4893447172299,10581.769229524754,35.47490290879798,0.5799563032687258,0.03026876218743591,961.7279146409685,845.0880207557859
fold_06,rolling_7d,exclude_outage_severe,decomp_ewm7_mean,outer,7,450.6056577690819,1808.1998597068355,14.724535904368988,0.7241052601272574,0.03724351716341718,381.5148218593103,138.5732803910624
fold_06,rolling_7d,exclude_outage_severe,decomp_ewm7_recent7,core,7,3602.2256172794027,27104.05970839121,56.37456160846657,0.5879660195756559,0.030423281986738607,2239.582110717583,2002.9399522941687
fold_06,rolling_7d,exclude_outage_severe,decomp_ewm7_recent7,near,7,1642.1437176884642,10581.769229524754,35.47490290879798,0.6362624387525179,0.03348117197391717,1151.5378228089833,845.0880207557859
fold_06,rolling_7d,exclude_outage_severe,decomp_ewm7_recent7,outer,7,484.7224466190269,1808.1998597068355,14.724535904368988,0.7484416176095957,0.03813776890271065,429.8593304555618,138.5732803910624
fold_06,rolling_7d,exclude_outage_severe,decomp_mean_fourier2,core,7,3622.802578180868,29949.048611111106,59.107142857142854,0.6311408589521295,0.031672670229499204,2387.906098119846,2248.764398129858
fold_06,rolling_7d,exclude_outage_severe,decomp_mean_fourier2,near,7,1557.9902828893373,11680.381944444442,37.464285714285715,0.6338199988042247,0.03316992494160369,1086.8552134558615,957.5661006487393
fold_06,rolling_7d,exclude_outage_severe,decomp_mean_fourier2,outer,7,452.66454304802846,1897.75,15.357142857142858,0.7232943223278445,0.03726351449408006,379.19053099794036,148.85474027154953
fold_06,rolling_7d,exclude_outage_severe,decomp_ewm7_fourier2,core,7,3505.656738158891,27104.05970839121,56.37456160846657,0.6311408589521295,0.031672670229499204,2387.906098119846,2002.9399522941687
fold_06,rolling_7d,exclude_outage_severe,decomp_ewm7_fourier2,near,7,1508.942115466215,10581.769229524754,35.47490290879798,0.6338199988042247,0.03316992494160369,1086.8552134558615,845.0880207557859
fold_06,rolling_7d,exclude_outage_severe,decomp_ewm7_fourier2,outer,7,445.82571808647765,1808.1998597068355,14.724535904368988,0.7232943223278445,0.03726351449408006,379.19053099794036,138.5732803910624
fold_06,rolling_7d,exclude_outage_severe,decomp_ewm7_daytype_shrunk,core,7,2907.424695619954,27104.05970839121,56.37456160846657,0.5195642337384173,0.027174179521600193,1748.825292933569,2002.9399522941687
fold_06,rolling_7d,exclude_outage_severe,decomp_ewm7_daytype_shrunk,near,7,1371.9948343185272,10581.769229524754,35.47490290879798,0.572083731455376,0.030052775547958887,947.3772669965877,845.0880207557859
fold_06,rolling_7d,exclude_outage_severe,decomp_ewm7_daytype_shrunk,outer,7,448.2852863053113,1808.1998597068355,14.724535904368988,0.7184691438481731,0.03711603336368833,383.8073295636938,138.5732803910624
fold_06,rolling_7d,quality_weighted,decomp_mean_mean,core,7,3059.970136250803,30665.84688090738,59.72049689440995,0.5148296226849415,0.027143269706386166,1759.346711403944,2309.2393322144185
fold_06,rolling_7d,quality_weighted,decomp_mean_mean,near,7,1462.55587996837,12145.25897920605,38.17391304347826,0.5825218312749998,0.030329566549341998,971.1993250607234,1003.0132915615869
fold_06,rolling_7d,quality_weighted,decomp_mean_mean,outer,7,460.38898472502063,1928.2703213610584,15.534161490683228,0.7258563413175414,0.0372908708713418,378.5386808133935,152.1489687818242
fold_06,rolling_7d,quality_weighted,decomp_recent7_mean,core,7,2655.898686775915,21911.857142857145,47.979591836734684,0.5148296226849415,0.027143269706386166,1759.346711403944,1487.238782752875
fold_06,rolling_7d,quality_weighted,decomp_recent7_mean,near,7,1303.3996047490996,9299.142857142859,32.3265306122449,0.5825218312749998,0.030329566549341998,971.1993250607234,687.7504101660776
fold_06,rolling_7d,quality_weighted,decomp_recent7_mean,outer,7,440.89278451278324,1735.0,13.857142857142858,0.7258563413175414,0.0372908708713418,378.5386808133935,128.26367786884947
fold_06,rolling_7d,quality_weighted,decomp_recent7_recent7,core,7,3233.0961400621204,21911.857142857145,47.979591836734684,0.5966022759511939,0.03068779870180589,2278.095808391386,1487.238782752875
fold_06,rolling_7d,quality_weighted,decomp_recent7_recent7,near,7,1547.7296581979122,9299.142857142859,32.3265306122449,0.6470152574009136,0.03378509931828953,1181.258283521365,687.7504101660776
fold_06,rolling_7d,quality_weighted,decomp_recent7_recent7,outer,7,475.7215873015873,1735.0,13.857142857142858,0.7526095804345695,0.03851507633321194,428.20885014474413,128.26367786884947
fold_06,rolling_7d,quality_weighted,decomp_ewm7_mean,core,7,2931.5598782714164,27905.313026152457,57.201855282107466,0.5148296226849415,0.027143269706386166,1759.346711403944,2073.295129837242
fold_06,rolling_7d,quality_weighted,decomp_ewm7_mean,near,7,1407.242513141758,11119.799703766821,36.517300075443,0.5825218312749998,0.030329566549341998,971.1993250607234,901.2795900954692
fold_06,rolling_7d,quality_weighted,decomp_ewm7_mean,outer,7,452.6991640358385,1839.9590949602796,14.974647993768107,0.7258563413175414,0.0372908708713418,378.5386808133935,142.3597292100131
fold_06,rolling_7d,quality_weighted,decomp_ewm7_recent7,core,7,3725.655317948463,27905.313026152457,57.201855282107466,0.5966022759511939,0.03068779870180589,2278.095808391386,2073.295129837242
fold_06,rolling_7d,quality_weighted,decomp_ewm7_recent7,near,7,1719.4851469700109,11119.799703766821,36.517300075443,0.6470152574009136,0.03378509931828953,1181.258283521365,901.2795900954692
fold_06,rolling_7d,quality_weighted,decomp_ewm7_recent7,outer,7,491.71189749745787,1839.9590949602796,14.974647993768107,0.7526095804345695,0.03851507633321194,428.20885014474413,142.3597292100131
fold_06,rolling_7d,quality_weighted,decomp_mean_fourier2,core,7,3643.662701587362,30665.84688090738,59.72049689440995,0.6292611224460004,0.031617241510033964,2380.260670074378,2309.2393322144185
fold_06,rolling_7d,quality_weighted,decomp_mean_fourier2,near,7,1581.077452487252,12145.25897920605,38.17391304347826,0.6329321082816293,0.03314633836089395,1089.666468495598,1003.0132915615869
fold_06,rolling_7d,quality_weighted,decomp_mean_fourier2,outer,7,452.86551297752067,1928.2703213610584,15.534161490683228,0.7219976781657067,0.03720873284322945,376.6331253288149,152.1489687818242
fold_06,rolling_7d,quality_weighted,decomp_ewm7_fourier2,core,7,3529.5425687063853,27905.313026152457,57.201855282107466,0.6292611224460004,0.031617241510033964,2380.260670074378,2073.295129837242
fold_06,rolling_7d,quality_weighted,decomp_ewm7_fourier2,near,7,1534.7224985668008,11119.799703766821,36.517300075443,0.6329321082816293,0.03314633836089395,1089.666468495598,901.2795900954692
fold_06,rolling_7d,quality_weighted,decomp_ewm7_fourier2,outer,7,446.4695159258641,1839.9590949602796,14.974647993768107,0.7219976781657067,0.03720873284322945,376.6331253288149,142.3597292100131
fold_06,rolling_7d,quality_weighted,decomp_ewm7_daytype_shrunk,core,7,2923.39892852518,27905.313026152457,57.201855282107466,0.5172208368246579,0.02707734888571606,1727.9483349470565,2073.295129837242
fold_06,rolling_7d,quality_weighted,decomp_ewm7_daytype_shrunk,near,7,1408.7538513852433,11119.799703766821,36.517300075443,0.5742263342831831,0.03009035633262263,954.5431731963,901.2795900954692
fold_06,rolling_7d,quality_weighted,decomp_ewm7_daytype_shrunk,outer,7,450.8995750955192,1839.9590949602796,14.974647993768107,0.7202215503033587,0.03720010982393066,382.0805385457691,142.3597292100131
fold_07,rolling_7d,all,decomp_mean_mean,core,7,2758.596129205408,18700.9375,42.464285714285715,0.4881115423287171,0.02560016468880141,2023.754681705058,1194.3520792412276
fold_07,rolling_7d,all,decomp_mean_mean,near,7,1407.5641316186773,8811.27734375,31.133928571428573,0.5554585437395942,0.028660357518502676,1088.7272754424257,629.668284272724
fold_07,rolling_7d,all,decomp_mean_mean,outer,7,487.7488061466667,1655.24609375,13.169642857142858,0.7030840465850627,0.03598910611392734,445.9986485474939,109.7835017956486
fold_07,rolling_7d,all,decomp_recent7_mean,core,7,3322.9393836746613,33230.71428571429,58.55102040816326,0.4881115423287171,0.02560016468880141,2023.754681705058,1837.6510409843752
fold_07,rolling_7d,all,decomp_recent7_mean,near,7,1692.3005154892537,15534.0,39.714285714285715,0.5554585437395942,0.028660357518502676,1088.7272754424257,932.7818133403798
fold_07,rolling_7d,all,decomp_recent7_mean,outer,7,490.78658862524753,2450.857142857143,14.73469387755102,0.7030840465850627,0.03598910611392734,445.9986485474939,155.01726789819642
fold_07,rolling_7d,all,decomp_recent7_recent7,core,7,3498.0426201196624,33230.71428571429,58.55102040816326,0.5407795933902976,0.028116900684079484,2572.565817952634,1837.6510409843752
fold_07,rolling_7d,all,decomp_recent7_recent7,near,7,1705.3106619888458,15534.0,39.714285714285715,0.5681509656432175,0.029557067547722395,1188.8003042093862,932.7818133403798
fold_07,rolling_7d,all,decomp_recent7_recent7,outer,7,570.5153933633119,2450.857142857143,14.73469387755102,0.789750841022526,0.04081466171420545,610.8789024842424,155.01726789819642
fold_07,rolling_7d,all,decomp_ewm7_mean,core,7,2840.2401191948193,21654.320819026,47.83466083881891,0.4881115423287171,0.02560016468880141,2023.754681705058,1261.8414037953225
fold_07,rolling_7d,all,decomp_ewm7_mean,near,7,1459.5327283445113,10295.8776800489,32.82035956702888,0.5554585437395942,0.028660357518502676,1088.7272754424257,663.2070171238436
fold_07,rolling_7d,all,decomp_ewm7_mean,outer,7,483.47988102936154,1940.9859748154347,13.676506057798122,0.7030840465850627,0.03598910611392734,445.9986485474939,124.66471611975261
fold_07,rolling_7d,all,decomp_ewm7_recent7,core,7,3158.594077098146,21654.320819026,47.83466083881891,0.5407795933902976,0.028116900684079484,2572.565817952634,1261.8414037953225
fold_07,rolling_7d,all,decomp_ewm7_recent7,near,7,1501.4960911138185,10295.8776800489,32.82035956702888,0.5681509656432175,0.029557067547722395,1188.8003042093862,663.2070171238436
fold_07,rolling_7d,all,decomp_ewm7_recent7,outer,7,582.2378367764973,1940.9859748154347,13.676506057798122,0.789750841022526,0.04081466171420545,610.8789024842424,124.66471611975261
fold_07,rolling_7d,all,decomp_mean_fourier2,core,7,3268.2802421575634,18700.9375,42.464285714285715,0.5847686981246573,0.029059528982341064,2501.3370120186996,1194.3520792412276
fold_07,rolling_7d,all,decomp_mean_fourier2,near,7,1609.0328039973012,8811.27734375,31.133928571428573,0.6104313835716745,0.03161560830137157,1271.7207306701366,629.668284272724
fold_07,rolling_7d,all,decomp_mean_fourier2,outer,7,488.0526414593689,1655.24609375,13.169642857142858,0.7013819086472147,0.03589817707601516,445.20493645113714,109.7835017956486
fold_07,rolling_7d,all,decomp_ewm7_fourier2,core,7,3379.8801851544263,21654.320819026,47.83466083881891,0.5847686981246573,0.029059528982341064,2501.3370120186996,1261.8414037953225
fold_07,rolling_7d,all,decomp_ewm7_fourier2,near,7,1666.9147277079562,10295.8776800489,32.82035956702888,0.6104313835716745,0.03161560830137157,1271.7207306701366,663.2070171238436
fold_07,rolling_7d,all,decomp_ewm7_fourier2,outer,7,486.68516130549483,1940.9859748154347,13.676506057798122,0.7013819086472147,0.03589817707601516,445.20493645113714,124.66471611975261
fold_07,rolling_7d,all,decomp_ewm7_daytype_shrunk,core,7,2889.46380559749,21654.320819026,47.83466083881891,0.4942411256045092,0.026037147826902925,2122.7815869008164,1261.8414037953225
fold_07,rolling_7d,all,decomp_ewm7_daytype_shrunk,near,7,1458.679473981767,10295.8776800489,32.82035956702888,0.5431742616271465,0.028343291749757287,1105.0402121540953,663.2070171238436
fold_07,rolling_7d,all,decomp_ewm7_daytype_shrunk,outer,7,486.5251353455983,1940.9859748154347,13.676506057798122,0.7002251463054768,0.03592862603787951,467.43668180861783,124.66471611975261
fold_07,rolling_7d,exclude_outage_severe,decomp_mean_mean,core,7,2802.6305085790955,22602.38194444444,47.67857142857141,0.4741276391197132,0.024766033459296403,1822.9590774485023,1588.2360707429789
fold_07,rolling_7d,exclude_outage_severe,decomp_mean_mean,near,7,1415.8432254095608,9582.715277777776,32.29761904761905,0.544637044952172,0.028234576710043927,1032.2492397263413,767.1329369504432
fold_07,rolling_7d,exclude_outage_severe,decomp_mean_mean,outer,7,455.5670585234208,1589.75,13.785714285714286,0.6669291974710717,0.03410544394803282,390.6510851494577,110.66372518238633
fold_07,rolling_7d,exclude_outage_severe,decomp_recent7_mean,core,7,2608.0864907726127,18970.0,42.857142857142854,0.4741276391197132,0.024766033459296403,1822.9590774485023,1179.543970436409
fold_07,rolling_7d,exclude_outage_severe,decomp_recent7_mean,near,7,1412.7217989877577,9834.444444444443,32.476190476190474,0.544637044952172,0.028234576710043927,1032.2492397263413,645.2787537357177
fold_07,rolling_7d,exclude_outage_severe,decomp_recent7_mean,outer,7,445.625110999165,1719.0,13.285714285714286,0.6669291974710717,0.03410544394803282,390.6510851494577,112.71128041329125
fold_07,rolling_7d,exclude_outage_severe,decomp_recent7_recent7,core,7,3005.843602012462,18970.0,42.857142857142854,0.5216443662401673,0.027521534522033243,2330.0909039447333,1179.543970436409
fold_07,rolling_7d,exclude_outage_severe,decomp_recent7_recent7,near,7,1537.7408863658227,9834.444444444443,32.476190476190474,0.5835784620673188,0.030621388951206176,1250.06412184228,645.2787537357177
fold_07,rolling_7d,exclude_outage_severe,decomp_recent7_recent7,outer,7,511.3409758965315,1719.0,13.285714285714286,0.7245120742802545,0.036842145928907354,500.5663973922903,112.71128041329125
fold_07,rolling_7d,exclude_outage_severe,decomp_ewm7_mean,core,7,2711.5210212427755,20777.55670789703,45.077234821869816,0.4741276391197132,0.024766033459296403,1822.9590774485023,1435.169556513676
fold_07,rolling_7d,exclude_outage_severe,decomp_ewm7_mean,near,7,1385.2093882671031,9022.562175543433,31.634491445789802,0.544637044952172,0.028234576710043927,1032.2492397263413,700.3053686311272
fold_07,rolling_7d,exclude_outage_severe,decomp_ewm7_mean,outer,7,450.8177601006819,1582.8605015359544,13.57484530145633,0.6669291974710717,0.03410544394803282,390.6510851494577,108.33024631936667
fold_07,rolling_7d,exclude_outage_severe,decomp_ewm7_recent7,core,7,3333.076799412008,20777.55670789703,45.077234821869816,0.5216443662401673,0.027521534522033243,2330.0909039447333,1435.169556513676
fold_07,rolling_7d,exclude_outage_severe,decomp_ewm7_recent7,near,7,1608.067428973232,9022.562175543433,31.634491445789802,0.5835784620673188,0.030621388951206176,1250.06412184228,700.3053686311272
fold_07,rolling_7d,exclude_outage_severe,decomp_ewm7_recent7,outer,7,530.3742448058526,1582.8605015359544,13.57484530145633,0.7245120742802545,0.036842145928907354,500.5663973922903,108.33024631936667
fold_07,rolling_7d,exclude_outage_severe,decomp_mean_fourier2,core,7,3364.201349348931,22602.38194444444,47.67857142857141,0.5796801386472238,0.028698672184215172,2427.426380241226,1588.2360707429789
fold_07,rolling_7d,exclude_outage_severe,decomp_mean_fourier2,near,7,1619.7703410345946,9582.715277777776,32.29761904761905,0.6104716638810589,0.0313966503074248,1233.9176786571747,767.1329369504432
fold_07,rolling_7d,exclude_outage_severe,decomp_mean_fourier2,outer,7,454.5308791401648,1589.75,13.785714285714286,0.664075125470288,0.03418011521508396,391.9286511026482,110.66372518238633
fold_07,rolling_7d,exclude_outage_severe,decomp_ewm7_fourier2,core,7,3289.3998695432124,20777.55670789703,45.077234821869816,0.5796801386472238,0.028698672184215172,2427.426380241226,1435.169556513676
fold_07,rolling_7d,exclude_outage_severe,decomp_ewm7_fourier2,near,7,1595.377785705607,9022.562175543433,31.634491445789802,0.6104716638810589,0.0313966503074248,1233.9176786571747,700.3053686311272
fold_07,rolling_7d,exclude_outage_severe,decomp_ewm7_fourier2,outer,7,451.1351769330489,1582.8605015359544,13.57484530145633,0.664075125470288,0.03418011521508396,391.9286511026482,108.33024631936667
fold_07,rolling_7d,exclude_outage_severe,decomp_ewm7_daytype_shrunk,core,7,2716.1868583490204,20777.55670789703,45.077234821869816,0.4771901625691773,0.024802218225295613,1805.6720546170768,1435.169556513676
fold_07,rolling_7d,exclude_outage_severe,decomp_ewm7_daytype_shrunk,near,7,1381.1784519438484,9022.562175543433,31.634491445789802,0.5353580740844868,0.027992144216738266,1013.4106026562102,700.3053686311272
fold_07,rolling_7d,exclude_outage_severe,decomp_ewm7_daytype_shrunk,outer,7,449.778617253638,1582.8605015359544,13.57484530145633,0.6626763205438849,0.03401786355191952,394.49096733678715,108.33024631936667
fold_07,rolling_7d,quality_weighted,decomp_mean_mean,core,7,2802.963482953529,23090.19470699433,48.2919254658385,0.4707026686314852,0.024669313533556347,1802.3878516534214,1627.503730975876
fold_07,rolling_7d,quality_weighted,decomp_mean_mean,near,7,1440.650800083672,9855.519848771266,32.534161490683225,0.5480170077479887,0.028334191427056298,1040.3059727413715,796.0766357105842
fold_07,rolling_7d,quality_weighted,decomp_mean_mean,outer,7,453.5280533675476,1597.1398865784502,13.84472049689441,0.6653068803222386,0.034010747292707644,385.19318382296706,111.69542896034297
fold_07,rolling_7d,quality_weighted,decomp_recent7_mean,core,7,2586.2935195816026,18919.72,42.771428571428565,0.4707026686314852,0.024669313533556347,1802.3878516534214,1180.0101857511697
fold_07,rolling_7d,quality_weighted,decomp_recent7_mean,near,7,1397.442076784766,9382.320000000002,32.05714285714286,0.5480170077479887,0.028334191427056298,1040.3059727413715,631.1232974072511
fold_07,rolling_7d,quality_weighted,decomp_recent7_mean,outer,7,442.98051533277135,1673.88,13.171428571428573,0.6653068803222386,0.034010747292707644,385.19318382296706,110.58841339725502
fold_07,rolling_7d,quality_weighted,decomp_recent7_recent7,core,7,2956.4013350534588,18919.72,42.771428571428565,0.5186827946388722,0.027323559706324108,2285.316209546832,1180.0101857511697
fold_07,rolling_7d,quality_weighted,decomp_recent7_recent7,near,7,1511.0315305090885,9382.320000000002,32.05714285714286,0.5796456717320896,0.030439862737059068,1229.09727515478,631.1232974072511
fold_07,rolling_7d,quality_weighted,decomp_recent7_recent7,outer,7,516.4055619047618,1673.88,13.171428571428573,0.7282042491579415,0.037101560885066595,499.25910430839,110.58841339725502
fold_07,rolling_7d,quality_weighted,decomp_ewm7_mean,core,7,2713.187865219993,21269.953720832335,45.77328385353605,0.4707026686314852,0.024669313533556347,1802.3878516534214,1477.7392456793789
fold_07,rolling_7d,quality_weighted,decomp_ewm7_mean,near,7,1408.6593217744498,9278.450483346913,31.981957168004815,0.5480170077479887,0.028334191427056298,1040.3059727413715,732.6901672247094
fold_07,rolling_7d,quality_weighted,decomp_ewm7_mean,outer,7,449.104288505197,1581.9384237745803,13.658215997922701,0.6653068803222386,0.034010747292707644,385.19318382296706,109.00001497711025
fold_07,rolling_7d,quality_weighted,decomp_ewm7_recent7,core,7,3341.762862113807,21269.953720832335,45.77328385353605,0.5186827946388722,0.027323559706324108,2285.316209546832,1477.7392456793789
fold_07,rolling_7d,quality_weighted,decomp_ewm7_recent7,near,7,1620.8580157818456,9278.450483346913,31.981957168004815,0.5796456717320896,0.030439862737059068,1229.09727515478,732.6901672247094
fold_07,rolling_7d,quality_weighted,decomp_ewm7_recent7,outer,7,536.4838552901722,1581.9384237745803,13.658215997922701,0.7282042491579415,0.037101560885066595,499.25910430839,109.00001497711025
fold_07,rolling_7d,quality_weighted,decomp_mean_fourier2,core,7,3373.8026644502697,23090.19470699433,48.2919254658385,0.5777414788271164,0.028642380215932538,2417.747404628149,1627.503730975876
fold_07,rolling_7d,quality_weighted,decomp_mean_fourier2,near,7,1634.8151423574732,9855.519848771266,32.534161490683225,0.6097720960327099,0.03140204543470363,1236.9626758669792,796.0766357105842
fold_07,rolling_7d,quality_weighted,decomp_mean_fourier2,outer,7,452.8452613826053,1597.1398865784502,13.84472049689441,0.6615840954971282,0.03407430540795856,388.76740592258403,111.69542896034297
fold_07,rolling_7d,quality_weighted,decomp_ewm7_fourier2,core,7,3298.774009737053,21269.953720832335,45.77328385353605,0.5777414788271164,0.028642380215932538,2417.747404628149,1477.7392456793789
fold_07,rolling_7d,quality_weighted,decomp_ewm7_fourier2,near,7,1608.9635469567072,9278.450483346913,31.981957168004815,0.6097720960327099,0.03140204543470363,1236.9626758669792,732.6901672247094
fold_07,rolling_7d,quality_weighted,decomp_ewm7_fourier2,outer,7,449.52080630756217,1581.9384237745803,13.658215997922701,0.6615840954971282,0.03407430540795856,388.76740592258403,109.00001497711025
fold_07,rolling_7d,quality_weighted,decomp_ewm7_daytype_shrunk,core,7,2714.728434261857,21269.953720832335,45.77328385353605,0.4729367126756404,0.024682664239221268,1779.0899663713462,1477.7392456793789
fold_07,rolling_7d,quality_weighted,decomp_ewm7_daytype_shrunk,near,7,1403.2926038789064,9278.450483346913,31.981957168004815,0.5384069621025478,0.028071494328993696,1018.5773995610737,732.6901672247094
fold_07,rolling_7d,quality_weighted,decomp_ewm7_daytype_shrunk,outer,7,448.3196636702453,1581.9384237745803,13.658215997922701,0.6608231972942203,0.03394254795094114,389.944407895628,109.00001497711025
fold_08,rolling_7d,all,decomp_mean_mean,core,7,2998.7182872697963,17506.128027681658,41.319327731092436,0.47284756100889636,0.02435730046369165,2471.10742931674,978.4055332039392
fold_08,rolling_7d,all,decomp_mean_mean,near,7,1552.9702530532898,8290.743944636677,30.3781512605042,0.5227525385280828,0.02688717881148541,1296.2648016663532,512.3814536047109
fold_08,rolling_7d,all,decomp_mean_mean,outer,7,459.32617761659304,1397.9065743944634,11.117647058823527,0.6411894046791919,0.03298704795037054,439.99240136419616,87.53300005451081
fold_08,rolling_7d,all,decomp_recent7_mean,core,7,4538.977662996159,55056.14285714286,77.57142857142857,0.47284756100889636,0.02435730046369165,2471.10742931674,2972.1239313598426
fold_08,rolling_7d,all,decomp_recent7_mean,near,7,2244.480115405145,24048.857142857145,51.02040816326531,0.5227525385280828,0.02688717881148541,1296.2648016663532,1426.6495629642545
fold_08,rolling_7d,all,decomp_recent7_mean,outer,7,491.96494105955946,2592.7142857142853,15.122448979591836,0.6411894046791919,0.03298704795037054,439.99240136419616,162.82631398432852
fold_08,rolling_7d,all,decomp_recent7_recent7,core,7,4786.187433484746,55056.14285714286,77.57142857142857,0.566193667231239,0.028604035178430444,3495.6275859409684,2972.1239313598426
fold_08,rolling_7d,all,decomp_recent7_recent7,near,7,2273.3071673953855,24048.857142857145,51.02040816326531,0.5440673992874224,0.028418293823115594,1471.973447928869,1426.6495629642545
fold_08,rolling_7d,all,decomp_recent7_recent7,outer,7,557.6512226085989,2592.7142857142853,15.122448979591836,0.7218358058274008,0.037729090969279254,600.9921660467954,162.82631398432852
fold_08,rolling_7d,all,decomp_ewm7_mean,core,7,3419.794853725829,28621.185338875737,55.568093355309756,0.47284756100889636,0.02435730046369165,2471.10742931674,1539.1844436288607
fold_08,rolling_7d,all,decomp_ewm7_mean,near,7,1744.373809220665,12933.922727751133,37.26577182746906,0.5227525385280828,0.02688717881148541,1296.2648016663532,768.5508195128774
fold_08,rolling_7d,all,decomp_ewm7_mean,outer,7,473.76053287650285,2014.2353733986286,13.072674031518691,0.6411894046791919,0.03298704795037054,439.99240136419616,125.87507145757247
fold_08,rolling_7d,all,decomp_ewm7_recent7,core,7,3891.7829665605223,28621.185338875737,55.568093355309756,0.566193667231239,0.028604035178430444,3495.6275859409684,1539.1844436288607
fold_08,rolling_7d,all,decomp_ewm7_recent7,near,7,1811.7205882803041,12933.922727751133,37.26577182746906,0.5440673992874224,0.028418293823115594,1471.973447928869,768.5508195128774
fold_08,rolling_7d,all,decomp_ewm7_recent7,outer,7,552.7274842498263,2014.2353733986286,13.072674031518691,0.7218358058274008,0.037729090969279254,600.9921660467954,125.87507145757247
fold_08,rolling_7d,all,decomp_mean_fourier2,core,7,3454.956524088781,17506.128027681658,41.319327731092436,0.5399913796759817,0.026569748311335108,2740.655654403321,978.4055332039392
fold_08,rolling_7d,all,decomp_mean_fourier2,near,7,1774.4491543572215,8290.743944636677,30.3781512605042,0.5636381103560507,0.02931421103360863,1475.3757222304405,512.3814536047109
fold_08,rolling_7d,all,decomp_mean_fourier2,outer,7,456.4232562056166,1397.9065743944634,11.117647058823527,0.6317259704695041,0.03237633646063075,431.8600377314151,87.53300005451081
fold_08,rolling_7d,all,decomp_ewm7_fourier2,core,7,3910.642753278182,28621.185338875737,55.568093355309756,0.5399913796759817,0.026569748311335108,2740.655654403321,1539.1844436288607
fold_08,rolling_7d,all,decomp_ewm7_fourier2,near,7,1967.6492844137856,12933.922727751133,37.26577182746906,0.5636381103560507,0.02931421103360863,1475.3757222304405,768.5508195128774
fold_08,rolling_7d,all,decomp_ewm7_fourier2,outer,7,474.4519702805943,2014.2353733986286,13.072674031518691,0.6317259704695041,0.03237633646063075,431.8600377314151,125.87507145757247
fold_08,rolling_7d,all,decomp_ewm7_daytype_shrunk,core,7,3447.8188039176885,28621.185338875737,55.568093355309756,0.4752538656166504,0.024734171961104282,2561.330088016733,1539.1844436288607
fold_08,rolling_7d,all,decomp_ewm7_daytype_shrunk,near,7,1733.8853702463693,12933.922727751133,37.26577182746906,0.5120887355165264,0.026552712542943058,1300.3302455956346,768.5508195128774
fold_08,rolling_7d,all,decomp_ewm7_daytype_shrunk,outer,7,479.64994290867025,2014.2353733986286,13.072674031518691,0.6406228791175458,0.033103253918950915,465.269955544985,125.87507145757247
fold_08,rolling_7d,exclude_outage_severe,decomp_mean_mean,core,7,2697.5643885017007,13034.548611111111,37.84523809523809,0.44735080184291637,0.023269232617218576,2229.082198188721,847.3982438395637
fold_08,rolling_7d,exclude_outage_severe,decomp_mean_mean,near,7,1417.7149460011096,5956.381944444444,26.273809523809526,0.5112120988282562,0.026250265757551978,1210.9516320102389,420.3461249002535
fold_08,rolling_7d,exclude_outage_severe,decomp_mean_mean,outer,7,432.22931278496117,1043.75,10.785714285714286,0.6247356659098621,0.031946170865472336,401.7746677605943,67.74130061963406
fold_08,rolling_7d,exclude_outage_severe,decomp_recent7_mean,core,7,2934.877477292497,19943.75,44.357142857142854,0.44735080184291637,0.023269232617218576,2229.082198188721,1095.3589548098175
fold_08,rolling_7d,exclude_outage_severe,decomp_recent7_mean,near,7,1693.4247836792133,12425.0,36.42857142857143,0.5112120988282562,0.026250265757551978,1210.9516320102389,739.4560179594246
fold_08,rolling_7d,exclude_outage_severe,decomp_recent7_mean,outer,7,432.92778826820455,1032.0,10.857142857142858,0.6247356659098621,0.031946170865472336,401.7746677605943,67.33849985360726
fold_08,rolling_7d,exclude_outage_severe,decomp_recent7_recent7,core,7,3621.4019524231408,19943.75,44.357142857142854,0.5501990365615427,0.02820760500888157,3392.5935706102873,1095.3589548098175
fold_08,rolling_7d,exclude_outage_severe,decomp_recent7_recent7,near,7,2127.6079203227246,12425.0,36.42857142857143,0.6667395557190263,0.03436435395276459,2122.3409057108865,739.4560179594246
fold_08,rolling_7d,exclude_outage_severe,decomp_recent7_recent7,outer,7,553.129794973545,1032.0,10.857142857142858,0.7121665921026039,0.03648345537000303,551.8498441043085,67.33849985360726
fold_08,rolling_7d,exclude_outage_severe,decomp_ewm7_mean,core,7,2679.0410547385286,12982.257744538376,37.06562232098734,0.44735080184291637,0.023269232617218576,2229.082198188721,814.9605035561408
fold_08,rolling_7d,exclude_outage_severe,decomp_ewm7_mean,near,7,1422.645738589872,6194.634474812509,26.936937125638767,0.5112120988282562,0.026250265757551978,1210.9516320102389,419.3386084974877
fold_08,rolling_7d,exclude_outage_severe,decomp_ewm7_mean,outer,7,431.1892888708705,1098.8559829077938,10.57484530145633,0.6247356659098621,0.031946170865472336,401.7746677605943,70.32072328574903
fold_08,rolling_7d,exclude_outage_severe,decomp_ewm7_recent7,core,7,3737.1208627670558,12982.257744538376,37.06562232098734,0.5501990365615427,0.02820760500888157,3392.5935706102873,814.9605035561408
fold_08,rolling_7d,exclude_outage_severe,decomp_ewm7_recent7,near,7,2188.351780456137,6194.634474812509,26.936937125638767,0.6667395557190263,0.03436435395276459,2122.3409057108865,419.3386084974877
fold_08,rolling_7d,exclude_outage_severe,decomp_ewm7_recent7,outer,7,539.9678053092412,1098.8559829077938,10.57484530145633,0.7121665921026039,0.03648345537000303,551.8498441043085,70.32072328574903
fold_08,rolling_7d,exclude_outage_severe,decomp_mean_fourier2,core,7,3202.1531927043825,13034.548611111111,37.84523809523809,0.5310072425762057,0.02616023953069926,2667.0447637382586,847.3982438395637
fold_08,rolling_7d,exclude_outage_severe,decomp_mean_fourier2,near,7,1637.3896963886923,5956.381944444444,26.273809523809526,0.5582212147966891,0.02884645156020302,1407.5902191421212,420.3461249002535
fold_08,rolling_7d,exclude_outage_severe,decomp_mean_fourier2,outer,7,423.4837789061458,1043.75,10.785714285714286,0.6101622374540269,0.03135855121728464,393.99875735329414,67.74130061963406
fold_08,rolling_7d,exclude_outage_severe,decomp_ewm7_fourier2,core,7,3202.1543510929464,12982.257744538376,37.06562232098734,0.5310072425762057,0.02616023953069926,2667.0447637382586,814.9605035561408
fold_08,rolling_7d,exclude_outage_severe,decomp_ewm7_fourier2,near,7,1647.8457005320965,6194.634474812509,26.936937125638767,0.5582212147966891,0.02884645156020302,1407.5902191421212,419.3386084974877
fold_08,rolling_7d,exclude_outage_severe,decomp_ewm7_fourier2,outer,7,424.04745332333385,1098.8559829077938,10.57484530145633,0.6101622374540269,0.03135855121728464,393.99875735329414,70.32072328574903
fold_08,rolling_7d,exclude_outage_severe,decomp_ewm7_daytype_shrunk,core,7,2655.7799017055904,12982.257744538376,37.06562232098734,0.4478688453421345,0.023171230127593,2188.910919814677,814.9605035561408
fold_08,rolling_7d,exclude_outage_severe,decomp_ewm7_daytype_shrunk,near,7,1406.5960030209587,6194.634474812509,26.936937125638767,0.5006007255999346,0.025963594159786996,1181.9644512403472,419.3386084974877
fold_08,rolling_7d,exclude_outage_severe,decomp_ewm7_daytype_shrunk,outer,7,431.3542768570092,1098.8559829077938,10.57484530145633,0.6213813647872664,0.031925437225058674,406.1330380255922,70.32072328574903
fold_08,rolling_7d,quality_weighted,decomp_mean_mean,core,7,2665.892563229664,13064.094456004757,37.91995073891626,0.44397397228092617,0.023105857749960462,2199.1018552609653,851.5608644899473
fold_08,rolling_7d,quality_weighted,decomp_mean_mean,near,7,1429.1468508296205,5944.173602853746,26.118226600985224,0.5138790771789554,0.026347093715263215,1223.162032731905,423.4398674697341
fold_08,rolling_7d,quality_weighted,decomp_mean_mean,outer,7,426.44599029367765,1038.4634363852554,10.815270935960593,0.6198363733301392,0.031700030557238454,393.92755321991797,67.54572010042439
fold_08,rolling_7d,quality_weighted,decomp_recent7_mean,core,7,3010.194963158815,22365.83984375,47.973214285714285,0.44397397228092617,0.023105857749960462,2199.1018552609653,1216.106863247507
fold_08,rolling_7d,quality_weighted,decomp_recent7_mean,near,7,1684.445776245654,12161.484375,35.982142857142854,0.5138790771789554,0.026347093715263215,1223.162032731905,724.455702329058
fold_08,rolling_7d,quality_weighted,decomp_recent7_mean,outer,7,429.8263844720539,1017.984375,11.089285714285714,0.6198363733301392,0.031700030557238454,393.92755321991797,67.67528877555185
fold_08,rolling_7d,quality_weighted,decomp_recent7_recent7,core,7,3464.5657281378776,22365.83984375,47.973214285714285,0.5217473255771491,0.027095723296111235,3162.7796169103203,1216.106863247507
fold_08,rolling_7d,quality_weighted,decomp_recent7_recent7,near,7,2088.3797340761826,12161.484375,35.982142857142854,0.6534983018099145,0.03404447967396953,2082.6956002074085,724.455702329058
fold_08,rolling_7d,quality_weighted,decomp_recent7_recent7,outer,7,518.7710327274543,1017.984375,11.089285714285714,0.6807017424718289,0.03482990784017411,498.2212458610338,67.67528877555185
fold_08,rolling_7d,quality_weighted,decomp_ewm7_mean,core,7,2645.7904896869804,12997.458065837167,37.12108941828723,0.44397397228092617,0.023105857749960462,2199.1018552609653,814.0784729186188
fold_08,rolling_7d,quality_weighted,decomp_ewm7_mean,near,7,1429.3693175143521,6118.512587605664,26.795506619878648,0.5138790771789554,0.026347093715263215,1223.162032731905,417.898352149582
fold_08,rolling_7d,quality_weighted,decomp_ewm7_mean,outer,7,425.5820725734018,1096.1794101381593,10.582934519488758,0.6198363733301392,0.031700030557238454,393.92755321991797,70.18346281086642
fold_08,rolling_7d,quality_weighted,decomp_ewm7_recent7,core,7,3482.8487572965505,12997.458065837167,37.12108941828723,0.5217473255771491,0.027095723296111235,3162.7796169103203,814.0784729186188
fold_08,rolling_7d,quality_weighted,decomp_ewm7_recent7,near,7,2163.3893255819157,6118.512587605664,26.795506619878648,0.6534983018099145,0.03404447967396953,2082.6956002074085,417.898352149582
fold_08,rolling_7d,quality_weighted,decomp_ewm7_recent7,outer,7,499.0423340703687,1096.1794101381593,10.582934519488758,0.6807017424718289,0.03482990784017411,498.2212458610338,70.18346281086642
fold_08,rolling_7d,quality_weighted,decomp_mean_fourier2,core,7,3187.6573484096457,13064.094456004757,37.91995073891626,0.5291853641139829,0.02608537814304216,2654.7327587845894,851.5608644899473
fold_08,rolling_7d,quality_weighted,decomp_mean_fourier2,near,7,1641.4191196225775,5944.173602853746,26.118226600985224,0.558184680035792,0.02887929039109089,1414.5895406849577,423.4398674697341
fold_08,rolling_7d,quality_weighted,decomp_mean_fourier2,outer,7,420.3353781562965,1038.4634363852554,10.815270935960593,0.6081012339597834,0.0312471294833949,390.18015966219883,67.54572010042439
fold_08,rolling_7d,quality_weighted,decomp_ewm7_fourier2,core,7,3187.3031920466206,12997.458065837167,37.12108941828723,0.5291853641139829,0.02608537814304216,2654.7327587845894,814.0784729186188
fold_08,rolling_7d,quality_weighted,decomp_ewm7_fourier2,near,7,1648.1470529451149,6118.512587605664,26.795506619878648,0.558184680035792,0.02887929039109089,1414.5895406849577,417.898352149582
fold_08,rolling_7d,quality_weighted,decomp_ewm7_fourier2,outer,7,421.0121091015282,1096.1794101381593,10.582934519488758,0.6081012339597834,0.0312471294833949,390.18015966219883,70.18346281086642
fold_08,rolling_7d,quality_weighted,decomp_ewm7_daytype_shrunk,core,7,2617.0397448767944,12997.458065837167,37.12108941828723,0.4435449320232691,0.022974793961090426,2152.5303018564764,814.0784729186188
fold_08,rolling_7d,quality_weighted,decomp_ewm7_daytype_shrunk,near,7,1411.93697638541,6118.512587605664,26.795506619878648,0.5025521430729298,0.0260436983269795,1191.6913123269553,417.898352149582
fold_08,rolling_7d,quality_weighted,decomp_ewm7_daytype_shrunk,outer,7,425.93705694338956,1096.1794101381593,10.582934519488758,0.6160568321779633,0.031687496901026124,399.19720776101474,70.18346281086642
final_analog,final_analog,all,decomp_mean_mean,core,6,2778.253048628576,16284.185185185186,41.64814814814815,0.4556664628148928,0.023462345015803854,2317.146885068344,859.0375766727745
final_analog,final_analog,all,decomp_mean_mean,near,6,1450.15428385565,7807.796296296298,31.148148148148152,0.5081632434300237,0.02564118987665476,1223.759148559833,454.9888240840992
final_analog,final_analog,all,decomp_mean_mean,outer,6,428.16233129556866,1404.6296296296296,12.314814814814815,0.6360173210955601,0.03291870725798991,412.30599254416785,87.40246168544621
final_analog,final_analog,all,decomp_recent7_mean,core,6,4663.423049565532,61768.959183673476,96.26190476190477,0.4556664628148928,0.023462345015803854,2317.146885068344,3342.8992822892324
final_analog,final_analog,all,decomp_recent7_mean,near,6,2306.1453729731957,27215.0612244898,63.71428571428572,0.5081632434300237,0.02564118987665476,1223.759148559833,1618.1320748388064
final_analog,final_analog,all,decomp_recent7_mean,outer,6,481.61126884885687,3254.6734693877547,20.07142857142857,0.6360173210955601,0.03291870725798991,412.30599254416785,205.0199135538324
final_analog,final_analog,all,decomp_recent7_recent7,core,6,4891.277717485793,61768.959183673476,96.26190476190477,0.5711042501115811,0.028498411467313006,3470.5176324535246,3342.8992822892324
final_analog,final_analog,all,decomp_recent7_recent7,near,6,2334.5008669564395,27215.0612244898,63.71428571428572,0.5455761793887822,0.027953816692341264,1476.302202417979,1618.1320748388064
final_analog,final_analog,all,decomp_recent7_recent7,outer,6,573.4421563731842,3254.6734693877547,20.07142857142857,0.783889460449816,0.041486921427984026,656.507733514889,205.0199135538324
final_analog,final_analog,all,decomp_ewm7_mean,core,6,3322.5001950768637,30207.26415170779,63.29353681903397,0.4556664628148928,0.023462345015803854,2317.146885068344,1608.834774503606
final_analog,final_analog,all,decomp_ewm7_mean,near,6,1695.66346166478,13654.474353414842,42.419481282021906,0.5081632434300237,0.02564118987665476,1223.759148559833,801.5670594843136
final_analog,final_analog,all,decomp_ewm7_mean,outer,6,442.42179957719,2023.474947785211,15.206166209910075,0.6360173210955601,0.03291870725798991,412.30599254416785,126.45633160296182
final_analog,final_analog,all,decomp_ewm7_recent7,core,6,3783.8945226498654,30207.26415170779,63.29353681903397,0.5711042501115811,0.028498411467313006,3470.5176324535246,1608.834774503606
final_analog,final_analog,all,decomp_ewm7_recent7,near,6,1773.2844750085646,13654.474353414842,42.419481282021906,0.5455761793887822,0.027953816692341264,1476.302202417979,801.5670594843136
final_analog,final_analog,all,decomp_ewm7_recent7,outer,6,569.2983339678666,2023.474947785211,15.206166209910075,0.783889460449816,0.041486921427984026,656.507733514889,126.45633160296182
final_analog,final_analog,all,decomp_mean_fourier2,core,6,3151.854329374383,16284.185185185186,41.64814814814815,0.5109860037556818,0.024690320965341444,2494.7026611537945,859.0375766727745
final_analog,final_analog,all,decomp_mean_fourier2,near,6,1646.2506194306372,7807.796296296298,31.148148148148152,0.5381772783689575,0.027548822357696862,1368.5706165286483,454.9888240840992
final_analog,final_analog,all,decomp_mean_fourier2,outer,6,427.32980673139025,1404.6296296296296,12.314814814814815,0.6286090292199314,0.032315452705456514,404.6702981485606,87.40246168544621
final_analog,final_analog,all,decomp_ewm7_fourier2,core,6,3731.4859564885237,30207.26415170779,63.29353681903397,0.5109860037556818,0.024690320965341444,2494.7026611537945,1608.834774503606
final_analog,final_analog,all,decomp_ewm7_fourier2,near,6,1892.2738254386627,13654.474353414842,42.419481282021906,0.5381772783689575,0.027548822357696862,1368.5706165286483,801.5670594843136
final_analog,final_analog,all,decomp_ewm7_fourier2,outer,6,444.1779630874168,2023.474947785211,15.206166209910075,0.6286090292199314,0.032315452705456514,404.6702981485606,126.45633160296182
final_analog,final_analog,all,decomp_ewm7_daytype_shrunk,core,6,3348.7209365347926,30207.26415170779,63.29353681903397,0.45788602218049035,0.023861417779045258,2411.9406513981335,1608.834774503606
final_analog,final_analog,all,decomp_ewm7_daytype_shrunk,near,6,1688.4570011439066,13654.474353414842,42.419481282021906,0.497094125347797,0.025369552300319707,1226.5235010850072,801.5670594843136
final_analog,final_analog,all,decomp_ewm7_daytype_shrunk,outer,6,447.11289317412536,2023.474947785211,15.206166209910075,0.6358227548038039,0.0329708428237785,435.60899027137424,126.45633160296182
final_analog,final_analog,exclude_outage_severe,decomp_mean_mean,core,6,2317.8579169468394,6647.875000000001,30.833333333333332,0.43435960032295595,0.022479324795404942,2096.23417898523,373.1044552593169
final_analog,final_analog,exclude_outage_severe,decomp_mean_mean,near,6,1235.1237415879655,3448.041666666667,22.305555555555557,0.49280518020649167,0.024857732655646836,1133.2361953067737,206.9887787874987
final_analog,final_analog,exclude_outage_severe,decomp_mean_mean,outer,6,381.5558995611025,933.5,10.833333333333334,0.6017566193328885,0.030796985923947102,357.4205026433332,58.47130061963406
final_analog,final_analog,exclude_outage_severe,decomp_recent7_mean,core,6,2685.981801490185,16671.0,42.166666666666664,0.43435960032295595,0.022479324795404942,2096.23417898523,879.5533790064792
final_analog,final_analog,exclude_outage_severe,decomp_recent7_mean,near,6,1816.4305804504618,16682.0,48.0,0.49280518020649167,0.024857732655646836,1133.2361953067737,982.86902843439
final_analog,final_analog,exclude_outage_severe,decomp_recent7_mean,outer,6,407.7632798860165,1931.0,14.833333333333334,0.6017566193328885,0.030796985923947102,357.4205026433332,120.59106603973834
final_analog,final_analog,exclude_outage_severe,decomp_recent7_recent7,core,6,5259.0,16671.0,42.166666666666664,0.758713541594754,0.038615223618937704,6196.666511275567,879.5533790064792
final_analog,final_analog,exclude_outage_severe,decomp_recent7_recent7,near,6,2268.0,16682.0,48.0,0.7142026462763901,0.03597189058215306,2378.96875,982.86902843439
final_analog,final_analog,exclude_outage_severe,decomp_recent7_recent7,outer,6,665.0,1931.0,14.833333333333334,0.9266682721945165,0.047333930091522064,859.7546296296297,120.59106603973834
final_analog,final_analog,exclude_outage_severe,decomp_ewm7_mean,core,6,2341.1864708914604,7574.031460919683,30.98645208230379,0.43435960032295595,0.022479324795404942,2096.23417898523,413.32918657538755
final_analog,final_analog,exclude_outage_severe,decomp_ewm7_mean,near,6,1260.1528983921526,4129.709994584922,23.852853293157125,0.49280518020649167,0.024857732655646836,1133.2361953067737,243.6978427976558
final_analog,final_analog,exclude_outage_severe,decomp_ewm7_mean,outer,6,382.07094466938946,1017.4249028961367,10.833333333333334,0.6017566193328885,0.030796985923947102,357.4205026433332,63.47386512966681
final_analog,final_analog,exclude_outage_severe,decomp_ewm7_recent7,core,6,5868.35523390548,7574.031460919683,30.98645208230379,0.758713541594754,0.038615223618937704,6196.666511275567,413.32918657538755
final_analog,final_analog,exclude_outage_severe,decomp_ewm7_recent7,near,6,2207.6980622717556,4129.709994584922,23.852853293157125,0.7142026462763901,0.03597189058215306,2378.96875,243.6978427976558
final_analog,final_analog,exclude_outage_severe,decomp_ewm7_recent7,outer,6,757.365670419044,1017.4249028961367,10.833333333333334,0.9266682721945165,0.047333930091522064,859.7546296296297,63.47386512966681
final_analog,final_analog,exclude_outage_severe,decomp_mean_fourier2,core,6,2704.1668011606444,6647.875000000001,30.833333333333332,0.5040634758291106,0.024379552438616805,2437.159095397643,373.1044552593169
final_analog,final_analog,exclude_outage_severe,decomp_mean_fourier2,near,6,1429.9969197961175,3448.041666666667,22.305555555555557,0.530642067942844,0.027010791687419603,1304.480057108043,206.9887787874987
final_analog,final_analog,exclude_outage_severe,decomp_mean_fourier2,outer,6,379.8599650974908,933.5,10.833333333333334,0.5928793033083661,0.030437551742184255,354.00094269982964,58.47130061963406
final_analog,final_analog,exclude_outage_severe,decomp_ewm7_fourier2,core,6,2745.1704135241703,7574.031460919683,30.98645208230379,0.5040634758291106,0.024379552438616805,2437.159095397643,413.32918657538755
final_analog,final_analog,exclude_outage_severe,decomp_ewm7_fourier2,near,6,1459.462744716459,4129.709994584922,23.852853293157125,0.530642067942844,0.027010791687419603,1304.480057108043,243.6978427976558
final_analog,final_analog,exclude_outage_severe,decomp_ewm7_fourier2,outer,6,381.56144105608377,1017.4249028961367,10.833333333333334,0.5928793033083661,0.030437551742184255,354.00094269982964,63.47386512966681
final_analog,final_analog,exclude_outage_severe,decomp_ewm7_daytype_shrunk,core,6,2308.9794628890945,7574.031460919683,30.98645208230379,0.43345000592723326,0.022305059578701297,2052.630014566565,413.32918657538755
final_analog,final_analog,exclude_outage_severe,decomp_ewm7_daytype_shrunk,near,6,1245.1591736909688,4129.709994584922,23.852853293157125,0.4829905444387905,0.02460148332183615,1106.3421683607278,243.6978427976558
final_analog,final_analog,exclude_outage_severe,decomp_ewm7_daytype_shrunk,outer,6,382.1739336375843,1017.4249028961367,10.833333333333334,0.598603611388831,0.03076226434689348,361.6344288372419,63.47386512966681
final_analog,final_analog,quality_weighted,decomp_mean_mean,core,6,2286.653544399181,6665.642121411349,30.833333333333332,0.4304424696023497,0.0223101746290601,2069.916772870452,373.7929119334868
final_analog,final_analog,quality_weighted,decomp_mean_mean,near,6,1241.536084879672,3373.0365987289065,22.088319088319086,0.49615035415783915,0.024976590960512506,1146.1236747757184,203.12084181583083
final_analog,final_analog,quality_weighted,decomp_mean_mean,outer,6,375.24335580783713,928.0414201183429,10.833333333333334,0.59512222800004,0.030473194160556497,349.49838668714887,58.15233831847358
final_analog,final_analog,quality_weighted,decomp_recent7_mean,core,6,3087.4276221357695,26838.265306122437,58.690476190476176,0.4304424696023497,0.0223101746290601,2069.916772870452,1425.871402538245
final_analog,final_analog,quality_weighted,decomp_recent7_mean,near,6,1968.6945571066472,19985.673469387748,53.428571428571416,0.49615035415783915,0.024976590960512506,1146.1236747757184,1181.5108652401932
final_analog,final_analog,quality_weighted,decomp_recent7_mean,outer,6,417.5483903342224,2305.69387755102,16.26190476190476,0.59512222800004,0.030473194160556497,349.49838668714887,144.39692990826092
final_analog,final_analog,quality_weighted,decomp_recent7_recent7,core,6,4520.899176173677,26838.265306122437,58.690476190476176,0.6770034726179984,0.03440506231663423,4923.053853380119,1425.871402538245
final_analog,final_analog,quality_weighted,decomp_recent7_recent7,near,6,2210.862444216415,19985.673469387748,53.428571428571416,0.6389440754374333,0.032722547604751906,1963.7762806240364,1181.5108652401932
final_analog,final_analog,quality_weighted,decomp_recent7_recent7,outer,6,592.236478634783,2305.69387755102,16.26190476190476,0.8439784228569459,0.04331067280917041,725.2120800835842,144.39692990826092
final_analog,final_analog,quality_weighted,decomp_ewm7_mean,core,6,2324.158983582902,8011.770276214547,31.727675138459137,0.4304424696023497,0.0223101746290601,2069.916772870452,433.89788108410266
final_analog,final_analog,quality_weighted,decomp_ewm7_mean,near,6,1268.6671385238287,4160.458889424855,23.911171862541895,0.49615035415783915,0.024976590960512506,1146.1236747757184,245.39555160750643
final_analog,final_analog,quality_weighted,decomp_ewm7_mean,outer,6,376.34165243368597,1028.8513027032718,10.833333333333334,0.59512222800004,0.030473194160556497,349.49838668714887,64.16481155426216
final_analog,final_analog,quality_weighted,decomp_ewm7_recent7,core,6,4737.3165006775325,8011.770276214547,31.727675138459137,0.6770034726179984,0.03440506231663423,4923.053853380119,433.89788108410266
final_analog,final_analog,quality_weighted,decomp_ewm7_recent7,near,6,1886.8636283583342,4160.458889424855,23.911171862541895,0.6389440754374333,0.032722547604751906,1963.7762806240364,245.39555160750643
final_analog,final_analog,quality_weighted,decomp_ewm7_recent7,outer,6,654.8061630154269,1028.8513027032718,10.833333333333334,0.8439784228569459,0.04331067280917041,725.2120800835842,64.16481155426216
final_analog,final_analog,quality_weighted,decomp_mean_fourier2,core,6,2688.5511381615643,6665.642121411349,30.833333333333332,0.50199982045318,0.024291280297278117,2425.90080788122,373.7929119334868
final_analog,final_analog,quality_weighted,decomp_mean_fourier2,near,6,1430.6634434835357,3373.0365987289065,22.088319088319086,0.5309901126904045,0.027061821404870474,1311.6403607739564,203.12084181583083
final_analog,final_analog,quality_weighted,decomp_mean_fourier2,outer,6,376.7764437218199,928.0414201183429,10.833333333333334,0.5902027373488474,0.03029983457879812,350.58881682504034,58.15233831847358
final_analog,final_analog,quality_weighted,decomp_ewm7_fourier2,core,6,2747.9761091601786,8011.770276214547,31.727675138459137,0.50199982045318,0.024291280297278117,2425.90080788122,433.89788108410266
final_analog,final_analog,quality_weighted,decomp_ewm7_fourier2,near,6,1463.736083312832,4160.458889424855,23.911171862541895,0.5309901126904045,0.027061821404870474,1311.6403607739564,245.39555160750643
final_analog,final_analog,quality_weighted,decomp_ewm7_fourier2,outer,6,379.013753456248,1028.8513027032718,10.833333333333334,0.5902027373488474,0.03029983457879812,350.58881682504034,64.16481155426216
final_analog,final_analog,quality_weighted,decomp_ewm7_daytype_shrunk,core,6,2287.098137910896,8011.770276214547,31.727675138459137,0.42832461271470884,0.02209786088484846,2020.545545410635,433.89788108410266
final_analog,final_analog,quality_weighted,decomp_ewm7_daytype_shrunk,near,6,1252.0463151900458,4160.458889424855,23.911171862541895,0.4857633535130736,0.02470003803732762,1116.1230085292834,245.39555160750643
final_analog,final_analog,quality_weighted,decomp_ewm7_daytype_shrunk,outer,6,376.4732437848285,1028.8513027032718,10.833333333333334,0.5913424289996755,0.030438858062686727,354.4495859215184,64.16481155426216
