date,hour,source_region,target_region,task_key,audit_quality_regime,period,day_type,daily_unique_vessel_count,source_present_count,source_linkable_count,source_outflow_count,y,pair_rate_among_present,pair_rate_among_linkable
2018-01-01,2018-01-01 00:00:00,core,near,core->near,normal,pre_outage,weekday,49,14,14,0,0,0.0,0.0
2018-01-01,2018-01-01 00:00:00,core,outer,core->outer,normal,pre_outage,weekday,49,14,14,0,0,0.0,0.0
2018-01-01,2018-01-01 00:00:00,near,core,near->core,normal,pre_outage,weekday,49,19,19,0,0,0.0,0.0
2018-01-01,2018-01-01 00:00:00,near,outer,near->outer,normal,pre_outage,weekday,49,19,19,0,0,0.0,0.0
2018-01-01,2018-01-01 00:00:00,outer,core,outer->core,normal,pre_outage,weekday,49,2,2,0,0,0.0,0.0
2018-01-01,2018-01-01 00:00:00,outer,near,outer->near,normal,pre_outage,weekday,49,2,2,0,0,0.0,0.0
2018-01-01,2018-01-01 01:00:00,core,near,core->near,normal,pre_outage,weekday,49,14,14,0,0,0.0,0.0
2018-01-01,2018-01-01 01:00:00,core,outer,core->outer,normal,pre_outage,weekday,49,14,14,0,0,0.0,0.0
2018-01-01,2018-01-01 01:00:00,near,core,near->core,normal,pre_outage,weekday,49,19,19,0,0,0.0,0.0
2018-01-01,2018-01-01 01:00:00,near,outer,near->outer,normal,pre_outage,weekday,49,19,19,0,0,0.0,0.0
2018-01-01,2018-01-01 01:00:00,outer,core,outer->core,normal,pre_outage,weekday,49,2,2,1,0,0.0,0.0
2018-01-01,2018-01-01 01:00:00,outer,near,outer->near,normal,pre_outage,weekday,49,2,2,1,1,0.5,0.5
2018-01-01,2018-01-01 02:00:00,core,near,core->near,normal,pre_outage,weekday,49,14,14,1,1,0.07142857142857142,0.07142857142857142
2018-01-01,2018-01-01 02:00:00,core,outer,core->outer,normal,pre_outage,weekday,49,14,14,1,0,0.0,0.0
2018-01-01,2018-01-01 02:00:00,near,core,near->core,normal,pre_outage,weekday,49,20,20,2,2,0.1,0.1
2018-01-01,2018-01-01 02:00:00,near,outer,near->outer,normal,pre_outage,weekday,49,20,20,2,0,0.0,0.0
2018-01-01,2018-01-01 02:00:00,outer,core,outer->core,normal,pre_outage,weekday,49,1,1,0,0,0.0,0.0
2018-01-01,2018-01-01 02:00:00,outer,near,outer->near,normal,pre_outage,weekday,49,1,1,0,0,0.0,0.0
2018-01-01,2018-01-01 03:00:00,core,near,core->near,normal,pre_outage,weekday,49,15,15,2,2,0.13333333333333333,0.13333333333333333
2018-01-01,2018-01-01 03:00:00,core,outer,core->outer,normal,pre_outage,weekday,49,15,15,2,0,0.0,0.0
2018-01-01,2018-01-01 03:00:00,near,core,near->core,normal,pre_outage,weekday,49,19,19,1,0,0.0,0.0
2018-01-01,2018-01-01 03:00:00,near,outer,near->outer,normal,pre_outage,weekday,49,19,19,1,1,0.05263157894736842,0.05263157894736842
2018-01-01,2018-01-01 03:00:00,outer,core,outer->core,normal,pre_outage,weekday,49,1,1,0,0,0.0,0.0
2018-01-01,2018-01-01 03:00:00,outer,near,outer->near,normal,pre_outage,weekday,49,1,1,0,0,0.0,0.0
2018-01-01,2018-01-01 04:00:00,core,near,core->near,normal,pre_outage,weekday,49,13,13,0,0,0.0,0.0
2018-01-01,2018-01-01 04:00:00,core,outer,core->outer,normal,pre_outage,weekday,49,13,13,0,0,0.0,0.0
2018-01-01,2018-01-01 04:00:00,near,core,near->core,normal,pre_outage,weekday,49,20,20,2,2,0.1,0.1
2018-01-01,2018-01-01 04:00:00,near,outer,near->outer,normal,pre_outage,weekday,49,20,20,2,0,0.0,0.0
2018-01-01,2018-01-01 04:00:00,outer,core,outer->core,normal,pre_outage,weekday,49,2,2,0,0,0.0,0.0
2018-01-01,2018-01-01 04:00:00,outer,near,outer->near,normal,pre_outage,weekday,49,2,2,0,0,0.0,0.0
2018-01-01,2018-01-01 05:00:00,core,near,core->near,normal,pre_outage,weekday,49,15,15,0,0,0.0,0.0
2018-01-01,2018-01-01 05:00:00,core,outer,core->outer,normal,pre_outage,weekday,49,15,15,0,0,0.0,0.0
2018-01-01,2018-01-01 05:00:00,near,core,near->core,normal,pre_outage,weekday,49,18,18,0,0,0.0,0.0
2018-01-01,2018-01-01 05:00:00,near,outer,near->outer,normal,pre_outage,weekday,49,18,18,0,0,0.0,0.0
2018-01-01,2018-01-01 05:00:00,outer,core,outer->core,normal,pre_outage,weekday,49,2,2,1,1,0.5,0.5
2018-01-01,2018-01-01 05:00:00,outer,near,outer->near,normal,pre_outage,weekday,49,2,2,1,0,0.0,0.0
2018-01-01,2018-01-01 06:00:00,core,near,core->near,normal,pre_outage,weekday,49,16,16,9,9,0.5625,0.5625
2018-01-01,2018-01-01 06:00:00,core,outer,core->outer,normal,pre_outage,weekday,49,16,16,9,0,0.0,0.0
2018-01-01,2018-01-01 06:00:00,near,core,near->core,normal,pre_outage,weekday,49,18,18,0,0,0.0,0.0
2018-01-01,2018-01-01 06:00:00,near,outer,near->outer,normal,pre_outage,weekday,49,18,18,0,0,0.0,0.0
2018-01-01,2018-01-01 06:00:00,outer,core,outer->core,normal,pre_outage,weekday,49,1,1,0,0,0.0,0.0
2018-01-01,2018-01-01 06:00:00,outer,near,outer->near,normal,pre_outage,weekday,49,1,1,0,0,0.0,0.0
2018-01-01,2018-01-01 07:00:00,core,near,core->near,normal,pre_outage,weekday,49,7,7,0,0,0.0,0.0
2018-01-01,2018-01-01 07:00:00,core,outer,core->outer,normal,pre_outage,weekday,49,7,7,0,0,0.0,0.0
2018-01-01,2018-01-01 07:00:00,near,core,near->core,normal,pre_outage,weekday,49,27,27,10,8,0.2962962962962963,0.2962962962962963
2018-01-01,2018-01-01 07:00:00,near,outer,near->outer,normal,pre_outage,weekday,49,27,27,10,2,0.07407407407407407,0.07407407407407407
2018-01-01,2018-01-01 07:00:00,outer,core,outer->core,normal,pre_outage,weekday,49,1,1,0,0,0.0,0.0
2018-01-01,2018-01-01 07:00:00,outer,near,outer->near,normal,pre_outage,weekday,49,1,1,0,0,0.0,0.0
2018-01-01,2018-01-01 08:00:00,core,near,core->near,normal,pre_outage,weekday,49,15,15,2,1,0.06666666666666667,0.06666666666666667
2018-01-01,2018-01-01 08:00:00,core,outer,core->outer,normal,pre_outage,weekday,49,15,15,2,1,0.06666666666666667,0.06666666666666667
2018-01-01,2018-01-01 08:00:00,near,core,near->core,normal,pre_outage,weekday,49,20,19,1,1,0.05,0.05263157894736842
2018-01-01,2018-01-01 08:00:00,near,outer,near->outer,normal,pre_outage,weekday,49,20,19,1,0,0.0,0.0
2018-01-01,2018-01-01 08:00:00,outer,core,outer->core,normal,pre_outage,weekday,49,5,5,0,0,0.0,0.0
2018-01-01,2018-01-01 08:00:00,outer,near,outer->near,normal,pre_outage,weekday,49,5,5,0,0,0.0,0.0
2018-01-01,2018-01-01 09:00:00,core,near,core->near,normal,pre_outage,weekday,49,14,13,0,0,0.0,0.0
2018-01-01,2018-01-01 09:00:00,core,outer,core->outer,normal,pre_outage,weekday,49,14,13,0,0,0.0,0.0
2018-01-01,2018-01-01 09:00:00,near,core,near->core,normal,pre_outage,weekday,49,19,19,1,0,0.0,0.0
2018-01-01,2018-01-01 09:00:00,near,outer,near->outer,normal,pre_outage,weekday,49,19,19,1,1,0.05263157894736842,0.05263157894736842
2018-01-01,2018-01-01 09:00:00,outer,core,outer->core,normal,pre_outage,weekday,49,6,6,3,1,0.16666666666666666,0.16666666666666666
2018-01-01,2018-01-01 09:00:00,outer,near,outer->near,normal,pre_outage,weekday,49,6,6,3,2,0.3333333333333333,0.3333333333333333
2018-01-01,2018-01-01 10:00:00,core,near,core->near,normal,pre_outage,weekday,49,14,14,2,2,0.14285714285714285,0.14285714285714285
2018-01-01,2018-01-01 10:00:00,core,outer,core->outer,normal,pre_outage,weekday,49,14,14,2,0,0.0,0.0
2018-01-01,2018-01-01 10:00:00,near,core,near->core,normal,pre_outage,weekday,49,20,20,1,1,0.05,0.05
2018-01-01,2018-01-01 10:00:00,near,outer,near->outer,normal,pre_outage,weekday,49,20,20,1,0,0.0,0.0
2018-01-01,2018-01-01 10:00:00,outer,core,outer->core,normal,pre_outage,weekday,49,4,4,0,0,0.0,0.0
2018-01-01,2018-01-01 10:00:00,outer,near,outer->near,normal,pre_outage,weekday,49,4,4,0,0,0.0,0.0
2018-01-01,2018-01-01 11:00:00,core,near,core->near,normal,pre_outage,weekday,49,13,13,1,0,0.0,0.0
2018-01-01,2018-01-01 11:00:00,core,outer,core->outer,normal,pre_outage,weekday,49,13,13,1,1,0.07692307692307693,0.07692307692307693
2018-01-01,2018-01-01 11:00:00,near,core,near->core,normal,pre_outage,weekday,49,22,21,3,2,0.09090909090909091,0.09523809523809523
2018-01-01,2018-01-01 11:00:00,near,outer,near->outer,normal,pre_outage,weekday,49,22,21,3,1,0.045454545454545456,0.047619047619047616
2018-01-01,2018-01-01 11:00:00,outer,core,outer->core,normal,pre_outage,weekday,49,5,5,0,0,0.0,0.0
2018-01-01,2018-01-01 11:00:00,outer,near,outer->near,normal,pre_outage,weekday,49,5,5,0,0,0.0,0.0
2018-01-01,2018-01-01 12:00:00,core,near,core->near,normal,pre_outage,weekday,49,15,15,0,0,0.0,0.0
2018-01-01,2018-01-01 12:00:00,core,outer,core->outer,normal,pre_outage,weekday,49,15,15,0,0,0.0,0.0
2018-01-01,2018-01-01 12:00:00,near,core,near->core,normal,pre_outage,weekday,49,18,18,0,0,0.0,0.0
2018-01-01,2018-01-01 12:00:00,near,outer,near->outer,normal,pre_outage,weekday,49,18,18,0,0,0.0,0.0
2018-01-01,2018-01-01 12:00:00,outer,core,outer->core,normal,pre_outage,weekday,49,8,8,0,0,0.0,0.0
2018-01-01,2018-01-01 12:00:00,outer,near,outer->near,normal,pre_outage,weekday,49,8,8,0,0,0.0,0.0
2018-01-01,2018-01-01 13:00:00,core,near,core->near,normal,pre_outage,weekday,49,15,14,0,0,0.0,0.0
2018-01-01,2018-01-01 13:00:00,core,outer,core->outer,normal,pre_outage,weekday,49,15,14,0,0,0.0,0.0
2018-01-01,2018-01-01 13:00:00,near,core,near->core,normal,pre_outage,weekday,49,18,18,1,1,0.05555555555555555,0.05555555555555555
2018-01-01,2018-01-01 13:00:00,near,outer,near->outer,normal,pre_outage,weekday,49,18,18,1,0,0.0,0.0
2018-01-01,2018-01-01 13:00:00,outer,core,outer->core,normal,pre_outage,weekday,49,8,7,2,0,0.0,0.0
2018-01-01,2018-01-01 13:00:00,outer,near,outer->near,normal,pre_outage,weekday,49,8,7,2,2,0.25,0.2857142857142857
2018-01-01,2018-01-01 14:00:00,core,near,core->near,normal,pre_outage,weekday,49,15,15,4,4,0.26666666666666666,0.26666666666666666
2018-01-01,2018-01-01 14:00:00,core,outer,core->outer,normal,pre_outage,weekday,49,15,15,4,0,0.0,0.0
2018-01-01,2018-01-01 14:00:00,near,core,near->core,normal,pre_outage,weekday,49,20,19,1,1,0.05,0.05263157894736842
2018-01-01,2018-01-01 14:00:00,near,outer,near->outer,normal,pre_outage,weekday,49,20,19,1,0,0.0,0.0
2018-01-01,2018-01-01 14:00:00,outer,core,outer->core,normal,pre_outage,weekday,49,5,5,1,0,0.0,0.0
2018-01-01,2018-01-01 14:00:00,outer,near,outer->near,normal,pre_outage,weekday,49,5,5,1,1,0.2,0.2
2018-01-01,2018-01-01 15:00:00,core,near,core->near,normal,pre_outage,weekday,49,12,12,0,0,0.0,0.0
2018-01-01,2018-01-01 15:00:00,core,outer,core->outer,normal,pre_outage,weekday,49,12,12,0,0,0.0,0.0
2018-01-01,2018-01-01 15:00:00,near,core,near->core,normal,pre_outage,weekday,49,23,23,2,1,0.043478260869565216,0.043478260869565216
2018-01-01,2018-01-01 15:00:00,near,outer,near->outer,normal,pre_outage,weekday,49,23,23,2,1,0.043478260869565216,0.043478260869565216
2018-01-01,2018-01-01 15:00:00,outer,core,outer->core,normal,pre_outage,weekday,49,6,6,0,0,0.0,0.0
2018-01-01,2018-01-01 15:00:00,outer,near,outer->near,normal,pre_outage,weekday,49,6,6,0,0,0.0,0.0
2018-01-01,2018-01-01 16:00:00,core,near,core->near,normal,pre_outage,weekday,49,13,13,1,1,0.07692307692307693,0.07692307692307693
2018-01-01,2018-01-01 16:00:00,core,outer,core->outer,normal,pre_outage,weekday,49,13,13,1,0,0.0,0.0
2018-01-01,2018-01-01 16:00:00,near,core,near->core,normal,pre_outage,weekday,49,21,21,1,1,0.047619047619047616,0.047619047619047616
2018-01-01,2018-01-01 16:00:00,near,outer,near->outer,normal,pre_outage,weekday,49,21,21,1,0,0.0,0.0
2018-01-01,2018-01-01 16:00:00,outer,core,outer->core,normal,pre_outage,weekday,49,7,6,2,0,0.0,0.0
2018-01-01,2018-01-01 16:00:00,outer,near,outer->near,normal,pre_outage,weekday,49,7,6,2,2,0.2857142857142857,0.3333333333333333
2018-01-01,2018-01-01 17:00:00,core,near,core->near,normal,pre_outage,weekday,49,13,13,1,1,0.07692307692307693,0.07692307692307693
2018-01-01,2018-01-01 17:00:00,core,outer,core->outer,normal,pre_outage,weekday,49,13,13,1,0,0.0,0.0
2018-01-01,2018-01-01 17:00:00,near,core,near->core,normal,pre_outage,weekday,49,24,23,0,0,0.0,0.0
2018-01-01,2018-01-01 17:00:00,near,outer,near->outer,normal,pre_outage,weekday,49,24,23,0,0,0.0,0.0
2018-01-01,2018-01-01 17:00:00,outer,core,outer->core,normal,pre_outage,weekday,49,4,4,1,0,0.0,0.0
2018-01-01,2018-01-01 17:00:00,outer,near,outer->near,normal,pre_outage,weekday,49,4,4,1,1,0.25,0.25
2018-01-01,2018-01-01 18:00:00,core,near,core->near,normal,pre_outage,weekday,49,12,12,6,6,0.5,0.5
2018-01-01,2018-01-01 18:00:00,core,outer,core->outer,normal,pre_outage,weekday,49,12,12,6,0,0.0,0.0
2018-01-01,2018-01-01 18:00:00,near,core,near->core,normal,pre_outage,weekday,49,25,25,1,1,0.04,0.04
2018-01-01,2018-01-01 18:00:00,near,outer,near->outer,normal,pre_outage,weekday,49,25,25,1,0,0.0,0.0
2018-01-01,2018-01-01 18:00:00,outer,core,outer->core,normal,pre_outage,weekday,49,4,4,1,0,0.0,0.0
2018-01-01,2018-01-01 18:00:00,outer,near,outer->near,normal,pre_outage,weekday,49,4,4,1,1,0.25,0.25
2018-01-01,2018-01-01 19:00:00,core,near,core->near,normal,pre_outage,weekday,49,7,7,0,0,0.0,0.0
2018-01-01,2018-01-01 19:00:00,core,outer,core->outer,normal,pre_outage,weekday,49,7,7,0,0,0.0,0.0
2018-01-01,2018-01-01 19:00:00,near,core,near->core,normal,pre_outage,weekday,49,31,31,5,4,0.12903225806451613,0.12903225806451613
2018-01-01,2018-01-01 19:00:00,near,outer,near->outer,normal,pre_outage,weekday,49,31,31,5,1,0.03225806451612903,0.03225806451612903
2018-01-01,2018-01-01 19:00:00,outer,core,outer->core,normal,pre_outage,weekday,49,4,4,0,0,0.0,0.0
2018-01-01,2018-01-01 19:00:00,outer,near,outer->near,normal,pre_outage,weekday,49,4,4,0,0,0.0,0.0
2018-01-01,2018-01-01 20:00:00,core,near,core->near,normal,pre_outage,weekday,49,11,11,0,0,0.0,0.0
2018-01-01,2018-01-01 20:00:00,core,outer,core->outer,normal,pre_outage,weekday,49,11,11,0,0,0.0,0.0
2018-01-01,2018-01-01 20:00:00,near,core,near->core,normal,pre_outage,weekday,49,27,25,4,4,0.14814814814814814,0.16
2018-01-01,2018-01-01 20:00:00,near,outer,near->outer,normal,pre_outage,weekday,49,27,25,4,0,0.0,0.0
2018-01-01,2018-01-01 20:00:00,outer,core,outer->core,normal,pre_outage,weekday,49,5,5,1,0,0.0,0.0
2018-01-01,2018-01-01 20:00:00,outer,near,outer->near,normal,pre_outage,weekday,49,5,5,1,1,0.2,0.2
2018-01-01,2018-01-01 21:00:00,core,near,core->near,normal,pre_outage,weekday,49,15,15,0,0,0.0,0.0
2018-01-01,2018-01-01 21:00:00,core,outer,core->outer,normal,pre_outage,weekday,49,15,15,0,0,0.0,0.0
2018-01-01,2018-01-01 21:00:00,near,core,near->core,normal,pre_outage,weekday,49,22,22,1,1,0.045454545454545456,0.045454545454545456
2018-01-01,2018-01-01 21:00:00,near,outer,near->outer,normal,pre_outage,weekday,49,22,22,1,0,0.0,0.0
2018-01-01,2018-01-01 21:00:00,outer,core,outer->core,normal,pre_outage,weekday,49,4,4,0,0,0.0,0.0
2018-01-01,2018-01-01 21:00:00,outer,near,outer->near,normal,pre_outage,weekday,49,4,4,0,0,0.0,0.0
2018-01-01,2018-01-01 22:00:00,core,near,core->near,normal,pre_outage,weekday,49,16,16,2,1,0.0625,0.0625
2018-01-01,2018-01-01 22:00:00,core,outer,core->outer,normal,pre_outage,weekday,49,16,16,2,1,0.0625,0.0625
2018-01-01,2018-01-01 22:00:00,near,core,near->core,normal,pre_outage,weekday,49,21,21,0,0,0.0,0.0
2018-01-01,2018-01-01 22:00:00,near,outer,near->outer,normal,pre_outage,weekday,49,21,21,0,0,0.0,0.0
2018-01-01,2018-01-01 22:00:00,outer,core,outer->core,normal,pre_outage,weekday,49,4,4,0,0,0.0,0.0
2018-01-01,2018-01-01 22:00:00,outer,near,outer->near,normal,pre_outage,weekday,49,4,4,0,0,0.0,0.0
2018-01-01,2018-01-01 23:00:00,core,near,core->near,normal,pre_outage,weekday,49,14,14,0,0,0.0,0.0
2018-01-01,2018-01-01 23:00:00,core,outer,core->outer,normal,pre_outage,weekday,49,14,14,0,0,0.0,0.0
2018-01-01,2018-01-01 23:00:00,near,core,near->core,normal,pre_outage,weekday,49,22,22,1,0,0.0,0.0
2018-01-01,2018-01-01 23:00:00,near,outer,near->outer,normal,pre_outage,weekday,49,22,22,1,1,0.045454545454545456,0.045454545454545456
2018-01-01,2018-01-01 23:00:00,outer,core,outer->core,normal,pre_outage,weekday,49,6,6,0,0,0.0,0.0
2018-01-01,2018-01-01 23:00:00,outer,near,outer->near,normal,pre_outage,weekday,49,6,6,0,0,0.0,0.0
2018-01-02,2018-01-02 00:00:00,core,near,core->near,normal,pre_outage,weekday,53,14,14,0,0,0.0,0.0
2018-01-02,2018-01-02 00:00:00,core,outer,core->outer,normal,pre_outage,weekday,53,14,14,0,0,0.0,0.0
2018-01-02,2018-01-02 00:00:00,near,core,near->core,normal,pre_outage,weekday,53,21,21,0,0,0.0,0.0
2018-01-02,2018-01-02 00:00:00,near,outer,near->outer,normal,pre_outage,weekday,53,21,21,0,0,0.0,0.0
2018-01-02,2018-01-02 00:00:00,outer,core,outer->core,normal,pre_outage,weekday,53,7,7,0,0,0.0,0.0
2018-01-02,2018-01-02 00:00:00,outer,near,outer->near,normal,pre_outage,weekday,53,7,7,0,0,0.0,0.0
2018-01-02,2018-01-02 01:00:00,core,near,core->near,normal,pre_outage,weekday,53,14,14,0,0,0.0,0.0
2018-01-02,2018-01-02 01:00:00,core,outer,core->outer,normal,pre_outage,weekday,53,14,14,0,0,0.0,0.0
2018-01-02,2018-01-02 01:00:00,near,core,near->core,normal,pre_outage,weekday,53,21,21,0,0,0.0,0.0
2018-01-02,2018-01-02 01:00:00,near,outer,near->outer,normal,pre_outage,weekday,53,21,21,0,0,0.0,0.0
2018-01-02,2018-01-02 01:00:00,outer,core,outer->core,normal,pre_outage,weekday,53,7,6,0,0,0.0,0.0
2018-01-02,2018-01-02 01:00:00,outer,near,outer->near,normal,pre_outage,weekday,53,7,6,0,0,0.0,0.0
2018-01-02,2018-01-02 02:00:00,core,near,core->near,normal,pre_outage,weekday,53,14,14,1,1,0.07142857142857142,0.07142857142857142
2018-01-02,2018-01-02 02:00:00,core,outer,core->outer,normal,pre_outage,weekday,53,14,14,1,0,0.0,0.0
2018-01-02,2018-01-02 02:00:00,near,core,near->core,normal,pre_outage,weekday,53,21,21,0,0,0.0,0.0
2018-01-02,2018-01-02 02:00:00,near,outer,near->outer,normal,pre_outage,weekday,53,21,21,0,0,0.0,0.0
2018-01-02,2018-01-02 02:00:00,outer,core,outer->core,normal,pre_outage,weekday,53,6,6,2,2,0.3333333333333333,0.3333333333333333
2018-01-02,2018-01-02 02:00:00,outer,near,outer->near,normal,pre_outage,weekday,53,6,6,2,0,0.0,0.0
2018-01-02,2018-01-02 03:00:00,core,near,core->near,normal,pre_outage,weekday,53,15,15,2,2,0.13333333333333333,0.13333333333333333
2018-01-02,2018-01-02 03:00:00,core,outer,core->outer,normal,pre_outage,weekday,53,15,15,2,0,0.0,0.0
2018-01-02,2018-01-02 03:00:00,near,core,near->core,normal,pre_outage,weekday,53,23,22,1,0,0.0,0.0
2018-01-02,2018-01-02 03:00:00,near,outer,near->outer,normal,pre_outage,weekday,53,23,22,1,1,0.043478260869565216,0.045454545454545456
2018-01-02,2018-01-02 03:00:00,outer,core,outer->core,normal,pre_outage,weekday,53,6,5,0,0,0.0,0.0
2018-01-02,2018-01-02 03:00:00,outer,near,outer->near,normal,pre_outage,weekday,53,6,5,0,0,0.0,0.0
2018-01-02,2018-01-02 04:00:00,core,near,core->near,normal,pre_outage,weekday,53,13,13,0,0,0.0,0.0
2018-01-02,2018-01-02 04:00:00,core,outer,core->outer,normal,pre_outage,weekday,53,13,13,0,0,0.0,0.0
2018-01-02,2018-01-02 04:00:00,near,core,near->core,normal,pre_outage,weekday,53,23,23,2,2,0.08695652173913043,0.08695652173913043
2018-01-02,2018-01-02 04:00:00,near,outer,near->outer,normal,pre_outage,weekday,53,23,23,2,0,0.0,0.0
2018-01-02,2018-01-02 04:00:00,outer,core,outer->core,normal,pre_outage,weekday,53,6,6,1,0,0.0,0.0
2018-01-02,2018-01-02 04:00:00,outer,near,outer->near,normal,pre_outage,weekday,53,6,6,1,1,0.16666666666666666,0.16666666666666666
2018-01-02,2018-01-02 05:00:00,core,near,core->near,normal,pre_outage,weekday,53,15,15,3,2,0.13333333333333333,0.13333333333333333
2018-01-02,2018-01-02 05:00:00,core,outer,core->outer,normal,pre_outage,weekday,53,15,15,3,1,0.06666666666666667,0.06666666666666667
2018-01-02,2018-01-02 05:00:00,near,core,near->core,normal,pre_outage,weekday,53,22,22,0,0,0.0,0.0
2018-01-02,2018-01-02 05:00:00,near,outer,near->outer,normal,pre_outage,weekday,53,22,22,0,0,0.0,0.0
2018-01-02,2018-01-02 05:00:00,outer,core,outer->core,normal,pre_outage,weekday,53,5,5,1,0,0.0,0.0
2018-01-02,2018-01-02 05:00:00,outer,near,outer->near,normal,pre_outage,weekday,53,5,5,1,1,0.2,0.2
2018-01-02,2018-01-02 06:00:00,core,near,core->near,normal,pre_outage,weekday,53,12,12,4,2,0.16666666666666666,0.16666666666666666
2018-01-02,2018-01-02 06:00:00,core,outer,core->outer,normal,pre_outage,weekday,53,12,12,4,2,0.16666666666666666,0.16666666666666666
2018-01-02,2018-01-02 06:00:00,near,core,near->core,normal,pre_outage,weekday,53,26,25,2,2,0.07692307692307693,0.08
2018-01-02,2018-01-02 06:00:00,near,outer,near->outer,normal,pre_outage,weekday,53,26,25,2,0,0.0,0.0
2018-01-02,2018-01-02 06:00:00,outer,core,outer->core,normal,pre_outage,weekday,53,5,5,1,1,0.2,0.2
2018-01-02,2018-01-02 06:00:00,outer,near,outer->near,normal,pre_outage,weekday,53,5,5,1,0,0.0,0.0
2018-01-02,2018-01-02 07:00:00,core,near,core->near,normal,pre_outage,weekday,53,11,11,2,1,0.09090909090909091,0.09090909090909091
2018-01-02,2018-01-02 07:00:00,core,outer,core->outer,normal,pre_outage,weekday,53,11,11,2,1,0.09090909090909091,0.09090909090909091
2018-01-02,2018-01-02 07:00:00,near,core,near->core,normal,pre_outage,weekday,53,25,25,2,1,0.04,0.04
2018-01-02,2018-01-02 07:00:00,near,outer,near->outer,normal,pre_outage,weekday,53,25,25,2,1,0.04,0.04
2018-01-02,2018-01-02 07:00:00,outer,core,outer->core,normal,pre_outage,weekday,53,6,5,0,0,0.0,0.0
2018-01-02,2018-01-02 07:00:00,outer,near,outer->near,normal,pre_outage,weekday,53,6,5,0,0,0.0,0.0
2018-01-02,2018-01-02 08:00:00,core,near,core->near,normal,pre_outage,weekday,53,10,10,1,0,0.0,0.0
2018-01-02,2018-01-02 08:00:00,core,outer,core->outer,normal,pre_outage,weekday,53,10,10,1,1,0.1,0.1
2018-01-02,2018-01-02 08:00:00,near,core,near->core,normal,pre_outage,weekday,53,25,25,0,0,0.0,0.0
2018-01-02,2018-01-02 08:00:00,near,outer,near->outer,normal,pre_outage,weekday,53,25,25,0,0,0.0,0.0
2018-01-02,2018-01-02 08:00:00,outer,core,outer->core,normal,pre_outage,weekday,53,8,7,0,0,0.0,0.0
2018-01-02,2018-01-02 08:00:00,outer,near,outer->near,normal,pre_outage,weekday,53,8,7,0,0,0.0,0.0
2018-01-02,2018-01-02 09:00:00,core,near,core->near,normal,pre_outage,weekday,53,9,9,0,0,0.0,0.0
2018-01-02,2018-01-02 09:00:00,core,outer,core->outer,normal,pre_outage,weekday,53,9,9,0,0,0.0,0.0
2018-01-02,2018-01-02 09:00:00,near,core,near->core,normal,pre_outage,weekday,53,27,26,2,1,0.037037037037037035,0.038461538461538464
2018-01-02,2018-01-02 09:00:00,near,outer,near->outer,normal,pre_outage,weekday,53,27,26,2,1,0.037037037037037035,0.038461538461538464
2018-01-02,2018-01-02 09:00:00,outer,core,outer->core,normal,pre_outage,weekday,53,10,10,1,0,0.0,0.0
2018-01-02,2018-01-02 09:00:00,outer,near,outer->near,normal,pre_outage,weekday,53,10,10,1,1,0.1,0.1
2018-01-02,2018-01-02 10:00:00,core,near,core->near,normal,pre_outage,weekday,53,10,10,2,2,0.2,0.2
2018-01-02,2018-01-02 10:00:00,core,outer,core->outer,normal,pre_outage,weekday,53,10,10,2,0,0.0,0.0
2018-01-02,2018-01-02 10:00:00,near,core,near->core,normal,pre_outage,weekday,53,25,25,0,0,0.0,0.0
2018-01-02,2018-01-02 10:00:00,near,outer,near->outer,normal,pre_outage,weekday,53,25,25,0,0,0.0,0.0
2018-01-02,2018-01-02 10:00:00,outer,core,outer->core,normal,pre_outage,weekday,53,10,10,4,0,0.0,0.0
2018-01-02,2018-01-02 10:00:00,outer,near,outer->near,normal,pre_outage,weekday,53,10,10,4,4,0.4,0.4
2018-01-02,2018-01-02 11:00:00,core,near,core->near,normal,pre_outage,weekday,53,8,8,0,0,0.0,0.0
2018-01-02,2018-01-02 11:00:00,core,outer,core->outer,normal,pre_outage,weekday,53,8,8,0,0,0.0,0.0
2018-01-02,2018-01-02 11:00:00,near,core,near->core,normal,pre_outage,weekday,53,31,31,1,1,0.03225806451612903,0.03225806451612903
2018-01-02,2018-01-02 11:00:00,near,outer,near->outer,normal,pre_outage,weekday,53,31,31,1,0,0.0,0.0
2018-01-02,2018-01-02 11:00:00,outer,core,outer->core,normal,pre_outage,weekday,53,6,6,0,0,0.0,0.0
2018-01-02,2018-01-02 11:00:00,outer,near,outer->near,normal,pre_outage,weekday,53,6,6,0,0,0.0,0.0
2018-01-02,2018-01-02 12:00:00,core,near,core->near,normal,pre_outage,weekday,53,9,9,0,0,0.0,0.0
2018-01-02,2018-01-02 12:00:00,core,outer,core->outer,normal,pre_outage,weekday,53,9,9,0,0,0.0,0.0
2018-01-02,2018-01-02 12:00:00,near,core,near->core,normal,pre_outage,weekday,53,30,30,2,0,0.0,0.0
2018-01-02,2018-01-02 12:00:00,near,outer,near->outer,normal,pre_outage,weekday,53,30,30,2,2,0.06666666666666667,0.06666666666666667
2018-01-02,2018-01-02 12:00:00,outer,core,outer->core,normal,pre_outage,weekday,53,6,6,1,0,0.0,0.0
2018-01-02,2018-01-02 12:00:00,outer,near,outer->near,normal,pre_outage,weekday,53,6,6,1,1,0.16666666666666666,0.16666666666666666
2018-01-02,2018-01-02 13:00:00,core,near,core->near,normal,pre_outage,weekday,53,9,9,0,0,0.0,0.0
2018-01-02,2018-01-02 13:00:00,core,outer,core->outer,normal,pre_outage,weekday,53,9,9,0,0,0.0,0.0
2018-01-02,2018-01-02 13:00:00,near,core,near->core,normal,pre_outage,weekday,53,29,29,1,1,0.034482758620689655,0.034482758620689655
2018-01-02,2018-01-02 13:00:00,near,outer,near->outer,normal,pre_outage,weekday,53,29,29,1,0,0.0,0.0
2018-01-02,2018-01-02 13:00:00,outer,core,outer->core,normal,pre_outage,weekday,53,7,7,3,2,0.2857142857142857,0.2857142857142857
2018-01-02,2018-01-02 13:00:00,outer,near,outer->near,normal,pre_outage,weekday,53,7,7,3,1,0.14285714285714285,0.14285714285714285
2018-01-02,2018-01-02 14:00:00,core,near,core->near,normal,pre_outage,weekday,53,12,12,3,3,0.25,0.25
2018-01-02,2018-01-02 14:00:00,core,outer,core->outer,normal,pre_outage,weekday,53,12,12,3,0,0.0,0.0
2018-01-02,2018-01-02 14:00:00,near,core,near->core,normal,pre_outage,weekday,53,29,29,3,1,0.034482758620689655,0.034482758620689655
2018-01-02,2018-01-02 14:00:00,near,outer,near->outer,normal,pre_outage,weekday,53,29,29,3,2,0.06896551724137931,0.06896551724137931
2018-01-02,2018-01-02 14:00:00,outer,core,outer->core,normal,pre_outage,weekday,53,4,4,0,0,0.0,0.0
2018-01-02,2018-01-02 14:00:00,outer,near,outer->near,normal,pre_outage,weekday,53,4,4,0,0,0.0,0.0
2018-01-02,2018-01-02 15:00:00,core,near,core->near,normal,pre_outage,weekday,53,10,9,2,2,0.2,0.2222222222222222
2018-01-02,2018-01-02 15:00:00,core,outer,core->outer,normal,pre_outage,weekday,53,10,9,2,0,0.0,0.0
2018-01-02,2018-01-02 15:00:00,near,core,near->core,normal,pre_outage,weekday,53,31,30,3,2,0.06451612903225806,0.06666666666666667
2018-01-02,2018-01-02 15:00:00,near,outer,near->outer,normal,pre_outage,weekday,53,31,30,3,1,0.03225806451612903,0.03333333333333333
2018-01-02,2018-01-02 15:00:00,outer,core,outer->core,normal,pre_outage,weekday,53,7,7,0,0,0.0,0.0
2018-01-02,2018-01-02 15:00:00,outer,near,outer->near,normal,pre_outage,weekday,53,7,7,0,0,0.0,0.0
2018-01-02,2018-01-02 16:00:00,core,near,core->near,normal,pre_outage,weekday,53,9,9,0,0,0.0,0.0
2018-01-02,2018-01-02 16:00:00,core,outer,core->outer,normal,pre_outage,weekday,53,9,9,0,0,0.0,0.0
2018-01-02,2018-01-02 16:00:00,near,core,near->core,normal,pre_outage,weekday,53,29,29,4,3,0.10344827586206896,0.10344827586206896
2018-01-02,2018-01-02 16:00:00,near,outer,near->outer,normal,pre_outage,weekday,53,29,29,4,1,0.034482758620689655,0.034482758620689655
2018-01-02,2018-01-02 16:00:00,outer,core,outer->core,normal,pre_outage,weekday,53,8,8,3,2,0.25,0.25
2018-01-02,2018-01-02 16:00:00,outer,near,outer->near,normal,pre_outage,weekday,53,8,8,3,1,0.125,0.125
2018-01-02,2018-01-02 17:00:00,core,near,core->near,normal,pre_outage,weekday,53,14,14,1,1,0.07142857142857142,0.07142857142857142
2018-01-02,2018-01-02 17:00:00,core,outer,core->outer,normal,pre_outage,weekday,53,14,14,1,0,0.0,0.0
2018-01-02,2018-01-02 17:00:00,near,core,near->core,normal,pre_outage,weekday,53,26,26,2,2,0.07692307692307693,0.07692307692307693
2018-01-02,2018-01-02 17:00:00,near,outer,near->outer,normal,pre_outage,weekday,53,26,26,2,0,0.0,0.0
2018-01-02,2018-01-02 17:00:00,outer,core,outer->core,normal,pre_outage,weekday,53,6,6,1,0,0.0,0.0
2018-01-02,2018-01-02 17:00:00,outer,near,outer->near,normal,pre_outage,weekday,53,6,6,1,1,0.16666666666666666,0.16666666666666666
2018-01-02,2018-01-02 18:00:00,core,near,core->near,normal,pre_outage,weekday,53,15,15,5,5,0.3333333333333333,0.3333333333333333
2018-01-02,2018-01-02 18:00:00,core,outer,core->outer,normal,pre_outage,weekday,53,15,15,5,0,0.0,0.0
2018-01-02,2018-01-02 18:00:00,near,core,near->core,normal,pre_outage,weekday,53,27,26,3,3,0.1111111111111111,0.11538461538461539
2018-01-02,2018-01-02 18:00:00,near,outer,near->outer,normal,pre_outage,weekday,53,27,26,3,0,0.0,0.0
2018-01-02,2018-01-02 18:00:00,outer,core,outer->core,normal,pre_outage,weekday,53,6,6,2,1,0.16666666666666666,0.16666666666666666
2018-01-02,2018-01-02 18:00:00,outer,near,outer->near,normal,pre_outage,weekday,53,6,6,2,1,0.16666666666666666,0.16666666666666666
2018-01-02,2018-01-02 19:00:00,core,near,core->near,normal,pre_outage,weekday,53,14,14,0,0,0.0,0.0
2018-01-02,2018-01-02 19:00:00,core,outer,core->outer,normal,pre_outage,weekday,53,14,14,0,0,0.0,0.0
2018-01-02,2018-01-02 19:00:00,near,core,near->core,normal,pre_outage,weekday,53,29,29,5,3,0.10344827586206896,0.10344827586206896
2018-01-02,2018-01-02 19:00:00,near,outer,near->outer,normal,pre_outage,weekday,53,29,29,5,2,0.06896551724137931,0.06896551724137931
2018-01-02,2018-01-02 19:00:00,outer,core,outer->core,normal,pre_outage,weekday,53,4,4,0,0,0.0,0.0
2018-01-02,2018-01-02 19:00:00,outer,near,outer->near,normal,pre_outage,weekday,53,4,4,0,0,0.0,0.0
2018-01-02,2018-01-02 20:00:00,core,near,core->near,normal,pre_outage,weekday,53,17,16,0,0,0.0,0.0
2018-01-02,2018-01-02 20:00:00,core,outer,core->outer,normal,pre_outage,weekday,53,17,16,0,0,0.0,0.0
2018-01-02,2018-01-02 20:00:00,near,core,near->core,normal,pre_outage,weekday,53,24,24,0,0,0.0,0.0
2018-01-02,2018-01-02 20:00:00,near,outer,near->outer,normal,pre_outage,weekday,53,24,24,0,0,0.0,0.0
2018-01-02,2018-01-02 20:00:00,outer,core,outer->core,normal,pre_outage,weekday,53,6,6,0,0,0.0,0.0
2018-01-02,2018-01-02 20:00:00,outer,near,outer->near,normal,pre_outage,weekday,53,6,6,0,0,0.0,0.0
2018-01-02,2018-01-02 21:00:00,core,near,core->near,normal,pre_outage,weekday,53,16,16,0,0,0.0,0.0
2018-01-02,2018-01-02 21:00:00,core,outer,core->outer,normal,pre_outage,weekday,53,16,16,0,0,0.0,0.0
2018-01-02,2018-01-02 21:00:00,near,core,near->core,normal,pre_outage,weekday,53,24,23,2,2,0.08333333333333333,0.08695652173913043
2018-01-02,2018-01-02 21:00:00,near,outer,near->outer,normal,pre_outage,weekday,53,24,23,2,0,0.0,0.0
2018-01-02,2018-01-02 21:00:00,outer,core,outer->core,normal,pre_outage,weekday,53,6,5,2,0,0.0,0.0
2018-01-02,2018-01-02 21:00:00,outer,near,outer->near,normal,pre_outage,weekday,53,6,5,2,2,0.3333333333333333,0.4
2018-01-02,2018-01-02 22:00:00,core,near,core->near,normal,pre_outage,weekday,53,19,19,1,1,0.05263157894736842,0.05263157894736842
2018-01-02,2018-01-02 22:00:00,core,outer,core->outer,normal,pre_outage,weekday,53,19,19,1,0,0.0,0.0
2018-01-02,2018-01-02 22:00:00,near,core,near->core,normal,pre_outage,weekday,53,23,23,0,0,0.0,0.0
2018-01-02,2018-01-02 22:00:00,near,outer,near->outer,normal,pre_outage,weekday,53,23,23,0,0,0.0,0.0
2018-01-02,2018-01-02 22:00:00,outer,core,outer->core,normal,pre_outage,weekday,53,3,3,0,0,0.0,0.0
2018-01-02,2018-01-02 22:00:00,outer,near,outer->near,normal,pre_outage,weekday,53,3,3,0,0,0.0,0.0
2018-01-02,2018-01-02 23:00:00,core,near,core->near,normal,pre_outage,weekday,53,18,18,0,0,0.0,0.0
2018-01-02,2018-01-02 23:00:00,core,outer,core->outer,normal,pre_outage,weekday,53,18,18,0,0,0.0,0.0
2018-01-02,2018-01-02 23:00:00,near,core,near->core,normal,pre_outage,weekday,53,24,24,2,0,0.0,0.0
2018-01-02,2018-01-02 23:00:00,near,outer,near->outer,normal,pre_outage,weekday,53,24,24,2,2,0.08333333333333333,0.08333333333333333
2018-01-02,2018-01-02 23:00:00,outer,core,outer->core,normal,pre_outage,weekday,53,3,3,0,0,0.0,0.0
2018-01-02,2018-01-02 23:00:00,outer,near,outer->near,normal,pre_outage,weekday,53,3,3,0,0,0.0,0.0
2018-01-03,2018-01-03 00:00:00,core,near,core->near,normal,pre_outage,weekday,58,18,18,0,0,0.0,0.0
2018-01-03,2018-01-03 00:00:00,core,outer,core->outer,normal,pre_outage,weekday,58,18,18,0,0,0.0,0.0
2018-01-03,2018-01-03 00:00:00,near,core,near->core,normal,pre_outage,weekday,58,23,22,0,0,0.0,0.0
2018-01-03,2018-01-03 00:00:00,near,outer,near->outer,normal,pre_outage,weekday,58,23,22,0,0,0.0,0.0
2018-01-03,2018-01-03 00:00:00,outer,core,outer->core,normal,pre_outage,weekday,58,5,5,0,0,0.0,0.0
2018-01-03,2018-01-03 00:00:00,outer,near,outer->near,normal,pre_outage,weekday,58,5,5,0,0,0.0,0.0
2018-01-03,2018-01-03 01:00:00,core,near,core->near,normal,pre_outage,weekday,58,18,18,2,2,0.1111111111111111,0.1111111111111111
2018-01-03,2018-01-03 01:00:00,core,outer,core->outer,normal,pre_outage,weekday,58,18,18,2,0,0.0,0.0
2018-01-03,2018-01-03 01:00:00,near,core,near->core,normal,pre_outage,weekday,58,23,22,0,0,0.0,0.0
2018-01-03,2018-01-03 01:00:00,near,outer,near->outer,normal,pre_outage,weekday,58,23,22,0,0,0.0,0.0
2018-01-03,2018-01-03 01:00:00,outer,core,outer->core,normal,pre_outage,weekday,58,5,3,0,0,0.0,0.0
2018-01-03,2018-01-03 01:00:00,outer,near,outer->near,normal,pre_outage,weekday,58,5,3,0,0,0.0,0.0
2018-01-03,2018-01-03 02:00:00,core,near,core->near,normal,pre_outage,weekday,58,16,16,3,3,0.1875,0.1875
2018-01-03,2018-01-03 02:00:00,core,outer,core->outer,normal,pre_outage,weekday,58,16,16,3,0,0.0,0.0
2018-01-03,2018-01-03 02:00:00,near,core,near->core,normal,pre_outage,weekday,58,24,24,2,2,0.08333333333333333,0.08333333333333333
2018-01-03,2018-01-03 02:00:00,near,outer,near->outer,normal,pre_outage,weekday,58,24,24,2,0,0.0,0.0
2018-01-03,2018-01-03 02:00:00,outer,core,outer->core,normal,pre_outage,weekday,58,3,3,0,0,0.0,0.0
2018-01-03,2018-01-03 02:00:00,outer,near,outer->near,normal,pre_outage,weekday,58,3,3,0,0,0.0,0.0
2018-01-03,2018-01-03 03:00:00,core,near,core->near,normal,pre_outage,weekday,58,15,15,1,0,0.0,0.0
2018-01-03,2018-01-03 03:00:00,core,outer,core->outer,normal,pre_outage,weekday,58,15,15,1,1,0.06666666666666667,0.06666666666666667
2018-01-03,2018-01-03 03:00:00,near,core,near->core,normal,pre_outage,weekday,58,26,25,3,2,0.07692307692307693,0.08
2018-01-03,2018-01-03 03:00:00,near,outer,near->outer,normal,pre_outage,weekday,58,26,25,3,1,0.038461538461538464,0.04
2018-01-03,2018-01-03 03:00:00,outer,core,outer->core,normal,pre_outage,weekday,58,4,4,0,0,0.0,0.0
2018-01-03,2018-01-03 03:00:00,outer,near,outer->near,normal,pre_outage,weekday,58,4,4,0,0,0.0,0.0
2018-01-03,2018-01-03 04:00:00,core,near,core->near,normal,pre_outage,weekday,58,16,16,0,0,0.0,0.0
2018-01-03,2018-01-03 04:00:00,core,outer,core->outer,normal,pre_outage,weekday,58,16,16,0,0,0.0,0.0
2018-01-03,2018-01-03 04:00:00,near,core,near->core,normal,pre_outage,weekday,58,22,22,0,0,0.0,0.0
2018-01-03,2018-01-03 04:00:00,near,outer,near->outer,normal,pre_outage,weekday,58,22,22,0,0,0.0,0.0
2018-01-03,2018-01-03 04:00:00,outer,core,outer->core,normal,pre_outage,weekday,58,6,6,1,0,0.0,0.0
2018-01-03,2018-01-03 04:00:00,outer,near,outer->near,normal,pre_outage,weekday,58,6,6,1,1,0.16666666666666666,0.16666666666666666
2018-01-03,2018-01-03 05:00:00,core,near,core->near,normal,pre_outage,weekday,58,16,16,0,0,0.0,0.0
2018-01-03,2018-01-03 05:00:00,core,outer,core->outer,normal,pre_outage,weekday,58,16,16,0,0,0.0,0.0
2018-01-03,2018-01-03 05:00:00,near,core,near->core,normal,pre_outage,weekday,58,23,23,0,0,0.0,0.0
2018-01-03,2018-01-03 05:00:00,near,outer,near->outer,normal,pre_outage,weekday,58,23,23,0,0,0.0,0.0
2018-01-03,2018-01-03 05:00:00,outer,core,outer->core,normal,pre_outage,weekday,58,5,5,2,1,0.2,0.2
2018-01-03,2018-01-03 05:00:00,outer,near,outer->near,normal,pre_outage,weekday,58,5,5,2,1,0.2,0.2
2018-01-03,2018-01-03 06:00:00,core,near,core->near,normal,pre_outage,weekday,58,17,17,5,5,0.29411764705882354,0.29411764705882354
2018-01-03,2018-01-03 06:00:00,core,outer,core->outer,normal,pre_outage,weekday,58,17,17,5,0,0.0,0.0
2018-01-03,2018-01-03 06:00:00,near,core,near->core,normal,pre_outage,weekday,58,24,24,1,1,0.041666666666666664,0.041666666666666664
2018-01-03,2018-01-03 06:00:00,near,outer,near->outer,normal,pre_outage,weekday,58,24,24,1,0,0.0,0.0
2018-01-03,2018-01-03 06:00:00,outer,core,outer->core,normal,pre_outage,weekday,58,3,3,0,0,0.0,0.0
2018-01-03,2018-01-03 06:00:00,outer,near,outer->near,normal,pre_outage,weekday,58,3,3,0,0,0.0,0.0
2018-01-03,2018-01-03 07:00:00,core,near,core->near,normal,pre_outage,weekday,58,13,13,3,2,0.15384615384615385,0.15384615384615385
2018-01-03,2018-01-03 07:00:00,core,outer,core->outer,normal,pre_outage,weekday,58,13,13,3,1,0.07692307692307693,0.07692307692307693
2018-01-03,2018-01-03 07:00:00,near,core,near->core,normal,pre_outage,weekday,58,30,28,1,1,0.03333333333333333,0.03571428571428571
2018-01-03,2018-01-03 07:00:00,near,outer,near->outer,normal,pre_outage,weekday,58,30,28,1,0,0.0,0.0
2018-01-03,2018-01-03 07:00:00,outer,core,outer->core,normal,pre_outage,weekday,58,4,4,0,0,0.0,0.0
2018-01-03,2018-01-03 07:00:00,outer,near,outer->near,normal,pre_outage,weekday,58,4,4,0,0,0.0,0.0
2018-01-03,2018-01-03 08:00:00,core,near,core->near,normal,pre_outage,weekday,58,11,11,1,1,0.09090909090909091,0.09090909090909091
2018-01-03,2018-01-03 08:00:00,core,outer,core->outer,normal,pre_outage,weekday,58,11,11,1,0,0.0,0.0
2018-01-03,2018-01-03 08:00:00,near,core,near->core,normal,pre_outage,weekday,58,29,29,5,4,0.13793103448275862,0.13793103448275862
2018-01-03,2018-01-03 08:00:00,near,outer,near->outer,normal,pre_outage,weekday,58,29,29,5,1,0.034482758620689655,0.034482758620689655
2018-01-03,2018-01-03 08:00:00,outer,core,outer->core,normal,pre_outage,weekday,58,5,5,1,1,0.2,0.2
2018-01-03,2018-01-03 08:00:00,outer,near,outer->near,normal,pre_outage,weekday,58,5,5,1,0,0.0,0.0
2018-01-03,2018-01-03 09:00:00,core,near,core->near,normal,pre_outage,weekday,58,15,15,2,2,0.13333333333333333,0.13333333333333333
2018-01-03,2018-01-03 09:00:00,core,outer,core->outer,normal,pre_outage,weekday,58,15,15,2,0,0.0,0.0
2018-01-03,2018-01-03 09:00:00,near,core,near->core,normal,pre_outage,weekday,58,26,26,1,0,0.0,0.0
2018-01-03,2018-01-03 09:00:00,near,outer,near->outer,normal,pre_outage,weekday,58,26,26,1,1,0.038461538461538464,0.038461538461538464
2018-01-03,2018-01-03 09:00:00,outer,core,outer->core,normal,pre_outage,weekday,58,5,5,0,0,0.0,0.0
2018-01-03,2018-01-03 09:00:00,outer,near,outer->near,normal,pre_outage,weekday,58,5,5,0,0,0.0,0.0
2018-01-03,2018-01-03 10:00:00,core,near,core->near,normal,pre_outage,weekday,58,13,13,4,2,0.15384615384615385,0.15384615384615385
2018-01-03,2018-01-03 10:00:00,core,outer,core->outer,normal,pre_outage,weekday,58,13,13,4,2,0.15384615384615385,0.15384615384615385
2018-01-03,2018-01-03 10:00:00,near,core,near->core,normal,pre_outage,weekday,58,27,26,0,0,0.0,0.0
2018-01-03,2018-01-03 10:00:00,near,outer,near->outer,normal,pre_outage,weekday,58,27,26,0,0,0.0,0.0
2018-01-03,2018-01-03 10:00:00,outer,core,outer->core,normal,pre_outage,weekday,58,7,7,2,1,0.14285714285714285,0.14285714285714285
2018-01-03,2018-01-03 10:00:00,outer,near,outer->near,normal,pre_outage,weekday,58,7,7,2,1,0.14285714285714285,0.14285714285714285
2018-01-03,2018-01-03 11:00:00,core,near,core->near,normal,pre_outage,weekday,58,10,10,1,1,0.1,0.1
2018-01-03,2018-01-03 11:00:00,core,outer,core->outer,normal,pre_outage,weekday,58,10,10,1,0,0.0,0.0
2018-01-03,2018-01-03 11:00:00,near,core,near->core,normal,pre_outage,weekday,58,29,29,1,0,0.0,0.0
2018-01-03,2018-01-03 11:00:00,near,outer,near->outer,normal,pre_outage,weekday,58,29,29,1,1,0.034482758620689655,0.034482758620689655
2018-01-03,2018-01-03 11:00:00,outer,core,outer->core,normal,pre_outage,weekday,58,7,7,0,0,0.0,0.0
2018-01-03,2018-01-03 11:00:00,outer,near,outer->near,normal,pre_outage,weekday,58,7,7,0,0,0.0,0.0
2018-01-03,2018-01-03 12:00:00,core,near,core->near,normal,pre_outage,weekday,58,9,9,1,1,0.1111111111111111,0.1111111111111111
2018-01-03,2018-01-03 12:00:00,core,outer,core->outer,normal,pre_outage,weekday,58,9,9,1,0,0.0,0.0
2018-01-03,2018-01-03 12:00:00,near,core,near->core,normal,pre_outage,weekday,58,29,29,0,0,0.0,0.0
2018-01-03,2018-01-03 12:00:00,near,outer,near->outer,normal,pre_outage,weekday,58,29,29,0,0,0.0,0.0
2018-01-03,2018-01-03 12:00:00,outer,core,outer->core,normal,pre_outage,weekday,58,9,8,0,0,0.0,0.0
2018-01-03,2018-01-03 12:00:00,outer,near,outer->near,normal,pre_outage,weekday,58,9,8,0,0,0.0,0.0
2018-01-03,2018-01-03 13:00:00,core,near,core->near,normal,pre_outage,weekday,58,8,8,1,1,0.125,0.125
2018-01-03,2018-01-03 13:00:00,core,outer,core->outer,normal,pre_outage,weekday,58,8,8,1,0,0.0,0.0
2018-01-03,2018-01-03 13:00:00,near,core,near->core,normal,pre_outage,weekday,58,31,31,2,2,0.06451612903225806,0.06451612903225806
2018-01-03,2018-01-03 13:00:00,near,outer,near->outer,normal,pre_outage,weekday,58,31,31,2,0,0.0,0.0
2018-01-03,2018-01-03 13:00:00,outer,core,outer->core,normal,pre_outage,weekday,58,8,8,2,0,0.0,0.0
2018-01-03,2018-01-03 13:00:00,outer,near,outer->near,normal,pre_outage,weekday,58,8,8,2,2,0.25,0.25
2018-01-03,2018-01-03 14:00:00,core,near,core->near,normal,pre_outage,weekday,58,9,9,1,1,0.1111111111111111,0.1111111111111111
2018-01-03,2018-01-03 14:00:00,core,outer,core->outer,normal,pre_outage,weekday,58,9,9,1,0,0.0,0.0
2018-01-03,2018-01-03 14:00:00,near,core,near->core,normal,pre_outage,weekday,58,32,32,2,2,0.0625,0.0625
2018-01-03,2018-01-03 14:00:00,near,outer,near->outer,normal,pre_outage,weekday,58,32,32,2,0,0.0,0.0
2018-01-03,2018-01-03 14:00:00,outer,core,outer->core,normal,pre_outage,weekday,58,6,5,1,0,0.0,0.0
2018-01-03,2018-01-03 14:00:00,outer,near,outer->near,normal,pre_outage,weekday,58,6,5,1,1,0.16666666666666666,0.2
2018-01-03,2018-01-03 15:00:00,core,near,core->near,normal,pre_outage,weekday,58,10,10,2,2,0.2,0.2
2018-01-03,2018-01-03 15:00:00,core,outer,core->outer,normal,pre_outage,weekday,58,10,10,2,0,0.0,0.0
2018-01-03,2018-01-03 15:00:00,near,core,near->core,normal,pre_outage,weekday,58,33,32,3,3,0.09090909090909091,0.09375
2018-01-03,2018-01-03 15:00:00,near,outer,near->outer,normal,pre_outage,weekday,58,33,32,3,0,0.0,0.0
2018-01-03,2018-01-03 15:00:00,outer,core,outer->core,normal,pre_outage,weekday,58,4,4,0,0,0.0,0.0
2018-01-03,2018-01-03 15:00:00,outer,near,outer->near,normal,pre_outage,weekday,58,4,4,0,0,0.0,0.0
2018-01-03,2018-01-03 16:00:00,core,near,core->near,normal,pre_outage,weekday,58,11,11,1,1,0.09090909090909091,0.09090909090909091
2018-01-03,2018-01-03 16:00:00,core,outer,core->outer,normal,pre_outage,weekday,58,11,11,1,0,0.0,0.0
2018-01-03,2018-01-03 16:00:00,near,core,near->core,normal,pre_outage,weekday,58,32,31,3,3,0.09375,0.0967741935483871
2018-01-03,2018-01-03 16:00:00,near,outer,near->outer,normal,pre_outage,weekday,58,32,31,3,0,0.0,0.0
2018-01-03,2018-01-03 16:00:00,outer,core,outer->core,normal,pre_outage,weekday,58,4,4,0,0,0.0,0.0
2018-01-03,2018-01-03 16:00:00,outer,near,outer->near,normal,pre_outage,weekday,58,4,4,0,0,0.0,0.0
2018-01-03,2018-01-03 17:00:00,core,near,core->near,normal,pre_outage,weekday,58,13,13,0,0,0.0,0.0
2018-01-03,2018-01-03 17:00:00,core,outer,core->outer,normal,pre_outage,weekday,58,13,13,0,0,0.0,0.0
2018-01-03,2018-01-03 17:00:00,near,core,near->core,normal,pre_outage,weekday,58,29,28,1,0,0.0,0.0
2018-01-03,2018-01-03 17:00:00,near,outer,near->outer,normal,pre_outage,weekday,58,29,28,1,1,0.034482758620689655,0.03571428571428571
2018-01-03,2018-01-03 17:00:00,outer,core,outer->core,normal,pre_outage,weekday,58,4,4,0,0,0.0,0.0
2018-01-03,2018-01-03 17:00:00,outer,near,outer->near,normal,pre_outage,weekday,58,4,4,0,0,0.0,0.0
2018-01-03,2018-01-03 18:00:00,core,near,core->near,normal,pre_outage,weekday,58,13,13,4,4,0.3076923076923077,0.3076923076923077
2018-01-03,2018-01-03 18:00:00,core,outer,core->outer,normal,pre_outage,weekday,58,13,13,4,0,0.0,0.0
2018-01-03,2018-01-03 18:00:00,near,core,near->core,normal,pre_outage,weekday,58,27,27,0,0,0.0,0.0
2018-01-03,2018-01-03 18:00:00,near,outer,near->outer,normal,pre_outage,weekday,58,27,27,0,0,0.0,0.0
2018-01-03,2018-01-03 18:00:00,outer,core,outer->core,normal,pre_outage,weekday,58,5,5,1,0,0.0,0.0
2018-01-03,2018-01-03 18:00:00,outer,near,outer->near,normal,pre_outage,weekday,58,5,5,1,1,0.2,0.2
2018-01-03,2018-01-03 19:00:00,core,near,core->near,normal,pre_outage,weekday,58,9,9,1,0,0.0,0.0
2018-01-03,2018-01-03 19:00:00,core,outer,core->outer,normal,pre_outage,weekday,58,9,9,1,1,0.1111111111111111,0.1111111111111111
2018-01-03,2018-01-03 19:00:00,near,core,near->core,normal,pre_outage,weekday,58,32,31,6,4,0.125,0.12903225806451613
2018-01-03,2018-01-03 19:00:00,near,outer,near->outer,normal,pre_outage,weekday,58,32,31,6,2,0.0625,0.06451612903225806
2018-01-03,2018-01-03 19:00:00,outer,core,outer->core,normal,pre_outage,weekday,58,4,4,0,0,0.0,0.0
2018-01-03,2018-01-03 19:00:00,outer,near,outer->near,normal,pre_outage,weekday,58,4,4,0,0,0.0,0.0
2018-01-03,2018-01-03 20:00:00,core,near,core->near,normal,pre_outage,weekday,58,12,12,0,0,0.0,0.0
2018-01-03,2018-01-03 20:00:00,core,outer,core->outer,normal,pre_outage,weekday,58,12,12,0,0,0.0,0.0
2018-01-03,2018-01-03 20:00:00,near,core,near->core,normal,pre_outage,weekday,58,25,25,1,1,0.04,0.04
2018-01-03,2018-01-03 20:00:00,near,outer,near->outer,normal,pre_outage,weekday,58,25,25,1,0,0.0,0.0
2018-01-03,2018-01-03 20:00:00,outer,core,outer->core,normal,pre_outage,weekday,58,7,7,0,0,0.0,0.0
2018-01-03,2018-01-03 20:00:00,outer,near,outer->near,normal,pre_outage,weekday,58,7,7,0,0,0.0,0.0
2018-01-03,2018-01-03 21:00:00,core,near,core->near,normal,pre_outage,weekday,58,13,13,0,0,0.0,0.0
2018-01-03,2018-01-03 21:00:00,core,outer,core->outer,normal,pre_outage,weekday,58,13,13,0,0,0.0,0.0
2018-01-03,2018-01-03 21:00:00,near,core,near->core,normal,pre_outage,weekday,58,25,24,2,2,0.08,0.08333333333333333
2018-01-03,2018-01-03 21:00:00,near,outer,near->outer,normal,pre_outage,weekday,58,25,24,2,0,0.0,0.0
2018-01-03,2018-01-03 21:00:00,outer,core,outer->core,normal,pre_outage,weekday,58,7,5,1,0,0.0,0.0
2018-01-03,2018-01-03 21:00:00,outer,near,outer->near,normal,pre_outage,weekday,58,7,5,1,1,0.14285714285714285,0.2
2018-01-03,2018-01-03 22:00:00,core,near,core->near,normal,pre_outage,weekday,58,15,15,7,6,0.4,0.4
2018-01-03,2018-01-03 22:00:00,core,outer,core->outer,normal,pre_outage,weekday,58,15,15,7,1,0.06666666666666667,0.06666666666666667
2018-01-03,2018-01-03 22:00:00,near,core,near->core,normal,pre_outage,weekday,58,23,23,1,1,0.043478260869565216,0.043478260869565216
2018-01-03,2018-01-03 22:00:00,near,outer,near->outer,normal,pre_outage,weekday,58,23,23,1,0,0.0,0.0
2018-01-03,2018-01-03 22:00:00,outer,core,outer->core,normal,pre_outage,weekday,58,4,4,0,0,0.0,0.0
2018-01-03,2018-01-03 22:00:00,outer,near,outer->near,normal,pre_outage,weekday,58,4,4,0,0,0.0,0.0
2018-01-03,2018-01-03 23:00:00,core,near,core->near,normal,pre_outage,weekday,58,9,9,1,0,0.0,0.0
2018-01-03,2018-01-03 23:00:00,core,outer,core->outer,normal,pre_outage,weekday,58,9,9,1,1,0.1111111111111111,0.1111111111111111
2018-01-03,2018-01-03 23:00:00,near,core,near->core,normal,pre_outage,weekday,58,29,29,5,4,0.13793103448275862,0.13793103448275862
2018-01-03,2018-01-03 23:00:00,near,outer,near->outer,normal,pre_outage,weekday,58,29,29,5,1,0.034482758620689655,0.034482758620689655
2018-01-03,2018-01-03 23:00:00,outer,core,outer->core,normal,pre_outage,weekday,58,5,5,0,0,0.0,0.0
2018-01-03,2018-01-03 23:00:00,outer,near,outer->near,normal,pre_outage,weekday,58,5,5,0,0,0.0,0.0
2018-01-04,2018-01-04 00:00:00,core,near,core->near,normal,pre_outage,weekday,55,12,12,0,0,0.0,0.0
2018-01-04,2018-01-04 00:00:00,core,outer,core->outer,normal,pre_outage,weekday,55,12,12,0,0,0.0,0.0
2018-01-04,2018-01-04 00:00:00,near,core,near->core,normal,pre_outage,weekday,55,24,24,0,0,0.0,0.0
2018-01-04,2018-01-04 00:00:00,near,outer,near->outer,normal,pre_outage,weekday,55,24,24,0,0,0.0,0.0
2018-01-04,2018-01-04 00:00:00,outer,core,outer->core,normal,pre_outage,weekday,55,7,6,0,0,0.0,0.0
2018-01-04,2018-01-04 00:00:00,outer,near,outer->near,normal,pre_outage,weekday,55,7,6,0,0,0.0,0.0
2018-01-04,2018-01-04 01:00:00,core,near,core->near,normal,pre_outage,weekday,55,12,12,0,0,0.0,0.0
2018-01-04,2018-01-04 01:00:00,core,outer,core->outer,normal,pre_outage,weekday,55,12,12,0,0,0.0,0.0
2018-01-04,2018-01-04 01:00:00,near,core,near->core,normal,pre_outage,weekday,55,25,24,0,0,0.0,0.0
2018-01-04,2018-01-04 01:00:00,near,outer,near->outer,normal,pre_outage,weekday,55,25,24,0,0,0.0,0.0
2018-01-04,2018-01-04 01:00:00,outer,core,outer->core,normal,pre_outage,weekday,55,6,5,1,1,0.16666666666666666,0.2
2018-01-04,2018-01-04 01:00:00,outer,near,outer->near,normal,pre_outage,weekday,55,6,5,1,0,0.0,0.0
2018-01-04,2018-01-04 02:00:00,core,near,core->near,normal,pre_outage,weekday,55,13,13,2,2,0.15384615384615385,0.15384615384615385
2018-01-04,2018-01-04 02:00:00,core,outer,core->outer,normal,pre_outage,weekday,55,13,13,2,0,0.0,0.0
2018-01-04,2018-01-04 02:00:00,near,core,near->core,normal,pre_outage,weekday,55,25,24,1,1,0.04,0.041666666666666664
2018-01-04,2018-01-04 02:00:00,near,outer,near->outer,normal,pre_outage,weekday,55,25,24,1,0,0.0,0.0
2018-01-04,2018-01-04 02:00:00,outer,core,outer->core,normal,pre_outage,weekday,55,5,5,0,0,0.0,0.0
2018-01-04,2018-01-04 02:00:00,outer,near,outer->near,normal,pre_outage,weekday,55,5,5,0,0,0.0,0.0
2018-01-04,2018-01-04 03:00:00,core,near,core->near,normal,pre_outage,weekday,55,12,12,2,2,0.16666666666666666,0.16666666666666666
2018-01-04,2018-01-04 03:00:00,core,outer,core->outer,normal,pre_outage,weekday,55,12,12,2,0,0.0,0.0
2018-01-04,2018-01-04 03:00:00,near,core,near->core,normal,pre_outage,weekday,55,25,25,0,0,0.0,0.0
2018-01-04,2018-01-04 03:00:00,near,outer,near->outer,normal,pre_outage,weekday,55,25,25,0,0,0.0,0.0
2018-01-04,2018-01-04 03:00:00,outer,core,outer->core,normal,pre_outage,weekday,55,7,7,2,1,0.14285714285714285,0.14285714285714285
2018-01-04,2018-01-04 03:00:00,outer,near,outer->near,normal,pre_outage,weekday,55,7,7,2,1,0.14285714285714285,0.14285714285714285
2018-01-04,2018-01-04 04:00:00,core,near,core->near,normal,pre_outage,weekday,55,11,11,0,0,0.0,0.0
2018-01-04,2018-01-04 04:00:00,core,outer,core->outer,normal,pre_outage,weekday,55,11,11,0,0,0.0,0.0
2018-01-04,2018-01-04 04:00:00,near,core,near->core,normal,pre_outage,weekday,55,30,29,1,0,0.0,0.0
2018-01-04,2018-01-04 04:00:00,near,outer,near->outer,normal,pre_outage,weekday,55,30,29,1,1,0.03333333333333333,0.034482758620689655
2018-01-04,2018-01-04 04:00:00,outer,core,outer->core,normal,pre_outage,weekday,55,6,5,0,0,0.0,0.0
2018-01-04,2018-01-04 04:00:00,outer,near,outer->near,normal,pre_outage,weekday,55,6,5,0,0,0.0,0.0
2018-01-04,2018-01-04 05:00:00,core,near,core->near,normal,pre_outage,weekday,55,11,11,0,0,0.0,0.0
2018-01-04,2018-01-04 05:00:00,core,outer,core->outer,normal,pre_outage,weekday,55,11,11,0,0,0.0,0.0
2018-01-04,2018-01-04 05:00:00,near,core,near->core,normal,pre_outage,weekday,55,28,28,5,5,0.17857142857142858,0.17857142857142858
2018-01-04,2018-01-04 05:00:00,near,outer,near->outer,normal,pre_outage,weekday,55,28,28,5,0,0.0,0.0
2018-01-04,2018-01-04 05:00:00,outer,core,outer->core,normal,pre_outage,weekday,55,6,5,2,0,0.0,0.0
2018-01-04,2018-01-04 05:00:00,outer,near,outer->near,normal,pre_outage,weekday,55,6,5,2,2,0.3333333333333333,0.4
2018-01-04,2018-01-04 06:00:00,core,near,core->near,normal,pre_outage,weekday,55,16,15,5,2,0.125,0.13333333333333333
2018-01-04,2018-01-04 06:00:00,core,outer,core->outer,normal,pre_outage,weekday,55,16,15,5,3,0.1875,0.2
2018-01-04,2018-01-04 06:00:00,near,core,near->core,normal,pre_outage,weekday,55,25,25,0,0,0.0,0.0
2018-01-04,2018-01-04 06:00:00,near,outer,near->outer,normal,pre_outage,weekday,55,25,25,0,0,0.0,0.0
2018-01-04,2018-01-04 06:00:00,outer,core,outer->core,normal,pre_outage,weekday,55,4,4,1,1,0.25,0.25
2018-01-04,2018-01-04 06:00:00,outer,near,outer->near,normal,pre_outage,weekday,55,4,4,1,0,0.0,0.0
2018-01-04,2018-01-04 07:00:00,core,near,core->near,normal,pre_outage,weekday,55,11,11,3,2,0.18181818181818182,0.18181818181818182
2018-01-04,2018-01-04 07:00:00,core,outer,core->outer,normal,pre_outage,weekday,55,11,11,3,1,0.09090909090909091,0.09090909090909091
2018-01-04,2018-01-04 07:00:00,near,core,near->core,normal,pre_outage,weekday,55,28,27,2,2,0.07142857142857142,0.07407407407407407
2018-01-04,2018-01-04 07:00:00,near,outer,near->outer,normal,pre_outage,weekday,55,28,27,2,0,0.0,0.0
2018-01-04,2018-01-04 07:00:00,outer,core,outer->core,normal,pre_outage,weekday,55,7,5,3,0,0.0,0.0
2018-01-04,2018-01-04 07:00:00,outer,near,outer->near,normal,pre_outage,weekday,55,7,5,3,3,0.42857142857142855,0.6
2018-01-04,2018-01-04 08:00:00,core,near,core->near,normal,pre_outage,weekday,55,10,10,1,1,0.1,0.1
2018-01-04,2018-01-04 08:00:00,core,outer,core->outer,normal,pre_outage,weekday,55,10,10,1,0,0.0,0.0
2018-01-04,2018-01-04 08:00:00,near,core,near->core,normal,pre_outage,weekday,55,30,30,2,1,0.03333333333333333,0.03333333333333333
2018-01-04,2018-01-04 08:00:00,near,outer,near->outer,normal,pre_outage,weekday,55,30,30,2,1,0.03333333333333333,0.03333333333333333
2018-01-04,2018-01-04 08:00:00,outer,core,outer->core,normal,pre_outage,weekday,55,3,3,0,0,0.0,0.0
2018-01-04,2018-01-04 08:00:00,outer,near,outer->near,normal,pre_outage,weekday,55,3,3,0,0,0.0,0.0
2018-01-04,2018-01-04 09:00:00,core,near,core->near,normal,pre_outage,weekday,55,10,10,2,2,0.2,0.2
2018-01-04,2018-01-04 09:00:00,core,outer,core->outer,normal,pre_outage,weekday,55,10,10,2,0,0.0,0.0
2018-01-04,2018-01-04 09:00:00,near,core,near->core,normal,pre_outage,weekday,55,29,29,1,0,0.0,0.0
2018-01-04,2018-01-04 09:00:00,near,outer,near->outer,normal,pre_outage,weekday,55,29,29,1,1,0.034482758620689655,0.034482758620689655
2018-01-04,2018-01-04 09:00:00,outer,core,outer->core,normal,pre_outage,weekday,55,6,5,0,0,0.0,0.0
2018-01-04,2018-01-04 09:00:00,outer,near,outer->near,normal,pre_outage,weekday,55,6,5,0,0,0.0,0.0
2018-01-04,2018-01-04 10:00:00,core,near,core->near,normal,pre_outage,weekday,55,8,8,2,2,0.25,0.25
2018-01-04,2018-01-04 10:00:00,core,outer,core->outer,normal,pre_outage,weekday,55,8,8,2,0,0.0,0.0
2018-01-04,2018-01-04 10:00:00,near,core,near->core,normal,pre_outage,weekday,55,30,30,2,2,0.06666666666666667,0.06666666666666667
2018-01-04,2018-01-04 10:00:00,near,outer,near->outer,normal,pre_outage,weekday,55,30,30,2,0,0.0,0.0
2018-01-04,2018-01-04 10:00:00,outer,core,outer->core,normal,pre_outage,weekday,55,6,6,2,1,0.16666666666666666,0.16666666666666666
2018-01-04,2018-01-04 10:00:00,outer,near,outer->near,normal,pre_outage,weekday,55,6,6,2,1,0.16666666666666666,0.16666666666666666
2018-01-04,2018-01-04 11:00:00,core,near,core->near,normal,pre_outage,weekday,55,9,8,0,0,0.0,0.0
2018-01-04,2018-01-04 11:00:00,core,outer,core->outer,normal,pre_outage,weekday,55,9,8,0,0,0.0,0.0
2018-01-04,2018-01-04 11:00:00,near,core,near->core,normal,pre_outage,weekday,55,31,30,6,6,0.1935483870967742,0.2
2018-01-04,2018-01-04 11:00:00,near,outer,near->outer,normal,pre_outage,weekday,55,31,30,6,0,0.0,0.0
2018-01-04,2018-01-04 11:00:00,outer,core,outer->core,normal,pre_outage,weekday,55,5,5,1,0,0.0,0.0
2018-01-04,2018-01-04 11:00:00,outer,near,outer->near,normal,pre_outage,weekday,55,5,5,1,1,0.2,0.2
2018-01-04,2018-01-04 12:00:00,core,near,core->near,normal,pre_outage,weekday,55,14,14,0,0,0.0,0.0
2018-01-04,2018-01-04 12:00:00,core,outer,core->outer,normal,pre_outage,weekday,55,14,14,0,0,0.0,0.0
2018-01-04,2018-01-04 12:00:00,near,core,near->core,normal,pre_outage,weekday,55,26,26,0,0,0.0,0.0
2018-01-04,2018-01-04 12:00:00,near,outer,near->outer,normal,pre_outage,weekday,55,26,26,0,0,0.0,0.0
2018-01-04,2018-01-04 12:00:00,outer,core,outer->core,normal,pre_outage,weekday,55,4,4,0,0,0.0,0.0
2018-01-04,2018-01-04 12:00:00,outer,near,outer->near,normal,pre_outage,weekday,55,4,4,0,0,0.0,0.0
2018-01-04,2018-01-04 13:00:00,core,near,core->near,normal,pre_outage,weekday,55,14,14,3,3,0.21428571428571427,0.21428571428571427
2018-01-04,2018-01-04 13:00:00,core,outer,core->outer,normal,pre_outage,weekday,55,14,14,3,0,0.0,0.0
2018-01-04,2018-01-04 13:00:00,near,core,near->core,normal,pre_outage,weekday,55,26,25,1,0,0.0,0.0
2018-01-04,2018-01-04 13:00:00,near,outer,near->outer,normal,pre_outage,weekday,55,26,25,1,1,0.038461538461538464,0.04
2018-01-04,2018-01-04 13:00:00,outer,core,outer->core,normal,pre_outage,weekday,55,5,5,1,0,0.0,0.0
2018-01-04,2018-01-04 13:00:00,outer,near,outer->near,normal,pre_outage,weekday,55,5,5,1,1,0.2,0.2
2018-01-04,2018-01-04 14:00:00,core,near,core->near,normal,pre_outage,weekday,55,11,11,1,1,0.09090909090909091,0.09090909090909091
2018-01-04,2018-01-04 14:00:00,core,outer,core->outer,normal,pre_outage,weekday,55,11,11,1,0,0.0,0.0
2018-01-04,2018-01-04 14:00:00,near,core,near->core,normal,pre_outage,weekday,55,29,28,3,3,0.10344827586206896,0.10714285714285714
2018-01-04,2018-01-04 14:00:00,near,outer,near->outer,normal,pre_outage,weekday,55,29,28,3,0,0.0,0.0
2018-01-04,2018-01-04 14:00:00,outer,core,outer->core,normal,pre_outage,weekday,55,5,5,0,0,0.0,0.0
2018-01-04,2018-01-04 14:00:00,outer,near,outer->near,normal,pre_outage,weekday,55,5,5,0,0,0.0,0.0
2018-01-04,2018-01-04 15:00:00,core,near,core->near,normal,pre_outage,weekday,55,13,13,2,2,0.15384615384615385,0.15384615384615385
2018-01-04,2018-01-04 15:00:00,core,outer,core->outer,normal,pre_outage,weekday,55,13,13,2,0,0.0,0.0
2018-01-04,2018-01-04 15:00:00,near,core,near->core,normal,pre_outage,weekday,55,26,26,1,1,0.038461538461538464,0.038461538461538464
2018-01-04,2018-01-04 15:00:00,near,outer,near->outer,normal,pre_outage,weekday,55,26,26,1,0,0.0,0.0
2018-01-04,2018-01-04 15:00:00,outer,core,outer->core,normal,pre_outage,weekday,55,5,5,1,0,0.0,0.0
2018-01-04,2018-01-04 15:00:00,outer,near,outer->near,normal,pre_outage,weekday,55,5,5,1,1,0.2,0.2
2018-01-04,2018-01-04 16:00:00,core,near,core->near,normal,pre_outage,weekday,55,12,12,0,0,0.0,0.0
2018-01-04,2018-01-04 16:00:00,core,outer,core->outer,normal,pre_outage,weekday,55,12,12,0,0,0.0,0.0
2018-01-04,2018-01-04 16:00:00,near,core,near->core,normal,pre_outage,weekday,55,29,29,2,2,0.06896551724137931,0.06896551724137931
2018-01-04,2018-01-04 16:00:00,near,outer,near->outer,normal,pre_outage,weekday,55,29,29,2,0,0.0,0.0
2018-01-04,2018-01-04 16:00:00,outer,core,outer->core,normal,pre_outage,weekday,55,4,4,0,0,0.0,0.0
2018-01-04,2018-01-04 16:00:00,outer,near,outer->near,normal,pre_outage,weekday,55,4,4,0,0,0.0,0.0
2018-01-04,2018-01-04 17:00:00,core,near,core->near,normal,pre_outage,weekday,55,14,14,1,1,0.07142857142857142,0.07142857142857142
2018-01-04,2018-01-04 17:00:00,core,outer,core->outer,normal,pre_outage,weekday,55,14,14,1,0,0.0,0.0
2018-01-04,2018-01-04 17:00:00,near,core,near->core,normal,pre_outage,weekday,55,28,28,0,0,0.0,0.0
2018-01-04,2018-01-04 17:00:00,near,outer,near->outer,normal,pre_outage,weekday,55,28,28,0,0,0.0,0.0
2018-01-04,2018-01-04 17:00:00,outer,core,outer->core,normal,pre_outage,weekday,55,4,3,0,0,0.0,0.0
2018-01-04,2018-01-04 17:00:00,outer,near,outer->near,normal,pre_outage,weekday,55,4,3,0,0,0.0,0.0
2018-01-04,2018-01-04 18:00:00,core,near,core->near,normal,pre_outage,weekday,55,13,13,2,2,0.15384615384615385,0.15384615384615385
2018-01-04,2018-01-04 18:00:00,core,outer,core->outer,normal,pre_outage,weekday,55,13,13,2,0,0.0,0.0
2018-01-04,2018-01-04 18:00:00,near,core,near->core,normal,pre_outage,weekday,55,29,29,1,1,0.034482758620689655,0.034482758620689655
2018-01-04,2018-01-04 18:00:00,near,outer,near->outer,normal,pre_outage,weekday,55,29,29,1,0,0.0,0.0
2018-01-04,2018-01-04 18:00:00,outer,core,outer->core,normal,pre_outage,weekday,55,3,3,1,0,0.0,0.0
2018-01-04,2018-01-04 18:00:00,outer,near,outer->near,normal,pre_outage,weekday,55,3,3,1,1,0.3333333333333333,0.3333333333333333
2018-01-04,2018-01-04 19:00:00,core,near,core->near,normal,pre_outage,weekday,55,12,12,0,0,0.0,0.0
2018-01-04,2018-01-04 19:00:00,core,outer,core->outer,normal,pre_outage,weekday,55,12,12,0,0,0.0,0.0
2018-01-04,2018-01-04 19:00:00,near,core,near->core,normal,pre_outage,weekday,55,31,31,5,2,0.06451612903225806,0.06451612903225806
2018-01-04,2018-01-04 19:00:00,near,outer,near->outer,normal,pre_outage,weekday,55,31,31,5,3,0.0967741935483871,0.0967741935483871
2018-01-04,2018-01-04 19:00:00,outer,core,outer->core,normal,pre_outage,weekday,55,3,3,0,0,0.0,0.0
2018-01-04,2018-01-04 19:00:00,outer,near,outer->near,normal,pre_outage,weekday,55,3,3,0,0,0.0,0.0
2018-01-04,2018-01-04 20:00:00,core,near,core->near,normal,pre_outage,weekday,55,14,14,0,0,0.0,0.0
2018-01-04,2018-01-04 20:00:00,core,outer,core->outer,normal,pre_outage,weekday,55,14,14,0,0,0.0,0.0
2018-01-04,2018-01-04 20:00:00,near,core,near->core,normal,pre_outage,weekday,55,26,26,0,0,0.0,0.0
2018-01-04,2018-01-04 20:00:00,near,outer,near->outer,normal,pre_outage,weekday,55,26,26,0,0,0.0,0.0
2018-01-04,2018-01-04 20:00:00,outer,core,outer->core,normal,pre_outage,weekday,55,7,6,0,0,0.0,0.0
2018-01-04,2018-01-04 20:00:00,outer,near,outer->near,normal,pre_outage,weekday,55,7,6,0,0,0.0,0.0
2018-01-04,2018-01-04 21:00:00,core,near,core->near,normal,pre_outage,weekday,55,14,14,0,0,0.0,0.0
2018-01-04,2018-01-04 21:00:00,core,outer,core->outer,normal,pre_outage,weekday,55,14,14,0,0,0.0,0.0
2018-01-04,2018-01-04 21:00:00,near,core,near->core,normal,pre_outage,weekday,55,26,26,0,0,0.0,0.0
2018-01-04,2018-01-04 21:00:00,near,outer,near->outer,normal,pre_outage,weekday,55,26,26,0,0,0.0,0.0
2018-01-04,2018-01-04 21:00:00,outer,core,outer->core,normal,pre_outage,weekday,55,6,4,0,0,0.0,0.0
2018-01-04,2018-01-04 21:00:00,outer,near,outer->near,normal,pre_outage,weekday,55,6,4,0,0,0.0,0.0
2018-01-04,2018-01-04 22:00:00,core,near,core->near,normal,pre_outage,weekday,55,14,14,2,2,0.14285714285714285,0.14285714285714285
2018-01-04,2018-01-04 22:00:00,core,outer,core->outer,normal,pre_outage,weekday,55,14,14,2,0,0.0,0.0
2018-01-04,2018-01-04 22:00:00,near,core,near->core,normal,pre_outage,weekday,55,26,26,0,0,0.0,0.0
2018-01-04,2018-01-04 22:00:00,near,outer,near->outer,normal,pre_outage,weekday,55,26,26,0,0,0.0,0.0
2018-01-04,2018-01-04 22:00:00,outer,core,outer->core,normal,pre_outage,weekday,55,4,4,0,0,0.0,0.0
2018-01-04,2018-01-04 22:00:00,outer,near,outer->near,normal,pre_outage,weekday,55,4,4,0,0,0.0,0.0
2018-01-04,2018-01-04 23:00:00,core,near,core->near,normal,pre_outage,weekday,55,12,12,2,2,0.16666666666666666,0.16666666666666666
2018-01-04,2018-01-04 23:00:00,core,outer,core->outer,normal,pre_outage,weekday,55,12,12,2,0,0.0,0.0
2018-01-04,2018-01-04 23:00:00,near,core,near->core,normal,pre_outage,weekday,55,28,28,2,2,0.07142857142857142,0.07142857142857142
2018-01-04,2018-01-04 23:00:00,near,outer,near->outer,normal,pre_outage,weekday,55,28,28,2,0,0.0,0.0
2018-01-04,2018-01-04 23:00:00,outer,core,outer->core,normal,pre_outage,weekday,55,5,5,0,0,0.0,0.0
2018-01-04,2018-01-04 23:00:00,outer,near,outer->near,normal,pre_outage,weekday,55,5,5,0,0,0.0,0.0
2018-01-05,2018-01-05 00:00:00,core,near,core->near,normal,pre_outage,weekday,57,12,12,0,0,0.0,0.0
2018-01-05,2018-01-05 00:00:00,core,outer,core->outer,normal,pre_outage,weekday,57,12,12,0,0,0.0,0.0
2018-01-05,2018-01-05 00:00:00,near,core,near->core,normal,pre_outage,weekday,57,28,28,2,2,0.07142857142857142,0.07142857142857142
2018-01-05,2018-01-05 00:00:00,near,outer,near->outer,normal,pre_outage,weekday,57,28,28,2,0,0.0,0.0
2018-01-05,2018-01-05 00:00:00,outer,core,outer->core,normal,pre_outage,weekday,57,6,6,0,0,0.0,0.0
2018-01-05,2018-01-05 00:00:00,outer,near,outer->near,normal,pre_outage,weekday,57,6,6,0,0,0.0,0.0
2018-01-05,2018-01-05 01:00:00,core,near,core->near,normal,pre_outage,weekday,57,14,14,0,0,0.0,0.0
2018-01-05,2018-01-05 01:00:00,core,outer,core->outer,normal,pre_outage,weekday,57,14,14,0,0,0.0,0.0
2018-01-05,2018-01-05 01:00:00,near,core,near->core,normal,pre_outage,weekday,57,26,26,0,0,0.0,0.0
2018-01-05,2018-01-05 01:00:00,near,outer,near->outer,normal,pre_outage,weekday,57,26,26,0,0,0.0,0.0
2018-01-05,2018-01-05 01:00:00,outer,core,outer->core,normal,pre_outage,weekday,57,6,6,1,0,0.0,0.0
2018-01-05,2018-01-05 01:00:00,outer,near,outer->near,normal,pre_outage,weekday,57,6,6,1,1,0.16666666666666666,0.16666666666666666
2018-01-05,2018-01-05 02:00:00,core,near,core->near,normal,pre_outage,weekday,57,14,14,0,0,0.0,0.0
2018-01-05,2018-01-05 02:00:00,core,outer,core->outer,normal,pre_outage,weekday,57,14,14,0,0,0.0,0.0
2018-01-05,2018-01-05 02:00:00,near,core,near->core,normal,pre_outage,weekday,57,28,27,1,1,0.03571428571428571,0.037037037037037035
2018-01-05,2018-01-05 02:00:00,near,outer,near->outer,normal,pre_outage,weekday,57,28,27,1,0,0.0,0.0
2018-01-05,2018-01-05 02:00:00,outer,core,outer->core,normal,pre_outage,weekday,57,5,4,0,0,0.0,0.0
2018-01-05,2018-01-05 02:00:00,outer,near,outer->near,normal,pre_outage,weekday,57,5,4,0,0,0.0,0.0
2018-01-05,2018-01-05 03:00:00,core,near,core->near,normal,pre_outage,weekday,57,15,15,0,0,0.0,0.0
2018-01-05,2018-01-05 03:00:00,core,outer,core->outer,normal,pre_outage,weekday,57,15,15,0,0,0.0,0.0
2018-01-05,2018-01-05 03:00:00,near,core,near->core,normal,pre_outage,weekday,57,27,26,1,0,0.0,0.0
2018-01-05,2018-01-05 03:00:00,near,outer,near->outer,normal,pre_outage,weekday,57,27,26,1,1,0.037037037037037035,0.038461538461538464
2018-01-05,2018-01-05 03:00:00,outer,core,outer->core,normal,pre_outage,weekday,57,4,4,0,0,0.0,0.0
2018-01-05,2018-01-05 03:00:00,outer,near,outer->near,normal,pre_outage,weekday,57,4,4,0,0,0.0,0.0
2018-01-05,2018-01-05 04:00:00,core,near,core->near,normal,pre_outage,weekday,57,15,15,0,0,0.0,0.0
2018-01-05,2018-01-05 04:00:00,core,outer,core->outer,normal,pre_outage,weekday,57,15,15,0,0,0.0,0.0
2018-01-05,2018-01-05 04:00:00,near,core,near->core,normal,pre_outage,weekday,57,25,25,0,0,0.0,0.0
2018-01-05,2018-01-05 04:00:00,near,outer,near->outer,normal,pre_outage,weekday,57,25,25,0,0,0.0,0.0
2018-01-05,2018-01-05 04:00:00,outer,core,outer->core,normal,pre_outage,weekday,57,5,5,0,0,0.0,0.0
2018-01-05,2018-01-05 04:00:00,outer,near,outer->near,normal,pre_outage,weekday,57,5,5,0,0,0.0,0.0
2018-01-05,2018-01-05 05:00:00,core,near,core->near,normal,pre_outage,weekday,57,15,15,1,1,0.06666666666666667,0.06666666666666667
2018-01-05,2018-01-05 05:00:00,core,outer,core->outer,normal,pre_outage,weekday,57,15,15,1,0,0.0,0.0
2018-01-05,2018-01-05 05:00:00,near,core,near->core,normal,pre_outage,weekday,57,25,25,0,0,0.0,0.0
2018-01-05,2018-01-05 05:00:00,near,outer,near->outer,normal,pre_outage,weekday,57,25,25,0,0,0.0,0.0
2018-01-05,2018-01-05 05:00:00,outer,core,outer->core,normal,pre_outage,weekday,57,5,5,2,0,0.0,0.0
2018-01-05,2018-01-05 05:00:00,outer,near,outer->near,normal,pre_outage,weekday,57,5,5,2,2,0.4,0.4
2018-01-05,2018-01-05 06:00:00,core,near,core->near,normal,pre_outage,weekday,57,14,14,2,2,0.14285714285714285,0.14285714285714285
2018-01-05,2018-01-05 06:00:00,core,outer,core->outer,normal,pre_outage,weekday,57,14,14,2,0,0.0,0.0
2018-01-05,2018-01-05 06:00:00,near,core,near->core,normal,pre_outage,weekday,57,28,28,0,0,0.0,0.0
2018-01-05,2018-01-05 06:00:00,near,outer,near->outer,normal,pre_outage,weekday,57,28,28,0,0,0.0,0.0
2018-01-05,2018-01-05 06:00:00,outer,core,outer->core,normal,pre_outage,weekday,57,3,3,0,0,0.0,0.0
2018-01-05,2018-01-05 06:00:00,outer,near,outer->near,normal,pre_outage,weekday,57,3,3,0,0,0.0,0.0
2018-01-05,2018-01-05 07:00:00,core,near,core->near,normal,pre_outage,weekday,57,12,12,2,2,0.16666666666666666,0.16666666666666666
2018-01-05,2018-01-05 07:00:00,core,outer,core->outer,normal,pre_outage,weekday,57,12,12,2,0,0.0,0.0
2018-01-05,2018-01-05 07:00:00,near,core,near->core,normal,pre_outage,weekday,57,30,30,3,2,0.06666666666666667,0.06666666666666667
2018-01-05,2018-01-05 07:00:00,near,outer,near->outer,normal,pre_outage,weekday,57,30,30,3,1,0.03333333333333333,0.03333333333333333
2018-01-05,2018-01-05 07:00:00,outer,core,outer->core,normal,pre_outage,weekday,57,4,3,0,0,0.0,0.0
2018-01-05,2018-01-05 07:00:00,outer,near,outer->near,normal,pre_outage,weekday,57,4,3,0,0,0.0,0.0
2018-01-05,2018-01-05 08:00:00,core,near,core->near,normal,pre_outage,weekday,57,12,12,0,0,0.0,0.0
2018-01-05,2018-01-05 08:00:00,core,outer,core->outer,normal,pre_outage,weekday,57,12,12,0,0,0.0,0.0
2018-01-05,2018-01-05 08:00:00,near,core,near->core,normal,pre_outage,weekday,57,29,29,3,3,0.10344827586206896,0.10344827586206896
2018-01-05,2018-01-05 08:00:00,near,outer,near->outer,normal,pre_outage,weekday,57,29,29,3,0,0.0,0.0
2018-01-05,2018-01-05 08:00:00,outer,core,outer->core,normal,pre_outage,weekday,57,5,5,0,0,0.0,0.0
2018-01-05,2018-01-05 08:00:00,outer,near,outer->near,normal,pre_outage,weekday,57,5,5,0,0,0.0,0.0
2018-01-05,2018-01-05 09:00:00,core,near,core->near,normal,pre_outage,weekday,57,15,15,1,1,0.06666666666666667,0.06666666666666667
2018-01-05,2018-01-05 09:00:00,core,outer,core->outer,normal,pre_outage,weekday,57,15,15,1,0,0.0,0.0
2018-01-05,2018-01-05 09:00:00,near,core,near->core,normal,pre_outage,weekday,57,29,29,3,2,0.06896551724137931,0.06896551724137931
2018-01-05,2018-01-05 09:00:00,near,outer,near->outer,normal,pre_outage,weekday,57,29,29,3,1,0.034482758620689655,0.034482758620689655
2018-01-05,2018-01-05 09:00:00,outer,core,outer->core,normal,pre_outage,weekday,57,6,5,0,0,0.0,0.0
2018-01-05,2018-01-05 09:00:00,outer,near,outer->near,normal,pre_outage,weekday,57,6,5,0,0,0.0,0.0
2018-01-05,2018-01-05 10:00:00,core,near,core->near,normal,pre_outage,weekday,57,16,16,6,6,0.375,0.375
2018-01-05,2018-01-05 10:00:00,core,outer,core->outer,normal,pre_outage,weekday,57,16,16,6,0,0.0,0.0
2018-01-05,2018-01-05 10:00:00,near,core,near->core,normal,pre_outage,weekday,57,27,27,0,0,0.0,0.0
2018-01-05,2018-01-05 10:00:00,near,outer,near->outer,normal,pre_outage,weekday,57,27,27,0,0,0.0,0.0
2018-01-05,2018-01-05 10:00:00,outer,core,outer->core,normal,pre_outage,weekday,57,6,6,1,1,0.16666666666666666,0.16666666666666666
2018-01-05,2018-01-05 10:00:00,outer,near,outer->near,normal,pre_outage,weekday,57,6,6,1,0,0.0,0.0
2018-01-05,2018-01-05 11:00:00,core,near,core->near,normal,pre_outage,weekday,57,11,10,1,0,0.0,0.0
2018-01-05,2018-01-05 11:00:00,core,outer,core->outer,normal,pre_outage,weekday,57,11,10,1,1,0.09090909090909091,0.1
2018-01-05,2018-01-05 11:00:00,near,core,near->core,normal,pre_outage,weekday,57,34,33,6,4,0.11764705882352941,0.12121212121212122
2018-01-05,2018-01-05 11:00:00,near,outer,near->outer,normal,pre_outage,weekday,57,34,33,6,2,0.058823529411764705,0.06060606060606061
2018-01-05,2018-01-05 11:00:00,outer,core,outer->core,normal,pre_outage,weekday,57,5,4,0,0,0.0,0.0
2018-01-05,2018-01-05 11:00:00,outer,near,outer->near,normal,pre_outage,weekday,57,5,4,0,0,0.0,0.0
2018-01-05,2018-01-05 12:00:00,core,near,core->near,normal,pre_outage,weekday,57,13,13,1,1,0.07692307692307693,0.07692307692307693
2018-01-05,2018-01-05 12:00:00,core,outer,core->outer,normal,pre_outage,weekday,57,13,13,1,0,0.0,0.0
2018-01-05,2018-01-05 12:00:00,near,core,near->core,normal,pre_outage,weekday,57,27,27,2,1,0.037037037037037035,0.037037037037037035
2018-01-05,2018-01-05 12:00:00,near,outer,near->outer,normal,pre_outage,weekday,57,27,27,2,1,0.037037037037037035,0.037037037037037035
2018-01-05,2018-01-05 12:00:00,outer,core,outer->core,normal,pre_outage,weekday,57,7,7,2,1,0.14285714285714285,0.14285714285714285
2018-01-05,2018-01-05 12:00:00,outer,near,outer->near,normal,pre_outage,weekday,57,7,7,2,1,0.14285714285714285,0.14285714285714285
2018-01-05,2018-01-05 13:00:00,core,near,core->near,normal,pre_outage,weekday,57,14,14,2,2,0.14285714285714285,0.14285714285714285
2018-01-05,2018-01-05 13:00:00,core,outer,core->outer,normal,pre_outage,weekday,57,14,14,2,0,0.0,0.0
2018-01-05,2018-01-05 13:00:00,near,core,near->core,normal,pre_outage,weekday,57,27,26,2,2,0.07407407407407407,0.07692307692307693
2018-01-05,2018-01-05 13:00:00,near,outer,near->outer,normal,pre_outage,weekday,57,27,26,2,0,0.0,0.0
2018-01-05,2018-01-05 13:00:00,outer,core,outer->core,normal,pre_outage,weekday,57,7,7,1,0,0.0,0.0
2018-01-05,2018-01-05 13:00:00,outer,near,outer->near,normal,pre_outage,weekday,57,7,7,1,1,0.14285714285714285,0.14285714285714285
2018-01-05,2018-01-05 14:00:00,core,near,core->near,normal,pre_outage,weekday,57,15,15,1,1,0.06666666666666667,0.06666666666666667
2018-01-05,2018-01-05 14:00:00,core,outer,core->outer,normal,pre_outage,weekday,57,15,15,1,0,0.0,0.0
2018-01-05,2018-01-05 14:00:00,near,core,near->core,normal,pre_outage,weekday,57,27,27,1,1,0.037037037037037035,0.037037037037037035
2018-01-05,2018-01-05 14:00:00,near,outer,near->outer,normal,pre_outage,weekday,57,27,27,1,0,0.0,0.0
2018-01-05,2018-01-05 14:00:00,outer,core,outer->core,normal,pre_outage,weekday,57,6,6,0,0,0.0,0.0
2018-01-05,2018-01-05 14:00:00,outer,near,outer->near,normal,pre_outage,weekday,57,6,6,0,0,0.0,0.0
2018-01-05,2018-01-05 15:00:00,core,near,core->near,normal,pre_outage,weekday,57,15,15,3,2,0.13333333333333333,0.13333333333333333
2018-01-05,2018-01-05 15:00:00,core,outer,core->outer,normal,pre_outage,weekday,57,15,15,3,1,0.06666666666666667,0.06666666666666667
2018-01-05,2018-01-05 15:00:00,near,core,near->core,normal,pre_outage,weekday,57,27,27,3,2,0.07407407407407407,0.07407407407407407
2018-01-05,2018-01-05 15:00:00,near,outer,near->outer,normal,pre_outage,weekday,57,27,27,3,1,0.037037037037037035,0.037037037037037035
2018-01-05,2018-01-05 15:00:00,outer,core,outer->core,normal,pre_outage,weekday,57,6,5,3,1,0.16666666666666666,0.2
2018-01-05,2018-01-05 15:00:00,outer,near,outer->near,normal,pre_outage,weekday,57,6,5,3,2,0.3333333333333333,0.4
2018-01-05,2018-01-05 16:00:00,core,near,core->near,normal,pre_outage,weekday,57,15,14,0,0,0.0,0.0
2018-01-05,2018-01-05 16:00:00,core,outer,core->outer,normal,pre_outage,weekday,57,15,14,0,0,0.0,0.0
2018-01-05,2018-01-05 16:00:00,near,core,near->core,normal,pre_outage,weekday,57,28,28,1,1,0.03571428571428571,0.03571428571428571
2018-01-05,2018-01-05 16:00:00,near,outer,near->outer,normal,pre_outage,weekday,57,28,28,1,0,0.0,0.0
2018-01-05,2018-01-05 16:00:00,outer,core,outer->core,normal,pre_outage,weekday,57,4,4,0,0,0.0,0.0
2018-01-05,2018-01-05 16:00:00,outer,near,outer->near,normal,pre_outage,weekday,57,4,4,0,0,0.0,0.0
2018-01-05,2018-01-05 17:00:00,core,near,core->near,normal,pre_outage,weekday,57,15,14,3,2,0.13333333333333333,0.14285714285714285
2018-01-05,2018-01-05 17:00:00,core,outer,core->outer,normal,pre_outage,weekday,57,15,14,3,1,0.06666666666666667,0.07142857142857142
2018-01-05,2018-01-05 17:00:00,near,core,near->core,normal,pre_outage,weekday,57,28,27,0,0,0.0,0.0
2018-01-05,2018-01-05 17:00:00,near,outer,near->outer,normal,pre_outage,weekday,57,28,27,0,0,0.0,0.0
2018-01-05,2018-01-05 17:00:00,outer,core,outer->core,normal,pre_outage,weekday,57,6,4,1,0,0.0,0.0
2018-01-05,2018-01-05 17:00:00,outer,near,outer->near,normal,pre_outage,weekday,57,6,4,1,1,0.16666666666666666,0.25
2018-01-05,2018-01-05 18:00:00,core,near,core->near,normal,pre_outage,weekday,57,11,11,4,4,0.36363636363636365,0.36363636363636365
2018-01-05,2018-01-05 18:00:00,core,outer,core->outer,normal,pre_outage,weekday,57,11,11,4,0,0.0,0.0
2018-01-05,2018-01-05 18:00:00,near,core,near->core,normal,pre_outage,weekday,57,30,30,3,3,0.1,0.1
2018-01-05,2018-01-05 18:00:00,near,outer,near->outer,normal,pre_outage,weekday,57,30,30,3,0,0.0,0.0
2018-01-05,2018-01-05 18:00:00,outer,core,outer->core,normal,pre_outage,weekday,57,4,4,0,0,0.0,0.0
2018-01-05,2018-01-05 18:00:00,outer,near,outer->near,normal,pre_outage,weekday,57,4,4,0,0,0.0,0.0
2018-01-05,2018-01-05 19:00:00,core,near,core->near,normal,pre_outage,weekday,57,10,10,0,0,0.0,0.0
2018-01-05,2018-01-05 19:00:00,core,outer,core->outer,normal,pre_outage,weekday,57,10,10,0,0,0.0,0.0
2018-01-05,2018-01-05 19:00:00,near,core,near->core,normal,pre_outage,weekday,57,31,31,4,3,0.0967741935483871,0.0967741935483871
2018-01-05,2018-01-05 19:00:00,near,outer,near->outer,normal,pre_outage,weekday,57,31,31,4,1,0.03225806451612903,0.03225806451612903
2018-01-05,2018-01-05 19:00:00,outer,core,outer->core,normal,pre_outage,weekday,57,4,4,0,0,0.0,0.0
2018-01-05,2018-01-05 19:00:00,outer,near,outer->near,normal,pre_outage,weekday,57,4,4,0,0,0.0,0.0
2018-01-05,2018-01-05 20:00:00,core,near,core->near,normal,pre_outage,weekday,57,13,13,0,0,0.0,0.0
2018-01-05,2018-01-05 20:00:00,core,outer,core->outer,normal,pre_outage,weekday,57,13,13,0,0,0.0,0.0
2018-01-05,2018-01-05 20:00:00,near,core,near->core,normal,pre_outage,weekday,57,28,26,0,0,0.0,0.0
2018-01-05,2018-01-05 20:00:00,near,outer,near->outer,normal,pre_outage,weekday,57,28,26,0,0,0.0,0.0
2018-01-05,2018-01-05 20:00:00,outer,core,outer->core,normal,pre_outage,weekday,57,6,6,1,0,0.0,0.0
2018-01-05,2018-01-05 20:00:00,outer,near,outer->near,normal,pre_outage,weekday,57,6,6,1,1,0.16666666666666666,0.16666666666666666
2018-01-05,2018-01-05 21:00:00,core,near,core->near,normal,pre_outage,weekday,57,13,13,0,0,0.0,0.0
2018-01-05,2018-01-05 21:00:00,core,outer,core->outer,normal,pre_outage,weekday,57,13,13,0,0,0.0,0.0
2018-01-05,2018-01-05 21:00:00,near,core,near->core,normal,pre_outage,weekday,57,27,27,0,0,0.0,0.0
2018-01-05,2018-01-05 21:00:00,near,outer,near->outer,normal,pre_outage,weekday,57,27,27,0,0,0.0,0.0
2018-01-05,2018-01-05 21:00:00,outer,core,outer->core,normal,pre_outage,weekday,57,5,5,1,0,0.0,0.0
2018-01-05,2018-01-05 21:00:00,outer,near,outer->near,normal,pre_outage,weekday,57,5,5,1,1,0.2,0.2
2018-01-05,2018-01-05 22:00:00,core,near,core->near,normal,pre_outage,weekday,57,13,13,0,0,0.0,0.0
2018-01-05,2018-01-05 22:00:00,core,outer,core->outer,normal,pre_outage,weekday,57,13,13,0,0,0.0,0.0
2018-01-05,2018-01-05 22:00:00,near,core,near->core,normal,pre_outage,weekday,57,28,28,1,1,0.03571428571428571,0.03571428571428571
2018-01-05,2018-01-05 22:00:00,near,outer,near->outer,normal,pre_outage,weekday,57,28,28,1,0,0.0,0.0
2018-01-05,2018-01-05 22:00:00,outer,core,outer->core,normal,pre_outage,weekday,57,4,4,0,0,0.0,0.0
2018-01-05,2018-01-05 22:00:00,outer,near,outer->near,normal,pre_outage,weekday,57,4,4,0,0,0.0,0.0
2018-01-05,2018-01-05 23:00:00,core,near,core->near,normal,pre_outage,weekday,57,14,14,0,0,0.0,0.0
2018-01-05,2018-01-05 23:00:00,core,outer,core->outer,normal,pre_outage,weekday,57,14,14,0,0,0.0,0.0
2018-01-05,2018-01-05 23:00:00,near,core,near->core,normal,pre_outage,weekday,57,28,27,0,0,0.0,0.0
2018-01-05,2018-01-05 23:00:00,near,outer,near->outer,normal,pre_outage,weekday,57,28,27,0,0,0.0,0.0
2018-01-05,2018-01-05 23:00:00,outer,core,outer->core,normal,pre_outage,weekday,57,4,4,0,0,0.0,0.0
2018-01-05,2018-01-05 23:00:00,outer,near,outer->near,normal,pre_outage,weekday,57,4,4,0,0,0.0,0.0
2018-01-06,2018-01-06 00:00:00,core,near,core->near,normal,pre_outage,weekend,61,14,14,0,0,0.0,0.0
2018-01-06,2018-01-06 00:00:00,core,outer,core->outer,normal,pre_outage,weekend,61,14,14,0,0,0.0,0.0
2018-01-06,2018-01-06 00:00:00,near,core,near->core,normal,pre_outage,weekend,61,27,27,0,0,0.0,0.0
2018-01-06,2018-01-06 00:00:00,near,outer,near->outer,normal,pre_outage,weekend,61,27,27,0,0,0.0,0.0
2018-01-06,2018-01-06 00:00:00,outer,core,outer->core,normal,pre_outage,weekend,61,5,5,0,0,0.0,0.0
2018-01-06,2018-01-06 00:00:00,outer,near,outer->near,normal,pre_outage,weekend,61,5,5,0,0,0.0,0.0
2018-01-06,2018-01-06 01:00:00,core,near,core->near,normal,pre_outage,weekend,61,14,14,0,0,0.0,0.0
2018-01-06,2018-01-06 01:00:00,core,outer,core->outer,normal,pre_outage,weekend,61,14,14,0,0,0.0,0.0
2018-01-06,2018-01-06 01:00:00,near,core,near->core,normal,pre_outage,weekend,61,27,27,0,0,0.0,0.0
2018-01-06,2018-01-06 01:00:00,near,outer,near->outer,normal,pre_outage,weekend,61,27,27,0,0,0.0,0.0
2018-01-06,2018-01-06 01:00:00,outer,core,outer->core,normal,pre_outage,weekend,61,5,5,1,0,0.0,0.0
2018-01-06,2018-01-06 01:00:00,outer,near,outer->near,normal,pre_outage,weekend,61,5,5,1,1,0.2,0.2
2018-01-06,2018-01-06 02:00:00,core,near,core->near,normal,pre_outage,weekend,61,14,14,1,1,0.07142857142857142,0.07142857142857142
2018-01-06,2018-01-06 02:00:00,core,outer,core->outer,normal,pre_outage,weekend,61,14,14,1,0,0.0,0.0
2018-01-06,2018-01-06 02:00:00,near,core,near->core,normal,pre_outage,weekend,61,30,29,0,0,0.0,0.0
2018-01-06,2018-01-06 02:00:00,near,outer,near->outer,normal,pre_outage,weekend,61,30,29,0,0,0.0,0.0
2018-01-06,2018-01-06 02:00:00,outer,core,outer->core,normal,pre_outage,weekend,61,6,5,1,1,0.16666666666666666,0.2
2018-01-06,2018-01-06 02:00:00,outer,near,outer->near,normal,pre_outage,weekend,61,6,5,1,0,0.0,0.0
2018-01-06,2018-01-06 03:00:00,core,near,core->near,normal,pre_outage,weekend,61,14,14,0,0,0.0,0.0
2018-01-06,2018-01-06 03:00:00,core,outer,core->outer,normal,pre_outage,weekend,61,14,14,0,0,0.0,0.0
2018-01-06,2018-01-06 03:00:00,near,core,near->core,normal,pre_outage,weekend,61,30,30,2,1,0.03333333333333333,0.03333333333333333
2018-01-06,2018-01-06 03:00:00,near,outer,near->outer,normal,pre_outage,weekend,61,30,30,2,1,0.03333333333333333,0.03333333333333333
2018-01-06,2018-01-06 03:00:00,outer,core,outer->core,normal,pre_outage,weekend,61,4,4,0,0,0.0,0.0
2018-01-06,2018-01-06 03:00:00,outer,near,outer->near,normal,pre_outage,weekend,61,4,4,0,0,0.0,0.0
2018-01-06,2018-01-06 04:00:00,core,near,core->near,normal,pre_outage,weekend,61,15,15,0,0,0.0,0.0
2018-01-06,2018-01-06 04:00:00,core,outer,core->outer,normal,pre_outage,weekend,61,15,15,0,0,0.0,0.0
2018-01-06,2018-01-06 04:00:00,near,core,near->core,normal,pre_outage,weekend,61,28,28,0,0,0.0,0.0
2018-01-06,2018-01-06 04:00:00,near,outer,near->outer,normal,pre_outage,weekend,61,28,28,0,0,0.0,0.0
2018-01-06,2018-01-06 04:00:00,outer,core,outer->core,normal,pre_outage,weekend,61,5,5,0,0,0.0,0.0
2018-01-06,2018-01-06 04:00:00,outer,near,outer->near,normal,pre_outage,weekend,61,5,5,0,0,0.0,0.0
2018-01-06,2018-01-06 05:00:00,core,near,core->near,normal,pre_outage,weekend,61,15,15,1,0,0.0,0.0
2018-01-06,2018-01-06 05:00:00,core,outer,core->outer,normal,pre_outage,weekend,61,15,15,1,1,0.06666666666666667,0.06666666666666667
2018-01-06,2018-01-06 05:00:00,near,core,near->core,normal,pre_outage,weekend,61,28,28,0,0,0.0,0.0
2018-01-06,2018-01-06 05:00:00,near,outer,near->outer,normal,pre_outage,weekend,61,28,28,0,0,0.0,0.0
2018-01-06,2018-01-06 05:00:00,outer,core,outer->core,normal,pre_outage,weekend,61,5,5,2,0,0.0,0.0
2018-01-06,2018-01-06 05:00:00,outer,near,outer->near,normal,pre_outage,weekend,61,5,5,2,2,0.4,0.4
2018-01-06,2018-01-06 06:00:00,core,near,core->near,normal,pre_outage,weekend,61,14,14,6,4,0.2857142857142857,0.2857142857142857
2018-01-06,2018-01-06 06:00:00,core,outer,core->outer,normal,pre_outage,weekend,61,14,14,6,2,0.14285714285714285,0.14285714285714285
2018-01-06,2018-01-06 06:00:00,near,core,near->core,normal,pre_outage,weekend,61,30,30,0,0,0.0,0.0
2018-01-06,2018-01-06 06:00:00,near,outer,near->outer,normal,pre_outage,weekend,61,30,30,0,0,0.0,0.0
2018-01-06,2018-01-06 06:00:00,outer,core,outer->core,normal,pre_outage,weekend,61,4,4,0,0,0.0,0.0
2018-01-06,2018-01-06 06:00:00,outer,near,outer->near,normal,pre_outage,weekend,61,4,4,0,0,0.0,0.0
2018-01-06,2018-01-06 07:00:00,core,near,core->near,normal,pre_outage,weekend,61,8,8,1,1,0.125,0.125
2018-01-06,2018-01-06 07:00:00,core,outer,core->outer,normal,pre_outage,weekend,61,8,8,1,0,0.0,0.0
2018-01-06,2018-01-06 07:00:00,near,core,near->core,normal,pre_outage,weekend,61,34,34,5,4,0.11764705882352941,0.11764705882352941
2018-01-06,2018-01-06 07:00:00,near,outer,near->outer,normal,pre_outage,weekend,61,34,34,5,1,0.029411764705882353,0.029411764705882353
2018-01-06,2018-01-06 07:00:00,outer,core,outer->core,normal,pre_outage,weekend,61,6,6,1,0,0.0,0.0
2018-01-06,2018-01-06 07:00:00,outer,near,outer->near,normal,pre_outage,weekend,61,6,6,1,1,0.16666666666666666,0.16666666666666666
2018-01-06,2018-01-06 08:00:00,core,near,core->near,normal,pre_outage,weekend,61,11,11,2,2,0.18181818181818182,0.18181818181818182
2018-01-06,2018-01-06 08:00:00,core,outer,core->outer,normal,pre_outage,weekend,61,11,11,2,0,0.0,0.0
2018-01-06,2018-01-06 08:00:00,near,core,near->core,normal,pre_outage,weekend,61,32,31,0,0,0.0,0.0
2018-01-06,2018-01-06 08:00:00,near,outer,near->outer,normal,pre_outage,weekend,61,32,31,0,0,0.0,0.0
2018-01-06,2018-01-06 08:00:00,outer,core,outer->core,normal,pre_outage,weekend,61,7,6,0,0,0.0,0.0
2018-01-06,2018-01-06 08:00:00,outer,near,outer->near,normal,pre_outage,weekend,61,7,6,0,0,0.0,0.0
2018-01-06,2018-01-06 09:00:00,core,near,core->near,normal,pre_outage,weekend,61,9,9,2,2,0.2222222222222222,0.2222222222222222
2018-01-06,2018-01-06 09:00:00,core,outer,core->outer,normal,pre_outage,weekend,61,9,9,2,0,0.0,0.0
2018-01-06,2018-01-06 09:00:00,near,core,near->core,normal,pre_outage,weekend,61,34,33,3,2,0.058823529411764705,0.06060606060606061
2018-01-06,2018-01-06 09:00:00,near,outer,near->outer,normal,pre_outage,weekend,61,34,33,3,1,0.029411764705882353,0.030303030303030304
2018-01-06,2018-01-06 09:00:00,outer,core,outer->core,normal,pre_outage,weekend,61,6,6,3,0,0.0,0.0
2018-01-06,2018-01-06 09:00:00,outer,near,outer->near,normal,pre_outage,weekend,61,6,6,3,3,0.5,0.5
2018-01-06,2018-01-06 10:00:00,core,near,core->near,normal,pre_outage,weekend,61,9,9,2,2,0.2222222222222222,0.2222222222222222
2018-01-06,2018-01-06 10:00:00,core,outer,core->outer,normal,pre_outage,weekend,61,9,9,2,0,0.0,0.0
2018-01-06,2018-01-06 10:00:00,near,core,near->core,normal,pre_outage,weekend,61,35,34,0,0,0.0,0.0
2018-01-06,2018-01-06 10:00:00,near,outer,near->outer,normal,pre_outage,weekend,61,35,34,0,0,0.0,0.0
2018-01-06,2018-01-06 10:00:00,outer,core,outer->core,normal,pre_outage,weekend,61,6,4,1,0,0.0,0.0
2018-01-06,2018-01-06 10:00:00,outer,near,outer->near,normal,pre_outage,weekend,61,6,4,1,1,0.16666666666666666,0.25
2018-01-06,2018-01-06 11:00:00,core,near,core->near,normal,pre_outage,weekend,61,7,7,0,0,0.0,0.0
2018-01-06,2018-01-06 11:00:00,core,outer,core->outer,normal,pre_outage,weekend,61,7,7,0,0,0.0,0.0
2018-01-06,2018-01-06 11:00:00,near,core,near->core,normal,pre_outage,weekend,61,37,36,5,0,0.0,0.0
2018-01-06,2018-01-06 11:00:00,near,outer,near->outer,normal,pre_outage,weekend,61,37,36,5,5,0.13513513513513514,0.1388888888888889
2018-01-06,2018-01-06 11:00:00,outer,core,outer->core,normal,pre_outage,weekend,61,4,4,0,0,0.0,0.0
2018-01-06,2018-01-06 11:00:00,outer,near,outer->near,normal,pre_outage,weekend,61,4,4,0,0,0.0,0.0
2018-01-06,2018-01-06 12:00:00,core,near,core->near,normal,pre_outage,weekend,61,7,7,0,0,0.0,0.0
2018-01-06,2018-01-06 12:00:00,core,outer,core->outer,normal,pre_outage,weekend,61,7,7,0,0,0.0,0.0
2018-01-06,2018-01-06 12:00:00,near,core,near->core,normal,pre_outage,weekend,61,31,31,2,2,0.06451612903225806,0.06451612903225806
2018-01-06,2018-01-06 12:00:00,near,outer,near->outer,normal,pre_outage,weekend,61,31,31,2,0,0.0,0.0
2018-01-06,2018-01-06 12:00:00,outer,core,outer->core,normal,pre_outage,weekend,61,10,9,4,3,0.3,0.3333333333333333
2018-01-06,2018-01-06 12:00:00,outer,near,outer->near,normal,pre_outage,weekend,61,10,9,4,1,0.1,0.1111111111111111
2018-01-06,2018-01-06 13:00:00,core,near,core->near,normal,pre_outage,weekend,61,12,12,0,0,0.0,0.0
2018-01-06,2018-01-06 13:00:00,core,outer,core->outer,normal,pre_outage,weekend,61,12,12,0,0,0.0,0.0
2018-01-06,2018-01-06 13:00:00,near,core,near->core,normal,pre_outage,weekend,61,30,28,0,0,0.0,0.0
2018-01-06,2018-01-06 13:00:00,near,outer,near->outer,normal,pre_outage,weekend,61,30,28,0,0,0.0,0.0
2018-01-06,2018-01-06 13:00:00,outer,core,outer->core,normal,pre_outage,weekend,61,6,5,0,0,0.0,0.0
2018-01-06,2018-01-06 13:00:00,outer,near,outer->near,normal,pre_outage,weekend,61,6,5,0,0,0.0,0.0
2018-01-06,2018-01-06 14:00:00,core,near,core->near,normal,pre_outage,weekend,61,12,12,1,1,0.08333333333333333,0.08333333333333333
2018-01-06,2018-01-06 14:00:00,core,outer,core->outer,normal,pre_outage,weekend,61,12,12,1,0,0.0,0.0
2018-01-06,2018-01-06 14:00:00,near,core,near->core,normal,pre_outage,weekend,61,29,29,1,0,0.0,0.0
2018-01-06,2018-01-06 14:00:00,near,outer,near->outer,normal,pre_outage,weekend,61,29,29,1,1,0.034482758620689655,0.034482758620689655
2018-01-06,2018-01-06 14:00:00,outer,core,outer->core,normal,pre_outage,weekend,61,5,5,0,0,0.0,0.0
2018-01-06,2018-01-06 14:00:00,outer,near,outer->near,normal,pre_outage,weekend,61,5,5,0,0,0.0,0.0
2018-01-06,2018-01-06 15:00:00,core,near,core->near,normal,pre_outage,weekend,61,11,11,0,0,0.0,0.0
2018-01-06,2018-01-06 15:00:00,core,outer,core->outer,normal,pre_outage,weekend,61,11,11,0,0,0.0,0.0
2018-01-06,2018-01-06 15:00:00,near,core,near->core,normal,pre_outage,weekend,61,31,30,2,2,0.06451612903225806,0.06666666666666667
2018-01-06,2018-01-06 15:00:00,near,outer,near->outer,normal,pre_outage,weekend,61,31,30,2,0,0.0,0.0
2018-01-06,2018-01-06 15:00:00,outer,core,outer->core,normal,pre_outage,weekend,61,6,5,1,0,0.0,0.0
2018-01-06,2018-01-06 15:00:00,outer,near,outer->near,normal,pre_outage,weekend,61,6,5,1,1,0.16666666666666666,0.2
2018-01-06,2018-01-06 16:00:00,core,near,core->near,normal,pre_outage,weekend,61,13,13,0,0,0.0,0.0
2018-01-06,2018-01-06 16:00:00,core,outer,core->outer,normal,pre_outage,weekend,61,13,13,0,0,0.0,0.0
2018-01-06,2018-01-06 16:00:00,near,core,near->core,normal,pre_outage,weekend,61,31,31,1,1,0.03225806451612903,0.03225806451612903
2018-01-06,2018-01-06 16:00:00,near,outer,near->outer,normal,pre_outage,weekend,61,31,31,1,0,0.0,0.0
2018-01-06,2018-01-06 16:00:00,outer,core,outer->core,normal,pre_outage,weekend,61,4,4,0,0,0.0,0.0
2018-01-06,2018-01-06 16:00:00,outer,near,outer->near,normal,pre_outage,weekend,61,4,4,0,0,0.0,0.0
2018-01-06,2018-01-06 17:00:00,core,near,core->near,normal,pre_outage,weekend,61,14,14,1,1,0.07142857142857142,0.07142857142857142
2018-01-06,2018-01-06 17:00:00,core,outer,core->outer,normal,pre_outage,weekend,61,14,14,1,0,0.0,0.0
2018-01-06,2018-01-06 17:00:00,near,core,near->core,normal,pre_outage,weekend,61,30,30,0,0,0.0,0.0
2018-01-06,2018-01-06 17:00:00,near,outer,near->outer,normal,pre_outage,weekend,61,30,30,0,0,0.0,0.0
2018-01-06,2018-01-06 17:00:00,outer,core,outer->core,normal,pre_outage,weekend,61,4,4,1,0,0.0,0.0
2018-01-06,2018-01-06 17:00:00,outer,near,outer->near,normal,pre_outage,weekend,61,4,4,1,1,0.25,0.25
2018-01-06,2018-01-06 18:00:00,core,near,core->near,normal,pre_outage,weekend,61,13,13,0,0,0.0,0.0
2018-01-06,2018-01-06 18:00:00,core,outer,core->outer,normal,pre_outage,weekend,61,13,13,0,0,0.0,0.0
2018-01-06,2018-01-06 18:00:00,near,core,near->core,normal,pre_outage,weekend,61,32,32,1,0,0.0,0.0
2018-01-06,2018-01-06 18:00:00,near,outer,near->outer,normal,pre_outage,weekend,61,32,32,1,1,0.03125,0.03125
2018-01-06,2018-01-06 18:00:00,outer,core,outer->core,normal,pre_outage,weekend,61,3,3,0,0,0.0,0.0
2018-01-06,2018-01-06 18:00:00,outer,near,outer->near,normal,pre_outage,weekend,61,3,3,0,0,0.0,0.0
2018-01-06,2018-01-06 19:00:00,core,near,core->near,normal,pre_outage,weekend,61,13,13,0,0,0.0,0.0
2018-01-06,2018-01-06 19:00:00,core,outer,core->outer,normal,pre_outage,weekend,61,13,13,0,0,0.0,0.0
2018-01-06,2018-01-06 19:00:00,near,core,near->core,normal,pre_outage,weekend,61,31,30,2,1,0.03225806451612903,0.03333333333333333
2018-01-06,2018-01-06 19:00:00,near,outer,near->outer,normal,pre_outage,weekend,61,31,30,2,1,0.03225806451612903,0.03333333333333333
2018-01-06,2018-01-06 19:00:00,outer,core,outer->core,normal,pre_outage,weekend,61,4,4,0,0,0.0,0.0
2018-01-06,2018-01-06 19:00:00,outer,near,outer->near,normal,pre_outage,weekend,61,4,4,0,0,0.0,0.0
2018-01-06,2018-01-06 20:00:00,core,near,core->near,normal,pre_outage,weekend,61,14,14,0,0,0.0,0.0
2018-01-06,2018-01-06 20:00:00,core,outer,core->outer,normal,pre_outage,weekend,61,14,14,0,0,0.0,0.0
2018-01-06,2018-01-06 20:00:00,near,core,near->core,normal,pre_outage,weekend,61,28,27,1,1,0.03571428571428571,0.037037037037037035
2018-01-06,2018-01-06 20:00:00,near,outer,near->outer,normal,pre_outage,weekend,61,28,27,1,0,0.0,0.0
2018-01-06,2018-01-06 20:00:00,outer,core,outer->core,normal,pre_outage,weekend,61,6,5,0,0,0.0,0.0
2018-01-06,2018-01-06 20:00:00,outer,near,outer->near,normal,pre_outage,weekend,61,6,5,0,0,0.0,0.0
2018-01-06,2018-01-06 21:00:00,core,near,core->near,normal,pre_outage,weekend,61,15,15,0,0,0.0,0.0
2018-01-06,2018-01-06 21:00:00,core,outer,core->outer,normal,pre_outage,weekend,61,15,15,0,0,0.0,0.0
2018-01-06,2018-01-06 21:00:00,near,core,near->core,normal,pre_outage,weekend,61,27,26,0,0,0.0,0.0
2018-01-06,2018-01-06 21:00:00,near,outer,near->outer,normal,pre_outage,weekend,61,27,26,0,0,0.0,0.0
2018-01-06,2018-01-06 21:00:00,outer,core,outer->core,normal,pre_outage,weekend,61,5,4,0,0,0.0,0.0
2018-01-06,2018-01-06 21:00:00,outer,near,outer->near,normal,pre_outage,weekend,61,5,4,0,0,0.0,0.0
2018-01-06,2018-01-06 22:00:00,core,near,core->near,normal,pre_outage,weekend,61,15,15,2,2,0.13333333333333333,0.13333333333333333
2018-01-06,2018-01-06 22:00:00,core,outer,core->outer,normal,pre_outage,weekend,61,15,15,2,0,0.0,0.0
2018-01-06,2018-01-06 22:00:00,near,core,near->core,normal,pre_outage,weekend,61,27,27,0,0,0.0,0.0
2018-01-06,2018-01-06 22:00:00,near,outer,near->outer,normal,pre_outage,weekend,61,27,27,0,0,0.0,0.0
2018-01-06,2018-01-06 22:00:00,outer,core,outer->core,normal,pre_outage,weekend,61,4,4,0,0,0.0,0.0
2018-01-06,2018-01-06 22:00:00,outer,near,outer->near,normal,pre_outage,weekend,61,4,4,0,0,0.0,0.0
2018-01-06,2018-01-06 23:00:00,core,near,core->near,normal,pre_outage,weekend,61,13,13,0,0,0.0,0.0
2018-01-06,2018-01-06 23:00:00,core,outer,core->outer,normal,pre_outage,weekend,61,13,13,0,0,0.0,0.0
2018-01-06,2018-01-06 23:00:00,near,core,near->core,normal,pre_outage,weekend,61,29,29,5,1,0.034482758620689655,0.034482758620689655
2018-01-06,2018-01-06 23:00:00,near,outer,near->outer,normal,pre_outage,weekend,61,29,29,5,4,0.13793103448275862,0.13793103448275862
2018-01-06,2018-01-06 23:00:00,outer,core,outer->core,normal,pre_outage,weekend,61,4,4,0,0,0.0,0.0
2018-01-06,2018-01-06 23:00:00,outer,near,outer->near,normal,pre_outage,weekend,61,4,4,0,0,0.0,0.0
2018-01-07,2018-01-07 00:00:00,core,near,core->near,normal,pre_outage,weekend,60,14,14,0,0,0.0,0.0
2018-01-07,2018-01-07 00:00:00,core,outer,core->outer,normal,pre_outage,weekend,60,14,14,0,0,0.0,0.0
2018-01-07,2018-01-07 00:00:00,near,core,near->core,normal,pre_outage,weekend,60,24,24,0,0,0.0,0.0
2018-01-07,2018-01-07 00:00:00,near,outer,near->outer,normal,pre_outage,weekend,60,24,24,0,0,0.0,0.0
2018-01-07,2018-01-07 00:00:00,outer,core,outer->core,normal,pre_outage,weekend,60,9,8,0,0,0.0,0.0
2018-01-07,2018-01-07 00:00:00,outer,near,outer->near,normal,pre_outage,weekend,60,9,8,0,0,0.0,0.0
2018-01-07,2018-01-07 01:00:00,core,near,core->near,normal,pre_outage,weekend,60,14,14,0,0,0.0,0.0
2018-01-07,2018-01-07 01:00:00,core,outer,core->outer,normal,pre_outage,weekend,60,14,14,0,0,0.0,0.0
2018-01-07,2018-01-07 01:00:00,near,core,near->core,normal,pre_outage,weekend,60,24,24,0,0,0.0,0.0
2018-01-07,2018-01-07 01:00:00,near,outer,near->outer,normal,pre_outage,weekend,60,24,24,0,0,0.0,0.0
2018-01-07,2018-01-07 01:00:00,outer,core,outer->core,normal,pre_outage,weekend,60,8,5,1,0,0.0,0.0
2018-01-07,2018-01-07 01:00:00,outer,near,outer->near,normal,pre_outage,weekend,60,8,5,1,1,0.125,0.2
2018-01-07,2018-01-07 02:00:00,core,near,core->near,normal,pre_outage,weekend,60,14,14,6,6,0.42857142857142855,0.42857142857142855
2018-01-07,2018-01-07 02:00:00,core,outer,core->outer,normal,pre_outage,weekend,60,14,14,6,0,0.0,0.0
2018-01-07,2018-01-07 02:00:00,near,core,near->core,normal,pre_outage,weekend,60,25,25,1,1,0.04,0.04
2018-01-07,2018-01-07 02:00:00,near,outer,near->outer,normal,pre_outage,weekend,60,25,25,1,0,0.0,0.0
2018-01-07,2018-01-07 02:00:00,outer,core,outer->core,normal,pre_outage,weekend,60,5,5,1,1,0.2,0.2
2018-01-07,2018-01-07 02:00:00,outer,near,outer->near,normal,pre_outage,weekend,60,5,5,1,0,0.0,0.0
2018-01-07,2018-01-07 03:00:00,core,near,core->near,normal,pre_outage,weekend,60,10,10,1,1,0.1,0.1
2018-01-07,2018-01-07 03:00:00,core,outer,core->outer,normal,pre_outage,weekend,60,10,10,1,0,0.0,0.0
2018-01-07,2018-01-07 03:00:00,near,core,near->core,normal,pre_outage,weekend,60,30,30,6,6,0.2,0.2
2018-01-07,2018-01-07 03:00:00,near,outer,near->outer,normal,pre_outage,weekend,60,30,30,6,0,0.0,0.0
2018-01-07,2018-01-07 03:00:00,outer,core,outer->core,normal,pre_outage,weekend,60,5,4,0,0,0.0,0.0
2018-01-07,2018-01-07 03:00:00,outer,near,outer->near,normal,pre_outage,weekend,60,5,4,0,0,0.0,0.0
2018-01-07,2018-01-07 04:00:00,core,near,core->near,normal,pre_outage,weekend,60,15,15,0,0,0.0,0.0
2018-01-07,2018-01-07 04:00:00,core,outer,core->outer,normal,pre_outage,weekend,60,15,15,0,0,0.0,0.0
2018-01-07,2018-01-07 04:00:00,near,core,near->core,normal,pre_outage,weekend,60,25,25,0,0,0.0,0.0
2018-01-07,2018-01-07 04:00:00,near,outer,near->outer,normal,pre_outage,weekend,60,25,25,0,0,0.0,0.0
2018-01-07,2018-01-07 04:00:00,outer,core,outer->core,normal,pre_outage,weekend,60,4,3,0,0,0.0,0.0
2018-01-07,2018-01-07 04:00:00,outer,near,outer->near,normal,pre_outage,weekend,60,4,3,0,0,0.0,0.0
2018-01-07,2018-01-07 05:00:00,core,near,core->near,normal,pre_outage,weekend,60,15,15,2,2,0.13333333333333333,0.13333333333333333
2018-01-07,2018-01-07 05:00:00,core,outer,core->outer,normal,pre_outage,weekend,60,15,15,2,0,0.0,0.0
2018-01-07,2018-01-07 05:00:00,near,core,near->core,normal,pre_outage,weekend,60,25,25,0,0,0.0,0.0
2018-01-07,2018-01-07 05:00:00,near,outer,near->outer,normal,pre_outage,weekend,60,25,25,0,0,0.0,0.0
2018-01-07,2018-01-07 05:00:00,outer,core,outer->core,normal,pre_outage,weekend,60,4,4,0,0,0.0,0.0
2018-01-07,2018-01-07 05:00:00,outer,near,outer->near,normal,pre_outage,weekend,60,4,4,0,0,0.0,0.0
2018-01-07,2018-01-07 06:00:00,core,near,core->near,normal,pre_outage,weekend,60,13,13,1,1,0.07692307692307693,0.07692307692307693
2018-01-07,2018-01-07 06:00:00,core,outer,core->outer,normal,pre_outage,weekend,60,13,13,1,0,0.0,0.0
2018-01-07,2018-01-07 06:00:00,near,core,near->core,normal,pre_outage,weekend,60,27,27,2,2,0.07407407407407407,0.07407407407407407
2018-01-07,2018-01-07 06:00:00,near,outer,near->outer,normal,pre_outage,weekend,60,27,27,2,0,0.0,0.0
2018-01-07,2018-01-07 06:00:00,outer,core,outer->core,normal,pre_outage,weekend,60,4,4,0,0,0.0,0.0
2018-01-07,2018-01-07 06:00:00,outer,near,outer->near,normal,pre_outage,weekend,60,4,4,0,0,0.0,0.0
2018-01-07,2018-01-07 07:00:00,core,near,core->near,normal,pre_outage,weekend,60,14,14,2,2,0.14285714285714285,0.14285714285714285
2018-01-07,2018-01-07 07:00:00,core,outer,core->outer,normal,pre_outage,weekend,60,14,14,2,0,0.0,0.0
2018-01-07,2018-01-07 07:00:00,near,core,near->core,normal,pre_outage,weekend,60,27,26,2,1,0.037037037037037035,0.038461538461538464
2018-01-07,2018-01-07 07:00:00,near,outer,near->outer,normal,pre_outage,weekend,60,27,26,2,1,0.037037037037037035,0.038461538461538464
2018-01-07,2018-01-07 07:00:00,outer,core,outer->core,normal,pre_outage,weekend,60,5,5,0,0,0.0,0.0
2018-01-07,2018-01-07 07:00:00,outer,near,outer->near,normal,pre_outage,weekend,60,5,5,0,0,0.0,0.0
2018-01-07,2018-01-07 08:00:00,core,near,core->near,normal,pre_outage,weekend,60,13,13,1,0,0.0,0.0
2018-01-07,2018-01-07 08:00:00,core,outer,core->outer,normal,pre_outage,weekend,60,13,13,1,1,0.07692307692307693,0.07692307692307693
2018-01-07,2018-01-07 08:00:00,near,core,near->core,normal,pre_outage,weekend,60,26,26,5,4,0.15384615384615385,0.15384615384615385
2018-01-07,2018-01-07 08:00:00,near,outer,near->outer,normal,pre_outage,weekend,60,26,26,5,1,0.038461538461538464,0.038461538461538464
2018-01-07,2018-01-07 08:00:00,outer,core,outer->core,normal,pre_outage,weekend,60,7,6,1,0,0.0,0.0
2018-01-07,2018-01-07 08:00:00,outer,near,outer->near,normal,pre_outage,weekend,60,7,6,1,1,0.14285714285714285,0.16666666666666666
2018-01-07,2018-01-07 09:00:00,core,near,core->near,normal,pre_outage,weekend,60,17,17,2,2,0.11764705882352941,0.11764705882352941
2018-01-07,2018-01-07 09:00:00,core,outer,core->outer,normal,pre_outage,weekend,60,17,17,2,0,0.0,0.0
2018-01-07,2018-01-07 09:00:00,near,core,near->core,normal,pre_outage,weekend,60,22,22,1,1,0.045454545454545456,0.045454545454545456
2018-01-07,2018-01-07 09:00:00,near,outer,near->outer,normal,pre_outage,weekend,60,22,22,1,0,0.0,0.0
2018-01-07,2018-01-07 09:00:00,outer,core,outer->core,normal,pre_outage,weekend,60,7,7,0,0,0.0,0.0
2018-01-07,2018-01-07 09:00:00,outer,near,outer->near,normal,pre_outage,weekend,60,7,7,0,0,0.0,0.0
2018-01-07,2018-01-07 10:00:00,core,near,core->near,normal,pre_outage,weekend,60,16,16,0,0,0.0,0.0
2018-01-07,2018-01-07 10:00:00,core,outer,core->outer,normal,pre_outage,weekend,60,16,16,0,0,0.0,0.0
2018-01-07,2018-01-07 10:00:00,near,core,near->core,normal,pre_outage,weekend,60,23,23,0,0,0.0,0.0
2018-01-07,2018-01-07 10:00:00,near,outer,near->outer,normal,pre_outage,weekend,60,23,23,0,0,0.0,0.0
2018-01-07,2018-01-07 10:00:00,outer,core,outer->core,normal,pre_outage,weekend,60,7,7,1,0,0.0,0.0
2018-01-07,2018-01-07 10:00:00,outer,near,outer->near,normal,pre_outage,weekend,60,7,7,1,1,0.14285714285714285,0.14285714285714285
2018-01-07,2018-01-07 11:00:00,core,near,core->near,normal,pre_outage,weekend,60,16,16,2,2,0.125,0.125
2018-01-07,2018-01-07 11:00:00,core,outer,core->outer,normal,pre_outage,weekend,60,16,16,2,0,0.0,0.0
2018-01-07,2018-01-07 11:00:00,near,core,near->core,normal,pre_outage,weekend,60,24,24,0,0,0.0,0.0
2018-01-07,2018-01-07 11:00:00,near,outer,near->outer,normal,pre_outage,weekend,60,24,24,0,0,0.0,0.0
2018-01-07,2018-01-07 11:00:00,outer,core,outer->core,normal,pre_outage,weekend,60,7,7,0,0,0.0,0.0
2018-01-07,2018-01-07 11:00:00,outer,near,outer->near,normal,pre_outage,weekend,60,7,7,0,0,0.0,0.0
2018-01-07,2018-01-07 12:00:00,core,near,core->near,normal,pre_outage,weekend,60,14,14,4,3,0.21428571428571427,0.21428571428571427
2018-01-07,2018-01-07 12:00:00,core,outer,core->outer,normal,pre_outage,weekend,60,14,14,4,1,0.07142857142857142,0.07142857142857142
2018-01-07,2018-01-07 12:00:00,near,core,near->core,normal,pre_outage,weekend,60,26,25,2,1,0.038461538461538464,0.04
2018-01-07,2018-01-07 12:00:00,near,outer,near->outer,normal,pre_outage,weekend,60,26,25,2,1,0.038461538461538464,0.04
2018-01-07,2018-01-07 12:00:00,outer,core,outer->core,normal,pre_outage,weekend,60,8,8,1,0,0.0,0.0
2018-01-07,2018-01-07 12:00:00,outer,near,outer->near,normal,pre_outage,weekend,60,8,8,1,1,0.125,0.125
2018-01-07,2018-01-07 13:00:00,core,near,core->near,normal,pre_outage,weekend,60,12,12,1,0,0.0,0.0
2018-01-07,2018-01-07 13:00:00,core,outer,core->outer,normal,pre_outage,weekend,60,12,12,1,1,0.08333333333333333,0.08333333333333333
2018-01-07,2018-01-07 13:00:00,near,core,near->core,normal,pre_outage,weekend,60,27,26,4,4,0.14814814814814814,0.15384615384615385
2018-01-07,2018-01-07 13:00:00,near,outer,near->outer,normal,pre_outage,weekend,60,27,26,4,0,0.0,0.0
2018-01-07,2018-01-07 13:00:00,outer,core,outer->core,normal,pre_outage,weekend,60,9,8,1,0,0.0,0.0
2018-01-07,2018-01-07 13:00:00,outer,near,outer->near,normal,pre_outage,weekend,60,9,8,1,1,0.1111111111111111,0.125
2018-01-07,2018-01-07 14:00:00,core,near,core->near,normal,pre_outage,weekend,60,15,15,1,0,0.0,0.0
2018-01-07,2018-01-07 14:00:00,core,outer,core->outer,normal,pre_outage,weekend,60,15,15,1,1,0.06666666666666667,0.06666666666666667
2018-01-07,2018-01-07 14:00:00,near,core,near->core,normal,pre_outage,weekend,60,23,23,1,0,0.0,0.0
2018-01-07,2018-01-07 14:00:00,near,outer,near->outer,normal,pre_outage,weekend,60,23,23,1,1,0.043478260869565216,0.043478260869565216
2018-01-07,2018-01-07 14:00:00,outer,core,outer->core,normal,pre_outage,weekend,60,8,7,0,0,0.0,0.0
2018-01-07,2018-01-07 14:00:00,outer,near,outer->near,normal,pre_outage,weekend,60,8,7,0,0,0.0,0.0
2018-01-07,2018-01-07 15:00:00,core,near,core->near,normal,pre_outage,weekend,60,14,14,1,1,0.07142857142857142,0.07142857142857142
2018-01-07,2018-01-07 15:00:00,core,outer,core->outer,normal,pre_outage,weekend,60,14,14,1,0,0.0,0.0
2018-01-07,2018-01-07 15:00:00,near,core,near->core,normal,pre_outage,weekend,60,22,22,0,0,0.0,0.0
2018-01-07,2018-01-07 15:00:00,near,outer,near->outer,normal,pre_outage,weekend,60,22,22,0,0,0.0,0.0
2018-01-07,2018-01-07 15:00:00,outer,core,outer->core,normal,pre_outage,weekend,60,9,8,1,0,0.0,0.0
2018-01-07,2018-01-07 15:00:00,outer,near,outer->near,normal,pre_outage,weekend,60,9,8,1,1,0.1111111111111111,0.125
2018-01-07,2018-01-07 16:00:00,core,near,core->near,normal,pre_outage,weekend,60,13,13,3,3,0.23076923076923078,0.23076923076923078
2018-01-07,2018-01-07 16:00:00,core,outer,core->outer,normal,pre_outage,weekend,60,13,13,3,0,0.0,0.0
2018-01-07,2018-01-07 16:00:00,near,core,near->core,normal,pre_outage,weekend,60,24,23,1,1,0.041666666666666664,0.043478260869565216
2018-01-07,2018-01-07 16:00:00,near,outer,near->outer,normal,pre_outage,weekend,60,24,23,1,0,0.0,0.0
2018-01-07,2018-01-07 16:00:00,outer,core,outer->core,normal,pre_outage,weekend,60,8,8,0,0,0.0,0.0
2018-01-07,2018-01-07 16:00:00,outer,near,outer->near,normal,pre_outage,weekend,60,8,8,0,0,0.0,0.0
2018-01-07,2018-01-07 17:00:00,core,near,core->near,normal,pre_outage,weekend,60,11,11,1,1,0.09090909090909091,0.09090909090909091
2018-01-07,2018-01-07 17:00:00,core,outer,core->outer,normal,pre_outage,weekend,60,11,11,1,0,0.0,0.0
2018-01-07,2018-01-07 17:00:00,near,core,near->core,normal,pre_outage,weekend,60,25,25,1,1,0.04,0.04
2018-01-07,2018-01-07 17:00:00,near,outer,near->outer,normal,pre_outage,weekend,60,25,25,1,0,0.0,0.0
2018-01-07,2018-01-07 17:00:00,outer,core,outer->core,normal,pre_outage,weekend,60,9,9,2,0,0.0,0.0
2018-01-07,2018-01-07 17:00:00,outer,near,outer->near,normal,pre_outage,weekend,60,9,9,2,2,0.2222222222222222,0.2222222222222222
2018-01-07,2018-01-07 18:00:00,core,near,core->near,normal,pre_outage,weekend,60,11,11,0,0,0.0,0.0
2018-01-07,2018-01-07 18:00:00,core,outer,core->outer,normal,pre_outage,weekend,60,11,11,0,0,0.0,0.0
2018-01-07,2018-01-07 18:00:00,near,core,near->core,normal,pre_outage,weekend,60,27,27,0,0,0.0,0.0
2018-01-07,2018-01-07 18:00:00,near,outer,near->outer,normal,pre_outage,weekend,60,27,27,0,0,0.0,0.0
2018-01-07,2018-01-07 18:00:00,outer,core,outer->core,normal,pre_outage,weekend,60,7,7,0,0,0.0,0.0
2018-01-07,2018-01-07 18:00:00,outer,near,outer->near,normal,pre_outage,weekend,60,7,7,0,0,0.0,0.0
2018-01-07,2018-01-07 19:00:00,core,near,core->near,normal,pre_outage,weekend,60,11,11,0,0,0.0,0.0
2018-01-07,2018-01-07 19:00:00,core,outer,core->outer,normal,pre_outage,weekend,60,11,11,0,0,0.0,0.0
2018-01-07,2018-01-07 19:00:00,near,core,near->core,normal,pre_outage,weekend,60,27,27,4,2,0.07407407407407407,0.07407407407407407
2018-01-07,2018-01-07 19:00:00,near,outer,near->outer,normal,pre_outage,weekend,60,27,27,4,2,0.07407407407407407,0.07407407407407407
2018-01-07,2018-01-07 19:00:00,outer,core,outer->core,normal,pre_outage,weekend,60,7,7,0,0,0.0,0.0
2018-01-07,2018-01-07 19:00:00,outer,near,outer->near,normal,pre_outage,weekend,60,7,7,0,0,0.0,0.0
2018-01-07,2018-01-07 20:00:00,core,near,core->near,normal,pre_outage,weekend,60,13,13,0,0,0.0,0.0
2018-01-07,2018-01-07 20:00:00,core,outer,core->outer,normal,pre_outage,weekend,60,13,13,0,0,0.0,0.0
2018-01-07,2018-01-07 20:00:00,near,core,near->core,normal,pre_outage,weekend,60,23,23,3,3,0.13043478260869565,0.13043478260869565
2018-01-07,2018-01-07 20:00:00,near,outer,near->outer,normal,pre_outage,weekend,60,23,23,3,0,0.0,0.0
2018-01-07,2018-01-07 20:00:00,outer,core,outer->core,normal,pre_outage,weekend,60,9,8,0,0,0.0,0.0
2018-01-07,2018-01-07 20:00:00,outer,near,outer->near,normal,pre_outage,weekend,60,9,8,0,0,0.0,0.0
2018-01-07,2018-01-07 21:00:00,core,near,core->near,normal,pre_outage,weekend,60,16,16,2,2,0.125,0.125
2018-01-07,2018-01-07 21:00:00,core,outer,core->outer,normal,pre_outage,weekend,60,16,16,2,0,0.0,0.0
2018-01-07,2018-01-07 21:00:00,near,core,near->core,normal,pre_outage,weekend,60,20,20,0,0,0.0,0.0
2018-01-07,2018-01-07 21:00:00,near,outer,near->outer,normal,pre_outage,weekend,60,20,20,0,0,0.0,0.0
2018-01-07,2018-01-07 21:00:00,outer,core,outer->core,normal,pre_outage,weekend,60,8,7,1,1,0.125,0.14285714285714285
2018-01-07,2018-01-07 21:00:00,outer,near,outer->near,normal,pre_outage,weekend,60,8,7,1,0,0.0,0.0
2018-01-07,2018-01-07 22:00:00,core,near,core->near,normal,pre_outage,weekend,60,15,15,4,4,0.26666666666666666,0.26666666666666666
2018-01-07,2018-01-07 22:00:00,core,outer,core->outer,normal,pre_outage,weekend,60,15,15,4,0,0.0,0.0
2018-01-07,2018-01-07 22:00:00,near,core,near->core,normal,pre_outage,weekend,60,22,22,0,0,0.0,0.0
2018-01-07,2018-01-07 22:00:00,near,outer,near->outer,normal,pre_outage,weekend,60,22,22,0,0,0.0,0.0
2018-01-07,2018-01-07 22:00:00,outer,core,outer->core,normal,pre_outage,weekend,60,6,6,0,0,0.0,0.0
2018-01-07,2018-01-07 22:00:00,outer,near,outer->near,normal,pre_outage,weekend,60,6,6,0,0,0.0,0.0
2018-01-07,2018-01-07 23:00:00,core,near,core->near,normal,pre_outage,weekend,60,11,11,0,0,0.0,0.0
2018-01-07,2018-01-07 23:00:00,core,outer,core->outer,normal,pre_outage,weekend,60,11,11,0,0,0.0,0.0
2018-01-07,2018-01-07 23:00:00,near,core,near->core,normal,pre_outage,weekend,60,27,27,2,2,0.07407407407407407,0.07407407407407407
2018-01-07,2018-01-07 23:00:00,near,outer,near->outer,normal,pre_outage,weekend,60,27,27,2,0,0.0,0.0
2018-01-07,2018-01-07 23:00:00,outer,core,outer->core,normal,pre_outage,weekend,60,7,7,0,0,0.0,0.0
2018-01-07,2018-01-07 23:00:00,outer,near,outer->near,normal,pre_outage,weekend,60,7,7,0,0,0.0,0.0
2018-01-08,2018-01-08 00:00:00,core,near,core->near,normal,pre_outage,weekday,56,13,13,0,0,0.0,0.0
2018-01-08,2018-01-08 00:00:00,core,outer,core->outer,normal,pre_outage,weekday,56,13,13,0,0,0.0,0.0
2018-01-08,2018-01-08 00:00:00,near,core,near->core,normal,pre_outage,weekday,56,25,25,0,0,0.0,0.0
2018-01-08,2018-01-08 00:00:00,near,outer,near->outer,normal,pre_outage,weekday,56,25,25,0,0,0.0,0.0
2018-01-08,2018-01-08 00:00:00,outer,core,outer->core,normal,pre_outage,weekday,56,7,7,0,0,0.0,0.0
2018-01-08,2018-01-08 00:00:00,outer,near,outer->near,normal,pre_outage,weekday,56,7,7,0,0,0.0,0.0
2018-01-08,2018-01-08 01:00:00,core,near,core->near,normal,pre_outage,weekday,56,13,13,0,0,0.0,0.0
2018-01-08,2018-01-08 01:00:00,core,outer,core->outer,normal,pre_outage,weekday,56,13,13,0,0,0.0,0.0
2018-01-08,2018-01-08 01:00:00,near,core,near->core,normal,pre_outage,weekday,56,26,25,0,0,0.0,0.0
2018-01-08,2018-01-08 01:00:00,near,outer,near->outer,normal,pre_outage,weekday,56,26,25,0,0,0.0,0.0
2018-01-08,2018-01-08 01:00:00,outer,core,outer->core,normal,pre_outage,weekday,56,7,7,0,0,0.0,0.0
2018-01-08,2018-01-08 01:00:00,outer,near,outer->near,normal,pre_outage,weekday,56,7,7,0,0,0.0,0.0
2018-01-08,2018-01-08 02:00:00,core,near,core->near,normal,pre_outage,weekday,56,13,13,0,0,0.0,0.0
2018-01-08,2018-01-08 02:00:00,core,outer,core->outer,normal,pre_outage,weekday,56,13,13,0,0,0.0,0.0
2018-01-08,2018-01-08 02:00:00,near,core,near->core,normal,pre_outage,weekday,56,25,25,0,0,0.0,0.0
2018-01-08,2018-01-08 02:00:00,near,outer,near->outer,normal,pre_outage,weekday,56,25,25,0,0,0.0,0.0
2018-01-08,2018-01-08 02:00:00,outer,core,outer->core,normal,pre_outage,weekday,56,7,7,1,1,0.14285714285714285,0.14285714285714285
2018-01-08,2018-01-08 02:00:00,outer,near,outer->near,normal,pre_outage,weekday,56,7,7,1,0,0.0,0.0
2018-01-08,2018-01-08 03:00:00,core,near,core->near,normal,pre_outage,weekday,56,14,14,0,0,0.0,0.0
2018-01-08,2018-01-08 03:00:00,core,outer,core->outer,normal,pre_outage,weekday,56,14,14,0,0,0.0,0.0
2018-01-08,2018-01-08 03:00:00,near,core,near->core,normal,pre_outage,weekday,56,25,25,0,0,0.0,0.0
2018-01-08,2018-01-08 03:00:00,near,outer,near->outer,normal,pre_outage,weekday,56,25,25,0,0,0.0,0.0
2018-01-08,2018-01-08 03:00:00,outer,core,outer->core,normal,pre_outage,weekday,56,8,8,0,0,0.0,0.0
2018-01-08,2018-01-08 03:00:00,outer,near,outer->near,normal,pre_outage,weekday,56,8,8,0,0,0.0,0.0
2018-01-08,2018-01-08 04:00:00,core,near,core->near,normal,pre_outage,weekday,56,14,14,0,0,0.0,0.0
2018-01-08,2018-01-08 04:00:00,core,outer,core->outer,normal,pre_outage,weekday,56,14,14,0,0,0.0,0.0
2018-01-08,2018-01-08 04:00:00,near,core,near->core,normal,pre_outage,weekday,56,25,25,1,1,0.04,0.04
2018-01-08,2018-01-08 04:00:00,near,outer,near->outer,normal,pre_outage,weekday,56,25,25,1,0,0.0,0.0
2018-01-08,2018-01-08 04:00:00,outer,core,outer->core,normal,pre_outage,weekday,56,9,9,2,0,0.0,0.0
2018-01-08,2018-01-08 04:00:00,outer,near,outer->near,normal,pre_outage,weekday,56,9,9,2,2,0.2222222222222222,0.2222222222222222
2018-01-08,2018-01-08 05:00:00,core,near,core->near,normal,pre_outage,weekday,56,15,15,1,1,0.06666666666666667,0.06666666666666667
2018-01-08,2018-01-08 05:00:00,core,outer,core->outer,normal,pre_outage,weekday,56,15,15,1,0,0.0,0.0
2018-01-08,2018-01-08 05:00:00,near,core,near->core,normal,pre_outage,weekday,56,26,26,0,0,0.0,0.0
2018-01-08,2018-01-08 05:00:00,near,outer,near->outer,normal,pre_outage,weekday,56,26,26,0,0,0.0,0.0
2018-01-08,2018-01-08 05:00:00,outer,core,outer->core,normal,pre_outage,weekday,56,7,6,2,0,0.0,0.0
2018-01-08,2018-01-08 05:00:00,outer,near,outer->near,normal,pre_outage,weekday,56,7,6,2,2,0.2857142857142857,0.3333333333333333
2018-01-08,2018-01-08 06:00:00,core,near,core->near,normal,pre_outage,weekday,56,14,14,2,2,0.14285714285714285,0.14285714285714285
2018-01-08,2018-01-08 06:00:00,core,outer,core->outer,normal,pre_outage,weekday,56,14,14,2,0,0.0,0.0
2018-01-08,2018-01-08 06:00:00,near,core,near->core,normal,pre_outage,weekday,56,29,29,1,0,0.0,0.0
2018-01-08,2018-01-08 06:00:00,near,outer,near->outer,normal,pre_outage,weekday,56,29,29,1,1,0.034482758620689655,0.034482758620689655
2018-01-08,2018-01-08 06:00:00,outer,core,outer->core,normal,pre_outage,weekday,56,4,4,0,0,0.0,0.0
2018-01-08,2018-01-08 06:00:00,outer,near,outer->near,normal,pre_outage,weekday,56,4,4,0,0,0.0,0.0
2018-01-08,2018-01-08 07:00:00,core,near,core->near,normal,pre_outage,weekday,56,12,12,2,0,0.0,0.0
2018-01-08,2018-01-08 07:00:00,core,outer,core->outer,normal,pre_outage,weekday,56,12,12,2,2,0.16666666666666666,0.16666666666666666
2018-01-08,2018-01-08 07:00:00,near,core,near->core,normal,pre_outage,weekday,56,31,30,1,1,0.03225806451612903,0.03333333333333333
2018-01-08,2018-01-08 07:00:00,near,outer,near->outer,normal,pre_outage,weekday,56,31,30,1,0,0.0,0.0
2018-01-08,2018-01-08 07:00:00,outer,core,outer->core,normal,pre_outage,weekday,56,5,4,0,0,0.0,0.0
2018-01-08,2018-01-08 07:00:00,outer,near,outer->near,normal,pre_outage,weekday,56,5,4,0,0,0.0,0.0
2018-01-08,2018-01-08 08:00:00,core,near,core->near,normal,pre_outage,weekday,56,11,11,1,0,0.0,0.0
2018-01-08,2018-01-08 08:00:00,core,outer,core->outer,normal,pre_outage,weekday,56,11,11,1,1,0.09090909090909091,0.09090909090909091
2018-01-08,2018-01-08 08:00:00,near,core,near->core,normal,pre_outage,weekday,56,31,31,1,1,0.03225806451612903,0.03225806451612903
2018-01-08,2018-01-08 08:00:00,near,outer,near->outer,normal,pre_outage,weekday,56,31,31,1,0,0.0,0.0
2018-01-08,2018-01-08 08:00:00,outer,core,outer->core,normal,pre_outage,weekday,56,7,7,0,0,0.0,0.0
2018-01-08,2018-01-08 08:00:00,outer,near,outer->near,normal,pre_outage,weekday,56,7,7,0,0,0.0,0.0
2018-01-08,2018-01-08 09:00:00,core,near,core->near,normal,pre_outage,weekday,56,11,11,1,1,0.09090909090909091,0.09090909090909091
2018-01-08,2018-01-08 09:00:00,core,outer,core->outer,normal,pre_outage,weekday,56,11,11,1,0,0.0,0.0
2018-01-08,2018-01-08 09:00:00,near,core,near->core,normal,pre_outage,weekday,56,31,30,1,1,0.03225806451612903,0.03333333333333333
2018-01-08,2018-01-08 09:00:00,near,outer,near->outer,normal,pre_outage,weekday,56,31,30,1,0,0.0,0.0
2018-01-08,2018-01-08 09:00:00,outer,core,outer->core,normal,pre_outage,weekday,56,10,9,1,0,0.0,0.0
2018-01-08,2018-01-08 09:00:00,outer,near,outer->near,normal,pre_outage,weekday,56,10,9,1,1,0.1,0.1111111111111111
2018-01-08,2018-01-08 10:00:00,core,near,core->near,normal,pre_outage,weekday,56,11,11,0,0,0.0,0.0
2018-01-08,2018-01-08 10:00:00,core,outer,core->outer,normal,pre_outage,weekday,56,11,11,0,0,0.0,0.0
2018-01-08,2018-01-08 10:00:00,near,core,near->core,normal,pre_outage,weekday,56,31,31,4,4,0.12903225806451613,0.12903225806451613
2018-01-08,2018-01-08 10:00:00,near,outer,near->outer,normal,pre_outage,weekday,56,31,31,4,0,0.0,0.0
2018-01-08,2018-01-08 10:00:00,outer,core,outer->core,normal,pre_outage,weekday,56,8,8,2,2,0.25,0.25
2018-01-08,2018-01-08 10:00:00,outer,near,outer->near,normal,pre_outage,weekday,56,8,8,2,0,0.0,0.0
2018-01-08,2018-01-08 11:00:00,core,near,core->near,normal,pre_outage,weekday,56,17,17,3,2,0.11764705882352941,0.11764705882352941
2018-01-08,2018-01-08 11:00:00,core,outer,core->outer,normal,pre_outage,weekday,56,17,17,3,1,0.058823529411764705,0.058823529411764705
2018-01-08,2018-01-08 11:00:00,near,core,near->core,normal,pre_outage,weekday,56,27,26,1,1,0.037037037037037035,0.038461538461538464
2018-01-08,2018-01-08 11:00:00,near,outer,near->outer,normal,pre_outage,weekday,56,27,26,1,0,0.0,0.0
2018-01-08,2018-01-08 11:00:00,outer,core,outer->core,normal,pre_outage,weekday,56,7,6,0,0,0.0,0.0
2018-01-08,2018-01-08 11:00:00,outer,near,outer->near,normal,pre_outage,weekday,56,7,6,0,0,0.0,0.0
2018-01-08,2018-01-08 12:00:00,core,near,core->near,normal,pre_outage,weekday,56,15,15,1,0,0.0,0.0
2018-01-08,2018-01-08 12:00:00,core,outer,core->outer,normal,pre_outage,weekday,56,15,15,1,1,0.06666666666666667,0.06666666666666667
2018-01-08,2018-01-08 12:00:00,near,core,near->core,normal,pre_outage,weekday,56,27,27,1,1,0.037037037037037035,0.037037037037037035
2018-01-08,2018-01-08 12:00:00,near,outer,near->outer,normal,pre_outage,weekday,56,27,27,1,0,0.0,0.0
2018-01-08,2018-01-08 12:00:00,outer,core,outer->core,normal,pre_outage,weekday,56,7,7,0,0,0.0,0.0
2018-01-08,2018-01-08 12:00:00,outer,near,outer->near,normal,pre_outage,weekday,56,7,7,0,0,0.0,0.0
2018-01-08,2018-01-08 13:00:00,core,near,core->near,normal,pre_outage,weekday,56,15,14,0,0,0.0,0.0
2018-01-08,2018-01-08 13:00:00,core,outer,core->outer,normal,pre_outage,weekday,56,15,14,0,0,0.0,0.0
2018-01-08,2018-01-08 13:00:00,near,core,near->core,normal,pre_outage,weekday,56,26,26,2,1,0.038461538461538464,0.038461538461538464
2018-01-08,2018-01-08 13:00:00,near,outer,near->outer,normal,pre_outage,weekday,56,26,26,2,1,0.038461538461538464,0.038461538461538464
2018-01-08,2018-01-08 13:00:00,outer,core,outer->core,normal,pre_outage,weekday,56,9,9,3,0,0.0,0.0
2018-01-08,2018-01-08 13:00:00,outer,near,outer->near,normal,pre_outage,weekday,56,9,9,3,3,0.3333333333333333,0.3333333333333333
2018-01-08,2018-01-08 14:00:00,core,near,core->near,normal,pre_outage,weekday,56,15,15,1,1,0.06666666666666667,0.06666666666666667
2018-01-08,2018-01-08 14:00:00,core,outer,core->outer,normal,pre_outage,weekday,56,15,15,1,0,0.0,0.0
2018-01-08,2018-01-08 14:00:00,near,core,near->core,normal,pre_outage,weekday,56,27,26,1,1,0.037037037037037035,0.038461538461538464
2018-01-08,2018-01-08 14:00:00,near,outer,near->outer,normal,pre_outage,weekday,56,27,26,1,0,0.0,0.0
2018-01-08,2018-01-08 14:00:00,outer,core,outer->core,normal,pre_outage,weekday,56,7,6,1,0,0.0,0.0
2018-01-08,2018-01-08 14:00:00,outer,near,outer->near,normal,pre_outage,weekday,56,7,6,1,1,0.14285714285714285,0.16666666666666666
2018-01-08,2018-01-08 15:00:00,core,near,core->near,normal,pre_outage,weekday,56,15,15,4,4,0.26666666666666666,0.26666666666666666
2018-01-08,2018-01-08 15:00:00,core,outer,core->outer,normal,pre_outage,weekday,56,15,15,4,0,0.0,0.0
2018-01-08,2018-01-08 15:00:00,near,core,near->core,normal,pre_outage,weekday,56,27,27,1,1,0.037037037037037035,0.037037037037037035
2018-01-08,2018-01-08 15:00:00,near,outer,near->outer,normal,pre_outage,weekday,56,27,27,1,0,0.0,0.0
2018-01-08,2018-01-08 15:00:00,outer,core,outer->core,normal,pre_outage,weekday,56,5,5,0,0,0.0,0.0
2018-01-08,2018-01-08 15:00:00,outer,near,outer->near,normal,pre_outage,weekday,56,5,5,0,0,0.0,0.0
2018-01-08,2018-01-08 16:00:00,core,near,core->near,normal,pre_outage,weekday,56,12,12,0,0,0.0,0.0
2018-01-08,2018-01-08 16:00:00,core,outer,core->outer,normal,pre_outage,weekday,56,12,12,0,0,0.0,0.0
2018-01-08,2018-01-08 16:00:00,near,core,near->core,normal,pre_outage,weekday,56,31,31,4,2,0.06451612903225806,0.06451612903225806
2018-01-08,2018-01-08 16:00:00,near,outer,near->outer,normal,pre_outage,weekday,56,31,31,4,2,0.06451612903225806,0.06451612903225806
2018-01-08,2018-01-08 16:00:00,outer,core,outer->core,normal,pre_outage,weekday,56,5,5,0,0,0.0,0.0
2018-01-08,2018-01-08 16:00:00,outer,near,outer->near,normal,pre_outage,weekday,56,5,5,0,0,0.0,0.0
2018-01-08,2018-01-08 17:00:00,core,near,core->near,normal,pre_outage,weekday,56,14,14,0,0,0.0,0.0
2018-01-08,2018-01-08 17:00:00,core,outer,core->outer,normal,pre_outage,weekday,56,14,14,0,0,0.0,0.0
2018-01-08,2018-01-08 17:00:00,near,core,near->core,normal,pre_outage,weekday,56,27,27,0,0,0.0,0.0
2018-01-08,2018-01-08 17:00:00,near,outer,near->outer,normal,pre_outage,weekday,56,27,27,0,0,0.0,0.0
2018-01-08,2018-01-08 17:00:00,outer,core,outer->core,normal,pre_outage,weekday,56,7,7,0,0,0.0,0.0
2018-01-08,2018-01-08 17:00:00,outer,near,outer->near,normal,pre_outage,weekday,56,7,7,0,0,0.0,0.0
2018-01-08,2018-01-08 18:00:00,core,near,core->near,normal,pre_outage,weekday,56,14,14,2,2,0.14285714285714285,0.14285714285714285
2018-01-08,2018-01-08 18:00:00,core,outer,core->outer,normal,pre_outage,weekday,56,14,14,2,0,0.0,0.0
2018-01-08,2018-01-08 18:00:00,near,core,near->core,normal,pre_outage,weekday,56,28,26,0,0,0.0,0.0
2018-01-08,2018-01-08 18:00:00,near,outer,near->outer,normal,pre_outage,weekday,56,28,26,0,0,0.0,0.0
2018-01-08,2018-01-08 18:00:00,outer,core,outer->core,normal,pre_outage,weekday,56,7,6,2,1,0.14285714285714285,0.16666666666666666
2018-01-08,2018-01-08 18:00:00,outer,near,outer->near,normal,pre_outage,weekday,56,7,6,2,1,0.14285714285714285,0.16666666666666666
2018-01-08,2018-01-08 19:00:00,core,near,core->near,normal,pre_outage,weekday,56,13,13,2,2,0.15384615384615385,0.15384615384615385
2018-01-08,2018-01-08 19:00:00,core,outer,core->outer,normal,pre_outage,weekday,56,13,13,2,0,0.0,0.0
2018-01-08,2018-01-08 19:00:00,near,core,near->core,normal,pre_outage,weekday,56,29,29,2,2,0.06896551724137931,0.06896551724137931
2018-01-08,2018-01-08 19:00:00,near,outer,near->outer,normal,pre_outage,weekday,56,29,29,2,0,0.0,0.0
2018-01-08,2018-01-08 19:00:00,outer,core,outer->core,normal,pre_outage,weekday,56,4,4,0,0,0.0,0.0
2018-01-08,2018-01-08 19:00:00,outer,near,outer->near,normal,pre_outage,weekday,56,4,4,0,0,0.0,0.0
2018-01-08,2018-01-08 20:00:00,core,near,core->near,normal,pre_outage,weekday,56,13,13,0,0,0.0,0.0
2018-01-08,2018-01-08 20:00:00,core,outer,core->outer,normal,pre_outage,weekday,56,13,13,0,0,0.0,0.0
2018-01-08,2018-01-08 20:00:00,near,core,near->core,normal,pre_outage,weekday,56,31,30,2,1,0.03225806451612903,0.03333333333333333
2018-01-08,2018-01-08 20:00:00,near,outer,near->outer,normal,pre_outage,weekday,56,31,30,2,1,0.03225806451612903,0.03333333333333333
2018-01-08,2018-01-08 20:00:00,outer,core,outer->core,normal,pre_outage,weekday,56,4,4,0,0,0.0,0.0
2018-01-08,2018-01-08 20:00:00,outer,near,outer->near,normal,pre_outage,weekday,56,4,4,0,0,0.0,0.0
2018-01-08,2018-01-08 21:00:00,core,near,core->near,normal,pre_outage,weekday,56,14,14,0,0,0.0,0.0
2018-01-08,2018-01-08 21:00:00,core,outer,core->outer,normal,pre_outage,weekday,56,14,14,0,0,0.0,0.0
2018-01-08,2018-01-08 21:00:00,near,core,near->core,normal,pre_outage,weekday,56,28,28,0,0,0.0,0.0
2018-01-08,2018-01-08 21:00:00,near,outer,near->outer,normal,pre_outage,weekday,56,28,28,0,0,0.0,0.0
2018-01-08,2018-01-08 21:00:00,outer,core,outer->core,normal,pre_outage,weekday,56,5,5,0,0,0.0,0.0
2018-01-08,2018-01-08 21:00:00,outer,near,outer->near,normal,pre_outage,weekday,56,5,5,0,0,0.0,0.0
2018-01-08,2018-01-08 22:00:00,core,near,core->near,normal,pre_outage,weekday,56,14,14,0,0,0.0,0.0
2018-01-08,2018-01-08 22:00:00,core,outer,core->outer,normal,pre_outage,weekday,56,14,14,0,0,0.0,0.0
2018-01-08,2018-01-08 22:00:00,near,core,near->core,normal,pre_outage,weekday,56,28,28,0,0,0.0,0.0
2018-01-08,2018-01-08 22:00:00,near,outer,near->outer,normal,pre_outage,weekday,56,28,28,0,0,0.0,0.0
2018-01-08,2018-01-08 22:00:00,outer,core,outer->core,normal,pre_outage,weekday,56,6,5,0,0,0.0,0.0
2018-01-08,2018-01-08 22:00:00,outer,near,outer->near,normal,pre_outage,weekday,56,6,5,0,0,0.0,0.0
2018-01-08,2018-01-08 23:00:00,core,near,core->near,normal,pre_outage,weekday,56,14,14,4,4,0.2857142857142857,0.2857142857142857
2018-01-08,2018-01-08 23:00:00,core,outer,core->outer,normal,pre_outage,weekday,56,14,14,4,0,0.0,0.0
2018-01-08,2018-01-08 23:00:00,near,core,near->core,normal,pre_outage,weekday,56,28,28,0,0,0.0,0.0
2018-01-08,2018-01-08 23:00:00,near,outer,near->outer,normal,pre_outage,weekday,56,28,28,0,0,0.0,0.0
2018-01-08,2018-01-08 23:00:00,outer,core,outer->core,normal,pre_outage,weekday,56,5,5,1,1,0.2,0.2
2018-01-08,2018-01-08 23:00:00,outer,near,outer->near,normal,pre_outage,weekday,56,5,5,1,0,0.0,0.0
2018-01-09,2018-01-09 00:00:00,core,near,core->near,normal,pre_outage,weekday,54,11,11,1,0,0.0,0.0
2018-01-09,2018-01-09 00:00:00,core,outer,core->outer,normal,pre_outage,weekday,54,11,11,1,1,0.09090909090909091,0.09090909090909091
2018-01-09,2018-01-09 00:00:00,near,core,near->core,normal,pre_outage,weekday,54,32,32,4,4,0.125,0.125
2018-01-09,2018-01-09 00:00:00,near,outer,near->outer,normal,pre_outage,weekday,54,32,32,4,0,0.0,0.0
2018-01-09,2018-01-09 00:00:00,outer,core,outer->core,normal,pre_outage,weekday,54,4,4,0,0,0.0,0.0
2018-01-09,2018-01-09 00:00:00,outer,near,outer->near,normal,pre_outage,weekday,54,4,4,0,0,0.0,0.0
2018-01-09,2018-01-09 01:00:00,core,near,core->near,normal,pre_outage,weekday,54,14,14,0,0,0.0,0.0
2018-01-09,2018-01-09 01:00:00,core,outer,core->outer,normal,pre_outage,weekday,54,14,14,0,0,0.0,0.0
2018-01-09,2018-01-09 01:00:00,near,core,near->core,normal,pre_outage,weekday,54,28,28,3,0,0.0,0.0
2018-01-09,2018-01-09 01:00:00,near,outer,near->outer,normal,pre_outage,weekday,54,28,28,3,3,0.10714285714285714,0.10714285714285714
2018-01-09,2018-01-09 01:00:00,outer,core,outer->core,normal,pre_outage,weekday,54,5,5,0,0,0.0,0.0
2018-01-09,2018-01-09 01:00:00,outer,near,outer->near,normal,pre_outage,weekday,54,5,5,0,0,0.0,0.0
2018-01-09,2018-01-09 02:00:00,core,near,core->near,normal,pre_outage,weekday,54,14,14,0,0,0.0,0.0
2018-01-09,2018-01-09 02:00:00,core,outer,core->outer,normal,pre_outage,weekday,54,14,14,0,0,0.0,0.0
2018-01-09,2018-01-09 02:00:00,near,core,near->core,normal,pre_outage,weekday,54,25,25,0,0,0.0,0.0
2018-01-09,2018-01-09 02:00:00,near,outer,near->outer,normal,pre_outage,weekday,54,25,25,0,0,0.0,0.0
2018-01-09,2018-01-09 02:00:00,outer,core,outer->core,normal,pre_outage,weekday,54,8,8,0,0,0.0,0.0
2018-01-09,2018-01-09 02:00:00,outer,near,outer->near,normal,pre_outage,weekday,54,8,8,0,0,0.0,0.0
2018-01-09,2018-01-09 03:00:00,core,near,core->near,normal,pre_outage,weekday,54,14,14,2,1,0.07142857142857142,0.07142857142857142
2018-01-09,2018-01-09 03:00:00,core,outer,core->outer,normal,pre_outage,weekday,54,14,14,2,1,0.07142857142857142,0.07142857142857142
2018-01-09,2018-01-09 03:00:00,near,core,near->core,normal,pre_outage,weekday,54,25,25,1,1,0.04,0.04
2018-01-09,2018-01-09 03:00:00,near,outer,near->outer,normal,pre_outage,weekday,54,25,25,1,0,0.0,0.0
2018-01-09,2018-01-09 03:00:00,outer,core,outer->core,normal,pre_outage,weekday,54,8,5,1,1,0.125,0.2
2018-01-09,2018-01-09 03:00:00,outer,near,outer->near,normal,pre_outage,weekday,54,8,5,1,0,0.0,0.0
2018-01-09,2018-01-09 04:00:00,core,near,core->near,normal,pre_outage,weekday,54,14,14,6,5,0.35714285714285715,0.35714285714285715
2018-01-09,2018-01-09 04:00:00,core,outer,core->outer,normal,pre_outage,weekday,54,14,14,6,1,0.07142857142857142,0.07142857142857142
2018-01-09,2018-01-09 04:00:00,near,core,near->core,normal,pre_outage,weekday,54,26,24,1,1,0.038461538461538464,0.041666666666666664
2018-01-09,2018-01-09 04:00:00,near,outer,near->outer,normal,pre_outage,weekday,54,26,24,1,0,0.0,0.0
2018-01-09,2018-01-09 04:00:00,outer,core,outer->core,normal,pre_outage,weekday,54,5,5,0,0,0.0,0.0
2018-01-09,2018-01-09 04:00:00,outer,near,outer->near,normal,pre_outage,weekday,54,5,5,0,0,0.0,0.0
2018-01-09,2018-01-09 05:00:00,core,near,core->near,normal,pre_outage,weekday,54,9,9,0,0,0.0,0.0
2018-01-09,2018-01-09 05:00:00,core,outer,core->outer,normal,pre_outage,weekday,54,9,9,0,0,0.0,0.0
2018-01-09,2018-01-09 05:00:00,near,core,near->core,normal,pre_outage,weekday,54,28,28,4,4,0.14285714285714285,0.14285714285714285
2018-01-09,2018-01-09 05:00:00,near,outer,near->outer,normal,pre_outage,weekday,54,28,28,4,0,0.0,0.0
2018-01-09,2018-01-09 05:00:00,outer,core,outer->core,normal,pre_outage,weekday,54,6,5,0,0,0.0,0.0
2018-01-09,2018-01-09 05:00:00,outer,near,outer->near,normal,pre_outage,weekday,54,6,5,0,0,0.0,0.0
2018-01-09,2018-01-09 06:00:00,core,near,core->near,normal,pre_outage,weekday,54,13,13,3,0,0.0,0.0
2018-01-09,2018-01-09 06:00:00,core,outer,core->outer,normal,pre_outage,weekday,54,13,13,3,3,0.23076923076923078,0.23076923076923078
2018-01-09,2018-01-09 06:00:00,near,core,near->core,normal,pre_outage,weekday,54,25,23,1,0,0.0,0.0
2018-01-09,2018-01-09 06:00:00,near,outer,near->outer,normal,pre_outage,weekday,54,25,23,1,1,0.04,0.043478260869565216
2018-01-09,2018-01-09 06:00:00,outer,core,outer->core,normal,pre_outage,weekday,54,5,5,0,0,0.0,0.0
2018-01-09,2018-01-09 06:00:00,outer,near,outer->near,normal,pre_outage,weekday,54,5,5,0,0,0.0,0.0
2018-01-09,2018-01-09 07:00:00,core,near,core->near,normal,pre_outage,weekday,54,10,10,3,2,0.2,0.2
2018-01-09,2018-01-09 07:00:00,core,outer,core->outer,normal,pre_outage,weekday,54,10,10,3,1,0.1,0.1
2018-01-09,2018-01-09 07:00:00,near,core,near->core,normal,pre_outage,weekday,54,23,21,0,0,0.0,0.0
2018-01-09,2018-01-09 07:00:00,near,outer,near->outer,normal,pre_outage,weekday,54,23,21,0,0,0.0,0.0
2018-01-09,2018-01-09 07:00:00,outer,core,outer->core,normal,pre_outage,weekday,54,10,10,6,1,0.1,0.1
2018-01-09,2018-01-09 07:00:00,outer,near,outer->near,normal,pre_outage,weekday,54,10,10,6,5,0.5,0.5
2018-01-09,2018-01-09 08:00:00,core,near,core->near,normal,pre_outage,weekday,54,8,8,1,0,0.0,0.0
2018-01-09,2018-01-09 08:00:00,core,outer,core->outer,normal,pre_outage,weekday,54,8,8,1,1,0.125,0.125
2018-01-09,2018-01-09 08:00:00,near,core,near->core,normal,pre_outage,weekday,54,31,31,8,5,0.16129032258064516,0.16129032258064516
2018-01-09,2018-01-09 08:00:00,near,outer,near->outer,normal,pre_outage,weekday,54,31,31,8,3,0.0967741935483871,0.0967741935483871
2018-01-09,2018-01-09 08:00:00,outer,core,outer->core,normal,pre_outage,weekday,54,5,5,0,0,0.0,0.0
2018-01-09,2018-01-09 08:00:00,outer,near,outer->near,normal,pre_outage,weekday,54,5,5,0,0,0.0,0.0
2018-01-09,2018-01-09 09:00:00,core,near,core->near,normal,pre_outage,weekday,54,12,12,0,0,0.0,0.0
2018-01-09,2018-01-09 09:00:00,core,outer,core->outer,normal,pre_outage,weekday,54,12,12,0,0,0.0,0.0
2018-01-09,2018-01-09 09:00:00,near,core,near->core,normal,pre_outage,weekday,54,23,22,0,0,0.0,0.0
2018-01-09,2018-01-09 09:00:00,near,outer,near->outer,normal,pre_outage,weekday,54,23,22,0,0,0.0,0.0
2018-01-09,2018-01-09 09:00:00,outer,core,outer->core,normal,pre_outage,weekday,54,10,9,2,0,0.0,0.0
2018-01-09,2018-01-09 09:00:00,outer,near,outer->near,normal,pre_outage,weekday,54,10,9,2,2,0.2,0.2222222222222222
2018-01-09,2018-01-09 10:00:00,core,near,core->near,normal,pre_outage,weekday,54,12,12,3,3,0.25,0.25
2018-01-09,2018-01-09 10:00:00,core,outer,core->outer,normal,pre_outage,weekday,54,12,12,3,0,0.0,0.0
2018-01-09,2018-01-09 10:00:00,near,core,near->core,normal,pre_outage,weekday,54,25,24,1,1,0.04,0.041666666666666664
2018-01-09,2018-01-09 10:00:00,near,outer,near->outer,normal,pre_outage,weekday,54,25,24,1,0,0.0,0.0
2018-01-09,2018-01-09 10:00:00,outer,core,outer->core,normal,pre_outage,weekday,54,7,7,1,1,0.14285714285714285,0.14285714285714285
2018-01-09,2018-01-09 10:00:00,outer,near,outer->near,normal,pre_outage,weekday,54,7,7,1,0,0.0,0.0
2018-01-09,2018-01-09 11:00:00,core,near,core->near,normal,pre_outage,weekday,54,11,10,2,1,0.09090909090909091,0.1
2018-01-09,2018-01-09 11:00:00,core,outer,core->outer,normal,pre_outage,weekday,54,11,10,2,1,0.09090909090909091,0.1
2018-01-09,2018-01-09 11:00:00,near,core,near->core,normal,pre_outage,weekday,54,27,27,4,3,0.1111111111111111,0.1111111111111111
2018-01-09,2018-01-09 11:00:00,near,outer,near->outer,normal,pre_outage,weekday,54,27,27,4,1,0.037037037037037035,0.037037037037037035
2018-01-09,2018-01-09 11:00:00,outer,core,outer->core,normal,pre_outage,weekday,54,6,6,1,1,0.16666666666666666,0.16666666666666666
2018-01-09,2018-01-09 11:00:00,outer,near,outer->near,normal,pre_outage,weekday,54,6,6,1,0,0.0,0.0
2018-01-09,2018-01-09 12:00:00,core,near,core->near,normal,pre_outage,weekday,54,12,12,1,1,0.08333333333333333,0.08333333333333333
2018-01-09,2018-01-09 12:00:00,core,outer,core->outer,normal,pre_outage,weekday,54,12,12,1,0,0.0,0.0
2018-01-09,2018-01-09 12:00:00,near,core,near->core,normal,pre_outage,weekday,54,25,24,1,1,0.04,0.041666666666666664
2018-01-09,2018-01-09 12:00:00,near,outer,near->outer,normal,pre_outage,weekday,54,25,24,1,0,0.0,0.0
2018-01-09,2018-01-09 12:00:00,outer,core,outer->core,normal,pre_outage,weekday,54,7,7,1,0,0.0,0.0
2018-01-09,2018-01-09 12:00:00,outer,near,outer->near,normal,pre_outage,weekday,54,7,7,1,1,0.14285714285714285,0.14285714285714285
2018-01-09,2018-01-09 13:00:00,core,near,core->near,normal,pre_outage,weekday,54,12,12,0,0,0.0,0.0
2018-01-09,2018-01-09 13:00:00,core,outer,core->outer,normal,pre_outage,weekday,54,12,12,0,0,0.0,0.0
2018-01-09,2018-01-09 13:00:00,near,core,near->core,normal,pre_outage,weekday,54,25,25,1,1,0.04,0.04
2018-01-09,2018-01-09 13:00:00,near,outer,near->outer,normal,pre_outage,weekday,54,25,25,1,0,0.0,0.0
2018-01-09,2018-01-09 13:00:00,outer,core,outer->core,normal,pre_outage,weekday,54,6,6,1,0,0.0,0.0
2018-01-09,2018-01-09 13:00:00,outer,near,outer->near,normal,pre_outage,weekday,54,6,6,1,1,0.16666666666666666,0.16666666666666666
2018-01-09,2018-01-09 14:00:00,core,near,core->near,normal,pre_outage,weekday,54,13,13,4,4,0.3076923076923077,0.3076923076923077
2018-01-09,2018-01-09 14:00:00,core,outer,core->outer,normal,pre_outage,weekday,54,13,13,4,0,0.0,0.0
2018-01-09,2018-01-09 14:00:00,near,core,near->core,normal,pre_outage,weekday,54,26,25,0,0,0.0,0.0
2018-01-09,2018-01-09 14:00:00,near,outer,near->outer,normal,pre_outage,weekday,54,26,25,0,0,0.0,0.0
2018-01-09,2018-01-09 14:00:00,outer,core,outer->core,normal,pre_outage,weekday,54,5,5,1,0,0.0,0.0
2018-01-09,2018-01-09 14:00:00,outer,near,outer->near,normal,pre_outage,weekday,54,5,5,1,1,0.2,0.2
2018-01-09,2018-01-09 15:00:00,core,near,core->near,normal,pre_outage,weekday,54,9,9,1,0,0.0,0.0
2018-01-09,2018-01-09 15:00:00,core,outer,core->outer,normal,pre_outage,weekday,54,9,9,1,1,0.1111111111111111,0.1111111111111111
2018-01-09,2018-01-09 15:00:00,near,core,near->core,normal,pre_outage,weekday,54,30,30,2,0,0.0,0.0
2018-01-09,2018-01-09 15:00:00,near,outer,near->outer,normal,pre_outage,weekday,54,30,30,2,2,0.06666666666666667,0.06666666666666667
2018-01-09,2018-01-09 15:00:00,outer,core,outer->core,normal,pre_outage,weekday,54,4,4,0,0,0.0,0.0
2018-01-09,2018-01-09 15:00:00,outer,near,outer->near,normal,pre_outage,weekday,54,4,4,0,0,0.0,0.0
2018-01-09,2018-01-09 16:00:00,core,near,core->near,normal,pre_outage,weekday,54,8,8,0,0,0.0,0.0
2018-01-09,2018-01-09 16:00:00,core,outer,core->outer,normal,pre_outage,weekday,54,8,8,0,0,0.0,0.0
2018-01-09,2018-01-09 16:00:00,near,core,near->core,normal,pre_outage,weekday,54,28,28,3,3,0.10714285714285714,0.10714285714285714
2018-01-09,2018-01-09 16:00:00,near,outer,near->outer,normal,pre_outage,weekday,54,28,28,3,0,0.0,0.0
2018-01-09,2018-01-09 16:00:00,outer,core,outer->core,normal,pre_outage,weekday,54,7,7,0,0,0.0,0.0
2018-01-09,2018-01-09 16:00:00,outer,near,outer->near,normal,pre_outage,weekday,54,7,7,0,0,0.0,0.0
2018-01-09,2018-01-09 17:00:00,core,near,core->near,normal,pre_outage,weekday,54,11,11,0,0,0.0,0.0
2018-01-09,2018-01-09 17:00:00,core,outer,core->outer,normal,pre_outage,weekday,54,11,11,0,0,0.0,0.0
2018-01-09,2018-01-09 17:00:00,near,core,near->core,normal,pre_outage,weekday,54,26,25,0,0,0.0,0.0
2018-01-09,2018-01-09 17:00:00,near,outer,near->outer,normal,pre_outage,weekday,54,26,25,0,0,0.0,0.0
2018-01-09,2018-01-09 17:00:00,outer,core,outer->core,normal,pre_outage,weekday,54,7,7,0,0,0.0,0.0
2018-01-09,2018-01-09 17:00:00,outer,near,outer->near,normal,pre_outage,weekday,54,7,7,0,0,0.0,0.0
2018-01-09,2018-01-09 18:00:00,core,near,core->near,normal,pre_outage,weekday,54,11,11,3,3,0.2727272727272727,0.2727272727272727
2018-01-09,2018-01-09 18:00:00,core,outer,core->outer,normal,pre_outage,weekday,54,11,11,3,0,0.0,0.0
2018-01-09,2018-01-09 18:00:00,near,core,near->core,normal,pre_outage,weekday,54,26,26,0,0,0.0,0.0
2018-01-09,2018-01-09 18:00:00,near,outer,near->outer,normal,pre_outage,weekday,54,26,26,0,0,0.0,0.0
2018-01-09,2018-01-09 18:00:00,outer,core,outer->core,normal,pre_outage,weekday,54,7,7,2,0,0.0,0.0
2018-01-09,2018-01-09 18:00:00,outer,near,outer->near,normal,pre_outage,weekday,54,7,7,2,2,0.2857142857142857,0.2857142857142857
2018-01-09,2018-01-09 19:00:00,core,near,core->near,normal,pre_outage,weekday,54,8,8,0,0,0.0,0.0
2018-01-09,2018-01-09 19:00:00,core,outer,core->outer,normal,pre_outage,weekday,54,8,8,0,0,0.0,0.0
2018-01-09,2018-01-09 19:00:00,near,core,near->core,normal,pre_outage,weekday,54,31,31,3,3,0.0967741935483871,0.0967741935483871
2018-01-09,2018-01-09 19:00:00,near,outer,near->outer,normal,pre_outage,weekday,54,31,31,3,0,0.0,0.0
2018-01-09,2018-01-09 19:00:00,outer,core,outer->core,normal,pre_outage,weekday,54,5,5,0,0,0.0,0.0
2018-01-09,2018-01-09 19:00:00,outer,near,outer->near,normal,pre_outage,weekday,54,5,5,0,0,0.0,0.0
2018-01-09,2018-01-09 20:00:00,core,near,core->near,normal,pre_outage,weekday,54,11,11,1,1,0.09090909090909091,0.09090909090909091
2018-01-09,2018-01-09 20:00:00,core,outer,core->outer,normal,pre_outage,weekday,54,11,11,1,0,0.0,0.0
2018-01-09,2018-01-09 20:00:00,near,core,near->core,normal,pre_outage,weekday,54,28,27,3,2,0.07142857142857142,0.07407407407407407
2018-01-09,2018-01-09 20:00:00,near,outer,near->outer,normal,pre_outage,weekday,54,28,27,3,1,0.03571428571428571,0.037037037037037035
2018-01-09,2018-01-09 20:00:00,outer,core,outer->core,normal,pre_outage,weekday,54,6,5,0,0,0.0,0.0
2018-01-09,2018-01-09 20:00:00,outer,near,outer->near,normal,pre_outage,weekday,54,6,5,0,0,0.0,0.0
2018-01-09,2018-01-09 21:00:00,core,near,core->near,normal,pre_outage,weekday,54,12,12,0,0,0.0,0.0
2018-01-09,2018-01-09 21:00:00,core,outer,core->outer,normal,pre_outage,weekday,54,12,12,0,0,0.0,0.0
2018-01-09,2018-01-09 21:00:00,near,core,near->core,normal,pre_outage,weekday,54,26,25,0,0,0.0,0.0
2018-01-09,2018-01-09 21:00:00,near,outer,near->outer,normal,pre_outage,weekday,54,26,25,0,0,0.0,0.0
2018-01-09,2018-01-09 21:00:00,outer,core,outer->core,normal,pre_outage,weekday,54,6,6,1,1,0.16666666666666666,0.16666666666666666
2018-01-09,2018-01-09 21:00:00,outer,near,outer->near,normal,pre_outage,weekday,54,6,6,1,0,0.0,0.0
2018-01-09,2018-01-09 22:00:00,core,near,core->near,normal,pre_outage,weekday,54,13,13,0,0,0.0,0.0
2018-01-09,2018-01-09 22:00:00,core,outer,core->outer,normal,pre_outage,weekday,54,13,13,0,0,0.0,0.0
2018-01-09,2018-01-09 22:00:00,near,core,near->core,normal,pre_outage,weekday,54,25,25,0,0,0.0,0.0
2018-01-09,2018-01-09 22:00:00,near,outer,near->outer,normal,pre_outage,weekday,54,25,25,0,0,0.0,0.0
2018-01-09,2018-01-09 22:00:00,outer,core,outer->core,normal,pre_outage,weekday,54,5,5,0,0,0.0,0.0
2018-01-09,2018-01-09 22:00:00,outer,near,outer->near,normal,pre_outage,weekday,54,5,5,0,0,0.0,0.0
2018-01-09,2018-01-09 23:00:00,core,near,core->near,normal,pre_outage,weekday,54,13,13,0,0,0.0,0.0
2018-01-09,2018-01-09 23:00:00,core,outer,core->outer,normal,pre_outage,weekday,54,13,13,0,0,0.0,0.0
2018-01-09,2018-01-09 23:00:00,near,core,near->core,normal,pre_outage,weekday,54,25,25,1,1,0.04,0.04
2018-01-09,2018-01-09 23:00:00,near,outer,near->outer,normal,pre_outage,weekday,54,25,25,1,0,0.0,0.0
2018-01-09,2018-01-09 23:00:00,outer,core,outer->core,normal,pre_outage,weekday,54,5,5,1,1,0.2,0.2
2018-01-09,2018-01-09 23:00:00,outer,near,outer->near,normal,pre_outage,weekday,54,5,5,1,0,0.0,0.0
2018-01-10,2018-01-10 00:00:00,core,near,core->near,normal,pre_outage,weekday,54,15,15,0,0,0.0,0.0
2018-01-10,2018-01-10 00:00:00,core,outer,core->outer,normal,pre_outage,weekday,54,15,15,0,0,0.0,0.0
2018-01-10,2018-01-10 00:00:00,near,core,near->core,normal,pre_outage,weekday,54,25,24,0,0,0.0,0.0
2018-01-10,2018-01-10 00:00:00,near,outer,near->outer,normal,pre_outage,weekday,54,25,24,0,0,0.0,0.0
2018-01-10,2018-01-10 00:00:00,outer,core,outer->core,normal,pre_outage,weekday,54,4,4,0,0,0.0,0.0
2018-01-10,2018-01-10 00:00:00,outer,near,outer->near,normal,pre_outage,weekday,54,4,4,0,0,0.0,0.0
2018-01-10,2018-01-10 01:00:00,core,near,core->near,normal,pre_outage,weekday,54,15,15,0,0,0.0,0.0
2018-01-10,2018-01-10 01:00:00,core,outer,core->outer,normal,pre_outage,weekday,54,15,15,0,0,0.0,0.0
2018-01-10,2018-01-10 01:00:00,near,core,near->core,normal,pre_outage,weekday,54,25,24,0,0,0.0,0.0
2018-01-10,2018-01-10 01:00:00,near,outer,near->outer,normal,pre_outage,weekday,54,25,24,0,0,0.0,0.0
2018-01-10,2018-01-10 01:00:00,outer,core,outer->core,normal,pre_outage,weekday,54,4,4,0,0,0.0,0.0
2018-01-10,2018-01-10 01:00:00,outer,near,outer->near,normal,pre_outage,weekday,54,4,4,0,0,0.0,0.0
2018-01-10,2018-01-10 02:00:00,core,near,core->near,normal,pre_outage,weekday,54,15,15,2,2,0.13333333333333333,0.13333333333333333
2018-01-10,2018-01-10 02:00:00,core,outer,core->outer,normal,pre_outage,weekday,54,15,15,2,0,0.0,0.0
2018-01-10,2018-01-10 02:00:00,near,core,near->core,normal,pre_outage,weekday,54,24,24,0,0,0.0,0.0
2018-01-10,2018-01-10 02:00:00,near,outer,near->outer,normal,pre_outage,weekday,54,24,24,0,0,0.0,0.0
2018-01-10,2018-01-10 02:00:00,outer,core,outer->core,normal,pre_outage,weekday,54,4,4,0,0,0.0,0.0
2018-01-10,2018-01-10 02:00:00,outer,near,outer->near,normal,pre_outage,weekday,54,4,4,0,0,0.0,0.0
2018-01-10,2018-01-10 03:00:00,core,near,core->near,normal,pre_outage,weekday,54,13,13,5,3,0.23076923076923078,0.23076923076923078
2018-01-10,2018-01-10 03:00:00,core,outer,core->outer,normal,pre_outage,weekday,54,13,13,5,2,0.15384615384615385,0.15384615384615385
2018-01-10,2018-01-10 03:00:00,near,core,near->core,normal,pre_outage,weekday,54,27,26,4,4,0.14814814814814814,0.15384615384615385
2018-01-10,2018-01-10 03:00:00,near,outer,near->outer,normal,pre_outage,weekday,54,27,26,4,0,0.0,0.0
2018-01-10,2018-01-10 03:00:00,outer,core,outer->core,normal,pre_outage,weekday,54,4,4,0,0,0.0,0.0
2018-01-10,2018-01-10 03:00:00,outer,near,outer->near,normal,pre_outage,weekday,54,4,4,0,0,0.0,0.0
2018-01-10,2018-01-10 04:00:00,core,near,core->near,normal,pre_outage,weekday,54,12,12,2,2,0.16666666666666666,0.16666666666666666
2018-01-10,2018-01-10 04:00:00,core,outer,core->outer,normal,pre_outage,weekday,54,12,12,2,0,0.0,0.0
2018-01-10,2018-01-10 04:00:00,near,core,near->core,normal,pre_outage,weekday,54,26,24,3,3,0.11538461538461539,0.125
2018-01-10,2018-01-10 04:00:00,near,outer,near->outer,normal,pre_outage,weekday,54,26,24,3,0,0.0,0.0
2018-01-10,2018-01-10 04:00:00,outer,core,outer->core,normal,pre_outage,weekday,54,6,6,0,0,0.0,0.0
2018-01-10,2018-01-10 04:00:00,outer,near,outer->near,normal,pre_outage,weekday,54,6,6,0,0,0.0,0.0
2018-01-10,2018-01-10 05:00:00,core,near,core->near,normal,pre_outage,weekday,54,13,13,0,0,0.0,0.0
2018-01-10,2018-01-10 05:00:00,core,outer,core->outer,normal,pre_outage,weekday,54,13,13,0,0,0.0,0.0
2018-01-10,2018-01-10 05:00:00,near,core,near->core,normal,pre_outage,weekday,54,25,23,1,1,0.04,0.043478260869565216
2018-01-10,2018-01-10 05:00:00,near,outer,near->outer,normal,pre_outage,weekday,54,25,23,1,0,0.0,0.0
2018-01-10,2018-01-10 05:00:00,outer,core,outer->core,normal,pre_outage,weekday,54,6,6,0,0,0.0,0.0
2018-01-10,2018-01-10 05:00:00,outer,near,outer->near,normal,pre_outage,weekday,54,6,6,0,0,0.0,0.0
2018-01-10,2018-01-10 06:00:00,core,near,core->near,normal,pre_outage,weekday,54,14,14,2,2,0.14285714285714285,0.14285714285714285
2018-01-10,2018-01-10 06:00:00,core,outer,core->outer,normal,pre_outage,weekday,54,14,14,2,0,0.0,0.0
2018-01-10,2018-01-10 06:00:00,near,core,near->core,normal,pre_outage,weekday,54,22,21,0,0,0.0,0.0
2018-01-10,2018-01-10 06:00:00,near,outer,near->outer,normal,pre_outage,weekday,54,22,21,0,0,0.0,0.0
2018-01-10,2018-01-10 06:00:00,outer,core,outer->core,normal,pre_outage,weekday,54,6,6,0,0,0.0,0.0
2018-01-10,2018-01-10 06:00:00,outer,near,outer->near,normal,pre_outage,weekday,54,6,6,0,0,0.0,0.0
2018-01-10,2018-01-10 07:00:00,core,near,core->near,normal,pre_outage,weekday,54,12,12,5,5,0.4166666666666667,0.4166666666666667
2018-01-10,2018-01-10 07:00:00,core,outer,core->outer,normal,pre_outage,weekday,54,12,12,5,0,0.0,0.0
2018-01-10,2018-01-10 07:00:00,near,core,near->core,normal,pre_outage,weekday,54,24,23,0,0,0.0,0.0
2018-01-10,2018-01-10 07:00:00,near,outer,near->outer,normal,pre_outage,weekday,54,24,23,0,0,0.0,0.0
2018-01-10,2018-01-10 07:00:00,outer,core,outer->core,normal,pre_outage,weekday,54,8,8,2,0,0.0,0.0
2018-01-10,2018-01-10 07:00:00,outer,near,outer->near,normal,pre_outage,weekday,54,8,8,2,2,0.25,0.25
2018-01-10,2018-01-10 08:00:00,core,near,core->near,normal,pre_outage,weekday,54,7,7,2,1,0.14285714285714285,0.14285714285714285
2018-01-10,2018-01-10 08:00:00,core,outer,core->outer,normal,pre_outage,weekday,54,7,7,2,1,0.14285714285714285,0.14285714285714285
2018-01-10,2018-01-10 08:00:00,near,core,near->core,normal,pre_outage,weekday,54,30,29,1,1,0.03333333333333333,0.034482758620689655
2018-01-10,2018-01-10 08:00:00,near,outer,near->outer,normal,pre_outage,weekday,54,30,29,1,0,0.0,0.0
2018-01-10,2018-01-10 08:00:00,outer,core,outer->core,normal,pre_outage,weekday,54,6,6,0,0,0.0,0.0
2018-01-10,2018-01-10 08:00:00,outer,near,outer->near,normal,pre_outage,weekday,54,6,6,0,0,0.0,0.0
2018-01-10,2018-01-10 09:00:00,core,near,core->near,normal,pre_outage,weekday,54,6,6,0,0,0.0,0.0
2018-01-10,2018-01-10 09:00:00,core,outer,core->outer,normal,pre_outage,weekday,54,6,6,0,0,0.0,0.0
2018-01-10,2018-01-10 09:00:00,near,core,near->core,normal,pre_outage,weekday,54,32,32,2,2,0.0625,0.0625
2018-01-10,2018-01-10 09:00:00,near,outer,near->outer,normal,pre_outage,weekday,54,32,32,2,0,0.0,0.0
2018-01-10,2018-01-10 09:00:00,outer,core,outer->core,normal,pre_outage,weekday,54,7,7,0,0,0.0,0.0
2018-01-10,2018-01-10 09:00:00,outer,near,outer->near,normal,pre_outage,weekday,54,7,7,0,0,0.0,0.0
2018-01-10,2018-01-10 10:00:00,core,near,core->near,normal,pre_outage,weekday,54,8,8,0,0,0.0,0.0
2018-01-10,2018-01-10 10:00:00,core,outer,core->outer,normal,pre_outage,weekday,54,8,8,0,0,0.0,0.0
2018-01-10,2018-01-10 10:00:00,near,core,near->core,normal,pre_outage,weekday,54,31,31,6,5,0.16129032258064516,0.16129032258064516
2018-01-10,2018-01-10 10:00:00,near,outer,near->outer,normal,pre_outage,weekday,54,31,31,6,1,0.03225806451612903,0.03225806451612903
2018-01-10,2018-01-10 10:00:00,outer,core,outer->core,normal,pre_outage,weekday,54,7,7,0,0,0.0,0.0
2018-01-10,2018-01-10 10:00:00,outer,near,outer->near,normal,pre_outage,weekday,54,7,7,0,0,0.0,0.0
2018-01-10,2018-01-10 11:00:00,core,near,core->near,normal,pre_outage,weekday,54,13,13,4,4,0.3076923076923077,0.3076923076923077
2018-01-10,2018-01-10 11:00:00,core,outer,core->outer,normal,pre_outage,weekday,54,13,13,4,0,0.0,0.0
2018-01-10,2018-01-10 11:00:00,near,core,near->core,normal,pre_outage,weekday,54,25,25,0,0,0.0,0.0
2018-01-10,2018-01-10 11:00:00,near,outer,near->outer,normal,pre_outage,weekday,54,25,25,0,0,0.0,0.0
2018-01-10,2018-01-10 11:00:00,outer,core,outer->core,normal,pre_outage,weekday,54,8,8,1,1,0.125,0.125
2018-01-10,2018-01-10 11:00:00,outer,near,outer->near,normal,pre_outage,weekday,54,8,8,1,0,0.0,0.0
2018-01-10,2018-01-10 12:00:00,core,near,core->near,normal,pre_outage,weekday,54,10,10,1,1,0.1,0.1
2018-01-10,2018-01-10 12:00:00,core,outer,core->outer,normal,pre_outage,weekday,54,10,10,1,0,0.0,0.0
2018-01-10,2018-01-10 12:00:00,near,core,near->core,normal,pre_outage,weekday,54,30,30,4,3,0.1,0.1
2018-01-10,2018-01-10 12:00:00,near,outer,near->outer,normal,pre_outage,weekday,54,30,30,4,1,0.03333333333333333,0.03333333333333333
2018-01-10,2018-01-10 12:00:00,outer,core,outer->core,normal,pre_outage,weekday,54,7,7,2,1,0.14285714285714285,0.14285714285714285
2018-01-10,2018-01-10 12:00:00,outer,near,outer->near,normal,pre_outage,weekday,54,7,7,2,1,0.14285714285714285,0.14285714285714285
2018-01-10,2018-01-10 13:00:00,core,near,core->near,normal,pre_outage,weekday,54,13,13,1,1,0.07692307692307693,0.07692307692307693
2018-01-10,2018-01-10 13:00:00,core,outer,core->outer,normal,pre_outage,weekday,54,13,13,1,0,0.0,0.0
2018-01-10,2018-01-10 13:00:00,near,core,near->core,normal,pre_outage,weekday,54,28,27,1,1,0.03571428571428571,0.037037037037037035
2018-01-10,2018-01-10 13:00:00,near,outer,near->outer,normal,pre_outage,weekday,54,28,27,1,0,0.0,0.0
2018-01-10,2018-01-10 13:00:00,outer,core,outer->core,normal,pre_outage,weekday,54,6,6,1,0,0.0,0.0
2018-01-10,2018-01-10 13:00:00,outer,near,outer->near,normal,pre_outage,weekday,54,6,6,1,1,0.16666666666666666,0.16666666666666666
2018-01-10,2018-01-10 14:00:00,core,near,core->near,normal,pre_outage,weekday,54,13,13,1,1,0.07692307692307693,0.07692307692307693
2018-01-10,2018-01-10 14:00:00,core,outer,core->outer,normal,pre_outage,weekday,54,13,13,1,0,0.0,0.0
2018-01-10,2018-01-10 14:00:00,near,core,near->core,normal,pre_outage,weekday,54,28,26,0,0,0.0,0.0
2018-01-10,2018-01-10 14:00:00,near,outer,near->outer,normal,pre_outage,weekday,54,28,26,0,0,0.0,0.0
2018-01-10,2018-01-10 14:00:00,outer,core,outer->core,normal,pre_outage,weekday,54,6,5,0,0,0.0,0.0
2018-01-10,2018-01-10 14:00:00,outer,near,outer->near,normal,pre_outage,weekday,54,6,5,0,0,0.0,0.0
2018-01-10,2018-01-10 15:00:00,core,near,core->near,normal,pre_outage,weekday,54,12,12,3,2,0.16666666666666666,0.16666666666666666
2018-01-10,2018-01-10 15:00:00,core,outer,core->outer,normal,pre_outage,weekday,54,12,12,3,1,0.08333333333333333,0.08333333333333333
2018-01-10,2018-01-10 15:00:00,near,core,near->core,normal,pre_outage,weekday,54,28,28,4,3,0.10714285714285714,0.10714285714285714
2018-01-10,2018-01-10 15:00:00,near,outer,near->outer,normal,pre_outage,weekday,54,28,28,4,1,0.03571428571428571,0.03571428571428571
2018-01-10,2018-01-10 15:00:00,outer,core,outer->core,normal,pre_outage,weekday,54,5,5,0,0,0.0,0.0
2018-01-10,2018-01-10 15:00:00,outer,near,outer->near,normal,pre_outage,weekday,54,5,5,0,0,0.0,0.0
2018-01-10,2018-01-10 16:00:00,core,near,core->near,normal,pre_outage,weekday,54,12,11,0,0,0.0,0.0
2018-01-10,2018-01-10 16:00:00,core,outer,core->outer,normal,pre_outage,weekday,54,12,11,0,0,0.0,0.0
2018-01-10,2018-01-10 16:00:00,near,core,near->core,normal,pre_outage,weekday,54,27,27,2,2,0.07407407407407407,0.07407407407407407
2018-01-10,2018-01-10 16:00:00,near,outer,near->outer,normal,pre_outage,weekday,54,27,27,2,0,0.0,0.0
2018-01-10,2018-01-10 16:00:00,outer,core,outer->core,normal,pre_outage,weekday,54,8,7,0,0,0.0,0.0
2018-01-10,2018-01-10 16:00:00,outer,near,outer->near,normal,pre_outage,weekday,54,8,7,0,0,0.0,0.0
2018-01-10,2018-01-10 17:00:00,core,near,core->near,normal,pre_outage,weekday,54,13,13,0,0,0.0,0.0
2018-01-10,2018-01-10 17:00:00,core,outer,core->outer,normal,pre_outage,weekday,54,13,13,0,0,0.0,0.0
2018-01-10,2018-01-10 17:00:00,near,core,near->core,normal,pre_outage,weekday,54,26,24,0,0,0.0,0.0
2018-01-10,2018-01-10 17:00:00,near,outer,near->outer,normal,pre_outage,weekday,54,26,24,0,0,0.0,0.0
2018-01-10,2018-01-10 17:00:00,outer,core,outer->core,normal,pre_outage,weekday,54,7,6,0,0,0.0,0.0
2018-01-10,2018-01-10 17:00:00,outer,near,outer->near,normal,pre_outage,weekday,54,7,6,0,0,0.0,0.0
2018-01-10,2018-01-10 18:00:00,core,near,core->near,normal,pre_outage,weekday,54,14,13,3,3,0.21428571428571427,0.23076923076923078
2018-01-10,2018-01-10 18:00:00,core,outer,core->outer,normal,pre_outage,weekday,54,14,13,3,0,0.0,0.0
2018-01-10,2018-01-10 18:00:00,near,core,near->core,normal,pre_outage,weekday,54,24,24,2,2,0.08333333333333333,0.08333333333333333
2018-01-10,2018-01-10 18:00:00,near,outer,near->outer,normal,pre_outage,weekday,54,24,24,2,0,0.0,0.0
2018-01-10,2018-01-10 18:00:00,outer,core,outer->core,normal,pre_outage,weekday,54,6,6,0,0,0.0,0.0
2018-01-10,2018-01-10 18:00:00,outer,near,outer->near,normal,pre_outage,weekday,54,6,6,0,0,0.0,0.0
2018-01-10,2018-01-10 19:00:00,core,near,core->near,normal,pre_outage,weekday,54,12,12,3,1,0.08333333333333333,0.08333333333333333
2018-01-10,2018-01-10 19:00:00,core,outer,core->outer,normal,pre_outage,weekday,54,12,12,3,2,0.16666666666666666,0.16666666666666666
2018-01-10,2018-01-10 19:00:00,near,core,near->core,normal,pre_outage,weekday,54,26,26,1,1,0.038461538461538464,0.038461538461538464
2018-01-10,2018-01-10 19:00:00,near,outer,near->outer,normal,pre_outage,weekday,54,26,26,1,0,0.0,0.0
2018-01-10,2018-01-10 19:00:00,outer,core,outer->core,normal,pre_outage,weekday,54,6,6,0,0,0.0,0.0
2018-01-10,2018-01-10 19:00:00,outer,near,outer->near,normal,pre_outage,weekday,54,6,6,0,0,0.0,0.0
2018-01-10,2018-01-10 20:00:00,core,near,core->near,normal,pre_outage,weekday,54,10,10,0,0,0.0,0.0
2018-01-10,2018-01-10 20:00:00,core,outer,core->outer,normal,pre_outage,weekday,54,10,10,0,0,0.0,0.0
2018-01-10,2018-01-10 20:00:00,near,core,near->core,normal,pre_outage,weekday,54,26,26,3,2,0.07692307692307693,0.07692307692307693
2018-01-10,2018-01-10 20:00:00,near,outer,near->outer,normal,pre_outage,weekday,54,26,26,3,1,0.038461538461538464,0.038461538461538464
2018-01-10,2018-01-10 20:00:00,outer,core,outer->core,normal,pre_outage,weekday,54,8,7,0,0,0.0,0.0
2018-01-10,2018-01-10 20:00:00,outer,near,outer->near,normal,pre_outage,weekday,54,8,7,0,0,0.0,0.0
2018-01-10,2018-01-10 21:00:00,core,near,core->near,normal,pre_outage,weekday,54,12,12,1,1,0.08333333333333333,0.08333333333333333
2018-01-10,2018-01-10 21:00:00,core,outer,core->outer,normal,pre_outage,weekday,54,12,12,1,0,0.0,0.0
2018-01-10,2018-01-10 21:00:00,near,core,near->core,normal,pre_outage,weekday,54,24,23,0,0,0.0,0.0
2018-01-10,2018-01-10 21:00:00,near,outer,near->outer,normal,pre_outage,weekday,54,24,23,0,0,0.0,0.0
2018-01-10,2018-01-10 21:00:00,outer,core,outer->core,normal,pre_outage,weekday,54,8,7,0,0,0.0,0.0
2018-01-10,2018-01-10 21:00:00,outer,near,outer->near,normal,pre_outage,weekday,54,8,7,0,0,0.0,0.0
2018-01-10,2018-01-10 22:00:00,core,near,core->near,normal,pre_outage,weekday,54,11,11,2,2,0.18181818181818182,0.18181818181818182
2018-01-10,2018-01-10 22:00:00,core,outer,core->outer,normal,pre_outage,weekday,54,11,11,2,0,0.0,0.0
2018-01-10,2018-01-10 22:00:00,near,core,near->core,normal,pre_outage,weekday,54,24,23,0,0,0.0,0.0
2018-01-10,2018-01-10 22:00:00,near,outer,near->outer,normal,pre_outage,weekday,54,24,23,0,0,0.0,0.0
2018-01-10,2018-01-10 22:00:00,outer,core,outer->core,normal,pre_outage,weekday,54,8,7,1,1,0.125,0.14285714285714285
2018-01-10,2018-01-10 22:00:00,outer,near,outer->near,normal,pre_outage,weekday,54,8,7,1,0,0.0,0.0
2018-01-10,2018-01-10 23:00:00,core,near,core->near,normal,pre_outage,weekday,54,10,10,1,1,0.1,0.1
2018-01-10,2018-01-10 23:00:00,core,outer,core->outer,normal,pre_outage,weekday,54,10,10,1,0,0.0,0.0
2018-01-10,2018-01-10 23:00:00,near,core,near->core,normal,pre_outage,weekday,54,25,25,2,2,0.08,0.08
2018-01-10,2018-01-10 23:00:00,near,outer,near->outer,normal,pre_outage,weekday,54,25,25,2,0,0.0,0.0
2018-01-10,2018-01-10 23:00:00,outer,core,outer->core,normal,pre_outage,weekday,54,6,6,1,0,0.0,0.0
2018-01-10,2018-01-10 23:00:00,outer,near,outer->near,normal,pre_outage,weekday,54,6,6,1,1,0.16666666666666666,0.16666666666666666
2018-01-11,2018-01-11 00:00:00,core,near,core->near,normal,pre_outage,weekday,54,11,11,0,0,0.0,0.0
2018-01-11,2018-01-11 00:00:00,core,outer,core->outer,normal,pre_outage,weekday,54,11,11,0,0,0.0,0.0
2018-01-11,2018-01-11 00:00:00,near,core,near->core,normal,pre_outage,weekday,54,26,26,3,2,0.07692307692307693,0.07692307692307693
2018-01-11,2018-01-11 00:00:00,near,outer,near->outer,normal,pre_outage,weekday,54,26,26,3,1,0.038461538461538464,0.038461538461538464
2018-01-11,2018-01-11 00:00:00,outer,core,outer->core,normal,pre_outage,weekday,54,5,5,0,0,0.0,0.0
2018-01-11,2018-01-11 00:00:00,outer,near,outer->near,normal,pre_outage,weekday,54,5,5,0,0,0.0,0.0
2018-01-11,2018-01-11 01:00:00,core,near,core->near,normal,pre_outage,weekday,54,13,13,0,0,0.0,0.0
2018-01-11,2018-01-11 01:00:00,core,outer,core->outer,normal,pre_outage,weekday,54,13,13,0,0,0.0,0.0
2018-01-11,2018-01-11 01:00:00,near,core,near->core,normal,pre_outage,weekday,54,24,23,0,0,0.0,0.0
2018-01-11,2018-01-11 01:00:00,near,outer,near->outer,normal,pre_outage,weekday,54,24,23,0,0,0.0,0.0
2018-01-11,2018-01-11 01:00:00,outer,core,outer->core,normal,pre_outage,weekday,54,6,6,0,0,0.0,0.0
2018-01-11,2018-01-11 01:00:00,outer,near,outer->near,normal,pre_outage,weekday,54,6,6,0,0,0.0,0.0
2018-01-11,2018-01-11 02:00:00,core,near,core->near,normal,pre_outage,weekday,54,13,13,0,0,0.0,0.0
2018-01-11,2018-01-11 02:00:00,core,outer,core->outer,normal,pre_outage,weekday,54,13,13,0,0,0.0,0.0
2018-01-11,2018-01-11 02:00:00,near,core,near->core,normal,pre_outage,weekday,54,23,23,0,0,0.0,0.0
2018-01-11,2018-01-11 02:00:00,near,outer,near->outer,normal,pre_outage,weekday,54,23,23,0,0,0.0,0.0
2018-01-11,2018-01-11 02:00:00,outer,core,outer->core,normal,pre_outage,weekday,54,6,6,1,0,0.0,0.0
2018-01-11,2018-01-11 02:00:00,outer,near,outer->near,normal,pre_outage,weekday,54,6,6,1,1,0.16666666666666666,0.16666666666666666
2018-01-11,2018-01-11 03:00:00,core,near,core->near,normal,pre_outage,weekday,54,13,13,1,1,0.07692307692307693,0.07692307692307693
2018-01-11,2018-01-11 03:00:00,core,outer,core->outer,normal,pre_outage,weekday,54,13,13,1,0,0.0,0.0
2018-01-11,2018-01-11 03:00:00,near,core,near->core,normal,pre_outage,weekday,54,24,24,1,1,0.041666666666666664,0.041666666666666664
2018-01-11,2018-01-11 03:00:00,near,outer,near->outer,normal,pre_outage,weekday,54,24,24,1,0,0.0,0.0
2018-01-11,2018-01-11 03:00:00,outer,core,outer->core,normal,pre_outage,weekday,54,5,5,0,0,0.0,0.0
2018-01-11,2018-01-11 03:00:00,outer,near,outer->near,normal,pre_outage,weekday,54,5,5,0,0,0.0,0.0
2018-01-11,2018-01-11 04:00:00,core,near,core->near,normal,pre_outage,weekday,54,13,13,0,0,0.0,0.0
2018-01-11,2018-01-11 04:00:00,core,outer,core->outer,normal,pre_outage,weekday,54,13,13,0,0,0.0,0.0
2018-01-11,2018-01-11 04:00:00,near,core,near->core,normal,pre_outage,weekday,54,24,24,0,0,0.0,0.0
2018-01-11,2018-01-11 04:00:00,near,outer,near->outer,normal,pre_outage,weekday,54,24,24,0,0,0.0,0.0
2018-01-11,2018-01-11 04:00:00,outer,core,outer->core,normal,pre_outage,weekday,54,5,5,0,0,0.0,0.0
2018-01-11,2018-01-11 04:00:00,outer,near,outer->near,normal,pre_outage,weekday,54,5,5,0,0,0.0,0.0
2018-01-11,2018-01-11 05:00:00,core,near,core->near,normal,pre_outage,weekday,54,13,13,2,1,0.07692307692307693,0.07692307692307693
2018-01-11,2018-01-11 05:00:00,core,outer,core->outer,normal,pre_outage,weekday,54,13,13,2,1,0.07692307692307693,0.07692307692307693
2018-01-11,2018-01-11 05:00:00,near,core,near->core,normal,pre_outage,weekday,54,24,24,0,0,0.0,0.0
2018-01-11,2018-01-11 05:00:00,near,outer,near->outer,normal,pre_outage,weekday,54,24,24,0,0,0.0,0.0
2018-01-11,2018-01-11 05:00:00,outer,core,outer->core,normal,pre_outage,weekday,54,5,5,0,0,0.0,0.0
2018-01-11,2018-01-11 05:00:00,outer,near,outer->near,normal,pre_outage,weekday,54,5,5,0,0,0.0,0.0
2018-01-11,2018-01-11 06:00:00,core,near,core->near,normal,pre_outage,weekday,54,11,11,3,3,0.2727272727272727,0.2727272727272727
2018-01-11,2018-01-11 06:00:00,core,outer,core->outer,normal,pre_outage,weekday,54,11,11,3,0,0.0,0.0
2018-01-11,2018-01-11 06:00:00,near,core,near->core,normal,pre_outage,weekday,54,26,25,0,0,0.0,0.0
2018-01-11,2018-01-11 06:00:00,near,outer,near->outer,normal,pre_outage,weekday,54,26,25,0,0,0.0,0.0
2018-01-11,2018-01-11 06:00:00,outer,core,outer->core,normal,pre_outage,weekday,54,6,6,0,0,0.0,0.0
2018-01-11,2018-01-11 06:00:00,outer,near,outer->near,normal,pre_outage,weekday,54,6,6,0,0,0.0,0.0
2018-01-11,2018-01-11 07:00:00,core,near,core->near,normal,pre_outage,weekday,54,8,8,2,0,0.0,0.0
2018-01-11,2018-01-11 07:00:00,core,outer,core->outer,normal,pre_outage,weekday,54,8,8,2,2,0.25,0.25
2018-01-11,2018-01-11 07:00:00,near,core,near->core,normal,pre_outage,weekday,54,28,26,4,2,0.07142857142857142,0.07692307692307693
2018-01-11,2018-01-11 07:00:00,near,outer,near->outer,normal,pre_outage,weekday,54,28,26,4,2,0.07142857142857142,0.07692307692307693
2018-01-11,2018-01-11 07:00:00,outer,core,outer->core,normal,pre_outage,weekday,54,6,5,0,0,0.0,0.0
2018-01-11,2018-01-11 07:00:00,outer,near,outer->near,normal,pre_outage,weekday,54,6,5,0,0,0.0,0.0
2018-01-11,2018-01-11 08:00:00,core,near,core->near,normal,pre_outage,weekday,54,8,8,1,1,0.125,0.125
2018-01-11,2018-01-11 08:00:00,core,outer,core->outer,normal,pre_outage,weekday,54,8,8,1,0,0.0,0.0
2018-01-11,2018-01-11 08:00:00,near,core,near->core,normal,pre_outage,weekday,54,22,21,0,0,0.0,0.0
2018-01-11,2018-01-11 08:00:00,near,outer,near->outer,normal,pre_outage,weekday,54,22,21,0,0,0.0,0.0
2018-01-11,2018-01-11 08:00:00,outer,core,outer->core,normal,pre_outage,weekday,54,9,9,0,0,0.0,0.0
2018-01-11,2018-01-11 08:00:00,outer,near,outer->near,normal,pre_outage,weekday,54,9,9,0,0,0.0,0.0
2018-01-11,2018-01-11 09:00:00,core,near,core->near,normal,pre_outage,weekday,54,7,7,0,0,0.0,0.0
2018-01-11,2018-01-11 09:00:00,core,outer,core->outer,normal,pre_outage,weekday,54,7,7,0,0,0.0,0.0
2018-01-11,2018-01-11 09:00:00,near,core,near->core,normal,pre_outage,weekday,54,25,24,1,1,0.04,0.041666666666666664
2018-01-11,2018-01-11 09:00:00,near,outer,near->outer,normal,pre_outage,weekday,54,25,24,1,0,0.0,0.0
2018-01-11,2018-01-11 09:00:00,outer,core,outer->core,normal,pre_outage,weekday,54,10,10,0,0,0.0,0.0
2018-01-11,2018-01-11 09:00:00,outer,near,outer->near,normal,pre_outage,weekday,54,10,10,0,0,0.0,0.0
2018-01-11,2018-01-11 10:00:00,core,near,core->near,normal,pre_outage,weekday,54,8,8,3,2,0.25,0.25
2018-01-11,2018-01-11 10:00:00,core,outer,core->outer,normal,pre_outage,weekday,54,8,8,3,1,0.125,0.125
2018-01-11,2018-01-11 10:00:00,near,core,near->core,normal,pre_outage,weekday,54,26,24,2,1,0.038461538461538464,0.041666666666666664
2018-01-11,2018-01-11 10:00:00,near,outer,near->outer,normal,pre_outage,weekday,54,26,24,2,1,0.038461538461538464,0.041666666666666664
2018-01-11,2018-01-11 10:00:00,outer,core,outer->core,normal,pre_outage,weekday,54,10,10,3,0,0.0,0.0
2018-01-11,2018-01-11 10:00:00,outer,near,outer->near,normal,pre_outage,weekday,54,10,10,3,3,0.3,0.3
2018-01-11,2018-01-11 11:00:00,core,near,core->near,normal,pre_outage,weekday,54,6,6,5,5,0.8333333333333334,0.8333333333333334
2018-01-11,2018-01-11 11:00:00,core,outer,core->outer,normal,pre_outage,weekday,54,6,6,5,0,0.0,0.0
2018-01-11,2018-01-11 11:00:00,near,core,near->core,normal,pre_outage,weekday,54,28,28,2,2,0.07142857142857142,0.07142857142857142
2018-01-11,2018-01-11 11:00:00,near,outer,near->outer,normal,pre_outage,weekday,54,28,28,2,0,0.0,0.0
2018-01-11,2018-01-11 11:00:00,outer,core,outer->core,normal,pre_outage,weekday,54,9,9,0,0,0.0,0.0
2018-01-11,2018-01-11 11:00:00,outer,near,outer->near,normal,pre_outage,weekday,54,9,9,0,0,0.0,0.0
2018-01-11,2018-01-11 12:00:00,core,near,core->near,normal,pre_outage,weekday,54,3,3,1,0,0.0,0.0
2018-01-11,2018-01-11 12:00:00,core,outer,core->outer,normal,pre_outage,weekday,54,3,3,1,1,0.3333333333333333,0.3333333333333333
2018-01-11,2018-01-11 12:00:00,near,core,near->core,normal,pre_outage,weekday,54,31,31,8,6,0.1935483870967742,0.1935483870967742
2018-01-11,2018-01-11 12:00:00,near,outer,near->outer,normal,pre_outage,weekday,54,31,31,8,2,0.06451612903225806,0.06451612903225806
2018-01-11,2018-01-11 12:00:00,outer,core,outer->core,normal,pre_outage,weekday,54,10,9,0,0,0.0,0.0
2018-01-11,2018-01-11 12:00:00,outer,near,outer->near,normal,pre_outage,weekday,54,10,9,0,0,0.0,0.0
2018-01-11,2018-01-11 13:00:00,core,near,core->near,normal,pre_outage,weekday,54,8,8,0,0,0.0,0.0
2018-01-11,2018-01-11 13:00:00,core,outer,core->outer,normal,pre_outage,weekday,54,8,8,0,0,0.0,0.0
2018-01-11,2018-01-11 13:00:00,near,core,near->core,normal,pre_outage,weekday,54,23,23,2,1,0.043478260869565216,0.043478260869565216
2018-01-11,2018-01-11 13:00:00,near,outer,near->outer,normal,pre_outage,weekday,54,23,23,2,1,0.043478260869565216,0.043478260869565216
2018-01-11,2018-01-11 13:00:00,outer,core,outer->core,normal,pre_outage,weekday,54,12,12,5,2,0.16666666666666666,0.16666666666666666
2018-01-11,2018-01-11 13:00:00,outer,near,outer->near,normal,pre_outage,weekday,54,12,12,5,3,0.25,0.25
2018-01-11,2018-01-11 14:00:00,core,near,core->near,normal,pre_outage,weekday,54,11,11,1,1,0.09090909090909091,0.09090909090909091
2018-01-11,2018-01-11 14:00:00,core,outer,core->outer,normal,pre_outage,weekday,54,11,11,1,0,0.0,0.0
2018-01-11,2018-01-11 14:00:00,near,core,near->core,normal,pre_outage,weekday,54,27,26,2,2,0.07407407407407407,0.07692307692307693
2018-01-11,2018-01-11 14:00:00,near,outer,near->outer,normal,pre_outage,weekday,54,27,26,2,0,0.0,0.0
2018-01-11,2018-01-11 14:00:00,outer,core,outer->core,normal,pre_outage,weekday,54,8,7,0,0,0.0,0.0
2018-01-11,2018-01-11 14:00:00,outer,near,outer->near,normal,pre_outage,weekday,54,8,7,0,0,0.0,0.0
2018-01-11,2018-01-11 15:00:00,core,near,core->near,normal,pre_outage,weekday,54,12,12,5,5,0.4166666666666667,0.4166666666666667
2018-01-11,2018-01-11 15:00:00,core,outer,core->outer,normal,pre_outage,weekday,54,12,12,5,0,0.0,0.0
2018-01-11,2018-01-11 15:00:00,near,core,near->core,normal,pre_outage,weekday,54,25,24,1,1,0.04,0.041666666666666664
2018-01-11,2018-01-11 15:00:00,near,outer,near->outer,normal,pre_outage,weekday,54,25,24,1,0,0.0,0.0
2018-01-11,2018-01-11 15:00:00,outer,core,outer->core,normal,pre_outage,weekday,54,8,8,1,0,0.0,0.0
2018-01-11,2018-01-11 15:00:00,outer,near,outer->near,normal,pre_outage,weekday,54,8,8,1,1,0.125,0.125
2018-01-11,2018-01-11 16:00:00,core,near,core->near,normal,pre_outage,weekday,54,8,8,1,1,0.125,0.125
2018-01-11,2018-01-11 16:00:00,core,outer,core->outer,normal,pre_outage,weekday,54,8,8,1,0,0.0,0.0
2018-01-11,2018-01-11 16:00:00,near,core,near->core,normal,pre_outage,weekday,54,31,30,1,1,0.03225806451612903,0.03333333333333333
2018-01-11,2018-01-11 16:00:00,near,outer,near->outer,normal,pre_outage,weekday,54,31,30,1,0,0.0,0.0
2018-01-11,2018-01-11 16:00:00,outer,core,outer->core,normal,pre_outage,weekday,54,7,7,1,0,0.0,0.0
2018-01-11,2018-01-11 16:00:00,outer,near,outer->near,normal,pre_outage,weekday,54,7,7,1,1,0.14285714285714285,0.14285714285714285
2018-01-11,2018-01-11 17:00:00,core,near,core->near,normal,pre_outage,weekday,54,8,8,0,0,0.0,0.0
2018-01-11,2018-01-11 17:00:00,core,outer,core->outer,normal,pre_outage,weekday,54,8,8,0,0,0.0,0.0
2018-01-11,2018-01-11 17:00:00,near,core,near->core,normal,pre_outage,weekday,54,32,31,5,2,0.0625,0.06451612903225806
2018-01-11,2018-01-11 17:00:00,near,outer,near->outer,normal,pre_outage,weekday,54,32,31,5,3,0.09375,0.0967741935483871
2018-01-11,2018-01-11 17:00:00,outer,core,outer->core,normal,pre_outage,weekday,54,6,6,1,0,0.0,0.0
2018-01-11,2018-01-11 17:00:00,outer,near,outer->near,normal,pre_outage,weekday,54,6,6,1,1,0.16666666666666666,0.16666666666666666
2018-01-11,2018-01-11 18:00:00,core,near,core->near,normal,pre_outage,weekday,54,10,10,3,2,0.2,0.2
2018-01-11,2018-01-11 18:00:00,core,outer,core->outer,normal,pre_outage,weekday,54,10,10,3,1,0.1,0.1
2018-01-11,2018-01-11 18:00:00,near,core,near->core,normal,pre_outage,weekday,54,27,25,0,0,0.0,0.0
2018-01-11,2018-01-11 18:00:00,near,outer,near->outer,normal,pre_outage,weekday,54,27,25,0,0,0.0,0.0
2018-01-11,2018-01-11 18:00:00,outer,core,outer->core,normal,pre_outage,weekday,54,8,8,3,2,0.25,0.25
2018-01-11,2018-01-11 18:00:00,outer,near,outer->near,normal,pre_outage,weekday,54,8,8,3,1,0.125,0.125
2018-01-11,2018-01-11 19:00:00,core,near,core->near,normal,pre_outage,weekday,54,9,9,1,1,0.1111111111111111,0.1111111111111111
2018-01-11,2018-01-11 19:00:00,core,outer,core->outer,normal,pre_outage,weekday,54,9,9,1,0,0.0,0.0
2018-01-11,2018-01-11 19:00:00,near,core,near->core,normal,pre_outage,weekday,54,28,28,3,3,0.10714285714285714,0.10714285714285714
2018-01-11,2018-01-11 19:00:00,near,outer,near->outer,normal,pre_outage,weekday,54,28,28,3,0,0.0,0.0
2018-01-11,2018-01-11 19:00:00,outer,core,outer->core,normal,pre_outage,weekday,54,6,6,1,1,0.16666666666666666,0.16666666666666666
2018-01-11,2018-01-11 19:00:00,outer,near,outer->near,normal,pre_outage,weekday,54,6,6,1,0,0.0,0.0
2018-01-11,2018-01-11 20:00:00,core,near,core->near,normal,pre_outage,weekday,54,12,12,0,0,0.0,0.0
2018-01-11,2018-01-11 20:00:00,core,outer,core->outer,normal,pre_outage,weekday,54,12,12,0,0,0.0,0.0
2018-01-11,2018-01-11 20:00:00,near,core,near->core,normal,pre_outage,weekday,54,27,27,2,1,0.037037037037037035,0.037037037037037035
2018-01-11,2018-01-11 20:00:00,near,outer,near->outer,normal,pre_outage,weekday,54,27,27,2,1,0.037037037037037035,0.037037037037037035
2018-01-11,2018-01-11 20:00:00,outer,core,outer->core,normal,pre_outage,weekday,54,6,6,0,0,0.0,0.0
2018-01-11,2018-01-11 20:00:00,outer,near,outer->near,normal,pre_outage,weekday,54,6,6,0,0,0.0,0.0
2018-01-11,2018-01-11 21:00:00,core,near,core->near,normal,pre_outage,weekday,54,13,13,0,0,0.0,0.0
2018-01-11,2018-01-11 21:00:00,core,outer,core->outer,normal,pre_outage,weekday,54,13,13,0,0,0.0,0.0
2018-01-11,2018-01-11 21:00:00,near,core,near->core,normal,pre_outage,weekday,54,27,24,0,0,0.0,0.0
2018-01-11,2018-01-11 21:00:00,near,outer,near->outer,normal,pre_outage,weekday,54,27,24,0,0,0.0,0.0
2018-01-11,2018-01-11 21:00:00,outer,core,outer->core,normal,pre_outage,weekday,54,7,6,0,0,0.0,0.0
2018-01-11,2018-01-11 21:00:00,outer,near,outer->near,normal,pre_outage,weekday,54,7,6,0,0,0.0,0.0
2018-01-11,2018-01-11 22:00:00,core,near,core->near,normal,pre_outage,weekday,54,13,13,1,1,0.07692307692307693,0.07692307692307693
2018-01-11,2018-01-11 22:00:00,core,outer,core->outer,normal,pre_outage,weekday,54,13,13,1,0,0.0,0.0
2018-01-11,2018-01-11 22:00:00,near,core,near->core,normal,pre_outage,weekday,54,24,24,1,1,0.041666666666666664,0.041666666666666664
2018-01-11,2018-01-11 22:00:00,near,outer,near->outer,normal,pre_outage,weekday,54,24,24,1,0,0.0,0.0
2018-01-11,2018-01-11 22:00:00,outer,core,outer->core,normal,pre_outage,weekday,54,6,5,1,1,0.16666666666666666,0.2
2018-01-11,2018-01-11 22:00:00,outer,near,outer->near,normal,pre_outage,weekday,54,6,5,1,0,0.0,0.0
2018-01-11,2018-01-11 23:00:00,core,near,core->near,normal,pre_outage,weekday,54,14,14,3,3,0.21428571428571427,0.21428571428571427
2018-01-11,2018-01-11 23:00:00,core,outer,core->outer,normal,pre_outage,weekday,54,14,14,3,0,0.0,0.0
2018-01-11,2018-01-11 23:00:00,near,core,near->core,normal,pre_outage,weekday,54,24,24,0,0,0.0,0.0
2018-01-11,2018-01-11 23:00:00,near,outer,near->outer,normal,pre_outage,weekday,54,24,24,0,0,0.0,0.0
2018-01-11,2018-01-11 23:00:00,outer,core,outer->core,normal,pre_outage,weekday,54,4,4,0,0,0.0,0.0
2018-01-11,2018-01-11 23:00:00,outer,near,outer->near,normal,pre_outage,weekday,54,4,4,0,0,0.0,0.0
2018-01-12,2018-01-12 00:00:00,core,near,core->near,reduced,degraded_period,weekday,57,11,11,0,0,0.0,0.0
2018-01-12,2018-01-12 00:00:00,core,outer,core->outer,reduced,degraded_period,weekday,57,11,11,0,0,0.0,0.0
2018-01-12,2018-01-12 00:00:00,near,core,near->core,reduced,degraded_period,weekday,57,28,27,5,4,0.14285714285714285,0.14814814814814814
2018-01-12,2018-01-12 00:00:00,near,outer,near->outer,reduced,degraded_period,weekday,57,28,27,5,1,0.03571428571428571,0.037037037037037035
2018-01-12,2018-01-12 00:00:00,outer,core,outer->core,reduced,degraded_period,weekday,57,4,4,0,0,0.0,0.0
2018-01-12,2018-01-12 00:00:00,outer,near,outer->near,reduced,degraded_period,weekday,57,4,4,0,0,0.0,0.0
2018-01-12,2018-01-12 01:00:00,core,near,core->near,reduced,degraded_period,weekday,57,15,15,0,0,0.0,0.0
2018-01-12,2018-01-12 01:00:00,core,outer,core->outer,reduced,degraded_period,weekday,57,15,15,0,0,0.0,0.0
2018-01-12,2018-01-12 01:00:00,near,core,near->core,reduced,degraded_period,weekday,57,22,22,0,0,0.0,0.0
2018-01-12,2018-01-12 01:00:00,near,outer,near->outer,reduced,degraded_period,weekday,57,22,22,0,0,0.0,0.0
2018-01-12,2018-01-12 01:00:00,outer,core,outer->core,reduced,degraded_period,weekday,57,6,5,0,0,0.0,0.0
2018-01-12,2018-01-12 01:00:00,outer,near,outer->near,reduced,degraded_period,weekday,57,6,5,0,0,0.0,0.0
2018-01-12,2018-01-12 02:00:00,core,near,core->near,reduced,degraded_period,weekday,57,15,15,2,2,0.13333333333333333,0.13333333333333333
2018-01-12,2018-01-12 02:00:00,core,outer,core->outer,reduced,degraded_period,weekday,57,15,15,2,0,0.0,0.0
2018-01-12,2018-01-12 02:00:00,near,core,near->core,reduced,degraded_period,weekday,57,22,21,0,0,0.0,0.0
2018-01-12,2018-01-12 02:00:00,near,outer,near->outer,reduced,degraded_period,weekday,57,22,21,0,0,0.0,0.0
2018-01-12,2018-01-12 02:00:00,outer,core,outer->core,reduced,degraded_period,weekday,57,5,5,2,0,0.0,0.0
2018-01-12,2018-01-12 02:00:00,outer,near,outer->near,reduced,degraded_period,weekday,57,5,5,2,2,0.4,0.4
2018-01-12,2018-01-12 03:00:00,core,near,core->near,reduced,degraded_period,weekday,57,13,12,2,1,0.07692307692307693,0.08333333333333333
2018-01-12,2018-01-12 03:00:00,core,outer,core->outer,reduced,degraded_period,weekday,57,13,12,2,1,0.07692307692307693,0.08333333333333333
2018-01-12,2018-01-12 03:00:00,near,core,near->core,reduced,degraded_period,weekday,57,27,26,3,2,0.07407407407407407,0.07692307692307693
2018-01-12,2018-01-12 03:00:00,near,outer,near->outer,reduced,degraded_period,weekday,57,27,26,3,1,0.037037037037037035,0.038461538461538464
2018-01-12,2018-01-12 03:00:00,outer,core,outer->core,reduced,degraded_period,weekday,57,5,5,0,0,0.0,0.0
2018-01-12,2018-01-12 03:00:00,outer,near,outer->near,reduced,degraded_period,weekday,57,5,5,0,0,0.0,0.0
2018-01-12,2018-01-12 04:00:00,core,near,core->near,reduced,degraded_period,weekday,57,12,12,0,0,0.0,0.0
2018-01-12,2018-01-12 04:00:00,core,outer,core->outer,reduced,degraded_period,weekday,57,12,12,0,0,0.0,0.0
2018-01-12,2018-01-12 04:00:00,near,core,near->core,reduced,degraded_period,weekday,57,24,24,1,1,0.041666666666666664,0.041666666666666664
2018-01-12,2018-01-12 04:00:00,near,outer,near->outer,reduced,degraded_period,weekday,57,24,24,1,0,0.0,0.0
2018-01-12,2018-01-12 04:00:00,outer,core,outer->core,reduced,degraded_period,weekday,57,7,7,0,0,0.0,0.0
2018-01-12,2018-01-12 04:00:00,outer,near,outer->near,reduced,degraded_period,weekday,57,7,7,0,0,0.0,0.0
2018-01-12,2018-01-12 05:00:00,core,near,core->near,reduced,degraded_period,weekday,57,13,13,0,0,0.0,0.0
2018-01-12,2018-01-12 05:00:00,core,outer,core->outer,reduced,degraded_period,weekday,57,13,13,0,0,0.0,0.0
2018-01-12,2018-01-12 05:00:00,near,core,near->core,reduced,degraded_period,weekday,57,24,23,0,0,0.0,0.0
2018-01-12,2018-01-12 05:00:00,near,outer,near->outer,reduced,degraded_period,weekday,57,24,23,0,0,0.0,0.0
2018-01-12,2018-01-12 05:00:00,outer,core,outer->core,reduced,degraded_period,weekday,57,7,7,3,0,0.0,0.0
2018-01-12,2018-01-12 05:00:00,outer,near,outer->near,reduced,degraded_period,weekday,57,7,7,3,3,0.42857142857142855,0.42857142857142855
2018-01-12,2018-01-12 06:00:00,core,near,core->near,reduced,degraded_period,weekday,57,13,13,2,1,0.07692307692307693,0.07692307692307693
2018-01-12,2018-01-12 06:00:00,core,outer,core->outer,reduced,degraded_period,weekday,57,13,13,2,1,0.07692307692307693,0.07692307692307693
2018-01-12,2018-01-12 06:00:00,near,core,near->core,reduced,degraded_period,weekday,57,26,24,1,1,0.038461538461538464,0.041666666666666664
2018-01-12,2018-01-12 06:00:00,near,outer,near->outer,reduced,degraded_period,weekday,57,26,24,1,0,0.0,0.0
2018-01-12,2018-01-12 06:00:00,outer,core,outer->core,reduced,degraded_period,weekday,57,4,4,0,0,0.0,0.0
2018-01-12,2018-01-12 06:00:00,outer,near,outer->near,reduced,degraded_period,weekday,57,4,4,0,0,0.0,0.0
2018-01-12,2018-01-12 07:00:00,core,near,core->near,reduced,degraded_period,weekday,57,12,12,1,0,0.0,0.0
2018-01-12,2018-01-12 07:00:00,core,outer,core->outer,reduced,degraded_period,weekday,57,12,12,1,1,0.08333333333333333,0.08333333333333333
2018-01-12,2018-01-12 07:00:00,near,core,near->core,reduced,degraded_period,weekday,57,26,25,2,0,0.0,0.0
2018-01-12,2018-01-12 07:00:00,near,outer,near->outer,reduced,degraded_period,weekday,57,26,25,2,2,0.07692307692307693,0.08
2018-01-12,2018-01-12 07:00:00,outer,core,outer->core,reduced,degraded_period,weekday,57,7,7,0,0,0.0,0.0
2018-01-12,2018-01-12 07:00:00,outer,near,outer->near,reduced,degraded_period,weekday,57,7,7,0,0,0.0,0.0
2018-01-12,2018-01-12 08:00:00,core,near,core->near,reduced,degraded_period,weekday,57,11,11,0,0,0.0,0.0
2018-01-12,2018-01-12 08:00:00,core,outer,core->outer,reduced,degraded_period,weekday,57,11,11,0,0,0.0,0.0
2018-01-12,2018-01-12 08:00:00,near,core,near->core,reduced,degraded_period,weekday,57,25,23,1,1,0.04,0.043478260869565216
2018-01-12,2018-01-12 08:00:00,near,outer,near->outer,reduced,degraded_period,weekday,57,25,23,1,0,0.0,0.0
2018-01-12,2018-01-12 08:00:00,outer,core,outer->core,reduced,degraded_period,weekday,57,13,11,1,1,0.07692307692307693,0.09090909090909091
2018-01-12,2018-01-12 08:00:00,outer,near,outer->near,reduced,degraded_period,weekday,57,13,11,1,0,0.0,0.0
2018-01-12,2018-01-12 09:00:00,core,near,core->near,reduced,degraded_period,weekday,57,13,13,2,2,0.15384615384615385,0.15384615384615385
2018-01-12,2018-01-12 09:00:00,core,outer,core->outer,reduced,degraded_period,weekday,57,13,13,2,0,0.0,0.0
2018-01-12,2018-01-12 09:00:00,near,core,near->core,reduced,degraded_period,weekday,57,22,21,0,0,0.0,0.0
2018-01-12,2018-01-12 09:00:00,near,outer,near->outer,reduced,degraded_period,weekday,57,22,21,0,0,0.0,0.0
2018-01-12,2018-01-12 09:00:00,outer,core,outer->core,reduced,degraded_period,weekday,57,11,8,2,2,0.18181818181818182,0.25
2018-01-12,2018-01-12 09:00:00,outer,near,outer->near,reduced,degraded_period,weekday,57,11,8,2,0,0.0,0.0
2018-01-12,2018-01-12 10:00:00,core,near,core->near,reduced,degraded_period,weekday,57,13,13,2,2,0.15384615384615385,0.15384615384615385
2018-01-12,2018-01-12 10:00:00,core,outer,core->outer,reduced,degraded_period,weekday,57,13,13,2,0,0.0,0.0
2018-01-12,2018-01-12 10:00:00,near,core,near->core,reduced,degraded_period,weekday,57,23,23,2,2,0.08695652173913043,0.08695652173913043
2018-01-12,2018-01-12 10:00:00,near,outer,near->outer,reduced,degraded_period,weekday,57,23,23,2,0,0.0,0.0
2018-01-12,2018-01-12 10:00:00,outer,core,outer->core,reduced,degraded_period,weekday,57,8,7,0,0,0.0,0.0
2018-01-12,2018-01-12 10:00:00,outer,near,outer->near,reduced,degraded_period,weekday,57,8,7,0,0,0.0,0.0
2018-01-12,2018-01-12 11:00:00,core,near,core->near,reduced,degraded_period,weekday,57,14,14,2,0,0.0,0.0
2018-01-12,2018-01-12 11:00:00,core,outer,core->outer,reduced,degraded_period,weekday,57,14,14,2,2,0.14285714285714285,0.14285714285714285
2018-01-12,2018-01-12 11:00:00,near,core,near->core,reduced,degraded_period,weekday,57,25,24,5,3,0.12,0.125
2018-01-12,2018-01-12 11:00:00,near,outer,near->outer,reduced,degraded_period,weekday,57,25,24,5,2,0.08,0.08333333333333333
2018-01-12,2018-01-12 11:00:00,outer,core,outer->core,reduced,degraded_period,weekday,57,7,6,1,0,0.0,0.0
2018-01-12,2018-01-12 11:00:00,outer,near,outer->near,reduced,degraded_period,weekday,57,7,6,1,1,0.14285714285714285,0.16666666666666666
2018-01-12,2018-01-12 12:00:00,core,near,core->near,reduced,degraded_period,weekday,57,15,14,0,0,0.0,0.0
2018-01-12,2018-01-12 12:00:00,core,outer,core->outer,reduced,degraded_period,weekday,57,15,14,0,0,0.0,0.0
2018-01-12,2018-01-12 12:00:00,near,core,near->core,reduced,degraded_period,weekday,57,21,21,0,0,0.0,0.0
2018-01-12,2018-01-12 12:00:00,near,outer,near->outer,reduced,degraded_period,weekday,57,21,21,0,0,0.0,0.0
2018-01-12,2018-01-12 12:00:00,outer,core,outer->core,reduced,degraded_period,weekday,57,9,8,0,0,0.0,0.0
2018-01-12,2018-01-12 12:00:00,outer,near,outer->near,reduced,degraded_period,weekday,57,9,8,0,0,0.0,0.0
2018-01-12,2018-01-12 13:00:00,core,near,core->near,reduced,degraded_period,weekday,57,14,14,2,2,0.14285714285714285,0.14285714285714285
2018-01-12,2018-01-12 13:00:00,core,outer,core->outer,reduced,degraded_period,weekday,57,14,14,2,0,0.0,0.0
2018-01-12,2018-01-12 13:00:00,near,core,near->core,reduced,degraded_period,weekday,57,21,20,2,2,0.09523809523809523,0.1
2018-01-12,2018-01-12 13:00:00,near,outer,near->outer,reduced,degraded_period,weekday,57,21,20,2,0,0.0,0.0
2018-01-12,2018-01-12 13:00:00,outer,core,outer->core,reduced,degraded_period,weekday,57,9,7,1,0,0.0,0.0
2018-01-12,2018-01-12 13:00:00,outer,near,outer->near,reduced,degraded_period,weekday,57,9,7,1,1,0.1111111111111111,0.14285714285714285
2018-01-12,2018-01-12 14:00:00,core,near,core->near,reduced,degraded_period,weekday,57,15,15,6,6,0.4,0.4
2018-01-12,2018-01-12 14:00:00,core,outer,core->outer,reduced,degraded_period,weekday,57,15,15,6,0,0.0,0.0
2018-01-12,2018-01-12 14:00:00,near,core,near->core,reduced,degraded_period,weekday,57,22,21,0,0,0.0,0.0
2018-01-12,2018-01-12 14:00:00,near,outer,near->outer,reduced,degraded_period,weekday,57,22,21,0,0,0.0,0.0
2018-01-12,2018-01-12 14:00:00,outer,core,outer->core,reduced,degraded_period,weekday,57,6,6,1,0,0.0,0.0
2018-01-12,2018-01-12 14:00:00,outer,near,outer->near,reduced,degraded_period,weekday,57,6,6,1,1,0.16666666666666666,0.16666666666666666
2018-01-12,2018-01-12 15:00:00,core,near,core->near,reduced,degraded_period,weekday,57,9,9,2,2,0.2222222222222222,0.2222222222222222
2018-01-12,2018-01-12 15:00:00,core,outer,core->outer,reduced,degraded_period,weekday,57,9,9,2,0,0.0,0.0
2018-01-12,2018-01-12 15:00:00,near,core,near->core,reduced,degraded_period,weekday,57,29,29,6,6,0.20689655172413793,0.20689655172413793
2018-01-12,2018-01-12 15:00:00,near,outer,near->outer,reduced,degraded_period,weekday,57,29,29,6,0,0.0,0.0
2018-01-12,2018-01-12 15:00:00,outer,core,outer->core,reduced,degraded_period,weekday,57,6,5,1,0,0.0,0.0
2018-01-12,2018-01-12 15:00:00,outer,near,outer->near,reduced,degraded_period,weekday,57,6,5,1,1,0.16666666666666666,0.2
2018-01-12,2018-01-12 16:00:00,core,near,core->near,reduced,degraded_period,weekday,57,13,13,1,0,0.0,0.0
2018-01-12,2018-01-12 16:00:00,core,outer,core->outer,reduced,degraded_period,weekday,57,13,13,1,1,0.07692307692307693,0.07692307692307693
2018-01-12,2018-01-12 16:00:00,near,core,near->core,reduced,degraded_period,weekday,57,26,24,1,1,0.038461538461538464,0.041666666666666664
2018-01-12,2018-01-12 16:00:00,near,outer,near->outer,reduced,degraded_period,weekday,57,26,24,1,0,0.0,0.0
2018-01-12,2018-01-12 16:00:00,outer,core,outer->core,reduced,degraded_period,weekday,57,4,4,0,0,0.0,0.0
2018-01-12,2018-01-12 16:00:00,outer,near,outer->near,reduced,degraded_period,weekday,57,4,4,0,0,0.0,0.0
2018-01-12,2018-01-12 17:00:00,core,near,core->near,reduced,degraded_period,weekday,57,13,13,0,0,0.0,0.0
2018-01-12,2018-01-12 17:00:00,core,outer,core->outer,reduced,degraded_period,weekday,57,13,13,0,0,0.0,0.0
2018-01-12,2018-01-12 17:00:00,near,core,near->core,reduced,degraded_period,weekday,57,23,23,2,2,0.08695652173913043,0.08695652173913043
2018-01-12,2018-01-12 17:00:00,near,outer,near->outer,reduced,degraded_period,weekday,57,23,23,2,0,0.0,0.0
2018-01-12,2018-01-12 17:00:00,outer,core,outer->core,reduced,degraded_period,weekday,57,5,4,1,0,0.0,0.0
2018-01-12,2018-01-12 17:00:00,outer,near,outer->near,reduced,degraded_period,weekday,57,5,4,1,1,0.2,0.25
2018-01-12,2018-01-12 18:00:00,core,near,core->near,reduced,degraded_period,weekday,57,16,16,3,3,0.1875,0.1875
2018-01-12,2018-01-12 18:00:00,core,outer,core->outer,reduced,degraded_period,weekday,57,16,16,3,0,0.0,0.0
2018-01-12,2018-01-12 18:00:00,near,core,near->core,reduced,degraded_period,weekday,57,23,21,0,0,0.0,0.0
2018-01-12,2018-01-12 18:00:00,near,outer,near->outer,reduced,degraded_period,weekday,57,23,21,0,0,0.0,0.0
2018-01-12,2018-01-12 18:00:00,outer,core,outer->core,reduced,degraded_period,weekday,57,4,4,0,0,0.0,0.0
2018-01-12,2018-01-12 18:00:00,outer,near,outer->near,reduced,degraded_period,weekday,57,4,4,0,0,0.0,0.0
2018-01-12,2018-01-12 19:00:00,core,near,core->near,reduced,degraded_period,weekday,57,14,14,2,0,0.0,0.0
2018-01-12,2018-01-12 19:00:00,core,outer,core->outer,reduced,degraded_period,weekday,57,14,14,2,2,0.14285714285714285,0.14285714285714285
2018-01-12,2018-01-12 19:00:00,near,core,near->core,reduced,degraded_period,weekday,57,24,24,1,0,0.0,0.0
2018-01-12,2018-01-12 19:00:00,near,outer,near->outer,reduced,degraded_period,weekday,57,24,24,1,1,0.041666666666666664,0.041666666666666664
2018-01-12,2018-01-12 19:00:00,outer,core,outer->core,reduced,degraded_period,weekday,57,4,4,0,0,0.0,0.0
2018-01-12,2018-01-12 19:00:00,outer,near,outer->near,reduced,degraded_period,weekday,57,4,4,0,0,0.0,0.0
2018-01-12,2018-01-12 20:00:00,core,near,core->near,reduced,degraded_period,weekday,57,12,11,0,0,0.0,0.0
2018-01-12,2018-01-12 20:00:00,core,outer,core->outer,reduced,degraded_period,weekday,57,12,11,0,0,0.0,0.0
2018-01-12,2018-01-12 20:00:00,near,core,near->core,reduced,degraded_period,weekday,57,25,25,1,1,0.04,0.04
2018-01-12,2018-01-12 20:00:00,near,outer,near->outer,reduced,degraded_period,weekday,57,25,25,1,0,0.0,0.0
2018-01-12,2018-01-12 20:00:00,outer,core,outer->core,reduced,degraded_period,weekday,57,7,7,0,0,0.0,0.0
2018-01-12,2018-01-12 20:00:00,outer,near,outer->near,reduced,degraded_period,weekday,57,7,7,0,0,0.0,0.0
2018-01-12,2018-01-12 21:00:00,core,near,core->near,reduced,degraded_period,weekday,57,12,12,1,1,0.08333333333333333,0.08333333333333333
2018-01-12,2018-01-12 21:00:00,core,outer,core->outer,reduced,degraded_period,weekday,57,12,12,1,0,0.0,0.0
2018-01-12,2018-01-12 21:00:00,near,core,near->core,reduced,degraded_period,weekday,57,25,24,0,0,0.0,0.0
2018-01-12,2018-01-12 21:00:00,near,outer,near->outer,reduced,degraded_period,weekday,57,25,24,0,0,0.0,0.0
2018-01-12,2018-01-12 21:00:00,outer,core,outer->core,reduced,degraded_period,weekday,57,7,6,1,1,0.14285714285714285,0.16666666666666666
2018-01-12,2018-01-12 21:00:00,outer,near,outer->near,reduced,degraded_period,weekday,57,7,6,1,0,0.0,0.0
2018-01-12,2018-01-12 22:00:00,core,near,core->near,reduced,degraded_period,weekday,57,12,12,1,1,0.08333333333333333,0.08333333333333333
2018-01-12,2018-01-12 22:00:00,core,outer,core->outer,reduced,degraded_period,weekday,57,12,12,1,0,0.0,0.0
2018-01-12,2018-01-12 22:00:00,near,core,near->core,reduced,degraded_period,weekday,57,26,26,3,3,0.11538461538461539,0.11538461538461539
2018-01-12,2018-01-12 22:00:00,near,outer,near->outer,reduced,degraded_period,weekday,57,26,26,3,0,0.0,0.0
2018-01-12,2018-01-12 22:00:00,outer,core,outer->core,reduced,degraded_period,weekday,57,5,5,0,0,0.0,0.0
2018-01-12,2018-01-12 22:00:00,outer,near,outer->near,reduced,degraded_period,weekday,57,5,5,0,0,0.0,0.0
2018-01-12,2018-01-12 23:00:00,core,near,core->near,reduced,degraded_period,weekday,57,14,14,3,3,0.21428571428571427,0.21428571428571427
2018-01-12,2018-01-12 23:00:00,core,outer,core->outer,reduced,degraded_period,weekday,57,14,14,3,0,0.0,0.0
2018-01-12,2018-01-12 23:00:00,near,core,near->core,reduced,degraded_period,weekday,57,24,24,2,2,0.08333333333333333,0.08333333333333333
2018-01-12,2018-01-12 23:00:00,near,outer,near->outer,reduced,degraded_period,weekday,57,24,24,2,0,0.0,0.0
2018-01-12,2018-01-12 23:00:00,outer,core,outer->core,reduced,degraded_period,weekday,57,5,5,0,0,0.0,0.0
2018-01-12,2018-01-12 23:00:00,outer,near,outer->near,reduced,degraded_period,weekday,57,5,5,0,0,0.0,0.0
2018-01-13,2018-01-13 00:00:00,core,near,core->near,outage,degraded_period,weekend,55,13,13,0,0,0.0,0.0
2018-01-13,2018-01-13 00:00:00,core,outer,core->outer,outage,degraded_period,weekend,55,13,13,0,0,0.0,0.0
2018-01-13,2018-01-13 00:00:00,near,core,near->core,outage,degraded_period,weekend,55,25,24,2,2,0.08,0.08333333333333333
2018-01-13,2018-01-13 00:00:00,near,outer,near->outer,outage,degraded_period,weekend,55,25,24,2,0,0.0,0.0
2018-01-13,2018-01-13 00:00:00,outer,core,outer->core,outage,degraded_period,weekend,55,5,5,0,0,0.0,0.0
2018-01-13,2018-01-13 00:00:00,outer,near,outer->near,outage,degraded_period,weekend,55,5,5,0,0,0.0,0.0
2018-01-13,2018-01-13 01:00:00,core,near,core->near,outage,degraded_period,weekend,55,15,15,2,2,0.13333333333333333,0.13333333333333333
2018-01-13,2018-01-13 01:00:00,core,outer,core->outer,outage,degraded_period,weekend,55,15,15,2,0,0.0,0.0
2018-01-13,2018-01-13 01:00:00,near,core,near->core,outage,degraded_period,weekend,55,22,22,0,0,0.0,0.0
2018-01-13,2018-01-13 01:00:00,near,outer,near->outer,outage,degraded_period,weekend,55,22,22,0,0,0.0,0.0
2018-01-13,2018-01-13 01:00:00,outer,core,outer->core,outage,degraded_period,weekend,55,5,5,1,1,0.2,0.2
2018-01-13,2018-01-13 01:00:00,outer,near,outer->near,outage,degraded_period,weekend,55,5,5,1,0,0.0,0.0
2018-01-13,2018-01-13 02:00:00,core,near,core->near,outage,degraded_period,weekend,55,14,14,1,1,0.07142857142857142,0.07142857142857142
2018-01-13,2018-01-13 02:00:00,core,outer,core->outer,outage,degraded_period,weekend,55,14,14,1,0,0.0,0.0
2018-01-13,2018-01-13 02:00:00,near,core,near->core,outage,degraded_period,weekend,55,27,24,0,0,0.0,0.0
2018-01-13,2018-01-13 02:00:00,near,outer,near->outer,outage,degraded_period,weekend,55,27,24,0,0,0.0,0.0
2018-01-13,2018-01-13 02:00:00,outer,core,outer->core,outage,degraded_period,weekend,55,4,4,0,0,0.0,0.0
2018-01-13,2018-01-13 02:00:00,outer,near,outer->near,outage,degraded_period,weekend,55,4,4,0,0,0.0,0.0
2018-01-13,2018-01-13 03:00:00,core,near,core->near,outage,degraded_period,weekend,55,13,13,1,1,0.07692307692307693,0.07692307692307693
2018-01-13,2018-01-13 03:00:00,core,outer,core->outer,outage,degraded_period,weekend,55,13,13,1,0,0.0,0.0
2018-01-13,2018-01-13 03:00:00,near,core,near->core,outage,degraded_period,weekend,55,25,25,0,0,0.0,0.0
2018-01-13,2018-01-13 03:00:00,near,outer,near->outer,outage,degraded_period,weekend,55,25,25,0,0,0.0,0.0
2018-01-13,2018-01-13 03:00:00,outer,core,outer->core,outage,degraded_period,weekend,55,4,4,0,0,0.0,0.0
2018-01-13,2018-01-13 03:00:00,outer,near,outer->near,outage,degraded_period,weekend,55,4,4,0,0,0.0,0.0
2018-01-13,2018-01-13 04:00:00,core,near,core->near,outage,degraded_period,weekend,55,12,12,2,1,0.08333333333333333,0.08333333333333333
2018-01-13,2018-01-13 04:00:00,core,outer,core->outer,outage,degraded_period,weekend,55,12,12,2,1,0.08333333333333333,0.08333333333333333
2018-01-13,2018-01-13 04:00:00,near,core,near->core,outage,degraded_period,weekend,55,27,27,1,0,0.0,0.0
2018-01-13,2018-01-13 04:00:00,near,outer,near->outer,outage,degraded_period,weekend,55,27,27,1,1,0.037037037037037035,0.037037037037037035
2018-01-13,2018-01-13 04:00:00,outer,core,outer->core,outage,degraded_period,weekend,55,4,4,0,0,0.0,0.0
2018-01-13,2018-01-13 04:00:00,outer,near,outer->near,outage,degraded_period,weekend,55,4,4,0,0,0.0,0.0
2018-01-13,2018-01-13 05:00:00,core,near,core->near,outage,degraded_period,weekend,55,10,10,0,0,0.0,0.0
2018-01-13,2018-01-13 05:00:00,core,outer,core->outer,outage,degraded_period,weekend,55,10,10,0,0,0.0,0.0
2018-01-13,2018-01-13 05:00:00,near,core,near->core,outage,degraded_period,weekend,55,28,27,0,0,0.0,0.0
2018-01-13,2018-01-13 05:00:00,near,outer,near->outer,outage,degraded_period,weekend,55,28,27,0,0,0.0,0.0
2018-01-13,2018-01-13 05:00:00,outer,core,outer->core,outage,degraded_period,weekend,55,6,6,0,0,0.0,0.0
2018-01-13,2018-01-13 05:00:00,outer,near,outer->near,outage,degraded_period,weekend,55,6,6,0,0,0.0,0.0
2018-01-13,2018-01-13 06:00:00,core,near,core->near,outage,degraded_period,weekend,55,10,10,5,2,0.2,0.2
2018-01-13,2018-01-13 06:00:00,core,outer,core->outer,outage,degraded_period,weekend,55,10,10,5,3,0.3,0.3
2018-01-13,2018-01-13 06:00:00,near,core,near->core,outage,degraded_period,weekend,55,27,26,2,2,0.07407407407407407,0.07692307692307693
2018-01-13,2018-01-13 06:00:00,near,outer,near->outer,outage,degraded_period,weekend,55,27,26,2,0,0.0,0.0
2018-01-13,2018-01-13 06:00:00,outer,core,outer->core,outage,degraded_period,weekend,55,6,6,0,0,0.0,0.0
2018-01-13,2018-01-13 06:00:00,outer,near,outer->near,outage,degraded_period,weekend,55,6,6,0,0,0.0,0.0
2018-01-13,2018-01-13 07:00:00,core,near,core->near,outage,degraded_period,weekend,55,7,7,0,0,0.0,0.0
2018-01-13,2018-01-13 07:00:00,core,outer,core->outer,outage,degraded_period,weekend,55,7,7,0,0,0.0,0.0
2018-01-13,2018-01-13 07:00:00,near,core,near->core,outage,degraded_period,weekend,55,26,25,1,1,0.038461538461538464,0.04
2018-01-13,2018-01-13 07:00:00,near,outer,near->outer,outage,degraded_period,weekend,55,26,25,1,0,0.0,0.0
2018-01-13,2018-01-13 07:00:00,outer,core,outer->core,outage,degraded_period,weekend,55,10,9,3,0,0.0,0.0
2018-01-13,2018-01-13 07:00:00,outer,near,outer->near,outage,degraded_period,weekend,55,10,9,3,3,0.3,0.3333333333333333
2018-01-13,2018-01-13 08:00:00,core,near,core->near,outage,degraded_period,weekend,55,9,9,1,1,0.1111111111111111,0.1111111111111111
2018-01-13,2018-01-13 08:00:00,core,outer,core->outer,outage,degraded_period,weekend,55,9,9,1,0,0.0,0.0
2018-01-13,2018-01-13 08:00:00,near,core,near->core,outage,degraded_period,weekend,55,29,28,9,3,0.10344827586206896,0.10714285714285714
2018-01-13,2018-01-13 08:00:00,near,outer,near->outer,outage,degraded_period,weekend,55,29,28,9,6,0.20689655172413793,0.21428571428571427
2018-01-13,2018-01-13 08:00:00,outer,core,outer->core,outage,degraded_period,weekend,55,6,6,0,0,0.0,0.0
2018-01-13,2018-01-13 08:00:00,outer,near,outer->near,outage,degraded_period,weekend,55,6,6,0,0,0.0,0.0
2018-01-13,2018-01-13 09:00:00,core,near,core->near,outage,degraded_period,weekend,55,11,11,0,0,0.0,0.0
2018-01-13,2018-01-13 09:00:00,core,outer,core->outer,outage,degraded_period,weekend,55,11,11,0,0,0.0,0.0
2018-01-13,2018-01-13 09:00:00,near,core,near->core,outage,degraded_period,weekend,55,20,20,0,0,0.0,0.0
2018-01-13,2018-01-13 09:00:00,near,outer,near->outer,outage,degraded_period,weekend,55,20,20,0,0,0.0,0.0
2018-01-13,2018-01-13 09:00:00,outer,core,outer->core,outage,degraded_period,weekend,55,13,13,3,2,0.15384615384615385,0.15384615384615385
2018-01-13,2018-01-13 09:00:00,outer,near,outer->near,outage,degraded_period,weekend,55,13,13,3,1,0.07692307692307693,0.07692307692307693
2018-01-13,2018-01-13 10:00:00,core,near,core->near,outage,degraded_period,weekend,55,13,13,3,3,0.23076923076923078,0.23076923076923078
2018-01-13,2018-01-13 10:00:00,core,outer,core->outer,outage,degraded_period,weekend,55,13,13,3,0,0.0,0.0
2018-01-13,2018-01-13 10:00:00,near,core,near->core,outage,degraded_period,weekend,55,21,21,1,1,0.047619047619047616,0.047619047619047616
2018-01-13,2018-01-13 10:00:00,near,outer,near->outer,outage,degraded_period,weekend,55,21,21,1,0,0.0,0.0
2018-01-13,2018-01-13 10:00:00,outer,core,outer->core,outage,degraded_period,weekend,55,10,8,1,0,0.0,0.0
2018-01-13,2018-01-13 10:00:00,outer,near,outer->near,outage,degraded_period,weekend,55,10,8,1,1,0.1,0.125
2018-01-13,2018-01-13 11:00:00,core,near,core->near,outage,degraded_period,weekend,55,11,11,2,1,0.09090909090909091,0.09090909090909091
2018-01-13,2018-01-13 11:00:00,core,outer,core->outer,outage,degraded_period,weekend,55,11,11,2,1,0.09090909090909091,0.09090909090909091
2018-01-13,2018-01-13 11:00:00,near,core,near->core,outage,degraded_period,weekend,55,24,23,3,3,0.125,0.13043478260869565
2018-01-13,2018-01-13 11:00:00,near,outer,near->outer,outage,degraded_period,weekend,55,24,23,3,0,0.0,0.0
2018-01-13,2018-01-13 11:00:00,outer,core,outer->core,outage,degraded_period,weekend,55,7,7,0,0,0.0,0.0
2018-01-13,2018-01-13 11:00:00,outer,near,outer->near,outage,degraded_period,weekend,55,7,7,0,0,0.0,0.0
2018-01-13,2018-01-13 12:00:00,core,near,core->near,outage,degraded_period,weekend,55,12,12,2,2,0.16666666666666666,0.16666666666666666
2018-01-13,2018-01-13 12:00:00,core,outer,core->outer,outage,degraded_period,weekend,55,12,12,2,0,0.0,0.0
2018-01-13,2018-01-13 12:00:00,near,core,near->core,outage,degraded_period,weekend,55,22,21,1,1,0.045454545454545456,0.047619047619047616
2018-01-13,2018-01-13 12:00:00,near,outer,near->outer,outage,degraded_period,weekend,55,22,21,1,0,0.0,0.0
2018-01-13,2018-01-13 12:00:00,outer,core,outer->core,outage,degraded_period,weekend,55,9,9,0,0,0.0,0.0
2018-01-13,2018-01-13 12:00:00,outer,near,outer->near,outage,degraded_period,weekend,55,9,9,0,0,0.0,0.0
2018-01-13,2018-01-13 13:00:00,core,near,core->near,outage,degraded_period,weekend,55,11,11,0,0,0.0,0.0
2018-01-13,2018-01-13 13:00:00,core,outer,core->outer,outage,degraded_period,weekend,55,11,11,0,0,0.0,0.0
2018-01-13,2018-01-13 13:00:00,near,core,near->core,outage,degraded_period,weekend,55,23,22,1,1,0.043478260869565216,0.045454545454545456
2018-01-13,2018-01-13 13:00:00,near,outer,near->outer,outage,degraded_period,weekend,55,23,22,1,0,0.0,0.0
2018-01-13,2018-01-13 13:00:00,outer,core,outer->core,outage,degraded_period,weekend,55,10,8,0,0,0.0,0.0
2018-01-13,2018-01-13 13:00:00,outer,near,outer->near,outage,degraded_period,weekend,55,10,8,0,0,0.0,0.0
2018-01-13,2018-01-13 14:00:00,core,near,core->near,outage,degraded_period,weekend,55,12,12,6,6,0.5,0.5
2018-01-13,2018-01-13 14:00:00,core,outer,core->outer,outage,degraded_period,weekend,55,12,12,6,0,0.0,0.0
2018-01-13,2018-01-13 14:00:00,near,core,near->core,outage,degraded_period,weekend,55,21,20,0,0,0.0,0.0
2018-01-13,2018-01-13 14:00:00,near,outer,near->outer,outage,degraded_period,weekend,55,21,20,0,0,0.0,0.0
2018-01-13,2018-01-13 14:00:00,outer,core,outer->core,outage,degraded_period,weekend,55,8,8,3,1,0.125,0.125
2018-01-13,2018-01-13 14:00:00,outer,near,outer->near,outage,degraded_period,weekend,55,8,8,3,2,0.25,0.25
2018-01-13,2018-01-13 15:00:00,core,near,core->near,outage,degraded_period,weekend,55,7,7,0,0,0.0,0.0
2018-01-13,2018-01-13 15:00:00,core,outer,core->outer,outage,degraded_period,weekend,55,7,7,0,0,0.0,0.0
2018-01-13,2018-01-13 15:00:00,near,core,near->core,outage,degraded_period,weekend,55,29,29,5,4,0.13793103448275862,0.13793103448275862
2018-01-13,2018-01-13 15:00:00,near,outer,near->outer,outage,degraded_period,weekend,55,29,29,5,1,0.034482758620689655,0.034482758620689655
2018-01-13,2018-01-13 15:00:00,outer,core,outer->core,outage,degraded_period,weekend,55,6,6,0,0,0.0,0.0
2018-01-13,2018-01-13 15:00:00,outer,near,outer->near,outage,degraded_period,weekend,55,6,6,0,0,0.0,0.0
2018-01-13,2018-01-13 16:00:00,core,near,core->near,outage,degraded_period,weekend,55,12,12,0,0,0.0,0.0
2018-01-13,2018-01-13 16:00:00,core,outer,core->outer,outage,degraded_period,weekend,55,12,12,0,0,0.0,0.0
2018-01-13,2018-01-13 16:00:00,near,core,near->core,outage,degraded_period,weekend,55,24,24,3,3,0.125,0.125
2018-01-13,2018-01-13 16:00:00,near,outer,near->outer,outage,degraded_period,weekend,55,24,24,3,0,0.0,0.0
2018-01-13,2018-01-13 16:00:00,outer,core,outer->core,outage,degraded_period,weekend,55,8,8,1,0,0.0,0.0
2018-01-13,2018-01-13 16:00:00,outer,near,outer->near,outage,degraded_period,weekend,55,8,8,1,1,0.125,0.125
2018-01-13,2018-01-13 17:00:00,core,near,core->near,outage,degraded_period,weekend,55,15,15,4,3,0.2,0.2
2018-01-13,2018-01-13 17:00:00,core,outer,core->outer,outage,degraded_period,weekend,55,15,15,4,1,0.06666666666666667,0.06666666666666667
2018-01-13,2018-01-13 17:00:00,near,core,near->core,outage,degraded_period,weekend,55,23,22,1,1,0.043478260869565216,0.045454545454545456
2018-01-13,2018-01-13 17:00:00,near,outer,near->outer,outage,degraded_period,weekend,55,23,22,1,0,0.0,0.0
2018-01-13,2018-01-13 17:00:00,outer,core,outer->core,outage,degraded_period,weekend,55,7,7,1,0,0.0,0.0
2018-01-13,2018-01-13 17:00:00,outer,near,outer->near,outage,degraded_period,weekend,55,7,7,1,1,0.14285714285714285,0.14285714285714285
2018-01-13,2018-01-13 18:00:00,core,near,core->near,outage,degraded_period,weekend,55,12,12,1,1,0.08333333333333333,0.08333333333333333
2018-01-13,2018-01-13 18:00:00,core,outer,core->outer,outage,degraded_period,weekend,55,12,12,1,0,0.0,0.0
2018-01-13,2018-01-13 18:00:00,near,core,near->core,outage,degraded_period,weekend,55,26,25,3,3,0.11538461538461539,0.12
2018-01-13,2018-01-13 18:00:00,near,outer,near->outer,outage,degraded_period,weekend,55,26,25,3,0,0.0,0.0
2018-01-13,2018-01-13 18:00:00,outer,core,outer->core,outage,degraded_period,weekend,55,7,7,1,0,0.0,0.0
2018-01-13,2018-01-13 18:00:00,outer,near,outer->near,outage,degraded_period,weekend,55,7,7,1,1,0.14285714285714285,0.14285714285714285
2018-01-13,2018-01-13 19:00:00,core,near,core->near,outage,degraded_period,weekend,55,14,13,1,0,0.0,0.0
2018-01-13,2018-01-13 19:00:00,core,outer,core->outer,outage,degraded_period,weekend,55,14,13,1,1,0.07142857142857142,0.07692307692307693
2018-01-13,2018-01-13 19:00:00,near,core,near->core,outage,degraded_period,weekend,55,25,25,1,0,0.0,0.0
2018-01-13,2018-01-13 19:00:00,near,outer,near->outer,outage,degraded_period,weekend,55,25,25,1,1,0.04,0.04
2018-01-13,2018-01-13 19:00:00,outer,core,outer->core,outage,degraded_period,weekend,55,6,6,0,0,0.0,0.0
2018-01-13,2018-01-13 19:00:00,outer,near,outer->near,outage,degraded_period,weekend,55,6,6,0,0,0.0,0.0
2018-01-13,2018-01-13 20:00:00,core,near,core->near,outage,degraded_period,weekend,55,12,12,0,0,0.0,0.0
2018-01-13,2018-01-13 20:00:00,core,outer,core->outer,outage,degraded_period,weekend,55,12,12,0,0,0.0,0.0
2018-01-13,2018-01-13 20:00:00,near,core,near->core,outage,degraded_period,weekend,55,24,24,0,0,0.0,0.0
2018-01-13,2018-01-13 20:00:00,near,outer,near->outer,outage,degraded_period,weekend,55,24,24,0,0,0.0,0.0
2018-01-13,2018-01-13 20:00:00,outer,core,outer->core,outage,degraded_period,weekend,55,9,9,1,0,0.0,0.0
2018-01-13,2018-01-13 20:00:00,outer,near,outer->near,outage,degraded_period,weekend,55,9,9,1,1,0.1111111111111111,0.1111111111111111
2018-01-13,2018-01-13 21:00:00,core,near,core->near,outage,degraded_period,weekend,55,13,13,1,1,0.07692307692307693,0.07692307692307693
2018-01-13,2018-01-13 21:00:00,core,outer,core->outer,outage,degraded_period,weekend,55,13,13,1,0,0.0,0.0
2018-01-13,2018-01-13 21:00:00,near,core,near->core,outage,degraded_period,weekend,55,26,25,0,0,0.0,0.0
2018-01-13,2018-01-13 21:00:00,near,outer,near->outer,outage,degraded_period,weekend,55,26,25,0,0,0.0,0.0
2018-01-13,2018-01-13 21:00:00,outer,core,outer->core,outage,degraded_period,weekend,55,8,7,0,0,0.0,0.0
2018-01-13,2018-01-13 21:00:00,outer,near,outer->near,outage,degraded_period,weekend,55,8,7,0,0,0.0,0.0
2018-01-13,2018-01-13 22:00:00,core,near,core->near,outage,degraded_period,weekend,55,12,12,2,2,0.16666666666666666,0.16666666666666666
2018-01-13,2018-01-13 22:00:00,core,outer,core->outer,outage,degraded_period,weekend,55,12,12,2,0,0.0,0.0
2018-01-13,2018-01-13 22:00:00,near,core,near->core,outage,degraded_period,weekend,55,26,26,1,1,0.038461538461538464,0.038461538461538464
2018-01-13,2018-01-13 22:00:00,near,outer,near->outer,outage,degraded_period,weekend,55,26,26,1,0,0.0,0.0
2018-01-13,2018-01-13 22:00:00,outer,core,outer->core,outage,degraded_period,weekend,55,7,7,0,0,0.0,0.0
2018-01-13,2018-01-13 22:00:00,outer,near,outer->near,outage,degraded_period,weekend,55,7,7,0,0,0.0,0.0
2018-01-13,2018-01-13 23:00:00,core,near,core->near,outage,degraded_period,weekend,55,11,11,2,0,0.0,0.0
2018-01-13,2018-01-13 23:00:00,core,outer,core->outer,outage,degraded_period,weekend,55,11,11,2,2,0.18181818181818182,0.18181818181818182
2018-01-13,2018-01-13 23:00:00,near,core,near->core,outage,degraded_period,weekend,55,27,27,2,2,0.07407407407407407,0.07407407407407407
2018-01-13,2018-01-13 23:00:00,near,outer,near->outer,outage,degraded_period,weekend,55,27,27,2,0,0.0,0.0
2018-01-13,2018-01-13 23:00:00,outer,core,outer->core,outage,degraded_period,weekend,55,9,9,0,0,0.0,0.0
2018-01-13,2018-01-13 23:00:00,outer,near,outer->near,outage,degraded_period,weekend,55,9,9,0,0,0.0,0.0
2018-01-14,2018-01-14 00:00:00,core,near,core->near,outage,degraded_period,weekend,53,11,11,0,0,0.0,0.0
2018-01-14,2018-01-14 00:00:00,core,outer,core->outer,outage,degraded_period,weekend,53,11,11,0,0,0.0,0.0
2018-01-14,2018-01-14 00:00:00,near,core,near->core,outage,degraded_period,weekend,53,25,25,0,0,0.0,0.0
2018-01-14,2018-01-14 00:00:00,near,outer,near->outer,outage,degraded_period,weekend,53,25,25,0,0,0.0,0.0
2018-01-14,2018-01-14 00:00:00,outer,core,outer->core,outage,degraded_period,weekend,53,11,10,2,0,0.0,0.0
2018-01-14,2018-01-14 00:00:00,outer,near,outer->near,outage,degraded_period,weekend,53,11,10,2,2,0.18181818181818182,0.2
2018-01-14,2018-01-14 01:00:00,core,near,core->near,outage,degraded_period,weekend,53,11,11,0,0,0.0,0.0
2018-01-14,2018-01-14 01:00:00,core,outer,core->outer,outage,degraded_period,weekend,53,11,11,0,0,0.0,0.0
2018-01-14,2018-01-14 01:00:00,near,core,near->core,outage,degraded_period,weekend,53,28,27,1,1,0.03571428571428571,0.037037037037037035
2018-01-14,2018-01-14 01:00:00,near,outer,near->outer,outage,degraded_period,weekend,53,28,27,1,0,0.0,0.0
2018-01-14,2018-01-14 01:00:00,outer,core,outer->core,outage,degraded_period,weekend,53,8,8,1,1,0.125,0.125
2018-01-14,2018-01-14 01:00:00,outer,near,outer->near,outage,degraded_period,weekend,53,8,8,1,0,0.0,0.0
2018-01-14,2018-01-14 02:00:00,core,near,core->near,outage,degraded_period,weekend,53,13,13,2,2,0.15384615384615385,0.15384615384615385
2018-01-14,2018-01-14 02:00:00,core,outer,core->outer,outage,degraded_period,weekend,53,13,13,2,0,0.0,0.0
2018-01-14,2018-01-14 02:00:00,near,core,near->core,outage,degraded_period,weekend,53,26,26,0,0,0.0,0.0
2018-01-14,2018-01-14 02:00:00,near,outer,near->outer,outage,degraded_period,weekend,53,26,26,0,0,0.0,0.0
2018-01-14,2018-01-14 02:00:00,outer,core,outer->core,outage,degraded_period,weekend,53,7,7,2,1,0.14285714285714285,0.14285714285714285
2018-01-14,2018-01-14 02:00:00,outer,near,outer->near,outage,degraded_period,weekend,53,7,7,2,1,0.14285714285714285,0.14285714285714285
2018-01-14,2018-01-14 03:00:00,core,near,core->near,outage,degraded_period,weekend,53,12,12,0,0,0.0,0.0
2018-01-14,2018-01-14 03:00:00,core,outer,core->outer,outage,degraded_period,weekend,53,12,12,0,0,0.0,0.0
2018-01-14,2018-01-14 03:00:00,near,core,near->core,outage,degraded_period,weekend,53,29,29,1,1,0.034482758620689655,0.034482758620689655
2018-01-14,2018-01-14 03:00:00,near,outer,near->outer,outage,degraded_period,weekend,53,29,29,1,0,0.0,0.0
2018-01-14,2018-01-14 03:00:00,outer,core,outer->core,outage,degraded_period,weekend,53,6,6,1,0,0.0,0.0
2018-01-14,2018-01-14 03:00:00,outer,near,outer->near,outage,degraded_period,weekend,53,6,6,1,1,0.16666666666666666,0.16666666666666666
2018-01-14,2018-01-14 04:00:00,core,near,core->near,outage,degraded_period,weekend,53,13,13,0,0,0.0,0.0
2018-01-14,2018-01-14 04:00:00,core,outer,core->outer,outage,degraded_period,weekend,53,13,13,0,0,0.0,0.0
2018-01-14,2018-01-14 04:00:00,near,core,near->core,outage,degraded_period,weekend,53,30,29,2,2,0.06666666666666667,0.06896551724137931
2018-01-14,2018-01-14 04:00:00,near,outer,near->outer,outage,degraded_period,weekend,53,30,29,2,0,0.0,0.0
2018-01-14,2018-01-14 04:00:00,outer,core,outer->core,outage,degraded_period,weekend,53,6,6,0,0,0.0,0.0
2018-01-14,2018-01-14 04:00:00,outer,near,outer->near,outage,degraded_period,weekend,53,6,6,0,0,0.0,0.0
2018-01-14,2018-01-14 05:00:00,core,near,core->near,outage,degraded_period,weekend,53,15,15,1,0,0.0,0.0
2018-01-14,2018-01-14 05:00:00,core,outer,core->outer,outage,degraded_period,weekend,53,15,15,1,1,0.06666666666666667,0.06666666666666667
2018-01-14,2018-01-14 05:00:00,near,core,near->core,outage,degraded_period,weekend,53,27,27,1,0,0.0,0.0
2018-01-14,2018-01-14 05:00:00,near,outer,near->outer,outage,degraded_period,weekend,53,27,27,1,1,0.037037037037037035,0.037037037037037035
2018-01-14,2018-01-14 05:00:00,outer,core,outer->core,outage,degraded_period,weekend,53,7,7,0,0,0.0,0.0
2018-01-14,2018-01-14 05:00:00,outer,near,outer->near,outage,degraded_period,weekend,53,7,7,0,0,0.0,0.0
2018-01-14,2018-01-14 06:00:00,core,near,core->near,outage,degraded_period,weekend,53,14,14,1,1,0.07142857142857142,0.07142857142857142
2018-01-14,2018-01-14 06:00:00,core,outer,core->outer,outage,degraded_period,weekend,53,14,14,1,0,0.0,0.0
2018-01-14,2018-01-14 06:00:00,near,core,near->core,outage,degraded_period,weekend,53,26,26,0,0,0.0,0.0
2018-01-14,2018-01-14 06:00:00,near,outer,near->outer,outage,degraded_period,weekend,53,26,26,0,0,0.0,0.0
2018-01-14,2018-01-14 06:00:00,outer,core,outer->core,outage,degraded_period,weekend,53,9,9,0,0,0.0,0.0
2018-01-14,2018-01-14 06:00:00,outer,near,outer->near,outage,degraded_period,weekend,53,9,9,0,0,0.0,0.0
2018-01-14,2018-01-14 07:00:00,core,near,core->near,outage,degraded_period,weekend,53,13,13,8,6,0.46153846153846156,0.46153846153846156
2018-01-14,2018-01-14 07:00:00,core,outer,core->outer,outage,degraded_period,weekend,53,13,13,8,2,0.15384615384615385,0.15384615384615385
2018-01-14,2018-01-14 07:00:00,near,core,near->core,outage,degraded_period,weekend,53,28,27,1,0,0.0,0.0
2018-01-14,2018-01-14 07:00:00,near,outer,near->outer,outage,degraded_period,weekend,53,28,27,1,1,0.03571428571428571,0.037037037037037035
2018-01-14,2018-01-14 07:00:00,outer,core,outer->core,outage,degraded_period,weekend,53,10,10,1,0,0.0,0.0
2018-01-14,2018-01-14 07:00:00,outer,near,outer->near,outage,degraded_period,weekend,53,10,10,1,1,0.1,0.1
2018-01-14,2018-01-14 08:00:00,core,near,core->near,outage,degraded_period,weekend,53,5,5,0,0,0.0,0.0
2018-01-14,2018-01-14 08:00:00,core,outer,core->outer,outage,degraded_period,weekend,53,5,5,0,0,0.0,0.0
2018-01-14,2018-01-14 08:00:00,near,core,near->core,outage,degraded_period,weekend,53,34,33,2,2,0.058823529411764705,0.06060606060606061
2018-01-14,2018-01-14 08:00:00,near,outer,near->outer,outage,degraded_period,weekend,53,34,33,2,0,0.0,0.0
2018-01-14,2018-01-14 08:00:00,outer,core,outer->core,outage,degraded_period,weekend,53,12,11,2,0,0.0,0.0
2018-01-14,2018-01-14 08:00:00,outer,near,outer->near,outage,degraded_period,weekend,53,12,11,2,2,0.16666666666666666,0.18181818181818182
2018-01-14,2018-01-14 09:00:00,core,near,core->near,outage,degraded_period,weekend,53,7,7,0,0,0.0,0.0
2018-01-14,2018-01-14 09:00:00,core,outer,core->outer,outage,degraded_period,weekend,53,7,7,0,0,0.0,0.0
2018-01-14,2018-01-14 09:00:00,near,core,near->core,outage,degraded_period,weekend,53,33,33,4,1,0.030303030303030304,0.030303030303030304
2018-01-14,2018-01-14 09:00:00,near,outer,near->outer,outage,degraded_period,weekend,53,33,33,4,3,0.09090909090909091,0.09090909090909091
2018-01-14,2018-01-14 09:00:00,outer,core,outer->core,outage,degraded_period,weekend,53,9,9,1,0,0.0,0.0
2018-01-14,2018-01-14 09:00:00,outer,near,outer->near,outage,degraded_period,weekend,53,9,9,1,1,0.1111111111111111,0.1111111111111111
2018-01-14,2018-01-14 10:00:00,core,near,core->near,outage,degraded_period,weekend,53,8,8,2,2,0.25,0.25
2018-01-14,2018-01-14 10:00:00,core,outer,core->outer,outage,degraded_period,weekend,53,8,8,2,0,0.0,0.0
2018-01-14,2018-01-14 10:00:00,near,core,near->core,outage,degraded_period,weekend,53,30,30,6,4,0.13333333333333333,0.13333333333333333
2018-01-14,2018-01-14 10:00:00,near,outer,near->outer,outage,degraded_period,weekend,53,30,30,6,2,0.06666666666666667,0.06666666666666667
2018-01-14,2018-01-14 10:00:00,outer,core,outer->core,outage,degraded_period,weekend,53,11,10,1,1,0.09090909090909091,0.1
2018-01-14,2018-01-14 10:00:00,outer,near,outer->near,outage,degraded_period,weekend,53,11,10,1,0,0.0,0.0
2018-01-14,2018-01-14 11:00:00,core,near,core->near,outage,degraded_period,weekend,53,11,11,4,4,0.36363636363636365,0.36363636363636365
2018-01-14,2018-01-14 11:00:00,core,outer,core->outer,outage,degraded_period,weekend,53,11,11,4,0,0.0,0.0
2018-01-14,2018-01-14 11:00:00,near,core,near->core,outage,degraded_period,weekend,53,28,27,2,1,0.03571428571428571,0.037037037037037035
2018-01-14,2018-01-14 11:00:00,near,outer,near->outer,outage,degraded_period,weekend,53,28,27,2,1,0.03571428571428571,0.037037037037037035
2018-01-14,2018-01-14 11:00:00,outer,core,outer->core,outage,degraded_period,weekend,53,12,11,2,2,0.16666666666666666,0.18181818181818182
2018-01-14,2018-01-14 11:00:00,outer,near,outer->near,outage,degraded_period,weekend,53,12,11,2,0,0.0,0.0
2018-01-14,2018-01-14 12:00:00,core,near,core->near,outage,degraded_period,weekend,53,10,10,3,3,0.3,0.3
2018-01-14,2018-01-14 12:00:00,core,outer,core->outer,outage,degraded_period,weekend,53,10,10,3,0,0.0,0.0
2018-01-14,2018-01-14 12:00:00,near,core,near->core,outage,degraded_period,weekend,53,29,23,1,1,0.034482758620689655,0.043478260869565216
2018-01-14,2018-01-14 12:00:00,near,outer,near->outer,outage,degraded_period,weekend,53,29,23,1,0,0.0,0.0
2018-01-14,2018-01-14 12:00:00,outer,core,outer->core,outage,degraded_period,weekend,53,11,10,1,0,0.0,0.0
2018-01-14,2018-01-14 12:00:00,outer,near,outer->near,outage,degraded_period,weekend,53,11,10,1,1,0.09090909090909091,0.1
2018-01-14,2018-01-14 13:00:00,core,near,core->near,outage,degraded_period,weekend,53,8,0,0,0,0.0,0.0
2018-01-14,2018-01-14 13:00:00,core,outer,core->outer,outage,degraded_period,weekend,53,8,0,0,0,0.0,0.0
2018-01-14,2018-01-14 13:00:00,near,core,near->core,outage,degraded_period,weekend,53,26,0,0,0,0.0,0.0
2018-01-14,2018-01-14 13:00:00,near,outer,near->outer,outage,degraded_period,weekend,53,26,0,0,0,0.0,0.0
2018-01-14,2018-01-14 13:00:00,outer,core,outer->core,outage,degraded_period,weekend,53,10,0,0,0,0.0,0.0
2018-01-14,2018-01-14 13:00:00,outer,near,outer->near,outage,degraded_period,weekend,53,10,0,0,0,0.0,0.0
2018-01-14,2018-01-14 14:00:00,core,near,core->near,outage,degraded_period,weekend,53,0,0,0,0,0.0,0.0
2018-01-14,2018-01-14 14:00:00,core,outer,core->outer,outage,degraded_period,weekend,53,0,0,0,0,0.0,0.0
2018-01-14,2018-01-14 14:00:00,near,core,near->core,outage,degraded_period,weekend,53,0,0,0,0,0.0,0.0
2018-01-14,2018-01-14 14:00:00,near,outer,near->outer,outage,degraded_period,weekend,53,0,0,0,0,0.0,0.0
2018-01-14,2018-01-14 14:00:00,outer,core,outer->core,outage,degraded_period,weekend,53,0,0,0,0,0.0,0.0
2018-01-14,2018-01-14 14:00:00,outer,near,outer->near,outage,degraded_period,weekend,53,0,0,0,0,0.0,0.0
2018-01-14,2018-01-14 15:00:00,core,near,core->near,outage,degraded_period,weekend,53,0,0,0,0,0.0,0.0
2018-01-14,2018-01-14 15:00:00,core,outer,core->outer,outage,degraded_period,weekend,53,0,0,0,0,0.0,0.0
2018-01-14,2018-01-14 15:00:00,near,core,near->core,outage,degraded_period,weekend,53,0,0,0,0,0.0,0.0
2018-01-14,2018-01-14 15:00:00,near,outer,near->outer,outage,degraded_period,weekend,53,0,0,0,0,0.0,0.0
2018-01-14,2018-01-14 15:00:00,outer,core,outer->core,outage,degraded_period,weekend,53,0,0,0,0,0.0,0.0
2018-01-14,2018-01-14 15:00:00,outer,near,outer->near,outage,degraded_period,weekend,53,0,0,0,0,0.0,0.0
2018-01-14,2018-01-14 16:00:00,core,near,core->near,outage,degraded_period,weekend,53,1,0,0,0,0.0,0.0
2018-01-14,2018-01-14 16:00:00,core,outer,core->outer,outage,degraded_period,weekend,53,1,0,0,0,0.0,0.0
2018-01-14,2018-01-14 16:00:00,near,core,near->core,outage,degraded_period,weekend,53,0,0,0,0,0.0,0.0
2018-01-14,2018-01-14 16:00:00,near,outer,near->outer,outage,degraded_period,weekend,53,0,0,0,0,0.0,0.0
2018-01-14,2018-01-14 16:00:00,outer,core,outer->core,outage,degraded_period,weekend,53,0,0,0,0,0.0,0.0
2018-01-14,2018-01-14 16:00:00,outer,near,outer->near,outage,degraded_period,weekend,53,0,0,0,0,0.0,0.0
2018-01-14,2018-01-14 17:00:00,core,near,core->near,outage,degraded_period,weekend,53,0,0,0,0,0.0,0.0
2018-01-14,2018-01-14 17:00:00,core,outer,core->outer,outage,degraded_period,weekend,53,0,0,0,0,0.0,0.0
2018-01-14,2018-01-14 17:00:00,near,core,near->core,outage,degraded_period,weekend,53,0,0,0,0,0.0,0.0
2018-01-14,2018-01-14 17:00:00,near,outer,near->outer,outage,degraded_period,weekend,53,0,0,0,0,0.0,0.0
2018-01-14,2018-01-14 17:00:00,outer,core,outer->core,outage,degraded_period,weekend,53,0,0,0,0,0.0,0.0
2018-01-14,2018-01-14 17:00:00,outer,near,outer->near,outage,degraded_period,weekend,53,0,0,0,0,0.0,0.0
2018-01-14,2018-01-14 18:00:00,core,near,core->near,outage,degraded_period,weekend,53,0,0,0,0,0.0,0.0
2018-01-14,2018-01-14 18:00:00,core,outer,core->outer,outage,degraded_period,weekend,53,0,0,0,0,0.0,0.0
2018-01-14,2018-01-14 18:00:00,near,core,near->core,outage,degraded_period,weekend,53,1,0,0,0,0.0,0.0
2018-01-14,2018-01-14 18:00:00,near,outer,near->outer,outage,degraded_period,weekend,53,1,0,0,0,0.0,0.0
2018-01-14,2018-01-14 18:00:00,outer,core,outer->core,outage,degraded_period,weekend,53,2,0,0,0,0.0,0.0
2018-01-14,2018-01-14 18:00:00,outer,near,outer->near,outage,degraded_period,weekend,53,2,0,0,0,0.0,0.0
2018-01-14,2018-01-14 19:00:00,core,near,core->near,outage,degraded_period,weekend,53,0,0,0,0,0.0,0.0
2018-01-14,2018-01-14 19:00:00,core,outer,core->outer,outage,degraded_period,weekend,53,0,0,0,0,0.0,0.0
2018-01-14,2018-01-14 19:00:00,near,core,near->core,outage,degraded_period,weekend,53,0,0,0,0,0.0,0.0
2018-01-14,2018-01-14 19:00:00,near,outer,near->outer,outage,degraded_period,weekend,53,0,0,0,0,0.0,0.0
2018-01-14,2018-01-14 19:00:00,outer,core,outer->core,outage,degraded_period,weekend,53,0,0,0,0,0.0,0.0
2018-01-14,2018-01-14 19:00:00,outer,near,outer->near,outage,degraded_period,weekend,53,0,0,0,0,0.0,0.0
2018-01-14,2018-01-14 20:00:00,core,near,core->near,outage,degraded_period,weekend,53,0,0,0,0,0.0,0.0
2018-01-14,2018-01-14 20:00:00,core,outer,core->outer,outage,degraded_period,weekend,53,0,0,0,0,0.0,0.0
2018-01-14,2018-01-14 20:00:00,near,core,near->core,outage,degraded_period,weekend,53,0,0,0,0,0.0,0.0
2018-01-14,2018-01-14 20:00:00,near,outer,near->outer,outage,degraded_period,weekend,53,0,0,0,0,0.0,0.0
2018-01-14,2018-01-14 20:00:00,outer,core,outer->core,outage,degraded_period,weekend,53,0,0,0,0,0.0,0.0
2018-01-14,2018-01-14 20:00:00,outer,near,outer->near,outage,degraded_period,weekend,53,0,0,0,0,0.0,0.0
2018-01-14,2018-01-14 21:00:00,core,near,core->near,outage,degraded_period,weekend,53,0,0,0,0,0.0,0.0
2018-01-14,2018-01-14 21:00:00,core,outer,core->outer,outage,degraded_period,weekend,53,0,0,0,0,0.0,0.0
2018-01-14,2018-01-14 21:00:00,near,core,near->core,outage,degraded_period,weekend,53,2,0,0,0,0.0,0.0
2018-01-14,2018-01-14 21:00:00,near,outer,near->outer,outage,degraded_period,weekend,53,2,0,0,0,0.0,0.0
2018-01-14,2018-01-14 21:00:00,outer,core,outer->core,outage,degraded_period,weekend,53,1,0,0,0,0.0,0.0
2018-01-14,2018-01-14 21:00:00,outer,near,outer->near,outage,degraded_period,weekend,53,1,0,0,0,0.0,0.0
2018-01-14,2018-01-14 22:00:00,core,near,core->near,outage,degraded_period,weekend,53,0,0,0,0,0.0,0.0
2018-01-14,2018-01-14 22:00:00,core,outer,core->outer,outage,degraded_period,weekend,53,0,0,0,0,0.0,0.0
2018-01-14,2018-01-14 22:00:00,near,core,near->core,outage,degraded_period,weekend,53,0,0,0,0,0.0,0.0
2018-01-14,2018-01-14 22:00:00,near,outer,near->outer,outage,degraded_period,weekend,53,0,0,0,0,0.0,0.0
2018-01-14,2018-01-14 22:00:00,outer,core,outer->core,outage,degraded_period,weekend,53,0,0,0,0,0.0,0.0
2018-01-14,2018-01-14 22:00:00,outer,near,outer->near,outage,degraded_period,weekend,53,0,0,0,0,0.0,0.0
2018-01-14,2018-01-14 23:00:00,core,near,core->near,outage,degraded_period,weekend,53,0,0,0,0,0.0,0.0
2018-01-14,2018-01-14 23:00:00,core,outer,core->outer,outage,degraded_period,weekend,53,0,0,0,0,0.0,0.0
2018-01-14,2018-01-14 23:00:00,near,core,near->core,outage,degraded_period,weekend,53,6,1,0,0,0.0,0.0
2018-01-14,2018-01-14 23:00:00,near,outer,near->outer,outage,degraded_period,weekend,53,6,1,0,0,0.0,0.0
2018-01-14,2018-01-14 23:00:00,outer,core,outer->core,outage,degraded_period,weekend,53,2,2,0,0,0.0,0.0
2018-01-14,2018-01-14 23:00:00,outer,near,outer->near,outage,degraded_period,weekend,53,2,2,0,0,0.0,0.0
2018-01-15,2018-01-15 00:00:00,core,near,core->near,outage,degraded_period,weekday,47,0,0,0,0,0.0,0.0
2018-01-15,2018-01-15 00:00:00,core,outer,core->outer,outage,degraded_period,weekday,47,0,0,0,0,0.0,0.0
2018-01-15,2018-01-15 00:00:00,near,core,near->core,outage,degraded_period,weekday,47,1,1,0,0,0.0,0.0
2018-01-15,2018-01-15 00:00:00,near,outer,near->outer,outage,degraded_period,weekday,47,1,1,0,0,0.0,0.0
2018-01-15,2018-01-15 00:00:00,outer,core,outer->core,outage,degraded_period,weekday,47,2,2,2,1,0.5,0.5
2018-01-15,2018-01-15 00:00:00,outer,near,outer->near,outage,degraded_period,weekday,47,2,2,2,1,0.5,0.5
2018-01-15,2018-01-15 01:00:00,core,near,core->near,outage,degraded_period,weekday,47,1,1,1,1,1.0,1.0
2018-01-15,2018-01-15 01:00:00,core,outer,core->outer,outage,degraded_period,weekday,47,1,1,1,0,0.0,0.0
2018-01-15,2018-01-15 01:00:00,near,core,near->core,outage,degraded_period,weekday,47,3,0,0,0,0.0,0.0
2018-01-15,2018-01-15 01:00:00,near,outer,near->outer,outage,degraded_period,weekday,47,3,0,0,0,0.0,0.0
2018-01-15,2018-01-15 01:00:00,outer,core,outer->core,outage,degraded_period,weekday,47,1,0,0,0,0.0,0.0
2018-01-15,2018-01-15 01:00:00,outer,near,outer->near,outage,degraded_period,weekday,47,1,0,0,0,0.0,0.0
2018-01-15,2018-01-15 02:00:00,core,near,core->near,outage,degraded_period,weekday,47,0,0,0,0,0.0,0.0
2018-01-15,2018-01-15 02:00:00,core,outer,core->outer,outage,degraded_period,weekday,47,0,0,0,0,0.0,0.0
2018-01-15,2018-01-15 02:00:00,near,core,near->core,outage,degraded_period,weekday,47,3,1,0,0,0.0,0.0
2018-01-15,2018-01-15 02:00:00,near,outer,near->outer,outage,degraded_period,weekday,47,3,1,0,0,0.0,0.0
2018-01-15,2018-01-15 02:00:00,outer,core,outer->core,outage,degraded_period,weekday,47,0,0,0,0,0.0,0.0
2018-01-15,2018-01-15 02:00:00,outer,near,outer->near,outage,degraded_period,weekday,47,0,0,0,0,0.0,0.0
2018-01-15,2018-01-15 03:00:00,core,near,core->near,outage,degraded_period,weekday,47,0,0,0,0,0.0,0.0
2018-01-15,2018-01-15 03:00:00,core,outer,core->outer,outage,degraded_period,weekday,47,0,0,0,0,0.0,0.0
2018-01-15,2018-01-15 03:00:00,near,core,near->core,outage,degraded_period,weekday,47,2,2,0,0,0.0,0.0
2018-01-15,2018-01-15 03:00:00,near,outer,near->outer,outage,degraded_period,weekday,47,2,2,0,0,0.0,0.0
2018-01-15,2018-01-15 03:00:00,outer,core,outer->core,outage,degraded_period,weekday,47,1,0,0,0,0.0,0.0
2018-01-15,2018-01-15 03:00:00,outer,near,outer->near,outage,degraded_period,weekday,47,1,0,0,0,0.0,0.0
2018-01-15,2018-01-15 04:00:00,core,near,core->near,outage,degraded_period,weekday,47,0,0,0,0,0.0,0.0
2018-01-15,2018-01-15 04:00:00,core,outer,core->outer,outage,degraded_period,weekday,47,0,0,0,0,0.0,0.0
2018-01-15,2018-01-15 04:00:00,near,core,near->core,outage,degraded_period,weekday,47,3,0,0,0,0.0,0.0
2018-01-15,2018-01-15 04:00:00,near,outer,near->outer,outage,degraded_period,weekday,47,3,0,0,0,0.0,0.0
2018-01-15,2018-01-15 04:00:00,outer,core,outer->core,outage,degraded_period,weekday,47,0,0,0,0,0.0,0.0
2018-01-15,2018-01-15 04:00:00,outer,near,outer->near,outage,degraded_period,weekday,47,0,0,0,0,0.0,0.0
2018-01-15,2018-01-15 05:00:00,core,near,core->near,outage,degraded_period,weekday,47,0,0,0,0,0.0,0.0
2018-01-15,2018-01-15 05:00:00,core,outer,core->outer,outage,degraded_period,weekday,47,0,0,0,0,0.0,0.0
2018-01-15,2018-01-15 05:00:00,near,core,near->core,outage,degraded_period,weekday,47,1,0,0,0,0.0,0.0
2018-01-15,2018-01-15 05:00:00,near,outer,near->outer,outage,degraded_period,weekday,47,1,0,0,0,0.0,0.0
2018-01-15,2018-01-15 05:00:00,outer,core,outer->core,outage,degraded_period,weekday,47,0,0,0,0,0.0,0.0
2018-01-15,2018-01-15 05:00:00,outer,near,outer->near,outage,degraded_period,weekday,47,0,0,0,0,0.0,0.0
2018-01-15,2018-01-15 06:00:00,core,near,core->near,outage,degraded_period,weekday,47,0,0,0,0,0.0,0.0
2018-01-15,2018-01-15 06:00:00,core,outer,core->outer,outage,degraded_period,weekday,47,0,0,0,0,0.0,0.0
2018-01-15,2018-01-15 06:00:00,near,core,near->core,outage,degraded_period,weekday,47,3,0,0,0,0.0,0.0
2018-01-15,2018-01-15 06:00:00,near,outer,near->outer,outage,degraded_period,weekday,47,3,0,0,0,0.0,0.0
2018-01-15,2018-01-15 06:00:00,outer,core,outer->core,outage,degraded_period,weekday,47,0,0,0,0,0.0,0.0
2018-01-15,2018-01-15 06:00:00,outer,near,outer->near,outage,degraded_period,weekday,47,0,0,0,0,0.0,0.0
2018-01-15,2018-01-15 07:00:00,core,near,core->near,outage,degraded_period,weekday,47,0,0,0,0,0.0,0.0
2018-01-15,2018-01-15 07:00:00,core,outer,core->outer,outage,degraded_period,weekday,47,0,0,0,0,0.0,0.0
2018-01-15,2018-01-15 07:00:00,near,core,near->core,outage,degraded_period,weekday,47,0,0,0,0,0.0,0.0
2018-01-15,2018-01-15 07:00:00,near,outer,near->outer,outage,degraded_period,weekday,47,0,0,0,0,0.0,0.0
2018-01-15,2018-01-15 07:00:00,outer,core,outer->core,outage,degraded_period,weekday,47,0,0,0,0,0.0,0.0
2018-01-15,2018-01-15 07:00:00,outer,near,outer->near,outage,degraded_period,weekday,47,0,0,0,0,0.0,0.0
2018-01-15,2018-01-15 08:00:00,core,near,core->near,outage,degraded_period,weekday,47,13,12,1,1,0.07692307692307693,0.08333333333333333
2018-01-15,2018-01-15 08:00:00,core,outer,core->outer,outage,degraded_period,weekday,47,13,12,1,0,0.0,0.0
2018-01-15,2018-01-15 08:00:00,near,core,near->core,outage,degraded_period,weekday,47,23,21,0,0,0.0,0.0
2018-01-15,2018-01-15 08:00:00,near,outer,near->outer,outage,degraded_period,weekday,47,23,21,0,0,0.0,0.0
2018-01-15,2018-01-15 08:00:00,outer,core,outer->core,outage,degraded_period,weekday,47,8,8,0,0,0.0,0.0
2018-01-15,2018-01-15 08:00:00,outer,near,outer->near,outage,degraded_period,weekday,47,8,8,0,0,0.0,0.0
2018-01-15,2018-01-15 09:00:00,core,near,core->near,outage,degraded_period,weekday,47,11,11,0,0,0.0,0.0
2018-01-15,2018-01-15 09:00:00,core,outer,core->outer,outage,degraded_period,weekday,47,11,11,0,0,0.0,0.0
2018-01-15,2018-01-15 09:00:00,near,core,near->core,outage,degraded_period,weekday,47,23,23,3,3,0.13043478260869565,0.13043478260869565
2018-01-15,2018-01-15 09:00:00,near,outer,near->outer,outage,degraded_period,weekday,47,23,23,3,0,0.0,0.0
2018-01-15,2018-01-15 09:00:00,outer,core,outer->core,outage,degraded_period,weekday,47,8,8,3,2,0.25,0.25
2018-01-15,2018-01-15 09:00:00,outer,near,outer->near,outage,degraded_period,weekday,47,8,8,3,1,0.125,0.125
2018-01-15,2018-01-15 10:00:00,core,near,core->near,outage,degraded_period,weekday,47,17,17,3,3,0.17647058823529413,0.17647058823529413
2018-01-15,2018-01-15 10:00:00,core,outer,core->outer,outage,degraded_period,weekday,47,17,17,3,0,0.0,0.0
2018-01-15,2018-01-15 10:00:00,near,core,near->core,outage,degraded_period,weekday,47,22,21,1,1,0.045454545454545456,0.047619047619047616
2018-01-15,2018-01-15 10:00:00,near,outer,near->outer,outage,degraded_period,weekday,47,22,21,1,0,0.0,0.0
2018-01-15,2018-01-15 10:00:00,outer,core,outer->core,outage,degraded_period,weekday,47,5,5,1,0,0.0,0.0
2018-01-15,2018-01-15 10:00:00,outer,near,outer->near,outage,degraded_period,weekday,47,5,5,1,1,0.2,0.2
2018-01-15,2018-01-15 11:00:00,core,near,core->near,outage,degraded_period,weekday,47,15,15,2,2,0.13333333333333333,0.13333333333333333
2018-01-15,2018-01-15 11:00:00,core,outer,core->outer,outage,degraded_period,weekday,47,15,15,2,0,0.0,0.0
2018-01-15,2018-01-15 11:00:00,near,core,near->core,outage,degraded_period,weekday,47,25,24,1,1,0.04,0.041666666666666664
2018-01-15,2018-01-15 11:00:00,near,outer,near->outer,outage,degraded_period,weekday,47,25,24,1,0,0.0,0.0
2018-01-15,2018-01-15 11:00:00,outer,core,outer->core,outage,degraded_period,weekday,47,4,4,0,0,0.0,0.0
2018-01-15,2018-01-15 11:00:00,outer,near,outer->near,outage,degraded_period,weekday,47,4,4,0,0,0.0,0.0
2018-01-15,2018-01-15 12:00:00,core,near,core->near,outage,degraded_period,weekday,47,14,14,0,0,0.0,0.0
2018-01-15,2018-01-15 12:00:00,core,outer,core->outer,outage,degraded_period,weekday,47,14,14,0,0,0.0,0.0
2018-01-15,2018-01-15 12:00:00,near,core,near->core,outage,degraded_period,weekday,47,26,25,2,0,0.0,0.0
2018-01-15,2018-01-15 12:00:00,near,outer,near->outer,outage,degraded_period,weekday,47,26,25,2,2,0.07692307692307693,0.08
2018-01-15,2018-01-15 12:00:00,outer,core,outer->core,outage,degraded_period,weekday,47,4,4,0,0,0.0,0.0
2018-01-15,2018-01-15 12:00:00,outer,near,outer->near,outage,degraded_period,weekday,47,4,4,0,0,0.0,0.0
2018-01-15,2018-01-15 13:00:00,core,near,core->near,outage,degraded_period,weekday,47,14,14,2,2,0.14285714285714285,0.14285714285714285
2018-01-15,2018-01-15 13:00:00,core,outer,core->outer,outage,degraded_period,weekday,47,14,14,2,0,0.0,0.0
2018-01-15,2018-01-15 13:00:00,near,core,near->core,outage,degraded_period,weekday,47,24,23,1,1,0.041666666666666664,0.043478260869565216
2018-01-15,2018-01-15 13:00:00,near,outer,near->outer,outage,degraded_period,weekday,47,24,23,1,0,0.0,0.0
2018-01-15,2018-01-15 13:00:00,outer,core,outer->core,outage,degraded_period,weekday,47,6,5,1,0,0.0,0.0
2018-01-15,2018-01-15 13:00:00,outer,near,outer->near,outage,degraded_period,weekday,47,6,5,1,1,0.16666666666666666,0.2
2018-01-15,2018-01-15 14:00:00,core,near,core->near,outage,degraded_period,weekday,47,13,13,5,4,0.3076923076923077,0.3076923076923077
2018-01-15,2018-01-15 14:00:00,core,outer,core->outer,outage,degraded_period,weekday,47,13,13,5,1,0.07692307692307693,0.07692307692307693
2018-01-15,2018-01-15 14:00:00,near,core,near->core,outage,degraded_period,weekday,47,26,25,1,1,0.038461538461538464,0.04
2018-01-15,2018-01-15 14:00:00,near,outer,near->outer,outage,degraded_period,weekday,47,26,25,1,0,0.0,0.0
2018-01-15,2018-01-15 14:00:00,outer,core,outer->core,outage,degraded_period,weekday,47,4,4,0,0,0.0,0.0
2018-01-15,2018-01-15 14:00:00,outer,near,outer->near,outage,degraded_period,weekday,47,4,4,0,0,0.0,0.0
2018-01-15,2018-01-15 15:00:00,core,near,core->near,outage,degraded_period,weekday,47,9,9,0,0,0.0,0.0
2018-01-15,2018-01-15 15:00:00,core,outer,core->outer,outage,degraded_period,weekday,47,9,9,0,0,0.0,0.0
2018-01-15,2018-01-15 15:00:00,near,core,near->core,outage,degraded_period,weekday,47,28,26,6,5,0.17857142857142858,0.19230769230769232
2018-01-15,2018-01-15 15:00:00,near,outer,near->outer,outage,degraded_period,weekday,47,28,26,6,1,0.03571428571428571,0.038461538461538464
2018-01-15,2018-01-15 15:00:00,outer,core,outer->core,outage,degraded_period,weekday,47,5,5,0,0,0.0,0.0
2018-01-15,2018-01-15 15:00:00,outer,near,outer->near,outage,degraded_period,weekday,47,5,5,0,0,0.0,0.0
2018-01-15,2018-01-15 16:00:00,core,near,core->near,outage,degraded_period,weekday,47,14,14,1,0,0.0,0.0
2018-01-15,2018-01-15 16:00:00,core,outer,core->outer,outage,degraded_period,weekday,47,14,14,1,1,0.07142857142857142,0.07142857142857142
2018-01-15,2018-01-15 16:00:00,near,core,near->core,outage,degraded_period,weekday,47,20,20,0,0,0.0,0.0
2018-01-15,2018-01-15 16:00:00,near,outer,near->outer,outage,degraded_period,weekday,47,20,20,0,0,0.0,0.0
2018-01-15,2018-01-15 16:00:00,outer,core,outer->core,outage,degraded_period,weekday,47,6,6,0,0,0.0,0.0
2018-01-15,2018-01-15 16:00:00,outer,near,outer->near,outage,degraded_period,weekday,47,6,6,0,0,0.0,0.0
2018-01-15,2018-01-15 17:00:00,core,near,core->near,outage,degraded_period,weekday,47,13,13,0,0,0.0,0.0
2018-01-15,2018-01-15 17:00:00,core,outer,core->outer,outage,degraded_period,weekday,47,13,13,0,0,0.0,0.0
2018-01-15,2018-01-15 17:00:00,near,core,near->core,outage,degraded_period,weekday,47,22,21,0,0,0.0,0.0
2018-01-15,2018-01-15 17:00:00,near,outer,near->outer,outage,degraded_period,weekday,47,22,21,0,0,0.0,0.0
2018-01-15,2018-01-15 17:00:00,outer,core,outer->core,outage,degraded_period,weekday,47,7,7,2,0,0.0,0.0
2018-01-15,2018-01-15 17:00:00,outer,near,outer->near,outage,degraded_period,weekday,47,7,7,2,2,0.2857142857142857,0.2857142857142857
2018-01-15,2018-01-15 18:00:00,core,near,core->near,outage,degraded_period,weekday,47,13,13,6,6,0.46153846153846156,0.46153846153846156
2018-01-15,2018-01-15 18:00:00,core,outer,core->outer,outage,degraded_period,weekday,47,13,13,6,0,0.0,0.0
2018-01-15,2018-01-15 18:00:00,near,core,near->core,outage,degraded_period,weekday,47,24,24,2,2,0.08333333333333333,0.08333333333333333
2018-01-15,2018-01-15 18:00:00,near,outer,near->outer,outage,degraded_period,weekday,47,24,24,2,0,0.0,0.0
2018-01-15,2018-01-15 18:00:00,outer,core,outer->core,outage,degraded_period,weekday,47,5,5,1,0,0.0,0.0
2018-01-15,2018-01-15 18:00:00,outer,near,outer->near,outage,degraded_period,weekday,47,5,5,1,1,0.2,0.2
2018-01-15,2018-01-15 19:00:00,core,near,core->near,outage,degraded_period,weekday,47,9,9,4,4,0.4444444444444444,0.4444444444444444
2018-01-15,2018-01-15 19:00:00,core,outer,core->outer,outage,degraded_period,weekday,47,9,9,4,0,0.0,0.0
2018-01-15,2018-01-15 19:00:00,near,core,near->core,outage,degraded_period,weekday,47,29,27,3,3,0.10344827586206896,0.1111111111111111
2018-01-15,2018-01-15 19:00:00,near,outer,near->outer,outage,degraded_period,weekday,47,29,27,3,0,0.0,0.0
2018-01-15,2018-01-15 19:00:00,outer,core,outer->core,outage,degraded_period,weekday,47,4,4,0,0,0.0,0.0
2018-01-15,2018-01-15 19:00:00,outer,near,outer->near,outage,degraded_period,weekday,47,4,4,0,0,0.0,0.0
2018-01-15,2018-01-15 20:00:00,core,near,core->near,outage,degraded_period,weekday,47,8,8,0,0,0.0,0.0
2018-01-15,2018-01-15 20:00:00,core,outer,core->outer,outage,degraded_period,weekday,47,8,8,0,0,0.0,0.0
2018-01-15,2018-01-15 20:00:00,near,core,near->core,outage,degraded_period,weekday,47,28,28,6,6,0.21428571428571427,0.21428571428571427
2018-01-15,2018-01-15 20:00:00,near,outer,near->outer,outage,degraded_period,weekday,47,28,28,6,0,0.0,0.0
2018-01-15,2018-01-15 20:00:00,outer,core,outer->core,outage,degraded_period,weekday,47,4,4,0,0,0.0,0.0
2018-01-15,2018-01-15 20:00:00,outer,near,outer->near,outage,degraded_period,weekday,47,4,4,0,0,0.0,0.0
2018-01-15,2018-01-15 21:00:00,core,near,core->near,outage,degraded_period,weekday,47,14,14,1,1,0.07142857142857142,0.07142857142857142
2018-01-15,2018-01-15 21:00:00,core,outer,core->outer,outage,degraded_period,weekday,47,14,14,1,0,0.0,0.0
2018-01-15,2018-01-15 21:00:00,near,core,near->core,outage,degraded_period,weekday,47,24,22,2,2,0.08333333333333333,0.09090909090909091
2018-01-15,2018-01-15 21:00:00,near,outer,near->outer,outage,degraded_period,weekday,47,24,22,2,0,0.0,0.0
2018-01-15,2018-01-15 21:00:00,outer,core,outer->core,outage,degraded_period,weekday,47,4,4,0,0,0.0,0.0
2018-01-15,2018-01-15 21:00:00,outer,near,outer->near,outage,degraded_period,weekday,47,4,4,0,0,0.0,0.0
2018-01-15,2018-01-15 22:00:00,core,near,core->near,outage,degraded_period,weekday,47,15,15,4,4,0.26666666666666666,0.26666666666666666
2018-01-15,2018-01-15 22:00:00,core,outer,core->outer,outage,degraded_period,weekday,47,15,15,4,0,0.0,0.0
2018-01-15,2018-01-15 22:00:00,near,core,near->core,outage,degraded_period,weekday,47,21,21,1,1,0.047619047619047616,0.047619047619047616
2018-01-15,2018-01-15 22:00:00,near,outer,near->outer,outage,degraded_period,weekday,47,21,21,1,0,0.0,0.0
2018-01-15,2018-01-15 22:00:00,outer,core,outer->core,outage,degraded_period,weekday,47,4,4,1,1,0.25,0.25
2018-01-15,2018-01-15 22:00:00,outer,near,outer->near,outage,degraded_period,weekday,47,4,4,1,0,0.0,0.0
2018-01-15,2018-01-15 23:00:00,core,near,core->near,outage,degraded_period,weekday,47,13,13,0,0,0.0,0.0
2018-01-15,2018-01-15 23:00:00,core,outer,core->outer,outage,degraded_period,weekday,47,13,13,0,0,0.0,0.0
2018-01-15,2018-01-15 23:00:00,near,core,near->core,outage,degraded_period,weekday,47,25,25,2,2,0.08,0.08
2018-01-15,2018-01-15 23:00:00,near,outer,near->outer,outage,degraded_period,weekday,47,25,25,2,0,0.0,0.0
2018-01-15,2018-01-15 23:00:00,outer,core,outer->core,outage,degraded_period,weekday,47,3,3,0,0,0.0,0.0
2018-01-15,2018-01-15 23:00:00,outer,near,outer->near,outage,degraded_period,weekday,47,3,3,0,0,0.0,0.0
2018-01-16,2018-01-16 00:00:00,core,near,core->near,outage,degraded_period,weekday,53,15,15,0,0,0.0,0.0
2018-01-16,2018-01-16 00:00:00,core,outer,core->outer,outage,degraded_period,weekday,53,15,15,0,0,0.0,0.0
2018-01-16,2018-01-16 00:00:00,near,core,near->core,outage,degraded_period,weekday,53,23,18,0,0,0.0,0.0
2018-01-16,2018-01-16 00:00:00,near,outer,near->outer,outage,degraded_period,weekday,53,23,18,0,0,0.0,0.0
2018-01-16,2018-01-16 00:00:00,outer,core,outer->core,outage,degraded_period,weekday,53,3,3,0,0,0.0,0.0
2018-01-16,2018-01-16 00:00:00,outer,near,outer->near,outage,degraded_period,weekday,53,3,3,0,0,0.0,0.0
2018-01-16,2018-01-16 01:00:00,core,near,core->near,outage,degraded_period,weekday,53,15,15,2,2,0.13333333333333333,0.13333333333333333
2018-01-16,2018-01-16 01:00:00,core,outer,core->outer,outage,degraded_period,weekday,53,15,15,2,0,0.0,0.0
2018-01-16,2018-01-16 01:00:00,near,core,near->core,outage,degraded_period,weekday,53,19,19,0,0,0.0,0.0
2018-01-16,2018-01-16 01:00:00,near,outer,near->outer,outage,degraded_period,weekday,53,19,19,0,0,0.0,0.0
2018-01-16,2018-01-16 01:00:00,outer,core,outer->core,outage,degraded_period,weekday,53,3,3,0,0,0.0,0.0
2018-01-16,2018-01-16 01:00:00,outer,near,outer->near,outage,degraded_period,weekday,53,3,3,0,0,0.0,0.0
2018-01-16,2018-01-16 02:00:00,core,near,core->near,outage,degraded_period,weekday,53,13,13,1,1,0.07692307692307693,0.07692307692307693
2018-01-16,2018-01-16 02:00:00,core,outer,core->outer,outage,degraded_period,weekday,53,13,13,1,0,0.0,0.0
2018-01-16,2018-01-16 02:00:00,near,core,near->core,outage,degraded_period,weekday,53,27,26,3,2,0.07407407407407407,0.07692307692307693
2018-01-16,2018-01-16 02:00:00,near,outer,near->outer,outage,degraded_period,weekday,53,27,26,3,1,0.037037037037037035,0.038461538461538464
2018-01-16,2018-01-16 02:00:00,outer,core,outer->core,outage,degraded_period,weekday,53,3,3,0,0,0.0,0.0
2018-01-16,2018-01-16 02:00:00,outer,near,outer->near,outage,degraded_period,weekday,53,3,3,0,0,0.0,0.0
2018-01-16,2018-01-16 03:00:00,core,near,core->near,outage,degraded_period,weekday,53,14,14,1,1,0.07142857142857142,0.07142857142857142
2018-01-16,2018-01-16 03:00:00,core,outer,core->outer,outage,degraded_period,weekday,53,14,14,1,0,0.0,0.0
2018-01-16,2018-01-16 03:00:00,near,core,near->core,outage,degraded_period,weekday,53,24,24,0,0,0.0,0.0
2018-01-16,2018-01-16 03:00:00,near,outer,near->outer,outage,degraded_period,weekday,53,24,24,0,0,0.0,0.0
2018-01-16,2018-01-16 03:00:00,outer,core,outer->core,outage,degraded_period,weekday,53,5,5,0,0,0.0,0.0
2018-01-16,2018-01-16 03:00:00,outer,near,outer->near,outage,degraded_period,weekday,53,5,5,0,0,0.0,0.0
2018-01-16,2018-01-16 04:00:00,core,near,core->near,outage,degraded_period,weekday,53,13,13,0,0,0.0,0.0
2018-01-16,2018-01-16 04:00:00,core,outer,core->outer,outage,degraded_period,weekday,53,13,13,0,0,0.0,0.0
2018-01-16,2018-01-16 04:00:00,near,core,near->core,outage,degraded_period,weekday,53,25,25,2,2,0.08,0.08
2018-01-16,2018-01-16 04:00:00,near,outer,near->outer,outage,degraded_period,weekday,53,25,25,2,0,0.0,0.0
2018-01-16,2018-01-16 04:00:00,outer,core,outer->core,outage,degraded_period,weekday,53,6,6,1,0,0.0,0.0
2018-01-16,2018-01-16 04:00:00,outer,near,outer->near,outage,degraded_period,weekday,53,6,6,1,1,0.16666666666666666,0.16666666666666666
2018-01-16,2018-01-16 05:00:00,core,near,core->near,outage,degraded_period,weekday,53,15,15,0,0,0.0,0.0
2018-01-16,2018-01-16 05:00:00,core,outer,core->outer,outage,degraded_period,weekday,53,15,15,0,0,0.0,0.0
2018-01-16,2018-01-16 05:00:00,near,core,near->core,outage,degraded_period,weekday,53,25,24,0,0,0.0,0.0
2018-01-16,2018-01-16 05:00:00,near,outer,near->outer,outage,degraded_period,weekday,53,25,24,0,0,0.0,0.0
2018-01-16,2018-01-16 05:00:00,outer,core,outer->core,outage,degraded_period,weekday,53,5,5,0,0,0.0,0.0
2018-01-16,2018-01-16 05:00:00,outer,near,outer->near,outage,degraded_period,weekday,53,5,5,0,0,0.0,0.0
2018-01-16,2018-01-16 06:00:00,core,near,core->near,outage,degraded_period,weekday,53,15,15,8,5,0.3333333333333333,0.3333333333333333
2018-01-16,2018-01-16 06:00:00,core,outer,core->outer,outage,degraded_period,weekday,53,15,15,8,3,0.2,0.2
2018-01-16,2018-01-16 06:00:00,near,core,near->core,outage,degraded_period,weekday,53,24,24,0,0,0.0,0.0
2018-01-16,2018-01-16 06:00:00,near,outer,near->outer,outage,degraded_period,weekday,53,24,24,0,0,0.0,0.0
2018-01-16,2018-01-16 06:00:00,outer,core,outer->core,outage,degraded_period,weekday,53,5,5,1,0,0.0,0.0
2018-01-16,2018-01-16 06:00:00,outer,near,outer->near,outage,degraded_period,weekday,53,5,5,1,1,0.2,0.2
2018-01-16,2018-01-16 07:00:00,core,near,core->near,outage,degraded_period,weekday,53,7,7,1,0,0.0,0.0
2018-01-16,2018-01-16 07:00:00,core,outer,core->outer,outage,degraded_period,weekday,53,7,7,1,1,0.14285714285714285,0.14285714285714285
2018-01-16,2018-01-16 07:00:00,near,core,near->core,outage,degraded_period,weekday,53,30,29,2,1,0.03333333333333333,0.034482758620689655
2018-01-16,2018-01-16 07:00:00,near,outer,near->outer,outage,degraded_period,weekday,53,30,29,2,1,0.03333333333333333,0.034482758620689655
2018-01-16,2018-01-16 07:00:00,outer,core,outer->core,outage,degraded_period,weekday,53,8,7,4,0,0.0,0.0
2018-01-16,2018-01-16 07:00:00,outer,near,outer->near,outage,degraded_period,weekday,53,8,7,4,4,0.5,0.5714285714285714
2018-01-16,2018-01-16 08:00:00,core,near,core->near,outage,degraded_period,weekday,53,7,7,0,0,0.0,0.0
2018-01-16,2018-01-16 08:00:00,core,outer,core->outer,outage,degraded_period,weekday,53,7,7,0,0,0.0,0.0
2018-01-16,2018-01-16 08:00:00,near,core,near->core,outage,degraded_period,weekday,53,32,31,6,2,0.0625,0.06451612903225806
2018-01-16,2018-01-16 08:00:00,near,outer,near->outer,outage,degraded_period,weekday,53,32,31,6,4,0.125,0.12903225806451613
2018-01-16,2018-01-16 08:00:00,outer,core,outer->core,outage,degraded_period,weekday,53,5,5,3,1,0.2,0.2
2018-01-16,2018-01-16 08:00:00,outer,near,outer->near,outage,degraded_period,weekday,53,5,5,3,2,0.4,0.4
2018-01-16,2018-01-16 09:00:00,core,near,core->near,outage,degraded_period,weekday,53,12,12,2,1,0.08333333333333333,0.08333333333333333
2018-01-16,2018-01-16 09:00:00,core,outer,core->outer,outage,degraded_period,weekday,53,12,12,2,1,0.08333333333333333,0.08333333333333333
2018-01-16,2018-01-16 09:00:00,near,core,near->core,outage,degraded_period,weekday,53,27,26,3,1,0.037037037037037035,0.038461538461538464
2018-01-16,2018-01-16 09:00:00,near,outer,near->outer,outage,degraded_period,weekday,53,27,26,3,2,0.07407407407407407,0.07692307692307693
2018-01-16,2018-01-16 09:00:00,outer,core,outer->core,outage,degraded_period,weekday,53,6,6,2,2,0.3333333333333333,0.3333333333333333
2018-01-16,2018-01-16 09:00:00,outer,near,outer->near,outage,degraded_period,weekday,53,6,6,2,0,0.0,0.0
2018-01-16,2018-01-16 10:00:00,core,near,core->near,outage,degraded_period,weekday,53,13,13,0,0,0.0,0.0
2018-01-16,2018-01-16 10:00:00,core,outer,core->outer,outage,degraded_period,weekday,53,13,13,0,0,0.0,0.0
2018-01-16,2018-01-16 10:00:00,near,core,near->core,outage,degraded_period,weekday,53,24,23,0,0,0.0,0.0
2018-01-16,2018-01-16 10:00:00,near,outer,near->outer,outage,degraded_period,weekday,53,24,23,0,0,0.0,0.0
2018-01-16,2018-01-16 10:00:00,outer,core,outer->core,outage,degraded_period,weekday,53,8,7,2,2,0.25,0.2857142857142857
2018-01-16,2018-01-16 10:00:00,outer,near,outer->near,outage,degraded_period,weekday,53,8,7,2,0,0.0,0.0
2018-01-16,2018-01-16 11:00:00,core,near,core->near,outage,degraded_period,weekday,53,15,15,1,1,0.06666666666666667,0.06666666666666667
2018-01-16,2018-01-16 11:00:00,core,outer,core->outer,outage,degraded_period,weekday,53,15,15,1,0,0.0,0.0
2018-01-16,2018-01-16 11:00:00,near,core,near->core,outage,degraded_period,weekday,53,24,23,1,0,0.0,0.0
2018-01-16,2018-01-16 11:00:00,near,outer,near->outer,outage,degraded_period,weekday,53,24,23,1,1,0.041666666666666664,0.043478260869565216
2018-01-16,2018-01-16 11:00:00,outer,core,outer->core,outage,degraded_period,weekday,53,5,5,0,0,0.0,0.0
2018-01-16,2018-01-16 11:00:00,outer,near,outer->near,outage,degraded_period,weekday,53,5,5,0,0,0.0,0.0
2018-01-16,2018-01-16 12:00:00,core,near,core->near,outage,degraded_period,weekday,53,14,14,0,0,0.0,0.0
2018-01-16,2018-01-16 12:00:00,core,outer,core->outer,outage,degraded_period,weekday,53,14,14,0,0,0.0,0.0
2018-01-16,2018-01-16 12:00:00,near,core,near->core,outage,degraded_period,weekday,53,23,23,1,1,0.043478260869565216,0.043478260869565216
2018-01-16,2018-01-16 12:00:00,near,outer,near->outer,outage,degraded_period,weekday,53,23,23,1,0,0.0,0.0
2018-01-16,2018-01-16 12:00:00,outer,core,outer->core,outage,degraded_period,weekday,53,6,6,1,1,0.16666666666666666,0.16666666666666666
2018-01-16,2018-01-16 12:00:00,outer,near,outer->near,outage,degraded_period,weekday,53,6,6,1,0,0.0,0.0
2018-01-16,2018-01-16 13:00:00,core,near,core->near,outage,degraded_period,weekday,53,16,16,1,1,0.0625,0.0625
2018-01-16,2018-01-16 13:00:00,core,outer,core->outer,outage,degraded_period,weekday,53,16,16,1,0,0.0,0.0
2018-01-16,2018-01-16 13:00:00,near,core,near->core,outage,degraded_period,weekday,53,22,22,2,2,0.09090909090909091,0.09090909090909091
2018-01-16,2018-01-16 13:00:00,near,outer,near->outer,outage,degraded_period,weekday,53,22,22,2,0,0.0,0.0
2018-01-16,2018-01-16 13:00:00,outer,core,outer->core,outage,degraded_period,weekday,53,6,5,0,0,0.0,0.0
2018-01-16,2018-01-16 13:00:00,outer,near,outer->near,outage,degraded_period,weekday,53,6,5,0,0,0.0,0.0
2018-01-16,2018-01-16 14:00:00,core,near,core->near,outage,degraded_period,weekday,53,17,17,2,2,0.11764705882352941,0.11764705882352941
2018-01-16,2018-01-16 14:00:00,core,outer,core->outer,outage,degraded_period,weekday,53,17,17,2,0,0.0,0.0
2018-01-16,2018-01-16 14:00:00,near,core,near->core,outage,degraded_period,weekday,53,22,22,1,1,0.045454545454545456,0.045454545454545456
2018-01-16,2018-01-16 14:00:00,near,outer,near->outer,outage,degraded_period,weekday,53,22,22,1,0,0.0,0.0
2018-01-16,2018-01-16 14:00:00,outer,core,outer->core,outage,degraded_period,weekday,53,5,5,2,0,0.0,0.0
2018-01-16,2018-01-16 14:00:00,outer,near,outer->near,outage,degraded_period,weekday,53,5,5,2,2,0.4,0.4
2018-01-16,2018-01-16 15:00:00,core,near,core->near,outage,degraded_period,weekday,53,16,16,3,3,0.1875,0.1875
2018-01-16,2018-01-16 15:00:00,core,outer,core->outer,outage,degraded_period,weekday,53,16,16,3,0,0.0,0.0
2018-01-16,2018-01-16 15:00:00,near,core,near->core,outage,degraded_period,weekday,53,25,24,1,1,0.04,0.041666666666666664
2018-01-16,2018-01-16 15:00:00,near,outer,near->outer,outage,degraded_period,weekday,53,25,24,1,0,0.0,0.0
2018-01-16,2018-01-16 15:00:00,outer,core,outer->core,outage,degraded_period,weekday,53,4,4,1,1,0.25,0.25
2018-01-16,2018-01-16 15:00:00,outer,near,outer->near,outage,degraded_period,weekday,53,4,4,1,0,0.0,0.0
2018-01-16,2018-01-16 16:00:00,core,near,core->near,outage,degraded_period,weekday,53,15,15,1,1,0.06666666666666667,0.06666666666666667
2018-01-16,2018-01-16 16:00:00,core,outer,core->outer,outage,degraded_period,weekday,53,15,15,1,0,0.0,0.0
2018-01-16,2018-01-16 16:00:00,near,core,near->core,outage,degraded_period,weekday,53,27,26,4,3,0.1111111111111111,0.11538461538461539
2018-01-16,2018-01-16 16:00:00,near,outer,near->outer,outage,degraded_period,weekday,53,27,26,4,1,0.037037037037037035,0.038461538461538464
2018-01-16,2018-01-16 16:00:00,outer,core,outer->core,outage,degraded_period,weekday,53,3,3,0,0,0.0,0.0
2018-01-16,2018-01-16 16:00:00,outer,near,outer->near,outage,degraded_period,weekday,53,3,3,0,0,0.0,0.0
2018-01-16,2018-01-16 17:00:00,core,near,core->near,outage,degraded_period,weekday,53,17,17,1,1,0.058823529411764705,0.058823529411764705
2018-01-16,2018-01-16 17:00:00,core,outer,core->outer,outage,degraded_period,weekday,53,17,17,1,0,0.0,0.0
2018-01-16,2018-01-16 17:00:00,near,core,near->core,outage,degraded_period,weekday,53,23,23,2,2,0.08695652173913043,0.08695652173913043
2018-01-16,2018-01-16 17:00:00,near,outer,near->outer,outage,degraded_period,weekday,53,23,23,2,0,0.0,0.0
2018-01-16,2018-01-16 17:00:00,outer,core,outer->core,outage,degraded_period,weekday,53,4,3,0,0,0.0,0.0
2018-01-16,2018-01-16 17:00:00,outer,near,outer->near,outage,degraded_period,weekday,53,4,3,0,0,0.0,0.0
2018-01-16,2018-01-16 18:00:00,core,near,core->near,outage,degraded_period,weekday,53,18,18,4,4,0.2222222222222222,0.2222222222222222
2018-01-16,2018-01-16 18:00:00,core,outer,core->outer,outage,degraded_period,weekday,53,18,18,4,0,0.0,0.0
2018-01-16,2018-01-16 18:00:00,near,core,near->core,outage,degraded_period,weekday,53,24,22,0,0,0.0,0.0
2018-01-16,2018-01-16 18:00:00,near,outer,near->outer,outage,degraded_period,weekday,53,24,22,0,0,0.0,0.0
2018-01-16,2018-01-16 18:00:00,outer,core,outer->core,outage,degraded_period,weekday,53,3,3,0,0,0.0,0.0
2018-01-16,2018-01-16 18:00:00,outer,near,outer->near,outage,degraded_period,weekday,53,3,3,0,0,0.0,0.0
2018-01-16,2018-01-16 19:00:00,core,near,core->near,outage,degraded_period,weekday,53,14,14,0,0,0.0,0.0
2018-01-16,2018-01-16 19:00:00,core,outer,core->outer,outage,degraded_period,weekday,53,14,14,0,0,0.0,0.0
2018-01-16,2018-01-16 19:00:00,near,core,near->core,outage,degraded_period,weekday,53,27,27,6,2,0.07407407407407407,0.07407407407407407
2018-01-16,2018-01-16 19:00:00,near,outer,near->outer,outage,degraded_period,weekday,53,27,27,6,4,0.14814814814814814,0.14814814814814814
2018-01-16,2018-01-16 19:00:00,outer,core,outer->core,outage,degraded_period,weekday,53,4,4,0,0,0.0,0.0
2018-01-16,2018-01-16 19:00:00,outer,near,outer->near,outage,degraded_period,weekday,53,4,4,0,0,0.0,0.0
2018-01-16,2018-01-16 20:00:00,core,near,core->near,outage,degraded_period,weekday,53,16,16,0,0,0.0,0.0
2018-01-16,2018-01-16 20:00:00,core,outer,core->outer,outage,degraded_period,weekday,53,16,16,0,0,0.0,0.0
2018-01-16,2018-01-16 20:00:00,near,core,near->core,outage,degraded_period,weekday,53,22,21,0,0,0.0,0.0
2018-01-16,2018-01-16 20:00:00,near,outer,near->outer,outage,degraded_period,weekday,53,22,21,0,0,0.0,0.0
2018-01-16,2018-01-16 20:00:00,outer,core,outer->core,outage,degraded_period,weekday,53,8,7,0,0,0.0,0.0
2018-01-16,2018-01-16 20:00:00,outer,near,outer->near,outage,degraded_period,weekday,53,8,7,0,0,0.0,0.0
2018-01-16,2018-01-16 21:00:00,core,near,core->near,outage,degraded_period,weekday,53,16,16,0,0,0.0,0.0
2018-01-16,2018-01-16 21:00:00,core,outer,core->outer,outage,degraded_period,weekday,53,16,16,0,0,0.0,0.0
2018-01-16,2018-01-16 21:00:00,near,core,near->core,outage,degraded_period,weekday,53,21,20,0,0,0.0,0.0
2018-01-16,2018-01-16 21:00:00,near,outer,near->outer,outage,degraded_period,weekday,53,21,20,0,0,0.0,0.0
2018-01-16,2018-01-16 21:00:00,outer,core,outer->core,outage,degraded_period,weekday,53,7,4,1,0,0.0,0.0
2018-01-16,2018-01-16 21:00:00,outer,near,outer->near,outage,degraded_period,weekday,53,7,4,1,1,0.14285714285714285,0.25
2018-01-16,2018-01-16 22:00:00,core,near,core->near,outage,degraded_period,weekday,53,16,16,0,0,0.0,0.0
2018-01-16,2018-01-16 22:00:00,core,outer,core->outer,outage,degraded_period,weekday,53,16,16,0,0,0.0,0.0
2018-01-16,2018-01-16 22:00:00,near,core,near->core,outage,degraded_period,weekday,53,21,21,0,0,0.0,0.0
2018-01-16,2018-01-16 22:00:00,near,outer,near->outer,outage,degraded_period,weekday,53,21,21,0,0,0.0,0.0
2018-01-16,2018-01-16 22:00:00,outer,core,outer->core,outage,degraded_period,weekday,53,3,3,0,0,0.0,0.0
2018-01-16,2018-01-16 22:00:00,outer,near,outer->near,outage,degraded_period,weekday,53,3,3,0,0,0.0,0.0
2018-01-16,2018-01-16 23:00:00,core,near,core->near,outage,degraded_period,weekday,53,16,16,0,0,0.0,0.0
2018-01-16,2018-01-16 23:00:00,core,outer,core->outer,outage,degraded_period,weekday,53,16,16,0,0,0.0,0.0
2018-01-16,2018-01-16 23:00:00,near,core,near->core,outage,degraded_period,weekday,53,21,21,1,0,0.0,0.0
2018-01-16,2018-01-16 23:00:00,near,outer,near->outer,outage,degraded_period,weekday,53,21,21,1,1,0.047619047619047616,0.047619047619047616
2018-01-16,2018-01-16 23:00:00,outer,core,outer->core,outage,degraded_period,weekday,53,3,3,0,0,0.0,0.0
2018-01-16,2018-01-16 23:00:00,outer,near,outer->near,outage,degraded_period,weekday,53,3,3,0,0,0.0,0.0
2018-01-17,2018-01-17 00:00:00,core,near,core->near,severe,degraded_period,weekday,48,16,16,0,0,0.0,0.0
2018-01-17,2018-01-17 00:00:00,core,outer,core->outer,severe,degraded_period,weekday,48,16,16,0,0,0.0,0.0
2018-01-17,2018-01-17 00:00:00,near,core,near->core,severe,degraded_period,weekday,48,20,19,0,0,0.0,0.0
2018-01-17,2018-01-17 00:00:00,near,outer,near->outer,severe,degraded_period,weekday,48,20,19,0,0,0.0,0.0
2018-01-17,2018-01-17 00:00:00,outer,core,outer->core,severe,degraded_period,weekday,48,4,4,0,0,0.0,0.0
2018-01-17,2018-01-17 00:00:00,outer,near,outer->near,severe,degraded_period,weekday,48,4,4,0,0,0.0,0.0
2018-01-17,2018-01-17 01:00:00,core,near,core->near,severe,degraded_period,weekday,48,16,16,2,2,0.125,0.125
2018-01-17,2018-01-17 01:00:00,core,outer,core->outer,severe,degraded_period,weekday,48,16,16,2,0,0.0,0.0
2018-01-17,2018-01-17 01:00:00,near,core,near->core,severe,degraded_period,weekday,48,19,19,0,0,0.0,0.0
2018-01-17,2018-01-17 01:00:00,near,outer,near->outer,severe,degraded_period,weekday,48,19,19,0,0,0.0,0.0
2018-01-17,2018-01-17 01:00:00,outer,core,outer->core,severe,degraded_period,weekday,48,5,4,0,0,0.0,0.0
2018-01-17,2018-01-17 01:00:00,outer,near,outer->near,severe,degraded_period,weekday,48,5,4,0,0,0.0,0.0
2018-01-17,2018-01-17 02:00:00,core,near,core->near,severe,degraded_period,weekday,48,14,14,0,0,0.0,0.0
2018-01-17,2018-01-17 02:00:00,core,outer,core->outer,severe,degraded_period,weekday,48,14,14,0,0,0.0,0.0
2018-01-17,2018-01-17 02:00:00,near,core,near->core,severe,degraded_period,weekday,48,22,22,2,2,0.09090909090909091,0.09090909090909091
2018-01-17,2018-01-17 02:00:00,near,outer,near->outer,severe,degraded_period,weekday,48,22,22,2,0,0.0,0.0
2018-01-17,2018-01-17 02:00:00,outer,core,outer->core,severe,degraded_period,weekday,48,5,4,1,0,0.0,0.0
2018-01-17,2018-01-17 02:00:00,outer,near,outer->near,severe,degraded_period,weekday,48,5,4,1,1,0.2,0.25
2018-01-17,2018-01-17 03:00:00,core,near,core->near,severe,degraded_period,weekday,48,16,16,4,3,0.1875,0.1875
2018-01-17,2018-01-17 03:00:00,core,outer,core->outer,severe,degraded_period,weekday,48,16,16,4,1,0.0625,0.0625
2018-01-17,2018-01-17 03:00:00,near,core,near->core,severe,degraded_period,weekday,48,22,20,1,0,0.0,0.0
2018-01-17,2018-01-17 03:00:00,near,outer,near->outer,severe,degraded_period,weekday,48,22,20,1,1,0.045454545454545456,0.05
2018-01-17,2018-01-17 03:00:00,outer,core,outer->core,severe,degraded_period,weekday,48,3,3,0,0,0.0,0.0
2018-01-17,2018-01-17 03:00:00,outer,near,outer->near,severe,degraded_period,weekday,48,3,3,0,0,0.0,0.0
2018-01-17,2018-01-17 04:00:00,core,near,core->near,severe,degraded_period,weekday,48,12,12,0,0,0.0,0.0
2018-01-17,2018-01-17 04:00:00,core,outer,core->outer,severe,degraded_period,weekday,48,12,12,0,0,0.0,0.0
2018-01-17,2018-01-17 04:00:00,near,core,near->core,severe,degraded_period,weekday,48,22,22,2,2,0.09090909090909091,0.09090909090909091
2018-01-17,2018-01-17 04:00:00,near,outer,near->outer,severe,degraded_period,weekday,48,22,22,2,0,0.0,0.0
2018-01-17,2018-01-17 04:00:00,outer,core,outer->core,severe,degraded_period,weekday,48,5,5,0,0,0.0,0.0
2018-01-17,2018-01-17 04:00:00,outer,near,outer->near,severe,degraded_period,weekday,48,5,5,0,0,0.0,0.0
2018-01-17,2018-01-17 05:00:00,core,near,core->near,severe,degraded_period,weekday,48,14,14,0,0,0.0,0.0
2018-01-17,2018-01-17 05:00:00,core,outer,core->outer,severe,degraded_period,weekday,48,14,14,0,0,0.0,0.0
2018-01-17,2018-01-17 05:00:00,near,core,near->core,severe,degraded_period,weekday,48,20,19,0,0,0.0,0.0
2018-01-17,2018-01-17 05:00:00,near,outer,near->outer,severe,degraded_period,weekday,48,20,19,0,0,0.0,0.0
2018-01-17,2018-01-17 05:00:00,outer,core,outer->core,severe,degraded_period,weekday,48,6,5,2,2,0.3333333333333333,0.4
2018-01-17,2018-01-17 05:00:00,outer,near,outer->near,severe,degraded_period,weekday,48,6,5,2,0,0.0,0.0
2018-01-17,2018-01-17 06:00:00,core,near,core->near,severe,degraded_period,weekday,48,16,16,2,2,0.125,0.125
2018-01-17,2018-01-17 06:00:00,core,outer,core->outer,severe,degraded_period,weekday,48,16,16,2,0,0.0,0.0
2018-01-17,2018-01-17 06:00:00,near,core,near->core,severe,degraded_period,weekday,48,20,17,1,1,0.05,0.058823529411764705
2018-01-17,2018-01-17 06:00:00,near,outer,near->outer,severe,degraded_period,weekday,48,20,17,1,0,0.0,0.0
2018-01-17,2018-01-17 06:00:00,outer,core,outer->core,severe,degraded_period,weekday,48,3,2,0,0,0.0,0.0
2018-01-17,2018-01-17 06:00:00,outer,near,outer->near,severe,degraded_period,weekday,48,3,2,0,0,0.0,0.0
2018-01-17,2018-01-17 07:00:00,core,near,core->near,severe,degraded_period,weekday,48,15,15,1,1,0.06666666666666667,0.06666666666666667
2018-01-17,2018-01-17 07:00:00,core,outer,core->outer,severe,degraded_period,weekday,48,15,15,1,0,0.0,0.0
2018-01-17,2018-01-17 07:00:00,near,core,near->core,severe,degraded_period,weekday,48,19,19,2,1,0.05263157894736842,0.05263157894736842
2018-01-17,2018-01-17 07:00:00,near,outer,near->outer,severe,degraded_period,weekday,48,19,19,2,1,0.05263157894736842,0.05263157894736842
2018-01-17,2018-01-17 07:00:00,outer,core,outer->core,severe,degraded_period,weekday,48,2,2,0,0,0.0,0.0
2018-01-17,2018-01-17 07:00:00,outer,near,outer->near,severe,degraded_period,weekday,48,2,2,0,0,0.0,0.0
2018-01-17,2018-01-17 08:00:00,core,near,core->near,severe,degraded_period,weekday,48,15,15,0,0,0.0,0.0
2018-01-17,2018-01-17 08:00:00,core,outer,core->outer,severe,degraded_period,weekday,48,15,15,0,0,0.0,0.0
2018-01-17,2018-01-17 08:00:00,near,core,near->core,severe,degraded_period,weekday,48,19,19,0,0,0.0,0.0
2018-01-17,2018-01-17 08:00:00,near,outer,near->outer,severe,degraded_period,weekday,48,19,19,0,0,0.0,0.0
2018-01-17,2018-01-17 08:00:00,outer,core,outer->core,severe,degraded_period,weekday,48,3,3,0,0,0.0,0.0
2018-01-17,2018-01-17 08:00:00,outer,near,outer->near,severe,degraded_period,weekday,48,3,3,0,0,0.0,0.0
2018-01-17,2018-01-17 09:00:00,core,near,core->near,severe,degraded_period,weekday,48,15,15,3,3,0.2,0.2
2018-01-17,2018-01-17 09:00:00,core,outer,core->outer,severe,degraded_period,weekday,48,15,15,3,0,0.0,0.0
2018-01-17,2018-01-17 09:00:00,near,core,near->core,severe,degraded_period,weekday,48,19,19,1,1,0.05263157894736842,0.05263157894736842
2018-01-17,2018-01-17 09:00:00,near,outer,near->outer,severe,degraded_period,weekday,48,19,19,1,0,0.0,0.0
2018-01-17,2018-01-17 09:00:00,outer,core,outer->core,severe,degraded_period,weekday,48,3,3,0,0,0.0,0.0
2018-01-17,2018-01-17 09:00:00,outer,near,outer->near,severe,degraded_period,weekday,48,3,3,0,0,0.0,0.0
2018-01-17,2018-01-17 10:00:00,core,near,core->near,severe,degraded_period,weekday,48,13,13,5,5,0.38461538461538464,0.38461538461538464
2018-01-17,2018-01-17 10:00:00,core,outer,core->outer,severe,degraded_period,weekday,48,13,13,5,0,0.0,0.0
2018-01-17,2018-01-17 10:00:00,near,core,near->core,severe,degraded_period,weekday,48,23,17,2,1,0.043478260869565216,0.058823529411764705
2018-01-17,2018-01-17 10:00:00,near,outer,near->outer,severe,degraded_period,weekday,48,23,17,2,1,0.043478260869565216,0.058823529411764705
2018-01-17,2018-01-17 10:00:00,outer,core,outer->core,severe,degraded_period,weekday,48,3,3,0,0,0.0,0.0
2018-01-17,2018-01-17 10:00:00,outer,near,outer->near,severe,degraded_period,weekday,48,3,3,0,0,0.0,0.0
2018-01-17,2018-01-17 11:00:00,core,near,core->near,severe,degraded_period,weekday,48,9,8,1,1,0.1111111111111111,0.125
2018-01-17,2018-01-17 11:00:00,core,outer,core->outer,severe,degraded_period,weekday,48,9,8,1,0,0.0,0.0
2018-01-17,2018-01-17 11:00:00,near,core,near->core,severe,degraded_period,weekday,48,20,17,4,4,0.2,0.23529411764705882
2018-01-17,2018-01-17 11:00:00,near,outer,near->outer,severe,degraded_period,weekday,48,20,17,4,0,0.0,0.0
2018-01-17,2018-01-17 11:00:00,outer,core,outer->core,severe,degraded_period,weekday,48,4,4,0,0,0.0,0.0
2018-01-17,2018-01-17 11:00:00,outer,near,outer->near,severe,degraded_period,weekday,48,4,4,0,0,0.0,0.0
2018-01-17,2018-01-17 12:00:00,core,near,core->near,severe,degraded_period,weekday,48,12,11,0,0,0.0,0.0
2018-01-17,2018-01-17 12:00:00,core,outer,core->outer,severe,degraded_period,weekday,48,12,11,0,0,0.0,0.0
2018-01-17,2018-01-17 12:00:00,near,core,near->core,severe,degraded_period,weekday,48,15,11,2,2,0.13333333333333333,0.18181818181818182
2018-01-17,2018-01-17 12:00:00,near,outer,near->outer,severe,degraded_period,weekday,48,15,11,2,0,0.0,0.0
2018-01-17,2018-01-17 12:00:00,outer,core,outer->core,severe,degraded_period,weekday,48,4,4,0,0,0.0,0.0
2018-01-17,2018-01-17 12:00:00,outer,near,outer->near,severe,degraded_period,weekday,48,4,4,0,0,0.0,0.0
2018-01-17,2018-01-17 13:00:00,core,near,core->near,severe,degraded_period,weekday,48,13,12,4,4,0.3076923076923077,0.3333333333333333
2018-01-17,2018-01-17 13:00:00,core,outer,core->outer,severe,degraded_period,weekday,48,13,12,4,0,0.0,0.0
2018-01-17,2018-01-17 13:00:00,near,core,near->core,severe,degraded_period,weekday,48,12,9,2,2,0.16666666666666666,0.2222222222222222
2018-01-17,2018-01-17 13:00:00,near,outer,near->outer,severe,degraded_period,weekday,48,12,9,2,0,0.0,0.0
2018-01-17,2018-01-17 13:00:00,outer,core,outer->core,severe,degraded_period,weekday,48,5,4,0,0,0.0,0.0
2018-01-17,2018-01-17 13:00:00,outer,near,outer->near,severe,degraded_period,weekday,48,5,4,0,0,0.0,0.0
2018-01-17,2018-01-17 14:00:00,core,near,core->near,severe,degraded_period,weekday,48,12,11,4,4,0.3333333333333333,0.36363636363636365
2018-01-17,2018-01-17 14:00:00,core,outer,core->outer,severe,degraded_period,weekday,48,12,11,4,0,0.0,0.0
2018-01-17,2018-01-17 14:00:00,near,core,near->core,severe,degraded_period,weekday,48,13,11,0,0,0.0,0.0
2018-01-17,2018-01-17 14:00:00,near,outer,near->outer,severe,degraded_period,weekday,48,13,11,0,0,0.0,0.0
2018-01-17,2018-01-17 14:00:00,outer,core,outer->core,severe,degraded_period,weekday,48,4,4,1,0,0.0,0.0
2018-01-17,2018-01-17 14:00:00,outer,near,outer->near,severe,degraded_period,weekday,48,4,4,1,1,0.25,0.25
2018-01-17,2018-01-17 15:00:00,core,near,core->near,severe,degraded_period,weekday,48,7,6,0,0,0.0,0.0
2018-01-17,2018-01-17 15:00:00,core,outer,core->outer,severe,degraded_period,weekday,48,7,6,0,0,0.0,0.0
2018-01-17,2018-01-17 15:00:00,near,core,near->core,severe,degraded_period,weekday,48,20,17,3,3,0.15,0.17647058823529413
2018-01-17,2018-01-17 15:00:00,near,outer,near->outer,severe,degraded_period,weekday,48,20,17,3,0,0.0,0.0
2018-01-17,2018-01-17 15:00:00,outer,core,outer->core,severe,degraded_period,weekday,48,6,5,0,0,0.0,0.0
2018-01-17,2018-01-17 15:00:00,outer,near,outer->near,severe,degraded_period,weekday,48,6,5,0,0,0.0,0.0
2018-01-17,2018-01-17 16:00:00,core,near,core->near,severe,degraded_period,weekday,48,10,9,0,0,0.0,0.0
2018-01-17,2018-01-17 16:00:00,core,outer,core->outer,severe,degraded_period,weekday,48,10,9,0,0,0.0,0.0
2018-01-17,2018-01-17 16:00:00,near,core,near->core,severe,degraded_period,weekday,48,14,11,4,4,0.2857142857142857,0.36363636363636365
2018-01-17,2018-01-17 16:00:00,near,outer,near->outer,severe,degraded_period,weekday,48,14,11,4,0,0.0,0.0
2018-01-17,2018-01-17 16:00:00,outer,core,outer->core,severe,degraded_period,weekday,48,6,5,2,0,0.0,0.0
2018-01-17,2018-01-17 16:00:00,outer,near,outer->near,severe,degraded_period,weekday,48,6,5,2,2,0.3333333333333333,0.4
2018-01-17,2018-01-17 17:00:00,core,near,core->near,severe,degraded_period,weekday,48,14,14,2,2,0.14285714285714285,0.14285714285714285
2018-01-17,2018-01-17 17:00:00,core,outer,core->outer,severe,degraded_period,weekday,48,14,14,2,0,0.0,0.0
2018-01-17,2018-01-17 17:00:00,near,core,near->core,severe,degraded_period,weekday,48,10,10,3,3,0.3,0.3
2018-01-17,2018-01-17 17:00:00,near,outer,near->outer,severe,degraded_period,weekday,48,10,10,3,0,0.0,0.0
2018-01-17,2018-01-17 17:00:00,outer,core,outer->core,severe,degraded_period,weekday,48,4,4,1,0,0.0,0.0
2018-01-17,2018-01-17 17:00:00,outer,near,outer->near,severe,degraded_period,weekday,48,4,4,1,1,0.25,0.25
2018-01-17,2018-01-17 18:00:00,core,near,core->near,severe,degraded_period,weekday,48,15,15,4,4,0.26666666666666666,0.26666666666666666
2018-01-17,2018-01-17 18:00:00,core,outer,core->outer,severe,degraded_period,weekday,48,15,15,4,0,0.0,0.0
2018-01-17,2018-01-17 18:00:00,near,core,near->core,severe,degraded_period,weekday,48,11,11,2,2,0.18181818181818182,0.18181818181818182
2018-01-17,2018-01-17 18:00:00,near,outer,near->outer,severe,degraded_period,weekday,48,11,11,2,0,0.0,0.0
2018-01-17,2018-01-17 18:00:00,outer,core,outer->core,severe,degraded_period,weekday,48,3,3,1,0,0.0,0.0
2018-01-17,2018-01-17 18:00:00,outer,near,outer->near,severe,degraded_period,weekday,48,3,3,1,1,0.3333333333333333,0.3333333333333333
2018-01-17,2018-01-17 19:00:00,core,near,core->near,severe,degraded_period,weekday,48,13,13,3,3,0.23076923076923078,0.23076923076923078
2018-01-17,2018-01-17 19:00:00,core,outer,core->outer,severe,degraded_period,weekday,48,13,13,3,0,0.0,0.0
2018-01-17,2018-01-17 19:00:00,near,core,near->core,severe,degraded_period,weekday,48,17,10,1,1,0.058823529411764705,0.1
2018-01-17,2018-01-17 19:00:00,near,outer,near->outer,severe,degraded_period,weekday,48,17,10,1,0,0.0,0.0
2018-01-17,2018-01-17 19:00:00,outer,core,outer->core,severe,degraded_period,weekday,48,2,2,0,0,0.0,0.0
2018-01-17,2018-01-17 19:00:00,outer,near,outer->near,severe,degraded_period,weekday,48,2,2,0,0,0.0,0.0
2018-01-17,2018-01-17 20:00:00,core,near,core->near,severe,degraded_period,weekday,48,11,9,0,0,0.0,0.0
2018-01-17,2018-01-17 20:00:00,core,outer,core->outer,severe,degraded_period,weekday,48,11,9,0,0,0.0,0.0
2018-01-17,2018-01-17 20:00:00,near,core,near->core,severe,degraded_period,weekday,48,13,12,4,1,0.07692307692307693,0.08333333333333333
2018-01-17,2018-01-17 20:00:00,near,outer,near->outer,severe,degraded_period,weekday,48,13,12,4,3,0.23076923076923078,0.25
2018-01-17,2018-01-17 20:00:00,outer,core,outer->core,severe,degraded_period,weekday,48,2,2,0,0,0.0,0.0
2018-01-17,2018-01-17 20:00:00,outer,near,outer->near,severe,degraded_period,weekday,48,2,2,0,0,0.0,0.0
2018-01-17,2018-01-17 21:00:00,core,near,core->near,severe,degraded_period,weekday,48,11,11,0,0,0.0,0.0
2018-01-17,2018-01-17 21:00:00,core,outer,core->outer,severe,degraded_period,weekday,48,11,11,0,0,0.0,0.0
2018-01-17,2018-01-17 21:00:00,near,core,near->core,severe,degraded_period,weekday,48,15,12,0,0,0.0,0.0
2018-01-17,2018-01-17 21:00:00,near,outer,near->outer,severe,degraded_period,weekday,48,15,12,0,0,0.0,0.0
2018-01-17,2018-01-17 21:00:00,outer,core,outer->core,severe,degraded_period,weekday,48,6,6,0,0,0.0,0.0
2018-01-17,2018-01-17 21:00:00,outer,near,outer->near,severe,degraded_period,weekday,48,6,6,0,0,0.0,0.0
2018-01-17,2018-01-17 22:00:00,core,near,core->near,severe,degraded_period,weekday,48,13,13,5,4,0.3076923076923077,0.3076923076923077
2018-01-17,2018-01-17 22:00:00,core,outer,core->outer,severe,degraded_period,weekday,48,13,13,5,1,0.07692307692307693,0.07692307692307693
2018-01-17,2018-01-17 22:00:00,near,core,near->core,severe,degraded_period,weekday,48,14,12,0,0,0.0,0.0
2018-01-17,2018-01-17 22:00:00,near,outer,near->outer,severe,degraded_period,weekday,48,14,12,0,0,0.0,0.0
2018-01-17,2018-01-17 22:00:00,outer,core,outer->core,severe,degraded_period,weekday,48,6,5,1,1,0.16666666666666666,0.2
2018-01-17,2018-01-17 22:00:00,outer,near,outer->near,severe,degraded_period,weekday,48,6,5,1,0,0.0,0.0
2018-01-17,2018-01-17 23:00:00,core,near,core->near,severe,degraded_period,weekday,48,9,9,0,0,0.0,0.0
2018-01-17,2018-01-17 23:00:00,core,outer,core->outer,severe,degraded_period,weekday,48,9,9,0,0,0.0,0.0
2018-01-17,2018-01-17 23:00:00,near,core,near->core,severe,degraded_period,weekday,48,19,18,3,3,0.15789473684210525,0.16666666666666666
2018-01-17,2018-01-17 23:00:00,near,outer,near->outer,severe,degraded_period,weekday,48,19,18,3,0,0.0,0.0
2018-01-17,2018-01-17 23:00:00,outer,core,outer->core,severe,degraded_period,weekday,48,5,5,0,0,0.0,0.0
2018-01-17,2018-01-17 23:00:00,outer,near,outer->near,severe,degraded_period,weekday,48,5,5,0,0,0.0,0.0
2018-01-18,2018-01-18 00:00:00,core,near,core->near,severe,degraded_period,weekday,46,12,12,0,0,0.0,0.0
2018-01-18,2018-01-18 00:00:00,core,outer,core->outer,severe,degraded_period,weekday,46,12,12,0,0,0.0,0.0
2018-01-18,2018-01-18 00:00:00,near,core,near->core,severe,degraded_period,weekday,46,20,18,2,2,0.1,0.1111111111111111
2018-01-18,2018-01-18 00:00:00,near,outer,near->outer,severe,degraded_period,weekday,46,20,18,2,0,0.0,0.0
2018-01-18,2018-01-18 00:00:00,outer,core,outer->core,severe,degraded_period,weekday,46,5,5,0,0,0.0,0.0
2018-01-18,2018-01-18 00:00:00,outer,near,outer->near,severe,degraded_period,weekday,46,5,5,0,0,0.0,0.0
2018-01-18,2018-01-18 01:00:00,core,near,core->near,severe,degraded_period,weekday,46,15,15,0,0,0.0,0.0
2018-01-18,2018-01-18 01:00:00,core,outer,core->outer,severe,degraded_period,weekday,46,15,15,0,0,0.0,0.0
2018-01-18,2018-01-18 01:00:00,near,core,near->core,severe,degraded_period,weekday,46,17,12,0,0,0.0,0.0
2018-01-18,2018-01-18 01:00:00,near,outer,near->outer,severe,degraded_period,weekday,46,17,12,0,0,0.0,0.0
2018-01-18,2018-01-18 01:00:00,outer,core,outer->core,severe,degraded_period,weekday,46,5,4,0,0,0.0,0.0
2018-01-18,2018-01-18 01:00:00,outer,near,outer->near,severe,degraded_period,weekday,46,5,4,0,0,0.0,0.0
2018-01-18,2018-01-18 02:00:00,core,near,core->near,severe,degraded_period,weekday,46,15,14,4,4,0.26666666666666666,0.2857142857142857
2018-01-18,2018-01-18 02:00:00,core,outer,core->outer,severe,degraded_period,weekday,46,15,14,4,0,0.0,0.0
2018-01-18,2018-01-18 02:00:00,near,core,near->core,severe,degraded_period,weekday,46,12,12,0,0,0.0,0.0
2018-01-18,2018-01-18 02:00:00,near,outer,near->outer,severe,degraded_period,weekday,46,12,12,0,0,0.0,0.0
2018-01-18,2018-01-18 02:00:00,outer,core,outer->core,severe,degraded_period,weekday,46,5,5,2,2,0.4,0.4
2018-01-18,2018-01-18 02:00:00,outer,near,outer->near,severe,degraded_period,weekday,46,5,5,2,0,0.0,0.0
2018-01-18,2018-01-18 03:00:00,core,near,core->near,severe,degraded_period,weekday,46,12,12,1,0,0.0,0.0
2018-01-18,2018-01-18 03:00:00,core,outer,core->outer,severe,degraded_period,weekday,46,12,12,1,1,0.08333333333333333,0.08333333333333333
2018-01-18,2018-01-18 03:00:00,near,core,near->core,severe,degraded_period,weekday,46,18,17,5,3,0.16666666666666666,0.17647058823529413
2018-01-18,2018-01-18 03:00:00,near,outer,near->outer,severe,degraded_period,weekday,46,18,17,5,2,0.1111111111111111,0.11764705882352941
2018-01-18,2018-01-18 03:00:00,outer,core,outer->core,severe,degraded_period,weekday,46,4,4,0,0,0.0,0.0
2018-01-18,2018-01-18 03:00:00,outer,near,outer->near,severe,degraded_period,weekday,46,4,4,0,0,0.0,0.0
2018-01-18,2018-01-18 04:00:00,core,near,core->near,severe,degraded_period,weekday,46,14,14,0,0,0.0,0.0
2018-01-18,2018-01-18 04:00:00,core,outer,core->outer,severe,degraded_period,weekday,46,14,14,0,0,0.0,0.0
2018-01-18,2018-01-18 04:00:00,near,core,near->core,severe,degraded_period,weekday,46,15,11,0,0,0.0,0.0
2018-01-18,2018-01-18 04:00:00,near,outer,near->outer,severe,degraded_period,weekday,46,15,11,0,0,0.0,0.0
2018-01-18,2018-01-18 04:00:00,outer,core,outer->core,severe,degraded_period,weekday,46,8,7,1,0,0.0,0.0
2018-01-18,2018-01-18 04:00:00,outer,near,outer->near,severe,degraded_period,weekday,46,8,7,1,1,0.125,0.14285714285714285
2018-01-18,2018-01-18 05:00:00,core,near,core->near,severe,degraded_period,weekday,46,14,14,1,0,0.0,0.0
2018-01-18,2018-01-18 05:00:00,core,outer,core->outer,severe,degraded_period,weekday,46,14,14,1,1,0.07142857142857142,0.07142857142857142
2018-01-18,2018-01-18 05:00:00,near,core,near->core,severe,degraded_period,weekday,46,13,12,2,2,0.15384615384615385,0.16666666666666666
2018-01-18,2018-01-18 05:00:00,near,outer,near->outer,severe,degraded_period,weekday,46,13,12,2,0,0.0,0.0
2018-01-18,2018-01-18 05:00:00,outer,core,outer->core,severe,degraded_period,weekday,46,6,6,1,0,0.0,0.0
2018-01-18,2018-01-18 05:00:00,outer,near,outer->near,severe,degraded_period,weekday,46,6,6,1,1,0.16666666666666666,0.16666666666666666
2018-01-18,2018-01-18 06:00:00,core,near,core->near,severe,degraded_period,weekday,46,15,15,3,3,0.2,0.2
2018-01-18,2018-01-18 06:00:00,core,outer,core->outer,severe,degraded_period,weekday,46,15,15,3,0,0.0,0.0
2018-01-18,2018-01-18 06:00:00,near,core,near->core,severe,degraded_period,weekday,46,16,12,0,0,0.0,0.0
2018-01-18,2018-01-18 06:00:00,near,outer,near->outer,severe,degraded_period,weekday,46,16,12,0,0,0.0,0.0
2018-01-18,2018-01-18 06:00:00,outer,core,outer->core,severe,degraded_period,weekday,46,7,7,1,0,0.0,0.0
2018-01-18,2018-01-18 06:00:00,outer,near,outer->near,severe,degraded_period,weekday,46,7,7,1,1,0.14285714285714285,0.14285714285714285
2018-01-18,2018-01-18 07:00:00,core,near,core->near,severe,degraded_period,weekday,46,12,11,4,4,0.3333333333333333,0.36363636363636365
2018-01-18,2018-01-18 07:00:00,core,outer,core->outer,severe,degraded_period,weekday,46,12,11,4,0,0.0,0.0
2018-01-18,2018-01-18 07:00:00,near,core,near->core,severe,degraded_period,weekday,46,17,12,4,4,0.23529411764705882,0.3333333333333333
2018-01-18,2018-01-18 07:00:00,near,outer,near->outer,severe,degraded_period,weekday,46,17,12,4,0,0.0,0.0
2018-01-18,2018-01-18 07:00:00,outer,core,outer->core,severe,degraded_period,weekday,46,6,5,1,0,0.0,0.0
2018-01-18,2018-01-18 07:00:00,outer,near,outer->near,severe,degraded_period,weekday,46,6,5,1,1,0.16666666666666666,0.2
2018-01-18,2018-01-18 08:00:00,core,near,core->near,severe,degraded_period,weekday,46,11,11,3,2,0.18181818181818182,0.18181818181818182
2018-01-18,2018-01-18 08:00:00,core,outer,core->outer,severe,degraded_period,weekday,46,11,11,3,1,0.09090909090909091,0.09090909090909091
2018-01-18,2018-01-18 08:00:00,near,core,near->core,severe,degraded_period,weekday,46,16,14,4,4,0.25,0.2857142857142857
2018-01-18,2018-01-18 08:00:00,near,outer,near->outer,severe,degraded_period,weekday,46,16,14,4,0,0.0,0.0
2018-01-18,2018-01-18 08:00:00,outer,core,outer->core,severe,degraded_period,weekday,46,4,4,0,0,0.0,0.0
2018-01-18,2018-01-18 08:00:00,outer,near,outer->near,severe,degraded_period,weekday,46,4,4,0,0,0.0,0.0
2018-01-18,2018-01-18 09:00:00,core,near,core->near,severe,degraded_period,weekday,46,12,12,0,0,0.0,0.0
2018-01-18,2018-01-18 09:00:00,core,outer,core->outer,severe,degraded_period,weekday,46,12,12,0,0,0.0,0.0
2018-01-18,2018-01-18 09:00:00,near,core,near->core,severe,degraded_period,weekday,46,15,11,3,2,0.13333333333333333,0.18181818181818182
2018-01-18,2018-01-18 09:00:00,near,outer,near->outer,severe,degraded_period,weekday,46,15,11,3,1,0.06666666666666667,0.09090909090909091
2018-01-18,2018-01-18 09:00:00,outer,core,outer->core,severe,degraded_period,weekday,46,7,7,2,0,0.0,0.0
2018-01-18,2018-01-18 09:00:00,outer,near,outer->near,severe,degraded_period,weekday,46,7,7,2,2,0.2857142857142857,0.2857142857142857
2018-01-18,2018-01-18 10:00:00,core,near,core->near,severe,degraded_period,weekday,46,14,13,1,1,0.07142857142857142,0.07692307692307693
2018-01-18,2018-01-18 10:00:00,core,outer,core->outer,severe,degraded_period,weekday,46,14,13,1,0,0.0,0.0
2018-01-18,2018-01-18 10:00:00,near,core,near->core,severe,degraded_period,weekday,46,11,9,0,0,0.0,0.0
2018-01-18,2018-01-18 10:00:00,near,outer,near->outer,severe,degraded_period,weekday,46,11,9,0,0,0.0,0.0
2018-01-18,2018-01-18 10:00:00,outer,core,outer->core,severe,degraded_period,weekday,46,6,5,0,0,0.0,0.0
2018-01-18,2018-01-18 10:00:00,outer,near,outer->near,severe,degraded_period,weekday,46,6,5,0,0,0.0,0.0
2018-01-18,2018-01-18 11:00:00,core,near,core->near,severe,degraded_period,weekday,46,12,12,4,4,0.3333333333333333,0.3333333333333333
2018-01-18,2018-01-18 11:00:00,core,outer,core->outer,severe,degraded_period,weekday,46,12,12,4,0,0.0,0.0
2018-01-18,2018-01-18 11:00:00,near,core,near->core,severe,degraded_period,weekday,46,12,11,2,1,0.08333333333333333,0.09090909090909091
2018-01-18,2018-01-18 11:00:00,near,outer,near->outer,severe,degraded_period,weekday,46,12,11,2,1,0.08333333333333333,0.09090909090909091
2018-01-18,2018-01-18 11:00:00,outer,core,outer->core,severe,degraded_period,weekday,46,6,6,1,0,0.0,0.0
2018-01-18,2018-01-18 11:00:00,outer,near,outer->near,severe,degraded_period,weekday,46,6,6,1,1,0.16666666666666666,0.16666666666666666
2018-01-18,2018-01-18 12:00:00,core,near,core->near,severe,degraded_period,weekday,46,10,8,0,0,0.0,0.0
2018-01-18,2018-01-18 12:00:00,core,outer,core->outer,severe,degraded_period,weekday,46,10,8,0,0,0.0,0.0
2018-01-18,2018-01-18 12:00:00,near,core,near->core,severe,degraded_period,weekday,46,18,16,2,2,0.1111111111111111,0.125
2018-01-18,2018-01-18 12:00:00,near,outer,near->outer,severe,degraded_period,weekday,46,18,16,2,0,0.0,0.0
2018-01-18,2018-01-18 12:00:00,outer,core,outer->core,severe,degraded_period,weekday,46,7,5,0,0,0.0,0.0
2018-01-18,2018-01-18 12:00:00,outer,near,outer->near,severe,degraded_period,weekday,46,7,5,0,0,0.0,0.0
2018-01-18,2018-01-18 13:00:00,core,near,core->near,severe,degraded_period,weekday,46,10,10,0,0,0.0,0.0
2018-01-18,2018-01-18 13:00:00,core,outer,core->outer,severe,degraded_period,weekday,46,10,10,0,0,0.0,0.0
2018-01-18,2018-01-18 13:00:00,near,core,near->core,severe,degraded_period,weekday,46,17,15,0,0,0.0,0.0
2018-01-18,2018-01-18 13:00:00,near,outer,near->outer,severe,degraded_period,weekday,46,17,15,0,0,0.0,0.0
2018-01-18,2018-01-18 13:00:00,outer,core,outer->core,severe,degraded_period,weekday,46,6,5,1,0,0.0,0.0
2018-01-18,2018-01-18 13:00:00,outer,near,outer->near,severe,degraded_period,weekday,46,6,5,1,1,0.16666666666666666,0.2
2018-01-18,2018-01-18 14:00:00,core,near,core->near,severe,degraded_period,weekday,46,13,13,3,3,0.23076923076923078,0.23076923076923078
2018-01-18,2018-01-18 14:00:00,core,outer,core->outer,severe,degraded_period,weekday,46,13,13,3,0,0.0,0.0
2018-01-18,2018-01-18 14:00:00,near,core,near->core,severe,degraded_period,weekday,46,17,16,1,1,0.058823529411764705,0.0625
2018-01-18,2018-01-18 14:00:00,near,outer,near->outer,severe,degraded_period,weekday,46,17,16,1,0,0.0,0.0
2018-01-18,2018-01-18 14:00:00,outer,core,outer->core,severe,degraded_period,weekday,46,6,4,0,0,0.0,0.0
2018-01-18,2018-01-18 14:00:00,outer,near,outer->near,severe,degraded_period,weekday,46,6,4,0,0,0.0,0.0
2018-01-18,2018-01-18 15:00:00,core,near,core->near,severe,degraded_period,weekday,46,11,11,1,1,0.09090909090909091,0.09090909090909091
2018-01-18,2018-01-18 15:00:00,core,outer,core->outer,severe,degraded_period,weekday,46,11,11,1,0,0.0,0.0
2018-01-18,2018-01-18 15:00:00,near,core,near->core,severe,degraded_period,weekday,46,22,20,2,0,0.0,0.0
2018-01-18,2018-01-18 15:00:00,near,outer,near->outer,severe,degraded_period,weekday,46,22,20,2,2,0.09090909090909091,0.1
2018-01-18,2018-01-18 15:00:00,outer,core,outer->core,severe,degraded_period,weekday,46,5,4,1,1,0.2,0.25
2018-01-18,2018-01-18 15:00:00,outer,near,outer->near,severe,degraded_period,weekday,46,5,4,1,0,0.0,0.0
2018-01-18,2018-01-18 16:00:00,core,near,core->near,severe,degraded_period,weekday,46,12,10,0,0,0.0,0.0
2018-01-18,2018-01-18 16:00:00,core,outer,core->outer,severe,degraded_period,weekday,46,12,10,0,0,0.0,0.0
2018-01-18,2018-01-18 16:00:00,near,core,near->core,severe,degraded_period,weekday,46,21,16,1,1,0.047619047619047616,0.0625
2018-01-18,2018-01-18 16:00:00,near,outer,near->outer,severe,degraded_period,weekday,46,21,16,1,0,0.0,0.0
2018-01-18,2018-01-18 16:00:00,outer,core,outer->core,severe,degraded_period,weekday,46,5,5,2,2,0.4,0.4
2018-01-18,2018-01-18 16:00:00,outer,near,outer->near,severe,degraded_period,weekday,46,5,5,2,0,0.0,0.0
2018-01-18,2018-01-18 17:00:00,core,near,core->near,severe,degraded_period,weekday,46,13,13,0,0,0.0,0.0
2018-01-18,2018-01-18 17:00:00,core,outer,core->outer,severe,degraded_period,weekday,46,13,13,0,0,0.0,0.0
2018-01-18,2018-01-18 17:00:00,near,core,near->core,severe,degraded_period,weekday,46,17,17,2,1,0.058823529411764705,0.058823529411764705
2018-01-18,2018-01-18 17:00:00,near,outer,near->outer,severe,degraded_period,weekday,46,17,17,2,1,0.058823529411764705,0.058823529411764705
2018-01-18,2018-01-18 17:00:00,outer,core,outer->core,severe,degraded_period,weekday,46,3,3,1,0,0.0,0.0
2018-01-18,2018-01-18 17:00:00,outer,near,outer->near,severe,degraded_period,weekday,46,3,3,1,1,0.3333333333333333,0.3333333333333333
2018-01-18,2018-01-18 18:00:00,core,near,core->near,severe,degraded_period,weekday,46,14,14,0,0,0.0,0.0
2018-01-18,2018-01-18 18:00:00,core,outer,core->outer,severe,degraded_period,weekday,46,14,14,0,0,0.0,0.0
2018-01-18,2018-01-18 18:00:00,near,core,near->core,severe,degraded_period,weekday,46,22,21,3,3,0.13636363636363635,0.14285714285714285
2018-01-18,2018-01-18 18:00:00,near,outer,near->outer,severe,degraded_period,weekday,46,22,21,3,0,0.0,0.0
2018-01-18,2018-01-18 18:00:00,outer,core,outer->core,severe,degraded_period,weekday,46,3,3,0,0,0.0,0.0
2018-01-18,2018-01-18 18:00:00,outer,near,outer->near,severe,degraded_period,weekday,46,3,3,0,0,0.0,0.0
2018-01-18,2018-01-18 19:00:00,core,near,core->near,severe,degraded_period,weekday,46,17,16,4,3,0.17647058823529413,0.1875
2018-01-18,2018-01-18 19:00:00,core,outer,core->outer,severe,degraded_period,weekday,46,17,16,4,1,0.058823529411764705,0.0625
2018-01-18,2018-01-18 19:00:00,near,core,near->core,severe,degraded_period,weekday,46,19,11,3,2,0.10526315789473684,0.18181818181818182
2018-01-18,2018-01-18 19:00:00,near,outer,near->outer,severe,degraded_period,weekday,46,19,11,3,1,0.05263157894736842,0.09090909090909091
2018-01-18,2018-01-18 19:00:00,outer,core,outer->core,severe,degraded_period,weekday,46,3,2,0,0,0.0,0.0
2018-01-18,2018-01-18 19:00:00,outer,near,outer->near,severe,degraded_period,weekday,46,3,2,0,0,0.0,0.0
2018-01-18,2018-01-18 20:00:00,core,near,core->near,severe,degraded_period,weekday,46,14,13,0,0,0.0,0.0
2018-01-18,2018-01-18 20:00:00,core,outer,core->outer,severe,degraded_period,weekday,46,14,13,0,0,0.0,0.0
2018-01-18,2018-01-18 20:00:00,near,core,near->core,severe,degraded_period,weekday,46,11,9,0,0,0.0,0.0
2018-01-18,2018-01-18 20:00:00,near,outer,near->outer,severe,degraded_period,weekday,46,11,9,0,0,0.0,0.0
2018-01-18,2018-01-18 20:00:00,outer,core,outer->core,severe,degraded_period,weekday,46,5,3,0,0,0.0,0.0
2018-01-18,2018-01-18 20:00:00,outer,near,outer->near,severe,degraded_period,weekday,46,5,3,0,0,0.0,0.0
2018-01-18,2018-01-18 21:00:00,core,near,core->near,severe,degraded_period,weekday,46,14,14,0,0,0.0,0.0
2018-01-18,2018-01-18 21:00:00,core,outer,core->outer,severe,degraded_period,weekday,46,14,14,0,0,0.0,0.0
2018-01-18,2018-01-18 21:00:00,near,core,near->core,severe,degraded_period,weekday,46,12,10,0,0,0.0,0.0
2018-01-18,2018-01-18 21:00:00,near,outer,near->outer,severe,degraded_period,weekday,46,12,10,0,0,0.0,0.0
2018-01-18,2018-01-18 21:00:00,outer,core,outer->core,severe,degraded_period,weekday,46,3,3,0,0,0.0,0.0
2018-01-18,2018-01-18 21:00:00,outer,near,outer->near,severe,degraded_period,weekday,46,3,3,0,0,0.0,0.0
2018-01-18,2018-01-18 22:00:00,core,near,core->near,severe,degraded_period,weekday,46,15,15,4,4,0.26666666666666666,0.26666666666666666
2018-01-18,2018-01-18 22:00:00,core,outer,core->outer,severe,degraded_period,weekday,46,15,15,4,0,0.0,0.0
2018-01-18,2018-01-18 22:00:00,near,core,near->core,severe,degraded_period,weekday,46,13,13,0,0,0.0,0.0
2018-01-18,2018-01-18 22:00:00,near,outer,near->outer,severe,degraded_period,weekday,46,13,13,0,0,0.0,0.0
2018-01-18,2018-01-18 22:00:00,outer,core,outer->core,severe,degraded_period,weekday,46,3,3,0,0,0.0,0.0
2018-01-18,2018-01-18 22:00:00,outer,near,outer->near,severe,degraded_period,weekday,46,3,3,0,0,0.0,0.0
2018-01-18,2018-01-18 23:00:00,core,near,core->near,severe,degraded_period,weekday,46,11,9,3,3,0.2727272727272727,0.3333333333333333
2018-01-18,2018-01-18 23:00:00,core,outer,core->outer,severe,degraded_period,weekday,46,11,9,3,0,0.0,0.0
2018-01-18,2018-01-18 23:00:00,near,core,near->core,severe,degraded_period,weekday,46,21,18,4,3,0.14285714285714285,0.16666666666666666
2018-01-18,2018-01-18 23:00:00,near,outer,near->outer,severe,degraded_period,weekday,46,21,18,4,1,0.047619047619047616,0.05555555555555555
2018-01-18,2018-01-18 23:00:00,outer,core,outer->core,severe,degraded_period,weekday,46,3,3,0,0,0.0,0.0
2018-01-18,2018-01-18 23:00:00,outer,near,outer->near,severe,degraded_period,weekday,46,3,3,0,0,0.0,0.0
2018-01-19,2018-01-19 00:00:00,core,near,core->near,normal,post_recovery,weekday,52,9,0,0,0,0.0,0.0
2018-01-19,2018-01-19 00:00:00,core,outer,core->outer,normal,post_recovery,weekday,52,9,0,0,0,0.0,0.0
2018-01-19,2018-01-19 00:00:00,near,core,near->core,normal,post_recovery,weekday,52,18,6,2,1,0.05555555555555555,0.16666666666666666
2018-01-19,2018-01-19 00:00:00,near,outer,near->outer,normal,post_recovery,weekday,52,18,6,2,1,0.05555555555555555,0.16666666666666666
2018-01-19,2018-01-19 00:00:00,outer,core,outer->core,normal,post_recovery,weekday,52,4,3,0,0,0.0,0.0
2018-01-19,2018-01-19 00:00:00,outer,near,outer->near,normal,post_recovery,weekday,52,4,3,0,0,0.0,0.0
2018-01-19,2018-01-19 01:00:00,core,near,core->near,normal,post_recovery,weekday,52,1,0,0,0,0.0,0.0
2018-01-19,2018-01-19 01:00:00,core,outer,core->outer,normal,post_recovery,weekday,52,1,0,0,0,0.0,0.0
2018-01-19,2018-01-19 01:00:00,near,core,near->core,normal,post_recovery,weekday,52,5,4,0,0,0.0,0.0
2018-01-19,2018-01-19 01:00:00,near,outer,near->outer,normal,post_recovery,weekday,52,5,4,0,0,0.0,0.0
2018-01-19,2018-01-19 01:00:00,outer,core,outer->core,normal,post_recovery,weekday,52,4,3,0,0,0.0,0.0
2018-01-19,2018-01-19 01:00:00,outer,near,outer->near,normal,post_recovery,weekday,52,4,3,0,0,0.0,0.0
2018-01-19,2018-01-19 02:00:00,core,near,core->near,normal,post_recovery,weekday,52,0,0,0,0,0.0,0.0
2018-01-19,2018-01-19 02:00:00,core,outer,core->outer,normal,post_recovery,weekday,52,0,0,0,0,0.0,0.0
2018-01-19,2018-01-19 02:00:00,near,core,near->core,normal,post_recovery,weekday,52,4,1,0,0,0.0,0.0
2018-01-19,2018-01-19 02:00:00,near,outer,near->outer,normal,post_recovery,weekday,52,4,1,0,0,0.0,0.0
2018-01-19,2018-01-19 02:00:00,outer,core,outer->core,normal,post_recovery,weekday,52,3,2,0,0,0.0,0.0
2018-01-19,2018-01-19 02:00:00,outer,near,outer->near,normal,post_recovery,weekday,52,3,2,0,0,0.0,0.0
2018-01-19,2018-01-19 03:00:00,core,near,core->near,normal,post_recovery,weekday,52,2,0,0,0,0.0,0.0
2018-01-19,2018-01-19 03:00:00,core,outer,core->outer,normal,post_recovery,weekday,52,2,0,0,0,0.0,0.0
2018-01-19,2018-01-19 03:00:00,near,core,near->core,normal,post_recovery,weekday,52,1,0,0,0,0.0,0.0
2018-01-19,2018-01-19 03:00:00,near,outer,near->outer,normal,post_recovery,weekday,52,1,0,0,0,0.0,0.0
2018-01-19,2018-01-19 03:00:00,outer,core,outer->core,normal,post_recovery,weekday,52,2,2,0,0,0.0,0.0
2018-01-19,2018-01-19 03:00:00,outer,near,outer->near,normal,post_recovery,weekday,52,2,2,0,0,0.0,0.0
2018-01-19,2018-01-19 04:00:00,core,near,core->near,normal,post_recovery,weekday,52,5,2,0,0,0.0,0.0
2018-01-19,2018-01-19 04:00:00,core,outer,core->outer,normal,post_recovery,weekday,52,5,2,0,0,0.0,0.0
2018-01-19,2018-01-19 04:00:00,near,core,near->core,normal,post_recovery,weekday,52,4,0,0,0,0.0,0.0
2018-01-19,2018-01-19 04:00:00,near,outer,near->outer,normal,post_recovery,weekday,52,4,0,0,0,0.0,0.0
2018-01-19,2018-01-19 04:00:00,outer,core,outer->core,normal,post_recovery,weekday,52,2,2,0,0,0.0,0.0
2018-01-19,2018-01-19 04:00:00,outer,near,outer->near,normal,post_recovery,weekday,52,2,2,0,0,0.0,0.0
2018-01-19,2018-01-19 05:00:00,core,near,core->near,normal,post_recovery,weekday,52,2,2,0,0,0.0,0.0
2018-01-19,2018-01-19 05:00:00,core,outer,core->outer,normal,post_recovery,weekday,52,2,2,0,0,0.0,0.0
2018-01-19,2018-01-19 05:00:00,near,core,near->core,normal,post_recovery,weekday,52,2,2,0,0,0.0,0.0
2018-01-19,2018-01-19 05:00:00,near,outer,near->outer,normal,post_recovery,weekday,52,2,2,0,0,0.0,0.0
2018-01-19,2018-01-19 05:00:00,outer,core,outer->core,normal,post_recovery,weekday,52,3,3,1,0,0.0,0.0
2018-01-19,2018-01-19 05:00:00,outer,near,outer->near,normal,post_recovery,weekday,52,3,3,1,1,0.3333333333333333,0.3333333333333333
2018-01-19,2018-01-19 06:00:00,core,near,core->near,normal,post_recovery,weekday,52,14,14,3,2,0.14285714285714285,0.14285714285714285
2018-01-19,2018-01-19 06:00:00,core,outer,core->outer,normal,post_recovery,weekday,52,14,14,3,1,0.07142857142857142,0.07142857142857142
2018-01-19,2018-01-19 06:00:00,near,core,near->core,normal,post_recovery,weekday,52,12,11,1,0,0.0,0.0
2018-01-19,2018-01-19 06:00:00,near,outer,near->outer,normal,post_recovery,weekday,52,12,11,1,1,0.08333333333333333,0.09090909090909091
2018-01-19,2018-01-19 06:00:00,outer,core,outer->core,normal,post_recovery,weekday,52,3,3,0,0,0.0,0.0
2018-01-19,2018-01-19 06:00:00,outer,near,outer->near,normal,post_recovery,weekday,52,3,3,0,0,0.0,0.0
2018-01-19,2018-01-19 07:00:00,core,near,core->near,normal,post_recovery,weekday,52,12,12,2,2,0.16666666666666666,0.16666666666666666
2018-01-19,2018-01-19 07:00:00,core,outer,core->outer,normal,post_recovery,weekday,52,12,12,2,0,0.0,0.0
2018-01-19,2018-01-19 07:00:00,near,core,near->core,normal,post_recovery,weekday,52,18,17,2,2,0.1111111111111111,0.11764705882352941
2018-01-19,2018-01-19 07:00:00,near,outer,near->outer,normal,post_recovery,weekday,52,18,17,2,0,0.0,0.0
2018-01-19,2018-01-19 07:00:00,outer,core,outer->core,normal,post_recovery,weekday,52,5,3,0,0,0.0,0.0
2018-01-19,2018-01-19 07:00:00,outer,near,outer->near,normal,post_recovery,weekday,52,5,3,0,0,0.0,0.0
2018-01-19,2018-01-19 08:00:00,core,near,core->near,normal,post_recovery,weekday,52,12,12,0,0,0.0,0.0
2018-01-19,2018-01-19 08:00:00,core,outer,core->outer,normal,post_recovery,weekday,52,12,12,0,0,0.0,0.0
2018-01-19,2018-01-19 08:00:00,near,core,near->core,normal,post_recovery,weekday,52,21,21,1,1,0.047619047619047616,0.047619047619047616
2018-01-19,2018-01-19 08:00:00,near,outer,near->outer,normal,post_recovery,weekday,52,21,21,1,0,0.0,0.0
2018-01-19,2018-01-19 08:00:00,outer,core,outer->core,normal,post_recovery,weekday,52,3,3,0,0,0.0,0.0
2018-01-19,2018-01-19 08:00:00,outer,near,outer->near,normal,post_recovery,weekday,52,3,3,0,0,0.0,0.0
2018-01-19,2018-01-19 09:00:00,core,near,core->near,normal,post_recovery,weekday,52,13,13,2,2,0.15384615384615385,0.15384615384615385
2018-01-19,2018-01-19 09:00:00,core,outer,core->outer,normal,post_recovery,weekday,52,13,13,2,0,0.0,0.0
2018-01-19,2018-01-19 09:00:00,near,core,near->core,normal,post_recovery,weekday,52,20,20,1,1,0.05,0.05
2018-01-19,2018-01-19 09:00:00,near,outer,near->outer,normal,post_recovery,weekday,52,20,20,1,0,0.0,0.0
2018-01-19,2018-01-19 09:00:00,outer,core,outer->core,normal,post_recovery,weekday,52,4,4,0,0,0.0,0.0
2018-01-19,2018-01-19 09:00:00,outer,near,outer->near,normal,post_recovery,weekday,52,4,4,0,0,0.0,0.0
2018-01-19,2018-01-19 10:00:00,core,near,core->near,normal,post_recovery,weekday,52,13,13,2,2,0.15384615384615385,0.15384615384615385
2018-01-19,2018-01-19 10:00:00,core,outer,core->outer,normal,post_recovery,weekday,52,13,13,2,0,0.0,0.0
2018-01-19,2018-01-19 10:00:00,near,core,near->core,normal,post_recovery,weekday,52,21,21,2,2,0.09523809523809523,0.09523809523809523
2018-01-19,2018-01-19 10:00:00,near,outer,near->outer,normal,post_recovery,weekday,52,21,21,2,0,0.0,0.0
2018-01-19,2018-01-19 10:00:00,outer,core,outer->core,normal,post_recovery,weekday,52,5,5,3,2,0.4,0.4
2018-01-19,2018-01-19 10:00:00,outer,near,outer->near,normal,post_recovery,weekday,52,5,5,3,1,0.2,0.2
2018-01-19,2018-01-19 11:00:00,core,near,core->near,normal,post_recovery,weekday,52,15,15,1,1,0.06666666666666667,0.06666666666666667
2018-01-19,2018-01-19 11:00:00,core,outer,core->outer,normal,post_recovery,weekday,52,15,15,1,0,0.0,0.0
2018-01-19,2018-01-19 11:00:00,near,core,near->core,normal,post_recovery,weekday,52,22,21,2,0,0.0,0.0
2018-01-19,2018-01-19 11:00:00,near,outer,near->outer,normal,post_recovery,weekday,52,22,21,2,2,0.09090909090909091,0.09523809523809523
2018-01-19,2018-01-19 11:00:00,outer,core,outer->core,normal,post_recovery,weekday,52,2,2,0,0,0.0,0.0
2018-01-19,2018-01-19 11:00:00,outer,near,outer->near,normal,post_recovery,weekday,52,2,2,0,0,0.0,0.0
2018-01-19,2018-01-19 12:00:00,core,near,core->near,normal,post_recovery,weekday,52,14,14,0,0,0.0,0.0
2018-01-19,2018-01-19 12:00:00,core,outer,core->outer,normal,post_recovery,weekday,52,14,14,0,0,0.0,0.0
2018-01-19,2018-01-19 12:00:00,near,core,near->core,normal,post_recovery,weekday,52,20,20,1,0,0.0,0.0
2018-01-19,2018-01-19 12:00:00,near,outer,near->outer,normal,post_recovery,weekday,52,20,20,1,1,0.05,0.05
2018-01-19,2018-01-19 12:00:00,outer,core,outer->core,normal,post_recovery,weekday,52,5,5,0,0,0.0,0.0
2018-01-19,2018-01-19 12:00:00,outer,near,outer->near,normal,post_recovery,weekday,52,5,5,0,0,0.0,0.0
2018-01-19,2018-01-19 13:00:00,core,near,core->near,normal,post_recovery,weekday,52,14,14,4,4,0.2857142857142857,0.2857142857142857
2018-01-19,2018-01-19 13:00:00,core,outer,core->outer,normal,post_recovery,weekday,52,14,14,4,0,0.0,0.0
2018-01-19,2018-01-19 13:00:00,near,core,near->core,normal,post_recovery,weekday,52,20,20,1,1,0.05,0.05
2018-01-19,2018-01-19 13:00:00,near,outer,near->outer,normal,post_recovery,weekday,52,20,20,1,0,0.0,0.0
2018-01-19,2018-01-19 13:00:00,outer,core,outer->core,normal,post_recovery,weekday,52,6,5,0,0,0.0,0.0
2018-01-19,2018-01-19 13:00:00,outer,near,outer->near,normal,post_recovery,weekday,52,6,5,0,0,0.0,0.0
2018-01-19,2018-01-19 14:00:00,core,near,core->near,normal,post_recovery,weekday,52,11,11,1,1,0.09090909090909091,0.09090909090909091
2018-01-19,2018-01-19 14:00:00,core,outer,core->outer,normal,post_recovery,weekday,52,11,11,1,0,0.0,0.0
2018-01-19,2018-01-19 14:00:00,near,core,near->core,normal,post_recovery,weekday,52,23,23,3,2,0.08695652173913043,0.08695652173913043
2018-01-19,2018-01-19 14:00:00,near,outer,near->outer,normal,post_recovery,weekday,52,23,23,3,1,0.043478260869565216,0.043478260869565216
2018-01-19,2018-01-19 14:00:00,outer,core,outer->core,normal,post_recovery,weekday,52,5,5,0,0,0.0,0.0
2018-01-19,2018-01-19 14:00:00,outer,near,outer->near,normal,post_recovery,weekday,52,5,5,0,0,0.0,0.0
2018-01-19,2018-01-19 15:00:00,core,near,core->near,normal,post_recovery,weekday,52,12,12,1,0,0.0,0.0
2018-01-19,2018-01-19 15:00:00,core,outer,core->outer,normal,post_recovery,weekday,52,12,12,1,1,0.08333333333333333,0.08333333333333333
2018-01-19,2018-01-19 15:00:00,near,core,near->core,normal,post_recovery,weekday,52,22,21,2,2,0.09090909090909091,0.09523809523809523
2018-01-19,2018-01-19 15:00:00,near,outer,near->outer,normal,post_recovery,weekday,52,22,21,2,0,0.0,0.0
2018-01-19,2018-01-19 15:00:00,outer,core,outer->core,normal,post_recovery,weekday,52,6,6,1,0,0.0,0.0
2018-01-19,2018-01-19 15:00:00,outer,near,outer->near,normal,post_recovery,weekday,52,6,6,1,1,0.16666666666666666,0.16666666666666666
2018-01-19,2018-01-19 16:00:00,core,near,core->near,normal,post_recovery,weekday,52,13,13,0,0,0.0,0.0
2018-01-19,2018-01-19 16:00:00,core,outer,core->outer,normal,post_recovery,weekday,52,13,13,0,0,0.0,0.0
2018-01-19,2018-01-19 16:00:00,near,core,near->core,normal,post_recovery,weekday,52,20,20,1,1,0.05,0.05
2018-01-19,2018-01-19 16:00:00,near,outer,near->outer,normal,post_recovery,weekday,52,20,20,1,0,0.0,0.0
2018-01-19,2018-01-19 16:00:00,outer,core,outer->core,normal,post_recovery,weekday,52,7,7,0,0,0.0,0.0
2018-01-19,2018-01-19 16:00:00,outer,near,outer->near,normal,post_recovery,weekday,52,7,7,0,0,0.0,0.0
2018-01-19,2018-01-19 17:00:00,core,near,core->near,normal,post_recovery,weekday,52,14,14,0,0,0.0,0.0
2018-01-19,2018-01-19 17:00:00,core,outer,core->outer,normal,post_recovery,weekday,52,14,14,0,0,0.0,0.0
2018-01-19,2018-01-19 17:00:00,near,core,near->core,normal,post_recovery,weekday,52,19,19,0,0,0.0,0.0
2018-01-19,2018-01-19 17:00:00,near,outer,near->outer,normal,post_recovery,weekday,52,19,19,0,0,0.0,0.0
2018-01-19,2018-01-19 17:00:00,outer,core,outer->core,normal,post_recovery,weekday,52,7,7,1,0,0.0,0.0
2018-01-19,2018-01-19 17:00:00,outer,near,outer->near,normal,post_recovery,weekday,52,7,7,1,1,0.14285714285714285,0.14285714285714285
2018-01-19,2018-01-19 18:00:00,core,near,core->near,normal,post_recovery,weekday,52,14,14,0,0,0.0,0.0
2018-01-19,2018-01-19 18:00:00,core,outer,core->outer,normal,post_recovery,weekday,52,14,14,0,0,0.0,0.0
2018-01-19,2018-01-19 18:00:00,near,core,near->core,normal,post_recovery,weekday,52,22,20,0,0,0.0,0.0
2018-01-19,2018-01-19 18:00:00,near,outer,near->outer,normal,post_recovery,weekday,52,22,20,0,0,0.0,0.0
2018-01-19,2018-01-19 18:00:00,outer,core,outer->core,normal,post_recovery,weekday,52,7,7,2,0,0.0,0.0
2018-01-19,2018-01-19 18:00:00,outer,near,outer->near,normal,post_recovery,weekday,52,7,7,2,2,0.2857142857142857,0.2857142857142857
2018-01-19,2018-01-19 19:00:00,core,near,core->near,normal,post_recovery,weekday,52,14,14,0,0,0.0,0.0
2018-01-19,2018-01-19 19:00:00,core,outer,core->outer,normal,post_recovery,weekday,52,14,14,0,0,0.0,0.0
2018-01-19,2018-01-19 19:00:00,near,core,near->core,normal,post_recovery,weekday,52,22,21,3,1,0.045454545454545456,0.047619047619047616
2018-01-19,2018-01-19 19:00:00,near,outer,near->outer,normal,post_recovery,weekday,52,22,21,3,2,0.09090909090909091,0.09523809523809523
2018-01-19,2018-01-19 19:00:00,outer,core,outer->core,normal,post_recovery,weekday,52,5,5,2,1,0.2,0.2
2018-01-19,2018-01-19 19:00:00,outer,near,outer->near,normal,post_recovery,weekday,52,5,5,2,1,0.2,0.2
2018-01-19,2018-01-19 20:00:00,core,near,core->near,normal,post_recovery,weekday,52,16,16,1,0,0.0,0.0
2018-01-19,2018-01-19 20:00:00,core,outer,core->outer,normal,post_recovery,weekday,52,16,16,1,1,0.0625,0.0625
2018-01-19,2018-01-19 20:00:00,near,core,near->core,normal,post_recovery,weekday,52,19,19,0,0,0.0,0.0
2018-01-19,2018-01-19 20:00:00,near,outer,near->outer,normal,post_recovery,weekday,52,19,19,0,0,0.0,0.0
2018-01-19,2018-01-19 20:00:00,outer,core,outer->core,normal,post_recovery,weekday,52,6,5,0,0,0.0,0.0
2018-01-19,2018-01-19 20:00:00,outer,near,outer->near,normal,post_recovery,weekday,52,6,5,0,0,0.0,0.0
2018-01-19,2018-01-19 21:00:00,core,near,core->near,normal,post_recovery,weekday,52,15,15,2,2,0.13333333333333333,0.13333333333333333
2018-01-19,2018-01-19 21:00:00,core,outer,core->outer,normal,post_recovery,weekday,52,15,15,2,0,0.0,0.0
2018-01-19,2018-01-19 21:00:00,near,core,near->core,normal,post_recovery,weekday,52,19,19,0,0,0.0,0.0
2018-01-19,2018-01-19 21:00:00,near,outer,near->outer,normal,post_recovery,weekday,52,19,19,0,0,0.0,0.0
2018-01-19,2018-01-19 21:00:00,outer,core,outer->core,normal,post_recovery,weekday,52,9,7,0,0,0.0,0.0
2018-01-19,2018-01-19 21:00:00,outer,near,outer->near,normal,post_recovery,weekday,52,9,7,0,0,0.0,0.0
2018-01-19,2018-01-19 22:00:00,core,near,core->near,normal,post_recovery,weekday,52,13,13,4,4,0.3076923076923077,0.3076923076923077
2018-01-19,2018-01-19 22:00:00,core,outer,core->outer,normal,post_recovery,weekday,52,13,13,4,0,0.0,0.0
2018-01-19,2018-01-19 22:00:00,near,core,near->core,normal,post_recovery,weekday,52,21,21,0,0,0.0,0.0
2018-01-19,2018-01-19 22:00:00,near,outer,near->outer,normal,post_recovery,weekday,52,21,21,0,0,0.0,0.0
2018-01-19,2018-01-19 22:00:00,outer,core,outer->core,normal,post_recovery,weekday,52,7,7,0,0,0.0,0.0
2018-01-19,2018-01-19 22:00:00,outer,near,outer->near,normal,post_recovery,weekday,52,7,7,0,0,0.0,0.0
2018-01-19,2018-01-19 23:00:00,core,near,core->near,normal,post_recovery,weekday,52,9,9,1,0,0.0,0.0
2018-01-19,2018-01-19 23:00:00,core,outer,core->outer,normal,post_recovery,weekday,52,9,9,1,1,0.1111111111111111,0.1111111111111111
2018-01-19,2018-01-19 23:00:00,near,core,near->core,normal,post_recovery,weekday,52,25,25,5,5,0.2,0.2
2018-01-19,2018-01-19 23:00:00,near,outer,near->outer,normal,post_recovery,weekday,52,25,25,5,0,0.0,0.0
2018-01-19,2018-01-19 23:00:00,outer,core,outer->core,normal,post_recovery,weekday,52,7,7,0,0,0.0,0.0
2018-01-19,2018-01-19 23:00:00,outer,near,outer->near,normal,post_recovery,weekday,52,7,7,0,0,0.0,0.0
2018-01-20,2018-01-20 00:00:00,core,near,core->near,normal,post_recovery,weekend,55,13,13,0,0,0.0,0.0
2018-01-20,2018-01-20 00:00:00,core,outer,core->outer,normal,post_recovery,weekend,55,13,13,0,0,0.0,0.0
2018-01-20,2018-01-20 00:00:00,near,core,near->core,normal,post_recovery,weekend,55,20,20,1,1,0.05,0.05
2018-01-20,2018-01-20 00:00:00,near,outer,near->outer,normal,post_recovery,weekend,55,20,20,1,0,0.0,0.0
2018-01-20,2018-01-20 00:00:00,outer,core,outer->core,normal,post_recovery,weekend,55,8,8,0,0,0.0,0.0
2018-01-20,2018-01-20 00:00:00,outer,near,outer->near,normal,post_recovery,weekend,55,8,8,0,0,0.0,0.0
2018-01-20,2018-01-20 01:00:00,core,near,core->near,normal,post_recovery,weekend,55,14,14,0,0,0.0,0.0
2018-01-20,2018-01-20 01:00:00,core,outer,core->outer,normal,post_recovery,weekend,55,14,14,0,0,0.0,0.0
2018-01-20,2018-01-20 01:00:00,near,core,near->core,normal,post_recovery,weekend,55,19,19,1,1,0.05263157894736842,0.05263157894736842
2018-01-20,2018-01-20 01:00:00,near,outer,near->outer,normal,post_recovery,weekend,55,19,19,1,0,0.0,0.0
2018-01-20,2018-01-20 01:00:00,outer,core,outer->core,normal,post_recovery,weekend,55,10,9,5,1,0.1,0.1111111111111111
2018-01-20,2018-01-20 01:00:00,outer,near,outer->near,normal,post_recovery,weekend,55,10,9,5,4,0.4,0.4444444444444444
2018-01-20,2018-01-20 02:00:00,core,near,core->near,normal,post_recovery,weekend,55,16,16,2,2,0.125,0.125
2018-01-20,2018-01-20 02:00:00,core,outer,core->outer,normal,post_recovery,weekend,55,16,16,2,0,0.0,0.0
2018-01-20,2018-01-20 02:00:00,near,core,near->core,normal,post_recovery,weekend,55,22,22,1,1,0.045454545454545456,0.045454545454545456
2018-01-20,2018-01-20 02:00:00,near,outer,near->outer,normal,post_recovery,weekend,55,22,22,1,0,0.0,0.0
2018-01-20,2018-01-20 02:00:00,outer,core,outer->core,normal,post_recovery,weekend,55,4,4,0,0,0.0,0.0
2018-01-20,2018-01-20 02:00:00,outer,near,outer->near,normal,post_recovery,weekend,55,4,4,0,0,0.0,0.0
2018-01-20,2018-01-20 03:00:00,core,near,core->near,normal,post_recovery,weekend,55,15,15,0,0,0.0,0.0
2018-01-20,2018-01-20 03:00:00,core,outer,core->outer,normal,post_recovery,weekend,55,15,15,0,0,0.0,0.0
2018-01-20,2018-01-20 03:00:00,near,core,near->core,normal,post_recovery,weekend,55,23,23,1,1,0.043478260869565216,0.043478260869565216
2018-01-20,2018-01-20 03:00:00,near,outer,near->outer,normal,post_recovery,weekend,55,23,23,1,0,0.0,0.0
2018-01-20,2018-01-20 03:00:00,outer,core,outer->core,normal,post_recovery,weekend,55,5,5,0,0,0.0,0.0
2018-01-20,2018-01-20 03:00:00,outer,near,outer->near,normal,post_recovery,weekend,55,5,5,0,0,0.0,0.0
2018-01-20,2018-01-20 04:00:00,core,near,core->near,normal,post_recovery,weekend,55,16,16,0,0,0.0,0.0
2018-01-20,2018-01-20 04:00:00,core,outer,core->outer,normal,post_recovery,weekend,55,16,16,0,0,0.0,0.0
2018-01-20,2018-01-20 04:00:00,near,core,near->core,normal,post_recovery,weekend,55,22,22,0,0,0.0,0.0
2018-01-20,2018-01-20 04:00:00,near,outer,near->outer,normal,post_recovery,weekend,55,22,22,0,0,0.0,0.0
2018-01-20,2018-01-20 04:00:00,outer,core,outer->core,normal,post_recovery,weekend,55,6,6,1,0,0.0,0.0
2018-01-20,2018-01-20 04:00:00,outer,near,outer->near,normal,post_recovery,weekend,55,6,6,1,1,0.16666666666666666,0.16666666666666666
2018-01-20,2018-01-20 05:00:00,core,near,core->near,normal,post_recovery,weekend,55,16,16,0,0,0.0,0.0
2018-01-20,2018-01-20 05:00:00,core,outer,core->outer,normal,post_recovery,weekend,55,16,16,0,0,0.0,0.0
2018-01-20,2018-01-20 05:00:00,near,core,near->core,normal,post_recovery,weekend,55,23,23,0,0,0.0,0.0
2018-01-20,2018-01-20 05:00:00,near,outer,near->outer,normal,post_recovery,weekend,55,23,23,0,0,0.0,0.0
2018-01-20,2018-01-20 05:00:00,outer,core,outer->core,normal,post_recovery,weekend,55,6,6,2,0,0.0,0.0
2018-01-20,2018-01-20 05:00:00,outer,near,outer->near,normal,post_recovery,weekend,55,6,6,2,2,0.3333333333333333,0.3333333333333333
2018-01-20,2018-01-20 06:00:00,core,near,core->near,normal,post_recovery,weekend,55,16,16,5,2,0.125,0.125
2018-01-20,2018-01-20 06:00:00,core,outer,core->outer,normal,post_recovery,weekend,55,16,16,5,3,0.1875,0.1875
2018-01-20,2018-01-20 06:00:00,near,core,near->core,normal,post_recovery,weekend,55,25,25,1,1,0.04,0.04
2018-01-20,2018-01-20 06:00:00,near,outer,near->outer,normal,post_recovery,weekend,55,25,25,1,0,0.0,0.0
2018-01-20,2018-01-20 06:00:00,outer,core,outer->core,normal,post_recovery,weekend,55,4,4,1,0,0.0,0.0
2018-01-20,2018-01-20 06:00:00,outer,near,outer->near,normal,post_recovery,weekend,55,4,4,1,1,0.25,0.25
2018-01-20,2018-01-20 07:00:00,core,near,core->near,normal,post_recovery,weekend,55,12,12,2,1,0.08333333333333333,0.08333333333333333
2018-01-20,2018-01-20 07:00:00,core,outer,core->outer,normal,post_recovery,weekend,55,12,12,2,1,0.08333333333333333,0.08333333333333333
2018-01-20,2018-01-20 07:00:00,near,core,near->core,normal,post_recovery,weekend,55,27,27,3,2,0.07407407407407407,0.07407407407407407
2018-01-20,2018-01-20 07:00:00,near,outer,near->outer,normal,post_recovery,weekend,55,27,27,3,1,0.037037037037037035,0.037037037037037035
2018-01-20,2018-01-20 07:00:00,outer,core,outer->core,normal,post_recovery,weekend,55,8,8,3,0,0.0,0.0
2018-01-20,2018-01-20 07:00:00,outer,near,outer->near,normal,post_recovery,weekend,55,8,8,3,3,0.375,0.375
2018-01-20,2018-01-20 08:00:00,core,near,core->near,normal,post_recovery,weekend,55,12,12,0,0,0.0,0.0
2018-01-20,2018-01-20 08:00:00,core,outer,core->outer,normal,post_recovery,weekend,55,12,12,0,0,0.0,0.0
2018-01-20,2018-01-20 08:00:00,near,core,near->core,normal,post_recovery,weekend,55,28,28,3,0,0.0,0.0
2018-01-20,2018-01-20 08:00:00,near,outer,near->outer,normal,post_recovery,weekend,55,28,28,3,3,0.10714285714285714,0.10714285714285714
2018-01-20,2018-01-20 08:00:00,outer,core,outer->core,normal,post_recovery,weekend,55,7,6,2,0,0.0,0.0
2018-01-20,2018-01-20 08:00:00,outer,near,outer->near,normal,post_recovery,weekend,55,7,6,2,2,0.2857142857142857,0.3333333333333333
2018-01-20,2018-01-20 09:00:00,core,near,core->near,normal,post_recovery,weekend,55,12,12,0,0,0.0,0.0
2018-01-20,2018-01-20 09:00:00,core,outer,core->outer,normal,post_recovery,weekend,55,12,12,0,0,0.0,0.0
2018-01-20,2018-01-20 09:00:00,near,core,near->core,normal,post_recovery,weekend,55,29,27,3,3,0.10344827586206896,0.1111111111111111
2018-01-20,2018-01-20 09:00:00,near,outer,near->outer,normal,post_recovery,weekend,55,29,27,3,0,0.0,0.0
2018-01-20,2018-01-20 09:00:00,outer,core,outer->core,normal,post_recovery,weekend,55,7,7,3,0,0.0,0.0
2018-01-20,2018-01-20 09:00:00,outer,near,outer->near,normal,post_recovery,weekend,55,7,7,3,3,0.42857142857142855,0.42857142857142855
2018-01-20,2018-01-20 10:00:00,core,near,core->near,normal,post_recovery,weekend,55,15,15,6,5,0.3333333333333333,0.3333333333333333
2018-01-20,2018-01-20 10:00:00,core,outer,core->outer,normal,post_recovery,weekend,55,15,15,6,1,0.06666666666666667,0.06666666666666667
2018-01-20,2018-01-20 10:00:00,near,core,near->core,normal,post_recovery,weekend,55,27,27,0,0,0.0,0.0
2018-01-20,2018-01-20 10:00:00,near,outer,near->outer,normal,post_recovery,weekend,55,27,27,0,0,0.0,0.0
2018-01-20,2018-01-20 10:00:00,outer,core,outer->core,normal,post_recovery,weekend,55,4,4,0,0,0.0,0.0
2018-01-20,2018-01-20 10:00:00,outer,near,outer->near,normal,post_recovery,weekend,55,4,4,0,0,0.0,0.0
2018-01-20,2018-01-20 11:00:00,core,near,core->near,normal,post_recovery,weekend,55,9,9,2,2,0.2222222222222222,0.2222222222222222
2018-01-20,2018-01-20 11:00:00,core,outer,core->outer,normal,post_recovery,weekend,55,9,9,2,0,0.0,0.0
2018-01-20,2018-01-20 11:00:00,near,core,near->core,normal,post_recovery,weekend,55,32,32,6,4,0.125,0.125
2018-01-20,2018-01-20 11:00:00,near,outer,near->outer,normal,post_recovery,weekend,55,32,32,6,2,0.0625,0.0625
2018-01-20,2018-01-20 11:00:00,outer,core,outer->core,normal,post_recovery,weekend,55,5,5,1,1,0.2,0.2
2018-01-20,2018-01-20 11:00:00,outer,near,outer->near,normal,post_recovery,weekend,55,5,5,1,0,0.0,0.0
2018-01-20,2018-01-20 12:00:00,core,near,core->near,normal,post_recovery,weekend,55,12,12,1,0,0.0,0.0
2018-01-20,2018-01-20 12:00:00,core,outer,core->outer,normal,post_recovery,weekend,55,12,12,1,1,0.08333333333333333,0.08333333333333333
2018-01-20,2018-01-20 12:00:00,near,core,near->core,normal,post_recovery,weekend,55,29,28,1,1,0.034482758620689655,0.03571428571428571
2018-01-20,2018-01-20 12:00:00,near,outer,near->outer,normal,post_recovery,weekend,55,29,28,1,0,0.0,0.0
2018-01-20,2018-01-20 12:00:00,outer,core,outer->core,normal,post_recovery,weekend,55,6,6,0,0,0.0,0.0
2018-01-20,2018-01-20 12:00:00,outer,near,outer->near,normal,post_recovery,weekend,55,6,6,0,0,0.0,0.0
2018-01-20,2018-01-20 13:00:00,core,near,core->near,normal,post_recovery,weekend,55,12,12,0,0,0.0,0.0
2018-01-20,2018-01-20 13:00:00,core,outer,core->outer,normal,post_recovery,weekend,55,12,12,0,0,0.0,0.0
2018-01-20,2018-01-20 13:00:00,near,core,near->core,normal,post_recovery,weekend,55,28,28,0,0,0.0,0.0
2018-01-20,2018-01-20 13:00:00,near,outer,near->outer,normal,post_recovery,weekend,55,28,28,0,0,0.0,0.0
2018-01-20,2018-01-20 13:00:00,outer,core,outer->core,normal,post_recovery,weekend,55,8,7,0,0,0.0,0.0
2018-01-20,2018-01-20 13:00:00,outer,near,outer->near,normal,post_recovery,weekend,55,8,7,0,0,0.0,0.0
2018-01-20,2018-01-20 14:00:00,core,near,core->near,normal,post_recovery,weekend,55,12,12,1,1,0.08333333333333333,0.08333333333333333
2018-01-20,2018-01-20 14:00:00,core,outer,core->outer,normal,post_recovery,weekend,55,12,12,1,0,0.0,0.0
2018-01-20,2018-01-20 14:00:00,near,core,near->core,normal,post_recovery,weekend,55,28,28,0,0,0.0,0.0
2018-01-20,2018-01-20 14:00:00,near,outer,near->outer,normal,post_recovery,weekend,55,28,28,0,0,0.0,0.0
2018-01-20,2018-01-20 14:00:00,outer,core,outer->core,normal,post_recovery,weekend,55,7,7,2,0,0.0,0.0
2018-01-20,2018-01-20 14:00:00,outer,near,outer->near,normal,post_recovery,weekend,55,7,7,2,2,0.2857142857142857,0.2857142857142857
2018-01-20,2018-01-20 15:00:00,core,near,core->near,normal,post_recovery,weekend,55,11,11,2,2,0.18181818181818182,0.18181818181818182
2018-01-20,2018-01-20 15:00:00,core,outer,core->outer,normal,post_recovery,weekend,55,11,11,2,0,0.0,0.0
2018-01-20,2018-01-20 15:00:00,near,core,near->core,normal,post_recovery,weekend,55,31,31,3,3,0.0967741935483871,0.0967741935483871
2018-01-20,2018-01-20 15:00:00,near,outer,near->outer,normal,post_recovery,weekend,55,31,31,3,0,0.0,0.0
2018-01-20,2018-01-20 15:00:00,outer,core,outer->core,normal,post_recovery,weekend,55,5,5,0,0,0.0,0.0
2018-01-20,2018-01-20 15:00:00,outer,near,outer->near,normal,post_recovery,weekend,55,5,5,0,0,0.0,0.0
2018-01-20,2018-01-20 16:00:00,core,near,core->near,normal,post_recovery,weekend,55,12,11,2,2,0.16666666666666666,0.18181818181818182
2018-01-20,2018-01-20 16:00:00,core,outer,core->outer,normal,post_recovery,weekend,55,12,11,2,0,0.0,0.0
2018-01-20,2018-01-20 16:00:00,near,core,near->core,normal,post_recovery,weekend,55,31,31,2,2,0.06451612903225806,0.06451612903225806
2018-01-20,2018-01-20 16:00:00,near,outer,near->outer,normal,post_recovery,weekend,55,31,31,2,0,0.0,0.0
2018-01-20,2018-01-20 16:00:00,outer,core,outer->core,normal,post_recovery,weekend,55,5,5,0,0,0.0,0.0
2018-01-20,2018-01-20 16:00:00,outer,near,outer->near,normal,post_recovery,weekend,55,5,5,0,0,0.0,0.0
2018-01-20,2018-01-20 17:00:00,core,near,core->near,normal,post_recovery,weekend,55,11,11,1,1,0.09090909090909091,0.09090909090909091
2018-01-20,2018-01-20 17:00:00,core,outer,core->outer,normal,post_recovery,weekend,55,11,11,1,0,0.0,0.0
2018-01-20,2018-01-20 17:00:00,near,core,near->core,normal,post_recovery,weekend,55,31,31,3,2,0.06451612903225806,0.06451612903225806
2018-01-20,2018-01-20 17:00:00,near,outer,near->outer,normal,post_recovery,weekend,55,31,31,3,1,0.03225806451612903,0.03225806451612903
2018-01-20,2018-01-20 17:00:00,outer,core,outer->core,normal,post_recovery,weekend,55,5,5,0,0,0.0,0.0
2018-01-20,2018-01-20 17:00:00,outer,near,outer->near,normal,post_recovery,weekend,55,5,5,0,0,0.0,0.0
2018-01-20,2018-01-20 18:00:00,core,near,core->near,normal,post_recovery,weekend,55,12,12,1,1,0.08333333333333333,0.08333333333333333
2018-01-20,2018-01-20 18:00:00,core,outer,core->outer,normal,post_recovery,weekend,55,12,12,1,0,0.0,0.0
2018-01-20,2018-01-20 18:00:00,near,core,near->core,normal,post_recovery,weekend,55,29,29,2,2,0.06896551724137931,0.06896551724137931
2018-01-20,2018-01-20 18:00:00,near,outer,near->outer,normal,post_recovery,weekend,55,29,29,2,0,0.0,0.0
2018-01-20,2018-01-20 18:00:00,outer,core,outer->core,normal,post_recovery,weekend,55,6,6,2,2,0.3333333333333333,0.3333333333333333
2018-01-20,2018-01-20 18:00:00,outer,near,outer->near,normal,post_recovery,weekend,55,6,6,2,0,0.0,0.0
2018-01-20,2018-01-20 19:00:00,core,near,core->near,normal,post_recovery,weekend,55,16,16,4,3,0.1875,0.1875
2018-01-20,2018-01-20 19:00:00,core,outer,core->outer,normal,post_recovery,weekend,55,16,16,4,1,0.0625,0.0625
2018-01-20,2018-01-20 19:00:00,near,core,near->core,normal,post_recovery,weekend,55,28,27,1,1,0.03571428571428571,0.037037037037037035
2018-01-20,2018-01-20 19:00:00,near,outer,near->outer,normal,post_recovery,weekend,55,28,27,1,0,0.0,0.0
2018-01-20,2018-01-20 19:00:00,outer,core,outer->core,normal,post_recovery,weekend,55,4,4,1,1,0.25,0.25
2018-01-20,2018-01-20 19:00:00,outer,near,outer->near,normal,post_recovery,weekend,55,4,4,1,0,0.0,0.0
2018-01-20,2018-01-20 20:00:00,core,near,core->near,normal,post_recovery,weekend,55,14,14,1,1,0.07142857142857142,0.07142857142857142
2018-01-20,2018-01-20 20:00:00,core,outer,core->outer,normal,post_recovery,weekend,55,14,14,1,0,0.0,0.0
2018-01-20,2018-01-20 20:00:00,near,core,near->core,normal,post_recovery,weekend,55,30,28,0,0,0.0,0.0
2018-01-20,2018-01-20 20:00:00,near,outer,near->outer,normal,post_recovery,weekend,55,30,28,0,0,0.0,0.0
2018-01-20,2018-01-20 20:00:00,outer,core,outer->core,normal,post_recovery,weekend,55,4,4,0,0,0.0,0.0
2018-01-20,2018-01-20 20:00:00,outer,near,outer->near,normal,post_recovery,weekend,55,4,4,0,0,0.0,0.0
2018-01-20,2018-01-20 21:00:00,core,near,core->near,normal,post_recovery,weekend,55,13,13,3,3,0.23076923076923078,0.23076923076923078
2018-01-20,2018-01-20 21:00:00,core,outer,core->outer,normal,post_recovery,weekend,55,13,13,3,0,0.0,0.0
2018-01-20,2018-01-20 21:00:00,near,core,near->core,normal,post_recovery,weekend,55,29,29,0,0,0.0,0.0
2018-01-20,2018-01-20 21:00:00,near,outer,near->outer,normal,post_recovery,weekend,55,29,29,0,0,0.0,0.0
2018-01-20,2018-01-20 21:00:00,outer,core,outer->core,normal,post_recovery,weekend,55,4,4,0,0,0.0,0.0
2018-01-20,2018-01-20 21:00:00,outer,near,outer->near,normal,post_recovery,weekend,55,4,4,0,0,0.0,0.0
2018-01-20,2018-01-20 22:00:00,core,near,core->near,normal,post_recovery,weekend,55,10,10,2,2,0.2,0.2
2018-01-20,2018-01-20 22:00:00,core,outer,core->outer,normal,post_recovery,weekend,55,10,10,2,0,0.0,0.0
2018-01-20,2018-01-20 22:00:00,near,core,near->core,normal,post_recovery,weekend,55,32,32,1,1,0.03125,0.03125
2018-01-20,2018-01-20 22:00:00,near,outer,near->outer,normal,post_recovery,weekend,55,32,32,1,0,0.0,0.0
2018-01-20,2018-01-20 22:00:00,outer,core,outer->core,normal,post_recovery,weekend,55,4,4,0,0,0.0,0.0
2018-01-20,2018-01-20 22:00:00,outer,near,outer->near,normal,post_recovery,weekend,55,4,4,0,0,0.0,0.0
2018-01-20,2018-01-20 23:00:00,core,near,core->near,normal,post_recovery,weekend,55,9,9,2,2,0.2222222222222222,0.2222222222222222
2018-01-20,2018-01-20 23:00:00,core,outer,core->outer,normal,post_recovery,weekend,55,9,9,2,0,0.0,0.0
2018-01-20,2018-01-20 23:00:00,near,core,near->core,normal,post_recovery,weekend,55,33,33,0,0,0.0,0.0
2018-01-20,2018-01-20 23:00:00,near,outer,near->outer,normal,post_recovery,weekend,55,33,33,0,0,0.0,0.0
2018-01-20,2018-01-20 23:00:00,outer,core,outer->core,normal,post_recovery,weekend,55,4,4,0,0,0.0,0.0
2018-01-20,2018-01-20 23:00:00,outer,near,outer->near,normal,post_recovery,weekend,55,4,4,0,0,0.0,0.0
2018-01-21,2018-01-21 00:00:00,core,near,core->near,normal,post_recovery,weekend,54,7,7,0,0,0.0,0.0
2018-01-21,2018-01-21 00:00:00,core,outer,core->outer,normal,post_recovery,weekend,54,7,7,0,0,0.0,0.0
2018-01-21,2018-01-21 00:00:00,near,core,near->core,normal,post_recovery,weekend,54,35,35,6,4,0.11428571428571428,0.11428571428571428
2018-01-21,2018-01-21 00:00:00,near,outer,near->outer,normal,post_recovery,weekend,54,35,35,6,2,0.05714285714285714,0.05714285714285714
2018-01-21,2018-01-21 00:00:00,outer,core,outer->core,normal,post_recovery,weekend,54,5,4,0,0,0.0,0.0
2018-01-21,2018-01-21 00:00:00,outer,near,outer->near,normal,post_recovery,weekend,54,5,4,0,0,0.0,0.0
2018-01-21,2018-01-21 01:00:00,core,near,core->near,normal,post_recovery,weekend,54,11,11,0,0,0.0,0.0
2018-01-21,2018-01-21 01:00:00,core,outer,core->outer,normal,post_recovery,weekend,54,11,11,0,0,0.0,0.0
2018-01-21,2018-01-21 01:00:00,near,core,near->core,normal,post_recovery,weekend,54,29,29,1,0,0.0,0.0
2018-01-21,2018-01-21 01:00:00,near,outer,near->outer,normal,post_recovery,weekend,54,29,29,1,1,0.034482758620689655,0.034482758620689655
2018-01-21,2018-01-21 01:00:00,outer,core,outer->core,normal,post_recovery,weekend,54,6,6,0,0,0.0,0.0
2018-01-21,2018-01-21 01:00:00,outer,near,outer->near,normal,post_recovery,weekend,54,6,6,0,0,0.0,0.0
2018-01-21,2018-01-21 02:00:00,core,near,core->near,normal,post_recovery,weekend,54,11,11,1,1,0.09090909090909091,0.09090909090909091
2018-01-21,2018-01-21 02:00:00,core,outer,core->outer,normal,post_recovery,weekend,54,11,11,1,0,0.0,0.0
2018-01-21,2018-01-21 02:00:00,near,core,near->core,normal,post_recovery,weekend,54,29,28,2,2,0.06896551724137931,0.07142857142857142
2018-01-21,2018-01-21 02:00:00,near,outer,near->outer,normal,post_recovery,weekend,54,29,28,2,0,0.0,0.0
2018-01-21,2018-01-21 02:00:00,outer,core,outer->core,normal,post_recovery,weekend,54,7,4,1,1,0.14285714285714285,0.25
2018-01-21,2018-01-21 02:00:00,outer,near,outer->near,normal,post_recovery,weekend,54,7,4,1,0,0.0,0.0
2018-01-21,2018-01-21 03:00:00,core,near,core->near,normal,post_recovery,weekend,54,13,13,3,2,0.15384615384615385,0.15384615384615385
2018-01-21,2018-01-21 03:00:00,core,outer,core->outer,normal,post_recovery,weekend,54,13,13,3,1,0.07692307692307693,0.07692307692307693
2018-01-21,2018-01-21 03:00:00,near,core,near->core,normal,post_recovery,weekend,54,27,27,1,1,0.037037037037037035,0.037037037037037035
2018-01-21,2018-01-21 03:00:00,near,outer,near->outer,normal,post_recovery,weekend,54,27,27,1,0,0.0,0.0
2018-01-21,2018-01-21 03:00:00,outer,core,outer->core,normal,post_recovery,weekend,54,4,4,0,0,0.0,0.0
2018-01-21,2018-01-21 03:00:00,outer,near,outer->near,normal,post_recovery,weekend,54,4,4,0,0,0.0,0.0
2018-01-21,2018-01-21 04:00:00,core,near,core->near,normal,post_recovery,weekend,54,11,11,1,1,0.09090909090909091,0.09090909090909091
2018-01-21,2018-01-21 04:00:00,core,outer,core->outer,normal,post_recovery,weekend,54,11,11,1,0,0.0,0.0
2018-01-21,2018-01-21 04:00:00,near,core,near->core,normal,post_recovery,weekend,54,29,28,2,1,0.034482758620689655,0.03571428571428571
2018-01-21,2018-01-21 04:00:00,near,outer,near->outer,normal,post_recovery,weekend,54,29,28,2,1,0.034482758620689655,0.03571428571428571
2018-01-21,2018-01-21 04:00:00,outer,core,outer->core,normal,post_recovery,weekend,54,5,5,0,0,0.0,0.0
2018-01-21,2018-01-21 04:00:00,outer,near,outer->near,normal,post_recovery,weekend,54,5,5,0,0,0.0,0.0
2018-01-21,2018-01-21 05:00:00,core,near,core->near,normal,post_recovery,weekend,54,11,11,0,0,0.0,0.0
2018-01-21,2018-01-21 05:00:00,core,outer,core->outer,normal,post_recovery,weekend,54,11,11,0,0,0.0,0.0
2018-01-21,2018-01-21 05:00:00,near,core,near->core,normal,post_recovery,weekend,54,27,27,1,1,0.037037037037037035,0.037037037037037035
2018-01-21,2018-01-21 05:00:00,near,outer,near->outer,normal,post_recovery,weekend,54,27,27,1,0,0.0,0.0
2018-01-21,2018-01-21 05:00:00,outer,core,outer->core,normal,post_recovery,weekend,54,6,6,3,1,0.16666666666666666,0.16666666666666666
2018-01-21,2018-01-21 05:00:00,outer,near,outer->near,normal,post_recovery,weekend,54,6,6,3,2,0.3333333333333333,0.3333333333333333
2018-01-21,2018-01-21 06:00:00,core,near,core->near,normal,post_recovery,weekend,54,13,13,0,0,0.0,0.0
2018-01-21,2018-01-21 06:00:00,core,outer,core->outer,normal,post_recovery,weekend,54,13,13,0,0,0.0,0.0
2018-01-21,2018-01-21 06:00:00,near,core,near->core,normal,post_recovery,weekend,54,28,28,1,1,0.03571428571428571,0.03571428571428571
2018-01-21,2018-01-21 06:00:00,near,outer,near->outer,normal,post_recovery,weekend,54,28,28,1,0,0.0,0.0
2018-01-21,2018-01-21 06:00:00,outer,core,outer->core,normal,post_recovery,weekend,54,3,3,0,0,0.0,0.0
2018-01-21,2018-01-21 06:00:00,outer,near,outer->near,normal,post_recovery,weekend,54,3,3,0,0,0.0,0.0
2018-01-21,2018-01-21 07:00:00,core,near,core->near,normal,post_recovery,weekend,54,14,14,0,0,0.0,0.0
2018-01-21,2018-01-21 07:00:00,core,outer,core->outer,normal,post_recovery,weekend,54,14,14,0,0,0.0,0.0
2018-01-21,2018-01-21 07:00:00,near,core,near->core,normal,post_recovery,weekend,54,27,27,1,1,0.037037037037037035,0.037037037037037035
2018-01-21,2018-01-21 07:00:00,near,outer,near->outer,normal,post_recovery,weekend,54,27,27,1,0,0.0,0.0
2018-01-21,2018-01-21 07:00:00,outer,core,outer->core,normal,post_recovery,weekend,54,3,3,0,0,0.0,0.0
2018-01-21,2018-01-21 07:00:00,outer,near,outer->near,normal,post_recovery,weekend,54,3,3,0,0,0.0,0.0
2018-01-21,2018-01-21 08:00:00,core,near,core->near,normal,post_recovery,weekend,54,15,15,2,2,0.13333333333333333,0.13333333333333333
2018-01-21,2018-01-21 08:00:00,core,outer,core->outer,normal,post_recovery,weekend,54,15,15,2,0,0.0,0.0
2018-01-21,2018-01-21 08:00:00,near,core,near->core,normal,post_recovery,weekend,54,27,25,0,0,0.0,0.0
2018-01-21,2018-01-21 08:00:00,near,outer,near->outer,normal,post_recovery,weekend,54,27,25,0,0,0.0,0.0
2018-01-21,2018-01-21 08:00:00,outer,core,outer->core,normal,post_recovery,weekend,54,4,4,1,0,0.0,0.0
2018-01-21,2018-01-21 08:00:00,outer,near,outer->near,normal,post_recovery,weekend,54,4,4,1,1,0.25,0.25
2018-01-21,2018-01-21 09:00:00,core,near,core->near,normal,post_recovery,weekend,54,13,13,1,1,0.07692307692307693,0.07692307692307693
2018-01-21,2018-01-21 09:00:00,core,outer,core->outer,normal,post_recovery,weekend,54,13,13,1,0,0.0,0.0
2018-01-21,2018-01-21 09:00:00,near,core,near->core,normal,post_recovery,weekend,54,28,28,0,0,0.0,0.0
2018-01-21,2018-01-21 09:00:00,near,outer,near->outer,normal,post_recovery,weekend,54,28,28,0,0,0.0,0.0
2018-01-21,2018-01-21 09:00:00,outer,core,outer->core,normal,post_recovery,weekend,54,3,3,1,1,0.3333333333333333,0.3333333333333333
2018-01-21,2018-01-21 09:00:00,outer,near,outer->near,normal,post_recovery,weekend,54,3,3,1,0,0.0,0.0
2018-01-21,2018-01-21 10:00:00,core,near,core->near,normal,post_recovery,weekend,54,13,13,2,1,0.07692307692307693,0.07692307692307693
2018-01-21,2018-01-21 10:00:00,core,outer,core->outer,normal,post_recovery,weekend,54,13,13,2,1,0.07692307692307693,0.07692307692307693
2018-01-21,2018-01-21 10:00:00,near,core,near->core,normal,post_recovery,weekend,54,30,28,1,1,0.03333333333333333,0.03571428571428571
2018-01-21,2018-01-21 10:00:00,near,outer,near->outer,normal,post_recovery,weekend,54,30,28,1,0,0.0,0.0
2018-01-21,2018-01-21 10:00:00,outer,core,outer->core,normal,post_recovery,weekend,54,2,2,0,0,0.0,0.0
2018-01-21,2018-01-21 10:00:00,outer,near,outer->near,normal,post_recovery,weekend,54,2,2,0,0,0.0,0.0
2018-01-21,2018-01-21 11:00:00,core,near,core->near,normal,post_recovery,weekend,54,12,12,1,1,0.08333333333333333,0.08333333333333333
2018-01-21,2018-01-21 11:00:00,core,outer,core->outer,normal,post_recovery,weekend,54,12,12,1,0,0.0,0.0
2018-01-21,2018-01-21 11:00:00,near,core,near->core,normal,post_recovery,weekend,54,28,28,0,0,0.0,0.0
2018-01-21,2018-01-21 11:00:00,near,outer,near->outer,normal,post_recovery,weekend,54,28,28,0,0,0.0,0.0
2018-01-21,2018-01-21 11:00:00,outer,core,outer->core,normal,post_recovery,weekend,54,3,3,0,0,0.0,0.0
2018-01-21,2018-01-21 11:00:00,outer,near,outer->near,normal,post_recovery,weekend,54,3,3,0,0,0.0,0.0
2018-01-21,2018-01-21 12:00:00,core,near,core->near,normal,post_recovery,weekend,54,11,11,0,0,0.0,0.0
2018-01-21,2018-01-21 12:00:00,core,outer,core->outer,normal,post_recovery,weekend,54,11,11,0,0,0.0,0.0
2018-01-21,2018-01-21 12:00:00,near,core,near->core,normal,post_recovery,weekend,54,30,29,3,2,0.06666666666666667,0.06896551724137931
2018-01-21,2018-01-21 12:00:00,near,outer,near->outer,normal,post_recovery,weekend,54,30,29,3,1,0.03333333333333333,0.034482758620689655
2018-01-21,2018-01-21 12:00:00,outer,core,outer->core,normal,post_recovery,weekend,54,3,3,0,0,0.0,0.0
2018-01-21,2018-01-21 12:00:00,outer,near,outer->near,normal,post_recovery,weekend,54,3,3,0,0,0.0,0.0
2018-01-21,2018-01-21 13:00:00,core,near,core->near,normal,post_recovery,weekend,54,13,13,3,0,0.0,0.0
2018-01-21,2018-01-21 13:00:00,core,outer,core->outer,normal,post_recovery,weekend,54,13,13,3,3,0.23076923076923078,0.23076923076923078
2018-01-21,2018-01-21 13:00:00,near,core,near->core,normal,post_recovery,weekend,54,27,26,0,0,0.0,0.0
2018-01-21,2018-01-21 13:00:00,near,outer,near->outer,normal,post_recovery,weekend,54,27,26,0,0,0.0,0.0
2018-01-21,2018-01-21 13:00:00,outer,core,outer->core,normal,post_recovery,weekend,54,4,3,0,0,0.0,0.0
2018-01-21,2018-01-21 13:00:00,outer,near,outer->near,normal,post_recovery,weekend,54,4,3,0,0,0.0,0.0
2018-01-21,2018-01-21 14:00:00,core,near,core->near,normal,post_recovery,weekend,54,10,10,3,2,0.2,0.2
2018-01-21,2018-01-21 14:00:00,core,outer,core->outer,normal,post_recovery,weekend,54,10,10,3,1,0.1,0.1
2018-01-21,2018-01-21 14:00:00,near,core,near->core,normal,post_recovery,weekend,54,26,26,0,0,0.0,0.0
2018-01-21,2018-01-21 14:00:00,near,outer,near->outer,normal,post_recovery,weekend,54,26,26,0,0,0.0,0.0
2018-01-21,2018-01-21 14:00:00,outer,core,outer->core,normal,post_recovery,weekend,54,6,6,0,0,0.0,0.0
2018-01-21,2018-01-21 14:00:00,outer,near,outer->near,normal,post_recovery,weekend,54,6,6,0,0,0.0,0.0
2018-01-21,2018-01-21 15:00:00,core,near,core->near,normal,post_recovery,weekend,54,7,7,1,1,0.14285714285714285,0.14285714285714285
2018-01-21,2018-01-21 15:00:00,core,outer,core->outer,normal,post_recovery,weekend,54,7,7,1,0,0.0,0.0
2018-01-21,2018-01-21 15:00:00,near,core,near->core,normal,post_recovery,weekend,54,28,27,5,3,0.10714285714285714,0.1111111111111111
2018-01-21,2018-01-21 15:00:00,near,outer,near->outer,normal,post_recovery,weekend,54,28,27,5,2,0.07142857142857142,0.07407407407407407
2018-01-21,2018-01-21 15:00:00,outer,core,outer->core,normal,post_recovery,weekend,54,9,9,3,0,0.0,0.0
2018-01-21,2018-01-21 15:00:00,outer,near,outer->near,normal,post_recovery,weekend,54,9,9,3,3,0.3333333333333333,0.3333333333333333
2018-01-21,2018-01-21 16:00:00,core,near,core->near,normal,post_recovery,weekend,54,9,9,1,1,0.1111111111111111,0.1111111111111111
2018-01-21,2018-01-21 16:00:00,core,outer,core->outer,normal,post_recovery,weekend,54,9,9,1,0,0.0,0.0
2018-01-21,2018-01-21 16:00:00,near,core,near->core,normal,post_recovery,weekend,54,27,26,1,1,0.037037037037037035,0.038461538461538464
2018-01-21,2018-01-21 16:00:00,near,outer,near->outer,normal,post_recovery,weekend,54,27,26,1,0,0.0,0.0
2018-01-21,2018-01-21 16:00:00,outer,core,outer->core,normal,post_recovery,weekend,54,8,8,2,1,0.125,0.125
2018-01-21,2018-01-21 16:00:00,outer,near,outer->near,normal,post_recovery,weekend,54,8,8,2,1,0.125,0.125
2018-01-21,2018-01-21 17:00:00,core,near,core->near,normal,post_recovery,weekend,54,10,10,0,0,0.0,0.0
2018-01-21,2018-01-21 17:00:00,core,outer,core->outer,normal,post_recovery,weekend,54,10,10,0,0,0.0,0.0
2018-01-21,2018-01-21 17:00:00,near,core,near->core,normal,post_recovery,weekend,54,27,27,4,1,0.037037037037037035,0.037037037037037035
2018-01-21,2018-01-21 17:00:00,near,outer,near->outer,normal,post_recovery,weekend,54,27,27,4,3,0.1111111111111111,0.1111111111111111
2018-01-21,2018-01-21 17:00:00,outer,core,outer->core,normal,post_recovery,weekend,54,6,4,1,0,0.0,0.0
2018-01-21,2018-01-21 17:00:00,outer,near,outer->near,normal,post_recovery,weekend,54,6,4,1,1,0.16666666666666666,0.25
2018-01-21,2018-01-21 18:00:00,core,near,core->near,normal,post_recovery,weekend,54,11,11,0,0,0.0,0.0
2018-01-21,2018-01-21 18:00:00,core,outer,core->outer,normal,post_recovery,weekend,54,11,11,0,0,0.0,0.0
2018-01-21,2018-01-21 18:00:00,near,core,near->core,normal,post_recovery,weekend,54,25,25,3,3,0.12,0.12
2018-01-21,2018-01-21 18:00:00,near,outer,near->outer,normal,post_recovery,weekend,54,25,25,3,0,0.0,0.0
2018-01-21,2018-01-21 18:00:00,outer,core,outer->core,normal,post_recovery,weekend,54,6,6,3,0,0.0,0.0
2018-01-21,2018-01-21 18:00:00,outer,near,outer->near,normal,post_recovery,weekend,54,6,6,3,3,0.5,0.5
2018-01-21,2018-01-21 19:00:00,core,near,core->near,normal,post_recovery,weekend,54,14,14,5,4,0.2857142857142857,0.2857142857142857
2018-01-21,2018-01-21 19:00:00,core,outer,core->outer,normal,post_recovery,weekend,54,14,14,5,1,0.07142857142857142,0.07142857142857142
2018-01-21,2018-01-21 19:00:00,near,core,near->core,normal,post_recovery,weekend,54,26,26,2,1,0.038461538461538464,0.038461538461538464
2018-01-21,2018-01-21 19:00:00,near,outer,near->outer,normal,post_recovery,weekend,54,26,26,2,1,0.038461538461538464,0.038461538461538464
2018-01-21,2018-01-21 19:00:00,outer,core,outer->core,normal,post_recovery,weekend,54,3,3,0,0,0.0,0.0
2018-01-21,2018-01-21 19:00:00,outer,near,outer->near,normal,post_recovery,weekend,54,3,3,0,0,0.0,0.0
2018-01-21,2018-01-21 20:00:00,core,near,core->near,normal,post_recovery,weekend,54,10,10,3,3,0.3,0.3
2018-01-21,2018-01-21 20:00:00,core,outer,core->outer,normal,post_recovery,weekend,54,10,10,3,0,0.0,0.0
2018-01-21,2018-01-21 20:00:00,near,core,near->core,normal,post_recovery,weekend,54,29,29,2,2,0.06896551724137931,0.06896551724137931
2018-01-21,2018-01-21 20:00:00,near,outer,near->outer,normal,post_recovery,weekend,54,29,29,2,0,0.0,0.0
2018-01-21,2018-01-21 20:00:00,outer,core,outer->core,normal,post_recovery,weekend,54,5,5,0,0,0.0,0.0
2018-01-21,2018-01-21 20:00:00,outer,near,outer->near,normal,post_recovery,weekend,54,5,5,0,0,0.0,0.0
2018-01-21,2018-01-21 21:00:00,core,near,core->near,normal,post_recovery,weekend,54,9,9,0,0,0.0,0.0
2018-01-21,2018-01-21 21:00:00,core,outer,core->outer,normal,post_recovery,weekend,54,9,9,0,0,0.0,0.0
2018-01-21,2018-01-21 21:00:00,near,core,near->core,normal,post_recovery,weekend,54,30,30,2,2,0.06666666666666667,0.06666666666666667
2018-01-21,2018-01-21 21:00:00,near,outer,near->outer,normal,post_recovery,weekend,54,30,30,2,0,0.0,0.0
2018-01-21,2018-01-21 21:00:00,outer,core,outer->core,normal,post_recovery,weekend,54,5,4,0,0,0.0,0.0
2018-01-21,2018-01-21 21:00:00,outer,near,outer->near,normal,post_recovery,weekend,54,5,4,0,0,0.0,0.0
2018-01-21,2018-01-21 22:00:00,core,near,core->near,normal,post_recovery,weekend,54,11,11,0,0,0.0,0.0
2018-01-21,2018-01-21 22:00:00,core,outer,core->outer,normal,post_recovery,weekend,54,11,11,0,0,0.0,0.0
2018-01-21,2018-01-21 22:00:00,near,core,near->core,normal,post_recovery,weekend,54,28,27,4,4,0.14285714285714285,0.14814814814814814
2018-01-21,2018-01-21 22:00:00,near,outer,near->outer,normal,post_recovery,weekend,54,28,27,4,0,0.0,0.0
2018-01-21,2018-01-21 22:00:00,outer,core,outer->core,normal,post_recovery,weekend,54,4,4,2,1,0.25,0.25
2018-01-21,2018-01-21 22:00:00,outer,near,outer->near,normal,post_recovery,weekend,54,4,4,2,1,0.25,0.25
2018-01-21,2018-01-21 23:00:00,core,near,core->near,normal,post_recovery,weekend,54,16,16,2,2,0.125,0.125
2018-01-21,2018-01-21 23:00:00,core,outer,core->outer,normal,post_recovery,weekend,54,16,16,2,0,0.0,0.0
2018-01-21,2018-01-21 23:00:00,near,core,near->core,normal,post_recovery,weekend,54,24,24,1,1,0.041666666666666664,0.041666666666666664
2018-01-21,2018-01-21 23:00:00,near,outer,near->outer,normal,post_recovery,weekend,54,24,24,1,0,0.0,0.0
2018-01-21,2018-01-21 23:00:00,outer,core,outer->core,normal,post_recovery,weekend,54,2,2,0,0,0.0,0.0
2018-01-21,2018-01-21 23:00:00,outer,near,outer->near,normal,post_recovery,weekend,54,2,2,0,0,0.0,0.0
2018-01-22,2018-01-22 00:00:00,core,near,core->near,normal,post_recovery,weekday,52,15,15,0,0,0.0,0.0
2018-01-22,2018-01-22 00:00:00,core,outer,core->outer,normal,post_recovery,weekday,52,15,15,0,0,0.0,0.0
2018-01-22,2018-01-22 00:00:00,near,core,near->core,normal,post_recovery,weekday,52,26,25,0,0,0.0,0.0
2018-01-22,2018-01-22 00:00:00,near,outer,near->outer,normal,post_recovery,weekday,52,26,25,0,0,0.0,0.0
2018-01-22,2018-01-22 00:00:00,outer,core,outer->core,normal,post_recovery,weekday,52,2,2,0,0,0.0,0.0
2018-01-22,2018-01-22 00:00:00,outer,near,outer->near,normal,post_recovery,weekday,52,2,2,0,0,0.0,0.0
2018-01-22,2018-01-22 01:00:00,core,near,core->near,normal,post_recovery,weekday,52,15,15,0,0,0.0,0.0
2018-01-22,2018-01-22 01:00:00,core,outer,core->outer,normal,post_recovery,weekday,52,15,15,0,0,0.0,0.0
2018-01-22,2018-01-22 01:00:00,near,core,near->core,normal,post_recovery,weekday,52,25,25,0,0,0.0,0.0
2018-01-22,2018-01-22 01:00:00,near,outer,near->outer,normal,post_recovery,weekday,52,25,25,0,0,0.0,0.0
2018-01-22,2018-01-22 01:00:00,outer,core,outer->core,normal,post_recovery,weekday,52,2,2,0,0,0.0,0.0
2018-01-22,2018-01-22 01:00:00,outer,near,outer->near,normal,post_recovery,weekday,52,2,2,0,0,0.0,0.0
2018-01-22,2018-01-22 02:00:00,core,near,core->near,normal,post_recovery,weekday,52,15,15,1,0,0.0,0.0
2018-01-22,2018-01-22 02:00:00,core,outer,core->outer,normal,post_recovery,weekday,52,15,15,1,1,0.06666666666666667,0.06666666666666667
2018-01-22,2018-01-22 02:00:00,near,core,near->core,normal,post_recovery,weekday,52,25,25,0,0,0.0,0.0
2018-01-22,2018-01-22 02:00:00,near,outer,near->outer,normal,post_recovery,weekday,52,25,25,0,0,0.0,0.0
2018-01-22,2018-01-22 02:00:00,outer,core,outer->core,normal,post_recovery,weekday,52,2,2,0,0,0.0,0.0
2018-01-22,2018-01-22 02:00:00,outer,near,outer->near,normal,post_recovery,weekday,52,2,2,0,0,0.0,0.0
2018-01-22,2018-01-22 03:00:00,core,near,core->near,normal,post_recovery,weekday,52,14,14,0,0,0.0,0.0
2018-01-22,2018-01-22 03:00:00,core,outer,core->outer,normal,post_recovery,weekday,52,14,14,0,0,0.0,0.0
2018-01-22,2018-01-22 03:00:00,near,core,near->core,normal,post_recovery,weekday,52,26,25,1,0,0.0,0.0
2018-01-22,2018-01-22 03:00:00,near,outer,near->outer,normal,post_recovery,weekday,52,26,25,1,1,0.038461538461538464,0.04
2018-01-22,2018-01-22 03:00:00,outer,core,outer->core,normal,post_recovery,weekday,52,3,3,0,0,0.0,0.0
2018-01-22,2018-01-22 03:00:00,outer,near,outer->near,normal,post_recovery,weekday,52,3,3,0,0,0.0,0.0
2018-01-22,2018-01-22 04:00:00,core,near,core->near,normal,post_recovery,weekday,52,14,14,0,0,0.0,0.0
2018-01-22,2018-01-22 04:00:00,core,outer,core->outer,normal,post_recovery,weekday,52,14,14,0,0,0.0,0.0
2018-01-22,2018-01-22 04:00:00,near,core,near->core,normal,post_recovery,weekday,52,24,24,0,0,0.0,0.0
2018-01-22,2018-01-22 04:00:00,near,outer,near->outer,normal,post_recovery,weekday,52,24,24,0,0,0.0,0.0
2018-01-22,2018-01-22 04:00:00,outer,core,outer->core,normal,post_recovery,weekday,52,4,4,0,0,0.0,0.0
2018-01-22,2018-01-22 04:00:00,outer,near,outer->near,normal,post_recovery,weekday,52,4,4,0,0,0.0,0.0
2018-01-22,2018-01-22 05:00:00,core,near,core->near,normal,post_recovery,weekday,52,14,14,0,0,0.0,0.0
2018-01-22,2018-01-22 05:00:00,core,outer,core->outer,normal,post_recovery,weekday,52,14,14,0,0,0.0,0.0
2018-01-22,2018-01-22 05:00:00,near,core,near->core,normal,post_recovery,weekday,52,24,24,0,0,0.0,0.0
2018-01-22,2018-01-22 05:00:00,near,outer,near->outer,normal,post_recovery,weekday,52,24,24,0,0,0.0,0.0
2018-01-22,2018-01-22 05:00:00,outer,core,outer->core,normal,post_recovery,weekday,52,4,4,0,0,0.0,0.0
2018-01-22,2018-01-22 05:00:00,outer,near,outer->near,normal,post_recovery,weekday,52,4,4,0,0,0.0,0.0
2018-01-22,2018-01-22 06:00:00,core,near,core->near,normal,post_recovery,weekday,52,14,14,1,1,0.07142857142857142,0.07142857142857142
2018-01-22,2018-01-22 06:00:00,core,outer,core->outer,normal,post_recovery,weekday,52,14,14,1,0,0.0,0.0
2018-01-22,2018-01-22 06:00:00,near,core,near->core,normal,post_recovery,weekday,52,24,24,0,0,0.0,0.0
2018-01-22,2018-01-22 06:00:00,near,outer,near->outer,normal,post_recovery,weekday,52,24,24,0,0,0.0,0.0
2018-01-22,2018-01-22 06:00:00,outer,core,outer->core,normal,post_recovery,weekday,52,4,4,2,2,0.5,0.5
2018-01-22,2018-01-22 06:00:00,outer,near,outer->near,normal,post_recovery,weekday,52,4,4,2,0,0.0,0.0
2018-01-22,2018-01-22 07:00:00,core,near,core->near,normal,post_recovery,weekday,52,15,15,3,3,0.2,0.2
2018-01-22,2018-01-22 07:00:00,core,outer,core->outer,normal,post_recovery,weekday,52,15,15,3,0,0.0,0.0
2018-01-22,2018-01-22 07:00:00,near,core,near->core,normal,post_recovery,weekday,52,25,25,0,0,0.0,0.0
2018-01-22,2018-01-22 07:00:00,near,outer,near->outer,normal,post_recovery,weekday,52,25,25,0,0,0.0,0.0
2018-01-22,2018-01-22 07:00:00,outer,core,outer->core,normal,post_recovery,weekday,52,2,2,0,0,0.0,0.0
2018-01-22,2018-01-22 07:00:00,outer,near,outer->near,normal,post_recovery,weekday,52,2,2,0,0,0.0,0.0
2018-01-22,2018-01-22 08:00:00,core,near,core->near,normal,post_recovery,weekday,52,12,12,1,0,0.0,0.0
2018-01-22,2018-01-22 08:00:00,core,outer,core->outer,normal,post_recovery,weekday,52,12,12,1,1,0.08333333333333333,0.08333333333333333
2018-01-22,2018-01-22 08:00:00,near,core,near->core,normal,post_recovery,weekday,52,28,28,3,3,0.10714285714285714,0.10714285714285714
2018-01-22,2018-01-22 08:00:00,near,outer,near->outer,normal,post_recovery,weekday,52,28,28,3,0,0.0,0.0
2018-01-22,2018-01-22 08:00:00,outer,core,outer->core,normal,post_recovery,weekday,52,3,3,0,0,0.0,0.0
2018-01-22,2018-01-22 08:00:00,outer,near,outer->near,normal,post_recovery,weekday,52,3,3,0,0,0.0,0.0
2018-01-22,2018-01-22 09:00:00,core,near,core->near,normal,post_recovery,weekday,52,14,14,0,0,0.0,0.0
2018-01-22,2018-01-22 09:00:00,core,outer,core->outer,normal,post_recovery,weekday,52,14,14,0,0,0.0,0.0
2018-01-22,2018-01-22 09:00:00,near,core,near->core,normal,post_recovery,weekday,52,25,25,0,0,0.0,0.0
2018-01-22,2018-01-22 09:00:00,near,outer,near->outer,normal,post_recovery,weekday,52,25,25,0,0,0.0,0.0
2018-01-22,2018-01-22 09:00:00,outer,core,outer->core,normal,post_recovery,weekday,52,4,4,1,0,0.0,0.0
2018-01-22,2018-01-22 09:00:00,outer,near,outer->near,normal,post_recovery,weekday,52,4,4,1,1,0.25,0.25
2018-01-22,2018-01-22 10:00:00,core,near,core->near,normal,post_recovery,weekday,52,14,14,1,1,0.07142857142857142,0.07142857142857142
2018-01-22,2018-01-22 10:00:00,core,outer,core->outer,normal,post_recovery,weekday,52,14,14,1,0,0.0,0.0
2018-01-22,2018-01-22 10:00:00,near,core,near->core,normal,post_recovery,weekday,52,26,26,1,1,0.038461538461538464,0.038461538461538464
2018-01-22,2018-01-22 10:00:00,near,outer,near->outer,normal,post_recovery,weekday,52,26,26,1,0,0.0,0.0
2018-01-22,2018-01-22 10:00:00,outer,core,outer->core,normal,post_recovery,weekday,52,3,3,0,0,0.0,0.0
2018-01-22,2018-01-22 10:00:00,outer,near,outer->near,normal,post_recovery,weekday,52,3,3,0,0,0.0,0.0
2018-01-22,2018-01-22 11:00:00,core,near,core->near,normal,post_recovery,weekday,52,14,14,4,3,0.21428571428571427,0.21428571428571427
2018-01-22,2018-01-22 11:00:00,core,outer,core->outer,normal,post_recovery,weekday,52,14,14,4,1,0.07142857142857142,0.07142857142857142
2018-01-22,2018-01-22 11:00:00,near,core,near->core,normal,post_recovery,weekday,52,26,26,0,0,0.0,0.0
2018-01-22,2018-01-22 11:00:00,near,outer,near->outer,normal,post_recovery,weekday,52,26,26,0,0,0.0,0.0
2018-01-22,2018-01-22 11:00:00,outer,core,outer->core,normal,post_recovery,weekday,52,4,3,0,0,0.0,0.0
2018-01-22,2018-01-22 11:00:00,outer,near,outer->near,normal,post_recovery,weekday,52,4,3,0,0,0.0,0.0
2018-01-22,2018-01-22 12:00:00,core,near,core->near,normal,post_recovery,weekday,52,11,10,2,1,0.09090909090909091,0.1
2018-01-22,2018-01-22 12:00:00,core,outer,core->outer,normal,post_recovery,weekday,52,11,10,2,1,0.09090909090909091,0.1
2018-01-22,2018-01-22 12:00:00,near,core,near->core,normal,post_recovery,weekday,52,29,29,3,3,0.10344827586206896,0.10344827586206896
2018-01-22,2018-01-22 12:00:00,near,outer,near->outer,normal,post_recovery,weekday,52,29,29,3,0,0.0,0.0
2018-01-22,2018-01-22 12:00:00,outer,core,outer->core,normal,post_recovery,weekday,52,4,4,0,0,0.0,0.0
2018-01-22,2018-01-22 12:00:00,outer,near,outer->near,normal,post_recovery,weekday,52,4,4,0,0,0.0,0.0
2018-01-22,2018-01-22 13:00:00,core,near,core->near,normal,post_recovery,weekday,52,11,11,0,0,0.0,0.0
2018-01-22,2018-01-22 13:00:00,core,outer,core->outer,normal,post_recovery,weekday,52,11,11,0,0,0.0,0.0
2018-01-22,2018-01-22 13:00:00,near,core,near->core,normal,post_recovery,weekday,52,27,26,0,0,0.0,0.0
2018-01-22,2018-01-22 13:00:00,near,outer,near->outer,normal,post_recovery,weekday,52,27,26,0,0,0.0,0.0
2018-01-22,2018-01-22 13:00:00,outer,core,outer->core,normal,post_recovery,weekday,52,6,5,0,0,0.0,0.0
2018-01-22,2018-01-22 13:00:00,outer,near,outer->near,normal,post_recovery,weekday,52,6,5,0,0,0.0,0.0
2018-01-22,2018-01-22 14:00:00,core,near,core->near,normal,post_recovery,weekday,52,11,11,0,0,0.0,0.0
2018-01-22,2018-01-22 14:00:00,core,outer,core->outer,normal,post_recovery,weekday,52,11,11,0,0,0.0,0.0
2018-01-22,2018-01-22 14:00:00,near,core,near->core,normal,post_recovery,weekday,52,26,26,1,1,0.038461538461538464,0.038461538461538464
2018-01-22,2018-01-22 14:00:00,near,outer,near->outer,normal,post_recovery,weekday,52,26,26,1,0,0.0,0.0
2018-01-22,2018-01-22 14:00:00,outer,core,outer->core,normal,post_recovery,weekday,52,6,5,0,0,0.0,0.0
2018-01-22,2018-01-22 14:00:00,outer,near,outer->near,normal,post_recovery,weekday,52,6,5,0,0,0.0,0.0
2018-01-22,2018-01-22 15:00:00,core,near,core->near,normal,post_recovery,weekday,52,12,12,0,0,0.0,0.0
2018-01-22,2018-01-22 15:00:00,core,outer,core->outer,normal,post_recovery,weekday,52,12,12,0,0,0.0,0.0
2018-01-22,2018-01-22 15:00:00,near,core,near->core,normal,post_recovery,weekday,52,25,25,0,0,0.0,0.0
2018-01-22,2018-01-22 15:00:00,near,outer,near->outer,normal,post_recovery,weekday,52,25,25,0,0,0.0,0.0
2018-01-22,2018-01-22 15:00:00,outer,core,outer->core,normal,post_recovery,weekday,52,6,6,0,0,0.0,0.0
2018-01-22,2018-01-22 15:00:00,outer,near,outer->near,normal,post_recovery,weekday,52,6,6,0,0,0.0,0.0
2018-01-22,2018-01-22 16:00:00,core,near,core->near,normal,post_recovery,weekday,52,12,12,3,3,0.25,0.25
2018-01-22,2018-01-22 16:00:00,core,outer,core->outer,normal,post_recovery,weekday,52,12,12,3,0,0.0,0.0
2018-01-22,2018-01-22 16:00:00,near,core,near->core,normal,post_recovery,weekday,52,26,25,0,0,0.0,0.0
2018-01-22,2018-01-22 16:00:00,near,outer,near->outer,normal,post_recovery,weekday,52,26,25,0,0,0.0,0.0
2018-01-22,2018-01-22 16:00:00,outer,core,outer->core,normal,post_recovery,weekday,52,6,6,3,2,0.3333333333333333,0.3333333333333333
2018-01-22,2018-01-22 16:00:00,outer,near,outer->near,normal,post_recovery,weekday,52,6,6,3,1,0.16666666666666666,0.16666666666666666
2018-01-22,2018-01-22 17:00:00,core,near,core->near,normal,post_recovery,weekday,52,11,11,0,0,0.0,0.0
2018-01-22,2018-01-22 17:00:00,core,outer,core->outer,normal,post_recovery,weekday,52,11,11,0,0,0.0,0.0
2018-01-22,2018-01-22 17:00:00,near,core,near->core,normal,post_recovery,weekday,52,29,29,1,1,0.034482758620689655,0.034482758620689655
2018-01-22,2018-01-22 17:00:00,near,outer,near->outer,normal,post_recovery,weekday,52,29,29,1,0,0.0,0.0
2018-01-22,2018-01-22 17:00:00,outer,core,outer->core,normal,post_recovery,weekday,52,3,3,0,0,0.0,0.0
2018-01-22,2018-01-22 17:00:00,outer,near,outer->near,normal,post_recovery,weekday,52,3,3,0,0,0.0,0.0
2018-01-22,2018-01-22 18:00:00,core,near,core->near,normal,post_recovery,weekday,52,12,12,3,3,0.25,0.25
2018-01-22,2018-01-22 18:00:00,core,outer,core->outer,normal,post_recovery,weekday,52,12,12,3,0,0.0,0.0
2018-01-22,2018-01-22 18:00:00,near,core,near->core,normal,post_recovery,weekday,52,28,28,4,4,0.14285714285714285,0.14285714285714285
2018-01-22,2018-01-22 18:00:00,near,outer,near->outer,normal,post_recovery,weekday,52,28,28,4,0,0.0,0.0
2018-01-22,2018-01-22 18:00:00,outer,core,outer->core,normal,post_recovery,weekday,52,3,3,0,0,0.0,0.0
2018-01-22,2018-01-22 18:00:00,outer,near,outer->near,normal,post_recovery,weekday,52,3,3,0,0,0.0,0.0
2018-01-22,2018-01-22 19:00:00,core,near,core->near,normal,post_recovery,weekday,52,13,13,1,0,0.0,0.0
2018-01-22,2018-01-22 19:00:00,core,outer,core->outer,normal,post_recovery,weekday,52,13,13,1,1,0.07692307692307693,0.07692307692307693
2018-01-22,2018-01-22 19:00:00,near,core,near->core,normal,post_recovery,weekday,52,28,27,3,2,0.07142857142857142,0.07407407407407407
2018-01-22,2018-01-22 19:00:00,near,outer,near->outer,normal,post_recovery,weekday,52,28,27,3,1,0.03571428571428571,0.037037037037037035
2018-01-22,2018-01-22 19:00:00,outer,core,outer->core,normal,post_recovery,weekday,52,3,3,0,0,0.0,0.0
2018-01-22,2018-01-22 19:00:00,outer,near,outer->near,normal,post_recovery,weekday,52,3,3,0,0,0.0,0.0
2018-01-22,2018-01-22 20:00:00,core,near,core->near,normal,post_recovery,weekday,52,14,14,0,0,0.0,0.0
2018-01-22,2018-01-22 20:00:00,core,outer,core->outer,normal,post_recovery,weekday,52,14,14,0,0,0.0,0.0
2018-01-22,2018-01-22 20:00:00,near,core,near->core,normal,post_recovery,weekday,52,26,25,1,1,0.038461538461538464,0.04
2018-01-22,2018-01-22 20:00:00,near,outer,near->outer,normal,post_recovery,weekday,52,26,25,1,0,0.0,0.0
2018-01-22,2018-01-22 20:00:00,outer,core,outer->core,normal,post_recovery,weekday,52,5,5,0,0,0.0,0.0
2018-01-22,2018-01-22 20:00:00,outer,near,outer->near,normal,post_recovery,weekday,52,5,5,0,0,0.0,0.0
2018-01-22,2018-01-22 21:00:00,core,near,core->near,normal,post_recovery,weekday,52,15,15,0,0,0.0,0.0
2018-01-22,2018-01-22 21:00:00,core,outer,core->outer,normal,post_recovery,weekday,52,15,15,0,0,0.0,0.0
2018-01-22,2018-01-22 21:00:00,near,core,near->core,normal,post_recovery,weekday,52,24,24,0,0,0.0,0.0
2018-01-22,2018-01-22 21:00:00,near,outer,near->outer,normal,post_recovery,weekday,52,24,24,0,0,0.0,0.0
2018-01-22,2018-01-22 21:00:00,outer,core,outer->core,normal,post_recovery,weekday,52,5,5,0,0,0.0,0.0
2018-01-22,2018-01-22 21:00:00,outer,near,outer->near,normal,post_recovery,weekday,52,5,5,0,0,0.0,0.0
2018-01-22,2018-01-22 22:00:00,core,near,core->near,normal,post_recovery,weekday,52,15,14,1,1,0.06666666666666667,0.07142857142857142
2018-01-22,2018-01-22 22:00:00,core,outer,core->outer,normal,post_recovery,weekday,52,15,14,1,0,0.0,0.0
2018-01-22,2018-01-22 22:00:00,near,core,near->core,normal,post_recovery,weekday,52,24,24,1,1,0.041666666666666664,0.041666666666666664
2018-01-22,2018-01-22 22:00:00,near,outer,near->outer,normal,post_recovery,weekday,52,24,24,1,0,0.0,0.0
2018-01-22,2018-01-22 22:00:00,outer,core,outer->core,normal,post_recovery,weekday,52,5,5,1,1,0.2,0.2
2018-01-22,2018-01-22 22:00:00,outer,near,outer->near,normal,post_recovery,weekday,52,5,5,1,0,0.0,0.0
2018-01-22,2018-01-22 23:00:00,core,near,core->near,normal,post_recovery,weekday,52,15,15,3,2,0.13333333333333333,0.13333333333333333
2018-01-22,2018-01-22 23:00:00,core,outer,core->outer,normal,post_recovery,weekday,52,15,15,3,1,0.06666666666666667,0.06666666666666667
2018-01-22,2018-01-22 23:00:00,near,core,near->core,normal,post_recovery,weekday,52,25,24,2,1,0.04,0.041666666666666664
2018-01-22,2018-01-22 23:00:00,near,outer,near->outer,normal,post_recovery,weekday,52,25,24,2,1,0.04,0.041666666666666664
2018-01-22,2018-01-22 23:00:00,outer,core,outer->core,normal,post_recovery,weekday,52,4,4,0,0,0.0,0.0
2018-01-22,2018-01-22 23:00:00,outer,near,outer->near,normal,post_recovery,weekday,52,4,4,0,0,0.0,0.0
2018-01-23,2018-01-23 00:00:00,core,near,core->near,normal,post_recovery,weekday,48,13,13,0,0,0.0,0.0
2018-01-23,2018-01-23 00:00:00,core,outer,core->outer,normal,post_recovery,weekday,48,13,13,0,0,0.0,0.0
2018-01-23,2018-01-23 00:00:00,near,core,near->core,normal,post_recovery,weekday,48,24,23,2,2,0.08333333333333333,0.08695652173913043
2018-01-23,2018-01-23 00:00:00,near,outer,near->outer,normal,post_recovery,weekday,48,24,23,2,0,0.0,0.0
2018-01-23,2018-01-23 00:00:00,outer,core,outer->core,normal,post_recovery,weekday,48,6,6,0,0,0.0,0.0
2018-01-23,2018-01-23 00:00:00,outer,near,outer->near,normal,post_recovery,weekday,48,6,6,0,0,0.0,0.0
2018-01-23,2018-01-23 01:00:00,core,near,core->near,normal,post_recovery,weekday,48,15,15,0,0,0.0,0.0
2018-01-23,2018-01-23 01:00:00,core,outer,core->outer,normal,post_recovery,weekday,48,15,15,0,0,0.0,0.0
2018-01-23,2018-01-23 01:00:00,near,core,near->core,normal,post_recovery,weekday,48,21,21,0,0,0.0,0.0
2018-01-23,2018-01-23 01:00:00,near,outer,near->outer,normal,post_recovery,weekday,48,21,21,0,0,0.0,0.0
2018-01-23,2018-01-23 01:00:00,outer,core,outer->core,normal,post_recovery,weekday,48,6,4,1,1,0.16666666666666666,0.25
2018-01-23,2018-01-23 01:00:00,outer,near,outer->near,normal,post_recovery,weekday,48,6,4,1,0,0.0,0.0
2018-01-23,2018-01-23 02:00:00,core,near,core->near,normal,post_recovery,weekday,48,16,16,3,3,0.1875,0.1875
2018-01-23,2018-01-23 02:00:00,core,outer,core->outer,normal,post_recovery,weekday,48,16,16,3,0,0.0,0.0
2018-01-23,2018-01-23 02:00:00,near,core,near->core,normal,post_recovery,weekday,48,21,21,0,0,0.0,0.0
2018-01-23,2018-01-23 02:00:00,near,outer,near->outer,normal,post_recovery,weekday,48,21,21,0,0,0.0,0.0
2018-01-23,2018-01-23 02:00:00,outer,core,outer->core,normal,post_recovery,weekday,48,3,3,0,0,0.0,0.0
2018-01-23,2018-01-23 02:00:00,outer,near,outer->near,normal,post_recovery,weekday,48,3,3,0,0,0.0,0.0
2018-01-23,2018-01-23 03:00:00,core,near,core->near,normal,post_recovery,weekday,48,13,13,1,0,0.0,0.0
2018-01-23,2018-01-23 03:00:00,core,outer,core->outer,normal,post_recovery,weekday,48,13,13,1,1,0.07692307692307693,0.07692307692307693
2018-01-23,2018-01-23 03:00:00,near,core,near->core,normal,post_recovery,weekday,48,25,24,3,3,0.12,0.125
2018-01-23,2018-01-23 03:00:00,near,outer,near->outer,normal,post_recovery,weekday,48,25,24,3,0,0.0,0.0
2018-01-23,2018-01-23 03:00:00,outer,core,outer->core,normal,post_recovery,weekday,48,3,3,0,0,0.0,0.0
2018-01-23,2018-01-23 03:00:00,outer,near,outer->near,normal,post_recovery,weekday,48,3,3,0,0,0.0,0.0
2018-01-23,2018-01-23 04:00:00,core,near,core->near,normal,post_recovery,weekday,48,15,15,0,0,0.0,0.0
2018-01-23,2018-01-23 04:00:00,core,outer,core->outer,normal,post_recovery,weekday,48,15,15,0,0,0.0,0.0
2018-01-23,2018-01-23 04:00:00,near,core,near->core,normal,post_recovery,weekday,48,22,22,0,0,0.0,0.0
2018-01-23,2018-01-23 04:00:00,near,outer,near->outer,normal,post_recovery,weekday,48,22,22,0,0,0.0,0.0
2018-01-23,2018-01-23 04:00:00,outer,core,outer->core,normal,post_recovery,weekday,48,4,4,0,0,0.0,0.0
2018-01-23,2018-01-23 04:00:00,outer,near,outer->near,normal,post_recovery,weekday,48,4,4,0,0,0.0,0.0
2018-01-23,2018-01-23 05:00:00,core,near,core->near,normal,post_recovery,weekday,48,15,15,0,0,0.0,0.0
2018-01-23,2018-01-23 05:00:00,core,outer,core->outer,normal,post_recovery,weekday,48,15,15,0,0,0.0,0.0
2018-01-23,2018-01-23 05:00:00,near,core,near->core,normal,post_recovery,weekday,48,22,22,0,0,0.0,0.0
2018-01-23,2018-01-23 05:00:00,near,outer,near->outer,normal,post_recovery,weekday,48,22,22,0,0,0.0,0.0
2018-01-23,2018-01-23 05:00:00,outer,core,outer->core,normal,post_recovery,weekday,48,4,4,0,0,0.0,0.0
2018-01-23,2018-01-23 05:00:00,outer,near,outer->near,normal,post_recovery,weekday,48,4,4,0,0,0.0,0.0
2018-01-23,2018-01-23 06:00:00,core,near,core->near,normal,post_recovery,weekday,48,15,15,7,4,0.26666666666666666,0.26666666666666666
2018-01-23,2018-01-23 06:00:00,core,outer,core->outer,normal,post_recovery,weekday,48,15,15,7,3,0.2,0.2
2018-01-23,2018-01-23 06:00:00,near,core,near->core,normal,post_recovery,weekday,48,23,22,0,0,0.0,0.0
2018-01-23,2018-01-23 06:00:00,near,outer,near->outer,normal,post_recovery,weekday,48,23,22,0,0,0.0,0.0
2018-01-23,2018-01-23 06:00:00,outer,core,outer->core,normal,post_recovery,weekday,48,4,4,1,1,0.25,0.25
2018-01-23,2018-01-23 06:00:00,outer,near,outer->near,normal,post_recovery,weekday,48,4,4,1,0,0.0,0.0
2018-01-23,2018-01-23 07:00:00,core,near,core->near,normal,post_recovery,weekday,48,9,9,2,0,0.0,0.0
2018-01-23,2018-01-23 07:00:00,core,outer,core->outer,normal,post_recovery,weekday,48,9,9,2,2,0.2222222222222222,0.2222222222222222
2018-01-23,2018-01-23 07:00:00,near,core,near->core,normal,post_recovery,weekday,48,26,26,4,4,0.15384615384615385,0.15384615384615385
2018-01-23,2018-01-23 07:00:00,near,outer,near->outer,normal,post_recovery,weekday,48,26,26,4,0,0.0,0.0
2018-01-23,2018-01-23 07:00:00,outer,core,outer->core,normal,post_recovery,weekday,48,6,6,3,0,0.0,0.0
2018-01-23,2018-01-23 07:00:00,outer,near,outer->near,normal,post_recovery,weekday,48,6,6,3,3,0.5,0.5
2018-01-23,2018-01-23 08:00:00,core,near,core->near,normal,post_recovery,weekday,48,11,11,2,2,0.18181818181818182,0.18181818181818182
2018-01-23,2018-01-23 08:00:00,core,outer,core->outer,normal,post_recovery,weekday,48,11,11,2,0,0.0,0.0
2018-01-23,2018-01-23 08:00:00,near,core,near->core,normal,post_recovery,weekday,48,26,25,1,1,0.038461538461538464,0.04
2018-01-23,2018-01-23 08:00:00,near,outer,near->outer,normal,post_recovery,weekday,48,26,25,1,0,0.0,0.0
2018-01-23,2018-01-23 08:00:00,outer,core,outer->core,normal,post_recovery,weekday,48,5,5,0,0,0.0,0.0
2018-01-23,2018-01-23 08:00:00,outer,near,outer->near,normal,post_recovery,weekday,48,5,5,0,0,0.0,0.0
2018-01-23,2018-01-23 09:00:00,core,near,core->near,normal,post_recovery,weekday,48,10,10,1,1,0.1,0.1
2018-01-23,2018-01-23 09:00:00,core,outer,core->outer,normal,post_recovery,weekday,48,10,10,1,0,0.0,0.0
2018-01-23,2018-01-23 09:00:00,near,core,near->core,normal,post_recovery,weekday,48,27,26,1,0,0.0,0.0
2018-01-23,2018-01-23 09:00:00,near,outer,near->outer,normal,post_recovery,weekday,48,27,26,1,1,0.037037037037037035,0.038461538461538464
2018-01-23,2018-01-23 09:00:00,outer,core,outer->core,normal,post_recovery,weekday,48,5,5,1,1,0.2,0.2
2018-01-23,2018-01-23 09:00:00,outer,near,outer->near,normal,post_recovery,weekday,48,5,5,1,0,0.0,0.0
2018-01-23,2018-01-23 10:00:00,core,near,core->near,normal,post_recovery,weekday,48,10,10,4,4,0.4,0.4
2018-01-23,2018-01-23 10:00:00,core,outer,core->outer,normal,post_recovery,weekday,48,10,10,4,0,0.0,0.0
2018-01-23,2018-01-23 10:00:00,near,core,near->core,normal,post_recovery,weekday,48,26,26,3,0,0.0,0.0
2018-01-23,2018-01-23 10:00:00,near,outer,near->outer,normal,post_recovery,weekday,48,26,26,3,3,0.11538461538461539,0.11538461538461539
2018-01-23,2018-01-23 10:00:00,outer,core,outer->core,normal,post_recovery,weekday,48,5,5,1,1,0.2,0.2
2018-01-23,2018-01-23 10:00:00,outer,near,outer->near,normal,post_recovery,weekday,48,5,5,1,0,0.0,0.0
2018-01-23,2018-01-23 11:00:00,core,near,core->near,normal,post_recovery,weekday,48,7,7,1,0,0.0,0.0
2018-01-23,2018-01-23 11:00:00,core,outer,core->outer,normal,post_recovery,weekday,48,7,7,1,1,0.14285714285714285,0.14285714285714285
2018-01-23,2018-01-23 11:00:00,near,core,near->core,normal,post_recovery,weekday,48,27,27,3,3,0.1111111111111111,0.1111111111111111
2018-01-23,2018-01-23 11:00:00,near,outer,near->outer,normal,post_recovery,weekday,48,27,27,3,0,0.0,0.0
2018-01-23,2018-01-23 11:00:00,outer,core,outer->core,normal,post_recovery,weekday,48,7,7,2,1,0.14285714285714285,0.14285714285714285
2018-01-23,2018-01-23 11:00:00,outer,near,outer->near,normal,post_recovery,weekday,48,7,7,2,1,0.14285714285714285,0.14285714285714285
2018-01-23,2018-01-23 12:00:00,core,near,core->near,normal,post_recovery,weekday,48,10,10,1,1,0.1,0.1
2018-01-23,2018-01-23 12:00:00,core,outer,core->outer,normal,post_recovery,weekday,48,10,10,1,0,0.0,0.0
2018-01-23,2018-01-23 12:00:00,near,core,near->core,normal,post_recovery,weekday,48,25,25,2,1,0.04,0.04
2018-01-23,2018-01-23 12:00:00,near,outer,near->outer,normal,post_recovery,weekday,48,25,25,2,1,0.04,0.04
2018-01-23,2018-01-23 12:00:00,outer,core,outer->core,normal,post_recovery,weekday,48,6,5,0,0,0.0,0.0
2018-01-23,2018-01-23 12:00:00,outer,near,outer->near,normal,post_recovery,weekday,48,6,5,0,0,0.0,0.0
2018-01-23,2018-01-23 13:00:00,core,near,core->near,normal,post_recovery,weekday,48,10,10,0,0,0.0,0.0
2018-01-23,2018-01-23 13:00:00,core,outer,core->outer,normal,post_recovery,weekday,48,10,10,0,0,0.0,0.0
2018-01-23,2018-01-23 13:00:00,near,core,near->core,normal,post_recovery,weekday,48,24,24,1,1,0.041666666666666664,0.041666666666666664
2018-01-23,2018-01-23 13:00:00,near,outer,near->outer,normal,post_recovery,weekday,48,24,24,1,0,0.0,0.0
2018-01-23,2018-01-23 13:00:00,outer,core,outer->core,normal,post_recovery,weekday,48,6,6,0,0,0.0,0.0
2018-01-23,2018-01-23 13:00:00,outer,near,outer->near,normal,post_recovery,weekday,48,6,6,0,0,0.0,0.0
2018-01-23,2018-01-23 14:00:00,core,near,core->near,normal,post_recovery,weekday,48,11,11,2,2,0.18181818181818182,0.18181818181818182
2018-01-23,2018-01-23 14:00:00,core,outer,core->outer,normal,post_recovery,weekday,48,11,11,2,0,0.0,0.0
2018-01-23,2018-01-23 14:00:00,near,core,near->core,normal,post_recovery,weekday,48,23,23,1,1,0.043478260869565216,0.043478260869565216
2018-01-23,2018-01-23 14:00:00,near,outer,near->outer,normal,post_recovery,weekday,48,23,23,1,0,0.0,0.0
2018-01-23,2018-01-23 14:00:00,outer,core,outer->core,normal,post_recovery,weekday,48,6,5,1,1,0.16666666666666666,0.2
2018-01-23,2018-01-23 14:00:00,outer,near,outer->near,normal,post_recovery,weekday,48,6,5,1,0,0.0,0.0
2018-01-23,2018-01-23 15:00:00,core,near,core->near,normal,post_recovery,weekday,48,12,12,3,1,0.08333333333333333,0.08333333333333333
2018-01-23,2018-01-23 15:00:00,core,outer,core->outer,normal,post_recovery,weekday,48,12,12,3,2,0.16666666666666666,0.16666666666666666
2018-01-23,2018-01-23 15:00:00,near,core,near->core,normal,post_recovery,weekday,48,25,25,2,2,0.08,0.08
2018-01-23,2018-01-23 15:00:00,near,outer,near->outer,normal,post_recovery,weekday,48,25,25,2,0,0.0,0.0
2018-01-23,2018-01-23 15:00:00,outer,core,outer->core,normal,post_recovery,weekday,48,4,4,0,0,0.0,0.0
2018-01-23,2018-01-23 15:00:00,outer,near,outer->near,normal,post_recovery,weekday,48,4,4,0,0,0.0,0.0
2018-01-23,2018-01-23 16:00:00,core,near,core->near,normal,post_recovery,weekday,48,11,11,2,2,0.18181818181818182,0.18181818181818182
2018-01-23,2018-01-23 16:00:00,core,outer,core->outer,normal,post_recovery,weekday,48,11,11,2,0,0.0,0.0
2018-01-23,2018-01-23 16:00:00,near,core,near->core,normal,post_recovery,weekday,48,25,23,1,1,0.04,0.043478260869565216
2018-01-23,2018-01-23 16:00:00,near,outer,near->outer,normal,post_recovery,weekday,48,25,23,1,0,0.0,0.0
2018-01-23,2018-01-23 16:00:00,outer,core,outer->core,normal,post_recovery,weekday,48,7,7,0,0,0.0,0.0
2018-01-23,2018-01-23 16:00:00,outer,near,outer->near,normal,post_recovery,weekday,48,7,7,0,0,0.0,0.0
2018-01-23,2018-01-23 17:00:00,core,near,core->near,normal,post_recovery,weekday,48,10,9,0,0,0.0,0.0
2018-01-23,2018-01-23 17:00:00,core,outer,core->outer,normal,post_recovery,weekday,48,10,9,0,0,0.0,0.0
2018-01-23,2018-01-23 17:00:00,near,core,near->core,normal,post_recovery,weekday,48,24,24,1,1,0.041666666666666664,0.041666666666666664
2018-01-23,2018-01-23 17:00:00,near,outer,near->outer,normal,post_recovery,weekday,48,24,24,1,0,0.0,0.0
2018-01-23,2018-01-23 17:00:00,outer,core,outer->core,normal,post_recovery,weekday,48,7,7,2,1,0.14285714285714285,0.14285714285714285
2018-01-23,2018-01-23 17:00:00,outer,near,outer->near,normal,post_recovery,weekday,48,7,7,2,1,0.14285714285714285,0.14285714285714285
2018-01-23,2018-01-23 18:00:00,core,near,core->near,normal,post_recovery,weekday,48,11,11,2,2,0.18181818181818182,0.18181818181818182
2018-01-23,2018-01-23 18:00:00,core,outer,core->outer,normal,post_recovery,weekday,48,11,11,2,0,0.0,0.0
2018-01-23,2018-01-23 18:00:00,near,core,near->core,normal,post_recovery,weekday,48,24,23,1,1,0.041666666666666664,0.043478260869565216
2018-01-23,2018-01-23 18:00:00,near,outer,near->outer,normal,post_recovery,weekday,48,24,23,1,0,0.0,0.0
2018-01-23,2018-01-23 18:00:00,outer,core,outer->core,normal,post_recovery,weekday,48,5,5,0,0,0.0,0.0
2018-01-23,2018-01-23 18:00:00,outer,near,outer->near,normal,post_recovery,weekday,48,5,5,0,0,0.0,0.0
2018-01-23,2018-01-23 19:00:00,core,near,core->near,normal,post_recovery,weekday,48,10,10,3,3,0.3,0.3
2018-01-23,2018-01-23 19:00:00,core,outer,core->outer,normal,post_recovery,weekday,48,10,10,3,0,0.0,0.0
2018-01-23,2018-01-23 19:00:00,near,core,near->core,normal,post_recovery,weekday,48,25,25,2,1,0.04,0.04
2018-01-23,2018-01-23 19:00:00,near,outer,near->outer,normal,post_recovery,weekday,48,25,25,2,1,0.04,0.04
2018-01-23,2018-01-23 19:00:00,outer,core,outer->core,normal,post_recovery,weekday,48,5,5,0,0,0.0,0.0
2018-01-23,2018-01-23 19:00:00,outer,near,outer->near,normal,post_recovery,weekday,48,5,5,0,0,0.0,0.0
2018-01-23,2018-01-23 20:00:00,core,near,core->near,normal,post_recovery,weekday,48,8,8,0,0,0.0,0.0
2018-01-23,2018-01-23 20:00:00,core,outer,core->outer,normal,post_recovery,weekday,48,8,8,0,0,0.0,0.0
2018-01-23,2018-01-23 20:00:00,near,core,near->core,normal,post_recovery,weekday,48,26,26,5,4,0.15384615384615385,0.15384615384615385
2018-01-23,2018-01-23 20:00:00,near,outer,near->outer,normal,post_recovery,weekday,48,26,26,5,1,0.038461538461538464,0.038461538461538464
2018-01-23,2018-01-23 20:00:00,outer,core,outer->core,normal,post_recovery,weekday,48,6,6,0,0,0.0,0.0
2018-01-23,2018-01-23 20:00:00,outer,near,outer->near,normal,post_recovery,weekday,48,6,6,0,0,0.0,0.0
2018-01-23,2018-01-23 21:00:00,core,near,core->near,normal,post_recovery,weekday,48,12,12,0,0,0.0,0.0
2018-01-23,2018-01-23 21:00:00,core,outer,core->outer,normal,post_recovery,weekday,48,12,12,0,0,0.0,0.0
2018-01-23,2018-01-23 21:00:00,near,core,near->core,normal,post_recovery,weekday,48,22,21,1,1,0.045454545454545456,0.047619047619047616
2018-01-23,2018-01-23 21:00:00,near,outer,near->outer,normal,post_recovery,weekday,48,22,21,1,0,0.0,0.0
2018-01-23,2018-01-23 21:00:00,outer,core,outer->core,normal,post_recovery,weekday,48,7,5,0,0,0.0,0.0
2018-01-23,2018-01-23 21:00:00,outer,near,outer->near,normal,post_recovery,weekday,48,7,5,0,0,0.0,0.0
2018-01-23,2018-01-23 22:00:00,core,near,core->near,normal,post_recovery,weekday,48,13,13,2,2,0.15384615384615385,0.15384615384615385
2018-01-23,2018-01-23 22:00:00,core,outer,core->outer,normal,post_recovery,weekday,48,13,13,2,0,0.0,0.0
2018-01-23,2018-01-23 22:00:00,near,core,near->core,normal,post_recovery,weekday,48,20,20,0,0,0.0,0.0
2018-01-23,2018-01-23 22:00:00,near,outer,near->outer,normal,post_recovery,weekday,48,20,20,0,0,0.0,0.0
2018-01-23,2018-01-23 22:00:00,outer,core,outer->core,normal,post_recovery,weekday,48,5,5,1,0,0.0,0.0
2018-01-23,2018-01-23 22:00:00,outer,near,outer->near,normal,post_recovery,weekday,48,5,5,1,1,0.2,0.2
2018-01-23,2018-01-23 23:00:00,core,near,core->near,normal,post_recovery,weekday,48,11,11,2,2,0.18181818181818182,0.18181818181818182
2018-01-23,2018-01-23 23:00:00,core,outer,core->outer,normal,post_recovery,weekday,48,11,11,2,0,0.0,0.0
2018-01-23,2018-01-23 23:00:00,near,core,near->core,normal,post_recovery,weekday,48,23,22,1,1,0.043478260869565216,0.045454545454545456
2018-01-23,2018-01-23 23:00:00,near,outer,near->outer,normal,post_recovery,weekday,48,23,22,1,0,0.0,0.0
2018-01-23,2018-01-23 23:00:00,outer,core,outer->core,normal,post_recovery,weekday,48,4,4,1,1,0.25,0.25
2018-01-23,2018-01-23 23:00:00,outer,near,outer->near,normal,post_recovery,weekday,48,4,4,1,0,0.0,0.0
2018-01-24,2018-01-24 00:00:00,core,near,core->near,normal,post_recovery,weekday,48,11,11,0,0,0.0,0.0
2018-01-24,2018-01-24 00:00:00,core,outer,core->outer,normal,post_recovery,weekday,48,11,11,0,0,0.0,0.0
2018-01-24,2018-01-24 00:00:00,near,core,near->core,normal,post_recovery,weekday,48,24,23,2,2,0.08333333333333333,0.08695652173913043
2018-01-24,2018-01-24 00:00:00,near,outer,near->outer,normal,post_recovery,weekday,48,24,23,2,0,0.0,0.0
2018-01-24,2018-01-24 00:00:00,outer,core,outer->core,normal,post_recovery,weekday,48,3,3,0,0,0.0,0.0
2018-01-24,2018-01-24 00:00:00,outer,near,outer->near,normal,post_recovery,weekday,48,3,3,0,0,0.0,0.0
2018-01-24,2018-01-24 01:00:00,core,near,core->near,normal,post_recovery,weekday,48,13,13,0,0,0.0,0.0
2018-01-24,2018-01-24 01:00:00,core,outer,core->outer,normal,post_recovery,weekday,48,13,13,0,0,0.0,0.0
2018-01-24,2018-01-24 01:00:00,near,core,near->core,normal,post_recovery,weekday,48,22,22,2,2,0.09090909090909091,0.09090909090909091
2018-01-24,2018-01-24 01:00:00,near,outer,near->outer,normal,post_recovery,weekday,48,22,22,2,0,0.0,0.0
2018-01-24,2018-01-24 01:00:00,outer,core,outer->core,normal,post_recovery,weekday,48,3,3,0,0,0.0,0.0
2018-01-24,2018-01-24 01:00:00,outer,near,outer->near,normal,post_recovery,weekday,48,3,3,0,0,0.0,0.0
2018-01-24,2018-01-24 02:00:00,core,near,core->near,normal,post_recovery,weekday,48,15,15,0,0,0.0,0.0
2018-01-24,2018-01-24 02:00:00,core,outer,core->outer,normal,post_recovery,weekday,48,15,15,0,0,0.0,0.0
2018-01-24,2018-01-24 02:00:00,near,core,near->core,normal,post_recovery,weekday,48,20,19,2,2,0.1,0.10526315789473684
2018-01-24,2018-01-24 02:00:00,near,outer,near->outer,normal,post_recovery,weekday,48,20,19,2,0,0.0,0.0
2018-01-24,2018-01-24 02:00:00,outer,core,outer->core,normal,post_recovery,weekday,48,3,3,0,0,0.0,0.0
2018-01-24,2018-01-24 02:00:00,outer,near,outer->near,normal,post_recovery,weekday,48,3,3,0,0,0.0,0.0
2018-01-24,2018-01-24 03:00:00,core,near,core->near,normal,post_recovery,weekday,48,17,17,1,1,0.058823529411764705,0.058823529411764705
2018-01-24,2018-01-24 03:00:00,core,outer,core->outer,normal,post_recovery,weekday,48,17,17,1,0,0.0,0.0
2018-01-24,2018-01-24 03:00:00,near,core,near->core,normal,post_recovery,weekday,48,17,17,0,0,0.0,0.0
2018-01-24,2018-01-24 03:00:00,near,outer,near->outer,normal,post_recovery,weekday,48,17,17,0,0,0.0,0.0
2018-01-24,2018-01-24 03:00:00,outer,core,outer->core,normal,post_recovery,weekday,48,3,3,0,0,0.0,0.0
2018-01-24,2018-01-24 03:00:00,outer,near,outer->near,normal,post_recovery,weekday,48,3,3,0,0,0.0,0.0
2018-01-24,2018-01-24 04:00:00,core,near,core->near,normal,post_recovery,weekday,48,16,16,2,2,0.125,0.125
2018-01-24,2018-01-24 04:00:00,core,outer,core->outer,normal,post_recovery,weekday,48,16,16,2,0,0.0,0.0
2018-01-24,2018-01-24 04:00:00,near,core,near->core,normal,post_recovery,weekday,48,20,19,1,0,0.0,0.0
2018-01-24,2018-01-24 04:00:00,near,outer,near->outer,normal,post_recovery,weekday,48,20,19,1,1,0.05,0.05263157894736842
2018-01-24,2018-01-24 04:00:00,outer,core,outer->core,normal,post_recovery,weekday,48,3,3,0,0,0.0,0.0
2018-01-24,2018-01-24 04:00:00,outer,near,outer->near,normal,post_recovery,weekday,48,3,3,0,0,0.0,0.0
2018-01-24,2018-01-24 05:00:00,core,near,core->near,normal,post_recovery,weekday,48,14,14,0,0,0.0,0.0
2018-01-24,2018-01-24 05:00:00,core,outer,core->outer,normal,post_recovery,weekday,48,14,14,0,0,0.0,0.0
2018-01-24,2018-01-24 05:00:00,near,core,near->core,normal,post_recovery,weekday,48,20,20,1,0,0.0,0.0
2018-01-24,2018-01-24 05:00:00,near,outer,near->outer,normal,post_recovery,weekday,48,20,20,1,1,0.05,0.05
2018-01-24,2018-01-24 05:00:00,outer,core,outer->core,normal,post_recovery,weekday,48,4,4,0,0,0.0,0.0
2018-01-24,2018-01-24 05:00:00,outer,near,outer->near,normal,post_recovery,weekday,48,4,4,0,0,0.0,0.0
2018-01-24,2018-01-24 06:00:00,core,near,core->near,normal,post_recovery,weekday,48,14,14,0,0,0.0,0.0
2018-01-24,2018-01-24 06:00:00,core,outer,core->outer,normal,post_recovery,weekday,48,14,14,0,0,0.0,0.0
2018-01-24,2018-01-24 06:00:00,near,core,near->core,normal,post_recovery,weekday,48,20,19,0,0,0.0,0.0
2018-01-24,2018-01-24 06:00:00,near,outer,near->outer,normal,post_recovery,weekday,48,20,19,0,0,0.0,0.0
2018-01-24,2018-01-24 06:00:00,outer,core,outer->core,normal,post_recovery,weekday,48,5,5,0,0,0.0,0.0
2018-01-24,2018-01-24 06:00:00,outer,near,outer->near,normal,post_recovery,weekday,48,5,5,0,0,0.0,0.0
2018-01-24,2018-01-24 07:00:00,core,near,core->near,normal,post_recovery,weekday,48,14,14,1,1,0.07142857142857142,0.07142857142857142
2018-01-24,2018-01-24 07:00:00,core,outer,core->outer,normal,post_recovery,weekday,48,14,14,1,0,0.0,0.0
2018-01-24,2018-01-24 07:00:00,near,core,near->core,normal,post_recovery,weekday,48,19,19,0,0,0.0,0.0
2018-01-24,2018-01-24 07:00:00,near,outer,near->outer,normal,post_recovery,weekday,48,19,19,0,0,0.0,0.0
2018-01-24,2018-01-24 07:00:00,outer,core,outer->core,normal,post_recovery,weekday,48,7,6,1,0,0.0,0.0
2018-01-24,2018-01-24 07:00:00,outer,near,outer->near,normal,post_recovery,weekday,48,7,6,1,1,0.14285714285714285,0.16666666666666666
2018-01-24,2018-01-24 08:00:00,core,near,core->near,normal,post_recovery,weekday,48,14,14,0,0,0.0,0.0
2018-01-24,2018-01-24 08:00:00,core,outer,core->outer,normal,post_recovery,weekday,48,14,14,0,0,0.0,0.0
2018-01-24,2018-01-24 08:00:00,near,core,near->core,normal,post_recovery,weekday,48,23,21,3,1,0.043478260869565216,0.047619047619047616
2018-01-24,2018-01-24 08:00:00,near,outer,near->outer,normal,post_recovery,weekday,48,23,21,3,2,0.08695652173913043,0.09523809523809523
2018-01-24,2018-01-24 08:00:00,outer,core,outer->core,normal,post_recovery,weekday,48,5,5,2,1,0.2,0.2
2018-01-24,2018-01-24 08:00:00,outer,near,outer->near,normal,post_recovery,weekday,48,5,5,2,1,0.2,0.2
2018-01-24,2018-01-24 09:00:00,core,near,core->near,normal,post_recovery,weekday,48,16,15,2,2,0.125,0.13333333333333333
2018-01-24,2018-01-24 09:00:00,core,outer,core->outer,normal,post_recovery,weekday,48,16,15,2,0,0.0,0.0
2018-01-24,2018-01-24 09:00:00,near,core,near->core,normal,post_recovery,weekday,48,19,19,3,2,0.10526315789473684,0.10526315789473684
2018-01-24,2018-01-24 09:00:00,near,outer,near->outer,normal,post_recovery,weekday,48,19,19,3,1,0.05263157894736842,0.05263157894736842
2018-01-24,2018-01-24 09:00:00,outer,core,outer->core,normal,post_recovery,weekday,48,5,4,0,0,0.0,0.0
2018-01-24,2018-01-24 09:00:00,outer,near,outer->near,normal,post_recovery,weekday,48,5,4,0,0,0.0,0.0
2018-01-24,2018-01-24 10:00:00,core,near,core->near,normal,post_recovery,weekday,48,15,15,1,1,0.06666666666666667,0.06666666666666667
2018-01-24,2018-01-24 10:00:00,core,outer,core->outer,normal,post_recovery,weekday,48,15,15,1,0,0.0,0.0
2018-01-24,2018-01-24 10:00:00,near,core,near->core,normal,post_recovery,weekday,48,19,19,3,2,0.10526315789473684,0.10526315789473684
2018-01-24,2018-01-24 10:00:00,near,outer,near->outer,normal,post_recovery,weekday,48,19,19,3,1,0.05263157894736842,0.05263157894736842
2018-01-24,2018-01-24 10:00:00,outer,core,outer->core,normal,post_recovery,weekday,48,6,6,1,0,0.0,0.0
2018-01-24,2018-01-24 10:00:00,outer,near,outer->near,normal,post_recovery,weekday,48,6,6,1,1,0.16666666666666666,0.16666666666666666
2018-01-24,2018-01-24 11:00:00,core,near,core->near,normal,post_recovery,weekday,48,16,16,2,1,0.0625,0.0625
2018-01-24,2018-01-24 11:00:00,core,outer,core->outer,normal,post_recovery,weekday,48,16,16,2,1,0.0625,0.0625
2018-01-24,2018-01-24 11:00:00,near,core,near->core,normal,post_recovery,weekday,48,18,18,1,1,0.05555555555555555,0.05555555555555555
2018-01-24,2018-01-24 11:00:00,near,outer,near->outer,normal,post_recovery,weekday,48,18,18,1,0,0.0,0.0
2018-01-24,2018-01-24 11:00:00,outer,core,outer->core,normal,post_recovery,weekday,48,7,6,1,0,0.0,0.0
2018-01-24,2018-01-24 11:00:00,outer,near,outer->near,normal,post_recovery,weekday,48,7,6,1,1,0.14285714285714285,0.16666666666666666
2018-01-24,2018-01-24 12:00:00,core,near,core->near,normal,post_recovery,weekday,48,15,15,1,1,0.06666666666666667,0.06666666666666667
2018-01-24,2018-01-24 12:00:00,core,outer,core->outer,normal,post_recovery,weekday,48,15,15,1,0,0.0,0.0
2018-01-24,2018-01-24 12:00:00,near,core,near->core,normal,post_recovery,weekday,48,20,20,1,0,0.0,0.0
2018-01-24,2018-01-24 12:00:00,near,outer,near->outer,normal,post_recovery,weekday,48,20,20,1,1,0.05,0.05
2018-01-24,2018-01-24 12:00:00,outer,core,outer->core,normal,post_recovery,weekday,48,7,7,0,0,0.0,0.0
2018-01-24,2018-01-24 12:00:00,outer,near,outer->near,normal,post_recovery,weekday,48,7,7,0,0,0.0,0.0
2018-01-24,2018-01-24 13:00:00,core,near,core->near,normal,post_recovery,weekday,48,14,14,0,0,0.0,0.0
2018-01-24,2018-01-24 13:00:00,core,outer,core->outer,normal,post_recovery,weekday,48,14,14,0,0,0.0,0.0
2018-01-24,2018-01-24 13:00:00,near,core,near->core,normal,post_recovery,weekday,48,21,19,1,1,0.047619047619047616,0.05263157894736842
2018-01-24,2018-01-24 13:00:00,near,outer,near->outer,normal,post_recovery,weekday,48,21,19,1,0,0.0,0.0
2018-01-24,2018-01-24 13:00:00,outer,core,outer->core,normal,post_recovery,weekday,48,8,8,1,0,0.0,0.0
2018-01-24,2018-01-24 13:00:00,outer,near,outer->near,normal,post_recovery,weekday,48,8,8,1,1,0.125,0.125
2018-01-24,2018-01-24 14:00:00,core,near,core->near,normal,post_recovery,weekday,48,15,15,7,7,0.4666666666666667,0.4666666666666667
2018-01-24,2018-01-24 14:00:00,core,outer,core->outer,normal,post_recovery,weekday,48,15,15,7,0,0.0,0.0
2018-01-24,2018-01-24 14:00:00,near,core,near->core,normal,post_recovery,weekday,48,19,19,1,1,0.05263157894736842,0.05263157894736842
2018-01-24,2018-01-24 14:00:00,near,outer,near->outer,normal,post_recovery,weekday,48,19,19,1,0,0.0,0.0
2018-01-24,2018-01-24 14:00:00,outer,core,outer->core,normal,post_recovery,weekday,48,7,7,2,1,0.14285714285714285,0.14285714285714285
2018-01-24,2018-01-24 14:00:00,outer,near,outer->near,normal,post_recovery,weekday,48,7,7,2,1,0.14285714285714285,0.14285714285714285
2018-01-24,2018-01-24 15:00:00,core,near,core->near,normal,post_recovery,weekday,48,10,10,2,2,0.2,0.2
2018-01-24,2018-01-24 15:00:00,core,outer,core->outer,normal,post_recovery,weekday,48,10,10,2,0,0.0,0.0
2018-01-24,2018-01-24 15:00:00,near,core,near->core,normal,post_recovery,weekday,48,26,26,4,4,0.15384615384615385,0.15384615384615385
2018-01-24,2018-01-24 15:00:00,near,outer,near->outer,normal,post_recovery,weekday,48,26,26,4,0,0.0,0.0
2018-01-24,2018-01-24 15:00:00,outer,core,outer->core,normal,post_recovery,weekday,48,5,5,0,0,0.0,0.0
2018-01-24,2018-01-24 15:00:00,outer,near,outer->near,normal,post_recovery,weekday,48,5,5,0,0,0.0,0.0
2018-01-24,2018-01-24 16:00:00,core,near,core->near,normal,post_recovery,weekday,48,12,12,2,2,0.16666666666666666,0.16666666666666666
2018-01-24,2018-01-24 16:00:00,core,outer,core->outer,normal,post_recovery,weekday,48,12,12,2,0,0.0,0.0
2018-01-24,2018-01-24 16:00:00,near,core,near->core,normal,post_recovery,weekday,48,26,24,4,4,0.15384615384615385,0.16666666666666666
2018-01-24,2018-01-24 16:00:00,near,outer,near->outer,normal,post_recovery,weekday,48,26,24,4,0,0.0,0.0
2018-01-24,2018-01-24 16:00:00,outer,core,outer->core,normal,post_recovery,weekday,48,5,5,0,0,0.0,0.0
2018-01-24,2018-01-24 16:00:00,outer,near,outer->near,normal,post_recovery,weekday,48,5,5,0,0,0.0,0.0
2018-01-24,2018-01-24 17:00:00,core,near,core->near,normal,post_recovery,weekday,48,14,14,2,2,0.14285714285714285,0.14285714285714285
2018-01-24,2018-01-24 17:00:00,core,outer,core->outer,normal,post_recovery,weekday,48,14,14,2,0,0.0,0.0
2018-01-24,2018-01-24 17:00:00,near,core,near->core,normal,post_recovery,weekday,48,22,21,1,1,0.045454545454545456,0.047619047619047616
2018-01-24,2018-01-24 17:00:00,near,outer,near->outer,normal,post_recovery,weekday,48,22,21,1,0,0.0,0.0
2018-01-24,2018-01-24 17:00:00,outer,core,outer->core,normal,post_recovery,weekday,48,5,5,0,0,0.0,0.0
2018-01-24,2018-01-24 17:00:00,outer,near,outer->near,normal,post_recovery,weekday,48,5,5,0,0,0.0,0.0
2018-01-24,2018-01-24 18:00:00,core,near,core->near,normal,post_recovery,weekday,48,13,13,4,4,0.3076923076923077,0.3076923076923077
2018-01-24,2018-01-24 18:00:00,core,outer,core->outer,normal,post_recovery,weekday,48,13,13,4,0,0.0,0.0
2018-01-24,2018-01-24 18:00:00,near,core,near->core,normal,post_recovery,weekday,48,23,22,1,1,0.043478260869565216,0.045454545454545456
2018-01-24,2018-01-24 18:00:00,near,outer,near->outer,normal,post_recovery,weekday,48,23,22,1,0,0.0,0.0
2018-01-24,2018-01-24 18:00:00,outer,core,outer->core,normal,post_recovery,weekday,48,5,5,1,1,0.2,0.2
2018-01-24,2018-01-24 18:00:00,outer,near,outer->near,normal,post_recovery,weekday,48,5,5,1,0,0.0,0.0
2018-01-24,2018-01-24 19:00:00,core,near,core->near,normal,post_recovery,weekday,48,11,11,7,6,0.5454545454545454,0.5454545454545454
2018-01-24,2018-01-24 19:00:00,core,outer,core->outer,normal,post_recovery,weekday,48,11,11,7,1,0.09090909090909091,0.09090909090909091
2018-01-24,2018-01-24 19:00:00,near,core,near->core,normal,post_recovery,weekday,48,25,25,1,0,0.0,0.0
2018-01-24,2018-01-24 19:00:00,near,outer,near->outer,normal,post_recovery,weekday,48,25,25,1,1,0.04,0.04
2018-01-24,2018-01-24 19:00:00,outer,core,outer->core,normal,post_recovery,weekday,48,4,4,0,0,0.0,0.0
2018-01-24,2018-01-24 19:00:00,outer,near,outer->near,normal,post_recovery,weekday,48,4,4,0,0,0.0,0.0
2018-01-24,2018-01-24 20:00:00,core,near,core->near,normal,post_recovery,weekday,48,4,4,0,0,0.0,0.0
2018-01-24,2018-01-24 20:00:00,core,outer,core->outer,normal,post_recovery,weekday,48,4,4,0,0,0.0,0.0
2018-01-24,2018-01-24 20:00:00,near,core,near->core,normal,post_recovery,weekday,48,30,30,9,9,0.3,0.3
2018-01-24,2018-01-24 20:00:00,near,outer,near->outer,normal,post_recovery,weekday,48,30,30,9,0,0.0,0.0
2018-01-24,2018-01-24 20:00:00,outer,core,outer->core,normal,post_recovery,weekday,48,6,6,0,0,0.0,0.0
2018-01-24,2018-01-24 20:00:00,outer,near,outer->near,normal,post_recovery,weekday,48,6,6,0,0,0.0,0.0
2018-01-24,2018-01-24 21:00:00,core,near,core->near,normal,post_recovery,weekday,48,13,13,0,0,0.0,0.0
2018-01-24,2018-01-24 21:00:00,core,outer,core->outer,normal,post_recovery,weekday,48,13,13,0,0,0.0,0.0
2018-01-24,2018-01-24 21:00:00,near,core,near->core,normal,post_recovery,weekday,48,22,22,0,0,0.0,0.0
2018-01-24,2018-01-24 21:00:00,near,outer,near->outer,normal,post_recovery,weekday,48,22,22,0,0,0.0,0.0
2018-01-24,2018-01-24 21:00:00,outer,core,outer->core,normal,post_recovery,weekday,48,6,5,0,0,0.0,0.0
2018-01-24,2018-01-24 21:00:00,outer,near,outer->near,normal,post_recovery,weekday,48,6,5,0,0,0.0,0.0
2018-01-24,2018-01-24 22:00:00,core,near,core->near,normal,post_recovery,weekday,48,13,13,2,2,0.15384615384615385,0.15384615384615385
2018-01-24,2018-01-24 22:00:00,core,outer,core->outer,normal,post_recovery,weekday,48,13,13,2,0,0.0,0.0
2018-01-24,2018-01-24 22:00:00,near,core,near->core,normal,post_recovery,weekday,48,22,22,0,0,0.0,0.0
2018-01-24,2018-01-24 22:00:00,near,outer,near->outer,normal,post_recovery,weekday,48,22,22,0,0,0.0,0.0
2018-01-24,2018-01-24 22:00:00,outer,core,outer->core,normal,post_recovery,weekday,48,5,5,0,0,0.0,0.0
2018-01-24,2018-01-24 22:00:00,outer,near,outer->near,normal,post_recovery,weekday,48,5,5,0,0,0.0,0.0
2018-01-24,2018-01-24 23:00:00,core,near,core->near,normal,post_recovery,weekday,48,11,0,0,0,0.0,0.0
2018-01-24,2018-01-24 23:00:00,core,outer,core->outer,normal,post_recovery,weekday,48,11,0,0,0,0.0,0.0
2018-01-24,2018-01-24 23:00:00,near,core,near->core,normal,post_recovery,weekday,48,24,0,0,0,0.0,0.0
2018-01-24,2018-01-24 23:00:00,near,outer,near->outer,normal,post_recovery,weekday,48,24,0,0,0,0.0,0.0
2018-01-24,2018-01-24 23:00:00,outer,core,outer->core,normal,post_recovery,weekday,48,5,0,0,0,0.0,0.0
2018-01-24,2018-01-24 23:00:00,outer,near,outer->near,normal,post_recovery,weekday,48,5,0,0,0,0.0,0.0
