group,source_region,target_region,task_key,hour,n_days,n_days_with_positive_daily_flow,mean_hourly_flow,median_hourly_flow,std_hourly_flow,zero_rate,mean_daily_profile_share,median_daily_profile_share,mean_pair_rate_among_linkable,median_pair_rate_among_linkable
normal_all,core,near,core->near,0,17,0,0.0,0.0,0.0,1.0,0.0,0.0,0.0,0.0
normal_all,core,near,core->near,1,17,1,0.11764705882352941,0.0,0.485071250072666,0.9411764705882353,0.0034602076124567475,0.0,0.0065359477124183,0.0
normal_all,core,near,core->near,2,17,10,1.2941176470588236,1.0,1.6110829386763792,0.4117647058823529,0.046288040599578605,0.045454545454545456,0.0894673953497483,0.07142857142857142
normal_all,core,near,core->near,3,17,9,0.8823529411764706,1.0,0.9926198253344827,0.47058823529411764,0.0336071184038312,0.029411764705882353,0.06618375857130182,0.058823529411764705
normal_all,core,near,core->near,4,17,4,0.5882352941176471,0.0,1.3256518929102281,0.7647058823529411,0.02381607723303225,0.0,0.04351285968933028,0.0
normal_all,core,near,core->near,5,17,5,0.4117647058823529,0.0,0.7122871199007256,0.7058823529411765,0.01699476707216645,0.0,0.028054298642533934,0.0
normal_all,core,near,core->near,6,17,14,2.411764705882353,2.0,2.209604702469759,0.17647058823529413,0.09658904442162627,0.08333333333333333,0.16626506423219228,0.14285714285714285
normal_all,core,near,core->near,7,17,12,1.411764705882353,1.0,1.325651892910228,0.29411764705882354,0.057329471278433214,0.058823529411764705,0.11759955730543967,0.125
normal_all,core,near,core->near,8,17,8,0.6470588235294118,0.0,0.7859052479933758,0.5294117647058824,0.0268676020040714,0.0,0.06014132925897632,0.0
normal_all,core,near,core->near,9,17,10,0.9411764705882353,1.0,0.8993461677306268,0.4117647058823529,0.03885131482956137,0.041666666666666664,0.07616946682690628,0.07692307692307693
normal_all,core,near,core->near,10,17,14,2.0588235294117645,2.0,1.675954512930397,0.17647058823529413,0.0838255913217135,0.07407407407407407,0.17330137183078362,0.15384615384615385
normal_all,core,near,core->near,11,17,11,1.3529411764705883,1.0,1.4975470138942313,0.35294117647058826,0.05396149797442823,0.045454545454545456,0.13133415507982982,0.08333333333333333
normal_all,core,near,core->near,12,17,8,0.5882352941176471,0.0,0.7952062255644572,0.5294117647058824,0.02172926811021907,0.0,0.05013646484234719,0.0
normal_all,core,near,core->near,13,17,5,0.6470588235294118,0.0,1.2217393579743305,0.7058823529411765,0.027022336083754768,0.0,0.0496929541047188,0.0
normal_all,core,near,core->near,14,17,15,1.8235294117647058,1.0,1.7760663739584404,0.11764705882352941,0.07127916764355545,0.05,0.1431532519767814,0.09090909090909091
normal_all,core,near,core->near,15,17,12,1.5294117647058822,2.0,1.4194033543545477,0.29411764705882354,0.05923302147287792,0.058823529411764705,0.1316964081669964,0.14285714285714285
normal_all,core,near,core->near,16,17,9,0.9411764705882353,1.0,1.0880365478290537,0.47058823529411764,0.035808236052836936,0.029411764705882353,0.08323620823620824,0.07692307692307693
normal_all,core,near,core->near,17,17,8,0.5882352941176471,0.0,0.7122871199007256,0.5294117647058824,0.02299728817894908,0.0,0.04463183874948581,0.0
normal_all,core,near,core->near,18,17,13,2.411764705882353,2.0,1.8391174353957038,0.23529411764705882,0.09443248205073983,0.09375,0.19574738986503692,0.2
normal_all,core,near,core->near,19,17,7,1.1764705882352942,0.0,1.8109146210426053,0.5882352941176471,0.04325219063807757,0.0,0.09805643702702527,0.0
normal_all,core,near,core->near,20,17,3,0.29411764705882354,0.0,0.7717436331412898,0.8235294117647058,0.012783295136236312,0.0,0.027196333078686023,0.0
normal_all,core,near,core->near,21,17,4,0.47058823529411764,0.0,0.9432422182837985,0.7647058823529411,0.017524509803921572,0.0,0.033672699849170436,0.0
normal_all,core,near,core->near,22,17,13,1.7647058823529411,2.0,1.6404805608687458,0.23529411764705882,0.06720259621017287,0.058823529411764705,0.12962018631523275,0.13333333333333333
normal_all,core,near,core->near,23,17,8,1.0588235294117647,0.0,1.2976222599091634,0.5294117647058824,0.0451448758677594,0.0,0.08406120023767082,0.0
normal_all,core,outer,core->outer,0,17,1,0.058823529411764705,0.0,0.242535625036333,0.9411764705882353,0.0058823529411764705,0.0,0.005347593582887701,0.0
normal_all,core,outer,core->outer,1,17,0,0.0,0.0,0.0,1.0,0.0,0.0,0.0,0.0
normal_all,core,outer,core->outer,2,17,1,0.058823529411764705,0.0,0.242535625036333,0.9411764705882353,0.00980392156862745,0.0,0.00392156862745098,0.0
normal_all,core,outer,core->outer,3,17,5,0.35294117647058826,0.0,0.6063390625908325,0.7058823529411765,0.048832866479925296,0.0,0.026222796811032106,0.0
normal_all,core,outer,core->outer,4,17,1,0.058823529411764705,0.0,0.242535625036333,0.9411764705882353,0.0058823529411764705,0.0,0.004201680672268907,0.0
normal_all,core,outer,core->outer,5,17,3,0.17647058823529413,0.0,0.3929526239966879,0.8235294117647058,0.041176470588235294,0.0,0.012368024132730013,0.0
normal_all,core,outer,core->outer,6,17,7,1.0,0.0,1.3228756555322954,0.5882352941176471,0.18403361344537814,0.0,0.0705424477483301,0.0
normal_all,core,outer,core->outer,7,17,8,0.6470588235294118,0.0,0.7859052479933758,0.5294117647058824,0.10536881419234359,0.0,0.06358608711549887,0.0
normal_all,core,outer,core->outer,8,17,7,0.4117647058823529,0.0,0.5072996561958923,0.5882352941176471,0.08333333333333334,0.0,0.040334665334665336,0.0
normal_all,core,outer,core->outer,9,17,0,0.0,0.0,0.0,1.0,0.0,0.0,0.0,0.0
normal_all,core,outer,core->outer,10,17,4,0.29411764705882354,0.0,0.5878675320972554,0.7647058823529411,0.04341736694677871,0.0,0.02484917043740573,0.0
normal_all,core,outer,core->outer,11,17,7,0.4117647058823529,0.0,0.5072996561958923,0.5882352941176471,0.10261437908496732,0.0,0.03603131297767976,0.0
normal_all,core,outer,core->outer,12,17,5,0.29411764705882354,0.0,0.46966821831386213,0.7058823529411765,0.05448179271708683,0.0,0.03851540616246498,0.0
normal_all,core,outer,core->outer,13,17,2,0.23529411764705882,0.0,0.7524469885568253,0.8823529411764706,0.039915966386554626,0.0,0.01847662141779789,0.0
normal_all,core,outer,core->outer,14,17,2,0.11764705882352941,0.0,0.3321055820775357,0.8823529411764706,0.023109243697478993,0.0,0.009803921568627453,0.0
normal_all,core,outer,core->outer,15,17,5,0.35294117647058826,0.0,0.6063390625908324,0.7058823529411765,0.0630718954248366,0.0,0.03006535947712418,0.0
normal_all,core,outer,core->outer,16,17,0,0.0,0.0,0.0,1.0,0.0,0.0,0.0,0.0
normal_all,core,outer,core->outer,17,17,1,0.058823529411764705,0.0,0.242535625036333,0.9411764705882353,0.0196078431372549,0.0,0.004201680672268907,0.0
normal_all,core,outer,core->outer,18,17,1,0.058823529411764705,0.0,0.242535625036333,0.9411764705882353,0.00980392156862745,0.0,0.0058823529411764705,0.0
normal_all,core,outer,core->outer,19,17,6,0.4117647058823529,0.0,0.6183469424008423,0.6470588235294118,0.08403361344537814,0.0,0.03409050100226571,0.0
normal_all,core,outer,core->outer,20,17,1,0.058823529411764705,0.0,0.242535625036333,0.9411764705882353,0.014705882352941176,0.0,0.003676470588235294,0.0
normal_all,core,outer,core->outer,21,17,0,0.0,0.0,0.0,1.0,0.0,0.0,0.0,0.0
normal_all,core,outer,core->outer,22,17,2,0.11764705882352941,0.0,0.3321055820775357,0.8823529411764706,0.028011204481792715,0.0,0.0075980392156862735,0.0
normal_all,core,outer,core->outer,23,17,3,0.17647058823529413,0.0,0.3929526239966879,0.8235294117647058,0.032913165266106444,0.0,0.01699346405228758,0.0
normal_all,near,core,near->core,0,17,8,1.0588235294117647,0.0,1.3906198364081266,0.5294117647058824,0.03688021931055987,0.0,0.045777474869546475,0.0
normal_all,near,core,near->core,1,17,2,0.17647058823529413,0.0,0.5285941398709244,0.8823529411764706,0.005827505827505828,0.0,0.008443568815085843,0.0
normal_all,near,core,near->core,2,17,8,0.7058823529411765,0.0,0.8488746876271653,0.5294117647058824,0.023332093869619226,0.0,0.030834312459699455,0.0
normal_all,near,core,near->core,3,17,9,1.1764705882352942,1.0,1.7042334830374277,0.47058823529411764,0.041663999080327675,0.03125,0.044374203044279775,0.03333333333333333
normal_all,near,core,near->core,4,17,6,0.5882352941176471,0.0,0.9393364366277243,0.6470588235294118,0.02140522875816994,0.0,0.02525514553647546,0.0
normal_all,near,core,near->core,5,17,4,0.6470588235294118,0.0,1.4975470138942313,0.7647058823529411,0.022023809523809525,0.0,0.023643757019716098,0.0
normal_all,near,core,near->core,6,17,5,0.4117647058823529,0.0,0.7122871199007256,0.7058823529411765,0.014897669943308888,0.0,0.015967942732648614,0.0
normal_all,near,core,near->core,7,17,13,1.8235294117647058,1.0,2.007339474206065,0.23529411764705882,0.07467722992837757,0.05555555555555555,0.06833650906315265,0.04
normal_all,near,core,near->core,8,17,12,1.5294117647058822,1.0,1.624717169956956,0.29411764705882354,0.05752407614863577,0.03571428571428571,0.055976616151182323,0.04
normal_all,near,core,near->core,9,17,10,0.9411764705882353,1.0,0.9663454503498036,0.4117647058823529,0.039095657504699885,0.037037037037037035,0.03631540769231598,0.038461538461538464
normal_all,near,core,near->core,10,17,10,1.1764705882352942,1.0,1.4677914581799016,0.4117647058823529,0.04742819243593238,0.03333333333333333,0.044999979879636325,0.038461538461538464
normal_all,near,core,near->core,11,17,10,1.588235294117647,1.0,1.839117435395704,0.4117647058823529,0.05802340361163891,0.041666666666666664,0.05655153933142548,0.038461538461538464
normal_all,near,core,near->core,12,17,11,1.2941176470588236,1.0,1.5718104959867516,0.35294117647058826,0.05363141056599474,0.03571428571428571,0.044819607981618055,0.037037037037037035
normal_all,near,core,near->core,13,17,12,1.0,1.0,1.0,0.29411764705882354,0.036628495694231794,0.03333333333333333,0.04050580917411234,0.04
normal_all,near,core,near->core,14,17,11,0.9411764705882353,1.0,0.8993461677306268,0.35294117647058826,0.03746016482084594,0.03571428571428571,0.03710039689118648,0.038461538461538464
normal_all,near,core,near->core,15,17,14,1.7647058823529411,2.0,1.200490095997562,0.17647058823529413,0.06731023033267615,0.07142857142857142,0.0650537247840482,0.06666666666666667
normal_all,near,core,near->core,16,17,16,1.7058823529411764,1.0,1.046703508780838,0.058823529411764705,0.06404440157109101,0.0625,0.06296744905784789,0.05
normal_all,near,core,near->core,17,17,8,0.6470588235294118,0.0,0.7859052479933758,0.5294117647058824,0.02480212438376738,0.0,0.02392710852535494,0.0
normal_all,near,core,near->core,18,17,10,1.2352941176470589,1.0,1.3476559169863187,0.4117647058823529,0.048388417138417135,0.03333333333333333,0.046703304338898306,0.04
normal_all,near,core,near->core,19,17,16,2.0,2.0,1.1726039399558574,0.058823529411764705,0.07765751072172553,0.07142857142857142,0.06933801915088311,0.06896551724137931
normal_all,near,core,near->core,20,17,12,1.8235294117647058,1.0,2.2703329634011578,0.29411764705882354,0.0641233827212529,0.05555555555555555,0.06774417718239925,0.04
normal_all,near,core,near->core,21,17,5,0.47058823529411764,0.0,0.7998161553463028,0.7058823529411765,0.01631652661064426,0.0,0.019413536165454322,0.0
normal_all,near,core,near->core,22,17,6,0.5294117647058824,0.0,1.007326105267277,0.6470588235294118,0.01900108333931863,0.0,0.02011317812149014,0.0
normal_all,near,core,near->core,23,17,10,1.1764705882352942,1.0,1.4677914581799019,0.4117647058823529,0.04785716615744907,0.03333333333333333,0.04510025396435133,0.04
normal_all,near,outer,near->outer,0,17,3,0.23529411764705882,0.0,0.562295714538387,0.8235294117647058,0.02339572192513369,0.0,0.015427709545356605,0.0
normal_all,near,outer,near->outer,1,17,2,0.23529411764705882,0.0,0.7524469885568253,0.8823529411764706,0.021390374331550804,0.0,0.008330918574326282,0.0
normal_all,near,outer,near->outer,2,17,0,0.0,0.0,0.0,1.0,0.0,0.0,0.0,0.0
normal_all,near,outer,near->outer,3,17,6,0.35294117647058826,0.0,0.49259218307188896,0.6470588235294118,0.05011312217194569,0.0,0.014698882129222686,0.0
normal_all,near,outer,near->outer,4,17,3,0.17647058823529413,0.0,0.3929526239966879,0.8235294117647058,0.0211038961038961,0.0,0.007225213134255517,0.0
normal_all,near,outer,near->outer,5,17,1,0.058823529411764705,0.0,0.24253562503633297,0.9411764705882353,0.007352941176470588,0.0,0.0029411764705882353,0.0
normal_all,near,outer,near->outer,6,17,3,0.17647058823529413,0.0,0.3929526239966879,0.8235294117647058,0.02446524064171123,0.0,0.00993353590584387,0.0
normal_all,near,outer,near->outer,7,17,7,0.5294117647058824,0.0,0.7174300539794394,0.5882352941176471,0.05940774911363147,0.0,0.019367107325584835,0.0
normal_all,near,outer,near->outer,8,17,6,0.6470588235294118,0.0,1.0571882797418488,0.6470588235294118,0.08151897122485356,0.0,0.023848986843817702,0.0
normal_all,near,outer,near->outer,9,17,8,0.47058823529411764,0.0,0.5144957554275266,0.5294117647058824,0.05466494290023702,0.0,0.01881860710728011,0.0
normal_all,near,outer,near->outer,10,17,4,0.35294117647058826,0.0,0.7859052479933758,0.7647058823529411,0.05261650114591291,0.0,0.014231819147928206,0.0
normal_all,near,outer,near->outer,11,17,7,0.8235294117647058,0.0,1.3339459376998313,0.5882352941176471,0.08587980646804176,0.0,0.028021875765283474,0.0
normal_all,near,outer,near->outer,12,17,9,0.6470588235294118,1.0,0.701888209634219,0.47058823529411764,0.0800645432998374,0.09090909090909091,0.024472701452352048,0.03333333333333333
normal_all,near,outer,near->outer,13,17,3,0.17647058823529413,0.0,0.3929526239966879,0.8235294117647058,0.02551566080977846,0.0,0.007172929372417864,0.0
normal_all,near,outer,near->outer,14,17,4,0.29411764705882354,0.0,0.5878675320972554,0.7647058823529411,0.030128205128205125,0.0,0.011200282211835258,0.0
normal_all,near,outer,near->outer,15,17,6,0.47058823529411764,0.0,0.7174300539794393,0.6470588235294118,0.055327025915261216,0.0,0.017076685746762472,0.0
normal_all,near,outer,near->outer,16,17,2,0.17647058823529413,0.0,0.5285941398709244,0.8823529411764706,0.028054298642533938,0.0,0.00582346397958516,0.0
normal_all,near,outer,near->outer,17,17,4,0.47058823529411764,0.0,1.0073261052672768,0.7647058823529411,0.0478418640183346,0.0,0.016226920875877234,0.0
normal_all,near,outer,near->outer,18,17,1,0.058823529411764705,0.0,0.242535625036333,0.9411764705882353,0.00392156862745098,0.0,0.001838235294117647,0.0
normal_all,near,outer,near->outer,19,17,12,1.0588235294117647,1.0,0.8993461677306268,0.29411764705882354,0.14261865585394998,0.125,0.038406826294021215,0.037037037037037035
normal_all,near,outer,near->outer,20,17,5,0.29411764705882354,0.0,0.46966821831386213,0.7058823529411765,0.045569136745607336,0.0,0.010842969666499077,0.0
normal_all,near,outer,near->outer,21,17,0,0.0,0.0,0.0,1.0,0.0,0.0,0.0,0.0
normal_all,near,outer,near->outer,22,17,0,0.0,0.0,0.0,1.0,0.0,0.0,0.0,0.0
normal_all,near,outer,near->outer,23,17,5,0.5294117647058824,0.0,1.0675700831106785,0.7058823529411765,0.05904977375565611,0.0,0.02016872579752904,0.0
normal_all,outer,core,outer->core,0,17,0,0.0,0.0,0.0,1.0,0.0,0.0,0.0,0.0
normal_all,outer,core,outer->core,1,17,3,0.17647058823529413,0.0,0.3929526239966879,0.8235294117647058,0.033823529411764704,0.0,0.03300653594771242,0.0
normal_all,outer,core,outer->core,2,17,5,0.35294117647058826,0.0,0.6063390625908324,0.7058823529411765,0.08235294117647059,0.0,0.06624649859943978,0.0
normal_all,outer,core,outer->core,3,17,2,0.11764705882352941,0.0,0.3321055820775357,0.8823529411764706,0.024509803921568624,0.0,0.020168067226890758,0.0
normal_all,outer,core,outer->core,4,17,0,0.0,0.0,0.0,1.0,0.0,0.0,0.0,0.0
normal_all,outer,core,outer->core,5,17,3,0.17647058823529413,0.0,0.3929526239966879,0.8235294117647058,0.06078431372549019,0.0,0.05098039215686274,0.0
normal_all,outer,core,outer->core,6,17,4,0.29411764705882354,0.0,0.5878675320972554,0.7647058823529411,0.052941176470588235,0.0,0.07058823529411765,0.0
normal_all,outer,core,outer->core,7,17,1,0.058823529411764705,0.0,0.242535625036333,0.9411764705882353,0.00980392156862745,0.0,0.0058823529411764705,0.0
normal_all,outer,core,outer->core,8,17,2,0.11764705882352941,0.0,0.3321055820775357,0.8823529411764706,0.0392156862745098,0.0,0.023529411764705882,0.0
normal_all,outer,core,outer->core,9,17,3,0.17647058823529413,0.0,0.3929526239966879,0.8235294117647058,0.048529411764705876,0.0,0.041176470588235294,0.0
normal_all,outer,core,outer->core,10,17,7,0.5294117647058824,0.0,0.7174300539794394,0.5882352941176471,0.13382352941176473,0.0,0.08641456582633053,0.0
normal_all,outer,core,outer->core,11,17,4,0.23529411764705882,0.0,0.4372373160976031,0.7647058823529411,0.048529411764705876,0.0,0.037324929971988795,0.0
normal_all,outer,core,outer->core,12,17,3,0.29411764705882354,0.0,0.7717436331412898,0.8235294117647058,0.08333333333333333,0.0,0.036414565826330535,0.0
normal_all,outer,core,outer->core,13,17,2,0.23529411764705882,0.0,0.6642111641550714,0.8823529411764706,0.034313725490196074,0.0,0.026610644257703077,0.0
normal_all,outer,core,outer->core,14,17,2,0.11764705882352941,0.0,0.3321055820775357,0.8823529411764706,0.026960784313725488,0.0,0.020168067226890758,0.0
normal_all,outer,core,outer->core,15,17,1,0.058823529411764705,0.0,0.242535625036333,0.9411764705882353,0.0196078431372549,0.0,0.011764705882352941,0.0
normal_all,outer,core,outer->core,16,17,3,0.29411764705882354,0.0,0.6859943405700354,0.8235294117647058,0.05,0.0,0.041666666666666664,0.0
normal_all,outer,core,outer->core,17,17,1,0.058823529411764705,0.0,0.242535625036333,0.9411764705882353,0.007352941176470588,0.0,0.008403361344537815,0.0
normal_all,outer,core,outer->core,18,17,5,0.4117647058823529,0.0,0.7122871199007256,0.7058823529411765,0.08186274509803922,0.0,0.06568627450980392,0.0
normal_all,outer,core,outer->core,19,17,3,0.17647058823529413,0.0,0.3929526239966879,0.8235294117647058,0.041176470588235294,0.0,0.03627450980392157,0.0
normal_all,outer,core,outer->core,20,17,0,0.0,0.0,0.0,1.0,0.0,0.0,0.0,0.0
normal_all,outer,core,outer->core,21,17,2,0.11764705882352941,0.0,0.3321055820775357,0.8823529411764706,0.0392156862745098,0.0,0.018207282913165267,0.0
normal_all,outer,core,outer->core,22,17,4,0.23529411764705882,0.0,0.4372373160976031,0.7647058823529411,0.052941176470588235,0.0,0.046638655462184875,0.0
normal_all,outer,core,outer->core,23,17,3,0.17647058823529413,0.0,0.3929526239966879,0.8235294117647058,0.02892156862745098,0.0,0.03823529411764706,0.0
normal_all,outer,near,outer->near,0,17,0,0.0,0.0,0.0,1.0,0.0,0.0,0.0,0.0
normal_all,outer,near,outer->near,1,17,5,0.47058823529411764,0.0,1.0073261052672768,0.7058823529411765,0.037002376708259066,0.0,0.08888888888888889,0.0
normal_all,outer,near,outer->near,2,17,1,0.058823529411764705,0.0,0.242535625036333,0.9411764705882353,0.005347593582887701,0.0,0.00980392156862745,0.0
normal_all,outer,near,outer->near,3,17,1,0.058823529411764705,0.0,0.242535625036333,0.9411764705882353,0.005347593582887701,0.0,0.008403361344537815,0.0
normal_all,outer,near,outer->near,4,17,4,0.29411764705882354,0.0,0.5878675320972554,0.7647058823529411,0.026587301587301583,0.0,0.04248366013071895,0.0
normal_all,outer,near,outer->near,5,17,9,0.8823529411764706,1.0,0.9275204136012635,0.47058823529411764,0.08121763857057974,0.07142857142857142,0.17254901960784316,0.2
normal_all,outer,near,outer->near,6,17,1,0.058823529411764705,0.0,0.242535625036333,0.9411764705882353,0.00326797385620915,0.0,0.014705882352941176,0.0
normal_all,outer,near,outer->near,7,17,7,1.0588235294117647,0.0,1.5600716423971577,0.5882352941176471,0.11844919786096257,0.0,0.15049019607843137,0.0
normal_all,outer,near,outer->near,8,17,4,0.29411764705882354,0.0,0.5878675320972554,0.7647058823529411,0.02859477124183006,0.0,0.055882352941176466,0.0
normal_all,outer,near,outer->near,9,17,7,0.7647058823529411,0.0,1.0914103126634982,0.5882352941176471,0.08584160937102114,0.0,0.11442577030812326,0.0
normal_all,outer,near,outer->near,10,17,8,0.7647058823529411,0.0,1.147247344990711,0.5294117647058824,0.07645785586962058,0.0,0.10406162464985995,0.0
normal_all,outer,near,outer->near,11,17,3,0.17647058823529413,0.0,0.3929526239966879,0.8235294117647058,0.0249554367201426,0.0,0.029971988795518205,0.0
normal_all,outer,near,outer->near,12,17,6,0.35294117647058826,0.0,0.49259218307188896,0.6470588235294118,0.03945123503947034,0.0,0.04890289449112978,0.0
normal_all,outer,near,outer->near,13,17,11,1.0,1.0,1.0,0.35294117647058826,0.10834606569900687,0.09090909090909091,0.12871148459383752,0.14285714285714285
normal_all,outer,near,outer->near,14,17,6,0.4117647058823529,0.0,0.6183469424008423,0.6470588235294118,0.03982471776589423,0.0,0.07030812324929972,0.0
normal_all,outer,near,outer->near,15,17,7,0.5882352941176471,0.0,0.8702602720890289,0.5882352941176471,0.05826967150496563,0.0,0.0911764705882353,0.0
normal_all,outer,near,outer->near,16,17,5,0.35294117647058826,0.0,0.6063390625908325,0.7058823529411765,0.05455818691112809,0.0,0.05252100840336134,0.0
normal_all,outer,near,outer->near,17,17,9,0.5882352941176471,1.0,0.6183469424008423,0.47058823529411764,0.06394194041252865,0.07142857142857142,0.10830999066293184,0.14285714285714285
normal_all,outer,near,outer->near,18,17,9,0.7647058823529411,1.0,0.9034248560828041,0.47058823529411764,0.07479628214922332,0.07142857142857142,0.1360644257703081,0.125
normal_all,outer,near,outer->near,19,17,1,0.058823529411764705,0.0,0.242535625036333,0.9411764705882353,0.008403361344537815,0.0,0.011764705882352941,0.0
normal_all,outer,near,outer->near,20,17,2,0.11764705882352941,0.0,0.3321055820775357,0.8823529411764706,0.011229946524064172,0.0,0.021568627450980395,0.0
normal_all,outer,near,outer->near,21,17,3,0.23529411764705882,0.0,0.562295714538387,0.8235294117647058,0.021638655462184877,0.0,0.047058823529411764,0.0
normal_all,outer,near,outer->near,22,17,2,0.11764705882352941,0.0,0.3321055820775357,0.8823529411764706,0.014705882352941176,0.0,0.026470588235294117,0.0
normal_all,outer,near,outer->near,23,17,1,0.058823529411764705,0.0,0.242535625036333,0.9411764705882353,0.011764705882352941,0.0,0.00980392156862745,0.0
normal_pre_outage,core,near,core->near,0,11,0,0.0,0.0,0.0,1.0,0.0,0.0,0.0,0.0
normal_pre_outage,core,near,core->near,1,11,1,0.18181818181818182,0.0,0.6030226891555271,0.9090909090909091,0.0053475935828877,0.0,0.0101010101010101,0.0
normal_pre_outage,core,near,core->near,2,11,7,1.4545454545454546,1.0,1.8090680674665816,0.36363636363636365,0.05193883656450502,0.045454545454545456,0.10159423909423909,0.07142857142857142
normal_pre_outage,core,near,core->near,3,11,7,1.0909090909090908,1.0,1.044465935734187,0.36363636363636365,0.04100001429546884,0.037037037037037035,0.08295038295038294,0.07692307692307693
normal_pre_outage,core,near,core->near,4,11,2,0.6363636363636364,0.0,1.5666989036012804,0.8181818181818182,0.027326839826839824,0.0,0.04761904761904762,0.0
normal_pre_outage,core,near,core->near,5,11,5,0.6363636363636364,0.0,0.8090398349558905,0.5454545454545454,0.026264640020620886,0.0,0.04335664335664336,0.0
normal_pre_outage,core,near,core->near,6,11,10,2.909090909090909,2.0,2.4271195048676715,0.09090909090909091,0.11653277258751506,0.09090909090909091,0.20186851918135343,0.14285714285714285
normal_pre_outage,core,near,core->near,7,11,8,1.5454545454545454,2.0,1.4396969378057567,0.2727272727272727,0.058653567911589294,0.0625,0.1343421729785366,0.14285714285714285
normal_pre_outage,core,near,core->near,8,11,6,0.6363636363636364,1.0,0.674199862463242,0.45454545454545453,0.026988602356249416,0.029411764705882353,0.06429555293191656,0.06666666666666667
normal_pre_outage,core,near,core->near,9,11,6,0.9090909090909091,1.0,0.9438798074485388,0.45454545454545453,0.03833741078323122,0.041666666666666664,0.07552530654134931,0.06666666666666667
normal_pre_outage,core,near,core->near,10,11,8,1.9090909090909092,2.0,1.7002673586554238,0.2727272727272727,0.08091049869124735,0.07407407407407407,0.16762959262959265,0.2
normal_pre_outage,core,near,core->near,11,11,6,1.3636363636363635,1.0,1.747725795010606,0.45454545454545453,0.05083143837013806,0.029411764705882353,0.1439702454408337,0.1
normal_pre_outage,core,near,core->near,12,11,5,0.6363636363636364,0.0,0.9244162777371755,0.5454545454545454,0.02272249809014515,0.0,0.05324120324120323,0.0
normal_pre_outage,core,near,core->near,13,11,4,0.6363636363636364,0.0,1.0269106361049412,0.6363636363636364,0.02357997394762101,0.0,0.050824175824175824,0.0
normal_pre_outage,core,near,core->near,14,11,10,1.6363636363636365,1.0,1.3618169680781094,0.09090909090909091,0.06933232322867842,0.041666666666666664,0.12826163735254642,0.09090909090909091
normal_pre_outage,core,near,core->near,15,11,8,1.8181818181818181,2.0,1.6011359603844901,0.2727272727272727,0.07286671498956893,0.0625,0.14825729825729825,0.15384615384615385
normal_pre_outage,core,near,core->near,16,11,4,0.5454545454545454,0.0,0.9341987329938276,0.6363636363636364,0.018378462496109554,0.0,0.0476001271455817,0.0
normal_pre_outage,core,near,core->near,17,11,6,0.6363636363636364,1.0,0.6741998624632421,0.45454545454545453,0.027163366936094203,0.03333333333333333,0.04772500227045681,0.07142857142857142
normal_pre_outage,core,near,core->near,18,11,9,2.8181818181818183,3.0,1.8877596148970779,0.18181818181818182,0.11079451079978804,0.10526315789473684,0.22771470953289133,0.23076923076923078
normal_pre_outage,core,near,core->near,19,11,3,0.36363636363636365,0.0,0.674199862463242,0.7272727272727273,0.01577729044834308,0.0,0.031662781662781664,0.0
normal_pre_outage,core,near,core->near,20,11,1,0.09090909090909091,0.0,0.30151134457776363,0.9090909090909091,0.004329004329004329,0.0,0.008264462809917356,0.0
normal_pre_outage,core,near,core->near,21,11,2,0.2727272727272727,0.0,0.6466697906828633,0.8181818181818182,0.008901515151515152,0.0,0.018939393939393936,0.0
normal_pre_outage,core,near,core->near,22,11,8,1.7272727272727273,1.0,1.8488325554743505,0.2727272727272727,0.06294844242705205,0.045454545454545456,0.1197027255041609,0.07692307692307693
normal_pre_outage,core,near,core->near,23,11,4,0.9090909090909091,0.0,1.4459976109624424,0.6363636363636364,0.03907368216578743,0.0,0.06969696969696969,0.0
normal_pre_outage,core,outer,core->outer,0,11,1,0.09090909090909091,0.0,0.30151134457776363,0.9090909090909091,0.009090909090909092,0.0,0.008264462809917356,0.0
normal_pre_outage,core,outer,core->outer,1,11,0,0.0,0.0,0.0,1.0,0.0,0.0,0.0,0.0
normal_pre_outage,core,outer,core->outer,2,11,0,0.0,0.0,0.0,1.0,0.0,0.0,0.0,0.0
normal_pre_outage,core,outer,core->outer,3,11,3,0.36363636363636365,0.0,0.674199862463242,0.7272727272727273,0.052380952380952375,0.0,0.02654012654012654,0.0
normal_pre_outage,core,outer,core->outer,4,11,1,0.09090909090909091,0.0,0.30151134457776363,0.9090909090909091,0.009090909090909092,0.0,0.006493506493506493,0.0
normal_pre_outage,core,outer,core->outer,5,11,3,0.2727272727272727,0.0,0.46709936649691375,0.7272727272727273,0.06363636363636363,0.0,0.019114219114219115,0.0
normal_pre_outage,core,outer,core->outer,6,11,4,0.9090909090909091,0.0,1.300349603340998,0.6363636363636364,0.1924242424242424,0.0,0.06729936729936731,0.0
normal_pre_outage,core,outer,core->outer,7,11,6,0.7272727272727273,1.0,0.7862453931068965,0.45454545454545453,0.12965367965367966,0.1,0.07049162958253867,0.07692307692307693
normal_pre_outage,core,outer,core->outer,8,11,6,0.5454545454545454,1.0,0.5222329678670935,0.45454545454545453,0.11363636363636366,0.1,0.05475963430508886,0.06666666666666667
normal_pre_outage,core,outer,core->outer,9,11,0,0.0,0.0,0.0,1.0,0.0,0.0,0.0,0.0
normal_pre_outage,core,outer,core->outer,10,11,2,0.2727272727272727,0.0,0.6466697906828632,0.8181818181818182,0.04112554112554112,0.0,0.02534965034965035,0.0
normal_pre_outage,core,outer,core->outer,11,11,4,0.36363636363636365,0.0,0.504524979109513,0.6363636363636364,0.08787878787878788,0.0,0.030522418757712878,0.0
normal_pre_outage,core,outer,core->outer,12,11,3,0.2727272727272727,0.0,0.46709936649691375,0.7272727272727273,0.05606060606060606,0.0,0.04285714285714286,0.0
normal_pre_outage,core,outer,core->outer,13,11,1,0.09090909090909091,0.0,0.3015113445777636,0.9090909090909091,0.022727272727272728,0.0,0.007575757575757575,0.0
normal_pre_outage,core,outer,core->outer,14,11,1,0.09090909090909091,0.0,0.3015113445777636,0.9090909090909091,0.022727272727272728,0.0,0.006060606060606061,0.0
normal_pre_outage,core,outer,core->outer,15,11,3,0.2727272727272727,0.0,0.46709936649691375,0.7272727272727273,0.05454545454545454,0.0,0.023737373737373734,0.0
normal_pre_outage,core,outer,core->outer,16,11,0,0.0,0.0,0.0,1.0,0.0,0.0,0.0,0.0
normal_pre_outage,core,outer,core->outer,17,11,1,0.09090909090909091,0.0,0.3015113445777636,0.9090909090909091,0.0303030303030303,0.0,0.006493506493506493,0.0
normal_pre_outage,core,outer,core->outer,18,11,1,0.09090909090909091,0.0,0.30151134457776363,0.9090909090909091,0.01515151515151515,0.0,0.009090909090909092,0.0
normal_pre_outage,core,outer,core->outer,19,11,2,0.2727272727272727,0.0,0.6466697906828633,0.8181818181818182,0.04329004329004329,0.0,0.025252525252525252,0.0
normal_pre_outage,core,outer,core->outer,20,11,0,0.0,0.0,0.0,1.0,0.0,0.0,0.0,0.0
normal_pre_outage,core,outer,core->outer,21,11,0,0.0,0.0,0.0,1.0,0.0,0.0,0.0,0.0
normal_pre_outage,core,outer,core->outer,22,11,2,0.18181818181818182,0.0,0.4045199174779452,0.8181818181818182,0.04329004329004329,0.0,0.011742424242424242,0.0
normal_pre_outage,core,outer,core->outer,23,11,1,0.09090909090909091,0.0,0.3015113445777636,0.9090909090909091,0.012987012987012986,0.0,0.0101010101010101,0.0
normal_pre_outage,near,core,near->core,0,11,3,0.7272727272727273,0.0,1.348399724926484,0.7272727272727273,0.025348725348725346,0.0,0.024850149850149852,0.0
normal_pre_outage,near,core,near->core,1,11,0,0.0,0.0,0.0,1.0,0.0,0.0,0.0,0.0
normal_pre_outage,near,core,near->core,2,11,5,0.6363636363636364,0.0,0.8090398349558906,0.5454545454545454,0.02137072697417525,0.0,0.02745791245791246,0.0
normal_pre_outage,near,core,near->core,3,11,6,1.3636363636363635,1.0,1.9632996344280857,0.45454545454545453,0.04831214443283409,0.03333333333333333,0.049895104895104896,0.03333333333333333
normal_pre_outage,near,core,near->core,4,11,5,0.8181818181818182,0.0,1.0787197799411874,0.5454545454545454,0.030239898989898987,0.0,0.03578392621870883,0.0
normal_pre_outage,near,core,near->core,5,11,3,0.9090909090909091,0.0,1.8140862964338522,0.7272727272727273,0.031195887445887447,0.0,0.03317334839073969,0.0
normal_pre_outage,near,core,near->core,6,11,3,0.45454545454545453,0.0,0.8201995322647243,0.7272727272727273,0.016686259143155694,0.0,0.017794612794612794,0.0
normal_pre_outage,near,core,near->core,7,11,9,2.0,1.0,2.280350850198276,0.18181818181818182,0.08301995737340565,0.05555555555555555,0.07082875729934553,0.04
normal_pre_outage,near,core,near->core,8,11,8,1.8181818181818181,1.0,1.8340219092574561,0.2727272727272727,0.06296306662685973,0.03571428571428571,0.064474683835377,0.034482758620689655
normal_pre_outage,near,core,near->core,9,11,7,0.9090909090909091,1.0,0.8312094145936334,0.36363636363636365,0.03963672024016852,0.037037037037037035,0.03190796925122944,0.038461538461538464
normal_pre_outage,near,core,near->core,10,11,6,1.2727272727272727,1.0,1.7372915179041826,0.45454545454545453,0.050327681577681575,0.03333333333333333,0.04457478005865102,0.041666666666666664
normal_pre_outage,near,core,near->core,11,11,7,1.7272727272727273,1.0,1.9540168418367887,0.36363636363636365,0.06319143819143819,0.05555555555555555,0.0608826819970515,0.038461538461538464
normal_pre_outage,near,core,near->core,12,11,7,1.3636363636363635,1.0,1.8040358795061298,0.36363636363636365,0.05530831716176543,0.034482758620689655,0.046709568806343006,0.037037037037037035
normal_pre_outage,near,core,near->core,13,11,9,1.2727272727272727,1.0,1.1037127426019047,0.18181818181818182,0.04582141198520509,0.037037037037037035,0.0494818645768977,0.04
normal_pre_outage,near,core,near->core,14,11,7,1.0,1.0,1.0,0.36363636363636365,0.037271524771524775,0.03571428571428571,0.037198077012051606,0.037037037037037035
normal_pre_outage,near,core,near->core,15,11,9,1.4545454545454546,1.0,1.0357254813546264,0.18181818181818182,0.057930495430495436,0.05555555555555555,0.05172216068955198,0.043478260869565216
normal_pre_outage,near,core,near->core,16,11,11,1.8181818181818181,2.0,0.873862897505303,0.0,0.0700930694465177,0.06666666666666667,0.06430218535939868,0.06451612903225806
normal_pre_outage,near,core,near->core,17,11,3,0.45454545454545453,0.0,0.8201995322647243,0.7272727272727273,0.017444560548008824,0.0,0.016494473268666817,0.0
normal_pre_outage,near,core,near->core,18,11,5,0.9090909090909091,0.0,1.2210278829367864,0.5454545454545454,0.033062770562770565,0.0,0.03392733703078531,0.0
normal_pre_outage,near,core,near->core,19,11,11,2.5454545454545454,3.0,1.0357254813546264,0.0,0.09554628800318454,0.10714285714285714,0.08559587530666507,0.0967741935483871
normal_pre_outage,near,core,near->core,20,11,8,1.3636363636363635,1.0,1.2862913567871996,0.2727272727272727,0.05058704864739347,0.05555555555555555,0.05353084918302309,0.037037037037037035
normal_pre_outage,near,core,near->core,21,11,3,0.45454545454545453,0.0,0.8201995322647243,0.7272727272727273,0.01628787878787879,0.0,0.019613127320637202,0.0
normal_pre_outage,near,core,near->core,22,11,3,0.2727272727272727,0.0,0.46709936649691375,0.7272727272727273,0.009454665704665704,0.0,0.01098720120459251,0.0
normal_pre_outage,near,core,near->core,23,11,6,1.0909090909090908,1.0,1.300349603340998,0.45454545454545453,0.03889946260635915,0.03333333333333333,0.039810585327826706,0.034482758620689655
normal_pre_outage,near,outer,near->outer,0,11,1,0.09090909090909091,0.0,0.30151134457776363,0.9090909090909091,0.008264462809917356,0.0,0.0034965034965034965,0.0
normal_pre_outage,near,outer,near->outer,1,11,1,0.2727272727272727,0.0,0.9045340337332909,0.9090909090909091,0.024793388429752063,0.0,0.00974025974025974,0.0
normal_pre_outage,near,outer,near->outer,2,11,0,0.0,0.0,0.0,1.0,0.0,0.0,0.0,0.0
normal_pre_outage,near,outer,near->outer,3,11,5,0.45454545454545453,0.0,0.5222329678670934,0.5454545454545454,0.04714452214452214,0.0,0.01908009056334415,0.0
normal_pre_outage,near,outer,near->outer,4,11,1,0.09090909090909091,0.0,0.3015113445777636,0.9090909090909091,0.012987012987012986,0.0,0.003134796238244514,0.0
normal_pre_outage,near,outer,near->outer,5,11,0,0.0,0.0,0.0,1.0,0.0,0.0,0.0,0.0
normal_pre_outage,near,outer,near->outer,6,11,2,0.18181818181818182,0.0,0.4045199174779452,0.8181818181818182,0.026446280991735537,0.0,0.007087365408204988,0.0
normal_pre_outage,near,outer,near->outer,7,11,6,0.7272727272727273,1.0,0.7862453931068965,0.45454545454545453,0.07882496291587202,0.06666666666666667,0.02656398068162774,0.029411764705882353
normal_pre_outage,near,outer,near->outer,8,11,4,0.5454545454545454,0.0,0.9341987329938275,0.6363636363636364,0.06429555293191656,0.0,0.018459256723995322,0.0
normal_pre_outage,near,outer,near->outer,9,11,6,0.5454545454545454,1.0,0.5222329678670935,0.45454545454545453,0.06013153513153513,0.06666666666666667,0.020802109401350452,0.030303030303030304
normal_pre_outage,near,outer,near->outer,10,11,2,0.18181818181818182,0.0,0.40451991747794525,0.8181818181818182,0.030991735537190087,0.0,0.006720430107526881,0.0
normal_pre_outage,near,outer,near->outer,11,11,5,0.9090909090909091,0.0,1.513574937328539,0.5454545454545454,0.08402203856749312,0.0,0.028966708433793075,0.0
normal_pre_outage,near,outer,near->outer,12,11,5,0.6363636363636364,0.0,0.8090398349558906,0.5454545454545454,0.07975736384827294,0.0,0.021959378733572284,0.0
normal_pre_outage,near,outer,near->outer,13,11,3,0.2727272727272727,0.0,0.46709936649691375,0.7272727272727273,0.03943329397874853,0.0,0.011085436302827607,0.0
normal_pre_outage,near,outer,near->outer,14,11,3,0.36363636363636365,0.0,0.6741998624632419,0.7272727272727273,0.0351981351981352,0.0,0.013356957884694017,0.0
normal_pre_outage,near,outer,near->outer,15,11,5,0.5454545454545454,0.0,0.6875516509523286,0.5454545454545454,0.06897647806738716,0.0,0.019657234874626176,0.0
normal_pre_outage,near,outer,near->outer,16,11,2,0.2727272727272727,0.0,0.6466697906828633,0.8181818181818182,0.04335664335664336,0.0,0.0089998988775407,0.0
normal_pre_outage,near,outer,near->outer,17,11,2,0.36363636363636365,0.0,0.9244162777371754,0.8181818181818182,0.03615702479338843,0.0,0.012044407205697528,0.0
normal_pre_outage,near,outer,near->outer,18,11,1,0.09090909090909091,0.0,0.3015113445777636,0.9090909090909091,0.006060606060606061,0.0,0.002840909090909091,0.0
normal_pre_outage,near,outer,near->outer,19,11,7,1.0909090909090908,1.0,1.044465935734187,0.36363636363636365,0.13476523476523478,0.125,0.036561761478335446,0.03225806451612903
normal_pre_outage,near,outer,near->outer,20,11,4,0.36363636363636365,0.0,0.504524979109513,0.6363636363636364,0.05743801652892562,0.0,0.01326081326081326,0.0
normal_pre_outage,near,outer,near->outer,21,11,0,0.0,0.0,0.0,1.0,0.0,0.0,0.0,0.0
normal_pre_outage,near,outer,near->outer,22,11,0,0.0,0.0,0.0,1.0,0.0,0.0,0.0,0.0
normal_pre_outage,near,outer,near->outer,23,11,4,0.7272727272727273,0.0,1.2720777563426766,0.6363636363636364,0.06095571095571096,0.0,0.027381970171938826,0.0
normal_pre_outage,outer,core,outer->core,0,11,0,0.0,0.0,0.0,1.0,0.0,0.0,0.0,0.0
normal_pre_outage,outer,core,outer->core,1,11,1,0.09090909090909091,0.0,0.3015113445777636,0.9090909090909091,0.022727272727272728,0.0,0.018181818181818184,0.0
normal_pre_outage,outer,core,outer->core,2,11,4,0.45454545454545453,0.0,0.6875516509523286,0.6363636363636364,0.10909090909090909,0.0,0.07965367965367966,0.0
normal_pre_outage,outer,core,outer->core,3,11,2,0.18181818181818182,0.0,0.4045199174779452,0.8181818181818182,0.03787878787878787,0.0,0.03116883116883117,0.0
normal_pre_outage,outer,core,outer->core,4,11,0,0.0,0.0,0.0,1.0,0.0,0.0,0.0,0.0
normal_pre_outage,outer,core,outer->core,5,11,2,0.18181818181818182,0.0,0.4045199174779452,0.8181818181818182,0.07575757575757575,0.0,0.06363636363636363,0.0
normal_pre_outage,outer,core,outer->core,6,11,2,0.18181818181818182,0.0,0.4045199174779452,0.8181818181818182,0.03409090909090909,0.0,0.04090909090909091,0.0
normal_pre_outage,outer,core,outer->core,7,11,1,0.09090909090909091,0.0,0.30151134457776363,0.9090909090909091,0.01515151515151515,0.0,0.009090909090909092,0.0
normal_pre_outage,outer,core,outer->core,8,11,1,0.09090909090909091,0.0,0.3015113445777636,0.9090909090909091,0.0303030303030303,0.0,0.018181818181818184,0.0
normal_pre_outage,outer,core,outer->core,9,11,1,0.09090909090909091,0.0,0.3015113445777636,0.9090909090909091,0.045454545454545456,0.0,0.01515151515151515,0.0
normal_pre_outage,outer,core,outer->core,10,11,5,0.5454545454545454,0.0,0.6875516509523286,0.5454545454545454,0.13484848484848486,0.0,0.07900432900432901,0.0
normal_pre_outage,outer,core,outer->core,11,11,2,0.18181818181818182,0.0,0.40451991747794525,0.8181818181818182,0.045454545454545456,0.0,0.026515151515151512,0.0
normal_pre_outage,outer,core,outer->core,12,11,3,0.45454545454545453,0.0,0.9341987329938275,0.7272727272727273,0.12878787878787878,0.0,0.05627705627705628,0.0
normal_pre_outage,outer,core,outer->core,13,11,2,0.36363636363636365,0.0,0.8090398349558905,0.8181818181818182,0.053030303030303025,0.0,0.04112554112554112,0.0
normal_pre_outage,outer,core,outer->core,14,11,0,0.0,0.0,0.0,1.0,0.0,0.0,0.0,0.0
normal_pre_outage,outer,core,outer->core,15,11,1,0.09090909090909091,0.0,0.3015113445777636,0.9090909090909091,0.0303030303030303,0.0,0.018181818181818184,0.0
normal_pre_outage,outer,core,outer->core,16,11,1,0.18181818181818182,0.0,0.6030226891555271,0.9090909090909091,0.022727272727272728,0.0,0.022727272727272728,0.0
normal_pre_outage,outer,core,outer->core,17,11,0,0.0,0.0,0.0,1.0,0.0,0.0,0.0,0.0
normal_pre_outage,outer,core,outer->core,18,11,3,0.36363636363636365,0.0,0.674199862463242,0.7272727272727273,0.059848484848484845,0.0,0.053030303030303025,0.0
normal_pre_outage,outer,core,outer->core,19,11,1,0.09090909090909091,0.0,0.30151134457776363,0.9090909090909091,0.01515151515151515,0.0,0.01515151515151515,0.0
normal_pre_outage,outer,core,outer->core,20,11,0,0.0,0.0,0.0,1.0,0.0,0.0,0.0,0.0
normal_pre_outage,outer,core,outer->core,21,11,2,0.18181818181818182,0.0,0.4045199174779452,0.8181818181818182,0.0606060606060606,0.0,0.02813852813852814,0.0
normal_pre_outage,outer,core,outer->core,22,11,2,0.18181818181818182,0.0,0.40451991747794525,0.8181818181818182,0.045454545454545456,0.0,0.03116883116883117,0.0
normal_pre_outage,outer,core,outer->core,23,11,2,0.18181818181818182,0.0,0.4045199174779452,0.8181818181818182,0.03333333333333333,0.0,0.03636363636363637,0.0
normal_pre_outage,outer,near,outer->near,0,11,0,0.0,0.0,0.0,1.0,0.0,0.0,0.0,0.0
normal_pre_outage,outer,near,outer->near,1,11,4,0.36363636363636365,0.0,0.504524979109513,0.6363636363636364,0.036983471074380166,0.0,0.09696969696969697,0.0
normal_pre_outage,outer,near,outer->near,2,11,1,0.09090909090909091,0.0,0.30151134457776363,0.9090909090909091,0.008264462809917356,0.0,0.01515151515151515,0.0
normal_pre_outage,outer,near,outer->near,3,11,1,0.09090909090909091,0.0,0.3015113445777636,0.9090909090909091,0.008264462809917356,0.0,0.012987012987012986,0.0
normal_pre_outage,outer,near,outer->near,4,11,3,0.36363636363636365,0.0,0.6741998624632419,0.7272727272727273,0.036038961038961044,0.0,0.050505050505050504,0.0
normal_pre_outage,outer,near,outer->near,5,11,6,0.9090909090909091,1.0,0.9438798074485388,0.45454545454545453,0.08727863046044865,0.07142857142857142,0.17575757575757575,0.2
normal_pre_outage,outer,near,outer->near,6,11,0,0.0,0.0,0.0,1.0,0.0,0.0,0.0,0.0
normal_pre_outage,outer,near,outer->near,7,11,4,1.0,0.0,1.6733200530681511,0.6363636363636364,0.10730027548209366,0.0,0.13787878787878788,0.0
normal_pre_outage,outer,near,outer->near,8,11,1,0.09090909090909091,0.0,0.3015113445777636,0.9090909090909091,0.011363636363636364,0.0,0.01515151515151515,0.0
normal_pre_outage,outer,near,outer->near,9,11,5,0.8181818181818182,0.0,1.0787197799411872,0.5454545454545454,0.0720582447855175,0.0,0.11515151515151514,0.0
normal_pre_outage,outer,near,outer->near,10,11,6,1.0,1.0,1.3416407864998738,0.45454545454545453,0.09002361275088548,0.09090909090909091,0.1274891774891775,0.14285714285714285
normal_pre_outage,outer,near,outer->near,11,11,1,0.09090909090909091,0.0,0.3015113445777636,0.9090909090909091,0.008264462809917356,0.0,0.018181818181818184,0.0
normal_pre_outage,outer,near,outer->near,12,11,6,0.5454545454545454,1.0,0.5222329678670935,0.45454545454545453,0.060970090515545056,0.07142857142857142,0.07557720057720058,0.1111111111111111
normal_pre_outage,outer,near,outer->near,13,11,10,1.4545454545454546,1.0,0.9341987329938275,0.09090909090909091,0.15229240456513182,0.125,0.18755411255411258,0.16666666666666666
normal_pre_outage,outer,near,outer->near,14,11,4,0.36363636363636365,0.0,0.504524979109513,0.6363636363636364,0.036294765840220386,0.0,0.06969696969696969,0.0
normal_pre_outage,outer,near,outer->near,15,11,5,0.5454545454545454,0.0,0.6875516509523286,0.5454545454545454,0.054338842975206615,0.0,0.09545454545454546,0.0
normal_pre_outage,outer,near,outer->near,16,11,3,0.36363636363636365,0.0,0.674199862463242,0.7272727272727273,0.03128689492325856,0.0,0.05465367965367965,0.0
normal_pre_outage,outer,near,outer->near,17,11,6,0.6363636363636364,1.0,0.674199862463242,0.45454545454545453,0.06310507674144038,0.07142857142857142,0.11868686868686869,0.16666666666666666
normal_pre_outage,outer,near,outer->near,18,11,7,0.7272727272727273,1.0,0.6466697906828633,0.36363636363636365,0.06689295552931916,0.09090909090909091,0.13885281385281384,0.16666666666666666
normal_pre_outage,outer,near,outer->near,19,11,0,0.0,0.0,0.0,1.0,0.0,0.0,0.0,0.0
normal_pre_outage,outer,near,outer->near,20,11,2,0.18181818181818182,0.0,0.4045199174779452,0.8181818181818182,0.017355371900826446,0.0,0.03333333333333333,0.0
normal_pre_outage,outer,near,outer->near,21,11,3,0.36363636363636365,0.0,0.6741998624632419,0.7272727272727273,0.033441558441558446,0.0,0.07272727272727274,0.0
normal_pre_outage,outer,near,outer->near,22,11,0,0.0,0.0,0.0,1.0,0.0,0.0,0.0,0.0
normal_pre_outage,outer,near,outer->near,23,11,1,0.09090909090909091,0.0,0.30151134457776363,0.9090909090909091,0.018181818181818184,0.0,0.01515151515151515,0.0
normal_post_recovery,core,near,core->near,0,6,0,0.0,0.0,0.0,1.0,0.0,0.0,0.0,0.0
normal_post_recovery,core,near,core->near,1,6,0,0.0,0.0,0.0,1.0,0.0,0.0,0.0,0.0
normal_post_recovery,core,near,core->near,2,6,3,1.0,0.5,1.2649110640673518,0.5,0.03592824799721351,0.022727272727272728,0.0672348484848485,0.045454545454545456
normal_post_recovery,core,near,core->near,3,6,2,0.5,0.0,0.8366600265340756,0.6666666666666666,0.020053475935828877,0.0,0.0354449472096531,0.0
normal_post_recovery,core,near,core->near,4,6,2,0.5,0.0,0.8366600265340756,0.6666666666666666,0.017379679144385027,0.0,0.03598484848484849,0.0
normal_post_recovery,core,near,core->near,5,6,0,0.0,0.0,0.0,1.0,0.0,0.0,0.0,0.0
normal_post_recovery,core,near,core->near,6,6,4,1.5,1.5,1.51657508881031,0.3333333333333333,0.06002554278416348,0.06111111111111111,0.10099206349206351,0.09821428571428571
normal_post_recovery,core,near,core->near,7,6,4,1.1666666666666667,1.0,1.1690451944500122,0.3333333333333333,0.054901960784313725,0.03137254901960784,0.08690476190476192,0.07738095238095238
normal_post_recovery,core,near,core->near,8,6,2,0.6666666666666666,0.0,1.0327955589886446,0.6666666666666666,0.02664576802507837,0.0,0.05252525252525253,0.0
normal_post_recovery,core,near,core->near,9,6,4,1.0,1.0,0.8944271909999159,0.3333333333333333,0.039793472247833306,0.039968652037617555,0.07735042735042735,0.08846153846153847
normal_post_recovery,core,near,core->near,10,6,6,2.3333333333333335,1.5,1.7511900715418263,0.0,0.08916992781090144,0.07777777777777778,0.18369963369963369,0.11538461538461539
normal_post_recovery,core,near,core->near,11,6,5,1.3333333333333333,1.0,1.0327955589886444,0.16666666666666666,0.05969994058229352,0.04772727272727273,0.1081679894179894,0.075
normal_post_recovery,core,near,core->near,12,6,3,0.5,0.5,0.5477225575051661,0.5,0.019908346480354593,0.014705882352941176,0.044444444444444446,0.03333333333333333
normal_post_recovery,core,near,core->near,13,6,1,0.6666666666666666,0.0,1.632993161855452,0.8333333333333334,0.03333333333333333,0.0,0.047619047619047616,0.0
normal_post_recovery,core,near,core->near,14,6,5,2.1666666666666665,1.5,2.4832774042918904,0.16666666666666666,0.07484838240416335,0.059482758620689656,0.1704545454545455,0.13636363636363635
normal_post_recovery,core,near,core->near,15,6,4,1.0,1.0,0.8944271909999159,0.3333333333333333,0.03423791669227775,0.039968652037617555,0.10133477633477633,0.11309523809523808
normal_post_recovery,core,near,core->near,16,6,5,1.6666666666666667,2.0,1.0327955589886444,0.16666666666666666,0.06776282090683715,0.06274509803921569,0.14856902356902355,0.17424242424242425
normal_post_recovery,core,near,core->near,17,6,2,0.5,0.0,0.8366600265340756,0.6666666666666666,0.015359477124183007,0.0,0.03896103896103896,0.0
normal_post_recovery,core,near,core->near,18,6,4,1.6666666666666667,1.5,1.632993161855452,0.3333333333333333,0.06443542934415146,0.05114942528735632,0.13714063714063715,0.13257575757575757
normal_post_recovery,core,near,core->near,19,6,4,2.6666666666666665,3.0,2.3380903889000244,0.3333333333333333,0.09362284098592416,0.10172413793103449,0.21977813852813852,0.23660714285714285
normal_post_recovery,core,near,core->near,20,6,2,0.6666666666666666,0.0,1.2110601416389968,0.6666666666666666,0.02828282828282828,0.0,0.06190476190476191,0.0
normal_post_recovery,core,near,core->near,21,6,2,0.8333333333333334,0.0,1.3291601358251257,0.6666666666666666,0.03333333333333333,0.0,0.06068376068376069,0.0
normal_post_recovery,core,near,core->near,22,6,5,1.8333333333333333,2.0,1.329160135825126,0.16666666666666666,0.07500187814589437,0.06274509803921569,0.1478021978021978,0.15384615384615385
normal_post_recovery,core,near,core->near,23,6,4,1.3333333333333333,2.0,1.0327955589886446,0.3333333333333333,0.056275397654707994,0.067816091954023,0.11039562289562288,0.12916666666666665
normal_post_recovery,core,outer,core->outer,0,6,0,0.0,0.0,0.0,1.0,0.0,0.0,0.0,0.0
normal_post_recovery,core,outer,core->outer,1,6,0,0.0,0.0,0.0,1.0,0.0,0.0,0.0,0.0
normal_post_recovery,core,outer,core->outer,2,6,1,0.16666666666666666,0.0,0.408248290463863,0.8333333333333334,0.027777777777777776,0.0,0.011111111111111112,0.0
normal_post_recovery,core,outer,core->outer,3,6,2,0.3333333333333333,0.0,0.5163977794943223,0.6666666666666666,0.042328042328042326,0.0,0.025641025641025644,0.0
normal_post_recovery,core,outer,core->outer,4,6,0,0.0,0.0,0.0,1.0,0.0,0.0,0.0,0.0
normal_post_recovery,core,outer,core->outer,5,6,0,0.0,0.0,0.0,1.0,0.0,0.0,0.0,0.0
normal_post_recovery,core,outer,core->outer,6,6,3,1.1666666666666667,0.5,1.4719601443879744,0.5,0.16865079365079363,0.125,0.07648809523809523,0.03571428571428571
normal_post_recovery,core,outer,core->outer,7,6,2,0.5,0.0,0.8366600265340756,0.6666666666666666,0.06084656084656084,0.0,0.05092592592592592,0.0
normal_post_recovery,core,outer,core->outer,8,6,1,0.16666666666666666,0.0,0.408248290463863,0.8333333333333334,0.027777777777777776,0.0,0.013888888888888888,0.0
normal_post_recovery,core,outer,core->outer,9,6,0,0.0,0.0,0.0,1.0,0.0,0.0,0.0,0.0
normal_post_recovery,core,outer,core->outer,10,6,2,0.3333333333333333,0.0,0.5163977794943223,0.6666666666666666,0.047619047619047616,0.0,0.02393162393162393,0.0
normal_post_recovery,core,outer,core->outer,11,6,3,0.5,0.5,0.5477225575051661,0.5,0.12962962962962962,0.05555555555555555,0.046130952380952384,0.03125
normal_post_recovery,core,outer,core->outer,12,6,2,0.3333333333333333,0.0,0.5163977794943223,0.6666666666666666,0.05158730158730159,0.0,0.030555555555555558,0.0
normal_post_recovery,core,outer,core->outer,13,6,1,0.5,0.0,1.224744871391589,0.8333333333333334,0.07142857142857142,0.0,0.038461538461538464,0.0
normal_post_recovery,core,outer,core->outer,14,6,1,0.16666666666666666,0.0,0.408248290463863,0.8333333333333334,0.023809523809523808,0.0,0.016666666666666666,0.0
normal_post_recovery,core,outer,core->outer,15,6,2,0.5,0.0,0.8366600265340756,0.6666666666666666,0.0787037037037037,0.0,0.041666666666666664,0.0
normal_post_recovery,core,outer,core->outer,16,6,0,0.0,0.0,0.0,1.0,0.0,0.0,0.0,0.0
normal_post_recovery,core,outer,core->outer,17,6,0,0.0,0.0,0.0,1.0,0.0,0.0,0.0,0.0
normal_post_recovery,core,outer,core->outer,18,6,0,0.0,0.0,0.0,1.0,0.0,0.0,0.0,0.0
normal_post_recovery,core,outer,core->outer,19,6,4,0.6666666666666666,1.0,0.5163977794943223,0.3333333333333333,0.15873015873015872,0.14285714285714285,0.050293456543456544,0.06696428571428571
normal_post_recovery,core,outer,core->outer,20,6,1,0.16666666666666666,0.0,0.408248290463863,0.8333333333333334,0.041666666666666664,0.0,0.010416666666666666,0.0
normal_post_recovery,core,outer,core->outer,21,6,0,0.0,0.0,0.0,1.0,0.0,0.0,0.0,0.0
normal_post_recovery,core,outer,core->outer,22,6,0,0.0,0.0,0.0,1.0,0.0,0.0,0.0,0.0
normal_post_recovery,core,outer,core->outer,23,6,2,0.3333333333333333,0.0,0.5163977794943223,0.6666666666666666,0.06944444444444443,0.0,0.029629629629629627,0.0
normal_post_recovery,near,core,near->core,0,6,5,1.6666666666666667,1.5,1.3662601021279464,0.16666666666666666,0.058021291573923155,0.05661881977671451,0.08414423740510697,0.08695652173913043
normal_post_recovery,near,core,near->core,1,6,2,0.5,0.0,0.8366600265340756,0.6666666666666666,0.016511266511266512,0.0,0.023923444976076555,0.0
normal_post_recovery,near,core,near->core,2,6,3,0.8333333333333334,0.5,0.983192080250175,0.5,0.02692793317793318,0.019230769230769232,0.037024379129642286,0.022727272727272728
normal_post_recovery,near,core,near->core,3,6,3,0.8333333333333334,0.5,1.1690451944500122,0.5,0.029475732600732597,0.015625,0.034252549651100375,0.018518518518518517
normal_post_recovery,near,core,near->core,4,6,1,0.16666666666666666,0.0,0.408248290463863,0.8333333333333334,0.005208333333333333,0.0,0.005952380952380952,0.0
normal_post_recovery,near,core,near->core,5,6,1,0.16666666666666666,0.0,0.408248290463863,0.8333333333333334,0.005208333333333333,0.0,0.006172839506172839,0.0
normal_post_recovery,near,core,near->core,6,6,2,0.3333333333333333,0.0,0.5163977794943223,0.6666666666666666,0.011618589743589744,0.0,0.012619047619047618,0.0
normal_post_recovery,near,core,near->core,7,6,4,1.5,1.5,1.51657508881031,0.3333333333333333,0.059382229612492766,0.054086538461538464,0.06376738729679905,0.05555555555555555
normal_post_recovery,near,core,near->core,8,6,4,1.0,1.0,1.0954451150103321,0.3333333333333333,0.04755259360522518,0.03300865800865801,0.040396825396825396,0.04380952380952381
normal_post_recovery,near,core,near->core,9,6,3,1.0,0.5,1.2649110640673518,0.5,0.03810370915634074,0.02631578947368421,0.044395711500974655,0.025
normal_post_recovery,near,core,near->core,10,6,4,1.0,1.0,0.8944271909999159,0.3333333333333333,0.0421124623427255,0.043402777777777776,0.04577951288477603,0.03708791208791209
normal_post_recovery,near,core,near->core,11,6,3,1.3333333333333333,0.5,1.7511900715418265,0.5,0.04854867354867356,0.015151515151515152,0.048611111111111105,0.027777777777777776
normal_post_recovery,near,core,near->core,12,6,4,1.1666666666666667,1.0,1.1690451944500122,0.3333333333333333,0.0505570818070818,0.03708791208791209,0.041354679802955666,0.03785714285714285
normal_post_recovery,near,core,near->core,13,6,3,0.5,0.5,0.5477225575051661,0.5,0.019774815827447407,0.015151515151515152,0.024049707602339182,0.020833333333333332
normal_post_recovery,near,core,near->core,14,6,4,0.8333333333333334,1.0,0.752772652709081,0.3333333333333333,0.03780600491126807,0.03300865800865801,0.03692131666960042,0.04096989966555184
normal_post_recovery,near,core,near->core,15,6,5,2.3333333333333335,2.5,1.3662601021279464,0.16666666666666666,0.08450641098667415,0.09950657894736842,0.08949492562395789,0.09600614439324116
normal_post_recovery,near,core,near->core,16,6,5,1.5,1.0,1.378404875209022,0.16666666666666666,0.05295517713280871,0.044172932330827065,0.06052043250500474,0.04673913043478261
normal_post_recovery,near,core,near->core,17,6,5,1.0,1.0,0.6324555320336759,0.16666666666666666,0.03829099141599142,0.033482142857142856,0.03755360649594984,0.039351851851851846
normal_post_recovery,near,core,near->core,18,6,5,1.8333333333333333,1.5,1.4719601443879746,0.16666666666666666,0.07648543586043587,0.05631868131868132,0.07012591107043879,0.05721003134796238
normal_post_recovery,near,core,near->core,19,6,5,1.0,1.0,0.6324555320336759,0.16666666666666666,0.044861419039050617,0.03708791208791209,0.03953194953194953,0.039230769230769236
normal_post_recovery,near,core,near->core,20,6,4,2.6666666666666665,1.5,3.4448028487370173,0.3333333333333333,0.08893999518999518,0.059027777777777776,0.09380194518125552,0.05448275862068966
normal_post_recovery,near,core,near->core,21,6,2,0.5,0.0,0.8366600265340756,0.6666666666666666,0.01636904761904762,0.0,0.019047619047619046,0.0
normal_post_recovery,near,core,near->core,22,6,3,1.0,0.5,1.5491933384829668,0.5,0.036502849002849,0.019230769230769232,0.03684413580246913,0.015625
normal_post_recovery,near,core,near->core,23,6,4,1.3333333333333333,1.0,1.8618986725025257,0.3333333333333333,0.06427962266778055,0.033482142857142856,0.0547979797979798,0.041666666666666664
normal_post_recovery,near,outer,near->outer,0,6,2,0.5,0.0,0.8366600265340756,0.6666666666666666,0.05113636363636364,0.0,0.0373015873015873,0.0
normal_post_recovery,near,outer,near->outer,1,6,1,0.16666666666666666,0.0,0.408248290463863,0.8333333333333334,0.015151515151515152,0.0,0.005747126436781609,0.0
normal_post_recovery,near,outer,near->outer,2,6,0,0.0,0.0,0.0,1.0,0.0,0.0,0.0,0.0
normal_post_recovery,near,outer,near->outer,3,6,1,0.16666666666666666,0.0,0.408248290463863,0.8333333333333334,0.05555555555555555,0.0,0.006666666666666667,0.0
normal_post_recovery,near,outer,near->outer,4,6,2,0.3333333333333333,0.0,0.5163977794943223,0.6666666666666666,0.03598484848484849,0.0,0.014724310776942355,0.0
normal_post_recovery,near,outer,near->outer,5,6,1,0.16666666666666666,0.0,0.408248290463863,0.8333333333333334,0.020833333333333332,0.0,0.008333333333333333,0.0
normal_post_recovery,near,outer,near->outer,6,6,1,0.16666666666666666,0.0,0.408248290463863,0.8333333333333334,0.020833333333333332,0.0,0.015151515151515152,0.0
normal_post_recovery,near,outer,near->outer,7,6,1,0.16666666666666666,0.0,0.408248290463863,0.8333333333333334,0.023809523809523808,0.0,0.006172839506172839,0.0
normal_post_recovery,near,outer,near->outer,8,6,2,0.8333333333333334,0.0,1.3291601358251257,0.6666666666666666,0.1130952380952381,0.0,0.03373015873015873,0.0
normal_post_recovery,near,outer,near->outer,9,6,2,0.3333333333333333,0.0,0.5163977794943223,0.6666666666666666,0.044642857142857144,0.0,0.015182186234817813,0.0
normal_post_recovery,near,outer,near->outer,10,6,2,0.6666666666666666,0.0,1.2110601416389968,0.6666666666666666,0.09226190476190477,0.0,0.028002699055330635,0.0
normal_post_recovery,near,outer,near->outer,11,6,2,0.6666666666666666,0.0,1.0327955589886446,0.6666666666666666,0.08928571428571429,0.0,0.02628968253968254,0.0
normal_post_recovery,near,outer,near->outer,12,6,4,0.6666666666666666,1.0,0.5163977794943223,0.3333333333333333,0.08062770562770562,0.10795454545454546,0.029080459770114947,0.037241379310344824
normal_post_recovery,near,outer,near->outer,13,6,0,0.0,0.0,0.0,1.0,0.0,0.0,0.0,0.0
normal_post_recovery,near,outer,near->outer,14,6,1,0.16666666666666666,0.0,0.408248290463863,0.8333333333333334,0.020833333333333332,0.0,0.007246376811594203,0.0
normal_post_recovery,near,outer,near->outer,15,6,1,0.3333333333333333,0.0,0.816496580927726,0.8333333333333334,0.030303030303030304,0.0,0.012345679012345678,0.0
normal_post_recovery,near,outer,near->outer,16,6,0,0.0,0.0,0.0,1.0,0.0,0.0,0.0,0.0
normal_post_recovery,near,outer,near->outer,17,6,2,0.6666666666666666,0.0,1.2110601416389968,0.6666666666666666,0.06926406926406926,0.0,0.02389486260454002,0.0
normal_post_recovery,near,outer,near->outer,18,6,0,0.0,0.0,0.0,1.0,0.0,0.0,0.0,0.0
normal_post_recovery,near,outer,near->outer,19,6,5,1.0,1.0,0.6324555320336759,0.16666666666666666,0.15701659451659453,0.13392857142857142,0.041789445122778456,0.039230769230769236
normal_post_recovery,near,outer,near->outer,20,6,1,0.16666666666666666,0.0,0.408248290463863,0.8333333333333334,0.023809523809523808,0.0,0.006410256410256411,0.0
normal_post_recovery,near,outer,near->outer,21,6,0,0.0,0.0,0.0,1.0,0.0,0.0,0.0,0.0
normal_post_recovery,near,outer,near->outer,22,6,0,0.0,0.0,0.0,1.0,0.0,0.0,0.0,0.0
normal_post_recovery,near,outer,near->outer,23,6,1,0.16666666666666666,0.0,0.408248290463863,0.8333333333333334,0.05555555555555555,0.0,0.006944444444444444,0.0
normal_post_recovery,outer,core,outer->core,0,6,0,0.0,0.0,0.0,1.0,0.0,0.0,0.0,0.0
normal_post_recovery,outer,core,outer->core,1,6,2,0.3333333333333333,0.0,0.5163977794943223,0.6666666666666666,0.05416666666666667,0.0,0.06018518518518518,0.0
normal_post_recovery,outer,core,outer->core,2,6,1,0.16666666666666666,0.0,0.408248290463863,0.8333333333333334,0.03333333333333333,0.0,0.041666666666666664,0.0
normal_post_recovery,outer,core,outer->core,3,6,0,0.0,0.0,0.0,1.0,0.0,0.0,0.0,0.0
normal_post_recovery,outer,core,outer->core,4,6,0,0.0,0.0,0.0,1.0,0.0,0.0,0.0,0.0
normal_post_recovery,outer,core,outer->core,5,6,1,0.16666666666666666,0.0,0.408248290463863,0.8333333333333334,0.03333333333333333,0.0,0.027777777777777776,0.0
normal_post_recovery,outer,core,outer->core,6,6,2,0.5,0.0,0.8366600265340756,0.6666666666666666,0.08750000000000001,0.0,0.125,0.0
normal_post_recovery,outer,core,outer->core,7,6,0,0.0,0.0,0.0,1.0,0.0,0.0,0.0,0.0
normal_post_recovery,outer,core,outer->core,8,6,1,0.16666666666666666,0.0,0.408248290463863,0.8333333333333334,0.05555555555555555,0.0,0.03333333333333333,0.0
normal_post_recovery,outer,core,outer->core,9,6,2,0.3333333333333333,0.0,0.5163977794943223,0.6666666666666666,0.05416666666666667,0.0,0.08888888888888889,0.0
normal_post_recovery,outer,core,outer->core,10,6,2,0.5,0.0,0.8366600265340756,0.6666666666666666,0.13194444444444445,0.0,0.10000000000000002,0.0
normal_post_recovery,outer,core,outer->core,11,6,2,0.3333333333333333,0.0,0.5163977794943223,0.6666666666666666,0.05416666666666667,0.0,0.05714285714285714,0.0
normal_post_recovery,outer,core,outer->core,12,6,0,0.0,0.0,0.0,1.0,0.0,0.0,0.0,0.0
normal_post_recovery,outer,core,outer->core,13,6,0,0.0,0.0,0.0,1.0,0.0,0.0,0.0,0.0
normal_post_recovery,outer,core,outer->core,14,6,2,0.3333333333333333,0.0,0.5163977794943223,0.6666666666666666,0.07638888888888888,0.0,0.05714285714285714,0.0
normal_post_recovery,outer,core,outer->core,15,6,0,0.0,0.0,0.0,1.0,0.0,0.0,0.0,0.0
normal_post_recovery,outer,core,outer->core,16,6,2,0.5,0.0,0.8366600265340756,0.6666666666666666,0.10000000000000002,0.0,0.07638888888888888,0.0
normal_post_recovery,outer,core,outer->core,17,6,1,0.16666666666666666,0.0,0.408248290463863,0.8333333333333334,0.020833333333333332,0.0,0.023809523809523808,0.0
normal_post_recovery,outer,core,outer->core,18,6,2,0.5,0.0,0.8366600265340756,0.6666666666666666,0.12222222222222223,0.0,0.08888888888888889,0.0
normal_post_recovery,outer,core,outer->core,19,6,2,0.3333333333333333,0.0,0.5163977794943223,0.6666666666666666,0.08888888888888889,0.0,0.075,0.0
normal_post_recovery,outer,core,outer->core,20,6,0,0.0,0.0,0.0,1.0,0.0,0.0,0.0,0.0
normal_post_recovery,outer,core,outer->core,21,6,0,0.0,0.0,0.0,1.0,0.0,0.0,0.0,0.0
normal_post_recovery,outer,core,outer->core,22,6,2,0.3333333333333333,0.0,0.5163977794943223,0.6666666666666666,0.06666666666666667,0.0,0.075,0.0
normal_post_recovery,outer,core,outer->core,23,6,1,0.16666666666666666,0.0,0.408248290463863,0.8333333333333334,0.020833333333333332,0.0,0.041666666666666664,0.0
normal_post_recovery,outer,near,outer->near,0,6,0,0.0,0.0,0.0,1.0,0.0,0.0,0.0,0.0
normal_post_recovery,outer,near,outer->near,1,6,1,0.6666666666666666,0.0,1.632993161855452,0.8333333333333334,0.037037037037037035,0.0,0.07407407407407407,0.0
normal_post_recovery,outer,near,outer->near,2,6,0,0.0,0.0,0.0,1.0,0.0,0.0,0.0,0.0
normal_post_recovery,outer,near,outer->near,3,6,0,0.0,0.0,0.0,1.0,0.0,0.0,0.0,0.0
normal_post_recovery,outer,near,outer->near,4,6,1,0.16666666666666666,0.0,0.408248290463863,0.8333333333333334,0.009259259259259259,0.0,0.027777777777777776,0.0
normal_post_recovery,outer,near,outer->near,5,6,3,0.8333333333333334,0.5,0.983192080250175,0.5,0.0701058201058201,0.05555555555555555,0.16666666666666666,0.16666666666666666
normal_post_recovery,outer,near,outer->near,6,6,1,0.16666666666666666,0.0,0.408248290463863,0.8333333333333334,0.009259259259259259,0.0,0.041666666666666664,0.0
normal_post_recovery,outer,near,outer->near,7,6,3,1.1666666666666667,0.5,1.4719601443879746,0.5,0.13888888888888887,0.08333333333333333,0.17361111111111113,0.08333333333333333
normal_post_recovery,outer,near,outer->near,8,6,3,0.6666666666666666,0.5,0.816496580927726,0.5,0.060185185185185175,0.041666666666666664,0.13055555555555554,0.1
normal_post_recovery,outer,near,outer->near,9,6,2,0.6666666666666666,0.0,1.2110601416389968,0.6666666666666666,0.1111111111111111,0.0,0.1130952380952381,0.0
normal_post_recovery,outer,near,outer->near,10,6,2,0.3333333333333333,0.0,0.5163977794943223,0.6666666666666666,0.05158730158730159,0.0,0.061111111111111116,0.0
normal_post_recovery,outer,near,outer->near,11,6,2,0.3333333333333333,0.0,0.5163977794943223,0.6666666666666666,0.05555555555555555,0.0,0.05158730158730159,0.0
normal_post_recovery,outer,near,outer->near,12,6,0,0.0,0.0,0.0,1.0,0.0,0.0,0.0,0.0
normal_post_recovery,outer,near,outer->near,13,6,1,0.16666666666666666,0.0,0.408248290463863,0.8333333333333334,0.027777777777777776,0.0,0.020833333333333332,0.0
normal_post_recovery,outer,near,outer->near,14,6,2,0.5,0.0,0.8366600265340756,0.6666666666666666,0.0462962962962963,0.0,0.07142857142857142,0.0
normal_post_recovery,outer,near,outer->near,15,6,2,0.6666666666666666,0.0,1.2110601416389968,0.6666666666666666,0.06547619047619048,0.0,0.08333333333333333,0.0
normal_post_recovery,outer,near,outer->near,16,6,2,0.3333333333333333,0.0,0.5163977794943223,0.6666666666666666,0.09722222222222222,0.0,0.048611111111111105,0.0
normal_post_recovery,outer,near,outer->near,17,6,3,0.5,0.5,0.5477225575051661,0.5,0.06547619047619047,0.041666666666666664,0.08928571428571429,0.07142857142857142
normal_post_recovery,outer,near,outer->near,18,6,2,0.8333333333333334,0.0,1.3291601358251257,0.6666666666666666,0.08928571428571429,0.0,0.13095238095238096,0.0
normal_post_recovery,outer,near,outer->near,19,6,1,0.16666666666666666,0.0,0.408248290463863,0.8333333333333334,0.023809523809523808,0.0,0.03333333333333333,0.0
normal_post_recovery,outer,near,outer->near,20,6,0,0.0,0.0,0.0,1.0,0.0,0.0,0.0,0.0
normal_post_recovery,outer,near,outer->near,21,6,0,0.0,0.0,0.0,1.0,0.0,0.0,0.0,0.0
normal_post_recovery,outer,near,outer->near,22,6,2,0.3333333333333333,0.0,0.5163977794943223,0.6666666666666666,0.041666666666666664,0.0,0.075,0.0
normal_post_recovery,outer,near,outer->near,23,6,0,0.0,0.0,0.0,1.0,0.0,0.0,0.0,0.0
normal_weekday,core,near,core->near,0,13,0,0.0,0.0,0.0,1.0,0.0,0.0,0.0,0.0
normal_weekday,core,near,core->near,1,13,1,0.15384615384615385,0.0,0.5547001962252291,0.9230769230769231,0.004524886877828054,0.0,0.008547008547008546,0.0
normal_weekday,core,near,core->near,2,13,6,0.9230769230769231,0.0,1.1875421719907089,0.5384615384615384,0.03171349831320185,0.0,0.06192589461820231,0.0
normal_weekday,core,near,core->near,3,13,7,0.9230769230769231,1.0,1.0377490433255416,0.46153846153846156,0.0343906606632851,0.029411764705882353,0.06702136475892131,0.058823529411764705
normal_weekday,core,near,core->near,4,13,3,0.6923076923076923,0.0,1.4935759876113535,0.7692307692307693,0.027647597500538676,0.0,0.04990842490842491,0.0
normal_weekday,core,near,core->near,5,13,4,0.38461538461538464,0.0,0.650443635587991,0.6923076923076923,0.017095721043089464,0.0,0.02642998027613412,0.0
normal_weekday,core,near,core->near,6,13,11,2.6153846153846154,2.0,2.364263857893951,0.15384615384615385,0.09938567347443436,0.09090909090909091,0.17991297917768506,0.14285714285714285
normal_weekday,core,near,core->near,7,13,9,1.5384615384615385,2.0,1.4500221041639685,0.3076923076923077,0.0624693085948742,0.058823529411764705,0.12676938446169214,0.15384615384615385
normal_weekday,core,near,core->near,8,13,6,0.5384615384615384,0.0,0.6602252917735248,0.5384615384615384,0.018526164858470993,0.0,0.0544039294039294,0.0
normal_weekday,core,near,core->near,9,13,7,0.8461538461538461,1.0,0.898717034272917,0.46153846153846156,0.03256547230625624,0.034482758620689655,0.06754527523758293,0.06666666666666667
normal_weekday,core,near,core->near,10,13,11,2.076923076923077,2.0,1.6052797503622467,0.15384615384615385,0.08368568002676288,0.07407407407407407,0.17797266835728376,0.15384615384615385
normal_weekday,core,near,core->near,11,13,8,1.3846153846153846,1.0,1.660244035197915,0.38461538461538464,0.05681212205980008,0.029411764705882353,0.13862500621550394,0.06666666666666667
normal_weekday,core,near,core->near,12,13,7,0.5384615384615384,1.0,0.5188745216627708,0.46153846153846156,0.020722889067209555,0.029411764705882353,0.04907955292570677,0.06666666666666667
normal_weekday,core,near,core->near,13,13,5,0.8461538461538461,0.0,1.344504484072964,0.6153846153846154,0.03533690103260239,0.0,0.06498309382924768,0.0
normal_weekday,core,near,core->near,14,13,12,2.076923076923077,1.0,1.9348358440936906,0.07692307692307693,0.07884641736138603,0.05,0.15899527822604742,0.09090909090909091
normal_weekday,core,near,core->near,15,13,9,1.6923076923076923,2.0,1.5483655567842813,0.3076923076923077,0.06626975535264454,0.058823529411764705,0.14174884944115712,0.15384615384615385
normal_weekday,core,near,core->near,16,13,6,0.7692307692307693,0.0,1.0127393670836666,0.5384615384615384,0.03050913852130891,0.0,0.06856284740900125,0.0
normal_weekday,core,near,core->near,17,13,5,0.5384615384615384,0.0,0.7762500258061849,0.6153846153846154,0.020137479413497514,0.0,0.03888419273034657,0.0
normal_weekday,core,near,core->near,18,13,12,3.076923076923077,3.0,1.5525000516123695,0.07692307692307693,0.1209245278099418,0.11764705882352941,0.24956709956709952,0.25
normal_weekday,core,near,core->near,19,13,5,1.0,0.0,1.7795130420052185,0.6153846153846154,0.03488223530993361,0.0,0.0918265495188572,0.0
normal_weekday,core,near,core->near,20,13,1,0.07692307692307693,0.0,0.2773500981126146,0.9230769230769231,0.003663003663003663,0.0,0.006993006993006993,0.0
normal_weekday,core,near,core->near,21,13,2,0.23076923076923078,0.0,0.599144689515278,0.8461538461538461,0.010096153846153847,0.0,0.016666666666666666,0.0
normal_weekday,core,near,core->near,22,13,10,1.6923076923076923,1.0,1.7021856236720767,0.23076923076923078,0.06288031812099529,0.05555555555555555,0.12334947441222743,0.07692307692307693
normal_weekday,core,near,core->near,23,13,6,1.0769230769230769,0.0,1.3821202589704018,0.5384615384615384,0.046914394782780935,0.0,0.08321678321678322,0.0
normal_weekday,core,outer,core->outer,0,13,1,0.07692307692307693,0.0,0.2773500981126146,0.9230769230769231,0.007692307692307693,0.0,0.006993006993006993,0.0
normal_weekday,core,outer,core->outer,1,13,0,0.0,0.0,0.0,1.0,0.0,0.0,0.0,0.0
normal_weekday,core,outer,core->outer,2,13,1,0.07692307692307693,0.0,0.2773500981126146,0.9230769230769231,0.01282051282051282,0.0,0.005128205128205128,0.0
normal_weekday,core,outer,core->outer,3,13,4,0.38461538461538464,0.0,0.650443635587991,0.6923076923076923,0.05286935286935287,0.0,0.028374189912651452,0.0
normal_weekday,core,outer,core->outer,4,13,1,0.07692307692307693,0.0,0.2773500981126146,0.9230769230769231,0.007692307692307693,0.0,0.005494505494505494,0.0
normal_weekday,core,outer,core->outer,5,13,2,0.15384615384615385,0.0,0.37553380809940534,0.8461538461538461,0.02820512820512821,0.0,0.011045364891518738,0.0
normal_weekday,core,outer,core->outer,6,13,5,0.9230769230769231,0.0,1.3204505835470495,0.6153846153846154,0.1564102564102564,0.0,0.06683572837418991,0.0
normal_weekday,core,outer,core->outer,7,13,7,0.7692307692307693,1.0,0.8320502943378438,0.46153846153846156,0.1268009768009768,0.1,0.07674078058693443,0.07692307692307693
normal_weekday,core,outer,core->outer,8,13,6,0.46153846153846156,0.0,0.5188745216627709,0.5384615384615384,0.08974358974358974,0.0,0.046828171828171825,0.0
normal_weekday,core,outer,core->outer,9,13,0,0.0,0.0,0.0,1.0,0.0,0.0,0.0,0.0
normal_weekday,core,outer,core->outer,10,13,2,0.23076923076923078,0.0,0.599144689515278,0.8461538461538461,0.03479853479853479,0.0,0.021449704142011836,0.0
normal_weekday,core,outer,core->outer,11,13,7,0.5384615384615384,1.0,0.5188745216627708,0.46153846153846156,0.13418803418803418,0.1,0.04711787081696584,0.058823529411764705
normal_weekday,core,outer,core->outer,12,13,3,0.23076923076923078,0.0,0.4385290096535146,0.7692307692307693,0.041025641025641026,0.0,0.038461538461538464,0.0
normal_weekday,core,outer,core->outer,13,13,0,0.0,0.0,0.0,1.0,0.0,0.0,0.0,0.0
normal_weekday,core,outer,core->outer,14,13,0,0.0,0.0,0.0,1.0,0.0,0.0,0.0,0.0
normal_weekday,core,outer,core->outer,15,13,5,0.46153846153846156,0.0,0.6602252917735247,0.6153846153846154,0.08247863247863248,0.0,0.039316239316239315,0.0
normal_weekday,core,outer,core->outer,16,13,0,0.0,0.0,0.0,1.0,0.0,0.0,0.0,0.0
normal_weekday,core,outer,core->outer,17,13,1,0.07692307692307693,0.0,0.2773500981126146,0.9230769230769231,0.02564102564102564,0.0,0.005494505494505494,0.0
normal_weekday,core,outer,core->outer,18,13,1,0.07692307692307693,0.0,0.2773500981126146,0.9230769230769231,0.01282051282051282,0.0,0.007692307692307693,0.0
normal_weekday,core,outer,core->outer,19,13,4,0.38461538461538464,0.0,0.6504436355879909,0.6923076923076923,0.0879120879120879,0.0,0.03427768812384197,0.0
normal_weekday,core,outer,core->outer,20,13,1,0.07692307692307693,0.0,0.2773500981126146,0.9230769230769231,0.019230769230769232,0.0,0.004807692307692308,0.0
normal_weekday,core,outer,core->outer,21,13,0,0.0,0.0,0.0,1.0,0.0,0.0,0.0,0.0
normal_weekday,core,outer,core->outer,22,13,2,0.15384615384615385,0.0,0.37553380809940534,0.8461538461538461,0.036630036630036625,0.0,0.009935897435897435,0.0
normal_weekday,core,outer,core->outer,23,13,3,0.23076923076923078,0.0,0.4385290096535146,0.7692307692307693,0.04304029304029304,0.0,0.02222222222222222,0.0
normal_weekday,near,core,near->core,0,13,6,1.0,0.0,1.2909944487358056,0.5384615384615384,0.03565401460138302,0.0,0.047225489115121214,0.0
normal_weekday,near,core,near->core,1,13,1,0.15384615384615385,0.0,0.5547001962252291,0.9230769230769231,0.004662004662004662,0.0,0.006993006993006993,0.0
normal_weekday,near,core,near->core,2,13,5,0.6153846153846154,0.0,0.869718492622904,0.6153846153846154,0.020092407592407595,0.0,0.028253861148597993,0.0
normal_weekday,near,core,near->core,3,13,5,0.8461538461538461,0.0,1.344504484072964,0.6153846153846154,0.028077940577940576,0.0,0.03388560157790927,0.0
normal_weekday,near,core,near->core,4,13,5,0.6923076923076923,0.0,1.0315534712764838,0.6153846153846154,0.025587606837606837,0.0,0.030278706800445934,0.0
normal_weekday,near,core,near->core,5,13,3,0.7692307692307693,0.0,1.69085018821135,0.7692307692307693,0.026396520146520146,0.0,0.028069756330625896,0.0
normal_weekday,near,core,near->core,6,13,2,0.23076923076923078,0.0,0.599144689515278,0.8461538461538461,0.008814102564102564,0.0,0.00935897435897436,0.0
normal_weekday,near,core,near->core,7,13,9,1.7692307692307692,1.0,2.2043081361221617,0.3076923076923077,0.06616849281322965,0.05555555555555555,0.06880776505210895,0.04
normal_weekday,near,core,near->core,8,13,11,1.6923076923076923,1.0,1.5483655567842813,0.15384615384615385,0.06461371231108072,0.03571428571428571,0.061365870824918886,0.047619047619047616
normal_weekday,near,core,near->core,9,13,7,0.7692307692307693,1.0,0.8320502943378437,0.46153846153846156,0.029340420787789208,0.037037037037037035,0.03078386258443497,0.03333333333333333
normal_weekday,near,core,near->core,10,13,9,1.4615384615384615,1.0,1.5607361839521232,0.3076923076923077,0.05961763626237311,0.037037037037037035,0.056098874787656294,0.041666666666666664
normal_weekday,near,core,near->core,11,13,9,1.7692307692307692,1.0,1.8327504901034286,0.3076923076923077,0.06404243904243903,0.05555555555555555,0.06433662835647948,0.05555555555555555
normal_weekday,near,core,near->core,12,13,7,1.2307692307692308,1.0,1.7867030229749132,0.46153846153846156,0.049458180708180706,0.03333333333333333,0.04251826182304492,0.037037037037037035
normal_weekday,near,core,near->core,13,13,11,1.0,1.0,0.5773502691896257,0.15384615384615385,0.03728872248609091,0.03571428571428571,0.041134815547212,0.041666666666666664
normal_weekday,near,core,near->core,14,13,11,1.2307692307692308,1.0,0.8320502943378438,0.15384615384615385,0.048986369381106225,0.041666666666666664,0.04851590362693617,0.043478260869565216
normal_weekday,near,core,near->core,15,13,11,1.6923076923076923,2.0,1.1821319289469756,0.15384615384615385,0.06167738207211892,0.07142857142857142,0.06395087307712725,0.06666666666666667
normal_weekday,near,core,near->core,16,13,12,1.8461538461538463,2.0,1.1435437497937313,0.07692307692307693,0.06764864034600876,0.0625,0.06859481854645563,0.06451612903225806
normal_weekday,near,core,near->core,17,13,5,0.5384615384615384,0.0,0.7762500258061849,0.6153846153846154,0.02146002146002146,0.0,0.020400590681672222,0.0
normal_weekday,near,core,near->core,18,13,8,1.2307692307692308,1.0,1.3634420996046583,0.38461538461538464,0.050148462648462636,0.03333333333333333,0.04653774280922245,0.04
normal_weekday,near,core,near->core,19,13,12,2.230769230769231,2.0,1.2351684199496948,0.07692307692307693,0.08575645845382687,0.10714285714285714,0.07660310328146384,0.07407407407407407
normal_weekday,near,core,near->core,20,13,9,1.9230769230769231,1.0,2.5318484177091665,0.3076923076923077,0.0659601972101972,0.05555555555555555,0.07040105193951349,0.04
normal_weekday,near,core,near->core,21,13,4,0.46153846153846156,0.0,0.7762500258061847,0.6923076923076923,0.01652930402930403,0.0,0.020258726780465912,0.0
normal_weekday,near,core,near->core,22,13,4,0.3076923076923077,0.0,0.48038446141526137,0.6923076923076923,0.012273606023606025,0.0,0.012501990762860328,0.0
normal_weekday,near,core,near->core,23,13,7,1.2307692307692308,1.0,1.640825308284734,0.46153846153846156,0.04974535698219909,0.03333333333333333,0.04742160138711863,0.04
normal_weekday,near,outer,near->outer,0,13,2,0.15384615384615385,0.0,0.37553380809940534,0.8461538461538461,0.016608391608391608,0.0,0.015779092702169626,0.0
normal_weekday,near,outer,near->outer,1,13,1,0.23076923076923078,0.0,0.8320502943378437,0.9230769230769231,0.020979020979020976,0.0,0.008241758241758242,0.0
normal_weekday,near,outer,near->outer,2,13,0,0.0,0.0,0.0,1.0,0.0,0.0,0.0,0.0
normal_weekday,near,outer,near->outer,3,13,5,0.38461538461538464,0.0,0.5063696835418333,0.6153846153846154,0.06040433925049309,0.0,0.01665751252795787,0.0
normal_weekday,near,outer,near->outer,4,13,2,0.15384615384615385,0.0,0.3755338080994054,0.8461538461538461,0.020604395604395604,0.0,0.006701102889850621,0.0
normal_weekday,near,outer,near->outer,5,13,1,0.07692307692307693,0.0,0.2773500981126146,0.9230769230769231,0.009615384615384616,0.0,0.0038461538461538464,0.0
normal_weekday,near,outer,near->outer,6,13,3,0.23076923076923078,0.0,0.4385290096535146,0.7692307692307693,0.031993006993006994,0.0,0.01299000849225737,0.0
normal_weekday,near,outer,near->outer,7,13,4,0.46153846153846156,0.0,0.7762500258061847,0.6923076923076923,0.048749327595481444,0.0,0.01725619110234495,0.0
normal_weekday,near,outer,near->outer,8,13,4,0.5384615384615384,0.0,0.9674179220468453,0.6923076923076923,0.06081418581418581,0.0,0.019986798518500406,0.0
normal_weekday,near,outer,near->outer,9,13,7,0.5384615384615384,1.0,0.5188745216627708,0.46153846153846156,0.06635672020287406,0.07692307692307693,0.02227794542467166,0.034482758620689655
normal_weekday,near,outer,near->outer,10,13,4,0.46153846153846156,0.0,0.8770580193070292,0.6923076923076923,0.06880619380619381,0.0,0.018610840424213806,0.0
normal_weekday,near,outer,near->outer,11,13,5,0.5384615384615384,0.0,0.7762500258061849,0.6153846153846154,0.06468531468531469,0.0,0.021152538393917706,0.0
normal_weekday,near,outer,near->outer,12,13,7,0.6923076923076923,1.0,0.7510676161988107,0.46153846153846156,0.08488626757857526,0.125,0.02627332046686885,0.03333333333333333
normal_weekday,near,outer,near->outer,13,13,3,0.23076923076923078,0.0,0.4385290096535146,0.7692307692307693,0.03336663336663337,0.0,0.009379984563931052,0.0
normal_weekday,near,outer,near->outer,14,13,2,0.23076923076923078,0.0,0.599144689515278,0.8461538461538461,0.021449704142011836,0.0,0.00864952139314958,0.0
normal_weekday,near,outer,near->outer,15,13,5,0.46153846153846156,0.0,0.6602252917735248,0.6153846153846154,0.05836471221086606,0.0,0.01663304489391446,0.0
normal_weekday,near,outer,near->outer,16,13,2,0.23076923076923078,0.0,0.599144689515278,0.8461538461538461,0.03668639053254438,0.0,0.007615299050226747,0.0
normal_weekday,near,outer,near->outer,17,13,2,0.3076923076923077,0.0,0.8548504142651104,0.8461538461538461,0.030594405594405592,0.0,0.010191421481744064,0.0
normal_weekday,near,outer,near->outer,18,13,0,0.0,0.0,0.0,1.0,0.0,0.0,0.0,0.0
normal_weekday,near,outer,near->outer,19,13,9,1.0769230769230769,1.0,0.9540735874430286,0.3076923076923077,0.14873908143138911,0.125,0.039003623163801134,0.037037037037037035
normal_weekday,near,outer,near->outer,20,13,5,0.38461538461538464,0.0,0.5063696835418333,0.6153846153846154,0.05959040959040961,0.0,0.014179268025421871,0.0
normal_weekday,near,outer,near->outer,21,13,0,0.0,0.0,0.0,1.0,0.0,0.0,0.0,0.0
normal_weekday,near,outer,near->outer,22,13,0,0.0,0.0,0.0,1.0,0.0,0.0,0.0,0.0
normal_weekday,near,outer,near->outer,23,13,4,0.38461538461538464,0.0,0.650443635587991,0.6923076923076923,0.056706114398422096,0.0,0.015764408005787316,0.0
normal_weekday,outer,core,outer->core,0,13,0,0.0,0.0,0.0,1.0,0.0,0.0,0.0,0.0
normal_weekday,outer,core,outer->core,1,13,2,0.15384615384615385,0.0,0.3755338080994054,0.8461538461538461,0.028846153846153848,0.0,0.03461538461538462,0.0
normal_weekday,outer,core,outer->core,2,13,2,0.23076923076923078,0.0,0.599144689515278,0.8461538461538461,0.03461538461538462,0.0,0.036630036630036625,0.0
normal_weekday,outer,core,outer->core,3,13,2,0.15384615384615385,0.0,0.37553380809940534,0.8461538461538461,0.03205128205128205,0.0,0.026373626373626374,0.0
normal_weekday,outer,core,outer->core,4,13,0,0.0,0.0,0.0,1.0,0.0,0.0,0.0,0.0
normal_weekday,outer,core,outer->core,5,13,2,0.15384615384615385,0.0,0.37553380809940534,0.8461538461538461,0.0641025641025641,0.0,0.05384615384615384,0.0
normal_weekday,outer,core,outer->core,6,13,4,0.38461538461538464,0.0,0.6504436355879909,0.6923076923076923,0.06923076923076923,0.0,0.0923076923076923,0.0
normal_weekday,outer,core,outer->core,7,13,1,0.07692307692307693,0.0,0.2773500981126146,0.9230769230769231,0.01282051282051282,0.0,0.007692307692307693,0.0
normal_weekday,outer,core,outer->core,8,13,2,0.15384615384615385,0.0,0.3755338080994054,0.8461538461538461,0.05128205128205128,0.0,0.03076923076923077,0.0
normal_weekday,outer,core,outer->core,9,13,2,0.15384615384615385,0.0,0.3755338080994054,0.8461538461538461,0.04807692307692308,0.0,0.02820512820512821,0.0
normal_weekday,outer,core,outer->core,10,13,7,0.6923076923076923,1.0,0.7510676161988108,0.46153846153846156,0.175,0.125,0.11300366300366299,0.14285714285714285
normal_weekday,outer,core,outer->core,11,13,3,0.23076923076923078,0.0,0.4385290096535146,0.7692307692307693,0.04807692307692308,0.0,0.033424908424908424,0.0
normal_weekday,outer,core,outer->core,12,13,2,0.15384615384615385,0.0,0.37553380809940534,0.8461538461538461,0.05128205128205128,0.0,0.021978021978021976,0.0
normal_weekday,outer,core,outer->core,13,13,2,0.3076923076923077,0.0,0.7510676161988107,0.8461538461538461,0.044871794871794865,0.0,0.03479853479853479,0.0
normal_weekday,outer,core,outer->core,14,13,2,0.15384615384615385,0.0,0.3755338080994054,0.8461538461538461,0.035256410256410256,0.0,0.026373626373626374,0.0
normal_weekday,outer,core,outer->core,15,13,1,0.07692307692307693,0.0,0.2773500981126146,0.9230769230769231,0.02564102564102564,0.0,0.015384615384615385,0.0
normal_weekday,outer,core,outer->core,16,13,2,0.3076923076923077,0.0,0.7510676161988107,0.8461538461538461,0.05,0.0,0.044871794871794865,0.0
normal_weekday,outer,core,outer->core,17,13,1,0.07692307692307693,0.0,0.2773500981126146,0.9230769230769231,0.009615384615384616,0.0,0.010989010989010988,0.0
normal_weekday,outer,core,outer->core,18,13,4,0.38461538461538464,0.0,0.6504436355879909,0.6923076923076923,0.07628205128205129,0.0,0.06025641025641025,0.0
normal_weekday,outer,core,outer->core,19,13,2,0.15384615384615385,0.0,0.37553380809940534,0.8461538461538461,0.038461538461538464,0.0,0.02820512820512821,0.0
normal_weekday,outer,core,outer->core,20,13,0,0.0,0.0,0.0,1.0,0.0,0.0,0.0,0.0
normal_weekday,outer,core,outer->core,21,13,1,0.07692307692307693,0.0,0.2773500981126146,0.9230769230769231,0.01282051282051282,0.0,0.01282051282051282,0.0
normal_weekday,outer,core,outer->core,22,13,3,0.23076923076923078,0.0,0.4385290096535146,0.7692307692307693,0.05384615384615384,0.0,0.04175824175824176,0.0
normal_weekday,outer,core,outer->core,23,13,3,0.23076923076923078,0.0,0.4385290096535146,0.7692307692307693,0.037820512820512825,0.0,0.05,0.0
normal_weekday,outer,near,outer->near,0,13,0,0.0,0.0,0.0,1.0,0.0,0.0,0.0,0.0
normal_weekday,outer,near,outer->near,1,13,2,0.15384615384615385,0.0,0.37553380809940534,0.8461538461538461,0.014685314685314687,0.0,0.05128205128205128,0.0
normal_weekday,outer,near,outer->near,2,13,1,0.07692307692307693,0.0,0.2773500981126146,0.9230769230769231,0.006993006993006993,0.0,0.01282051282051282,0.0
normal_weekday,outer,near,outer->near,3,13,1,0.07692307692307693,0.0,0.2773500981126146,0.9230769230769231,0.006993006993006993,0.0,0.010989010989010988,0.0
normal_weekday,outer,near,outer->near,4,13,3,0.3076923076923077,0.0,0.6304251719561151,0.7692307692307693,0.030494505494505497,0.0,0.042735042735042736,0.0
normal_weekday,outer,near,outer->near,5,13,6,0.6923076923076923,0.0,0.8548504142651103,0.5384615384615384,0.07085414585414586,0.0,0.14358974358974358,0.0
normal_weekday,outer,near,outer->near,6,13,0,0.0,0.0,0.0,1.0,0.0,0.0,0.0,0.0
normal_weekday,outer,near,outer->near,7,13,5,1.0769230769230769,0.0,1.6563785025137654,0.6153846153846154,0.13508158508158508,0.0,0.15512820512820513,0.0
normal_weekday,outer,near,outer->near,8,13,1,0.07692307692307693,0.0,0.2773500981126146,0.9230769230769231,0.01282051282051282,0.0,0.015384615384615385,0.0
normal_weekday,outer,near,outer->near,9,13,5,0.5384615384615384,0.0,0.7762500258061849,0.6153846153846154,0.07845487845487845,0.0,0.0782051282051282,0.0
normal_weekday,outer,near,outer->near,10,13,6,0.8461538461538461,0.0,1.281025230440697,0.5384615384615384,0.08337495837495837,0.0,0.10586080586080586,0.0
normal_weekday,outer,near,outer->near,11,13,3,0.23076923076923078,0.0,0.4385290096535146,0.7692307692307693,0.03263403263403263,0.0,0.039194139194139194,0.0
normal_weekday,outer,near,outer->near,12,13,4,0.3076923076923077,0.0,0.48038446141526137,0.6923076923076923,0.034981684981684975,0.0,0.045787545787545784,0.0
normal_weekday,outer,near,outer->near,13,13,10,1.2307692307692308,1.0,1.0127393670836666,0.23076923076923078,0.13206793206793208,0.1,0.15869963369963372,0.16666666666666666
normal_weekday,outer,near,outer->near,14,13,5,0.38461538461538464,0.0,0.5063696835418333,0.6153846153846154,0.04353146853146853,0.0,0.06996336996336996,0.0
normal_weekday,outer,near,outer->near,15,13,4,0.38461538461538464,0.0,0.6504436355879909,0.6923076923076923,0.040359640359640354,0.0,0.0685897435897436,0.0
normal_weekday,outer,near,outer->near,16,13,4,0.38461538461538464,0.0,0.6504436355879909,0.6923076923076923,0.06493506493506494,0.0,0.059065934065934064,0.0
normal_weekday,outer,near,outer->near,17,13,6,0.46153846153846156,0.0,0.5188745216627708,0.5384615384615384,0.05098235098235098,0.0,0.08608058608058607,0.0
normal_weekday,outer,near,outer->near,18,13,8,0.7692307692307693,1.0,0.7250110520819842,0.38461538461538464,0.07857975357975358,0.09090909090909091,0.13946886446886445,0.16666666666666666
normal_weekday,outer,near,outer->near,19,13,1,0.07692307692307693,0.0,0.2773500981126146,0.9230769230769231,0.010989010989010988,0.0,0.015384615384615385,0.0
normal_weekday,outer,near,outer->near,20,13,2,0.15384615384615385,0.0,0.37553380809940534,0.8461538461538461,0.014685314685314687,0.0,0.02820512820512821,0.0
normal_weekday,outer,near,outer->near,21,13,3,0.3076923076923077,0.0,0.6304251719561151,0.7692307692307693,0.0282967032967033,0.0,0.06153846153846154,0.0
normal_weekday,outer,near,outer->near,22,13,1,0.07692307692307693,0.0,0.2773500981126146,0.9230769230769231,0.01282051282051282,0.0,0.015384615384615385,0.0
normal_weekday,outer,near,outer->near,23,13,1,0.07692307692307693,0.0,0.2773500981126146,0.9230769230769231,0.015384615384615385,0.0,0.01282051282051282,0.0
normal_weekend,core,near,core->near,0,4,0,0.0,0.0,0.0,1.0,0.0,0.0,0.0,0.0
normal_weekend,core,near,core->near,1,4,0,0.0,0.0,0.0,1.0,0.0,0.0,0.0,0.0
normal_weekend,core,near,core->near,2,4,4,2.5,1.5,2.3804761428476167,0.0,0.09365530303030303,0.06458333333333333,0.17897727272727273,0.10795454545454546
normal_weekend,core,near,core->near,3,4,2,0.75,0.5,0.9574271077563381,0.5,0.03106060606060606,0.016666666666666666,0.06346153846153846,0.05
normal_weekend,core,near,core->near,4,4,1,0.25,0.0,0.5,0.75,0.011363636363636364,0.0,0.022727272727272728,0.0
normal_weekend,core,near,core->near,5,4,1,0.5,0.0,1.0,0.75,0.016666666666666666,0.0,0.03333333333333333,0.0
normal_weekend,core,near,core->near,6,4,3,1.75,1.5,1.707825127659933,0.25,0.0875,0.05,0.12190934065934066,0.10096153846153846
normal_weekend,core,near,core->near,7,4,3,1.0,1.0,0.816496580927726,0.25,0.040624999999999994,0.04791666666666666,0.08779761904761904,0.10416666666666666
normal_weekend,core,near,core->near,8,4,2,1.0,1.0,1.1547005383792515,0.5,0.05397727272727273,0.045454545454545456,0.0787878787878788,0.06666666666666667
normal_weekend,core,near,core->near,9,4,3,1.25,1.5,0.9574271077563381,0.25,0.05928030303030303,0.05606060606060606,0.10419808949220714,0.09728506787330317
normal_weekend,core,near,core->near,10,4,3,2.0,1.5,2.160246899469287,0.25,0.08428030303030302,0.08522727272727273,0.1581196581196581,0.14957264957264957
normal_weekend,core,near,core->near,11,4,3,1.25,1.5,0.9574271077563381,0.25,0.04469696969696969,0.05606060606060606,0.10763888888888888,0.10416666666666666
normal_weekend,core,near,core->near,12,4,1,0.75,0.0,1.5,0.75,0.025,0.0,0.05357142857142857,0.0
normal_weekend,core,near,core->near,13,4,0,0.0,0.0,0.0,1.0,0.0,0.0,0.0,0.0
normal_weekend,core,near,core->near,14,4,3,1.0,1.0,0.816496580927726,0.25,0.04668560606060606,0.04791666666666666,0.09166666666666667,0.08333333333333333
normal_weekend,core,near,core->near,15,4,3,1.0,1.0,0.816496580927726,0.25,0.03636363636363636,0.0393939393939394,0.09902597402597403,0.10714285714285714
normal_weekend,core,near,core->near,16,4,3,1.5,1.5,1.2909944487358056,0.25,0.05303030303030304,0.05606060606060606,0.1309246309246309,0.14646464646464646
normal_weekend,core,near,core->near,17,4,3,0.75,1.0,0.5,0.25,0.03229166666666666,0.03333333333333333,0.06331168831168832,0.08116883116883117
normal_weekend,core,near,core->near,18,4,1,0.25,0.0,0.5,0.75,0.008333333333333333,0.0,0.020833333333333332,0.0
normal_weekend,core,near,core->near,19,4,2,1.75,1.5,2.0615528128088303,0.5,0.07045454545454546,0.05,0.11830357142857142,0.09375
normal_weekend,core,near,core->near,20,4,2,1.0,0.5,1.4142135623730951,0.5,0.04242424242424242,0.016666666666666666,0.09285714285714286,0.03571428571428571
normal_weekend,core,near,core->near,21,4,2,1.25,1.0,1.5,0.5,0.04166666666666667,0.03333333333333333,0.0889423076923077,0.0625
normal_weekend,core,near,core->near,22,4,3,2.0,2.0,1.632993161855452,0.25,0.08124999999999999,0.09583333333333333,0.15000000000000002,0.16666666666666669
normal_weekend,core,near,core->near,23,4,2,1.0,1.0,1.1547005383792515,0.5,0.0393939393939394,0.03333333333333333,0.08680555555555555,0.0625
normal_weekend,core,outer,core->outer,0,4,0,0.0,0.0,0.0,1.0,0.0,0.0,0.0,0.0
normal_weekend,core,outer,core->outer,1,4,0,0.0,0.0,0.0,1.0,0.0,0.0,0.0,0.0
normal_weekend,core,outer,core->outer,2,4,0,0.0,0.0,0.0,1.0,0.0,0.0,0.0,0.0
normal_weekend,core,outer,core->outer,3,4,1,0.25,0.0,0.5,0.75,0.03571428571428571,0.0,0.019230769230769232,0.0
normal_weekend,core,outer,core->outer,4,4,0,0.0,0.0,0.0,1.0,0.0,0.0,0.0,0.0
normal_weekend,core,outer,core->outer,5,4,1,0.25,0.0,0.5,0.75,0.08333333333333333,0.0,0.016666666666666666,0.0
normal_weekend,core,outer,core->outer,6,4,2,1.25,1.0,1.5,0.5,0.2738095238095238,0.21428571428571427,0.08258928571428571,0.07142857142857142
normal_weekend,core,outer,core->outer,7,4,1,0.25,0.0,0.5,0.75,0.03571428571428571,0.0,0.020833333333333332,0.0
normal_weekend,core,outer,core->outer,8,4,1,0.25,0.0,0.5,0.75,0.0625,0.0,0.019230769230769232,0.0
normal_weekend,core,outer,core->outer,9,4,0,0.0,0.0,0.0,1.0,0.0,0.0,0.0,0.0
normal_weekend,core,outer,core->outer,10,4,2,0.5,0.5,0.5773502691896257,0.5,0.07142857142857142,0.07142857142857142,0.035897435897435895,0.03333333333333333
normal_weekend,core,outer,core->outer,11,4,0,0.0,0.0,0.0,1.0,0.0,0.0,0.0,0.0
normal_weekend,core,outer,core->outer,12,4,2,0.5,0.5,0.5773502691896257,0.5,0.09821428571428571,0.07142857142857142,0.03869047619047619,0.03571428571428571
normal_weekend,core,outer,core->outer,13,4,2,1.0,0.5,1.4142135623730951,0.5,0.16964285714285715,0.125,0.07852564102564102,0.041666666666666664
normal_weekend,core,outer,core->outer,14,4,2,0.5,0.5,0.5773502691896257,0.5,0.09821428571428571,0.07142857142857142,0.04166666666666667,0.03333333333333333
normal_weekend,core,outer,core->outer,15,4,0,0.0,0.0,0.0,1.0,0.0,0.0,0.0,0.0
normal_weekend,core,outer,core->outer,16,4,0,0.0,0.0,0.0,1.0,0.0,0.0,0.0,0.0
normal_weekend,core,outer,core->outer,17,4,0,0.0,0.0,0.0,1.0,0.0,0.0,0.0,0.0
normal_weekend,core,outer,core->outer,18,4,0,0.0,0.0,0.0,1.0,0.0,0.0,0.0,0.0
normal_weekend,core,outer,core->outer,19,4,2,0.5,0.5,0.5773502691896257,0.5,0.07142857142857142,0.07142857142857142,0.033482142857142856,0.03125
normal_weekend,core,outer,core->outer,20,4,0,0.0,0.0,0.0,1.0,0.0,0.0,0.0,0.0
normal_weekend,core,outer,core->outer,21,4,0,0.0,0.0,0.0,1.0,0.0,0.0,0.0,0.0
normal_weekend,core,outer,core->outer,22,4,0,0.0,0.0,0.0,1.0,0.0,0.0,0.0,0.0
normal_weekend,core,outer,core->outer,23,4,0,0.0,0.0,0.0,1.0,0.0,0.0,0.0,0.0
normal_weekend,near,core,near->core,0,4,2,1.25,0.5,1.8929694486000912,0.5,0.040865384615384616,0.019230769230769232,0.04107142857142857,0.025
normal_weekend,near,core,near->core,1,4,1,0.25,0.0,0.5,0.75,0.009615384615384616,0.0,0.013157894736842105,0.0
normal_weekend,near,core,near->core,2,4,3,1.0,1.0,0.816496580927726,0.25,0.033861074270557026,0.03647214854111406,0.03922077922077922,0.042727272727272725
normal_weekend,near,core,near->core,3,4,4,2.25,1.0,2.5,0.0,0.08581868921308577,0.052564102564102565,0.0784621578099839,0.040257648953301126
normal_weekend,near,core,near->core,4,4,1,0.25,0.0,0.5,0.75,0.0078125,0.0,0.008928571428571428,0.0
normal_weekend,near,core,near->core,5,4,1,0.25,0.0,0.5,0.75,0.0078125,0.0,0.009259259259259259,0.0
normal_weekend,near,core,near->core,6,4,3,1.0,1.0,0.816496580927726,0.25,0.03466926392572944,0.03485576923076923,0.03744708994708995,0.03785714285714285
normal_weekend,near,core,near->core,7,4,4,2.0,1.5,1.4142135623730951,0.0,0.10233062555260831,0.05570291777188329,0.06680492709904474,0.05626780626780627
normal_weekend,near,core,near->core,8,4,1,1.0,0.0,2.0,0.75,0.034482758620689655,0.0,0.038461538461538464,0.0
normal_weekend,near,core,near->core,9,4,3,1.5,1.5,1.2909944487358056,0.25,0.07080017683465958,0.07493368700265252,0.054292929292929296,0.05303030303030303
normal_weekend,near,core,near->core,10,4,1,0.25,0.0,0.5,0.75,0.0078125,0.0,0.008928571428571428,0.0
normal_weekend,near,core,near->core,11,4,1,1.0,0.0,2.0,0.75,0.038461538461538464,0.0,0.03125,0.0
normal_weekend,near,core,near->core,12,4,4,1.5,1.5,0.5773502691896257,0.0,0.06719440760389037,0.05048076923076923,0.052298982996980777,0.052258064516129035
normal_weekend,near,core,near->core,13,4,1,1.0,0.0,2.0,0.75,0.034482758620689655,0.0,0.038461538461538464,0.0
normal_weekend,near,core,near->core,14,4,0,0.0,0.0,0.0,1.0,0.0,0.0,0.0,0.0
normal_weekend,near,core,near->core,15,4,3,2.0,2.5,1.4142135623730951,0.25,0.08561698717948718,0.1045673076923077,0.06863799283154122,0.08172043010752689
normal_weekend,near,core,near->core,16,4,4,1.25,1.0,0.5,0.0,0.05233062555260831,0.05057471264367816,0.044678498219872693,0.04096989966555184
normal_weekend,near,core,near->core,17,4,3,1.0,1.0,0.816496580927726,0.25,0.03566395888594165,0.03286637931034483,0.035388291517323776,0.03851851851851852
normal_weekend,near,core,near->core,18,4,2,1.25,1.0,1.5,0.5,0.04266826923076923,0.038461538461538464,0.047241379310344826,0.034482758620689655
normal_weekend,near,core,near->core,19,4,4,1.25,1.0,0.5,0.0,0.05133593059239611,0.052564102564102565,0.045726495726495724,0.03774928774928775
normal_weekend,near,core,near->core,20,4,3,1.5,1.5,1.2909944487358056,0.25,0.05815373563218391,0.06458333333333333,0.059109334221778,0.05300127713920817
normal_weekend,near,core,near->core,21,4,1,0.5,0.0,1.0,0.75,0.015625,0.0,0.016666666666666666,0.0
normal_weekend,near,core,near->core,22,4,2,1.25,0.5,1.8929694486000912,0.5,0.040865384615384616,0.019230769230769232,0.044849537037037035,0.015625
normal_weekend,near,core,near->core,23,4,3,1.0,1.0,0.816496580927726,0.25,0.0417205459770115,0.04895833333333333,0.0375558748403576,0.03807471264367816
normal_weekend,near,outer,near->outer,0,4,1,0.5,0.0,1.0,0.75,0.045454545454545456,0.0,0.014285714285714285,0.0
normal_weekend,near,outer,near->outer,1,4,1,0.25,0.0,0.5,0.75,0.022727272727272728,0.0,0.008620689655172414,0.0
normal_weekend,near,outer,near->outer,2,4,0,0.0,0.0,0.0,1.0,0.0,0.0,0.0,0.0
normal_weekend,near,outer,near->outer,3,4,1,0.25,0.0,0.5,0.75,0.016666666666666666,0.0,0.008333333333333333,0.0
normal_weekend,near,outer,near->outer,4,4,1,0.25,0.0,0.5,0.75,0.022727272727272728,0.0,0.008928571428571428,0.0
normal_weekend,near,outer,near->outer,5,4,0,0.0,0.0,0.0,1.0,0.0,0.0,0.0,0.0
normal_weekend,near,outer,near->outer,6,4,0,0.0,0.0,0.0,1.0,0.0,0.0,0.0,0.0
normal_weekend,near,outer,near->outer,7,4,3,0.75,1.0,0.5,0.25,0.09404761904761905,0.10476190476190475,0.026227585051114465,0.0332244008714597
normal_weekend,near,outer,near->outer,8,4,2,1.0,0.5,1.4142135623730951,0.5,0.1488095238095238,0.08333333333333333,0.0364010989010989,0.019230769230769232
normal_weekend,near,outer,near->outer,9,4,1,0.25,0.0,0.5,0.75,0.016666666666666666,0.0,0.007575757575757576,0.0
normal_weekend,near,outer,near->outer,10,4,0,0.0,0.0,0.0,1.0,0.0,0.0,0.0,0.0
normal_weekend,near,outer,near->outer,11,4,2,1.75,1.0,2.362907813126304,0.5,0.15476190476190477,0.14285714285714285,0.050347222222222224,0.03125
normal_weekend,near,outer,near->outer,12,4,2,0.5,0.5,0.5773502691896257,0.5,0.06439393939393939,0.045454545454545456,0.018620689655172412,0.017241379310344827
normal_weekend,near,outer,near->outer,13,4,0,0.0,0.0,0.0,1.0,0.0,0.0,0.0,0.0
normal_weekend,near,outer,near->outer,14,4,2,0.5,0.5,0.5773502691896257,0.5,0.058333333333333334,0.03333333333333333,0.019490254872563718,0.017241379310344827
normal_weekend,near,outer,near->outer,15,4,1,0.5,0.0,1.0,0.75,0.045454545454545456,0.0,0.018518518518518517,0.0
normal_weekend,near,outer,near->outer,16,4,0,0.0,0.0,0.0,1.0,0.0,0.0,0.0,0.0
normal_weekend,near,outer,near->outer,17,4,2,1.0,0.5,1.4142135623730951,0.5,0.10389610389610389,0.07142857142857142,0.035842293906810034,0.016129032258064516
normal_weekend,near,outer,near->outer,18,4,1,0.25,0.0,0.5,0.75,0.016666666666666666,0.0,0.0078125,0.0
normal_weekend,near,outer,near->outer,19,4,3,1.0,1.0,0.816496580927726,0.25,0.12272727272727271,0.0787878787878788,0.036467236467236465,0.035897435897435895
normal_weekend,near,outer,near->outer,20,4,0,0.0,0.0,0.0,1.0,0.0,0.0,0.0,0.0
normal_weekend,near,outer,near->outer,21,4,0,0.0,0.0,0.0,1.0,0.0,0.0,0.0,0.0
normal_weekend,near,outer,near->outer,22,4,0,0.0,0.0,0.0,1.0,0.0,0.0,0.0,0.0
normal_weekend,near,outer,near->outer,23,4,1,1.0,0.0,2.0,0.75,0.06666666666666667,0.0,0.034482758620689655,0.0
normal_weekend,outer,core,outer->core,0,4,0,0.0,0.0,0.0,1.0,0.0,0.0,0.0,0.0
normal_weekend,outer,core,outer->core,1,4,1,0.25,0.0,0.5,0.75,0.05,0.0,0.027777777777777776,0.0
normal_weekend,outer,core,outer->core,2,4,3,0.75,1.0,0.5,0.25,0.2375,0.225,0.1625,0.2
normal_weekend,outer,core,outer->core,3,4,0,0.0,0.0,0.0,1.0,0.0,0.0,0.0,0.0
normal_weekend,outer,core,outer->core,4,4,0,0.0,0.0,0.0,1.0,0.0,0.0,0.0,0.0
normal_weekend,outer,core,outer->core,5,4,1,0.25,0.0,0.5,0.75,0.05,0.0,0.041666666666666664,0.0
normal_weekend,outer,core,outer->core,6,4,0,0.0,0.0,0.0,1.0,0.0,0.0,0.0,0.0
normal_weekend,outer,core,outer->core,7,4,0,0.0,0.0,0.0,1.0,0.0,0.0,0.0,0.0
normal_weekend,outer,core,outer->core,8,4,0,0.0,0.0,0.0,1.0,0.0,0.0,0.0,0.0
normal_weekend,outer,core,outer->core,9,4,1,0.25,0.0,0.5,0.75,0.05,0.0,0.08333333333333333,0.0
normal_weekend,outer,core,outer->core,10,4,0,0.0,0.0,0.0,1.0,0.0,0.0,0.0,0.0
normal_weekend,outer,core,outer->core,11,4,1,0.25,0.0,0.5,0.75,0.05,0.0,0.05,0.0
normal_weekend,outer,core,outer->core,12,4,1,0.75,0.0,1.5,0.75,0.1875,0.0,0.08333333333333333,0.0
normal_weekend,outer,core,outer->core,13,4,0,0.0,0.0,0.0,1.0,0.0,0.0,0.0,0.0
normal_weekend,outer,core,outer->core,14,4,0,0.0,0.0,0.0,1.0,0.0,0.0,0.0,0.0
normal_weekend,outer,core,outer->core,15,4,0,0.0,0.0,0.0,1.0,0.0,0.0,0.0,0.0
normal_weekend,outer,core,outer->core,16,4,1,0.25,0.0,0.5,0.75,0.05,0.0,0.03125,0.0
normal_weekend,outer,core,outer->core,17,4,0,0.0,0.0,0.0,1.0,0.0,0.0,0.0,0.0
normal_weekend,outer,core,outer->core,18,4,1,0.5,0.0,1.0,0.75,0.1,0.0,0.08333333333333333,0.0
normal_weekend,outer,core,outer->core,19,4,1,0.25,0.0,0.5,0.75,0.05,0.0,0.0625,0.0
normal_weekend,outer,core,outer->core,20,4,0,0.0,0.0,0.0,1.0,0.0,0.0,0.0,0.0
normal_weekend,outer,core,outer->core,21,4,1,0.25,0.0,0.5,0.75,0.125,0.0,0.03571428571428571,0.0
normal_weekend,outer,core,outer->core,22,4,1,0.25,0.0,0.5,0.75,0.05,0.0,0.0625,0.0
normal_weekend,outer,core,outer->core,23,4,0,0.0,0.0,0.0,1.0,0.0,0.0,0.0,0.0
normal_weekend,outer,near,outer->near,0,4,0,0.0,0.0,0.0,1.0,0.0,0.0,0.0,0.0
normal_weekend,outer,near,outer->near,1,4,3,1.5,1.0,1.7320508075688772,0.25,0.10953282828282829,0.10795454545454546,0.2111111111111111,0.2
normal_weekend,outer,near,outer->near,2,4,0,0.0,0.0,0.0,1.0,0.0,0.0,0.0,0.0
normal_weekend,outer,near,outer->near,3,4,0,0.0,0.0,0.0,1.0,0.0,0.0,0.0,0.0
normal_weekend,outer,near,outer->near,4,4,1,0.25,0.0,0.5,0.75,0.013888888888888888,0.0,0.041666666666666664,0.0
normal_weekend,outer,near,outer->near,5,4,3,1.5,2.0,1.0,0.25,0.11489898989898989,0.1388888888888889,0.26666666666666666,0.3333333333333333
normal_weekend,outer,near,outer->near,6,4,1,0.25,0.0,0.5,0.75,0.013888888888888888,0.0,0.0625,0.0
normal_weekend,outer,near,outer->near,7,4,2,1.0,0.5,1.4142135623730951,0.5,0.06439393939393939,0.045454545454545456,0.13541666666666666,0.08333333333333333
normal_weekend,outer,near,outer->near,8,4,3,1.0,1.0,0.816496580927726,0.25,0.0798611111111111,0.09722222222222221,0.1875,0.20833333333333331
normal_weekend,outer,near,outer->near,9,4,2,1.5,1.5,1.7320508075688772,0.5,0.10984848484848483,0.08333333333333333,0.23214285714285715,0.21428571428571427
normal_weekend,outer,near,outer->near,10,4,2,0.5,0.5,0.5773502691896257,0.5,0.05397727272727273,0.045454545454545456,0.09821428571428571,0.07142857142857142
normal_weekend,outer,near,outer->near,11,4,0,0.0,0.0,0.0,1.0,0.0,0.0,0.0,0.0
normal_weekend,outer,near,outer->near,12,4,2,0.5,0.5,0.5773502691896257,0.5,0.05397727272727273,0.045454545454545456,0.059027777777777776,0.05555555555555555
normal_weekend,outer,near,outer->near,13,4,1,0.25,0.0,0.5,0.75,0.03125,0.0,0.03125,0.0
normal_weekend,outer,near,outer->near,14,4,1,0.5,0.0,1.0,0.75,0.027777777777777776,0.0,0.07142857142857142,0.0
normal_weekend,outer,near,outer->near,15,4,3,1.25,1.0,1.2583057392117916,0.25,0.11647727272727273,0.10795454545454546,0.16458333333333333,0.1625
normal_weekend,outer,near,outer->near,16,4,1,0.25,0.0,0.5,0.75,0.020833333333333332,0.0,0.03125,0.0
normal_weekend,outer,near,outer->near,17,4,3,1.0,1.0,0.816496580927726,0.25,0.10606060606060606,0.08712121212121213,0.18055555555555555,0.2361111111111111
normal_weekend,outer,near,outer->near,18,4,1,0.75,0.0,1.5,0.75,0.0625,0.0,0.125,0.0
normal_weekend,outer,near,outer->near,19,4,0,0.0,0.0,0.0,1.0,0.0,0.0,0.0,0.0
normal_weekend,outer,near,outer->near,20,4,0,0.0,0.0,0.0,1.0,0.0,0.0,0.0,0.0
normal_weekend,outer,near,outer->near,21,4,0,0.0,0.0,0.0,1.0,0.0,0.0,0.0,0.0
normal_weekend,outer,near,outer->near,22,4,1,0.25,0.0,0.5,0.75,0.020833333333333332,0.0,0.0625,0.0
normal_weekend,outer,near,outer->near,23,4,0,0.0,0.0,0.0,1.0,0.0,0.0,0.0,0.0
