date,hour,source_region,audit_quality_regime,period,day_type,daily_unique_vessel_count,source_present_count,source_linkable_count,stay_count,to_core_count,to_near_count,to_outer_count,outflow_count,no_consecutive_count,link_rate,outflow_rate_among_present,outflow_rate_among_linkable
2018-01-01,2018-01-01 00:00:00,core,normal,pre_outage,weekday,49,14,14,14,14,0,0,0,0,1.0,0.0,0.0
2018-01-01,2018-01-01 00:00:00,near,normal,pre_outage,weekday,49,19,19,19,0,19,0,0,0,1.0,0.0,0.0
2018-01-01,2018-01-01 00:00:00,outer,normal,pre_outage,weekday,49,2,2,2,0,0,2,0,0,1.0,0.0,0.0
2018-01-01,2018-01-01 01:00:00,core,normal,pre_outage,weekday,49,14,14,14,14,0,0,0,0,1.0,0.0,0.0
2018-01-01,2018-01-01 01:00:00,near,normal,pre_outage,weekday,49,19,19,19,0,19,0,0,0,1.0,0.0,0.0
2018-01-01,2018-01-01 01:00:00,outer,normal,pre_outage,weekday,49,2,2,1,0,1,1,1,0,1.0,0.5,0.5
2018-01-01,2018-01-01 02:00:00,core,normal,pre_outage,weekday,49,14,14,13,13,1,0,1,0,1.0,0.07142857142857142,0.07142857142857142
2018-01-01,2018-01-01 02:00:00,near,normal,pre_outage,weekday,49,20,20,18,2,18,0,2,0,1.0,0.1,0.1
2018-01-01,2018-01-01 02:00:00,outer,normal,pre_outage,weekday,49,1,1,1,0,0,1,0,0,1.0,0.0,0.0
2018-01-01,2018-01-01 03:00:00,core,normal,pre_outage,weekday,49,15,15,13,13,2,0,2,0,1.0,0.13333333333333333,0.13333333333333333
2018-01-01,2018-01-01 03:00:00,near,normal,pre_outage,weekday,49,19,19,18,0,18,1,1,0,1.0,0.05263157894736842,0.05263157894736842
2018-01-01,2018-01-01 03:00:00,outer,normal,pre_outage,weekday,49,1,1,1,0,0,1,0,0,1.0,0.0,0.0
2018-01-01,2018-01-01 04:00:00,core,normal,pre_outage,weekday,49,13,13,13,13,0,0,0,0,1.0,0.0,0.0
2018-01-01,2018-01-01 04:00:00,near,normal,pre_outage,weekday,49,20,20,18,2,18,0,2,0,1.0,0.1,0.1
2018-01-01,2018-01-01 04:00:00,outer,normal,pre_outage,weekday,49,2,2,2,0,0,2,0,0,1.0,0.0,0.0
2018-01-01,2018-01-01 05:00:00,core,normal,pre_outage,weekday,49,15,15,15,15,0,0,0,0,1.0,0.0,0.0
2018-01-01,2018-01-01 05:00:00,near,normal,pre_outage,weekday,49,18,18,18,0,18,0,0,0,1.0,0.0,0.0
2018-01-01,2018-01-01 05:00:00,outer,normal,pre_outage,weekday,49,2,2,1,1,0,1,1,0,1.0,0.5,0.5
2018-01-01,2018-01-01 06:00:00,core,normal,pre_outage,weekday,49,16,16,7,7,9,0,9,0,1.0,0.5625,0.5625
2018-01-01,2018-01-01 06:00:00,near,normal,pre_outage,weekday,49,18,18,18,0,18,0,0,0,1.0,0.0,0.0
2018-01-01,2018-01-01 06:00:00,outer,normal,pre_outage,weekday,49,1,1,1,0,0,1,0,0,1.0,0.0,0.0
2018-01-01,2018-01-01 07:00:00,core,normal,pre_outage,weekday,49,7,7,7,7,0,0,0,0,1.0,0.0,0.0
2018-01-01,2018-01-01 07:00:00,near,normal,pre_outage,weekday,49,27,27,17,8,17,2,10,0,1.0,0.37037037037037035,0.37037037037037035
2018-01-01,2018-01-01 07:00:00,outer,normal,pre_outage,weekday,49,1,1,1,0,0,1,0,0,1.0,0.0,0.0
2018-01-01,2018-01-01 08:00:00,core,normal,pre_outage,weekday,49,15,15,13,13,1,1,2,0,1.0,0.13333333333333333,0.13333333333333333
2018-01-01,2018-01-01 08:00:00,near,normal,pre_outage,weekday,49,20,19,18,1,18,0,1,1,0.95,0.05,0.05263157894736842
2018-01-01,2018-01-01 08:00:00,outer,normal,pre_outage,weekday,49,5,5,5,0,0,5,0,0,1.0,0.0,0.0
2018-01-01,2018-01-01 09:00:00,core,normal,pre_outage,weekday,49,14,13,13,13,0,0,0,1,0.9285714285714286,0.0,0.0
2018-01-01,2018-01-01 09:00:00,near,normal,pre_outage,weekday,49,19,19,18,0,18,1,1,0,1.0,0.05263157894736842,0.05263157894736842
2018-01-01,2018-01-01 09:00:00,outer,normal,pre_outage,weekday,49,6,6,3,1,2,3,3,0,1.0,0.5,0.5
2018-01-01,2018-01-01 10:00:00,core,normal,pre_outage,weekday,49,14,14,12,12,2,0,2,0,1.0,0.14285714285714285,0.14285714285714285
2018-01-01,2018-01-01 10:00:00,near,normal,pre_outage,weekday,49,20,20,19,1,19,0,1,0,1.0,0.05,0.05
2018-01-01,2018-01-01 10:00:00,outer,normal,pre_outage,weekday,49,4,4,4,0,0,4,0,0,1.0,0.0,0.0
2018-01-01,2018-01-01 11:00:00,core,normal,pre_outage,weekday,49,13,13,12,12,0,1,1,0,1.0,0.07692307692307693,0.07692307692307693
2018-01-01,2018-01-01 11:00:00,near,normal,pre_outage,weekday,49,22,21,18,2,18,1,3,1,0.9545454545454546,0.13636363636363635,0.14285714285714285
2018-01-01,2018-01-01 11:00:00,outer,normal,pre_outage,weekday,49,5,5,5,0,0,5,0,0,1.0,0.0,0.0
2018-01-01,2018-01-01 12:00:00,core,normal,pre_outage,weekday,49,15,15,15,15,0,0,0,0,1.0,0.0,0.0
2018-01-01,2018-01-01 12:00:00,near,normal,pre_outage,weekday,49,18,18,18,0,18,0,0,0,1.0,0.0,0.0
2018-01-01,2018-01-01 12:00:00,outer,normal,pre_outage,weekday,49,8,8,8,0,0,8,0,0,1.0,0.0,0.0
2018-01-01,2018-01-01 13:00:00,core,normal,pre_outage,weekday,49,15,14,14,14,0,0,0,1,0.9333333333333333,0.0,0.0
2018-01-01,2018-01-01 13:00:00,near,normal,pre_outage,weekday,49,18,18,17,1,17,0,1,0,1.0,0.05555555555555555,0.05555555555555555
2018-01-01,2018-01-01 13:00:00,outer,normal,pre_outage,weekday,49,8,7,5,0,2,5,2,1,0.875,0.25,0.2857142857142857
2018-01-01,2018-01-01 14:00:00,core,normal,pre_outage,weekday,49,15,15,11,11,4,0,4,0,1.0,0.26666666666666666,0.26666666666666666
2018-01-01,2018-01-01 14:00:00,near,normal,pre_outage,weekday,49,20,19,18,1,18,0,1,1,0.95,0.05,0.05263157894736842
2018-01-01,2018-01-01 14:00:00,outer,normal,pre_outage,weekday,49,5,5,4,0,1,4,1,0,1.0,0.2,0.2
2018-01-01,2018-01-01 15:00:00,core,normal,pre_outage,weekday,49,12,12,12,12,0,0,0,0,1.0,0.0,0.0
2018-01-01,2018-01-01 15:00:00,near,normal,pre_outage,weekday,49,23,23,21,1,21,1,2,0,1.0,0.08695652173913043,0.08695652173913043
2018-01-01,2018-01-01 15:00:00,outer,normal,pre_outage,weekday,49,6,6,6,0,0,6,0,0,1.0,0.0,0.0
2018-01-01,2018-01-01 16:00:00,core,normal,pre_outage,weekday,49,13,13,12,12,1,0,1,0,1.0,0.07692307692307693,0.07692307692307693
2018-01-01,2018-01-01 16:00:00,near,normal,pre_outage,weekday,49,21,21,20,1,20,0,1,0,1.0,0.047619047619047616,0.047619047619047616
2018-01-01,2018-01-01 16:00:00,outer,normal,pre_outage,weekday,49,7,6,4,0,2,4,2,1,0.8571428571428571,0.2857142857142857,0.3333333333333333
2018-01-01,2018-01-01 17:00:00,core,normal,pre_outage,weekday,49,13,13,12,12,1,0,1,0,1.0,0.07692307692307693,0.07692307692307693
2018-01-01,2018-01-01 17:00:00,near,normal,pre_outage,weekday,49,24,23,23,0,23,0,0,1,0.9583333333333334,0.0,0.0
2018-01-01,2018-01-01 17:00:00,outer,normal,pre_outage,weekday,49,4,4,3,0,1,3,1,0,1.0,0.25,0.25
2018-01-01,2018-01-01 18:00:00,core,normal,pre_outage,weekday,49,12,12,6,6,6,0,6,0,1.0,0.5,0.5
2018-01-01,2018-01-01 18:00:00,near,normal,pre_outage,weekday,49,25,25,24,1,24,0,1,0,1.0,0.04,0.04
2018-01-01,2018-01-01 18:00:00,outer,normal,pre_outage,weekday,49,4,4,3,0,1,3,1,0,1.0,0.25,0.25
2018-01-01,2018-01-01 19:00:00,core,normal,pre_outage,weekday,49,7,7,7,7,0,0,0,0,1.0,0.0,0.0
2018-01-01,2018-01-01 19:00:00,near,normal,pre_outage,weekday,49,31,31,26,4,26,1,5,0,1.0,0.16129032258064516,0.16129032258064516
2018-01-01,2018-01-01 19:00:00,outer,normal,pre_outage,weekday,49,4,4,4,0,0,4,0,0,1.0,0.0,0.0
2018-01-01,2018-01-01 20:00:00,core,normal,pre_outage,weekday,49,11,11,11,11,0,0,0,0,1.0,0.0,0.0
2018-01-01,2018-01-01 20:00:00,near,normal,pre_outage,weekday,49,27,25,21,4,21,0,4,2,0.9259259259259259,0.14814814814814814,0.16
2018-01-01,2018-01-01 20:00:00,outer,normal,pre_outage,weekday,49,5,5,4,0,1,4,1,0,1.0,0.2,0.2
2018-01-01,2018-01-01 21:00:00,core,normal,pre_outage,weekday,49,15,15,15,15,0,0,0,0,1.0,0.0,0.0
2018-01-01,2018-01-01 21:00:00,near,normal,pre_outage,weekday,49,22,22,21,1,21,0,1,0,1.0,0.045454545454545456,0.045454545454545456
2018-01-01,2018-01-01 21:00:00,outer,normal,pre_outage,weekday,49,4,4,4,0,0,4,0,0,1.0,0.0,0.0
2018-01-01,2018-01-01 22:00:00,core,normal,pre_outage,weekday,49,16,16,14,14,1,1,2,0,1.0,0.125,0.125
2018-01-01,2018-01-01 22:00:00,near,normal,pre_outage,weekday,49,21,21,21,0,21,0,0,0,1.0,0.0,0.0
2018-01-01,2018-01-01 22:00:00,outer,normal,pre_outage,weekday,49,4,4,4,0,0,4,0,0,1.0,0.0,0.0
2018-01-01,2018-01-01 23:00:00,core,normal,pre_outage,weekday,49,14,14,14,14,0,0,0,0,1.0,0.0,0.0
2018-01-01,2018-01-01 23:00:00,near,normal,pre_outage,weekday,49,22,22,21,0,21,1,1,0,1.0,0.045454545454545456,0.045454545454545456
2018-01-01,2018-01-01 23:00:00,outer,normal,pre_outage,weekday,49,6,6,6,0,0,6,0,0,1.0,0.0,0.0
2018-01-02,2018-01-02 00:00:00,core,normal,pre_outage,weekday,53,14,14,14,14,0,0,0,0,1.0,0.0,0.0
2018-01-02,2018-01-02 00:00:00,near,normal,pre_outage,weekday,53,21,21,21,0,21,0,0,0,1.0,0.0,0.0
2018-01-02,2018-01-02 00:00:00,outer,normal,pre_outage,weekday,53,7,7,7,0,0,7,0,0,1.0,0.0,0.0
2018-01-02,2018-01-02 01:00:00,core,normal,pre_outage,weekday,53,14,14,14,14,0,0,0,0,1.0,0.0,0.0
2018-01-02,2018-01-02 01:00:00,near,normal,pre_outage,weekday,53,21,21,21,0,21,0,0,0,1.0,0.0,0.0
2018-01-02,2018-01-02 01:00:00,outer,normal,pre_outage,weekday,53,7,6,6,0,0,6,0,1,0.8571428571428571,0.0,0.0
2018-01-02,2018-01-02 02:00:00,core,normal,pre_outage,weekday,53,14,14,13,13,1,0,1,0,1.0,0.07142857142857142,0.07142857142857142
2018-01-02,2018-01-02 02:00:00,near,normal,pre_outage,weekday,53,21,21,21,0,21,0,0,0,1.0,0.0,0.0
2018-01-02,2018-01-02 02:00:00,outer,normal,pre_outage,weekday,53,6,6,4,2,0,4,2,0,1.0,0.3333333333333333,0.3333333333333333
2018-01-02,2018-01-02 03:00:00,core,normal,pre_outage,weekday,53,15,15,13,13,2,0,2,0,1.0,0.13333333333333333,0.13333333333333333
2018-01-02,2018-01-02 03:00:00,near,normal,pre_outage,weekday,53,23,22,21,0,21,1,1,1,0.9565217391304348,0.043478260869565216,0.045454545454545456
2018-01-02,2018-01-02 03:00:00,outer,normal,pre_outage,weekday,53,6,5,5,0,0,5,0,1,0.8333333333333334,0.0,0.0
2018-01-02,2018-01-02 04:00:00,core,normal,pre_outage,weekday,53,13,13,13,13,0,0,0,0,1.0,0.0,0.0
2018-01-02,2018-01-02 04:00:00,near,normal,pre_outage,weekday,53,23,23,21,2,21,0,2,0,1.0,0.08695652173913043,0.08695652173913043
2018-01-02,2018-01-02 04:00:00,outer,normal,pre_outage,weekday,53,6,6,5,0,1,5,1,0,1.0,0.16666666666666666,0.16666666666666666
2018-01-02,2018-01-02 05:00:00,core,normal,pre_outage,weekday,53,15,15,12,12,2,1,3,0,1.0,0.2,0.2
2018-01-02,2018-01-02 05:00:00,near,normal,pre_outage,weekday,53,22,22,22,0,22,0,0,0,1.0,0.0,0.0
2018-01-02,2018-01-02 05:00:00,outer,normal,pre_outage,weekday,53,5,5,4,0,1,4,1,0,1.0,0.2,0.2
2018-01-02,2018-01-02 06:00:00,core,normal,pre_outage,weekday,53,12,12,8,8,2,2,4,0,1.0,0.3333333333333333,0.3333333333333333
2018-01-02,2018-01-02 06:00:00,near,normal,pre_outage,weekday,53,26,25,23,2,23,0,2,1,0.9615384615384616,0.07692307692307693,0.08
2018-01-02,2018-01-02 06:00:00,outer,normal,pre_outage,weekday,53,5,5,4,1,0,4,1,0,1.0,0.2,0.2
2018-01-02,2018-01-02 07:00:00,core,normal,pre_outage,weekday,53,11,11,9,9,1,1,2,0,1.0,0.18181818181818182,0.18181818181818182
2018-01-02,2018-01-02 07:00:00,near,normal,pre_outage,weekday,53,25,25,23,1,23,1,2,0,1.0,0.08,0.08
2018-01-02,2018-01-02 07:00:00,outer,normal,pre_outage,weekday,53,6,5,5,0,0,5,0,1,0.8333333333333334,0.0,0.0
2018-01-02,2018-01-02 08:00:00,core,normal,pre_outage,weekday,53,10,10,9,9,0,1,1,0,1.0,0.1,0.1
2018-01-02,2018-01-02 08:00:00,near,normal,pre_outage,weekday,53,25,25,25,0,25,0,0,0,1.0,0.0,0.0
2018-01-02,2018-01-02 08:00:00,outer,normal,pre_outage,weekday,53,8,7,7,0,0,7,0,1,0.875,0.0,0.0
2018-01-02,2018-01-02 09:00:00,core,normal,pre_outage,weekday,53,9,9,9,9,0,0,0,0,1.0,0.0,0.0
2018-01-02,2018-01-02 09:00:00,near,normal,pre_outage,weekday,53,27,26,24,1,24,1,2,1,0.9629629629629629,0.07407407407407407,0.07692307692307693
2018-01-02,2018-01-02 09:00:00,outer,normal,pre_outage,weekday,53,10,10,9,0,1,9,1,0,1.0,0.1,0.1
2018-01-02,2018-01-02 10:00:00,core,normal,pre_outage,weekday,53,10,10,8,8,2,0,2,0,1.0,0.2,0.2
2018-01-02,2018-01-02 10:00:00,near,normal,pre_outage,weekday,53,25,25,25,0,25,0,0,0,1.0,0.0,0.0
2018-01-02,2018-01-02 10:00:00,outer,normal,pre_outage,weekday,53,10,10,6,0,4,6,4,0,1.0,0.4,0.4
2018-01-02,2018-01-02 11:00:00,core,normal,pre_outage,weekday,53,8,8,8,8,0,0,0,0,1.0,0.0,0.0
2018-01-02,2018-01-02 11:00:00,near,normal,pre_outage,weekday,53,31,31,30,1,30,0,1,0,1.0,0.03225806451612903,0.03225806451612903
2018-01-02,2018-01-02 11:00:00,outer,normal,pre_outage,weekday,53,6,6,6,0,0,6,0,0,1.0,0.0,0.0
2018-01-02,2018-01-02 12:00:00,core,normal,pre_outage,weekday,53,9,9,9,9,0,0,0,0,1.0,0.0,0.0
2018-01-02,2018-01-02 12:00:00,near,normal,pre_outage,weekday,53,30,30,28,0,28,2,2,0,1.0,0.06666666666666667,0.06666666666666667
2018-01-02,2018-01-02 12:00:00,outer,normal,pre_outage,weekday,53,6,6,5,0,1,5,1,0,1.0,0.16666666666666666,0.16666666666666666
2018-01-02,2018-01-02 13:00:00,core,normal,pre_outage,weekday,53,9,9,9,9,0,0,0,0,1.0,0.0,0.0
2018-01-02,2018-01-02 13:00:00,near,normal,pre_outage,weekday,53,29,29,28,1,28,0,1,0,1.0,0.034482758620689655,0.034482758620689655
2018-01-02,2018-01-02 13:00:00,outer,normal,pre_outage,weekday,53,7,7,4,2,1,4,3,0,1.0,0.42857142857142855,0.42857142857142855
2018-01-02,2018-01-02 14:00:00,core,normal,pre_outage,weekday,53,12,12,9,9,3,0,3,0,1.0,0.25,0.25
2018-01-02,2018-01-02 14:00:00,near,normal,pre_outage,weekday,53,29,29,26,1,26,2,3,0,1.0,0.10344827586206896,0.10344827586206896
2018-01-02,2018-01-02 14:00:00,outer,normal,pre_outage,weekday,53,4,4,4,0,0,4,0,0,1.0,0.0,0.0
2018-01-02,2018-01-02 15:00:00,core,normal,pre_outage,weekday,53,10,9,7,7,2,0,2,1,0.9,0.2,0.2222222222222222
2018-01-02,2018-01-02 15:00:00,near,normal,pre_outage,weekday,53,31,30,27,2,27,1,3,1,0.967741935483871,0.0967741935483871,0.1
2018-01-02,2018-01-02 15:00:00,outer,normal,pre_outage,weekday,53,7,7,7,0,0,7,0,0,1.0,0.0,0.0
2018-01-02,2018-01-02 16:00:00,core,normal,pre_outage,weekday,53,9,9,9,9,0,0,0,0,1.0,0.0,0.0
2018-01-02,2018-01-02 16:00:00,near,normal,pre_outage,weekday,53,29,29,25,3,25,1,4,0,1.0,0.13793103448275862,0.13793103448275862
2018-01-02,2018-01-02 16:00:00,outer,normal,pre_outage,weekday,53,8,8,5,2,1,5,3,0,1.0,0.375,0.375
2018-01-02,2018-01-02 17:00:00,core,normal,pre_outage,weekday,53,14,14,13,13,1,0,1,0,1.0,0.07142857142857142,0.07142857142857142
2018-01-02,2018-01-02 17:00:00,near,normal,pre_outage,weekday,53,26,26,24,2,24,0,2,0,1.0,0.07692307692307693,0.07692307692307693
2018-01-02,2018-01-02 17:00:00,outer,normal,pre_outage,weekday,53,6,6,5,0,1,5,1,0,1.0,0.16666666666666666,0.16666666666666666
2018-01-02,2018-01-02 18:00:00,core,normal,pre_outage,weekday,53,15,15,10,10,5,0,5,0,1.0,0.3333333333333333,0.3333333333333333
2018-01-02,2018-01-02 18:00:00,near,normal,pre_outage,weekday,53,27,26,23,3,23,0,3,1,0.9629629629629629,0.1111111111111111,0.11538461538461539
2018-01-02,2018-01-02 18:00:00,outer,normal,pre_outage,weekday,53,6,6,4,1,1,4,2,0,1.0,0.3333333333333333,0.3333333333333333
2018-01-02,2018-01-02 19:00:00,core,normal,pre_outage,weekday,53,14,14,14,14,0,0,0,0,1.0,0.0,0.0
2018-01-02,2018-01-02 19:00:00,near,normal,pre_outage,weekday,53,29,29,24,3,24,2,5,0,1.0,0.1724137931034483,0.1724137931034483
2018-01-02,2018-01-02 19:00:00,outer,normal,pre_outage,weekday,53,4,4,4,0,0,4,0,0,1.0,0.0,0.0
2018-01-02,2018-01-02 20:00:00,core,normal,pre_outage,weekday,53,17,16,16,16,0,0,0,1,0.9411764705882353,0.0,0.0
2018-01-02,2018-01-02 20:00:00,near,normal,pre_outage,weekday,53,24,24,24,0,24,0,0,0,1.0,0.0,0.0
2018-01-02,2018-01-02 20:00:00,outer,normal,pre_outage,weekday,53,6,6,6,0,0,6,0,0,1.0,0.0,0.0
2018-01-02,2018-01-02 21:00:00,core,normal,pre_outage,weekday,53,16,16,16,16,0,0,0,0,1.0,0.0,0.0
2018-01-02,2018-01-02 21:00:00,near,normal,pre_outage,weekday,53,24,23,21,2,21,0,2,1,0.9583333333333334,0.08333333333333333,0.08695652173913043
2018-01-02,2018-01-02 21:00:00,outer,normal,pre_outage,weekday,53,6,5,3,0,2,3,2,1,0.8333333333333334,0.3333333333333333,0.4
2018-01-02,2018-01-02 22:00:00,core,normal,pre_outage,weekday,53,19,19,18,18,1,0,1,0,1.0,0.05263157894736842,0.05263157894736842
2018-01-02,2018-01-02 22:00:00,near,normal,pre_outage,weekday,53,23,23,23,0,23,0,0,0,1.0,0.0,0.0
2018-01-02,2018-01-02 22:00:00,outer,normal,pre_outage,weekday,53,3,3,3,0,0,3,0,0,1.0,0.0,0.0
2018-01-02,2018-01-02 23:00:00,core,normal,pre_outage,weekday,53,18,18,18,18,0,0,0,0,1.0,0.0,0.0
2018-01-02,2018-01-02 23:00:00,near,normal,pre_outage,weekday,53,24,24,22,0,22,2,2,0,1.0,0.08333333333333333,0.08333333333333333
2018-01-02,2018-01-02 23:00:00,outer,normal,pre_outage,weekday,53,3,3,3,0,0,3,0,0,1.0,0.0,0.0
2018-01-03,2018-01-03 00:00:00,core,normal,pre_outage,weekday,58,18,18,18,18,0,0,0,0,1.0,0.0,0.0
2018-01-03,2018-01-03 00:00:00,near,normal,pre_outage,weekday,58,23,22,22,0,22,0,0,1,0.9565217391304348,0.0,0.0
2018-01-03,2018-01-03 00:00:00,outer,normal,pre_outage,weekday,58,5,5,5,0,0,5,0,0,1.0,0.0,0.0
2018-01-03,2018-01-03 01:00:00,core,normal,pre_outage,weekday,58,18,18,16,16,2,0,2,0,1.0,0.1111111111111111,0.1111111111111111
2018-01-03,2018-01-03 01:00:00,near,normal,pre_outage,weekday,58,23,22,22,0,22,0,0,1,0.9565217391304348,0.0,0.0
2018-01-03,2018-01-03 01:00:00,outer,normal,pre_outage,weekday,58,5,3,3,0,0,3,0,2,0.6,0.0,0.0
2018-01-03,2018-01-03 02:00:00,core,normal,pre_outage,weekday,58,16,16,13,13,3,0,3,0,1.0,0.1875,0.1875
2018-01-03,2018-01-03 02:00:00,near,normal,pre_outage,weekday,58,24,24,22,2,22,0,2,0,1.0,0.08333333333333333,0.08333333333333333
2018-01-03,2018-01-03 02:00:00,outer,normal,pre_outage,weekday,58,3,3,3,0,0,3,0,0,1.0,0.0,0.0
2018-01-03,2018-01-03 03:00:00,core,normal,pre_outage,weekday,58,15,15,14,14,0,1,1,0,1.0,0.06666666666666667,0.06666666666666667
2018-01-03,2018-01-03 03:00:00,near,normal,pre_outage,weekday,58,26,25,22,2,22,1,3,1,0.9615384615384616,0.11538461538461539,0.12
2018-01-03,2018-01-03 03:00:00,outer,normal,pre_outage,weekday,58,4,4,4,0,0,4,0,0,1.0,0.0,0.0
2018-01-03,2018-01-03 04:00:00,core,normal,pre_outage,weekday,58,16,16,16,16,0,0,0,0,1.0,0.0,0.0
2018-01-03,2018-01-03 04:00:00,near,normal,pre_outage,weekday,58,22,22,22,0,22,0,0,0,1.0,0.0,0.0
2018-01-03,2018-01-03 04:00:00,outer,normal,pre_outage,weekday,58,6,6,5,0,1,5,1,0,1.0,0.16666666666666666,0.16666666666666666
2018-01-03,2018-01-03 05:00:00,core,normal,pre_outage,weekday,58,16,16,16,16,0,0,0,0,1.0,0.0,0.0
2018-01-03,2018-01-03 05:00:00,near,normal,pre_outage,weekday,58,23,23,23,0,23,0,0,0,1.0,0.0,0.0
2018-01-03,2018-01-03 05:00:00,outer,normal,pre_outage,weekday,58,5,5,3,1,1,3,2,0,1.0,0.4,0.4
2018-01-03,2018-01-03 06:00:00,core,normal,pre_outage,weekday,58,17,17,12,12,5,0,5,0,1.0,0.29411764705882354,0.29411764705882354
2018-01-03,2018-01-03 06:00:00,near,normal,pre_outage,weekday,58,24,24,23,1,23,0,1,0,1.0,0.041666666666666664,0.041666666666666664
2018-01-03,2018-01-03 06:00:00,outer,normal,pre_outage,weekday,58,3,3,3,0,0,3,0,0,1.0,0.0,0.0
2018-01-03,2018-01-03 07:00:00,core,normal,pre_outage,weekday,58,13,13,10,10,2,1,3,0,1.0,0.23076923076923078,0.23076923076923078
2018-01-03,2018-01-03 07:00:00,near,normal,pre_outage,weekday,58,30,28,27,1,27,0,1,2,0.9333333333333333,0.03333333333333333,0.03571428571428571
2018-01-03,2018-01-03 07:00:00,outer,normal,pre_outage,weekday,58,4,4,4,0,0,4,0,0,1.0,0.0,0.0
2018-01-03,2018-01-03 08:00:00,core,normal,pre_outage,weekday,58,11,11,10,10,1,0,1,0,1.0,0.09090909090909091,0.09090909090909091
2018-01-03,2018-01-03 08:00:00,near,normal,pre_outage,weekday,58,29,29,24,4,24,1,5,0,1.0,0.1724137931034483,0.1724137931034483
2018-01-03,2018-01-03 08:00:00,outer,normal,pre_outage,weekday,58,5,5,4,1,0,4,1,0,1.0,0.2,0.2
2018-01-03,2018-01-03 09:00:00,core,normal,pre_outage,weekday,58,15,15,13,13,2,0,2,0,1.0,0.13333333333333333,0.13333333333333333
2018-01-03,2018-01-03 09:00:00,near,normal,pre_outage,weekday,58,26,26,25,0,25,1,1,0,1.0,0.038461538461538464,0.038461538461538464
2018-01-03,2018-01-03 09:00:00,outer,normal,pre_outage,weekday,58,5,5,5,0,0,5,0,0,1.0,0.0,0.0
2018-01-03,2018-01-03 10:00:00,core,normal,pre_outage,weekday,58,13,13,9,9,2,2,4,0,1.0,0.3076923076923077,0.3076923076923077
2018-01-03,2018-01-03 10:00:00,near,normal,pre_outage,weekday,58,27,26,26,0,26,0,0,1,0.9629629629629629,0.0,0.0
2018-01-03,2018-01-03 10:00:00,outer,normal,pre_outage,weekday,58,7,7,5,1,1,5,2,0,1.0,0.2857142857142857,0.2857142857142857
2018-01-03,2018-01-03 11:00:00,core,normal,pre_outage,weekday,58,10,10,9,9,1,0,1,0,1.0,0.1,0.1
2018-01-03,2018-01-03 11:00:00,near,normal,pre_outage,weekday,58,29,29,28,0,28,1,1,0,1.0,0.034482758620689655,0.034482758620689655
2018-01-03,2018-01-03 11:00:00,outer,normal,pre_outage,weekday,58,7,7,7,0,0,7,0,0,1.0,0.0,0.0
2018-01-03,2018-01-03 12:00:00,core,normal,pre_outage,weekday,58,9,9,8,8,1,0,1,0,1.0,0.1111111111111111,0.1111111111111111
2018-01-03,2018-01-03 12:00:00,near,normal,pre_outage,weekday,58,29,29,29,0,29,0,0,0,1.0,0.0,0.0
2018-01-03,2018-01-03 12:00:00,outer,normal,pre_outage,weekday,58,9,8,8,0,0,8,0,1,0.8888888888888888,0.0,0.0
2018-01-03,2018-01-03 13:00:00,core,normal,pre_outage,weekday,58,8,8,7,7,1,0,1,0,1.0,0.125,0.125
2018-01-03,2018-01-03 13:00:00,near,normal,pre_outage,weekday,58,31,31,29,2,29,0,2,0,1.0,0.06451612903225806,0.06451612903225806
2018-01-03,2018-01-03 13:00:00,outer,normal,pre_outage,weekday,58,8,8,6,0,2,6,2,0,1.0,0.25,0.25
2018-01-03,2018-01-03 14:00:00,core,normal,pre_outage,weekday,58,9,9,8,8,1,0,1,0,1.0,0.1111111111111111,0.1111111111111111
2018-01-03,2018-01-03 14:00:00,near,normal,pre_outage,weekday,58,32,32,30,2,30,0,2,0,1.0,0.0625,0.0625
2018-01-03,2018-01-03 14:00:00,outer,normal,pre_outage,weekday,58,6,5,4,0,1,4,1,1,0.8333333333333334,0.16666666666666666,0.2
2018-01-03,2018-01-03 15:00:00,core,normal,pre_outage,weekday,58,10,10,8,8,2,0,2,0,1.0,0.2,0.2
2018-01-03,2018-01-03 15:00:00,near,normal,pre_outage,weekday,58,33,32,29,3,29,0,3,1,0.9696969696969697,0.09090909090909091,0.09375
2018-01-03,2018-01-03 15:00:00,outer,normal,pre_outage,weekday,58,4,4,4,0,0,4,0,0,1.0,0.0,0.0
2018-01-03,2018-01-03 16:00:00,core,normal,pre_outage,weekday,58,11,11,10,10,1,0,1,0,1.0,0.09090909090909091,0.09090909090909091
2018-01-03,2018-01-03 16:00:00,near,normal,pre_outage,weekday,58,32,31,28,3,28,0,3,1,0.96875,0.09375,0.0967741935483871
2018-01-03,2018-01-03 16:00:00,outer,normal,pre_outage,weekday,58,4,4,4,0,0,4,0,0,1.0,0.0,0.0
2018-01-03,2018-01-03 17:00:00,core,normal,pre_outage,weekday,58,13,13,13,13,0,0,0,0,1.0,0.0,0.0
2018-01-03,2018-01-03 17:00:00,near,normal,pre_outage,weekday,58,29,28,27,0,27,1,1,1,0.9655172413793104,0.034482758620689655,0.03571428571428571
2018-01-03,2018-01-03 17:00:00,outer,normal,pre_outage,weekday,58,4,4,4,0,0,4,0,0,1.0,0.0,0.0
2018-01-03,2018-01-03 18:00:00,core,normal,pre_outage,weekday,58,13,13,9,9,4,0,4,0,1.0,0.3076923076923077,0.3076923076923077
2018-01-03,2018-01-03 18:00:00,near,normal,pre_outage,weekday,58,27,27,27,0,27,0,0,0,1.0,0.0,0.0
2018-01-03,2018-01-03 18:00:00,outer,normal,pre_outage,weekday,58,5,5,4,0,1,4,1,0,1.0,0.2,0.2
2018-01-03,2018-01-03 19:00:00,core,normal,pre_outage,weekday,58,9,9,8,8,0,1,1,0,1.0,0.1111111111111111,0.1111111111111111
2018-01-03,2018-01-03 19:00:00,near,normal,pre_outage,weekday,58,32,31,25,4,25,2,6,1,0.96875,0.1875,0.1935483870967742
2018-01-03,2018-01-03 19:00:00,outer,normal,pre_outage,weekday,58,4,4,4,0,0,4,0,0,1.0,0.0,0.0
2018-01-03,2018-01-03 20:00:00,core,normal,pre_outage,weekday,58,12,12,12,12,0,0,0,0,1.0,0.0,0.0
2018-01-03,2018-01-03 20:00:00,near,normal,pre_outage,weekday,58,25,25,24,1,24,0,1,0,1.0,0.04,0.04
2018-01-03,2018-01-03 20:00:00,outer,normal,pre_outage,weekday,58,7,7,7,0,0,7,0,0,1.0,0.0,0.0
2018-01-03,2018-01-03 21:00:00,core,normal,pre_outage,weekday,58,13,13,13,13,0,0,0,0,1.0,0.0,0.0
2018-01-03,2018-01-03 21:00:00,near,normal,pre_outage,weekday,58,25,24,22,2,22,0,2,1,0.96,0.08,0.08333333333333333
2018-01-03,2018-01-03 21:00:00,outer,normal,pre_outage,weekday,58,7,5,4,0,1,4,1,2,0.7142857142857143,0.14285714285714285,0.2
2018-01-03,2018-01-03 22:00:00,core,normal,pre_outage,weekday,58,15,15,8,8,6,1,7,0,1.0,0.4666666666666667,0.4666666666666667
2018-01-03,2018-01-03 22:00:00,near,normal,pre_outage,weekday,58,23,23,22,1,22,0,1,0,1.0,0.043478260869565216,0.043478260869565216
2018-01-03,2018-01-03 22:00:00,outer,normal,pre_outage,weekday,58,4,4,4,0,0,4,0,0,1.0,0.0,0.0
2018-01-03,2018-01-03 23:00:00,core,normal,pre_outage,weekday,58,9,9,8,8,0,1,1,0,1.0,0.1111111111111111,0.1111111111111111
2018-01-03,2018-01-03 23:00:00,near,normal,pre_outage,weekday,58,29,29,24,4,24,1,5,0,1.0,0.1724137931034483,0.1724137931034483
2018-01-03,2018-01-03 23:00:00,outer,normal,pre_outage,weekday,58,5,5,5,0,0,5,0,0,1.0,0.0,0.0
2018-01-04,2018-01-04 00:00:00,core,normal,pre_outage,weekday,55,12,12,12,12,0,0,0,0,1.0,0.0,0.0
2018-01-04,2018-01-04 00:00:00,near,normal,pre_outage,weekday,55,24,24,24,0,24,0,0,0,1.0,0.0,0.0
2018-01-04,2018-01-04 00:00:00,outer,normal,pre_outage,weekday,55,7,6,6,0,0,6,0,1,0.8571428571428571,0.0,0.0
2018-01-04,2018-01-04 01:00:00,core,normal,pre_outage,weekday,55,12,12,12,12,0,0,0,0,1.0,0.0,0.0
2018-01-04,2018-01-04 01:00:00,near,normal,pre_outage,weekday,55,25,24,24,0,24,0,0,1,0.96,0.0,0.0
2018-01-04,2018-01-04 01:00:00,outer,normal,pre_outage,weekday,55,6,5,4,1,0,4,1,1,0.8333333333333334,0.16666666666666666,0.2
2018-01-04,2018-01-04 02:00:00,core,normal,pre_outage,weekday,55,13,13,11,11,2,0,2,0,1.0,0.15384615384615385,0.15384615384615385
2018-01-04,2018-01-04 02:00:00,near,normal,pre_outage,weekday,55,25,24,23,1,23,0,1,1,0.96,0.04,0.041666666666666664
2018-01-04,2018-01-04 02:00:00,outer,normal,pre_outage,weekday,55,5,5,5,0,0,5,0,0,1.0,0.0,0.0
2018-01-04,2018-01-04 03:00:00,core,normal,pre_outage,weekday,55,12,12,10,10,2,0,2,0,1.0,0.16666666666666666,0.16666666666666666
2018-01-04,2018-01-04 03:00:00,near,normal,pre_outage,weekday,55,25,25,25,0,25,0,0,0,1.0,0.0,0.0
2018-01-04,2018-01-04 03:00:00,outer,normal,pre_outage,weekday,55,7,7,5,1,1,5,2,0,1.0,0.2857142857142857,0.2857142857142857
2018-01-04,2018-01-04 04:00:00,core,normal,pre_outage,weekday,55,11,11,11,11,0,0,0,0,1.0,0.0,0.0
2018-01-04,2018-01-04 04:00:00,near,normal,pre_outage,weekday,55,30,29,28,0,28,1,1,1,0.9666666666666667,0.03333333333333333,0.034482758620689655
2018-01-04,2018-01-04 04:00:00,outer,normal,pre_outage,weekday,55,6,5,5,0,0,5,0,1,0.8333333333333334,0.0,0.0
2018-01-04,2018-01-04 05:00:00,core,normal,pre_outage,weekday,55,11,11,11,11,0,0,0,0,1.0,0.0,0.0
2018-01-04,2018-01-04 05:00:00,near,normal,pre_outage,weekday,55,28,28,23,5,23,0,5,0,1.0,0.17857142857142858,0.17857142857142858
2018-01-04,2018-01-04 05:00:00,outer,normal,pre_outage,weekday,55,6,5,3,0,2,3,2,1,0.8333333333333334,0.3333333333333333,0.4
2018-01-04,2018-01-04 06:00:00,core,normal,pre_outage,weekday,55,16,15,10,10,2,3,5,1,0.9375,0.3125,0.3333333333333333
2018-01-04,2018-01-04 06:00:00,near,normal,pre_outage,weekday,55,25,25,25,0,25,0,0,0,1.0,0.0,0.0
2018-01-04,2018-01-04 06:00:00,outer,normal,pre_outage,weekday,55,4,4,3,1,0,3,1,0,1.0,0.25,0.25
2018-01-04,2018-01-04 07:00:00,core,normal,pre_outage,weekday,55,11,11,8,8,2,1,3,0,1.0,0.2727272727272727,0.2727272727272727
2018-01-04,2018-01-04 07:00:00,near,normal,pre_outage,weekday,55,28,27,25,2,25,0,2,1,0.9642857142857143,0.07142857142857142,0.07407407407407407
2018-01-04,2018-01-04 07:00:00,outer,normal,pre_outage,weekday,55,7,5,2,0,3,2,3,2,0.7142857142857143,0.42857142857142855,0.6
2018-01-04,2018-01-04 08:00:00,core,normal,pre_outage,weekday,55,10,10,9,9,1,0,1,0,1.0,0.1,0.1
2018-01-04,2018-01-04 08:00:00,near,normal,pre_outage,weekday,55,30,30,28,1,28,1,2,0,1.0,0.06666666666666667,0.06666666666666667
2018-01-04,2018-01-04 08:00:00,outer,normal,pre_outage,weekday,55,3,3,3,0,0,3,0,0,1.0,0.0,0.0
2018-01-04,2018-01-04 09:00:00,core,normal,pre_outage,weekday,55,10,10,8,8,2,0,2,0,1.0,0.2,0.2
2018-01-04,2018-01-04 09:00:00,near,normal,pre_outage,weekday,55,29,29,28,0,28,1,1,0,1.0,0.034482758620689655,0.034482758620689655
2018-01-04,2018-01-04 09:00:00,outer,normal,pre_outage,weekday,55,6,5,5,0,0,5,0,1,0.8333333333333334,0.0,0.0
2018-01-04,2018-01-04 10:00:00,core,normal,pre_outage,weekday,55,8,8,6,6,2,0,2,0,1.0,0.25,0.25
2018-01-04,2018-01-04 10:00:00,near,normal,pre_outage,weekday,55,30,30,28,2,28,0,2,0,1.0,0.06666666666666667,0.06666666666666667
2018-01-04,2018-01-04 10:00:00,outer,normal,pre_outage,weekday,55,6,6,4,1,1,4,2,0,1.0,0.3333333333333333,0.3333333333333333
2018-01-04,2018-01-04 11:00:00,core,normal,pre_outage,weekday,55,9,8,8,8,0,0,0,1,0.8888888888888888,0.0,0.0
2018-01-04,2018-01-04 11:00:00,near,normal,pre_outage,weekday,55,31,30,24,6,24,0,6,1,0.967741935483871,0.1935483870967742,0.2
2018-01-04,2018-01-04 11:00:00,outer,normal,pre_outage,weekday,55,5,5,4,0,1,4,1,0,1.0,0.2,0.2
2018-01-04,2018-01-04 12:00:00,core,normal,pre_outage,weekday,55,14,14,14,14,0,0,0,0,1.0,0.0,0.0
2018-01-04,2018-01-04 12:00:00,near,normal,pre_outage,weekday,55,26,26,26,0,26,0,0,0,1.0,0.0,0.0
2018-01-04,2018-01-04 12:00:00,outer,normal,pre_outage,weekday,55,4,4,4,0,0,4,0,0,1.0,0.0,0.0
2018-01-04,2018-01-04 13:00:00,core,normal,pre_outage,weekday,55,14,14,11,11,3,0,3,0,1.0,0.21428571428571427,0.21428571428571427
2018-01-04,2018-01-04 13:00:00,near,normal,pre_outage,weekday,55,26,25,24,0,24,1,1,1,0.9615384615384616,0.038461538461538464,0.04
2018-01-04,2018-01-04 13:00:00,outer,normal,pre_outage,weekday,55,5,5,4,0,1,4,1,0,1.0,0.2,0.2
2018-01-04,2018-01-04 14:00:00,core,normal,pre_outage,weekday,55,11,11,10,10,1,0,1,0,1.0,0.09090909090909091,0.09090909090909091
2018-01-04,2018-01-04 14:00:00,near,normal,pre_outage,weekday,55,29,28,25,3,25,0,3,1,0.9655172413793104,0.10344827586206896,0.10714285714285714
2018-01-04,2018-01-04 14:00:00,outer,normal,pre_outage,weekday,55,5,5,5,0,0,5,0,0,1.0,0.0,0.0
2018-01-04,2018-01-04 15:00:00,core,normal,pre_outage,weekday,55,13,13,11,11,2,0,2,0,1.0,0.15384615384615385,0.15384615384615385
2018-01-04,2018-01-04 15:00:00,near,normal,pre_outage,weekday,55,26,26,25,1,25,0,1,0,1.0,0.038461538461538464,0.038461538461538464
2018-01-04,2018-01-04 15:00:00,outer,normal,pre_outage,weekday,55,5,5,4,0,1,4,1,0,1.0,0.2,0.2
2018-01-04,2018-01-04 16:00:00,core,normal,pre_outage,weekday,55,12,12,12,12,0,0,0,0,1.0,0.0,0.0
2018-01-04,2018-01-04 16:00:00,near,normal,pre_outage,weekday,55,29,29,27,2,27,0,2,0,1.0,0.06896551724137931,0.06896551724137931
2018-01-04,2018-01-04 16:00:00,outer,normal,pre_outage,weekday,55,4,4,4,0,0,4,0,0,1.0,0.0,0.0
2018-01-04,2018-01-04 17:00:00,core,normal,pre_outage,weekday,55,14,14,13,13,1,0,1,0,1.0,0.07142857142857142,0.07142857142857142
2018-01-04,2018-01-04 17:00:00,near,normal,pre_outage,weekday,55,28,28,28,0,28,0,0,0,1.0,0.0,0.0
2018-01-04,2018-01-04 17:00:00,outer,normal,pre_outage,weekday,55,4,3,3,0,0,3,0,1,0.75,0.0,0.0
2018-01-04,2018-01-04 18:00:00,core,normal,pre_outage,weekday,55,13,13,11,11,2,0,2,0,1.0,0.15384615384615385,0.15384615384615385
2018-01-04,2018-01-04 18:00:00,near,normal,pre_outage,weekday,55,29,29,28,1,28,0,1,0,1.0,0.034482758620689655,0.034482758620689655
2018-01-04,2018-01-04 18:00:00,outer,normal,pre_outage,weekday,55,3,3,2,0,1,2,1,0,1.0,0.3333333333333333,0.3333333333333333
2018-01-04,2018-01-04 19:00:00,core,normal,pre_outage,weekday,55,12,12,12,12,0,0,0,0,1.0,0.0,0.0
2018-01-04,2018-01-04 19:00:00,near,normal,pre_outage,weekday,55,31,31,26,2,26,3,5,0,1.0,0.16129032258064516,0.16129032258064516
2018-01-04,2018-01-04 19:00:00,outer,normal,pre_outage,weekday,55,3,3,3,0,0,3,0,0,1.0,0.0,0.0
2018-01-04,2018-01-04 20:00:00,core,normal,pre_outage,weekday,55,14,14,14,14,0,0,0,0,1.0,0.0,0.0
2018-01-04,2018-01-04 20:00:00,near,normal,pre_outage,weekday,55,26,26,26,0,26,0,0,0,1.0,0.0,0.0
2018-01-04,2018-01-04 20:00:00,outer,normal,pre_outage,weekday,55,7,6,6,0,0,6,0,1,0.8571428571428571,0.0,0.0
2018-01-04,2018-01-04 21:00:00,core,normal,pre_outage,weekday,55,14,14,14,14,0,0,0,0,1.0,0.0,0.0
2018-01-04,2018-01-04 21:00:00,near,normal,pre_outage,weekday,55,26,26,26,0,26,0,0,0,1.0,0.0,0.0
2018-01-04,2018-01-04 21:00:00,outer,normal,pre_outage,weekday,55,6,4,4,0,0,4,0,2,0.6666666666666666,0.0,0.0
2018-01-04,2018-01-04 22:00:00,core,normal,pre_outage,weekday,55,14,14,12,12,2,0,2,0,1.0,0.14285714285714285,0.14285714285714285
2018-01-04,2018-01-04 22:00:00,near,normal,pre_outage,weekday,55,26,26,26,0,26,0,0,0,1.0,0.0,0.0
2018-01-04,2018-01-04 22:00:00,outer,normal,pre_outage,weekday,55,4,4,4,0,0,4,0,0,1.0,0.0,0.0
2018-01-04,2018-01-04 23:00:00,core,normal,pre_outage,weekday,55,12,12,10,10,2,0,2,0,1.0,0.16666666666666666,0.16666666666666666
2018-01-04,2018-01-04 23:00:00,near,normal,pre_outage,weekday,55,28,28,26,2,26,0,2,0,1.0,0.07142857142857142,0.07142857142857142
2018-01-04,2018-01-04 23:00:00,outer,normal,pre_outage,weekday,55,5,5,5,0,0,5,0,0,1.0,0.0,0.0
2018-01-05,2018-01-05 00:00:00,core,normal,pre_outage,weekday,57,12,12,12,12,0,0,0,0,1.0,0.0,0.0
2018-01-05,2018-01-05 00:00:00,near,normal,pre_outage,weekday,57,28,28,26,2,26,0,2,0,1.0,0.07142857142857142,0.07142857142857142
2018-01-05,2018-01-05 00:00:00,outer,normal,pre_outage,weekday,57,6,6,6,0,0,6,0,0,1.0,0.0,0.0
2018-01-05,2018-01-05 01:00:00,core,normal,pre_outage,weekday,57,14,14,14,14,0,0,0,0,1.0,0.0,0.0
2018-01-05,2018-01-05 01:00:00,near,normal,pre_outage,weekday,57,26,26,26,0,26,0,0,0,1.0,0.0,0.0
2018-01-05,2018-01-05 01:00:00,outer,normal,pre_outage,weekday,57,6,6,5,0,1,5,1,0,1.0,0.16666666666666666,0.16666666666666666
2018-01-05,2018-01-05 02:00:00,core,normal,pre_outage,weekday,57,14,14,14,14,0,0,0,0,1.0,0.0,0.0
2018-01-05,2018-01-05 02:00:00,near,normal,pre_outage,weekday,57,28,27,26,1,26,0,1,1,0.9642857142857143,0.03571428571428571,0.037037037037037035
2018-01-05,2018-01-05 02:00:00,outer,normal,pre_outage,weekday,57,5,4,4,0,0,4,0,1,0.8,0.0,0.0
2018-01-05,2018-01-05 03:00:00,core,normal,pre_outage,weekday,57,15,15,15,15,0,0,0,0,1.0,0.0,0.0
2018-01-05,2018-01-05 03:00:00,near,normal,pre_outage,weekday,57,27,26,25,0,25,1,1,1,0.9629629629629629,0.037037037037037035,0.038461538461538464
2018-01-05,2018-01-05 03:00:00,outer,normal,pre_outage,weekday,57,4,4,4,0,0,4,0,0,1.0,0.0,0.0
2018-01-05,2018-01-05 04:00:00,core,normal,pre_outage,weekday,57,15,15,15,15,0,0,0,0,1.0,0.0,0.0
2018-01-05,2018-01-05 04:00:00,near,normal,pre_outage,weekday,57,25,25,25,0,25,0,0,0,1.0,0.0,0.0
2018-01-05,2018-01-05 04:00:00,outer,normal,pre_outage,weekday,57,5,5,5,0,0,5,0,0,1.0,0.0,0.0
2018-01-05,2018-01-05 05:00:00,core,normal,pre_outage,weekday,57,15,15,14,14,1,0,1,0,1.0,0.06666666666666667,0.06666666666666667
2018-01-05,2018-01-05 05:00:00,near,normal,pre_outage,weekday,57,25,25,25,0,25,0,0,0,1.0,0.0,0.0
2018-01-05,2018-01-05 05:00:00,outer,normal,pre_outage,weekday,57,5,5,3,0,2,3,2,0,1.0,0.4,0.4
2018-01-05,2018-01-05 06:00:00,core,normal,pre_outage,weekday,57,14,14,12,12,2,0,2,0,1.0,0.14285714285714285,0.14285714285714285
2018-01-05,2018-01-05 06:00:00,near,normal,pre_outage,weekday,57,28,28,28,0,28,0,0,0,1.0,0.0,0.0
2018-01-05,2018-01-05 06:00:00,outer,normal,pre_outage,weekday,57,3,3,3,0,0,3,0,0,1.0,0.0,0.0
2018-01-05,2018-01-05 07:00:00,core,normal,pre_outage,weekday,57,12,12,10,10,2,0,2,0,1.0,0.16666666666666666,0.16666666666666666
2018-01-05,2018-01-05 07:00:00,near,normal,pre_outage,weekday,57,30,30,27,2,27,1,3,0,1.0,0.1,0.1
2018-01-05,2018-01-05 07:00:00,outer,normal,pre_outage,weekday,57,4,3,3,0,0,3,0,1,0.75,0.0,0.0
2018-01-05,2018-01-05 08:00:00,core,normal,pre_outage,weekday,57,12,12,12,12,0,0,0,0,1.0,0.0,0.0
2018-01-05,2018-01-05 08:00:00,near,normal,pre_outage,weekday,57,29,29,26,3,26,0,3,0,1.0,0.10344827586206896,0.10344827586206896
2018-01-05,2018-01-05 08:00:00,outer,normal,pre_outage,weekday,57,5,5,5,0,0,5,0,0,1.0,0.0,0.0
2018-01-05,2018-01-05 09:00:00,core,normal,pre_outage,weekday,57,15,15,14,14,1,0,1,0,1.0,0.06666666666666667,0.06666666666666667
2018-01-05,2018-01-05 09:00:00,near,normal,pre_outage,weekday,57,29,29,26,2,26,1,3,0,1.0,0.10344827586206896,0.10344827586206896
2018-01-05,2018-01-05 09:00:00,outer,normal,pre_outage,weekday,57,6,5,5,0,0,5,0,1,0.8333333333333334,0.0,0.0
2018-01-05,2018-01-05 10:00:00,core,normal,pre_outage,weekday,57,16,16,10,10,6,0,6,0,1.0,0.375,0.375
2018-01-05,2018-01-05 10:00:00,near,normal,pre_outage,weekday,57,27,27,27,0,27,0,0,0,1.0,0.0,0.0
2018-01-05,2018-01-05 10:00:00,outer,normal,pre_outage,weekday,57,6,6,5,1,0,5,1,0,1.0,0.16666666666666666,0.16666666666666666
2018-01-05,2018-01-05 11:00:00,core,normal,pre_outage,weekday,57,11,10,9,9,0,1,1,1,0.9090909090909091,0.09090909090909091,0.1
2018-01-05,2018-01-05 11:00:00,near,normal,pre_outage,weekday,57,34,33,27,4,27,2,6,1,0.9705882352941176,0.17647058823529413,0.18181818181818182
2018-01-05,2018-01-05 11:00:00,outer,normal,pre_outage,weekday,57,5,4,4,0,0,4,0,1,0.8,0.0,0.0
2018-01-05,2018-01-05 12:00:00,core,normal,pre_outage,weekday,57,13,13,12,12,1,0,1,0,1.0,0.07692307692307693,0.07692307692307693
2018-01-05,2018-01-05 12:00:00,near,normal,pre_outage,weekday,57,27,27,25,1,25,1,2,0,1.0,0.07407407407407407,0.07407407407407407
2018-01-05,2018-01-05 12:00:00,outer,normal,pre_outage,weekday,57,7,7,5,1,1,5,2,0,1.0,0.2857142857142857,0.2857142857142857
2018-01-05,2018-01-05 13:00:00,core,normal,pre_outage,weekday,57,14,14,12,12,2,0,2,0,1.0,0.14285714285714285,0.14285714285714285
2018-01-05,2018-01-05 13:00:00,near,normal,pre_outage,weekday,57,27,26,24,2,24,0,2,1,0.9629629629629629,0.07407407407407407,0.07692307692307693
2018-01-05,2018-01-05 13:00:00,outer,normal,pre_outage,weekday,57,7,7,6,0,1,6,1,0,1.0,0.14285714285714285,0.14285714285714285
2018-01-05,2018-01-05 14:00:00,core,normal,pre_outage,weekday,57,15,15,14,14,1,0,1,0,1.0,0.06666666666666667,0.06666666666666667
2018-01-05,2018-01-05 14:00:00,near,normal,pre_outage,weekday,57,27,27,26,1,26,0,1,0,1.0,0.037037037037037035,0.037037037037037035
2018-01-05,2018-01-05 14:00:00,outer,normal,pre_outage,weekday,57,6,6,6,0,0,6,0,0,1.0,0.0,0.0
2018-01-05,2018-01-05 15:00:00,core,normal,pre_outage,weekday,57,15,15,12,12,2,1,3,0,1.0,0.2,0.2
2018-01-05,2018-01-05 15:00:00,near,normal,pre_outage,weekday,57,27,27,24,2,24,1,3,0,1.0,0.1111111111111111,0.1111111111111111
2018-01-05,2018-01-05 15:00:00,outer,normal,pre_outage,weekday,57,6,5,2,1,2,2,3,1,0.8333333333333334,0.5,0.6
2018-01-05,2018-01-05 16:00:00,core,normal,pre_outage,weekday,57,15,14,14,14,0,0,0,1,0.9333333333333333,0.0,0.0
2018-01-05,2018-01-05 16:00:00,near,normal,pre_outage,weekday,57,28,28,27,1,27,0,1,0,1.0,0.03571428571428571,0.03571428571428571
2018-01-05,2018-01-05 16:00:00,outer,normal,pre_outage,weekday,57,4,4,4,0,0,4,0,0,1.0,0.0,0.0
2018-01-05,2018-01-05 17:00:00,core,normal,pre_outage,weekday,57,15,14,11,11,2,1,3,1,0.9333333333333333,0.2,0.21428571428571427
2018-01-05,2018-01-05 17:00:00,near,normal,pre_outage,weekday,57,28,27,27,0,27,0,0,1,0.9642857142857143,0.0,0.0
2018-01-05,2018-01-05 17:00:00,outer,normal,pre_outage,weekday,57,6,4,3,0,1,3,1,2,0.6666666666666666,0.16666666666666666,0.25
2018-01-05,2018-01-05 18:00:00,core,normal,pre_outage,weekday,57,11,11,7,7,4,0,4,0,1.0,0.36363636363636365,0.36363636363636365
2018-01-05,2018-01-05 18:00:00,near,normal,pre_outage,weekday,57,30,30,27,3,27,0,3,0,1.0,0.1,0.1
2018-01-05,2018-01-05 18:00:00,outer,normal,pre_outage,weekday,57,4,4,4,0,0,4,0,0,1.0,0.0,0.0
2018-01-05,2018-01-05 19:00:00,core,normal,pre_outage,weekday,57,10,10,10,10,0,0,0,0,1.0,0.0,0.0
2018-01-05,2018-01-05 19:00:00,near,normal,pre_outage,weekday,57,31,31,27,3,27,1,4,0,1.0,0.12903225806451613,0.12903225806451613
2018-01-05,2018-01-05 19:00:00,outer,normal,pre_outage,weekday,57,4,4,4,0,0,4,0,0,1.0,0.0,0.0
2018-01-05,2018-01-05 20:00:00,core,normal,pre_outage,weekday,57,13,13,13,13,0,0,0,0,1.0,0.0,0.0
2018-01-05,2018-01-05 20:00:00,near,normal,pre_outage,weekday,57,28,26,26,0,26,0,0,2,0.9285714285714286,0.0,0.0
2018-01-05,2018-01-05 20:00:00,outer,normal,pre_outage,weekday,57,6,6,5,0,1,5,1,0,1.0,0.16666666666666666,0.16666666666666666
2018-01-05,2018-01-05 21:00:00,core,normal,pre_outage,weekday,57,13,13,13,13,0,0,0,0,1.0,0.0,0.0
2018-01-05,2018-01-05 21:00:00,near,normal,pre_outage,weekday,57,27,27,27,0,27,0,0,0,1.0,0.0,0.0
2018-01-05,2018-01-05 21:00:00,outer,normal,pre_outage,weekday,57,5,5,4,0,1,4,1,0,1.0,0.2,0.2
2018-01-05,2018-01-05 22:00:00,core,normal,pre_outage,weekday,57,13,13,13,13,0,0,0,0,1.0,0.0,0.0
2018-01-05,2018-01-05 22:00:00,near,normal,pre_outage,weekday,57,28,28,27,1,27,0,1,0,1.0,0.03571428571428571,0.03571428571428571
2018-01-05,2018-01-05 22:00:00,outer,normal,pre_outage,weekday,57,4,4,4,0,0,4,0,0,1.0,0.0,0.0
2018-01-05,2018-01-05 23:00:00,core,normal,pre_outage,weekday,57,14,14,14,14,0,0,0,0,1.0,0.0,0.0
2018-01-05,2018-01-05 23:00:00,near,normal,pre_outage,weekday,57,28,27,27,0,27,0,0,1,0.9642857142857143,0.0,0.0
2018-01-05,2018-01-05 23:00:00,outer,normal,pre_outage,weekday,57,4,4,4,0,0,4,0,0,1.0,0.0,0.0
2018-01-06,2018-01-06 00:00:00,core,normal,pre_outage,weekend,61,14,14,14,14,0,0,0,0,1.0,0.0,0.0
2018-01-06,2018-01-06 00:00:00,near,normal,pre_outage,weekend,61,27,27,27,0,27,0,0,0,1.0,0.0,0.0
2018-01-06,2018-01-06 00:00:00,outer,normal,pre_outage,weekend,61,5,5,5,0,0,5,0,0,1.0,0.0,0.0
2018-01-06,2018-01-06 01:00:00,core,normal,pre_outage,weekend,61,14,14,14,14,0,0,0,0,1.0,0.0,0.0
2018-01-06,2018-01-06 01:00:00,near,normal,pre_outage,weekend,61,27,27,27,0,27,0,0,0,1.0,0.0,0.0
2018-01-06,2018-01-06 01:00:00,outer,normal,pre_outage,weekend,61,5,5,4,0,1,4,1,0,1.0,0.2,0.2
2018-01-06,2018-01-06 02:00:00,core,normal,pre_outage,weekend,61,14,14,13,13,1,0,1,0,1.0,0.07142857142857142,0.07142857142857142
2018-01-06,2018-01-06 02:00:00,near,normal,pre_outage,weekend,61,30,29,29,0,29,0,0,1,0.9666666666666667,0.0,0.0
2018-01-06,2018-01-06 02:00:00,outer,normal,pre_outage,weekend,61,6,5,4,1,0,4,1,1,0.8333333333333334,0.16666666666666666,0.2
2018-01-06,2018-01-06 03:00:00,core,normal,pre_outage,weekend,61,14,14,14,14,0,0,0,0,1.0,0.0,0.0
2018-01-06,2018-01-06 03:00:00,near,normal,pre_outage,weekend,61,30,30,28,1,28,1,2,0,1.0,0.06666666666666667,0.06666666666666667
2018-01-06,2018-01-06 03:00:00,outer,normal,pre_outage,weekend,61,4,4,4,0,0,4,0,0,1.0,0.0,0.0
2018-01-06,2018-01-06 04:00:00,core,normal,pre_outage,weekend,61,15,15,15,15,0,0,0,0,1.0,0.0,0.0
2018-01-06,2018-01-06 04:00:00,near,normal,pre_outage,weekend,61,28,28,28,0,28,0,0,0,1.0,0.0,0.0
2018-01-06,2018-01-06 04:00:00,outer,normal,pre_outage,weekend,61,5,5,5,0,0,5,0,0,1.0,0.0,0.0
2018-01-06,2018-01-06 05:00:00,core,normal,pre_outage,weekend,61,15,15,14,14,0,1,1,0,1.0,0.06666666666666667,0.06666666666666667
2018-01-06,2018-01-06 05:00:00,near,normal,pre_outage,weekend,61,28,28,28,0,28,0,0,0,1.0,0.0,0.0
2018-01-06,2018-01-06 05:00:00,outer,normal,pre_outage,weekend,61,5,5,3,0,2,3,2,0,1.0,0.4,0.4
2018-01-06,2018-01-06 06:00:00,core,normal,pre_outage,weekend,61,14,14,8,8,4,2,6,0,1.0,0.42857142857142855,0.42857142857142855
2018-01-06,2018-01-06 06:00:00,near,normal,pre_outage,weekend,61,30,30,30,0,30,0,0,0,1.0,0.0,0.0
2018-01-06,2018-01-06 06:00:00,outer,normal,pre_outage,weekend,61,4,4,4,0,0,4,0,0,1.0,0.0,0.0
2018-01-06,2018-01-06 07:00:00,core,normal,pre_outage,weekend,61,8,8,7,7,1,0,1,0,1.0,0.125,0.125
2018-01-06,2018-01-06 07:00:00,near,normal,pre_outage,weekend,61,34,34,29,4,29,1,5,0,1.0,0.14705882352941177,0.14705882352941177
2018-01-06,2018-01-06 07:00:00,outer,normal,pre_outage,weekend,61,6,6,5,0,1,5,1,0,1.0,0.16666666666666666,0.16666666666666666
2018-01-06,2018-01-06 08:00:00,core,normal,pre_outage,weekend,61,11,11,9,9,2,0,2,0,1.0,0.18181818181818182,0.18181818181818182
2018-01-06,2018-01-06 08:00:00,near,normal,pre_outage,weekend,61,32,31,31,0,31,0,0,1,0.96875,0.0,0.0
2018-01-06,2018-01-06 08:00:00,outer,normal,pre_outage,weekend,61,7,6,6,0,0,6,0,1,0.8571428571428571,0.0,0.0
2018-01-06,2018-01-06 09:00:00,core,normal,pre_outage,weekend,61,9,9,7,7,2,0,2,0,1.0,0.2222222222222222,0.2222222222222222
2018-01-06,2018-01-06 09:00:00,near,normal,pre_outage,weekend,61,34,33,30,2,30,1,3,1,0.9705882352941176,0.08823529411764706,0.09090909090909091
2018-01-06,2018-01-06 09:00:00,outer,normal,pre_outage,weekend,61,6,6,3,0,3,3,3,0,1.0,0.5,0.5
2018-01-06,2018-01-06 10:00:00,core,normal,pre_outage,weekend,61,9,9,7,7,2,0,2,0,1.0,0.2222222222222222,0.2222222222222222
2018-01-06,2018-01-06 10:00:00,near,normal,pre_outage,weekend,61,35,34,34,0,34,0,0,1,0.9714285714285714,0.0,0.0
2018-01-06,2018-01-06 10:00:00,outer,normal,pre_outage,weekend,61,6,4,3,0,1,3,1,2,0.6666666666666666,0.16666666666666666,0.25
2018-01-06,2018-01-06 11:00:00,core,normal,pre_outage,weekend,61,7,7,7,7,0,0,0,0,1.0,0.0,0.0
2018-01-06,2018-01-06 11:00:00,near,normal,pre_outage,weekend,61,37,36,31,0,31,5,5,1,0.972972972972973,0.13513513513513514,0.1388888888888889
2018-01-06,2018-01-06 11:00:00,outer,normal,pre_outage,weekend,61,4,4,4,0,0,4,0,0,1.0,0.0,0.0
2018-01-06,2018-01-06 12:00:00,core,normal,pre_outage,weekend,61,7,7,7,7,0,0,0,0,1.0,0.0,0.0
2018-01-06,2018-01-06 12:00:00,near,normal,pre_outage,weekend,61,31,31,29,2,29,0,2,0,1.0,0.06451612903225806,0.06451612903225806
2018-01-06,2018-01-06 12:00:00,outer,normal,pre_outage,weekend,61,10,9,5,3,1,5,4,1,0.9,0.4,0.4444444444444444
2018-01-06,2018-01-06 13:00:00,core,normal,pre_outage,weekend,61,12,12,12,12,0,0,0,0,1.0,0.0,0.0
2018-01-06,2018-01-06 13:00:00,near,normal,pre_outage,weekend,61,30,28,28,0,28,0,0,2,0.9333333333333333,0.0,0.0
2018-01-06,2018-01-06 13:00:00,outer,normal,pre_outage,weekend,61,6,5,5,0,0,5,0,1,0.8333333333333334,0.0,0.0
2018-01-06,2018-01-06 14:00:00,core,normal,pre_outage,weekend,61,12,12,11,11,1,0,1,0,1.0,0.08333333333333333,0.08333333333333333
2018-01-06,2018-01-06 14:00:00,near,normal,pre_outage,weekend,61,29,29,28,0,28,1,1,0,1.0,0.034482758620689655,0.034482758620689655
2018-01-06,2018-01-06 14:00:00,outer,normal,pre_outage,weekend,61,5,5,5,0,0,5,0,0,1.0,0.0,0.0
2018-01-06,2018-01-06 15:00:00,core,normal,pre_outage,weekend,61,11,11,11,11,0,0,0,0,1.0,0.0,0.0
2018-01-06,2018-01-06 15:00:00,near,normal,pre_outage,weekend,61,31,30,28,2,28,0,2,1,0.967741935483871,0.06451612903225806,0.06666666666666667
2018-01-06,2018-01-06 15:00:00,outer,normal,pre_outage,weekend,61,6,5,4,0,1,4,1,1,0.8333333333333334,0.16666666666666666,0.2
2018-01-06,2018-01-06 16:00:00,core,normal,pre_outage,weekend,61,13,13,13,13,0,0,0,0,1.0,0.0,0.0
2018-01-06,2018-01-06 16:00:00,near,normal,pre_outage,weekend,61,31,31,30,1,30,0,1,0,1.0,0.03225806451612903,0.03225806451612903
2018-01-06,2018-01-06 16:00:00,outer,normal,pre_outage,weekend,61,4,4,4,0,0,4,0,0,1.0,0.0,0.0
2018-01-06,2018-01-06 17:00:00,core,normal,pre_outage,weekend,61,14,14,13,13,1,0,1,0,1.0,0.07142857142857142,0.07142857142857142
2018-01-06,2018-01-06 17:00:00,near,normal,pre_outage,weekend,61,30,30,30,0,30,0,0,0,1.0,0.0,0.0
2018-01-06,2018-01-06 17:00:00,outer,normal,pre_outage,weekend,61,4,4,3,0,1,3,1,0,1.0,0.25,0.25
2018-01-06,2018-01-06 18:00:00,core,normal,pre_outage,weekend,61,13,13,13,13,0,0,0,0,1.0,0.0,0.0
2018-01-06,2018-01-06 18:00:00,near,normal,pre_outage,weekend,61,32,32,31,0,31,1,1,0,1.0,0.03125,0.03125
2018-01-06,2018-01-06 18:00:00,outer,normal,pre_outage,weekend,61,3,3,3,0,0,3,0,0,1.0,0.0,0.0
2018-01-06,2018-01-06 19:00:00,core,normal,pre_outage,weekend,61,13,13,13,13,0,0,0,0,1.0,0.0,0.0
2018-01-06,2018-01-06 19:00:00,near,normal,pre_outage,weekend,61,31,30,28,1,28,1,2,1,0.967741935483871,0.06451612903225806,0.06666666666666667
2018-01-06,2018-01-06 19:00:00,outer,normal,pre_outage,weekend,61,4,4,4,0,0,4,0,0,1.0,0.0,0.0
2018-01-06,2018-01-06 20:00:00,core,normal,pre_outage,weekend,61,14,14,14,14,0,0,0,0,1.0,0.0,0.0
2018-01-06,2018-01-06 20:00:00,near,normal,pre_outage,weekend,61,28,27,26,1,26,0,1,1,0.9642857142857143,0.03571428571428571,0.037037037037037035
2018-01-06,2018-01-06 20:00:00,outer,normal,pre_outage,weekend,61,6,5,5,0,0,5,0,1,0.8333333333333334,0.0,0.0
2018-01-06,2018-01-06 21:00:00,core,normal,pre_outage,weekend,61,15,15,15,15,0,0,0,0,1.0,0.0,0.0
2018-01-06,2018-01-06 21:00:00,near,normal,pre_outage,weekend,61,27,26,26,0,26,0,0,1,0.9629629629629629,0.0,0.0
2018-01-06,2018-01-06 21:00:00,outer,normal,pre_outage,weekend,61,5,4,4,0,0,4,0,1,0.8,0.0,0.0
2018-01-06,2018-01-06 22:00:00,core,normal,pre_outage,weekend,61,15,15,13,13,2,0,2,0,1.0,0.13333333333333333,0.13333333333333333
2018-01-06,2018-01-06 22:00:00,near,normal,pre_outage,weekend,61,27,27,27,0,27,0,0,0,1.0,0.0,0.0
2018-01-06,2018-01-06 22:00:00,outer,normal,pre_outage,weekend,61,4,4,4,0,0,4,0,0,1.0,0.0,0.0
2018-01-06,2018-01-06 23:00:00,core,normal,pre_outage,weekend,61,13,13,13,13,0,0,0,0,1.0,0.0,0.0
2018-01-06,2018-01-06 23:00:00,near,normal,pre_outage,weekend,61,29,29,24,1,24,4,5,0,1.0,0.1724137931034483,0.1724137931034483
2018-01-06,2018-01-06 23:00:00,outer,normal,pre_outage,weekend,61,4,4,4,0,0,4,0,0,1.0,0.0,0.0
2018-01-07,2018-01-07 00:00:00,core,normal,pre_outage,weekend,60,14,14,14,14,0,0,0,0,1.0,0.0,0.0
2018-01-07,2018-01-07 00:00:00,near,normal,pre_outage,weekend,60,24,24,24,0,24,0,0,0,1.0,0.0,0.0
2018-01-07,2018-01-07 00:00:00,outer,normal,pre_outage,weekend,60,9,8,8,0,0,8,0,1,0.8888888888888888,0.0,0.0
2018-01-07,2018-01-07 01:00:00,core,normal,pre_outage,weekend,60,14,14,14,14,0,0,0,0,1.0,0.0,0.0
2018-01-07,2018-01-07 01:00:00,near,normal,pre_outage,weekend,60,24,24,24,0,24,0,0,0,1.0,0.0,0.0
2018-01-07,2018-01-07 01:00:00,outer,normal,pre_outage,weekend,60,8,5,4,0,1,4,1,3,0.625,0.125,0.2
2018-01-07,2018-01-07 02:00:00,core,normal,pre_outage,weekend,60,14,14,8,8,6,0,6,0,1.0,0.42857142857142855,0.42857142857142855
2018-01-07,2018-01-07 02:00:00,near,normal,pre_outage,weekend,60,25,25,24,1,24,0,1,0,1.0,0.04,0.04
2018-01-07,2018-01-07 02:00:00,outer,normal,pre_outage,weekend,60,5,5,4,1,0,4,1,0,1.0,0.2,0.2
2018-01-07,2018-01-07 03:00:00,core,normal,pre_outage,weekend,60,10,10,9,9,1,0,1,0,1.0,0.1,0.1
2018-01-07,2018-01-07 03:00:00,near,normal,pre_outage,weekend,60,30,30,24,6,24,0,6,0,1.0,0.2,0.2
2018-01-07,2018-01-07 03:00:00,outer,normal,pre_outage,weekend,60,5,4,4,0,0,4,0,1,0.8,0.0,0.0
2018-01-07,2018-01-07 04:00:00,core,normal,pre_outage,weekend,60,15,15,15,15,0,0,0,0,1.0,0.0,0.0
2018-01-07,2018-01-07 04:00:00,near,normal,pre_outage,weekend,60,25,25,25,0,25,0,0,0,1.0,0.0,0.0
2018-01-07,2018-01-07 04:00:00,outer,normal,pre_outage,weekend,60,4,3,3,0,0,3,0,1,0.75,0.0,0.0
2018-01-07,2018-01-07 05:00:00,core,normal,pre_outage,weekend,60,15,15,13,13,2,0,2,0,1.0,0.13333333333333333,0.13333333333333333
2018-01-07,2018-01-07 05:00:00,near,normal,pre_outage,weekend,60,25,25,25,0,25,0,0,0,1.0,0.0,0.0
2018-01-07,2018-01-07 05:00:00,outer,normal,pre_outage,weekend,60,4,4,4,0,0,4,0,0,1.0,0.0,0.0
2018-01-07,2018-01-07 06:00:00,core,normal,pre_outage,weekend,60,13,13,12,12,1,0,1,0,1.0,0.07692307692307693,0.07692307692307693
2018-01-07,2018-01-07 06:00:00,near,normal,pre_outage,weekend,60,27,27,25,2,25,0,2,0,1.0,0.07407407407407407,0.07407407407407407
2018-01-07,2018-01-07 06:00:00,outer,normal,pre_outage,weekend,60,4,4,4,0,0,4,0,0,1.0,0.0,0.0
2018-01-07,2018-01-07 07:00:00,core,normal,pre_outage,weekend,60,14,14,12,12,2,0,2,0,1.0,0.14285714285714285,0.14285714285714285
2018-01-07,2018-01-07 07:00:00,near,normal,pre_outage,weekend,60,27,26,24,1,24,1,2,1,0.9629629629629629,0.07407407407407407,0.07692307692307693
2018-01-07,2018-01-07 07:00:00,outer,normal,pre_outage,weekend,60,5,5,5,0,0,5,0,0,1.0,0.0,0.0
2018-01-07,2018-01-07 08:00:00,core,normal,pre_outage,weekend,60,13,13,12,12,0,1,1,0,1.0,0.07692307692307693,0.07692307692307693
2018-01-07,2018-01-07 08:00:00,near,normal,pre_outage,weekend,60,26,26,21,4,21,1,5,0,1.0,0.19230769230769232,0.19230769230769232
2018-01-07,2018-01-07 08:00:00,outer,normal,pre_outage,weekend,60,7,6,5,0,1,5,1,1,0.8571428571428571,0.14285714285714285,0.16666666666666666
2018-01-07,2018-01-07 09:00:00,core,normal,pre_outage,weekend,60,17,17,15,15,2,0,2,0,1.0,0.11764705882352941,0.11764705882352941
2018-01-07,2018-01-07 09:00:00,near,normal,pre_outage,weekend,60,22,22,21,1,21,0,1,0,1.0,0.045454545454545456,0.045454545454545456
2018-01-07,2018-01-07 09:00:00,outer,normal,pre_outage,weekend,60,7,7,7,0,0,7,0,0,1.0,0.0,0.0
2018-01-07,2018-01-07 10:00:00,core,normal,pre_outage,weekend,60,16,16,16,16,0,0,0,0,1.0,0.0,0.0
2018-01-07,2018-01-07 10:00:00,near,normal,pre_outage,weekend,60,23,23,23,0,23,0,0,0,1.0,0.0,0.0
2018-01-07,2018-01-07 10:00:00,outer,normal,pre_outage,weekend,60,7,7,6,0,1,6,1,0,1.0,0.14285714285714285,0.14285714285714285
2018-01-07,2018-01-07 11:00:00,core,normal,pre_outage,weekend,60,16,16,14,14,2,0,2,0,1.0,0.125,0.125
2018-01-07,2018-01-07 11:00:00,near,normal,pre_outage,weekend,60,24,24,24,0,24,0,0,0,1.0,0.0,0.0
2018-01-07,2018-01-07 11:00:00,outer,normal,pre_outage,weekend,60,7,7,7,0,0,7,0,0,1.0,0.0,0.0
2018-01-07,2018-01-07 12:00:00,core,normal,pre_outage,weekend,60,14,14,10,10,3,1,4,0,1.0,0.2857142857142857,0.2857142857142857
2018-01-07,2018-01-07 12:00:00,near,normal,pre_outage,weekend,60,26,25,23,1,23,1,2,1,0.9615384615384616,0.07692307692307693,0.08
2018-01-07,2018-01-07 12:00:00,outer,normal,pre_outage,weekend,60,8,8,7,0,1,7,1,0,1.0,0.125,0.125
2018-01-07,2018-01-07 13:00:00,core,normal,pre_outage,weekend,60,12,12,11,11,0,1,1,0,1.0,0.08333333333333333,0.08333333333333333
2018-01-07,2018-01-07 13:00:00,near,normal,pre_outage,weekend,60,27,26,22,4,22,0,4,1,0.9629629629629629,0.14814814814814814,0.15384615384615385
2018-01-07,2018-01-07 13:00:00,outer,normal,pre_outage,weekend,60,9,8,7,0,1,7,1,1,0.8888888888888888,0.1111111111111111,0.125
2018-01-07,2018-01-07 14:00:00,core,normal,pre_outage,weekend,60,15,15,14,14,0,1,1,0,1.0,0.06666666666666667,0.06666666666666667
2018-01-07,2018-01-07 14:00:00,near,normal,pre_outage,weekend,60,23,23,22,0,22,1,1,0,1.0,0.043478260869565216,0.043478260869565216
2018-01-07,2018-01-07 14:00:00,outer,normal,pre_outage,weekend,60,8,7,7,0,0,7,0,1,0.875,0.0,0.0
2018-01-07,2018-01-07 15:00:00,core,normal,pre_outage,weekend,60,14,14,13,13,1,0,1,0,1.0,0.07142857142857142,0.07142857142857142
2018-01-07,2018-01-07 15:00:00,near,normal,pre_outage,weekend,60,22,22,22,0,22,0,0,0,1.0,0.0,0.0
2018-01-07,2018-01-07 15:00:00,outer,normal,pre_outage,weekend,60,9,8,7,0,1,7,1,1,0.8888888888888888,0.1111111111111111,0.125
2018-01-07,2018-01-07 16:00:00,core,normal,pre_outage,weekend,60,13,13,10,10,3,0,3,0,1.0,0.23076923076923078,0.23076923076923078
2018-01-07,2018-01-07 16:00:00,near,normal,pre_outage,weekend,60,24,23,22,1,22,0,1,1,0.9583333333333334,0.041666666666666664,0.043478260869565216
2018-01-07,2018-01-07 16:00:00,outer,normal,pre_outage,weekend,60,8,8,8,0,0,8,0,0,1.0,0.0,0.0
2018-01-07,2018-01-07 17:00:00,core,normal,pre_outage,weekend,60,11,11,10,10,1,0,1,0,1.0,0.09090909090909091,0.09090909090909091
2018-01-07,2018-01-07 17:00:00,near,normal,pre_outage,weekend,60,25,25,24,1,24,0,1,0,1.0,0.04,0.04
2018-01-07,2018-01-07 17:00:00,outer,normal,pre_outage,weekend,60,9,9,7,0,2,7,2,0,1.0,0.2222222222222222,0.2222222222222222
2018-01-07,2018-01-07 18:00:00,core,normal,pre_outage,weekend,60,11,11,11,11,0,0,0,0,1.0,0.0,0.0
2018-01-07,2018-01-07 18:00:00,near,normal,pre_outage,weekend,60,27,27,27,0,27,0,0,0,1.0,0.0,0.0
2018-01-07,2018-01-07 18:00:00,outer,normal,pre_outage,weekend,60,7,7,7,0,0,7,0,0,1.0,0.0,0.0
2018-01-07,2018-01-07 19:00:00,core,normal,pre_outage,weekend,60,11,11,11,11,0,0,0,0,1.0,0.0,0.0
2018-01-07,2018-01-07 19:00:00,near,normal,pre_outage,weekend,60,27,27,23,2,23,2,4,0,1.0,0.14814814814814814,0.14814814814814814
2018-01-07,2018-01-07 19:00:00,outer,normal,pre_outage,weekend,60,7,7,7,0,0,7,0,0,1.0,0.0,0.0
2018-01-07,2018-01-07 20:00:00,core,normal,pre_outage,weekend,60,13,13,13,13,0,0,0,0,1.0,0.0,0.0
2018-01-07,2018-01-07 20:00:00,near,normal,pre_outage,weekend,60,23,23,20,3,20,0,3,0,1.0,0.13043478260869565,0.13043478260869565
2018-01-07,2018-01-07 20:00:00,outer,normal,pre_outage,weekend,60,9,8,8,0,0,8,0,1,0.8888888888888888,0.0,0.0
2018-01-07,2018-01-07 21:00:00,core,normal,pre_outage,weekend,60,16,16,14,14,2,0,2,0,1.0,0.125,0.125
2018-01-07,2018-01-07 21:00:00,near,normal,pre_outage,weekend,60,20,20,20,0,20,0,0,0,1.0,0.0,0.0
2018-01-07,2018-01-07 21:00:00,outer,normal,pre_outage,weekend,60,8,7,6,1,0,6,1,1,0.875,0.125,0.14285714285714285
2018-01-07,2018-01-07 22:00:00,core,normal,pre_outage,weekend,60,15,15,11,11,4,0,4,0,1.0,0.26666666666666666,0.26666666666666666
2018-01-07,2018-01-07 22:00:00,near,normal,pre_outage,weekend,60,22,22,22,0,22,0,0,0,1.0,0.0,0.0
2018-01-07,2018-01-07 22:00:00,outer,normal,pre_outage,weekend,60,6,6,6,0,0,6,0,0,1.0,0.0,0.0
2018-01-07,2018-01-07 23:00:00,core,normal,pre_outage,weekend,60,11,11,11,11,0,0,0,0,1.0,0.0,0.0
2018-01-07,2018-01-07 23:00:00,near,normal,pre_outage,weekend,60,27,27,25,2,25,0,2,0,1.0,0.07407407407407407,0.07407407407407407
2018-01-07,2018-01-07 23:00:00,outer,normal,pre_outage,weekend,60,7,7,7,0,0,7,0,0,1.0,0.0,0.0
2018-01-08,2018-01-08 00:00:00,core,normal,pre_outage,weekday,56,13,13,13,13,0,0,0,0,1.0,0.0,0.0
2018-01-08,2018-01-08 00:00:00,near,normal,pre_outage,weekday,56,25,25,25,0,25,0,0,0,1.0,0.0,0.0
2018-01-08,2018-01-08 00:00:00,outer,normal,pre_outage,weekday,56,7,7,7,0,0,7,0,0,1.0,0.0,0.0
2018-01-08,2018-01-08 01:00:00,core,normal,pre_outage,weekday,56,13,13,13,13,0,0,0,0,1.0,0.0,0.0
2018-01-08,2018-01-08 01:00:00,near,normal,pre_outage,weekday,56,26,25,25,0,25,0,0,1,0.9615384615384616,0.0,0.0
2018-01-08,2018-01-08 01:00:00,outer,normal,pre_outage,weekday,56,7,7,7,0,0,7,0,0,1.0,0.0,0.0
2018-01-08,2018-01-08 02:00:00,core,normal,pre_outage,weekday,56,13,13,13,13,0,0,0,0,1.0,0.0,0.0
2018-01-08,2018-01-08 02:00:00,near,normal,pre_outage,weekday,56,25,25,25,0,25,0,0,0,1.0,0.0,0.0
2018-01-08,2018-01-08 02:00:00,outer,normal,pre_outage,weekday,56,7,7,6,1,0,6,1,0,1.0,0.14285714285714285,0.14285714285714285
2018-01-08,2018-01-08 03:00:00,core,normal,pre_outage,weekday,56,14,14,14,14,0,0,0,0,1.0,0.0,0.0
2018-01-08,2018-01-08 03:00:00,near,normal,pre_outage,weekday,56,25,25,25,0,25,0,0,0,1.0,0.0,0.0
2018-01-08,2018-01-08 03:00:00,outer,normal,pre_outage,weekday,56,8,8,8,0,0,8,0,0,1.0,0.0,0.0
2018-01-08,2018-01-08 04:00:00,core,normal,pre_outage,weekday,56,14,14,14,14,0,0,0,0,1.0,0.0,0.0
2018-01-08,2018-01-08 04:00:00,near,normal,pre_outage,weekday,56,25,25,24,1,24,0,1,0,1.0,0.04,0.04
2018-01-08,2018-01-08 04:00:00,outer,normal,pre_outage,weekday,56,9,9,7,0,2,7,2,0,1.0,0.2222222222222222,0.2222222222222222
2018-01-08,2018-01-08 05:00:00,core,normal,pre_outage,weekday,56,15,15,14,14,1,0,1,0,1.0,0.06666666666666667,0.06666666666666667
2018-01-08,2018-01-08 05:00:00,near,normal,pre_outage,weekday,56,26,26,26,0,26,0,0,0,1.0,0.0,0.0
2018-01-08,2018-01-08 05:00:00,outer,normal,pre_outage,weekday,56,7,6,4,0,2,4,2,1,0.8571428571428571,0.2857142857142857,0.3333333333333333
2018-01-08,2018-01-08 06:00:00,core,normal,pre_outage,weekday,56,14,14,12,12,2,0,2,0,1.0,0.14285714285714285,0.14285714285714285
2018-01-08,2018-01-08 06:00:00,near,normal,pre_outage,weekday,56,29,29,28,0,28,1,1,0,1.0,0.034482758620689655,0.034482758620689655
2018-01-08,2018-01-08 06:00:00,outer,normal,pre_outage,weekday,56,4,4,4,0,0,4,0,0,1.0,0.0,0.0
2018-01-08,2018-01-08 07:00:00,core,normal,pre_outage,weekday,56,12,12,10,10,0,2,2,0,1.0,0.16666666666666666,0.16666666666666666
2018-01-08,2018-01-08 07:00:00,near,normal,pre_outage,weekday,56,31,30,29,1,29,0,1,1,0.967741935483871,0.03225806451612903,0.03333333333333333
2018-01-08,2018-01-08 07:00:00,outer,normal,pre_outage,weekday,56,5,4,4,0,0,4,0,1,0.8,0.0,0.0
2018-01-08,2018-01-08 08:00:00,core,normal,pre_outage,weekday,56,11,11,10,10,0,1,1,0,1.0,0.09090909090909091,0.09090909090909091
2018-01-08,2018-01-08 08:00:00,near,normal,pre_outage,weekday,56,31,31,30,1,30,0,1,0,1.0,0.03225806451612903,0.03225806451612903
2018-01-08,2018-01-08 08:00:00,outer,normal,pre_outage,weekday,56,7,7,7,0,0,7,0,0,1.0,0.0,0.0
2018-01-08,2018-01-08 09:00:00,core,normal,pre_outage,weekday,56,11,11,10,10,1,0,1,0,1.0,0.09090909090909091,0.09090909090909091
2018-01-08,2018-01-08 09:00:00,near,normal,pre_outage,weekday,56,31,30,29,1,29,0,1,1,0.967741935483871,0.03225806451612903,0.03333333333333333
2018-01-08,2018-01-08 09:00:00,outer,normal,pre_outage,weekday,56,10,9,8,0,1,8,1,1,0.9,0.1,0.1111111111111111
2018-01-08,2018-01-08 10:00:00,core,normal,pre_outage,weekday,56,11,11,11,11,0,0,0,0,1.0,0.0,0.0
2018-01-08,2018-01-08 10:00:00,near,normal,pre_outage,weekday,56,31,31,27,4,27,0,4,0,1.0,0.12903225806451613,0.12903225806451613
2018-01-08,2018-01-08 10:00:00,outer,normal,pre_outage,weekday,56,8,8,6,2,0,6,2,0,1.0,0.25,0.25
2018-01-08,2018-01-08 11:00:00,core,normal,pre_outage,weekday,56,17,17,14,14,2,1,3,0,1.0,0.17647058823529413,0.17647058823529413
2018-01-08,2018-01-08 11:00:00,near,normal,pre_outage,weekday,56,27,26,25,1,25,0,1,1,0.9629629629629629,0.037037037037037035,0.038461538461538464
2018-01-08,2018-01-08 11:00:00,outer,normal,pre_outage,weekday,56,7,6,6,0,0,6,0,1,0.8571428571428571,0.0,0.0
2018-01-08,2018-01-08 12:00:00,core,normal,pre_outage,weekday,56,15,15,14,14,0,1,1,0,1.0,0.06666666666666667,0.06666666666666667
2018-01-08,2018-01-08 12:00:00,near,normal,pre_outage,weekday,56,27,27,26,1,26,0,1,0,1.0,0.037037037037037035,0.037037037037037035
2018-01-08,2018-01-08 12:00:00,outer,normal,pre_outage,weekday,56,7,7,7,0,0,7,0,0,1.0,0.0,0.0
2018-01-08,2018-01-08 13:00:00,core,normal,pre_outage,weekday,56,15,14,14,14,0,0,0,1,0.9333333333333333,0.0,0.0
2018-01-08,2018-01-08 13:00:00,near,normal,pre_outage,weekday,56,26,26,24,1,24,1,2,0,1.0,0.07692307692307693,0.07692307692307693
2018-01-08,2018-01-08 13:00:00,outer,normal,pre_outage,weekday,56,9,9,6,0,3,6,3,0,1.0,0.3333333333333333,0.3333333333333333
2018-01-08,2018-01-08 14:00:00,core,normal,pre_outage,weekday,56,15,15,14,14,1,0,1,0,1.0,0.06666666666666667,0.06666666666666667
2018-01-08,2018-01-08 14:00:00,near,normal,pre_outage,weekday,56,27,26,25,1,25,0,1,1,0.9629629629629629,0.037037037037037035,0.038461538461538464
2018-01-08,2018-01-08 14:00:00,outer,normal,pre_outage,weekday,56,7,6,5,0,1,5,1,1,0.8571428571428571,0.14285714285714285,0.16666666666666666
2018-01-08,2018-01-08 15:00:00,core,normal,pre_outage,weekday,56,15,15,11,11,4,0,4,0,1.0,0.26666666666666666,0.26666666666666666
2018-01-08,2018-01-08 15:00:00,near,normal,pre_outage,weekday,56,27,27,26,1,26,0,1,0,1.0,0.037037037037037035,0.037037037037037035
2018-01-08,2018-01-08 15:00:00,outer,normal,pre_outage,weekday,56,5,5,5,0,0,5,0,0,1.0,0.0,0.0
2018-01-08,2018-01-08 16:00:00,core,normal,pre_outage,weekday,56,12,12,12,12,0,0,0,0,1.0,0.0,0.0
2018-01-08,2018-01-08 16:00:00,near,normal,pre_outage,weekday,56,31,31,27,2,27,2,4,0,1.0,0.12903225806451613,0.12903225806451613
2018-01-08,2018-01-08 16:00:00,outer,normal,pre_outage,weekday,56,5,5,5,0,0,5,0,0,1.0,0.0,0.0
2018-01-08,2018-01-08 17:00:00,core,normal,pre_outage,weekday,56,14,14,14,14,0,0,0,0,1.0,0.0,0.0
2018-01-08,2018-01-08 17:00:00,near,normal,pre_outage,weekday,56,27,27,27,0,27,0,0,0,1.0,0.0,0.0
2018-01-08,2018-01-08 17:00:00,outer,normal,pre_outage,weekday,56,7,7,7,0,0,7,0,0,1.0,0.0,0.0
2018-01-08,2018-01-08 18:00:00,core,normal,pre_outage,weekday,56,14,14,12,12,2,0,2,0,1.0,0.14285714285714285,0.14285714285714285
2018-01-08,2018-01-08 18:00:00,near,normal,pre_outage,weekday,56,28,26,26,0,26,0,0,2,0.9285714285714286,0.0,0.0
2018-01-08,2018-01-08 18:00:00,outer,normal,pre_outage,weekday,56,7,6,4,1,1,4,2,1,0.8571428571428571,0.2857142857142857,0.3333333333333333
2018-01-08,2018-01-08 19:00:00,core,normal,pre_outage,weekday,56,13,13,11,11,2,0,2,0,1.0,0.15384615384615385,0.15384615384615385
2018-01-08,2018-01-08 19:00:00,near,normal,pre_outage,weekday,56,29,29,27,2,27,0,2,0,1.0,0.06896551724137931,0.06896551724137931
2018-01-08,2018-01-08 19:00:00,outer,normal,pre_outage,weekday,56,4,4,4,0,0,4,0,0,1.0,0.0,0.0
2018-01-08,2018-01-08 20:00:00,core,normal,pre_outage,weekday,56,13,13,13,13,0,0,0,0,1.0,0.0,0.0
2018-01-08,2018-01-08 20:00:00,near,normal,pre_outage,weekday,56,31,30,28,1,28,1,2,1,0.967741935483871,0.06451612903225806,0.06666666666666667
2018-01-08,2018-01-08 20:00:00,outer,normal,pre_outage,weekday,56,4,4,4,0,0,4,0,0,1.0,0.0,0.0
2018-01-08,2018-01-08 21:00:00,core,normal,pre_outage,weekday,56,14,14,14,14,0,0,0,0,1.0,0.0,0.0
2018-01-08,2018-01-08 21:00:00,near,normal,pre_outage,weekday,56,28,28,28,0,28,0,0,0,1.0,0.0,0.0
2018-01-08,2018-01-08 21:00:00,outer,normal,pre_outage,weekday,56,5,5,5,0,0,5,0,0,1.0,0.0,0.0
2018-01-08,2018-01-08 22:00:00,core,normal,pre_outage,weekday,56,14,14,14,14,0,0,0,0,1.0,0.0,0.0
2018-01-08,2018-01-08 22:00:00,near,normal,pre_outage,weekday,56,28,28,28,0,28,0,0,0,1.0,0.0,0.0
2018-01-08,2018-01-08 22:00:00,outer,normal,pre_outage,weekday,56,6,5,5,0,0,5,0,1,0.8333333333333334,0.0,0.0
2018-01-08,2018-01-08 23:00:00,core,normal,pre_outage,weekday,56,14,14,10,10,4,0,4,0,1.0,0.2857142857142857,0.2857142857142857
2018-01-08,2018-01-08 23:00:00,near,normal,pre_outage,weekday,56,28,28,28,0,28,0,0,0,1.0,0.0,0.0
2018-01-08,2018-01-08 23:00:00,outer,normal,pre_outage,weekday,56,5,5,4,1,0,4,1,0,1.0,0.2,0.2
2018-01-09,2018-01-09 00:00:00,core,normal,pre_outage,weekday,54,11,11,10,10,0,1,1,0,1.0,0.09090909090909091,0.09090909090909091
2018-01-09,2018-01-09 00:00:00,near,normal,pre_outage,weekday,54,32,32,28,4,28,0,4,0,1.0,0.125,0.125
2018-01-09,2018-01-09 00:00:00,outer,normal,pre_outage,weekday,54,4,4,4,0,0,4,0,0,1.0,0.0,0.0
2018-01-09,2018-01-09 01:00:00,core,normal,pre_outage,weekday,54,14,14,14,14,0,0,0,0,1.0,0.0,0.0
2018-01-09,2018-01-09 01:00:00,near,normal,pre_outage,weekday,54,28,28,25,0,25,3,3,0,1.0,0.10714285714285714,0.10714285714285714
2018-01-09,2018-01-09 01:00:00,outer,normal,pre_outage,weekday,54,5,5,5,0,0,5,0,0,1.0,0.0,0.0
2018-01-09,2018-01-09 02:00:00,core,normal,pre_outage,weekday,54,14,14,14,14,0,0,0,0,1.0,0.0,0.0
2018-01-09,2018-01-09 02:00:00,near,normal,pre_outage,weekday,54,25,25,25,0,25,0,0,0,1.0,0.0,0.0
2018-01-09,2018-01-09 02:00:00,outer,normal,pre_outage,weekday,54,8,8,8,0,0,8,0,0,1.0,0.0,0.0
2018-01-09,2018-01-09 03:00:00,core,normal,pre_outage,weekday,54,14,14,12,12,1,1,2,0,1.0,0.14285714285714285,0.14285714285714285
2018-01-09,2018-01-09 03:00:00,near,normal,pre_outage,weekday,54,25,25,24,1,24,0,1,0,1.0,0.04,0.04
2018-01-09,2018-01-09 03:00:00,outer,normal,pre_outage,weekday,54,8,5,4,1,0,4,1,3,0.625,0.125,0.2
2018-01-09,2018-01-09 04:00:00,core,normal,pre_outage,weekday,54,14,14,8,8,5,1,6,0,1.0,0.42857142857142855,0.42857142857142855
2018-01-09,2018-01-09 04:00:00,near,normal,pre_outage,weekday,54,26,24,23,1,23,0,1,2,0.9230769230769231,0.038461538461538464,0.041666666666666664
2018-01-09,2018-01-09 04:00:00,outer,normal,pre_outage,weekday,54,5,5,5,0,0,5,0,0,1.0,0.0,0.0
2018-01-09,2018-01-09 05:00:00,core,normal,pre_outage,weekday,54,9,9,9,9,0,0,0,0,1.0,0.0,0.0
2018-01-09,2018-01-09 05:00:00,near,normal,pre_outage,weekday,54,28,28,24,4,24,0,4,0,1.0,0.14285714285714285,0.14285714285714285
2018-01-09,2018-01-09 05:00:00,outer,normal,pre_outage,weekday,54,6,5,5,0,0,5,0,1,0.8333333333333334,0.0,0.0
2018-01-09,2018-01-09 06:00:00,core,normal,pre_outage,weekday,54,13,13,10,10,0,3,3,0,1.0,0.23076923076923078,0.23076923076923078
2018-01-09,2018-01-09 06:00:00,near,normal,pre_outage,weekday,54,25,23,22,0,22,1,1,2,0.92,0.04,0.043478260869565216
2018-01-09,2018-01-09 06:00:00,outer,normal,pre_outage,weekday,54,5,5,5,0,0,5,0,0,1.0,0.0,0.0
2018-01-09,2018-01-09 07:00:00,core,normal,pre_outage,weekday,54,10,10,7,7,2,1,3,0,1.0,0.3,0.3
2018-01-09,2018-01-09 07:00:00,near,normal,pre_outage,weekday,54,23,21,21,0,21,0,0,2,0.9130434782608695,0.0,0.0
2018-01-09,2018-01-09 07:00:00,outer,normal,pre_outage,weekday,54,10,10,4,1,5,4,6,0,1.0,0.6,0.6
2018-01-09,2018-01-09 08:00:00,core,normal,pre_outage,weekday,54,8,8,7,7,0,1,1,0,1.0,0.125,0.125
2018-01-09,2018-01-09 08:00:00,near,normal,pre_outage,weekday,54,31,31,23,5,23,3,8,0,1.0,0.25806451612903225,0.25806451612903225
2018-01-09,2018-01-09 08:00:00,outer,normal,pre_outage,weekday,54,5,5,5,0,0,5,0,0,1.0,0.0,0.0
2018-01-09,2018-01-09 09:00:00,core,normal,pre_outage,weekday,54,12,12,12,12,0,0,0,0,1.0,0.0,0.0
2018-01-09,2018-01-09 09:00:00,near,normal,pre_outage,weekday,54,23,22,22,0,22,0,0,1,0.9565217391304348,0.0,0.0
2018-01-09,2018-01-09 09:00:00,outer,normal,pre_outage,weekday,54,10,9,7,0,2,7,2,1,0.9,0.2,0.2222222222222222
2018-01-09,2018-01-09 10:00:00,core,normal,pre_outage,weekday,54,12,12,9,9,3,0,3,0,1.0,0.25,0.25
2018-01-09,2018-01-09 10:00:00,near,normal,pre_outage,weekday,54,25,24,23,1,23,0,1,1,0.96,0.04,0.041666666666666664
2018-01-09,2018-01-09 10:00:00,outer,normal,pre_outage,weekday,54,7,7,6,1,0,6,1,0,1.0,0.14285714285714285,0.14285714285714285
2018-01-09,2018-01-09 11:00:00,core,normal,pre_outage,weekday,54,11,10,8,8,1,1,2,1,0.9090909090909091,0.18181818181818182,0.2
2018-01-09,2018-01-09 11:00:00,near,normal,pre_outage,weekday,54,27,27,23,3,23,1,4,0,1.0,0.14814814814814814,0.14814814814814814
2018-01-09,2018-01-09 11:00:00,outer,normal,pre_outage,weekday,54,6,6,5,1,0,5,1,0,1.0,0.16666666666666666,0.16666666666666666
2018-01-09,2018-01-09 12:00:00,core,normal,pre_outage,weekday,54,12,12,11,11,1,0,1,0,1.0,0.08333333333333333,0.08333333333333333
2018-01-09,2018-01-09 12:00:00,near,normal,pre_outage,weekday,54,25,24,23,1,23,0,1,1,0.96,0.04,0.041666666666666664
2018-01-09,2018-01-09 12:00:00,outer,normal,pre_outage,weekday,54,7,7,6,0,1,6,1,0,1.0,0.14285714285714285,0.14285714285714285
2018-01-09,2018-01-09 13:00:00,core,normal,pre_outage,weekday,54,12,12,12,12,0,0,0,0,1.0,0.0,0.0
2018-01-09,2018-01-09 13:00:00,near,normal,pre_outage,weekday,54,25,25,24,1,24,0,1,0,1.0,0.04,0.04
2018-01-09,2018-01-09 13:00:00,outer,normal,pre_outage,weekday,54,6,6,5,0,1,5,1,0,1.0,0.16666666666666666,0.16666666666666666
2018-01-09,2018-01-09 14:00:00,core,normal,pre_outage,weekday,54,13,13,9,9,4,0,4,0,1.0,0.3076923076923077,0.3076923076923077
2018-01-09,2018-01-09 14:00:00,near,normal,pre_outage,weekday,54,26,25,25,0,25,0,0,1,0.9615384615384616,0.0,0.0
2018-01-09,2018-01-09 14:00:00,outer,normal,pre_outage,weekday,54,5,5,4,0,1,4,1,0,1.0,0.2,0.2
2018-01-09,2018-01-09 15:00:00,core,normal,pre_outage,weekday,54,9,9,8,8,0,1,1,0,1.0,0.1111111111111111,0.1111111111111111
2018-01-09,2018-01-09 15:00:00,near,normal,pre_outage,weekday,54,30,30,28,0,28,2,2,0,1.0,0.06666666666666667,0.06666666666666667
2018-01-09,2018-01-09 15:00:00,outer,normal,pre_outage,weekday,54,4,4,4,0,0,4,0,0,1.0,0.0,0.0
2018-01-09,2018-01-09 16:00:00,core,normal,pre_outage,weekday,54,8,8,8,8,0,0,0,0,1.0,0.0,0.0
2018-01-09,2018-01-09 16:00:00,near,normal,pre_outage,weekday,54,28,28,25,3,25,0,3,0,1.0,0.10714285714285714,0.10714285714285714
2018-01-09,2018-01-09 16:00:00,outer,normal,pre_outage,weekday,54,7,7,7,0,0,7,0,0,1.0,0.0,0.0
2018-01-09,2018-01-09 17:00:00,core,normal,pre_outage,weekday,54,11,11,11,11,0,0,0,0,1.0,0.0,0.0
2018-01-09,2018-01-09 17:00:00,near,normal,pre_outage,weekday,54,26,25,25,0,25,0,0,1,0.9615384615384616,0.0,0.0
2018-01-09,2018-01-09 17:00:00,outer,normal,pre_outage,weekday,54,7,7,7,0,0,7,0,0,1.0,0.0,0.0
2018-01-09,2018-01-09 18:00:00,core,normal,pre_outage,weekday,54,11,11,8,8,3,0,3,0,1.0,0.2727272727272727,0.2727272727272727
2018-01-09,2018-01-09 18:00:00,near,normal,pre_outage,weekday,54,26,26,26,0,26,0,0,0,1.0,0.0,0.0
2018-01-09,2018-01-09 18:00:00,outer,normal,pre_outage,weekday,54,7,7,5,0,2,5,2,0,1.0,0.2857142857142857,0.2857142857142857
2018-01-09,2018-01-09 19:00:00,core,normal,pre_outage,weekday,54,8,8,8,8,0,0,0,0,1.0,0.0,0.0
2018-01-09,2018-01-09 19:00:00,near,normal,pre_outage,weekday,54,31,31,28,3,28,0,3,0,1.0,0.0967741935483871,0.0967741935483871
2018-01-09,2018-01-09 19:00:00,outer,normal,pre_outage,weekday,54,5,5,5,0,0,5,0,0,1.0,0.0,0.0
2018-01-09,2018-01-09 20:00:00,core,normal,pre_outage,weekday,54,11,11,10,10,1,0,1,0,1.0,0.09090909090909091,0.09090909090909091
2018-01-09,2018-01-09 20:00:00,near,normal,pre_outage,weekday,54,28,27,24,2,24,1,3,1,0.9642857142857143,0.10714285714285714,0.1111111111111111
2018-01-09,2018-01-09 20:00:00,outer,normal,pre_outage,weekday,54,6,5,5,0,0,5,0,1,0.8333333333333334,0.0,0.0
2018-01-09,2018-01-09 21:00:00,core,normal,pre_outage,weekday,54,12,12,12,12,0,0,0,0,1.0,0.0,0.0
2018-01-09,2018-01-09 21:00:00,near,normal,pre_outage,weekday,54,26,25,25,0,25,0,0,1,0.9615384615384616,0.0,0.0
2018-01-09,2018-01-09 21:00:00,outer,normal,pre_outage,weekday,54,6,6,5,1,0,5,1,0,1.0,0.16666666666666666,0.16666666666666666
2018-01-09,2018-01-09 22:00:00,core,normal,pre_outage,weekday,54,13,13,13,13,0,0,0,0,1.0,0.0,0.0
2018-01-09,2018-01-09 22:00:00,near,normal,pre_outage,weekday,54,25,25,25,0,25,0,0,0,1.0,0.0,0.0
2018-01-09,2018-01-09 22:00:00,outer,normal,pre_outage,weekday,54,5,5,5,0,0,5,0,0,1.0,0.0,0.0
2018-01-09,2018-01-09 23:00:00,core,normal,pre_outage,weekday,54,13,13,13,13,0,0,0,0,1.0,0.0,0.0
2018-01-09,2018-01-09 23:00:00,near,normal,pre_outage,weekday,54,25,25,24,1,24,0,1,0,1.0,0.04,0.04
2018-01-09,2018-01-09 23:00:00,outer,normal,pre_outage,weekday,54,5,5,4,1,0,4,1,0,1.0,0.2,0.2
2018-01-10,2018-01-10 00:00:00,core,normal,pre_outage,weekday,54,15,15,15,15,0,0,0,0,1.0,0.0,0.0
2018-01-10,2018-01-10 00:00:00,near,normal,pre_outage,weekday,54,25,24,24,0,24,0,0,1,0.96,0.0,0.0
2018-01-10,2018-01-10 00:00:00,outer,normal,pre_outage,weekday,54,4,4,4,0,0,4,0,0,1.0,0.0,0.0
2018-01-10,2018-01-10 01:00:00,core,normal,pre_outage,weekday,54,15,15,15,15,0,0,0,0,1.0,0.0,0.0
2018-01-10,2018-01-10 01:00:00,near,normal,pre_outage,weekday,54,25,24,24,0,24,0,0,1,0.96,0.0,0.0
2018-01-10,2018-01-10 01:00:00,outer,normal,pre_outage,weekday,54,4,4,4,0,0,4,0,0,1.0,0.0,0.0
2018-01-10,2018-01-10 02:00:00,core,normal,pre_outage,weekday,54,15,15,13,13,2,0,2,0,1.0,0.13333333333333333,0.13333333333333333
2018-01-10,2018-01-10 02:00:00,near,normal,pre_outage,weekday,54,24,24,24,0,24,0,0,0,1.0,0.0,0.0
2018-01-10,2018-01-10 02:00:00,outer,normal,pre_outage,weekday,54,4,4,4,0,0,4,0,0,1.0,0.0,0.0
2018-01-10,2018-01-10 03:00:00,core,normal,pre_outage,weekday,54,13,13,8,8,3,2,5,0,1.0,0.38461538461538464,0.38461538461538464
2018-01-10,2018-01-10 03:00:00,near,normal,pre_outage,weekday,54,27,26,22,4,22,0,4,1,0.9629629629629629,0.14814814814814814,0.15384615384615385
2018-01-10,2018-01-10 03:00:00,outer,normal,pre_outage,weekday,54,4,4,4,0,0,4,0,0,1.0,0.0,0.0
2018-01-10,2018-01-10 04:00:00,core,normal,pre_outage,weekday,54,12,12,10,10,2,0,2,0,1.0,0.16666666666666666,0.16666666666666666
2018-01-10,2018-01-10 04:00:00,near,normal,pre_outage,weekday,54,26,24,21,3,21,0,3,2,0.9230769230769231,0.11538461538461539,0.125
2018-01-10,2018-01-10 04:00:00,outer,normal,pre_outage,weekday,54,6,6,6,0,0,6,0,0,1.0,0.0,0.0
2018-01-10,2018-01-10 05:00:00,core,normal,pre_outage,weekday,54,13,13,13,13,0,0,0,0,1.0,0.0,0.0
2018-01-10,2018-01-10 05:00:00,near,normal,pre_outage,weekday,54,25,23,22,1,22,0,1,2,0.92,0.04,0.043478260869565216
2018-01-10,2018-01-10 05:00:00,outer,normal,pre_outage,weekday,54,6,6,6,0,0,6,0,0,1.0,0.0,0.0
2018-01-10,2018-01-10 06:00:00,core,normal,pre_outage,weekday,54,14,14,12,12,2,0,2,0,1.0,0.14285714285714285,0.14285714285714285
2018-01-10,2018-01-10 06:00:00,near,normal,pre_outage,weekday,54,22,21,21,0,21,0,0,1,0.9545454545454546,0.0,0.0
2018-01-10,2018-01-10 06:00:00,outer,normal,pre_outage,weekday,54,6,6,6,0,0,6,0,0,1.0,0.0,0.0
2018-01-10,2018-01-10 07:00:00,core,normal,pre_outage,weekday,54,12,12,7,7,5,0,5,0,1.0,0.4166666666666667,0.4166666666666667
2018-01-10,2018-01-10 07:00:00,near,normal,pre_outage,weekday,54,24,23,23,0,23,0,0,1,0.9583333333333334,0.0,0.0
2018-01-10,2018-01-10 07:00:00,outer,normal,pre_outage,weekday,54,8,8,6,0,2,6,2,0,1.0,0.25,0.25
2018-01-10,2018-01-10 08:00:00,core,normal,pre_outage,weekday,54,7,7,5,5,1,1,2,0,1.0,0.2857142857142857,0.2857142857142857
2018-01-10,2018-01-10 08:00:00,near,normal,pre_outage,weekday,54,30,29,28,1,28,0,1,1,0.9666666666666667,0.03333333333333333,0.034482758620689655
2018-01-10,2018-01-10 08:00:00,outer,normal,pre_outage,weekday,54,6,6,6,0,0,6,0,0,1.0,0.0,0.0
2018-01-10,2018-01-10 09:00:00,core,normal,pre_outage,weekday,54,6,6,6,6,0,0,0,0,1.0,0.0,0.0
2018-01-10,2018-01-10 09:00:00,near,normal,pre_outage,weekday,54,32,32,30,2,30,0,2,0,1.0,0.0625,0.0625
2018-01-10,2018-01-10 09:00:00,outer,normal,pre_outage,weekday,54,7,7,7,0,0,7,0,0,1.0,0.0,0.0
2018-01-10,2018-01-10 10:00:00,core,normal,pre_outage,weekday,54,8,8,8,8,0,0,0,0,1.0,0.0,0.0
2018-01-10,2018-01-10 10:00:00,near,normal,pre_outage,weekday,54,31,31,25,5,25,1,6,0,1.0,0.1935483870967742,0.1935483870967742
2018-01-10,2018-01-10 10:00:00,outer,normal,pre_outage,weekday,54,7,7,7,0,0,7,0,0,1.0,0.0,0.0
2018-01-10,2018-01-10 11:00:00,core,normal,pre_outage,weekday,54,13,13,9,9,4,0,4,0,1.0,0.3076923076923077,0.3076923076923077
2018-01-10,2018-01-10 11:00:00,near,normal,pre_outage,weekday,54,25,25,25,0,25,0,0,0,1.0,0.0,0.0
2018-01-10,2018-01-10 11:00:00,outer,normal,pre_outage,weekday,54,8,8,7,1,0,7,1,0,1.0,0.125,0.125
2018-01-10,2018-01-10 12:00:00,core,normal,pre_outage,weekday,54,10,10,9,9,1,0,1,0,1.0,0.1,0.1
2018-01-10,2018-01-10 12:00:00,near,normal,pre_outage,weekday,54,30,30,26,3,26,1,4,0,1.0,0.13333333333333333,0.13333333333333333
2018-01-10,2018-01-10 12:00:00,outer,normal,pre_outage,weekday,54,7,7,5,1,1,5,2,0,1.0,0.2857142857142857,0.2857142857142857
2018-01-10,2018-01-10 13:00:00,core,normal,pre_outage,weekday,54,13,13,12,12,1,0,1,0,1.0,0.07692307692307693,0.07692307692307693
2018-01-10,2018-01-10 13:00:00,near,normal,pre_outage,weekday,54,28,27,26,1,26,0,1,1,0.9642857142857143,0.03571428571428571,0.037037037037037035
2018-01-10,2018-01-10 13:00:00,outer,normal,pre_outage,weekday,54,6,6,5,0,1,5,1,0,1.0,0.16666666666666666,0.16666666666666666
2018-01-10,2018-01-10 14:00:00,core,normal,pre_outage,weekday,54,13,13,12,12,1,0,1,0,1.0,0.07692307692307693,0.07692307692307693
2018-01-10,2018-01-10 14:00:00,near,normal,pre_outage,weekday,54,28,26,26,0,26,0,0,2,0.9285714285714286,0.0,0.0
2018-01-10,2018-01-10 14:00:00,outer,normal,pre_outage,weekday,54,6,5,5,0,0,5,0,1,0.8333333333333334,0.0,0.0
2018-01-10,2018-01-10 15:00:00,core,normal,pre_outage,weekday,54,12,12,9,9,2,1,3,0,1.0,0.25,0.25
2018-01-10,2018-01-10 15:00:00,near,normal,pre_outage,weekday,54,28,28,24,3,24,1,4,0,1.0,0.14285714285714285,0.14285714285714285
2018-01-10,2018-01-10 15:00:00,outer,normal,pre_outage,weekday,54,5,5,5,0,0,5,0,0,1.0,0.0,0.0
2018-01-10,2018-01-10 16:00:00,core,normal,pre_outage,weekday,54,12,11,11,11,0,0,0,1,0.9166666666666666,0.0,0.0
2018-01-10,2018-01-10 16:00:00,near,normal,pre_outage,weekday,54,27,27,25,2,25,0,2,0,1.0,0.07407407407407407,0.07407407407407407
2018-01-10,2018-01-10 16:00:00,outer,normal,pre_outage,weekday,54,8,7,7,0,0,7,0,1,0.875,0.0,0.0
2018-01-10,2018-01-10 17:00:00,core,normal,pre_outage,weekday,54,13,13,13,13,0,0,0,0,1.0,0.0,0.0
2018-01-10,2018-01-10 17:00:00,near,normal,pre_outage,weekday,54,26,24,24,0,24,0,0,2,0.9230769230769231,0.0,0.0
2018-01-10,2018-01-10 17:00:00,outer,normal,pre_outage,weekday,54,7,6,6,0,0,6,0,1,0.8571428571428571,0.0,0.0
2018-01-10,2018-01-10 18:00:00,core,normal,pre_outage,weekday,54,14,13,10,10,3,0,3,1,0.9285714285714286,0.21428571428571427,0.23076923076923078
2018-01-10,2018-01-10 18:00:00,near,normal,pre_outage,weekday,54,24,24,22,2,22,0,2,0,1.0,0.08333333333333333,0.08333333333333333
2018-01-10,2018-01-10 18:00:00,outer,normal,pre_outage,weekday,54,6,6,6,0,0,6,0,0,1.0,0.0,0.0
2018-01-10,2018-01-10 19:00:00,core,normal,pre_outage,weekday,54,12,12,9,9,1,2,3,0,1.0,0.25,0.25
2018-01-10,2018-01-10 19:00:00,near,normal,pre_outage,weekday,54,26,26,25,1,25,0,1,0,1.0,0.038461538461538464,0.038461538461538464
2018-01-10,2018-01-10 19:00:00,outer,normal,pre_outage,weekday,54,6,6,6,0,0,6,0,0,1.0,0.0,0.0
2018-01-10,2018-01-10 20:00:00,core,normal,pre_outage,weekday,54,10,10,10,10,0,0,0,0,1.0,0.0,0.0
2018-01-10,2018-01-10 20:00:00,near,normal,pre_outage,weekday,54,26,26,23,2,23,1,3,0,1.0,0.11538461538461539,0.11538461538461539
2018-01-10,2018-01-10 20:00:00,outer,normal,pre_outage,weekday,54,8,7,7,0,0,7,0,1,0.875,0.0,0.0
2018-01-10,2018-01-10 21:00:00,core,normal,pre_outage,weekday,54,12,12,11,11,1,0,1,0,1.0,0.08333333333333333,0.08333333333333333
2018-01-10,2018-01-10 21:00:00,near,normal,pre_outage,weekday,54,24,23,23,0,23,0,0,1,0.9583333333333334,0.0,0.0
2018-01-10,2018-01-10 21:00:00,outer,normal,pre_outage,weekday,54,8,7,7,0,0,7,0,1,0.875,0.0,0.0
2018-01-10,2018-01-10 22:00:00,core,normal,pre_outage,weekday,54,11,11,9,9,2,0,2,0,1.0,0.18181818181818182,0.18181818181818182
2018-01-10,2018-01-10 22:00:00,near,normal,pre_outage,weekday,54,24,23,23,0,23,0,0,1,0.9583333333333334,0.0,0.0
2018-01-10,2018-01-10 22:00:00,outer,normal,pre_outage,weekday,54,8,7,6,1,0,6,1,1,0.875,0.125,0.14285714285714285
2018-01-10,2018-01-10 23:00:00,core,normal,pre_outage,weekday,54,10,10,9,9,1,0,1,0,1.0,0.1,0.1
2018-01-10,2018-01-10 23:00:00,near,normal,pre_outage,weekday,54,25,25,23,2,23,0,2,0,1.0,0.08,0.08
2018-01-10,2018-01-10 23:00:00,outer,normal,pre_outage,weekday,54,6,6,5,0,1,5,1,0,1.0,0.16666666666666666,0.16666666666666666
2018-01-11,2018-01-11 00:00:00,core,normal,pre_outage,weekday,54,11,11,11,11,0,0,0,0,1.0,0.0,0.0
2018-01-11,2018-01-11 00:00:00,near,normal,pre_outage,weekday,54,26,26,23,2,23,1,3,0,1.0,0.11538461538461539,0.11538461538461539
2018-01-11,2018-01-11 00:00:00,outer,normal,pre_outage,weekday,54,5,5,5,0,0,5,0,0,1.0,0.0,0.0
2018-01-11,2018-01-11 01:00:00,core,normal,pre_outage,weekday,54,13,13,13,13,0,0,0,0,1.0,0.0,0.0
2018-01-11,2018-01-11 01:00:00,near,normal,pre_outage,weekday,54,24,23,23,0,23,0,0,1,0.9583333333333334,0.0,0.0
2018-01-11,2018-01-11 01:00:00,outer,normal,pre_outage,weekday,54,6,6,6,0,0,6,0,0,1.0,0.0,0.0
2018-01-11,2018-01-11 02:00:00,core,normal,pre_outage,weekday,54,13,13,13,13,0,0,0,0,1.0,0.0,0.0
2018-01-11,2018-01-11 02:00:00,near,normal,pre_outage,weekday,54,23,23,23,0,23,0,0,0,1.0,0.0,0.0
2018-01-11,2018-01-11 02:00:00,outer,normal,pre_outage,weekday,54,6,6,5,0,1,5,1,0,1.0,0.16666666666666666,0.16666666666666666
2018-01-11,2018-01-11 03:00:00,core,normal,pre_outage,weekday,54,13,13,12,12,1,0,1,0,1.0,0.07692307692307693,0.07692307692307693
2018-01-11,2018-01-11 03:00:00,near,normal,pre_outage,weekday,54,24,24,23,1,23,0,1,0,1.0,0.041666666666666664,0.041666666666666664
2018-01-11,2018-01-11 03:00:00,outer,normal,pre_outage,weekday,54,5,5,5,0,0,5,0,0,1.0,0.0,0.0
2018-01-11,2018-01-11 04:00:00,core,normal,pre_outage,weekday,54,13,13,13,13,0,0,0,0,1.0,0.0,0.0
2018-01-11,2018-01-11 04:00:00,near,normal,pre_outage,weekday,54,24,24,24,0,24,0,0,0,1.0,0.0,0.0
2018-01-11,2018-01-11 04:00:00,outer,normal,pre_outage,weekday,54,5,5,5,0,0,5,0,0,1.0,0.0,0.0
2018-01-11,2018-01-11 05:00:00,core,normal,pre_outage,weekday,54,13,13,11,11,1,1,2,0,1.0,0.15384615384615385,0.15384615384615385
2018-01-11,2018-01-11 05:00:00,near,normal,pre_outage,weekday,54,24,24,24,0,24,0,0,0,1.0,0.0,0.0
2018-01-11,2018-01-11 05:00:00,outer,normal,pre_outage,weekday,54,5,5,5,0,0,5,0,0,1.0,0.0,0.0
2018-01-11,2018-01-11 06:00:00,core,normal,pre_outage,weekday,54,11,11,8,8,3,0,3,0,1.0,0.2727272727272727,0.2727272727272727
2018-01-11,2018-01-11 06:00:00,near,normal,pre_outage,weekday,54,26,25,25,0,25,0,0,1,0.9615384615384616,0.0,0.0
2018-01-11,2018-01-11 06:00:00,outer,normal,pre_outage,weekday,54,6,6,6,0,0,6,0,0,1.0,0.0,0.0
2018-01-11,2018-01-11 07:00:00,core,normal,pre_outage,weekday,54,8,8,6,6,0,2,2,0,1.0,0.25,0.25
2018-01-11,2018-01-11 07:00:00,near,normal,pre_outage,weekday,54,28,26,22,2,22,2,4,2,0.9285714285714286,0.14285714285714285,0.15384615384615385
2018-01-11,2018-01-11 07:00:00,outer,normal,pre_outage,weekday,54,6,5,5,0,0,5,0,1,0.8333333333333334,0.0,0.0
2018-01-11,2018-01-11 08:00:00,core,normal,pre_outage,weekday,54,8,8,7,7,1,0,1,0,1.0,0.125,0.125
2018-01-11,2018-01-11 08:00:00,near,normal,pre_outage,weekday,54,22,21,21,0,21,0,0,1,0.9545454545454546,0.0,0.0
2018-01-11,2018-01-11 08:00:00,outer,normal,pre_outage,weekday,54,9,9,9,0,0,9,0,0,1.0,0.0,0.0
2018-01-11,2018-01-11 09:00:00,core,normal,pre_outage,weekday,54,7,7,7,7,0,0,0,0,1.0,0.0,0.0
2018-01-11,2018-01-11 09:00:00,near,normal,pre_outage,weekday,54,25,24,23,1,23,0,1,1,0.96,0.04,0.041666666666666664
2018-01-11,2018-01-11 09:00:00,outer,normal,pre_outage,weekday,54,10,10,10,0,0,10,0,0,1.0,0.0,0.0
2018-01-11,2018-01-11 10:00:00,core,normal,pre_outage,weekday,54,8,8,5,5,2,1,3,0,1.0,0.375,0.375
2018-01-11,2018-01-11 10:00:00,near,normal,pre_outage,weekday,54,26,24,22,1,22,1,2,2,0.9230769230769231,0.07692307692307693,0.08333333333333333
2018-01-11,2018-01-11 10:00:00,outer,normal,pre_outage,weekday,54,10,10,7,0,3,7,3,0,1.0,0.3,0.3
2018-01-11,2018-01-11 11:00:00,core,normal,pre_outage,weekday,54,6,6,1,1,5,0,5,0,1.0,0.8333333333333334,0.8333333333333334
2018-01-11,2018-01-11 11:00:00,near,normal,pre_outage,weekday,54,28,28,26,2,26,0,2,0,1.0,0.07142857142857142,0.07142857142857142
2018-01-11,2018-01-11 11:00:00,outer,normal,pre_outage,weekday,54,9,9,9,0,0,9,0,0,1.0,0.0,0.0
2018-01-11,2018-01-11 12:00:00,core,normal,pre_outage,weekday,54,3,3,2,2,0,1,1,0,1.0,0.3333333333333333,0.3333333333333333
2018-01-11,2018-01-11 12:00:00,near,normal,pre_outage,weekday,54,31,31,23,6,23,2,8,0,1.0,0.25806451612903225,0.25806451612903225
2018-01-11,2018-01-11 12:00:00,outer,normal,pre_outage,weekday,54,10,9,9,0,0,9,0,1,0.9,0.0,0.0
2018-01-11,2018-01-11 13:00:00,core,normal,pre_outage,weekday,54,8,8,8,8,0,0,0,0,1.0,0.0,0.0
2018-01-11,2018-01-11 13:00:00,near,normal,pre_outage,weekday,54,23,23,21,1,21,1,2,0,1.0,0.08695652173913043,0.08695652173913043
2018-01-11,2018-01-11 13:00:00,outer,normal,pre_outage,weekday,54,12,12,7,2,3,7,5,0,1.0,0.4166666666666667,0.4166666666666667
2018-01-11,2018-01-11 14:00:00,core,normal,pre_outage,weekday,54,11,11,10,10,1,0,1,0,1.0,0.09090909090909091,0.09090909090909091
2018-01-11,2018-01-11 14:00:00,near,normal,pre_outage,weekday,54,27,26,24,2,24,0,2,1,0.9629629629629629,0.07407407407407407,0.07692307692307693
2018-01-11,2018-01-11 14:00:00,outer,normal,pre_outage,weekday,54,8,7,7,0,0,7,0,1,0.875,0.0,0.0
2018-01-11,2018-01-11 15:00:00,core,normal,pre_outage,weekday,54,12,12,7,7,5,0,5,0,1.0,0.4166666666666667,0.4166666666666667
2018-01-11,2018-01-11 15:00:00,near,normal,pre_outage,weekday,54,25,24,23,1,23,0,1,1,0.96,0.04,0.041666666666666664
2018-01-11,2018-01-11 15:00:00,outer,normal,pre_outage,weekday,54,8,8,7,0,1,7,1,0,1.0,0.125,0.125
2018-01-11,2018-01-11 16:00:00,core,normal,pre_outage,weekday,54,8,8,7,7,1,0,1,0,1.0,0.125,0.125
2018-01-11,2018-01-11 16:00:00,near,normal,pre_outage,weekday,54,31,30,29,1,29,0,1,1,0.967741935483871,0.03225806451612903,0.03333333333333333
2018-01-11,2018-01-11 16:00:00,outer,normal,pre_outage,weekday,54,7,7,6,0,1,6,1,0,1.0,0.14285714285714285,0.14285714285714285
2018-01-11,2018-01-11 17:00:00,core,normal,pre_outage,weekday,54,8,8,8,8,0,0,0,0,1.0,0.0,0.0
2018-01-11,2018-01-11 17:00:00,near,normal,pre_outage,weekday,54,32,31,26,2,26,3,5,1,0.96875,0.15625,0.16129032258064516
2018-01-11,2018-01-11 17:00:00,outer,normal,pre_outage,weekday,54,6,6,5,0,1,5,1,0,1.0,0.16666666666666666,0.16666666666666666
2018-01-11,2018-01-11 18:00:00,core,normal,pre_outage,weekday,54,10,10,7,7,2,1,3,0,1.0,0.3,0.3
2018-01-11,2018-01-11 18:00:00,near,normal,pre_outage,weekday,54,27,25,25,0,25,0,0,2,0.9259259259259259,0.0,0.0
2018-01-11,2018-01-11 18:00:00,outer,normal,pre_outage,weekday,54,8,8,5,2,1,5,3,0,1.0,0.375,0.375
2018-01-11,2018-01-11 19:00:00,core,normal,pre_outage,weekday,54,9,9,8,8,1,0,1,0,1.0,0.1111111111111111,0.1111111111111111
2018-01-11,2018-01-11 19:00:00,near,normal,pre_outage,weekday,54,28,28,25,3,25,0,3,0,1.0,0.10714285714285714,0.10714285714285714
2018-01-11,2018-01-11 19:00:00,outer,normal,pre_outage,weekday,54,6,6,5,1,0,5,1,0,1.0,0.16666666666666666,0.16666666666666666
2018-01-11,2018-01-11 20:00:00,core,normal,pre_outage,weekday,54,12,12,12,12,0,0,0,0,1.0,0.0,0.0
2018-01-11,2018-01-11 20:00:00,near,normal,pre_outage,weekday,54,27,27,25,1,25,1,2,0,1.0,0.07407407407407407,0.07407407407407407
2018-01-11,2018-01-11 20:00:00,outer,normal,pre_outage,weekday,54,6,6,6,0,0,6,0,0,1.0,0.0,0.0
2018-01-11,2018-01-11 21:00:00,core,normal,pre_outage,weekday,54,13,13,13,13,0,0,0,0,1.0,0.0,0.0
2018-01-11,2018-01-11 21:00:00,near,normal,pre_outage,weekday,54,27,24,24,0,24,0,0,3,0.8888888888888888,0.0,0.0
2018-01-11,2018-01-11 21:00:00,outer,normal,pre_outage,weekday,54,7,6,6,0,0,6,0,1,0.8571428571428571,0.0,0.0
2018-01-11,2018-01-11 22:00:00,core,normal,pre_outage,weekday,54,13,13,12,12,1,0,1,0,1.0,0.07692307692307693,0.07692307692307693
2018-01-11,2018-01-11 22:00:00,near,normal,pre_outage,weekday,54,24,24,23,1,23,0,1,0,1.0,0.041666666666666664,0.041666666666666664
2018-01-11,2018-01-11 22:00:00,outer,normal,pre_outage,weekday,54,6,5,4,1,0,4,1,1,0.8333333333333334,0.16666666666666666,0.2
2018-01-11,2018-01-11 23:00:00,core,normal,pre_outage,weekday,54,14,14,11,11,3,0,3,0,1.0,0.21428571428571427,0.21428571428571427
2018-01-11,2018-01-11 23:00:00,near,normal,pre_outage,weekday,54,24,24,24,0,24,0,0,0,1.0,0.0,0.0
2018-01-11,2018-01-11 23:00:00,outer,normal,pre_outage,weekday,54,4,4,4,0,0,4,0,0,1.0,0.0,0.0
2018-01-12,2018-01-12 00:00:00,core,reduced,degraded_period,weekday,57,11,11,11,11,0,0,0,0,1.0,0.0,0.0
2018-01-12,2018-01-12 00:00:00,near,reduced,degraded_period,weekday,57,28,27,22,4,22,1,5,1,0.9642857142857143,0.17857142857142858,0.18518518518518517
2018-01-12,2018-01-12 00:00:00,outer,reduced,degraded_period,weekday,57,4,4,4,0,0,4,0,0,1.0,0.0,0.0
2018-01-12,2018-01-12 01:00:00,core,reduced,degraded_period,weekday,57,15,15,15,15,0,0,0,0,1.0,0.0,0.0
2018-01-12,2018-01-12 01:00:00,near,reduced,degraded_period,weekday,57,22,22,22,0,22,0,0,0,1.0,0.0,0.0
2018-01-12,2018-01-12 01:00:00,outer,reduced,degraded_period,weekday,57,6,5,5,0,0,5,0,1,0.8333333333333334,0.0,0.0
2018-01-12,2018-01-12 02:00:00,core,reduced,degraded_period,weekday,57,15,15,13,13,2,0,2,0,1.0,0.13333333333333333,0.13333333333333333
2018-01-12,2018-01-12 02:00:00,near,reduced,degraded_period,weekday,57,22,21,21,0,21,0,0,1,0.9545454545454546,0.0,0.0
2018-01-12,2018-01-12 02:00:00,outer,reduced,degraded_period,weekday,57,5,5,3,0,2,3,2,0,1.0,0.4,0.4
2018-01-12,2018-01-12 03:00:00,core,reduced,degraded_period,weekday,57,13,12,10,10,1,1,2,1,0.9230769230769231,0.15384615384615385,0.16666666666666666
2018-01-12,2018-01-12 03:00:00,near,reduced,degraded_period,weekday,57,27,26,23,2,23,1,3,1,0.9629629629629629,0.1111111111111111,0.11538461538461539
2018-01-12,2018-01-12 03:00:00,outer,reduced,degraded_period,weekday,57,5,5,5,0,0,5,0,0,1.0,0.0,0.0
2018-01-12,2018-01-12 04:00:00,core,reduced,degraded_period,weekday,57,12,12,12,12,0,0,0,0,1.0,0.0,0.0
2018-01-12,2018-01-12 04:00:00,near,reduced,degraded_period,weekday,57,24,24,23,1,23,0,1,0,1.0,0.041666666666666664,0.041666666666666664
2018-01-12,2018-01-12 04:00:00,outer,reduced,degraded_period,weekday,57,7,7,7,0,0,7,0,0,1.0,0.0,0.0
2018-01-12,2018-01-12 05:00:00,core,reduced,degraded_period,weekday,57,13,13,13,13,0,0,0,0,1.0,0.0,0.0
2018-01-12,2018-01-12 05:00:00,near,reduced,degraded_period,weekday,57,24,23,23,0,23,0,0,1,0.9583333333333334,0.0,0.0
2018-01-12,2018-01-12 05:00:00,outer,reduced,degraded_period,weekday,57,7,7,4,0,3,4,3,0,1.0,0.42857142857142855,0.42857142857142855
2018-01-12,2018-01-12 06:00:00,core,reduced,degraded_period,weekday,57,13,13,11,11,1,1,2,0,1.0,0.15384615384615385,0.15384615384615385
2018-01-12,2018-01-12 06:00:00,near,reduced,degraded_period,weekday,57,26,24,23,1,23,0,1,2,0.9230769230769231,0.038461538461538464,0.041666666666666664
2018-01-12,2018-01-12 06:00:00,outer,reduced,degraded_period,weekday,57,4,4,4,0,0,4,0,0,1.0,0.0,0.0
2018-01-12,2018-01-12 07:00:00,core,reduced,degraded_period,weekday,57,12,12,11,11,0,1,1,0,1.0,0.08333333333333333,0.08333333333333333
2018-01-12,2018-01-12 07:00:00,near,reduced,degraded_period,weekday,57,26,25,23,0,23,2,2,1,0.9615384615384616,0.07692307692307693,0.08
2018-01-12,2018-01-12 07:00:00,outer,reduced,degraded_period,weekday,57,7,7,7,0,0,7,0,0,1.0,0.0,0.0
2018-01-12,2018-01-12 08:00:00,core,reduced,degraded_period,weekday,57,11,11,11,11,0,0,0,0,1.0,0.0,0.0
2018-01-12,2018-01-12 08:00:00,near,reduced,degraded_period,weekday,57,25,23,22,1,22,0,1,2,0.92,0.04,0.043478260869565216
2018-01-12,2018-01-12 08:00:00,outer,reduced,degraded_period,weekday,57,13,11,10,1,0,10,1,2,0.8461538461538461,0.07692307692307693,0.09090909090909091
2018-01-12,2018-01-12 09:00:00,core,reduced,degraded_period,weekday,57,13,13,11,11,2,0,2,0,1.0,0.15384615384615385,0.15384615384615385
2018-01-12,2018-01-12 09:00:00,near,reduced,degraded_period,weekday,57,22,21,21,0,21,0,0,1,0.9545454545454546,0.0,0.0
2018-01-12,2018-01-12 09:00:00,outer,reduced,degraded_period,weekday,57,11,8,6,2,0,6,2,3,0.7272727272727273,0.18181818181818182,0.25
2018-01-12,2018-01-12 10:00:00,core,reduced,degraded_period,weekday,57,13,13,11,11,2,0,2,0,1.0,0.15384615384615385,0.15384615384615385
2018-01-12,2018-01-12 10:00:00,near,reduced,degraded_period,weekday,57,23,23,21,2,21,0,2,0,1.0,0.08695652173913043,0.08695652173913043
2018-01-12,2018-01-12 10:00:00,outer,reduced,degraded_period,weekday,57,8,7,7,0,0,7,0,1,0.875,0.0,0.0
2018-01-12,2018-01-12 11:00:00,core,reduced,degraded_period,weekday,57,14,14,12,12,0,2,2,0,1.0,0.14285714285714285,0.14285714285714285
2018-01-12,2018-01-12 11:00:00,near,reduced,degraded_period,weekday,57,25,24,19,3,19,2,5,1,0.96,0.2,0.20833333333333334
2018-01-12,2018-01-12 11:00:00,outer,reduced,degraded_period,weekday,57,7,6,5,0,1,5,1,1,0.8571428571428571,0.14285714285714285,0.16666666666666666
2018-01-12,2018-01-12 12:00:00,core,reduced,degraded_period,weekday,57,15,14,14,14,0,0,0,1,0.9333333333333333,0.0,0.0
2018-01-12,2018-01-12 12:00:00,near,reduced,degraded_period,weekday,57,21,21,21,0,21,0,0,0,1.0,0.0,0.0
2018-01-12,2018-01-12 12:00:00,outer,reduced,degraded_period,weekday,57,9,8,8,0,0,8,0,1,0.8888888888888888,0.0,0.0
2018-01-12,2018-01-12 13:00:00,core,reduced,degraded_period,weekday,57,14,14,12,12,2,0,2,0,1.0,0.14285714285714285,0.14285714285714285
2018-01-12,2018-01-12 13:00:00,near,reduced,degraded_period,weekday,57,21,20,18,2,18,0,2,1,0.9523809523809523,0.09523809523809523,0.1
2018-01-12,2018-01-12 13:00:00,outer,reduced,degraded_period,weekday,57,9,7,6,0,1,6,1,2,0.7777777777777778,0.1111111111111111,0.14285714285714285
2018-01-12,2018-01-12 14:00:00,core,reduced,degraded_period,weekday,57,15,15,9,9,6,0,6,0,1.0,0.4,0.4
2018-01-12,2018-01-12 14:00:00,near,reduced,degraded_period,weekday,57,22,21,21,0,21,0,0,1,0.9545454545454546,0.0,0.0
2018-01-12,2018-01-12 14:00:00,outer,reduced,degraded_period,weekday,57,6,6,5,0,1,5,1,0,1.0,0.16666666666666666,0.16666666666666666
2018-01-12,2018-01-12 15:00:00,core,reduced,degraded_period,weekday,57,9,9,7,7,2,0,2,0,1.0,0.2222222222222222,0.2222222222222222
2018-01-12,2018-01-12 15:00:00,near,reduced,degraded_period,weekday,57,29,29,23,6,23,0,6,0,1.0,0.20689655172413793,0.20689655172413793
2018-01-12,2018-01-12 15:00:00,outer,reduced,degraded_period,weekday,57,6,5,4,0,1,4,1,1,0.8333333333333334,0.16666666666666666,0.2
2018-01-12,2018-01-12 16:00:00,core,reduced,degraded_period,weekday,57,13,13,12,12,0,1,1,0,1.0,0.07692307692307693,0.07692307692307693
2018-01-12,2018-01-12 16:00:00,near,reduced,degraded_period,weekday,57,26,24,23,1,23,0,1,2,0.9230769230769231,0.038461538461538464,0.041666666666666664
2018-01-12,2018-01-12 16:00:00,outer,reduced,degraded_period,weekday,57,4,4,4,0,0,4,0,0,1.0,0.0,0.0
2018-01-12,2018-01-12 17:00:00,core,reduced,degraded_period,weekday,57,13,13,13,13,0,0,0,0,1.0,0.0,0.0
2018-01-12,2018-01-12 17:00:00,near,reduced,degraded_period,weekday,57,23,23,21,2,21,0,2,0,1.0,0.08695652173913043,0.08695652173913043
2018-01-12,2018-01-12 17:00:00,outer,reduced,degraded_period,weekday,57,5,4,3,0,1,3,1,1,0.8,0.2,0.25
2018-01-12,2018-01-12 18:00:00,core,reduced,degraded_period,weekday,57,16,16,13,13,3,0,3,0,1.0,0.1875,0.1875
2018-01-12,2018-01-12 18:00:00,near,reduced,degraded_period,weekday,57,23,21,21,0,21,0,0,2,0.9130434782608695,0.0,0.0
2018-01-12,2018-01-12 18:00:00,outer,reduced,degraded_period,weekday,57,4,4,4,0,0,4,0,0,1.0,0.0,0.0
2018-01-12,2018-01-12 19:00:00,core,reduced,degraded_period,weekday,57,14,14,12,12,0,2,2,0,1.0,0.14285714285714285,0.14285714285714285
2018-01-12,2018-01-12 19:00:00,near,reduced,degraded_period,weekday,57,24,24,23,0,23,1,1,0,1.0,0.041666666666666664,0.041666666666666664
2018-01-12,2018-01-12 19:00:00,outer,reduced,degraded_period,weekday,57,4,4,4,0,0,4,0,0,1.0,0.0,0.0
2018-01-12,2018-01-12 20:00:00,core,reduced,degraded_period,weekday,57,12,11,11,11,0,0,0,1,0.9166666666666666,0.0,0.0
2018-01-12,2018-01-12 20:00:00,near,reduced,degraded_period,weekday,57,25,25,24,1,24,0,1,0,1.0,0.04,0.04
2018-01-12,2018-01-12 20:00:00,outer,reduced,degraded_period,weekday,57,7,7,7,0,0,7,0,0,1.0,0.0,0.0
2018-01-12,2018-01-12 21:00:00,core,reduced,degraded_period,weekday,57,12,12,11,11,1,0,1,0,1.0,0.08333333333333333,0.08333333333333333
2018-01-12,2018-01-12 21:00:00,near,reduced,degraded_period,weekday,57,25,24,24,0,24,0,0,1,0.96,0.0,0.0
2018-01-12,2018-01-12 21:00:00,outer,reduced,degraded_period,weekday,57,7,6,5,1,0,5,1,1,0.8571428571428571,0.14285714285714285,0.16666666666666666
2018-01-12,2018-01-12 22:00:00,core,reduced,degraded_period,weekday,57,12,12,11,11,1,0,1,0,1.0,0.08333333333333333,0.08333333333333333
2018-01-12,2018-01-12 22:00:00,near,reduced,degraded_period,weekday,57,26,26,23,3,23,0,3,0,1.0,0.11538461538461539,0.11538461538461539
2018-01-12,2018-01-12 22:00:00,outer,reduced,degraded_period,weekday,57,5,5,5,0,0,5,0,0,1.0,0.0,0.0
2018-01-12,2018-01-12 23:00:00,core,reduced,degraded_period,weekday,57,14,14,11,11,3,0,3,0,1.0,0.21428571428571427,0.21428571428571427
2018-01-12,2018-01-12 23:00:00,near,reduced,degraded_period,weekday,57,24,24,22,2,22,0,2,0,1.0,0.08333333333333333,0.08333333333333333
2018-01-12,2018-01-12 23:00:00,outer,reduced,degraded_period,weekday,57,5,5,5,0,0,5,0,0,1.0,0.0,0.0
2018-01-13,2018-01-13 00:00:00,core,outage,degraded_period,weekend,55,13,13,13,13,0,0,0,0,1.0,0.0,0.0
2018-01-13,2018-01-13 00:00:00,near,outage,degraded_period,weekend,55,25,24,22,2,22,0,2,1,0.96,0.08,0.08333333333333333
2018-01-13,2018-01-13 00:00:00,outer,outage,degraded_period,weekend,55,5,5,5,0,0,5,0,0,1.0,0.0,0.0
2018-01-13,2018-01-13 01:00:00,core,outage,degraded_period,weekend,55,15,15,13,13,2,0,2,0,1.0,0.13333333333333333,0.13333333333333333
2018-01-13,2018-01-13 01:00:00,near,outage,degraded_period,weekend,55,22,22,22,0,22,0,0,0,1.0,0.0,0.0
2018-01-13,2018-01-13 01:00:00,outer,outage,degraded_period,weekend,55,5,5,4,1,0,4,1,0,1.0,0.2,0.2
2018-01-13,2018-01-13 02:00:00,core,outage,degraded_period,weekend,55,14,14,13,13,1,0,1,0,1.0,0.07142857142857142,0.07142857142857142
2018-01-13,2018-01-13 02:00:00,near,outage,degraded_period,weekend,55,27,24,24,0,24,0,0,3,0.8888888888888888,0.0,0.0
2018-01-13,2018-01-13 02:00:00,outer,outage,degraded_period,weekend,55,4,4,4,0,0,4,0,0,1.0,0.0,0.0
2018-01-13,2018-01-13 03:00:00,core,outage,degraded_period,weekend,55,13,13,12,12,1,0,1,0,1.0,0.07692307692307693,0.07692307692307693
2018-01-13,2018-01-13 03:00:00,near,outage,degraded_period,weekend,55,25,25,25,0,25,0,0,0,1.0,0.0,0.0
2018-01-13,2018-01-13 03:00:00,outer,outage,degraded_period,weekend,55,4,4,4,0,0,4,0,0,1.0,0.0,0.0
2018-01-13,2018-01-13 04:00:00,core,outage,degraded_period,weekend,55,12,12,10,10,1,1,2,0,1.0,0.16666666666666666,0.16666666666666666
2018-01-13,2018-01-13 04:00:00,near,outage,degraded_period,weekend,55,27,27,26,0,26,1,1,0,1.0,0.037037037037037035,0.037037037037037035
2018-01-13,2018-01-13 04:00:00,outer,outage,degraded_period,weekend,55,4,4,4,0,0,4,0,0,1.0,0.0,0.0
2018-01-13,2018-01-13 05:00:00,core,outage,degraded_period,weekend,55,10,10,10,10,0,0,0,0,1.0,0.0,0.0
2018-01-13,2018-01-13 05:00:00,near,outage,degraded_period,weekend,55,28,27,27,0,27,0,0,1,0.9642857142857143,0.0,0.0
2018-01-13,2018-01-13 05:00:00,outer,outage,degraded_period,weekend,55,6,6,6,0,0,6,0,0,1.0,0.0,0.0
2018-01-13,2018-01-13 06:00:00,core,outage,degraded_period,weekend,55,10,10,5,5,2,3,5,0,1.0,0.5,0.5
2018-01-13,2018-01-13 06:00:00,near,outage,degraded_period,weekend,55,27,26,24,2,24,0,2,1,0.9629629629629629,0.07407407407407407,0.07692307692307693
2018-01-13,2018-01-13 06:00:00,outer,outage,degraded_period,weekend,55,6,6,6,0,0,6,0,0,1.0,0.0,0.0
2018-01-13,2018-01-13 07:00:00,core,outage,degraded_period,weekend,55,7,7,7,7,0,0,0,0,1.0,0.0,0.0
2018-01-13,2018-01-13 07:00:00,near,outage,degraded_period,weekend,55,26,25,24,1,24,0,1,1,0.9615384615384616,0.038461538461538464,0.04
2018-01-13,2018-01-13 07:00:00,outer,outage,degraded_period,weekend,55,10,9,6,0,3,6,3,1,0.9,0.3,0.3333333333333333
2018-01-13,2018-01-13 08:00:00,core,outage,degraded_period,weekend,55,9,9,8,8,1,0,1,0,1.0,0.1111111111111111,0.1111111111111111
2018-01-13,2018-01-13 08:00:00,near,outage,degraded_period,weekend,55,29,28,19,3,19,6,9,1,0.9655172413793104,0.3103448275862069,0.32142857142857145
2018-01-13,2018-01-13 08:00:00,outer,outage,degraded_period,weekend,55,6,6,6,0,0,6,0,0,1.0,0.0,0.0
2018-01-13,2018-01-13 09:00:00,core,outage,degraded_period,weekend,55,11,11,11,11,0,0,0,0,1.0,0.0,0.0
2018-01-13,2018-01-13 09:00:00,near,outage,degraded_period,weekend,55,20,20,20,0,20,0,0,0,1.0,0.0,0.0
2018-01-13,2018-01-13 09:00:00,outer,outage,degraded_period,weekend,55,13,13,10,2,1,10,3,0,1.0,0.23076923076923078,0.23076923076923078
2018-01-13,2018-01-13 10:00:00,core,outage,degraded_period,weekend,55,13,13,10,10,3,0,3,0,1.0,0.23076923076923078,0.23076923076923078
2018-01-13,2018-01-13 10:00:00,near,outage,degraded_period,weekend,55,21,21,20,1,20,0,1,0,1.0,0.047619047619047616,0.047619047619047616
2018-01-13,2018-01-13 10:00:00,outer,outage,degraded_period,weekend,55,10,8,7,0,1,7,1,2,0.8,0.1,0.125
2018-01-13,2018-01-13 11:00:00,core,outage,degraded_period,weekend,55,11,11,9,9,1,1,2,0,1.0,0.18181818181818182,0.18181818181818182
2018-01-13,2018-01-13 11:00:00,near,outage,degraded_period,weekend,55,24,23,20,3,20,0,3,1,0.9583333333333334,0.125,0.13043478260869565
2018-01-13,2018-01-13 11:00:00,outer,outage,degraded_period,weekend,55,7,7,7,0,0,7,0,0,1.0,0.0,0.0
2018-01-13,2018-01-13 12:00:00,core,outage,degraded_period,weekend,55,12,12,10,10,2,0,2,0,1.0,0.16666666666666666,0.16666666666666666
2018-01-13,2018-01-13 12:00:00,near,outage,degraded_period,weekend,55,22,21,20,1,20,0,1,1,0.9545454545454546,0.045454545454545456,0.047619047619047616
2018-01-13,2018-01-13 12:00:00,outer,outage,degraded_period,weekend,55,9,9,9,0,0,9,0,0,1.0,0.0,0.0
2018-01-13,2018-01-13 13:00:00,core,outage,degraded_period,weekend,55,11,11,11,11,0,0,0,0,1.0,0.0,0.0
2018-01-13,2018-01-13 13:00:00,near,outage,degraded_period,weekend,55,23,22,21,1,21,0,1,1,0.9565217391304348,0.043478260869565216,0.045454545454545456
2018-01-13,2018-01-13 13:00:00,outer,outage,degraded_period,weekend,55,10,8,8,0,0,8,0,2,0.8,0.0,0.0
2018-01-13,2018-01-13 14:00:00,core,outage,degraded_period,weekend,55,12,12,6,6,6,0,6,0,1.0,0.5,0.5
2018-01-13,2018-01-13 14:00:00,near,outage,degraded_period,weekend,55,21,20,20,0,20,0,0,1,0.9523809523809523,0.0,0.0
2018-01-13,2018-01-13 14:00:00,outer,outage,degraded_period,weekend,55,8,8,5,1,2,5,3,0,1.0,0.375,0.375
2018-01-13,2018-01-13 15:00:00,core,outage,degraded_period,weekend,55,7,7,7,7,0,0,0,0,1.0,0.0,0.0
2018-01-13,2018-01-13 15:00:00,near,outage,degraded_period,weekend,55,29,29,24,4,24,1,5,0,1.0,0.1724137931034483,0.1724137931034483
2018-01-13,2018-01-13 15:00:00,outer,outage,degraded_period,weekend,55,6,6,6,0,0,6,0,0,1.0,0.0,0.0
2018-01-13,2018-01-13 16:00:00,core,outage,degraded_period,weekend,55,12,12,12,12,0,0,0,0,1.0,0.0,0.0
2018-01-13,2018-01-13 16:00:00,near,outage,degraded_period,weekend,55,24,24,21,3,21,0,3,0,1.0,0.125,0.125
2018-01-13,2018-01-13 16:00:00,outer,outage,degraded_period,weekend,55,8,8,7,0,1,7,1,0,1.0,0.125,0.125
2018-01-13,2018-01-13 17:00:00,core,outage,degraded_period,weekend,55,15,15,11,11,3,1,4,0,1.0,0.26666666666666666,0.26666666666666666
2018-01-13,2018-01-13 17:00:00,near,outage,degraded_period,weekend,55,23,22,21,1,21,0,1,1,0.9565217391304348,0.043478260869565216,0.045454545454545456
2018-01-13,2018-01-13 17:00:00,outer,outage,degraded_period,weekend,55,7,7,6,0,1,6,1,0,1.0,0.14285714285714285,0.14285714285714285
2018-01-13,2018-01-13 18:00:00,core,outage,degraded_period,weekend,55,12,12,11,11,1,0,1,0,1.0,0.08333333333333333,0.08333333333333333
2018-01-13,2018-01-13 18:00:00,near,outage,degraded_period,weekend,55,26,25,22,3,22,0,3,1,0.9615384615384616,0.11538461538461539,0.12
2018-01-13,2018-01-13 18:00:00,outer,outage,degraded_period,weekend,55,7,7,6,0,1,6,1,0,1.0,0.14285714285714285,0.14285714285714285
2018-01-13,2018-01-13 19:00:00,core,outage,degraded_period,weekend,55,14,13,12,12,0,1,1,1,0.9285714285714286,0.07142857142857142,0.07692307692307693
2018-01-13,2018-01-13 19:00:00,near,outage,degraded_period,weekend,55,25,25,24,0,24,1,1,0,1.0,0.04,0.04
2018-01-13,2018-01-13 19:00:00,outer,outage,degraded_period,weekend,55,6,6,6,0,0,6,0,0,1.0,0.0,0.0
2018-01-13,2018-01-13 20:00:00,core,outage,degraded_period,weekend,55,12,12,12,12,0,0,0,0,1.0,0.0,0.0
2018-01-13,2018-01-13 20:00:00,near,outage,degraded_period,weekend,55,24,24,24,0,24,0,0,0,1.0,0.0,0.0
2018-01-13,2018-01-13 20:00:00,outer,outage,degraded_period,weekend,55,9,9,8,0,1,8,1,0,1.0,0.1111111111111111,0.1111111111111111
2018-01-13,2018-01-13 21:00:00,core,outage,degraded_period,weekend,55,13,13,12,12,1,0,1,0,1.0,0.07692307692307693,0.07692307692307693
2018-01-13,2018-01-13 21:00:00,near,outage,degraded_period,weekend,55,26,25,25,0,25,0,0,1,0.9615384615384616,0.0,0.0
2018-01-13,2018-01-13 21:00:00,outer,outage,degraded_period,weekend,55,8,7,7,0,0,7,0,1,0.875,0.0,0.0
2018-01-13,2018-01-13 22:00:00,core,outage,degraded_period,weekend,55,12,12,10,10,2,0,2,0,1.0,0.16666666666666666,0.16666666666666666
2018-01-13,2018-01-13 22:00:00,near,outage,degraded_period,weekend,55,26,26,25,1,25,0,1,0,1.0,0.038461538461538464,0.038461538461538464
2018-01-13,2018-01-13 22:00:00,outer,outage,degraded_period,weekend,55,7,7,7,0,0,7,0,0,1.0,0.0,0.0
2018-01-13,2018-01-13 23:00:00,core,outage,degraded_period,weekend,55,11,11,9,9,0,2,2,0,1.0,0.18181818181818182,0.18181818181818182
2018-01-13,2018-01-13 23:00:00,near,outage,degraded_period,weekend,55,27,27,25,2,25,0,2,0,1.0,0.07407407407407407,0.07407407407407407
2018-01-13,2018-01-13 23:00:00,outer,outage,degraded_period,weekend,55,9,9,9,0,0,9,0,0,1.0,0.0,0.0
2018-01-14,2018-01-14 00:00:00,core,outage,degraded_period,weekend,53,11,11,11,11,0,0,0,0,1.0,0.0,0.0
2018-01-14,2018-01-14 00:00:00,near,outage,degraded_period,weekend,53,25,25,25,0,25,0,0,0,1.0,0.0,0.0
2018-01-14,2018-01-14 00:00:00,outer,outage,degraded_period,weekend,53,11,10,8,0,2,8,2,1,0.9090909090909091,0.18181818181818182,0.2
2018-01-14,2018-01-14 01:00:00,core,outage,degraded_period,weekend,53,11,11,11,11,0,0,0,0,1.0,0.0,0.0
2018-01-14,2018-01-14 01:00:00,near,outage,degraded_period,weekend,53,28,27,26,1,26,0,1,1,0.9642857142857143,0.03571428571428571,0.037037037037037035
2018-01-14,2018-01-14 01:00:00,outer,outage,degraded_period,weekend,53,8,8,7,1,0,7,1,0,1.0,0.125,0.125
2018-01-14,2018-01-14 02:00:00,core,outage,degraded_period,weekend,53,13,13,11,11,2,0,2,0,1.0,0.15384615384615385,0.15384615384615385
2018-01-14,2018-01-14 02:00:00,near,outage,degraded_period,weekend,53,26,26,26,0,26,0,0,0,1.0,0.0,0.0
2018-01-14,2018-01-14 02:00:00,outer,outage,degraded_period,weekend,53,7,7,5,1,1,5,2,0,1.0,0.2857142857142857,0.2857142857142857
2018-01-14,2018-01-14 03:00:00,core,outage,degraded_period,weekend,53,12,12,12,12,0,0,0,0,1.0,0.0,0.0
2018-01-14,2018-01-14 03:00:00,near,outage,degraded_period,weekend,53,29,29,28,1,28,0,1,0,1.0,0.034482758620689655,0.034482758620689655
2018-01-14,2018-01-14 03:00:00,outer,outage,degraded_period,weekend,53,6,6,5,0,1,5,1,0,1.0,0.16666666666666666,0.16666666666666666
2018-01-14,2018-01-14 04:00:00,core,outage,degraded_period,weekend,53,13,13,13,13,0,0,0,0,1.0,0.0,0.0
2018-01-14,2018-01-14 04:00:00,near,outage,degraded_period,weekend,53,30,29,27,2,27,0,2,1,0.9666666666666667,0.06666666666666667,0.06896551724137931
2018-01-14,2018-01-14 04:00:00,outer,outage,degraded_period,weekend,53,6,6,6,0,0,6,0,0,1.0,0.0,0.0
2018-01-14,2018-01-14 05:00:00,core,outage,degraded_period,weekend,53,15,15,14,14,0,1,1,0,1.0,0.06666666666666667,0.06666666666666667
2018-01-14,2018-01-14 05:00:00,near,outage,degraded_period,weekend,53,27,27,26,0,26,1,1,0,1.0,0.037037037037037035,0.037037037037037035
2018-01-14,2018-01-14 05:00:00,outer,outage,degraded_period,weekend,53,7,7,7,0,0,7,0,0,1.0,0.0,0.0
2018-01-14,2018-01-14 06:00:00,core,outage,degraded_period,weekend,53,14,14,13,13,1,0,1,0,1.0,0.07142857142857142,0.07142857142857142
2018-01-14,2018-01-14 06:00:00,near,outage,degraded_period,weekend,53,26,26,26,0,26,0,0,0,1.0,0.0,0.0
2018-01-14,2018-01-14 06:00:00,outer,outage,degraded_period,weekend,53,9,9,9,0,0,9,0,0,1.0,0.0,0.0
2018-01-14,2018-01-14 07:00:00,core,outage,degraded_period,weekend,53,13,13,5,5,6,2,8,0,1.0,0.6153846153846154,0.6153846153846154
2018-01-14,2018-01-14 07:00:00,near,outage,degraded_period,weekend,53,28,27,26,0,26,1,1,1,0.9642857142857143,0.03571428571428571,0.037037037037037035
2018-01-14,2018-01-14 07:00:00,outer,outage,degraded_period,weekend,53,10,10,9,0,1,9,1,0,1.0,0.1,0.1
2018-01-14,2018-01-14 08:00:00,core,outage,degraded_period,weekend,53,5,5,5,5,0,0,0,0,1.0,0.0,0.0
2018-01-14,2018-01-14 08:00:00,near,outage,degraded_period,weekend,53,34,33,31,2,31,0,2,1,0.9705882352941176,0.058823529411764705,0.06060606060606061
2018-01-14,2018-01-14 08:00:00,outer,outage,degraded_period,weekend,53,12,11,9,0,2,9,2,1,0.9166666666666666,0.16666666666666666,0.18181818181818182
2018-01-14,2018-01-14 09:00:00,core,outage,degraded_period,weekend,53,7,7,7,7,0,0,0,0,1.0,0.0,0.0
2018-01-14,2018-01-14 09:00:00,near,outage,degraded_period,weekend,53,33,33,29,1,29,3,4,0,1.0,0.12121212121212122,0.12121212121212122
2018-01-14,2018-01-14 09:00:00,outer,outage,degraded_period,weekend,53,9,9,8,0,1,8,1,0,1.0,0.1111111111111111,0.1111111111111111
2018-01-14,2018-01-14 10:00:00,core,outage,degraded_period,weekend,53,8,8,6,6,2,0,2,0,1.0,0.25,0.25
2018-01-14,2018-01-14 10:00:00,near,outage,degraded_period,weekend,53,30,30,24,4,24,2,6,0,1.0,0.2,0.2
2018-01-14,2018-01-14 10:00:00,outer,outage,degraded_period,weekend,53,11,10,9,1,0,9,1,1,0.9090909090909091,0.09090909090909091,0.1
2018-01-14,2018-01-14 11:00:00,core,outage,degraded_period,weekend,53,11,11,7,7,4,0,4,0,1.0,0.36363636363636365,0.36363636363636365
2018-01-14,2018-01-14 11:00:00,near,outage,degraded_period,weekend,53,28,27,25,1,25,1,2,1,0.9642857142857143,0.07142857142857142,0.07407407407407407
2018-01-14,2018-01-14 11:00:00,outer,outage,degraded_period,weekend,53,12,11,9,2,0,9,2,1,0.9166666666666666,0.16666666666666666,0.18181818181818182
2018-01-14,2018-01-14 12:00:00,core,outage,degraded_period,weekend,53,10,10,7,7,3,0,3,0,1.0,0.3,0.3
2018-01-14,2018-01-14 12:00:00,near,outage,degraded_period,weekend,53,29,23,22,1,22,0,1,6,0.7931034482758621,0.034482758620689655,0.043478260869565216
2018-01-14,2018-01-14 12:00:00,outer,outage,degraded_period,weekend,53,11,10,9,0,1,9,1,1,0.9090909090909091,0.09090909090909091,0.1
2018-01-14,2018-01-14 13:00:00,core,outage,degraded_period,weekend,53,8,0,0,0,0,0,0,8,0.0,0.0,0.0
2018-01-14,2018-01-14 13:00:00,near,outage,degraded_period,weekend,53,26,0,0,0,0,0,0,26,0.0,0.0,0.0
2018-01-14,2018-01-14 13:00:00,outer,outage,degraded_period,weekend,53,10,0,0,0,0,0,0,10,0.0,0.0,0.0
2018-01-14,2018-01-14 14:00:00,core,outage,degraded_period,weekend,53,0,0,0,0,0,0,0,0,0.0,0.0,0.0
2018-01-14,2018-01-14 14:00:00,near,outage,degraded_period,weekend,53,0,0,0,0,0,0,0,0,0.0,0.0,0.0
2018-01-14,2018-01-14 14:00:00,outer,outage,degraded_period,weekend,53,0,0,0,0,0,0,0,0,0.0,0.0,0.0
2018-01-14,2018-01-14 15:00:00,core,outage,degraded_period,weekend,53,0,0,0,0,0,0,0,0,0.0,0.0,0.0
2018-01-14,2018-01-14 15:00:00,near,outage,degraded_period,weekend,53,0,0,0,0,0,0,0,0,0.0,0.0,0.0
2018-01-14,2018-01-14 15:00:00,outer,outage,degraded_period,weekend,53,0,0,0,0,0,0,0,0,0.0,0.0,0.0
2018-01-14,2018-01-14 16:00:00,core,outage,degraded_period,weekend,53,1,0,0,0,0,0,0,1,0.0,0.0,0.0
2018-01-14,2018-01-14 16:00:00,near,outage,degraded_period,weekend,53,0,0,0,0,0,0,0,0,0.0,0.0,0.0
2018-01-14,2018-01-14 16:00:00,outer,outage,degraded_period,weekend,53,0,0,0,0,0,0,0,0,0.0,0.0,0.0
2018-01-14,2018-01-14 17:00:00,core,outage,degraded_period,weekend,53,0,0,0,0,0,0,0,0,0.0,0.0,0.0
2018-01-14,2018-01-14 17:00:00,near,outage,degraded_period,weekend,53,0,0,0,0,0,0,0,0,0.0,0.0,0.0
2018-01-14,2018-01-14 17:00:00,outer,outage,degraded_period,weekend,53,0,0,0,0,0,0,0,0,0.0,0.0,0.0
2018-01-14,2018-01-14 18:00:00,core,outage,degraded_period,weekend,53,0,0,0,0,0,0,0,0,0.0,0.0,0.0
2018-01-14,2018-01-14 18:00:00,near,outage,degraded_period,weekend,53,1,0,0,0,0,0,0,1,0.0,0.0,0.0
2018-01-14,2018-01-14 18:00:00,outer,outage,degraded_period,weekend,53,2,0,0,0,0,0,0,2,0.0,0.0,0.0
2018-01-14,2018-01-14 19:00:00,core,outage,degraded_period,weekend,53,0,0,0,0,0,0,0,0,0.0,0.0,0.0
2018-01-14,2018-01-14 19:00:00,near,outage,degraded_period,weekend,53,0,0,0,0,0,0,0,0,0.0,0.0,0.0
2018-01-14,2018-01-14 19:00:00,outer,outage,degraded_period,weekend,53,0,0,0,0,0,0,0,0,0.0,0.0,0.0
2018-01-14,2018-01-14 20:00:00,core,outage,degraded_period,weekend,53,0,0,0,0,0,0,0,0,0.0,0.0,0.0
2018-01-14,2018-01-14 20:00:00,near,outage,degraded_period,weekend,53,0,0,0,0,0,0,0,0,0.0,0.0,0.0
2018-01-14,2018-01-14 20:00:00,outer,outage,degraded_period,weekend,53,0,0,0,0,0,0,0,0,0.0,0.0,0.0
2018-01-14,2018-01-14 21:00:00,core,outage,degraded_period,weekend,53,0,0,0,0,0,0,0,0,0.0,0.0,0.0
2018-01-14,2018-01-14 21:00:00,near,outage,degraded_period,weekend,53,2,0,0,0,0,0,0,2,0.0,0.0,0.0
2018-01-14,2018-01-14 21:00:00,outer,outage,degraded_period,weekend,53,1,0,0,0,0,0,0,1,0.0,0.0,0.0
2018-01-14,2018-01-14 22:00:00,core,outage,degraded_period,weekend,53,0,0,0,0,0,0,0,0,0.0,0.0,0.0
2018-01-14,2018-01-14 22:00:00,near,outage,degraded_period,weekend,53,0,0,0,0,0,0,0,0,0.0,0.0,0.0
2018-01-14,2018-01-14 22:00:00,outer,outage,degraded_period,weekend,53,0,0,0,0,0,0,0,0,0.0,0.0,0.0
2018-01-14,2018-01-14 23:00:00,core,outage,degraded_period,weekend,53,0,0,0,0,0,0,0,0,0.0,0.0,0.0
2018-01-14,2018-01-14 23:00:00,near,outage,degraded_period,weekend,53,6,1,1,0,1,0,0,5,0.16666666666666666,0.0,0.0
2018-01-14,2018-01-14 23:00:00,outer,outage,degraded_period,weekend,53,2,2,2,0,0,2,0,0,1.0,0.0,0.0
2018-01-15,2018-01-15 00:00:00,core,outage,degraded_period,weekday,47,0,0,0,0,0,0,0,0,0.0,0.0,0.0
2018-01-15,2018-01-15 00:00:00,near,outage,degraded_period,weekday,47,1,1,1,0,1,0,0,0,1.0,0.0,0.0
2018-01-15,2018-01-15 00:00:00,outer,outage,degraded_period,weekday,47,2,2,0,1,1,0,2,0,1.0,1.0,1.0
2018-01-15,2018-01-15 01:00:00,core,outage,degraded_period,weekday,47,1,1,0,0,1,0,1,0,1.0,1.0,1.0
2018-01-15,2018-01-15 01:00:00,near,outage,degraded_period,weekday,47,3,0,0,0,0,0,0,3,0.0,0.0,0.0
2018-01-15,2018-01-15 01:00:00,outer,outage,degraded_period,weekday,47,1,0,0,0,0,0,0,1,0.0,0.0,0.0
2018-01-15,2018-01-15 02:00:00,core,outage,degraded_period,weekday,47,0,0,0,0,0,0,0,0,0.0,0.0,0.0
2018-01-15,2018-01-15 02:00:00,near,outage,degraded_period,weekday,47,3,1,1,0,1,0,0,2,0.3333333333333333,0.0,0.0
2018-01-15,2018-01-15 02:00:00,outer,outage,degraded_period,weekday,47,0,0,0,0,0,0,0,0,0.0,0.0,0.0
2018-01-15,2018-01-15 03:00:00,core,outage,degraded_period,weekday,47,0,0,0,0,0,0,0,0,0.0,0.0,0.0
2018-01-15,2018-01-15 03:00:00,near,outage,degraded_period,weekday,47,2,2,2,0,2,0,0,0,1.0,0.0,0.0
2018-01-15,2018-01-15 03:00:00,outer,outage,degraded_period,weekday,47,1,0,0,0,0,0,0,1,0.0,0.0,0.0
2018-01-15,2018-01-15 04:00:00,core,outage,degraded_period,weekday,47,0,0,0,0,0,0,0,0,0.0,0.0,0.0
2018-01-15,2018-01-15 04:00:00,near,outage,degraded_period,weekday,47,3,0,0,0,0,0,0,3,0.0,0.0,0.0
2018-01-15,2018-01-15 04:00:00,outer,outage,degraded_period,weekday,47,0,0,0,0,0,0,0,0,0.0,0.0,0.0
2018-01-15,2018-01-15 05:00:00,core,outage,degraded_period,weekday,47,0,0,0,0,0,0,0,0,0.0,0.0,0.0
2018-01-15,2018-01-15 05:00:00,near,outage,degraded_period,weekday,47,1,0,0,0,0,0,0,1,0.0,0.0,0.0
2018-01-15,2018-01-15 05:00:00,outer,outage,degraded_period,weekday,47,0,0,0,0,0,0,0,0,0.0,0.0,0.0
2018-01-15,2018-01-15 06:00:00,core,outage,degraded_period,weekday,47,0,0,0,0,0,0,0,0,0.0,0.0,0.0
2018-01-15,2018-01-15 06:00:00,near,outage,degraded_period,weekday,47,3,0,0,0,0,0,0,3,0.0,0.0,0.0
2018-01-15,2018-01-15 06:00:00,outer,outage,degraded_period,weekday,47,0,0,0,0,0,0,0,0,0.0,0.0,0.0
2018-01-15,2018-01-15 07:00:00,core,outage,degraded_period,weekday,47,0,0,0,0,0,0,0,0,0.0,0.0,0.0
2018-01-15,2018-01-15 07:00:00,near,outage,degraded_period,weekday,47,0,0,0,0,0,0,0,0,0.0,0.0,0.0
2018-01-15,2018-01-15 07:00:00,outer,outage,degraded_period,weekday,47,0,0,0,0,0,0,0,0,0.0,0.0,0.0
2018-01-15,2018-01-15 08:00:00,core,outage,degraded_period,weekday,47,13,12,11,11,1,0,1,1,0.9230769230769231,0.07692307692307693,0.08333333333333333
2018-01-15,2018-01-15 08:00:00,near,outage,degraded_period,weekday,47,23,21,21,0,21,0,0,2,0.9130434782608695,0.0,0.0
2018-01-15,2018-01-15 08:00:00,outer,outage,degraded_period,weekday,47,8,8,8,0,0,8,0,0,1.0,0.0,0.0
2018-01-15,2018-01-15 09:00:00,core,outage,degraded_period,weekday,47,11,11,11,11,0,0,0,0,1.0,0.0,0.0
2018-01-15,2018-01-15 09:00:00,near,outage,degraded_period,weekday,47,23,23,20,3,20,0,3,0,1.0,0.13043478260869565,0.13043478260869565
2018-01-15,2018-01-15 09:00:00,outer,outage,degraded_period,weekday,47,8,8,5,2,1,5,3,0,1.0,0.375,0.375
2018-01-15,2018-01-15 10:00:00,core,outage,degraded_period,weekday,47,17,17,14,14,3,0,3,0,1.0,0.17647058823529413,0.17647058823529413
2018-01-15,2018-01-15 10:00:00,near,outage,degraded_period,weekday,47,22,21,20,1,20,0,1,1,0.9545454545454546,0.045454545454545456,0.047619047619047616
2018-01-15,2018-01-15 10:00:00,outer,outage,degraded_period,weekday,47,5,5,4,0,1,4,1,0,1.0,0.2,0.2
2018-01-15,2018-01-15 11:00:00,core,outage,degraded_period,weekday,47,15,15,13,13,2,0,2,0,1.0,0.13333333333333333,0.13333333333333333
2018-01-15,2018-01-15 11:00:00,near,outage,degraded_period,weekday,47,25,24,23,1,23,0,1,1,0.96,0.04,0.041666666666666664
2018-01-15,2018-01-15 11:00:00,outer,outage,degraded_period,weekday,47,4,4,4,0,0,4,0,0,1.0,0.0,0.0
2018-01-15,2018-01-15 12:00:00,core,outage,degraded_period,weekday,47,14,14,14,14,0,0,0,0,1.0,0.0,0.0
2018-01-15,2018-01-15 12:00:00,near,outage,degraded_period,weekday,47,26,25,23,0,23,2,2,1,0.9615384615384616,0.07692307692307693,0.08
2018-01-15,2018-01-15 12:00:00,outer,outage,degraded_period,weekday,47,4,4,4,0,0,4,0,0,1.0,0.0,0.0
2018-01-15,2018-01-15 13:00:00,core,outage,degraded_period,weekday,47,14,14,12,12,2,0,2,0,1.0,0.14285714285714285,0.14285714285714285
2018-01-15,2018-01-15 13:00:00,near,outage,degraded_period,weekday,47,24,23,22,1,22,0,1,1,0.9583333333333334,0.041666666666666664,0.043478260869565216
2018-01-15,2018-01-15 13:00:00,outer,outage,degraded_period,weekday,47,6,5,4,0,1,4,1,1,0.8333333333333334,0.16666666666666666,0.2
2018-01-15,2018-01-15 14:00:00,core,outage,degraded_period,weekday,47,13,13,8,8,4,1,5,0,1.0,0.38461538461538464,0.38461538461538464
2018-01-15,2018-01-15 14:00:00,near,outage,degraded_period,weekday,47,26,25,24,1,24,0,1,1,0.9615384615384616,0.038461538461538464,0.04
2018-01-15,2018-01-15 14:00:00,outer,outage,degraded_period,weekday,47,4,4,4,0,0,4,0,0,1.0,0.0,0.0
2018-01-15,2018-01-15 15:00:00,core,outage,degraded_period,weekday,47,9,9,9,9,0,0,0,0,1.0,0.0,0.0
2018-01-15,2018-01-15 15:00:00,near,outage,degraded_period,weekday,47,28,26,20,5,20,1,6,2,0.9285714285714286,0.21428571428571427,0.23076923076923078
2018-01-15,2018-01-15 15:00:00,outer,outage,degraded_period,weekday,47,5,5,5,0,0,5,0,0,1.0,0.0,0.0
2018-01-15,2018-01-15 16:00:00,core,outage,degraded_period,weekday,47,14,14,13,13,0,1,1,0,1.0,0.07142857142857142,0.07142857142857142
2018-01-15,2018-01-15 16:00:00,near,outage,degraded_period,weekday,47,20,20,20,0,20,0,0,0,1.0,0.0,0.0
2018-01-15,2018-01-15 16:00:00,outer,outage,degraded_period,weekday,47,6,6,6,0,0,6,0,0,1.0,0.0,0.0
2018-01-15,2018-01-15 17:00:00,core,outage,degraded_period,weekday,47,13,13,13,13,0,0,0,0,1.0,0.0,0.0
2018-01-15,2018-01-15 17:00:00,near,outage,degraded_period,weekday,47,22,21,21,0,21,0,0,1,0.9545454545454546,0.0,0.0
2018-01-15,2018-01-15 17:00:00,outer,outage,degraded_period,weekday,47,7,7,5,0,2,5,2,0,1.0,0.2857142857142857,0.2857142857142857
2018-01-15,2018-01-15 18:00:00,core,outage,degraded_period,weekday,47,13,13,7,7,6,0,6,0,1.0,0.46153846153846156,0.46153846153846156
2018-01-15,2018-01-15 18:00:00,near,outage,degraded_period,weekday,47,24,24,22,2,22,0,2,0,1.0,0.08333333333333333,0.08333333333333333
2018-01-15,2018-01-15 18:00:00,outer,outage,degraded_period,weekday,47,5,5,4,0,1,4,1,0,1.0,0.2,0.2
2018-01-15,2018-01-15 19:00:00,core,outage,degraded_period,weekday,47,9,9,5,5,4,0,4,0,1.0,0.4444444444444444,0.4444444444444444
2018-01-15,2018-01-15 19:00:00,near,outage,degraded_period,weekday,47,29,27,24,3,24,0,3,2,0.9310344827586207,0.10344827586206896,0.1111111111111111
2018-01-15,2018-01-15 19:00:00,outer,outage,degraded_period,weekday,47,4,4,4,0,0,4,0,0,1.0,0.0,0.0
2018-01-15,2018-01-15 20:00:00,core,outage,degraded_period,weekday,47,8,8,8,8,0,0,0,0,1.0,0.0,0.0
2018-01-15,2018-01-15 20:00:00,near,outage,degraded_period,weekday,47,28,28,22,6,22,0,6,0,1.0,0.21428571428571427,0.21428571428571427
2018-01-15,2018-01-15 20:00:00,outer,outage,degraded_period,weekday,47,4,4,4,0,0,4,0,0,1.0,0.0,0.0
2018-01-15,2018-01-15 21:00:00,core,outage,degraded_period,weekday,47,14,14,13,13,1,0,1,0,1.0,0.07142857142857142,0.07142857142857142
2018-01-15,2018-01-15 21:00:00,near,outage,degraded_period,weekday,47,24,22,20,2,20,0,2,2,0.9166666666666666,0.08333333333333333,0.09090909090909091
2018-01-15,2018-01-15 21:00:00,outer,outage,degraded_period,weekday,47,4,4,4,0,0,4,0,0,1.0,0.0,0.0
2018-01-15,2018-01-15 22:00:00,core,outage,degraded_period,weekday,47,15,15,11,11,4,0,4,0,1.0,0.26666666666666666,0.26666666666666666
2018-01-15,2018-01-15 22:00:00,near,outage,degraded_period,weekday,47,21,21,20,1,20,0,1,0,1.0,0.047619047619047616,0.047619047619047616
2018-01-15,2018-01-15 22:00:00,outer,outage,degraded_period,weekday,47,4,4,3,1,0,3,1,0,1.0,0.25,0.25
2018-01-15,2018-01-15 23:00:00,core,outage,degraded_period,weekday,47,13,13,13,13,0,0,0,0,1.0,0.0,0.0
2018-01-15,2018-01-15 23:00:00,near,outage,degraded_period,weekday,47,25,25,23,2,23,0,2,0,1.0,0.08,0.08
2018-01-15,2018-01-15 23:00:00,outer,outage,degraded_period,weekday,47,3,3,3,0,0,3,0,0,1.0,0.0,0.0
2018-01-16,2018-01-16 00:00:00,core,outage,degraded_period,weekday,53,15,15,15,15,0,0,0,0,1.0,0.0,0.0
2018-01-16,2018-01-16 00:00:00,near,outage,degraded_period,weekday,53,23,18,18,0,18,0,0,5,0.782608695652174,0.0,0.0
2018-01-16,2018-01-16 00:00:00,outer,outage,degraded_period,weekday,53,3,3,3,0,0,3,0,0,1.0,0.0,0.0
2018-01-16,2018-01-16 01:00:00,core,outage,degraded_period,weekday,53,15,15,13,13,2,0,2,0,1.0,0.13333333333333333,0.13333333333333333
2018-01-16,2018-01-16 01:00:00,near,outage,degraded_period,weekday,53,19,19,19,0,19,0,0,0,1.0,0.0,0.0
2018-01-16,2018-01-16 01:00:00,outer,outage,degraded_period,weekday,53,3,3,3,0,0,3,0,0,1.0,0.0,0.0
2018-01-16,2018-01-16 02:00:00,core,outage,degraded_period,weekday,53,13,13,12,12,1,0,1,0,1.0,0.07692307692307693,0.07692307692307693
2018-01-16,2018-01-16 02:00:00,near,outage,degraded_period,weekday,53,27,26,23,2,23,1,3,1,0.9629629629629629,0.1111111111111111,0.11538461538461539
2018-01-16,2018-01-16 02:00:00,outer,outage,degraded_period,weekday,53,3,3,3,0,0,3,0,0,1.0,0.0,0.0
2018-01-16,2018-01-16 03:00:00,core,outage,degraded_period,weekday,53,14,14,13,13,1,0,1,0,1.0,0.07142857142857142,0.07142857142857142
2018-01-16,2018-01-16 03:00:00,near,outage,degraded_period,weekday,53,24,24,24,0,24,0,0,0,1.0,0.0,0.0
2018-01-16,2018-01-16 03:00:00,outer,outage,degraded_period,weekday,53,5,5,5,0,0,5,0,0,1.0,0.0,0.0
2018-01-16,2018-01-16 04:00:00,core,outage,degraded_period,weekday,53,13,13,13,13,0,0,0,0,1.0,0.0,0.0
2018-01-16,2018-01-16 04:00:00,near,outage,degraded_period,weekday,53,25,25,23,2,23,0,2,0,1.0,0.08,0.08
2018-01-16,2018-01-16 04:00:00,outer,outage,degraded_period,weekday,53,6,6,5,0,1,5,1,0,1.0,0.16666666666666666,0.16666666666666666
2018-01-16,2018-01-16 05:00:00,core,outage,degraded_period,weekday,53,15,15,15,15,0,0,0,0,1.0,0.0,0.0
2018-01-16,2018-01-16 05:00:00,near,outage,degraded_period,weekday,53,25,24,24,0,24,0,0,1,0.96,0.0,0.0
2018-01-16,2018-01-16 05:00:00,outer,outage,degraded_period,weekday,53,5,5,5,0,0,5,0,0,1.0,0.0,0.0
2018-01-16,2018-01-16 06:00:00,core,outage,degraded_period,weekday,53,15,15,7,7,5,3,8,0,1.0,0.5333333333333333,0.5333333333333333
2018-01-16,2018-01-16 06:00:00,near,outage,degraded_period,weekday,53,24,24,24,0,24,0,0,0,1.0,0.0,0.0
2018-01-16,2018-01-16 06:00:00,outer,outage,degraded_period,weekday,53,5,5,4,0,1,4,1,0,1.0,0.2,0.2
2018-01-16,2018-01-16 07:00:00,core,outage,degraded_period,weekday,53,7,7,6,6,0,1,1,0,1.0,0.14285714285714285,0.14285714285714285
2018-01-16,2018-01-16 07:00:00,near,outage,degraded_period,weekday,53,30,29,27,1,27,1,2,1,0.9666666666666667,0.06666666666666667,0.06896551724137931
2018-01-16,2018-01-16 07:00:00,outer,outage,degraded_period,weekday,53,8,7,3,0,4,3,4,1,0.875,0.5,0.5714285714285714
2018-01-16,2018-01-16 08:00:00,core,outage,degraded_period,weekday,53,7,7,7,7,0,0,0,0,1.0,0.0,0.0
2018-01-16,2018-01-16 08:00:00,near,outage,degraded_period,weekday,53,32,31,25,2,25,4,6,1,0.96875,0.1875,0.1935483870967742
2018-01-16,2018-01-16 08:00:00,outer,outage,degraded_period,weekday,53,5,5,2,1,2,2,3,0,1.0,0.6,0.6
2018-01-16,2018-01-16 09:00:00,core,outage,degraded_period,weekday,53,12,12,10,10,1,1,2,0,1.0,0.16666666666666666,0.16666666666666666
2018-01-16,2018-01-16 09:00:00,near,outage,degraded_period,weekday,53,27,26,23,1,23,2,3,1,0.9629629629629629,0.1111111111111111,0.11538461538461539
2018-01-16,2018-01-16 09:00:00,outer,outage,degraded_period,weekday,53,6,6,4,2,0,4,2,0,1.0,0.3333333333333333,0.3333333333333333
2018-01-16,2018-01-16 10:00:00,core,outage,degraded_period,weekday,53,13,13,13,13,0,0,0,0,1.0,0.0,0.0
2018-01-16,2018-01-16 10:00:00,near,outage,degraded_period,weekday,53,24,23,23,0,23,0,0,1,0.9583333333333334,0.0,0.0
2018-01-16,2018-01-16 10:00:00,outer,outage,degraded_period,weekday,53,8,7,5,2,0,5,2,1,0.875,0.25,0.2857142857142857
2018-01-16,2018-01-16 11:00:00,core,outage,degraded_period,weekday,53,15,15,14,14,1,0,1,0,1.0,0.06666666666666667,0.06666666666666667
2018-01-16,2018-01-16 11:00:00,near,outage,degraded_period,weekday,53,24,23,22,0,22,1,1,1,0.9583333333333334,0.041666666666666664,0.043478260869565216
2018-01-16,2018-01-16 11:00:00,outer,outage,degraded_period,weekday,53,5,5,5,0,0,5,0,0,1.0,0.0,0.0
2018-01-16,2018-01-16 12:00:00,core,outage,degraded_period,weekday,53,14,14,14,14,0,0,0,0,1.0,0.0,0.0
2018-01-16,2018-01-16 12:00:00,near,outage,degraded_period,weekday,53,23,23,22,1,22,0,1,0,1.0,0.043478260869565216,0.043478260869565216
2018-01-16,2018-01-16 12:00:00,outer,outage,degraded_period,weekday,53,6,6,5,1,0,5,1,0,1.0,0.16666666666666666,0.16666666666666666
2018-01-16,2018-01-16 13:00:00,core,outage,degraded_period,weekday,53,16,16,15,15,1,0,1,0,1.0,0.0625,0.0625
2018-01-16,2018-01-16 13:00:00,near,outage,degraded_period,weekday,53,22,22,20,2,20,0,2,0,1.0,0.09090909090909091,0.09090909090909091
2018-01-16,2018-01-16 13:00:00,outer,outage,degraded_period,weekday,53,6,5,5,0,0,5,0,1,0.8333333333333334,0.0,0.0
2018-01-16,2018-01-16 14:00:00,core,outage,degraded_period,weekday,53,17,17,15,15,2,0,2,0,1.0,0.11764705882352941,0.11764705882352941
2018-01-16,2018-01-16 14:00:00,near,outage,degraded_period,weekday,53,22,22,21,1,21,0,1,0,1.0,0.045454545454545456,0.045454545454545456
2018-01-16,2018-01-16 14:00:00,outer,outage,degraded_period,weekday,53,5,5,3,0,2,3,2,0,1.0,0.4,0.4
2018-01-16,2018-01-16 15:00:00,core,outage,degraded_period,weekday,53,16,16,13,13,3,0,3,0,1.0,0.1875,0.1875
2018-01-16,2018-01-16 15:00:00,near,outage,degraded_period,weekday,53,25,24,23,1,23,0,1,1,0.96,0.04,0.041666666666666664
2018-01-16,2018-01-16 15:00:00,outer,outage,degraded_period,weekday,53,4,4,3,1,0,3,1,0,1.0,0.25,0.25
2018-01-16,2018-01-16 16:00:00,core,outage,degraded_period,weekday,53,15,15,14,14,1,0,1,0,1.0,0.06666666666666667,0.06666666666666667
2018-01-16,2018-01-16 16:00:00,near,outage,degraded_period,weekday,53,27,26,22,3,22,1,4,1,0.9629629629629629,0.14814814814814814,0.15384615384615385
2018-01-16,2018-01-16 16:00:00,outer,outage,degraded_period,weekday,53,3,3,3,0,0,3,0,0,1.0,0.0,0.0
2018-01-16,2018-01-16 17:00:00,core,outage,degraded_period,weekday,53,17,17,16,16,1,0,1,0,1.0,0.058823529411764705,0.058823529411764705
2018-01-16,2018-01-16 17:00:00,near,outage,degraded_period,weekday,53,23,23,21,2,21,0,2,0,1.0,0.08695652173913043,0.08695652173913043
2018-01-16,2018-01-16 17:00:00,outer,outage,degraded_period,weekday,53,4,3,3,0,0,3,0,1,0.75,0.0,0.0
2018-01-16,2018-01-16 18:00:00,core,outage,degraded_period,weekday,53,18,18,14,14,4,0,4,0,1.0,0.2222222222222222,0.2222222222222222
2018-01-16,2018-01-16 18:00:00,near,outage,degraded_period,weekday,53,24,22,22,0,22,0,0,2,0.9166666666666666,0.0,0.0
2018-01-16,2018-01-16 18:00:00,outer,outage,degraded_period,weekday,53,3,3,3,0,0,3,0,0,1.0,0.0,0.0
2018-01-16,2018-01-16 19:00:00,core,outage,degraded_period,weekday,53,14,14,14,14,0,0,0,0,1.0,0.0,0.0
2018-01-16,2018-01-16 19:00:00,near,outage,degraded_period,weekday,53,27,27,21,2,21,4,6,0,1.0,0.2222222222222222,0.2222222222222222
2018-01-16,2018-01-16 19:00:00,outer,outage,degraded_period,weekday,53,4,4,4,0,0,4,0,0,1.0,0.0,0.0
2018-01-16,2018-01-16 20:00:00,core,outage,degraded_period,weekday,53,16,16,16,16,0,0,0,0,1.0,0.0,0.0
2018-01-16,2018-01-16 20:00:00,near,outage,degraded_period,weekday,53,22,21,21,0,21,0,0,1,0.9545454545454546,0.0,0.0
2018-01-16,2018-01-16 20:00:00,outer,outage,degraded_period,weekday,53,8,7,7,0,0,7,0,1,0.875,0.0,0.0
2018-01-16,2018-01-16 21:00:00,core,outage,degraded_period,weekday,53,16,16,16,16,0,0,0,0,1.0,0.0,0.0
2018-01-16,2018-01-16 21:00:00,near,outage,degraded_period,weekday,53,21,20,20,0,20,0,0,1,0.9523809523809523,0.0,0.0
2018-01-16,2018-01-16 21:00:00,outer,outage,degraded_period,weekday,53,7,4,3,0,1,3,1,3,0.5714285714285714,0.14285714285714285,0.25
2018-01-16,2018-01-16 22:00:00,core,outage,degraded_period,weekday,53,16,16,16,16,0,0,0,0,1.0,0.0,0.0
2018-01-16,2018-01-16 22:00:00,near,outage,degraded_period,weekday,53,21,21,21,0,21,0,0,0,1.0,0.0,0.0
2018-01-16,2018-01-16 22:00:00,outer,outage,degraded_period,weekday,53,3,3,3,0,0,3,0,0,1.0,0.0,0.0
2018-01-16,2018-01-16 23:00:00,core,outage,degraded_period,weekday,53,16,16,16,16,0,0,0,0,1.0,0.0,0.0
2018-01-16,2018-01-16 23:00:00,near,outage,degraded_period,weekday,53,21,21,20,0,20,1,1,0,1.0,0.047619047619047616,0.047619047619047616
2018-01-16,2018-01-16 23:00:00,outer,outage,degraded_period,weekday,53,3,3,3,0,0,3,0,0,1.0,0.0,0.0
2018-01-17,2018-01-17 00:00:00,core,severe,degraded_period,weekday,48,16,16,16,16,0,0,0,0,1.0,0.0,0.0
2018-01-17,2018-01-17 00:00:00,near,severe,degraded_period,weekday,48,20,19,19,0,19,0,0,1,0.95,0.0,0.0
2018-01-17,2018-01-17 00:00:00,outer,severe,degraded_period,weekday,48,4,4,4,0,0,4,0,0,1.0,0.0,0.0
2018-01-17,2018-01-17 01:00:00,core,severe,degraded_period,weekday,48,16,16,14,14,2,0,2,0,1.0,0.125,0.125
2018-01-17,2018-01-17 01:00:00,near,severe,degraded_period,weekday,48,19,19,19,0,19,0,0,0,1.0,0.0,0.0
2018-01-17,2018-01-17 01:00:00,outer,severe,degraded_period,weekday,48,5,4,4,0,0,4,0,1,0.8,0.0,0.0
2018-01-17,2018-01-17 02:00:00,core,severe,degraded_period,weekday,48,14,14,14,14,0,0,0,0,1.0,0.0,0.0
2018-01-17,2018-01-17 02:00:00,near,severe,degraded_period,weekday,48,22,22,20,2,20,0,2,0,1.0,0.09090909090909091,0.09090909090909091
2018-01-17,2018-01-17 02:00:00,outer,severe,degraded_period,weekday,48,5,4,3,0,1,3,1,1,0.8,0.2,0.25
2018-01-17,2018-01-17 03:00:00,core,severe,degraded_period,weekday,48,16,16,12,12,3,1,4,0,1.0,0.25,0.25
2018-01-17,2018-01-17 03:00:00,near,severe,degraded_period,weekday,48,22,20,19,0,19,1,1,2,0.9090909090909091,0.045454545454545456,0.05
2018-01-17,2018-01-17 03:00:00,outer,severe,degraded_period,weekday,48,3,3,3,0,0,3,0,0,1.0,0.0,0.0
2018-01-17,2018-01-17 04:00:00,core,severe,degraded_period,weekday,48,12,12,12,12,0,0,0,0,1.0,0.0,0.0
2018-01-17,2018-01-17 04:00:00,near,severe,degraded_period,weekday,48,22,22,20,2,20,0,2,0,1.0,0.09090909090909091,0.09090909090909091
2018-01-17,2018-01-17 04:00:00,outer,severe,degraded_period,weekday,48,5,5,5,0,0,5,0,0,1.0,0.0,0.0
2018-01-17,2018-01-17 05:00:00,core,severe,degraded_period,weekday,48,14,14,14,14,0,0,0,0,1.0,0.0,0.0
2018-01-17,2018-01-17 05:00:00,near,severe,degraded_period,weekday,48,20,19,19,0,19,0,0,1,0.95,0.0,0.0
2018-01-17,2018-01-17 05:00:00,outer,severe,degraded_period,weekday,48,6,5,3,2,0,3,2,1,0.8333333333333334,0.3333333333333333,0.4
2018-01-17,2018-01-17 06:00:00,core,severe,degraded_period,weekday,48,16,16,14,14,2,0,2,0,1.0,0.125,0.125
2018-01-17,2018-01-17 06:00:00,near,severe,degraded_period,weekday,48,20,17,16,1,16,0,1,3,0.85,0.05,0.058823529411764705
2018-01-17,2018-01-17 06:00:00,outer,severe,degraded_period,weekday,48,3,2,2,0,0,2,0,1,0.6666666666666666,0.0,0.0
2018-01-17,2018-01-17 07:00:00,core,severe,degraded_period,weekday,48,15,15,14,14,1,0,1,0,1.0,0.06666666666666667,0.06666666666666667
2018-01-17,2018-01-17 07:00:00,near,severe,degraded_period,weekday,48,19,19,17,1,17,1,2,0,1.0,0.10526315789473684,0.10526315789473684
2018-01-17,2018-01-17 07:00:00,outer,severe,degraded_period,weekday,48,2,2,2,0,0,2,0,0,1.0,0.0,0.0
2018-01-17,2018-01-17 08:00:00,core,severe,degraded_period,weekday,48,15,15,15,15,0,0,0,0,1.0,0.0,0.0
2018-01-17,2018-01-17 08:00:00,near,severe,degraded_period,weekday,48,19,19,19,0,19,0,0,0,1.0,0.0,0.0
2018-01-17,2018-01-17 08:00:00,outer,severe,degraded_period,weekday,48,3,3,3,0,0,3,0,0,1.0,0.0,0.0
2018-01-17,2018-01-17 09:00:00,core,severe,degraded_period,weekday,48,15,15,12,12,3,0,3,0,1.0,0.2,0.2
2018-01-17,2018-01-17 09:00:00,near,severe,degraded_period,weekday,48,19,19,18,1,18,0,1,0,1.0,0.05263157894736842,0.05263157894736842
2018-01-17,2018-01-17 09:00:00,outer,severe,degraded_period,weekday,48,3,3,3,0,0,3,0,0,1.0,0.0,0.0
2018-01-17,2018-01-17 10:00:00,core,severe,degraded_period,weekday,48,13,13,8,8,5,0,5,0,1.0,0.38461538461538464,0.38461538461538464
2018-01-17,2018-01-17 10:00:00,near,severe,degraded_period,weekday,48,23,17,15,1,15,1,2,6,0.7391304347826086,0.08695652173913043,0.11764705882352941
2018-01-17,2018-01-17 10:00:00,outer,severe,degraded_period,weekday,48,3,3,3,0,0,3,0,0,1.0,0.0,0.0
2018-01-17,2018-01-17 11:00:00,core,severe,degraded_period,weekday,48,9,8,7,7,1,0,1,1,0.8888888888888888,0.1111111111111111,0.125
2018-01-17,2018-01-17 11:00:00,near,severe,degraded_period,weekday,48,20,17,13,4,13,0,4,3,0.85,0.2,0.23529411764705882
2018-01-17,2018-01-17 11:00:00,outer,severe,degraded_period,weekday,48,4,4,4,0,0,4,0,0,1.0,0.0,0.0
2018-01-17,2018-01-17 12:00:00,core,severe,degraded_period,weekday,48,12,11,11,11,0,0,0,1,0.9166666666666666,0.0,0.0
2018-01-17,2018-01-17 12:00:00,near,severe,degraded_period,weekday,48,15,11,9,2,9,0,2,4,0.7333333333333333,0.13333333333333333,0.18181818181818182
2018-01-17,2018-01-17 12:00:00,outer,severe,degraded_period,weekday,48,4,4,4,0,0,4,0,0,1.0,0.0,0.0
2018-01-17,2018-01-17 13:00:00,core,severe,degraded_period,weekday,48,13,12,8,8,4,0,4,1,0.9230769230769231,0.3076923076923077,0.3333333333333333
2018-01-17,2018-01-17 13:00:00,near,severe,degraded_period,weekday,48,12,9,7,2,7,0,2,3,0.75,0.16666666666666666,0.2222222222222222
2018-01-17,2018-01-17 13:00:00,outer,severe,degraded_period,weekday,48,5,4,4,0,0,4,0,1,0.8,0.0,0.0
2018-01-17,2018-01-17 14:00:00,core,severe,degraded_period,weekday,48,12,11,7,7,4,0,4,1,0.9166666666666666,0.3333333333333333,0.36363636363636365
2018-01-17,2018-01-17 14:00:00,near,severe,degraded_period,weekday,48,13,11,11,0,11,0,0,2,0.8461538461538461,0.0,0.0
2018-01-17,2018-01-17 14:00:00,outer,severe,degraded_period,weekday,48,4,4,3,0,1,3,1,0,1.0,0.25,0.25
2018-01-17,2018-01-17 15:00:00,core,severe,degraded_period,weekday,48,7,6,6,6,0,0,0,1,0.8571428571428571,0.0,0.0
2018-01-17,2018-01-17 15:00:00,near,severe,degraded_period,weekday,48,20,17,14,3,14,0,3,3,0.85,0.15,0.17647058823529413
2018-01-17,2018-01-17 15:00:00,outer,severe,degraded_period,weekday,48,6,5,5,0,0,5,0,1,0.8333333333333334,0.0,0.0
2018-01-17,2018-01-17 16:00:00,core,severe,degraded_period,weekday,48,10,9,9,9,0,0,0,1,0.9,0.0,0.0
2018-01-17,2018-01-17 16:00:00,near,severe,degraded_period,weekday,48,14,11,7,4,7,0,4,3,0.7857142857142857,0.2857142857142857,0.36363636363636365
2018-01-17,2018-01-17 16:00:00,outer,severe,degraded_period,weekday,48,6,5,3,0,2,3,2,1,0.8333333333333334,0.3333333333333333,0.4
2018-01-17,2018-01-17 17:00:00,core,severe,degraded_period,weekday,48,14,14,12,12,2,0,2,0,1.0,0.14285714285714285,0.14285714285714285
2018-01-17,2018-01-17 17:00:00,near,severe,degraded_period,weekday,48,10,10,7,3,7,0,3,0,1.0,0.3,0.3
2018-01-17,2018-01-17 17:00:00,outer,severe,degraded_period,weekday,48,4,4,3,0,1,3,1,0,1.0,0.25,0.25
2018-01-17,2018-01-17 18:00:00,core,severe,degraded_period,weekday,48,15,15,11,11,4,0,4,0,1.0,0.26666666666666666,0.26666666666666666
2018-01-17,2018-01-17 18:00:00,near,severe,degraded_period,weekday,48,11,11,9,2,9,0,2,0,1.0,0.18181818181818182,0.18181818181818182
2018-01-17,2018-01-17 18:00:00,outer,severe,degraded_period,weekday,48,3,3,2,0,1,2,1,0,1.0,0.3333333333333333,0.3333333333333333
2018-01-17,2018-01-17 19:00:00,core,severe,degraded_period,weekday,48,13,13,10,10,3,0,3,0,1.0,0.23076923076923078,0.23076923076923078
2018-01-17,2018-01-17 19:00:00,near,severe,degraded_period,weekday,48,17,10,9,1,9,0,1,7,0.5882352941176471,0.058823529411764705,0.1
2018-01-17,2018-01-17 19:00:00,outer,severe,degraded_period,weekday,48,2,2,2,0,0,2,0,0,1.0,0.0,0.0
2018-01-17,2018-01-17 20:00:00,core,severe,degraded_period,weekday,48,11,9,9,9,0,0,0,2,0.8181818181818182,0.0,0.0
2018-01-17,2018-01-17 20:00:00,near,severe,degraded_period,weekday,48,13,12,8,1,8,3,4,1,0.9230769230769231,0.3076923076923077,0.3333333333333333
2018-01-17,2018-01-17 20:00:00,outer,severe,degraded_period,weekday,48,2,2,2,0,0,2,0,0,1.0,0.0,0.0
2018-01-17,2018-01-17 21:00:00,core,severe,degraded_period,weekday,48,11,11,11,11,0,0,0,0,1.0,0.0,0.0
2018-01-17,2018-01-17 21:00:00,near,severe,degraded_period,weekday,48,15,12,12,0,12,0,0,3,0.8,0.0,0.0
2018-01-17,2018-01-17 21:00:00,outer,severe,degraded_period,weekday,48,6,6,6,0,0,6,0,0,1.0,0.0,0.0
2018-01-17,2018-01-17 22:00:00,core,severe,degraded_period,weekday,48,13,13,8,8,4,1,5,0,1.0,0.38461538461538464,0.38461538461538464
2018-01-17,2018-01-17 22:00:00,near,severe,degraded_period,weekday,48,14,12,12,0,12,0,0,2,0.8571428571428571,0.0,0.0
2018-01-17,2018-01-17 22:00:00,outer,severe,degraded_period,weekday,48,6,5,4,1,0,4,1,1,0.8333333333333334,0.16666666666666666,0.2
2018-01-17,2018-01-17 23:00:00,core,severe,degraded_period,weekday,48,9,9,9,9,0,0,0,0,1.0,0.0,0.0
2018-01-17,2018-01-17 23:00:00,near,severe,degraded_period,weekday,48,19,18,15,3,15,0,3,1,0.9473684210526315,0.15789473684210525,0.16666666666666666
2018-01-17,2018-01-17 23:00:00,outer,severe,degraded_period,weekday,48,5,5,5,0,0,5,0,0,1.0,0.0,0.0
2018-01-18,2018-01-18 00:00:00,core,severe,degraded_period,weekday,46,12,12,12,12,0,0,0,0,1.0,0.0,0.0
2018-01-18,2018-01-18 00:00:00,near,severe,degraded_period,weekday,46,20,18,16,2,16,0,2,2,0.9,0.1,0.1111111111111111
2018-01-18,2018-01-18 00:00:00,outer,severe,degraded_period,weekday,46,5,5,5,0,0,5,0,0,1.0,0.0,0.0
2018-01-18,2018-01-18 01:00:00,core,severe,degraded_period,weekday,46,15,15,15,15,0,0,0,0,1.0,0.0,0.0
2018-01-18,2018-01-18 01:00:00,near,severe,degraded_period,weekday,46,17,12,12,0,12,0,0,5,0.7058823529411765,0.0,0.0
2018-01-18,2018-01-18 01:00:00,outer,severe,degraded_period,weekday,46,5,4,4,0,0,4,0,1,0.8,0.0,0.0
2018-01-18,2018-01-18 02:00:00,core,severe,degraded_period,weekday,46,15,14,10,10,4,0,4,1,0.9333333333333333,0.26666666666666666,0.2857142857142857
2018-01-18,2018-01-18 02:00:00,near,severe,degraded_period,weekday,46,12,12,12,0,12,0,0,0,1.0,0.0,0.0
2018-01-18,2018-01-18 02:00:00,outer,severe,degraded_period,weekday,46,5,5,3,2,0,3,2,0,1.0,0.4,0.4
2018-01-18,2018-01-18 03:00:00,core,severe,degraded_period,weekday,46,12,12,11,11,0,1,1,0,1.0,0.08333333333333333,0.08333333333333333
2018-01-18,2018-01-18 03:00:00,near,severe,degraded_period,weekday,46,18,17,12,3,12,2,5,1,0.9444444444444444,0.2777777777777778,0.29411764705882354
2018-01-18,2018-01-18 03:00:00,outer,severe,degraded_period,weekday,46,4,4,4,0,0,4,0,0,1.0,0.0,0.0
2018-01-18,2018-01-18 04:00:00,core,severe,degraded_period,weekday,46,14,14,14,14,0,0,0,0,1.0,0.0,0.0
2018-01-18,2018-01-18 04:00:00,near,severe,degraded_period,weekday,46,15,11,11,0,11,0,0,4,0.7333333333333333,0.0,0.0
2018-01-18,2018-01-18 04:00:00,outer,severe,degraded_period,weekday,46,8,7,6,0,1,6,1,1,0.875,0.125,0.14285714285714285
2018-01-18,2018-01-18 05:00:00,core,severe,degraded_period,weekday,46,14,14,13,13,0,1,1,0,1.0,0.07142857142857142,0.07142857142857142
2018-01-18,2018-01-18 05:00:00,near,severe,degraded_period,weekday,46,13,12,10,2,10,0,2,1,0.9230769230769231,0.15384615384615385,0.16666666666666666
2018-01-18,2018-01-18 05:00:00,outer,severe,degraded_period,weekday,46,6,6,5,0,1,5,1,0,1.0,0.16666666666666666,0.16666666666666666
2018-01-18,2018-01-18 06:00:00,core,severe,degraded_period,weekday,46,15,15,12,12,3,0,3,0,1.0,0.2,0.2
2018-01-18,2018-01-18 06:00:00,near,severe,degraded_period,weekday,46,16,12,12,0,12,0,0,4,0.75,0.0,0.0
2018-01-18,2018-01-18 06:00:00,outer,severe,degraded_period,weekday,46,7,7,6,0,1,6,1,0,1.0,0.14285714285714285,0.14285714285714285
2018-01-18,2018-01-18 07:00:00,core,severe,degraded_period,weekday,46,12,11,7,7,4,0,4,1,0.9166666666666666,0.3333333333333333,0.36363636363636365
2018-01-18,2018-01-18 07:00:00,near,severe,degraded_period,weekday,46,17,12,8,4,8,0,4,5,0.7058823529411765,0.23529411764705882,0.3333333333333333
2018-01-18,2018-01-18 07:00:00,outer,severe,degraded_period,weekday,46,6,5,4,0,1,4,1,1,0.8333333333333334,0.16666666666666666,0.2
2018-01-18,2018-01-18 08:00:00,core,severe,degraded_period,weekday,46,11,11,8,8,2,1,3,0,1.0,0.2727272727272727,0.2727272727272727
2018-01-18,2018-01-18 08:00:00,near,severe,degraded_period,weekday,46,16,14,10,4,10,0,4,2,0.875,0.25,0.2857142857142857
2018-01-18,2018-01-18 08:00:00,outer,severe,degraded_period,weekday,46,4,4,4,0,0,4,0,0,1.0,0.0,0.0
2018-01-18,2018-01-18 09:00:00,core,severe,degraded_period,weekday,46,12,12,12,12,0,0,0,0,1.0,0.0,0.0
2018-01-18,2018-01-18 09:00:00,near,severe,degraded_period,weekday,46,15,11,8,2,8,1,3,4,0.7333333333333333,0.2,0.2727272727272727
2018-01-18,2018-01-18 09:00:00,outer,severe,degraded_period,weekday,46,7,7,5,0,2,5,2,0,1.0,0.2857142857142857,0.2857142857142857
2018-01-18,2018-01-18 10:00:00,core,severe,degraded_period,weekday,46,14,13,12,12,1,0,1,1,0.9285714285714286,0.07142857142857142,0.07692307692307693
2018-01-18,2018-01-18 10:00:00,near,severe,degraded_period,weekday,46,11,9,9,0,9,0,0,2,0.8181818181818182,0.0,0.0
2018-01-18,2018-01-18 10:00:00,outer,severe,degraded_period,weekday,46,6,5,5,0,0,5,0,1,0.8333333333333334,0.0,0.0
2018-01-18,2018-01-18 11:00:00,core,severe,degraded_period,weekday,46,12,12,8,8,4,0,4,0,1.0,0.3333333333333333,0.3333333333333333
2018-01-18,2018-01-18 11:00:00,near,severe,degraded_period,weekday,46,12,11,9,1,9,1,2,1,0.9166666666666666,0.16666666666666666,0.18181818181818182
2018-01-18,2018-01-18 11:00:00,outer,severe,degraded_period,weekday,46,6,6,5,0,1,5,1,0,1.0,0.16666666666666666,0.16666666666666666
2018-01-18,2018-01-18 12:00:00,core,severe,degraded_period,weekday,46,10,8,8,8,0,0,0,2,0.8,0.0,0.0
2018-01-18,2018-01-18 12:00:00,near,severe,degraded_period,weekday,46,18,16,14,2,14,0,2,2,0.8888888888888888,0.1111111111111111,0.125
2018-01-18,2018-01-18 12:00:00,outer,severe,degraded_period,weekday,46,7,5,5,0,0,5,0,2,0.7142857142857143,0.0,0.0
2018-01-18,2018-01-18 13:00:00,core,severe,degraded_period,weekday,46,10,10,10,10,0,0,0,0,1.0,0.0,0.0
2018-01-18,2018-01-18 13:00:00,near,severe,degraded_period,weekday,46,17,15,15,0,15,0,0,2,0.8823529411764706,0.0,0.0
2018-01-18,2018-01-18 13:00:00,outer,severe,degraded_period,weekday,46,6,5,4,0,1,4,1,1,0.8333333333333334,0.16666666666666666,0.2
2018-01-18,2018-01-18 14:00:00,core,severe,degraded_period,weekday,46,13,13,10,10,3,0,3,0,1.0,0.23076923076923078,0.23076923076923078
2018-01-18,2018-01-18 14:00:00,near,severe,degraded_period,weekday,46,17,16,15,1,15,0,1,1,0.9411764705882353,0.058823529411764705,0.0625
2018-01-18,2018-01-18 14:00:00,outer,severe,degraded_period,weekday,46,6,4,4,0,0,4,0,2,0.6666666666666666,0.0,0.0
2018-01-18,2018-01-18 15:00:00,core,severe,degraded_period,weekday,46,11,11,10,10,1,0,1,0,1.0,0.09090909090909091,0.09090909090909091
2018-01-18,2018-01-18 15:00:00,near,severe,degraded_period,weekday,46,22,20,18,0,18,2,2,2,0.9090909090909091,0.09090909090909091,0.1
2018-01-18,2018-01-18 15:00:00,outer,severe,degraded_period,weekday,46,5,4,3,1,0,3,1,1,0.8,0.2,0.25
2018-01-18,2018-01-18 16:00:00,core,severe,degraded_period,weekday,46,12,10,10,10,0,0,0,2,0.8333333333333334,0.0,0.0
2018-01-18,2018-01-18 16:00:00,near,severe,degraded_period,weekday,46,21,16,15,1,15,0,1,5,0.7619047619047619,0.047619047619047616,0.0625
2018-01-18,2018-01-18 16:00:00,outer,severe,degraded_period,weekday,46,5,5,3,2,0,3,2,0,1.0,0.4,0.4
2018-01-18,2018-01-18 17:00:00,core,severe,degraded_period,weekday,46,13,13,13,13,0,0,0,0,1.0,0.0,0.0
2018-01-18,2018-01-18 17:00:00,near,severe,degraded_period,weekday,46,17,17,15,1,15,1,2,0,1.0,0.11764705882352941,0.11764705882352941
2018-01-18,2018-01-18 17:00:00,outer,severe,degraded_period,weekday,46,3,3,2,0,1,2,1,0,1.0,0.3333333333333333,0.3333333333333333
2018-01-18,2018-01-18 18:00:00,core,severe,degraded_period,weekday,46,14,14,14,14,0,0,0,0,1.0,0.0,0.0
2018-01-18,2018-01-18 18:00:00,near,severe,degraded_period,weekday,46,22,21,18,3,18,0,3,1,0.9545454545454546,0.13636363636363635,0.14285714285714285
2018-01-18,2018-01-18 18:00:00,outer,severe,degraded_period,weekday,46,3,3,3,0,0,3,0,0,1.0,0.0,0.0
2018-01-18,2018-01-18 19:00:00,core,severe,degraded_period,weekday,46,17,16,12,12,3,1,4,1,0.9411764705882353,0.23529411764705882,0.25
2018-01-18,2018-01-18 19:00:00,near,severe,degraded_period,weekday,46,19,11,8,2,8,1,3,8,0.5789473684210527,0.15789473684210525,0.2727272727272727
2018-01-18,2018-01-18 19:00:00,outer,severe,degraded_period,weekday,46,3,2,2,0,0,2,0,1,0.6666666666666666,0.0,0.0
2018-01-18,2018-01-18 20:00:00,core,severe,degraded_period,weekday,46,14,13,13,13,0,0,0,1,0.9285714285714286,0.0,0.0
2018-01-18,2018-01-18 20:00:00,near,severe,degraded_period,weekday,46,11,9,9,0,9,0,0,2,0.8181818181818182,0.0,0.0
2018-01-18,2018-01-18 20:00:00,outer,severe,degraded_period,weekday,46,5,3,3,0,0,3,0,2,0.6,0.0,0.0
2018-01-18,2018-01-18 21:00:00,core,severe,degraded_period,weekday,46,14,14,14,14,0,0,0,0,1.0,0.0,0.0
2018-01-18,2018-01-18 21:00:00,near,severe,degraded_period,weekday,46,12,10,10,0,10,0,0,2,0.8333333333333334,0.0,0.0
2018-01-18,2018-01-18 21:00:00,outer,severe,degraded_period,weekday,46,3,3,3,0,0,3,0,0,1.0,0.0,0.0
2018-01-18,2018-01-18 22:00:00,core,severe,degraded_period,weekday,46,15,15,11,11,4,0,4,0,1.0,0.26666666666666666,0.26666666666666666
2018-01-18,2018-01-18 22:00:00,near,severe,degraded_period,weekday,46,13,13,13,0,13,0,0,0,1.0,0.0,0.0
2018-01-18,2018-01-18 22:00:00,outer,severe,degraded_period,weekday,46,3,3,3,0,0,3,0,0,1.0,0.0,0.0
2018-01-18,2018-01-18 23:00:00,core,severe,degraded_period,weekday,46,11,9,6,6,3,0,3,2,0.8181818181818182,0.2727272727272727,0.3333333333333333
2018-01-18,2018-01-18 23:00:00,near,severe,degraded_period,weekday,46,21,18,14,3,14,1,4,3,0.8571428571428571,0.19047619047619047,0.2222222222222222
2018-01-18,2018-01-18 23:00:00,outer,severe,degraded_period,weekday,46,3,3,3,0,0,3,0,0,1.0,0.0,0.0
2018-01-19,2018-01-19 00:00:00,core,normal,post_recovery,weekday,52,9,0,0,0,0,0,0,9,0.0,0.0,0.0
2018-01-19,2018-01-19 00:00:00,near,normal,post_recovery,weekday,52,18,6,4,1,4,1,2,12,0.3333333333333333,0.1111111111111111,0.3333333333333333
2018-01-19,2018-01-19 00:00:00,outer,normal,post_recovery,weekday,52,4,3,3,0,0,3,0,1,0.75,0.0,0.0
2018-01-19,2018-01-19 01:00:00,core,normal,post_recovery,weekday,52,1,0,0,0,0,0,0,1,0.0,0.0,0.0
2018-01-19,2018-01-19 01:00:00,near,normal,post_recovery,weekday,52,5,4,4,0,4,0,0,1,0.8,0.0,0.0
2018-01-19,2018-01-19 01:00:00,outer,normal,post_recovery,weekday,52,4,3,3,0,0,3,0,1,0.75,0.0,0.0
2018-01-19,2018-01-19 02:00:00,core,normal,post_recovery,weekday,52,0,0,0,0,0,0,0,0,0.0,0.0,0.0
2018-01-19,2018-01-19 02:00:00,near,normal,post_recovery,weekday,52,4,1,1,0,1,0,0,3,0.25,0.0,0.0
2018-01-19,2018-01-19 02:00:00,outer,normal,post_recovery,weekday,52,3,2,2,0,0,2,0,1,0.6666666666666666,0.0,0.0
2018-01-19,2018-01-19 03:00:00,core,normal,post_recovery,weekday,52,2,0,0,0,0,0,0,2,0.0,0.0,0.0
2018-01-19,2018-01-19 03:00:00,near,normal,post_recovery,weekday,52,1,0,0,0,0,0,0,1,0.0,0.0,0.0
2018-01-19,2018-01-19 03:00:00,outer,normal,post_recovery,weekday,52,2,2,2,0,0,2,0,0,1.0,0.0,0.0
2018-01-19,2018-01-19 04:00:00,core,normal,post_recovery,weekday,52,5,2,2,2,0,0,0,3,0.4,0.0,0.0
2018-01-19,2018-01-19 04:00:00,near,normal,post_recovery,weekday,52,4,0,0,0,0,0,0,4,0.0,0.0,0.0
2018-01-19,2018-01-19 04:00:00,outer,normal,post_recovery,weekday,52,2,2,2,0,0,2,0,0,1.0,0.0,0.0
2018-01-19,2018-01-19 05:00:00,core,normal,post_recovery,weekday,52,2,2,2,2,0,0,0,0,1.0,0.0,0.0
2018-01-19,2018-01-19 05:00:00,near,normal,post_recovery,weekday,52,2,2,2,0,2,0,0,0,1.0,0.0,0.0
2018-01-19,2018-01-19 05:00:00,outer,normal,post_recovery,weekday,52,3,3,2,0,1,2,1,0,1.0,0.3333333333333333,0.3333333333333333
2018-01-19,2018-01-19 06:00:00,core,normal,post_recovery,weekday,52,14,14,11,11,2,1,3,0,1.0,0.21428571428571427,0.21428571428571427
2018-01-19,2018-01-19 06:00:00,near,normal,post_recovery,weekday,52,12,11,10,0,10,1,1,1,0.9166666666666666,0.08333333333333333,0.09090909090909091
2018-01-19,2018-01-19 06:00:00,outer,normal,post_recovery,weekday,52,3,3,3,0,0,3,0,0,1.0,0.0,0.0
2018-01-19,2018-01-19 07:00:00,core,normal,post_recovery,weekday,52,12,12,10,10,2,0,2,0,1.0,0.16666666666666666,0.16666666666666666
2018-01-19,2018-01-19 07:00:00,near,normal,post_recovery,weekday,52,18,17,15,2,15,0,2,1,0.9444444444444444,0.1111111111111111,0.11764705882352941
2018-01-19,2018-01-19 07:00:00,outer,normal,post_recovery,weekday,52,5,3,3,0,0,3,0,2,0.6,0.0,0.0
2018-01-19,2018-01-19 08:00:00,core,normal,post_recovery,weekday,52,12,12,12,12,0,0,0,0,1.0,0.0,0.0
2018-01-19,2018-01-19 08:00:00,near,normal,post_recovery,weekday,52,21,21,20,1,20,0,1,0,1.0,0.047619047619047616,0.047619047619047616
2018-01-19,2018-01-19 08:00:00,outer,normal,post_recovery,weekday,52,3,3,3,0,0,3,0,0,1.0,0.0,0.0
2018-01-19,2018-01-19 09:00:00,core,normal,post_recovery,weekday,52,13,13,11,11,2,0,2,0,1.0,0.15384615384615385,0.15384615384615385
2018-01-19,2018-01-19 09:00:00,near,normal,post_recovery,weekday,52,20,20,19,1,19,0,1,0,1.0,0.05,0.05
2018-01-19,2018-01-19 09:00:00,outer,normal,post_recovery,weekday,52,4,4,4,0,0,4,0,0,1.0,0.0,0.0
2018-01-19,2018-01-19 10:00:00,core,normal,post_recovery,weekday,52,13,13,11,11,2,0,2,0,1.0,0.15384615384615385,0.15384615384615385
2018-01-19,2018-01-19 10:00:00,near,normal,post_recovery,weekday,52,21,21,19,2,19,0,2,0,1.0,0.09523809523809523,0.09523809523809523
2018-01-19,2018-01-19 10:00:00,outer,normal,post_recovery,weekday,52,5,5,2,2,1,2,3,0,1.0,0.6,0.6
2018-01-19,2018-01-19 11:00:00,core,normal,post_recovery,weekday,52,15,15,14,14,1,0,1,0,1.0,0.06666666666666667,0.06666666666666667
2018-01-19,2018-01-19 11:00:00,near,normal,post_recovery,weekday,52,22,21,19,0,19,2,2,1,0.9545454545454546,0.09090909090909091,0.09523809523809523
2018-01-19,2018-01-19 11:00:00,outer,normal,post_recovery,weekday,52,2,2,2,0,0,2,0,0,1.0,0.0,0.0
2018-01-19,2018-01-19 12:00:00,core,normal,post_recovery,weekday,52,14,14,14,14,0,0,0,0,1.0,0.0,0.0
2018-01-19,2018-01-19 12:00:00,near,normal,post_recovery,weekday,52,20,20,19,0,19,1,1,0,1.0,0.05,0.05
2018-01-19,2018-01-19 12:00:00,outer,normal,post_recovery,weekday,52,5,5,5,0,0,5,0,0,1.0,0.0,0.0
2018-01-19,2018-01-19 13:00:00,core,normal,post_recovery,weekday,52,14,14,10,10,4,0,4,0,1.0,0.2857142857142857,0.2857142857142857
2018-01-19,2018-01-19 13:00:00,near,normal,post_recovery,weekday,52,20,20,19,1,19,0,1,0,1.0,0.05,0.05
2018-01-19,2018-01-19 13:00:00,outer,normal,post_recovery,weekday,52,6,5,5,0,0,5,0,1,0.8333333333333334,0.0,0.0
2018-01-19,2018-01-19 14:00:00,core,normal,post_recovery,weekday,52,11,11,10,10,1,0,1,0,1.0,0.09090909090909091,0.09090909090909091
2018-01-19,2018-01-19 14:00:00,near,normal,post_recovery,weekday,52,23,23,20,2,20,1,3,0,1.0,0.13043478260869565,0.13043478260869565
2018-01-19,2018-01-19 14:00:00,outer,normal,post_recovery,weekday,52,5,5,5,0,0,5,0,0,1.0,0.0,0.0
2018-01-19,2018-01-19 15:00:00,core,normal,post_recovery,weekday,52,12,12,11,11,0,1,1,0,1.0,0.08333333333333333,0.08333333333333333
2018-01-19,2018-01-19 15:00:00,near,normal,post_recovery,weekday,52,22,21,19,2,19,0,2,1,0.9545454545454546,0.09090909090909091,0.09523809523809523
2018-01-19,2018-01-19 15:00:00,outer,normal,post_recovery,weekday,52,6,6,5,0,1,5,1,0,1.0,0.16666666666666666,0.16666666666666666
2018-01-19,2018-01-19 16:00:00,core,normal,post_recovery,weekday,52,13,13,13,13,0,0,0,0,1.0,0.0,0.0
2018-01-19,2018-01-19 16:00:00,near,normal,post_recovery,weekday,52,20,20,19,1,19,0,1,0,1.0,0.05,0.05
2018-01-19,2018-01-19 16:00:00,outer,normal,post_recovery,weekday,52,7,7,7,0,0,7,0,0,1.0,0.0,0.0
2018-01-19,2018-01-19 17:00:00,core,normal,post_recovery,weekday,52,14,14,14,14,0,0,0,0,1.0,0.0,0.0
2018-01-19,2018-01-19 17:00:00,near,normal,post_recovery,weekday,52,19,19,19,0,19,0,0,0,1.0,0.0,0.0
2018-01-19,2018-01-19 17:00:00,outer,normal,post_recovery,weekday,52,7,7,6,0,1,6,1,0,1.0,0.14285714285714285,0.14285714285714285
2018-01-19,2018-01-19 18:00:00,core,normal,post_recovery,weekday,52,14,14,14,14,0,0,0,0,1.0,0.0,0.0
2018-01-19,2018-01-19 18:00:00,near,normal,post_recovery,weekday,52,22,20,20,0,20,0,0,2,0.9090909090909091,0.0,0.0
2018-01-19,2018-01-19 18:00:00,outer,normal,post_recovery,weekday,52,7,7,5,0,2,5,2,0,1.0,0.2857142857142857,0.2857142857142857
2018-01-19,2018-01-19 19:00:00,core,normal,post_recovery,weekday,52,14,14,14,14,0,0,0,0,1.0,0.0,0.0
2018-01-19,2018-01-19 19:00:00,near,normal,post_recovery,weekday,52,22,21,18,1,18,2,3,1,0.9545454545454546,0.13636363636363635,0.14285714285714285
2018-01-19,2018-01-19 19:00:00,outer,normal,post_recovery,weekday,52,5,5,3,1,1,3,2,0,1.0,0.4,0.4
2018-01-19,2018-01-19 20:00:00,core,normal,post_recovery,weekday,52,16,16,15,15,0,1,1,0,1.0,0.0625,0.0625
2018-01-19,2018-01-19 20:00:00,near,normal,post_recovery,weekday,52,19,19,19,0,19,0,0,0,1.0,0.0,0.0
2018-01-19,2018-01-19 20:00:00,outer,normal,post_recovery,weekday,52,6,5,5,0,0,5,0,1,0.8333333333333334,0.0,0.0
2018-01-19,2018-01-19 21:00:00,core,normal,post_recovery,weekday,52,15,15,13,13,2,0,2,0,1.0,0.13333333333333333,0.13333333333333333
2018-01-19,2018-01-19 21:00:00,near,normal,post_recovery,weekday,52,19,19,19,0,19,0,0,0,1.0,0.0,0.0
2018-01-19,2018-01-19 21:00:00,outer,normal,post_recovery,weekday,52,9,7,7,0,0,7,0,2,0.7777777777777778,0.0,0.0
2018-01-19,2018-01-19 22:00:00,core,normal,post_recovery,weekday,52,13,13,9,9,4,0,4,0,1.0,0.3076923076923077,0.3076923076923077
2018-01-19,2018-01-19 22:00:00,near,normal,post_recovery,weekday,52,21,21,21,0,21,0,0,0,1.0,0.0,0.0
2018-01-19,2018-01-19 22:00:00,outer,normal,post_recovery,weekday,52,7,7,7,0,0,7,0,0,1.0,0.0,0.0
2018-01-19,2018-01-19 23:00:00,core,normal,post_recovery,weekday,52,9,9,8,8,0,1,1,0,1.0,0.1111111111111111,0.1111111111111111
2018-01-19,2018-01-19 23:00:00,near,normal,post_recovery,weekday,52,25,25,20,5,20,0,5,0,1.0,0.2,0.2
2018-01-19,2018-01-19 23:00:00,outer,normal,post_recovery,weekday,52,7,7,7,0,0,7,0,0,1.0,0.0,0.0
2018-01-20,2018-01-20 00:00:00,core,normal,post_recovery,weekend,55,13,13,13,13,0,0,0,0,1.0,0.0,0.0
2018-01-20,2018-01-20 00:00:00,near,normal,post_recovery,weekend,55,20,20,19,1,19,0,1,0,1.0,0.05,0.05
2018-01-20,2018-01-20 00:00:00,outer,normal,post_recovery,weekend,55,8,8,8,0,0,8,0,0,1.0,0.0,0.0
2018-01-20,2018-01-20 01:00:00,core,normal,post_recovery,weekend,55,14,14,14,14,0,0,0,0,1.0,0.0,0.0
2018-01-20,2018-01-20 01:00:00,near,normal,post_recovery,weekend,55,19,19,18,1,18,0,1,0,1.0,0.05263157894736842,0.05263157894736842
2018-01-20,2018-01-20 01:00:00,outer,normal,post_recovery,weekend,55,10,9,4,1,4,4,5,1,0.9,0.5,0.5555555555555556
2018-01-20,2018-01-20 02:00:00,core,normal,post_recovery,weekend,55,16,16,14,14,2,0,2,0,1.0,0.125,0.125
2018-01-20,2018-01-20 02:00:00,near,normal,post_recovery,weekend,55,22,22,21,1,21,0,1,0,1.0,0.045454545454545456,0.045454545454545456
2018-01-20,2018-01-20 02:00:00,outer,normal,post_recovery,weekend,55,4,4,4,0,0,4,0,0,1.0,0.0,0.0
2018-01-20,2018-01-20 03:00:00,core,normal,post_recovery,weekend,55,15,15,15,15,0,0,0,0,1.0,0.0,0.0
2018-01-20,2018-01-20 03:00:00,near,normal,post_recovery,weekend,55,23,23,22,1,22,0,1,0,1.0,0.043478260869565216,0.043478260869565216
2018-01-20,2018-01-20 03:00:00,outer,normal,post_recovery,weekend,55,5,5,5,0,0,5,0,0,1.0,0.0,0.0
2018-01-20,2018-01-20 04:00:00,core,normal,post_recovery,weekend,55,16,16,16,16,0,0,0,0,1.0,0.0,0.0
2018-01-20,2018-01-20 04:00:00,near,normal,post_recovery,weekend,55,22,22,22,0,22,0,0,0,1.0,0.0,0.0
2018-01-20,2018-01-20 04:00:00,outer,normal,post_recovery,weekend,55,6,6,5,0,1,5,1,0,1.0,0.16666666666666666,0.16666666666666666
2018-01-20,2018-01-20 05:00:00,core,normal,post_recovery,weekend,55,16,16,16,16,0,0,0,0,1.0,0.0,0.0
2018-01-20,2018-01-20 05:00:00,near,normal,post_recovery,weekend,55,23,23,23,0,23,0,0,0,1.0,0.0,0.0
2018-01-20,2018-01-20 05:00:00,outer,normal,post_recovery,weekend,55,6,6,4,0,2,4,2,0,1.0,0.3333333333333333,0.3333333333333333
2018-01-20,2018-01-20 06:00:00,core,normal,post_recovery,weekend,55,16,16,11,11,2,3,5,0,1.0,0.3125,0.3125
2018-01-20,2018-01-20 06:00:00,near,normal,post_recovery,weekend,55,25,25,24,1,24,0,1,0,1.0,0.04,0.04
2018-01-20,2018-01-20 06:00:00,outer,normal,post_recovery,weekend,55,4,4,3,0,1,3,1,0,1.0,0.25,0.25
2018-01-20,2018-01-20 07:00:00,core,normal,post_recovery,weekend,55,12,12,10,10,1,1,2,0,1.0,0.16666666666666666,0.16666666666666666
2018-01-20,2018-01-20 07:00:00,near,normal,post_recovery,weekend,55,27,27,24,2,24,1,3,0,1.0,0.1111111111111111,0.1111111111111111
2018-01-20,2018-01-20 07:00:00,outer,normal,post_recovery,weekend,55,8,8,5,0,3,5,3,0,1.0,0.375,0.375
2018-01-20,2018-01-20 08:00:00,core,normal,post_recovery,weekend,55,12,12,12,12,0,0,0,0,1.0,0.0,0.0
2018-01-20,2018-01-20 08:00:00,near,normal,post_recovery,weekend,55,28,28,25,0,25,3,3,0,1.0,0.10714285714285714,0.10714285714285714
2018-01-20,2018-01-20 08:00:00,outer,normal,post_recovery,weekend,55,7,6,4,0,2,4,2,1,0.8571428571428571,0.2857142857142857,0.3333333333333333
2018-01-20,2018-01-20 09:00:00,core,normal,post_recovery,weekend,55,12,12,12,12,0,0,0,0,1.0,0.0,0.0
2018-01-20,2018-01-20 09:00:00,near,normal,post_recovery,weekend,55,29,27,24,3,24,0,3,2,0.9310344827586207,0.10344827586206896,0.1111111111111111
2018-01-20,2018-01-20 09:00:00,outer,normal,post_recovery,weekend,55,7,7,4,0,3,4,3,0,1.0,0.42857142857142855,0.42857142857142855
2018-01-20,2018-01-20 10:00:00,core,normal,post_recovery,weekend,55,15,15,9,9,5,1,6,0,1.0,0.4,0.4
2018-01-20,2018-01-20 10:00:00,near,normal,post_recovery,weekend,55,27,27,27,0,27,0,0,0,1.0,0.0,0.0
2018-01-20,2018-01-20 10:00:00,outer,normal,post_recovery,weekend,55,4,4,4,0,0,4,0,0,1.0,0.0,0.0
2018-01-20,2018-01-20 11:00:00,core,normal,post_recovery,weekend,55,9,9,7,7,2,0,2,0,1.0,0.2222222222222222,0.2222222222222222
2018-01-20,2018-01-20 11:00:00,near,normal,post_recovery,weekend,55,32,32,26,4,26,2,6,0,1.0,0.1875,0.1875
2018-01-20,2018-01-20 11:00:00,outer,normal,post_recovery,weekend,55,5,5,4,1,0,4,1,0,1.0,0.2,0.2
2018-01-20,2018-01-20 12:00:00,core,normal,post_recovery,weekend,55,12,12,11,11,0,1,1,0,1.0,0.08333333333333333,0.08333333333333333
2018-01-20,2018-01-20 12:00:00,near,normal,post_recovery,weekend,55,29,28,27,1,27,0,1,1,0.9655172413793104,0.034482758620689655,0.03571428571428571
2018-01-20,2018-01-20 12:00:00,outer,normal,post_recovery,weekend,55,6,6,6,0,0,6,0,0,1.0,0.0,0.0
2018-01-20,2018-01-20 13:00:00,core,normal,post_recovery,weekend,55,12,12,12,12,0,0,0,0,1.0,0.0,0.0
2018-01-20,2018-01-20 13:00:00,near,normal,post_recovery,weekend,55,28,28,28,0,28,0,0,0,1.0,0.0,0.0
2018-01-20,2018-01-20 13:00:00,outer,normal,post_recovery,weekend,55,8,7,7,0,0,7,0,1,0.875,0.0,0.0
2018-01-20,2018-01-20 14:00:00,core,normal,post_recovery,weekend,55,12,12,11,11,1,0,1,0,1.0,0.08333333333333333,0.08333333333333333
2018-01-20,2018-01-20 14:00:00,near,normal,post_recovery,weekend,55,28,28,28,0,28,0,0,0,1.0,0.0,0.0
2018-01-20,2018-01-20 14:00:00,outer,normal,post_recovery,weekend,55,7,7,5,0,2,5,2,0,1.0,0.2857142857142857,0.2857142857142857
2018-01-20,2018-01-20 15:00:00,core,normal,post_recovery,weekend,55,11,11,9,9,2,0,2,0,1.0,0.18181818181818182,0.18181818181818182
2018-01-20,2018-01-20 15:00:00,near,normal,post_recovery,weekend,55,31,31,28,3,28,0,3,0,1.0,0.0967741935483871,0.0967741935483871
2018-01-20,2018-01-20 15:00:00,outer,normal,post_recovery,weekend,55,5,5,5,0,0,5,0,0,1.0,0.0,0.0
2018-01-20,2018-01-20 16:00:00,core,normal,post_recovery,weekend,55,12,11,9,9,2,0,2,1,0.9166666666666666,0.16666666666666666,0.18181818181818182
2018-01-20,2018-01-20 16:00:00,near,normal,post_recovery,weekend,55,31,31,29,2,29,0,2,0,1.0,0.06451612903225806,0.06451612903225806
2018-01-20,2018-01-20 16:00:00,outer,normal,post_recovery,weekend,55,5,5,5,0,0,5,0,0,1.0,0.0,0.0
2018-01-20,2018-01-20 17:00:00,core,normal,post_recovery,weekend,55,11,11,10,10,1,0,1,0,1.0,0.09090909090909091,0.09090909090909091
2018-01-20,2018-01-20 17:00:00,near,normal,post_recovery,weekend,55,31,31,28,2,28,1,3,0,1.0,0.0967741935483871,0.0967741935483871
2018-01-20,2018-01-20 17:00:00,outer,normal,post_recovery,weekend,55,5,5,5,0,0,5,0,0,1.0,0.0,0.0
2018-01-20,2018-01-20 18:00:00,core,normal,post_recovery,weekend,55,12,12,11,11,1,0,1,0,1.0,0.08333333333333333,0.08333333333333333
2018-01-20,2018-01-20 18:00:00,near,normal,post_recovery,weekend,55,29,29,27,2,27,0,2,0,1.0,0.06896551724137931,0.06896551724137931
2018-01-20,2018-01-20 18:00:00,outer,normal,post_recovery,weekend,55,6,6,4,2,0,4,2,0,1.0,0.3333333333333333,0.3333333333333333
2018-01-20,2018-01-20 19:00:00,core,normal,post_recovery,weekend,55,16,16,12,12,3,1,4,0,1.0,0.25,0.25
2018-01-20,2018-01-20 19:00:00,near,normal,post_recovery,weekend,55,28,27,26,1,26,0,1,1,0.9642857142857143,0.03571428571428571,0.037037037037037035
2018-01-20,2018-01-20 19:00:00,outer,normal,post_recovery,weekend,55,4,4,3,1,0,3,1,0,1.0,0.25,0.25
2018-01-20,2018-01-20 20:00:00,core,normal,post_recovery,weekend,55,14,14,13,13,1,0,1,0,1.0,0.07142857142857142,0.07142857142857142
2018-01-20,2018-01-20 20:00:00,near,normal,post_recovery,weekend,55,30,28,28,0,28,0,0,2,0.9333333333333333,0.0,0.0
2018-01-20,2018-01-20 20:00:00,outer,normal,post_recovery,weekend,55,4,4,4,0,0,4,0,0,1.0,0.0,0.0
2018-01-20,2018-01-20 21:00:00,core,normal,post_recovery,weekend,55,13,13,10,10,3,0,3,0,1.0,0.23076923076923078,0.23076923076923078
2018-01-20,2018-01-20 21:00:00,near,normal,post_recovery,weekend,55,29,29,29,0,29,0,0,0,1.0,0.0,0.0
2018-01-20,2018-01-20 21:00:00,outer,normal,post_recovery,weekend,55,4,4,4,0,0,4,0,0,1.0,0.0,0.0
2018-01-20,2018-01-20 22:00:00,core,normal,post_recovery,weekend,55,10,10,8,8,2,0,2,0,1.0,0.2,0.2
2018-01-20,2018-01-20 22:00:00,near,normal,post_recovery,weekend,55,32,32,31,1,31,0,1,0,1.0,0.03125,0.03125
2018-01-20,2018-01-20 22:00:00,outer,normal,post_recovery,weekend,55,4,4,4,0,0,4,0,0,1.0,0.0,0.0
2018-01-20,2018-01-20 23:00:00,core,normal,post_recovery,weekend,55,9,9,7,7,2,0,2,0,1.0,0.2222222222222222,0.2222222222222222
2018-01-20,2018-01-20 23:00:00,near,normal,post_recovery,weekend,55,33,33,33,0,33,0,0,0,1.0,0.0,0.0
2018-01-20,2018-01-20 23:00:00,outer,normal,post_recovery,weekend,55,4,4,4,0,0,4,0,0,1.0,0.0,0.0
2018-01-21,2018-01-21 00:00:00,core,normal,post_recovery,weekend,54,7,7,7,7,0,0,0,0,1.0,0.0,0.0
2018-01-21,2018-01-21 00:00:00,near,normal,post_recovery,weekend,54,35,35,29,4,29,2,6,0,1.0,0.17142857142857143,0.17142857142857143
2018-01-21,2018-01-21 00:00:00,outer,normal,post_recovery,weekend,54,5,4,4,0,0,4,0,1,0.8,0.0,0.0
2018-01-21,2018-01-21 01:00:00,core,normal,post_recovery,weekend,54,11,11,11,11,0,0,0,0,1.0,0.0,0.0
2018-01-21,2018-01-21 01:00:00,near,normal,post_recovery,weekend,54,29,29,28,0,28,1,1,0,1.0,0.034482758620689655,0.034482758620689655
2018-01-21,2018-01-21 01:00:00,outer,normal,post_recovery,weekend,54,6,6,6,0,0,6,0,0,1.0,0.0,0.0
2018-01-21,2018-01-21 02:00:00,core,normal,post_recovery,weekend,54,11,11,10,10,1,0,1,0,1.0,0.09090909090909091,0.09090909090909091
2018-01-21,2018-01-21 02:00:00,near,normal,post_recovery,weekend,54,29,28,26,2,26,0,2,1,0.9655172413793104,0.06896551724137931,0.07142857142857142
2018-01-21,2018-01-21 02:00:00,outer,normal,post_recovery,weekend,54,7,4,3,1,0,3,1,3,0.5714285714285714,0.14285714285714285,0.25
2018-01-21,2018-01-21 03:00:00,core,normal,post_recovery,weekend,54,13,13,10,10,2,1,3,0,1.0,0.23076923076923078,0.23076923076923078
2018-01-21,2018-01-21 03:00:00,near,normal,post_recovery,weekend,54,27,27,26,1,26,0,1,0,1.0,0.037037037037037035,0.037037037037037035
2018-01-21,2018-01-21 03:00:00,outer,normal,post_recovery,weekend,54,4,4,4,0,0,4,0,0,1.0,0.0,0.0
2018-01-21,2018-01-21 04:00:00,core,normal,post_recovery,weekend,54,11,11,10,10,1,0,1,0,1.0,0.09090909090909091,0.09090909090909091
2018-01-21,2018-01-21 04:00:00,near,normal,post_recovery,weekend,54,29,28,26,1,26,1,2,1,0.9655172413793104,0.06896551724137931,0.07142857142857142
2018-01-21,2018-01-21 04:00:00,outer,normal,post_recovery,weekend,54,5,5,5,0,0,5,0,0,1.0,0.0,0.0
2018-01-21,2018-01-21 05:00:00,core,normal,post_recovery,weekend,54,11,11,11,11,0,0,0,0,1.0,0.0,0.0
2018-01-21,2018-01-21 05:00:00,near,normal,post_recovery,weekend,54,27,27,26,1,26,0,1,0,1.0,0.037037037037037035,0.037037037037037035
2018-01-21,2018-01-21 05:00:00,outer,normal,post_recovery,weekend,54,6,6,3,1,2,3,3,0,1.0,0.5,0.5
2018-01-21,2018-01-21 06:00:00,core,normal,post_recovery,weekend,54,13,13,13,13,0,0,0,0,1.0,0.0,0.0
2018-01-21,2018-01-21 06:00:00,near,normal,post_recovery,weekend,54,28,28,27,1,27,0,1,0,1.0,0.03571428571428571,0.03571428571428571
2018-01-21,2018-01-21 06:00:00,outer,normal,post_recovery,weekend,54,3,3,3,0,0,3,0,0,1.0,0.0,0.0
2018-01-21,2018-01-21 07:00:00,core,normal,post_recovery,weekend,54,14,14,14,14,0,0,0,0,1.0,0.0,0.0
2018-01-21,2018-01-21 07:00:00,near,normal,post_recovery,weekend,54,27,27,26,1,26,0,1,0,1.0,0.037037037037037035,0.037037037037037035
2018-01-21,2018-01-21 07:00:00,outer,normal,post_recovery,weekend,54,3,3,3,0,0,3,0,0,1.0,0.0,0.0
2018-01-21,2018-01-21 08:00:00,core,normal,post_recovery,weekend,54,15,15,13,13,2,0,2,0,1.0,0.13333333333333333,0.13333333333333333
2018-01-21,2018-01-21 08:00:00,near,normal,post_recovery,weekend,54,27,25,25,0,25,0,0,2,0.9259259259259259,0.0,0.0
2018-01-21,2018-01-21 08:00:00,outer,normal,post_recovery,weekend,54,4,4,3,0,1,3,1,0,1.0,0.25,0.25
2018-01-21,2018-01-21 09:00:00,core,normal,post_recovery,weekend,54,13,13,12,12,1,0,1,0,1.0,0.07692307692307693,0.07692307692307693
2018-01-21,2018-01-21 09:00:00,near,normal,post_recovery,weekend,54,28,28,28,0,28,0,0,0,1.0,0.0,0.0
2018-01-21,2018-01-21 09:00:00,outer,normal,post_recovery,weekend,54,3,3,2,1,0,2,1,0,1.0,0.3333333333333333,0.3333333333333333
2018-01-21,2018-01-21 10:00:00,core,normal,post_recovery,weekend,54,13,13,11,11,1,1,2,0,1.0,0.15384615384615385,0.15384615384615385
2018-01-21,2018-01-21 10:00:00,near,normal,post_recovery,weekend,54,30,28,27,1,27,0,1,2,0.9333333333333333,0.03333333333333333,0.03571428571428571
2018-01-21,2018-01-21 10:00:00,outer,normal,post_recovery,weekend,54,2,2,2,0,0,2,0,0,1.0,0.0,0.0
2018-01-21,2018-01-21 11:00:00,core,normal,post_recovery,weekend,54,12,12,11,11,1,0,1,0,1.0,0.08333333333333333,0.08333333333333333
2018-01-21,2018-01-21 11:00:00,near,normal,post_recovery,weekend,54,28,28,28,0,28,0,0,0,1.0,0.0,0.0
2018-01-21,2018-01-21 11:00:00,outer,normal,post_recovery,weekend,54,3,3,3,0,0,3,0,0,1.0,0.0,0.0
2018-01-21,2018-01-21 12:00:00,core,normal,post_recovery,weekend,54,11,11,11,11,0,0,0,0,1.0,0.0,0.0
2018-01-21,2018-01-21 12:00:00,near,normal,post_recovery,weekend,54,30,29,26,2,26,1,3,1,0.9666666666666667,0.1,0.10344827586206896
2018-01-21,2018-01-21 12:00:00,outer,normal,post_recovery,weekend,54,3,3,3,0,0,3,0,0,1.0,0.0,0.0
2018-01-21,2018-01-21 13:00:00,core,normal,post_recovery,weekend,54,13,13,10,10,0,3,3,0,1.0,0.23076923076923078,0.23076923076923078
2018-01-21,2018-01-21 13:00:00,near,normal,post_recovery,weekend,54,27,26,26,0,26,0,0,1,0.9629629629629629,0.0,0.0
2018-01-21,2018-01-21 13:00:00,outer,normal,post_recovery,weekend,54,4,3,3,0,0,3,0,1,0.75,0.0,0.0
2018-01-21,2018-01-21 14:00:00,core,normal,post_recovery,weekend,54,10,10,7,7,2,1,3,0,1.0,0.3,0.3
2018-01-21,2018-01-21 14:00:00,near,normal,post_recovery,weekend,54,26,26,26,0,26,0,0,0,1.0,0.0,0.0
2018-01-21,2018-01-21 14:00:00,outer,normal,post_recovery,weekend,54,6,6,6,0,0,6,0,0,1.0,0.0,0.0
2018-01-21,2018-01-21 15:00:00,core,normal,post_recovery,weekend,54,7,7,6,6,1,0,1,0,1.0,0.14285714285714285,0.14285714285714285
2018-01-21,2018-01-21 15:00:00,near,normal,post_recovery,weekend,54,28,27,22,3,22,2,5,1,0.9642857142857143,0.17857142857142858,0.18518518518518517
2018-01-21,2018-01-21 15:00:00,outer,normal,post_recovery,weekend,54,9,9,6,0,3,6,3,0,1.0,0.3333333333333333,0.3333333333333333
2018-01-21,2018-01-21 16:00:00,core,normal,post_recovery,weekend,54,9,9,8,8,1,0,1,0,1.0,0.1111111111111111,0.1111111111111111
2018-01-21,2018-01-21 16:00:00,near,normal,post_recovery,weekend,54,27,26,25,1,25,0,1,1,0.9629629629629629,0.037037037037037035,0.038461538461538464
2018-01-21,2018-01-21 16:00:00,outer,normal,post_recovery,weekend,54,8,8,6,1,1,6,2,0,1.0,0.25,0.25
2018-01-21,2018-01-21 17:00:00,core,normal,post_recovery,weekend,54,10,10,10,10,0,0,0,0,1.0,0.0,0.0
2018-01-21,2018-01-21 17:00:00,near,normal,post_recovery,weekend,54,27,27,23,1,23,3,4,0,1.0,0.14814814814814814,0.14814814814814814
2018-01-21,2018-01-21 17:00:00,outer,normal,post_recovery,weekend,54,6,4,3,0,1,3,1,2,0.6666666666666666,0.16666666666666666,0.25
2018-01-21,2018-01-21 18:00:00,core,normal,post_recovery,weekend,54,11,11,11,11,0,0,0,0,1.0,0.0,0.0
2018-01-21,2018-01-21 18:00:00,near,normal,post_recovery,weekend,54,25,25,22,3,22,0,3,0,1.0,0.12,0.12
2018-01-21,2018-01-21 18:00:00,outer,normal,post_recovery,weekend,54,6,6,3,0,3,3,3,0,1.0,0.5,0.5
2018-01-21,2018-01-21 19:00:00,core,normal,post_recovery,weekend,54,14,14,9,9,4,1,5,0,1.0,0.35714285714285715,0.35714285714285715
2018-01-21,2018-01-21 19:00:00,near,normal,post_recovery,weekend,54,26,26,24,1,24,1,2,0,1.0,0.07692307692307693,0.07692307692307693
2018-01-21,2018-01-21 19:00:00,outer,normal,post_recovery,weekend,54,3,3,3,0,0,3,0,0,1.0,0.0,0.0
2018-01-21,2018-01-21 20:00:00,core,normal,post_recovery,weekend,54,10,10,7,7,3,0,3,0,1.0,0.3,0.3
2018-01-21,2018-01-21 20:00:00,near,normal,post_recovery,weekend,54,29,29,27,2,27,0,2,0,1.0,0.06896551724137931,0.06896551724137931
2018-01-21,2018-01-21 20:00:00,outer,normal,post_recovery,weekend,54,5,5,5,0,0,5,0,0,1.0,0.0,0.0
2018-01-21,2018-01-21 21:00:00,core,normal,post_recovery,weekend,54,9,9,9,9,0,0,0,0,1.0,0.0,0.0
2018-01-21,2018-01-21 21:00:00,near,normal,post_recovery,weekend,54,30,30,28,2,28,0,2,0,1.0,0.06666666666666667,0.06666666666666667
2018-01-21,2018-01-21 21:00:00,outer,normal,post_recovery,weekend,54,5,4,4,0,0,4,0,1,0.8,0.0,0.0
2018-01-21,2018-01-21 22:00:00,core,normal,post_recovery,weekend,54,11,11,11,11,0,0,0,0,1.0,0.0,0.0
2018-01-21,2018-01-21 22:00:00,near,normal,post_recovery,weekend,54,28,27,23,4,23,0,4,1,0.9642857142857143,0.14285714285714285,0.14814814814814814
2018-01-21,2018-01-21 22:00:00,outer,normal,post_recovery,weekend,54,4,4,2,1,1,2,2,0,1.0,0.5,0.5
2018-01-21,2018-01-21 23:00:00,core,normal,post_recovery,weekend,54,16,16,14,14,2,0,2,0,1.0,0.125,0.125
2018-01-21,2018-01-21 23:00:00,near,normal,post_recovery,weekend,54,24,24,23,1,23,0,1,0,1.0,0.041666666666666664,0.041666666666666664
2018-01-21,2018-01-21 23:00:00,outer,normal,post_recovery,weekend,54,2,2,2,0,0,2,0,0,1.0,0.0,0.0
2018-01-22,2018-01-22 00:00:00,core,normal,post_recovery,weekday,52,15,15,15,15,0,0,0,0,1.0,0.0,0.0
2018-01-22,2018-01-22 00:00:00,near,normal,post_recovery,weekday,52,26,25,25,0,25,0,0,1,0.9615384615384616,0.0,0.0
2018-01-22,2018-01-22 00:00:00,outer,normal,post_recovery,weekday,52,2,2,2,0,0,2,0,0,1.0,0.0,0.0
2018-01-22,2018-01-22 01:00:00,core,normal,post_recovery,weekday,52,15,15,15,15,0,0,0,0,1.0,0.0,0.0
2018-01-22,2018-01-22 01:00:00,near,normal,post_recovery,weekday,52,25,25,25,0,25,0,0,0,1.0,0.0,0.0
2018-01-22,2018-01-22 01:00:00,outer,normal,post_recovery,weekday,52,2,2,2,0,0,2,0,0,1.0,0.0,0.0
2018-01-22,2018-01-22 02:00:00,core,normal,post_recovery,weekday,52,15,15,14,14,0,1,1,0,1.0,0.06666666666666667,0.06666666666666667
2018-01-22,2018-01-22 02:00:00,near,normal,post_recovery,weekday,52,25,25,25,0,25,0,0,0,1.0,0.0,0.0
2018-01-22,2018-01-22 02:00:00,outer,normal,post_recovery,weekday,52,2,2,2,0,0,2,0,0,1.0,0.0,0.0
2018-01-22,2018-01-22 03:00:00,core,normal,post_recovery,weekday,52,14,14,14,14,0,0,0,0,1.0,0.0,0.0
2018-01-22,2018-01-22 03:00:00,near,normal,post_recovery,weekday,52,26,25,24,0,24,1,1,1,0.9615384615384616,0.038461538461538464,0.04
2018-01-22,2018-01-22 03:00:00,outer,normal,post_recovery,weekday,52,3,3,3,0,0,3,0,0,1.0,0.0,0.0
2018-01-22,2018-01-22 04:00:00,core,normal,post_recovery,weekday,52,14,14,14,14,0,0,0,0,1.0,0.0,0.0
2018-01-22,2018-01-22 04:00:00,near,normal,post_recovery,weekday,52,24,24,24,0,24,0,0,0,1.0,0.0,0.0
2018-01-22,2018-01-22 04:00:00,outer,normal,post_recovery,weekday,52,4,4,4,0,0,4,0,0,1.0,0.0,0.0
2018-01-22,2018-01-22 05:00:00,core,normal,post_recovery,weekday,52,14,14,14,14,0,0,0,0,1.0,0.0,0.0
2018-01-22,2018-01-22 05:00:00,near,normal,post_recovery,weekday,52,24,24,24,0,24,0,0,0,1.0,0.0,0.0
2018-01-22,2018-01-22 05:00:00,outer,normal,post_recovery,weekday,52,4,4,4,0,0,4,0,0,1.0,0.0,0.0
2018-01-22,2018-01-22 06:00:00,core,normal,post_recovery,weekday,52,14,14,13,13,1,0,1,0,1.0,0.07142857142857142,0.07142857142857142
2018-01-22,2018-01-22 06:00:00,near,normal,post_recovery,weekday,52,24,24,24,0,24,0,0,0,1.0,0.0,0.0
2018-01-22,2018-01-22 06:00:00,outer,normal,post_recovery,weekday,52,4,4,2,2,0,2,2,0,1.0,0.5,0.5
2018-01-22,2018-01-22 07:00:00,core,normal,post_recovery,weekday,52,15,15,12,12,3,0,3,0,1.0,0.2,0.2
2018-01-22,2018-01-22 07:00:00,near,normal,post_recovery,weekday,52,25,25,25,0,25,0,0,0,1.0,0.0,0.0
2018-01-22,2018-01-22 07:00:00,outer,normal,post_recovery,weekday,52,2,2,2,0,0,2,0,0,1.0,0.0,0.0
2018-01-22,2018-01-22 08:00:00,core,normal,post_recovery,weekday,52,12,12,11,11,0,1,1,0,1.0,0.08333333333333333,0.08333333333333333
2018-01-22,2018-01-22 08:00:00,near,normal,post_recovery,weekday,52,28,28,25,3,25,0,3,0,1.0,0.10714285714285714,0.10714285714285714
2018-01-22,2018-01-22 08:00:00,outer,normal,post_recovery,weekday,52,3,3,3,0,0,3,0,0,1.0,0.0,0.0
2018-01-22,2018-01-22 09:00:00,core,normal,post_recovery,weekday,52,14,14,14,14,0,0,0,0,1.0,0.0,0.0
2018-01-22,2018-01-22 09:00:00,near,normal,post_recovery,weekday,52,25,25,25,0,25,0,0,0,1.0,0.0,0.0
2018-01-22,2018-01-22 09:00:00,outer,normal,post_recovery,weekday,52,4,4,3,0,1,3,1,0,1.0,0.25,0.25
2018-01-22,2018-01-22 10:00:00,core,normal,post_recovery,weekday,52,14,14,13,13,1,0,1,0,1.0,0.07142857142857142,0.07142857142857142
2018-01-22,2018-01-22 10:00:00,near,normal,post_recovery,weekday,52,26,26,25,1,25,0,1,0,1.0,0.038461538461538464,0.038461538461538464
2018-01-22,2018-01-22 10:00:00,outer,normal,post_recovery,weekday,52,3,3,3,0,0,3,0,0,1.0,0.0,0.0
2018-01-22,2018-01-22 11:00:00,core,normal,post_recovery,weekday,52,14,14,10,10,3,1,4,0,1.0,0.2857142857142857,0.2857142857142857
2018-01-22,2018-01-22 11:00:00,near,normal,post_recovery,weekday,52,26,26,26,0,26,0,0,0,1.0,0.0,0.0
2018-01-22,2018-01-22 11:00:00,outer,normal,post_recovery,weekday,52,4,3,3,0,0,3,0,1,0.75,0.0,0.0
2018-01-22,2018-01-22 12:00:00,core,normal,post_recovery,weekday,52,11,10,8,8,1,1,2,1,0.9090909090909091,0.18181818181818182,0.2
2018-01-22,2018-01-22 12:00:00,near,normal,post_recovery,weekday,52,29,29,26,3,26,0,3,0,1.0,0.10344827586206896,0.10344827586206896
2018-01-22,2018-01-22 12:00:00,outer,normal,post_recovery,weekday,52,4,4,4,0,0,4,0,0,1.0,0.0,0.0
2018-01-22,2018-01-22 13:00:00,core,normal,post_recovery,weekday,52,11,11,11,11,0,0,0,0,1.0,0.0,0.0
2018-01-22,2018-01-22 13:00:00,near,normal,post_recovery,weekday,52,27,26,26,0,26,0,0,1,0.9629629629629629,0.0,0.0
2018-01-22,2018-01-22 13:00:00,outer,normal,post_recovery,weekday,52,6,5,5,0,0,5,0,1,0.8333333333333334,0.0,0.0
2018-01-22,2018-01-22 14:00:00,core,normal,post_recovery,weekday,52,11,11,11,11,0,0,0,0,1.0,0.0,0.0
2018-01-22,2018-01-22 14:00:00,near,normal,post_recovery,weekday,52,26,26,25,1,25,0,1,0,1.0,0.038461538461538464,0.038461538461538464
2018-01-22,2018-01-22 14:00:00,outer,normal,post_recovery,weekday,52,6,5,5,0,0,5,0,1,0.8333333333333334,0.0,0.0
2018-01-22,2018-01-22 15:00:00,core,normal,post_recovery,weekday,52,12,12,12,12,0,0,0,0,1.0,0.0,0.0
2018-01-22,2018-01-22 15:00:00,near,normal,post_recovery,weekday,52,25,25,25,0,25,0,0,0,1.0,0.0,0.0
2018-01-22,2018-01-22 15:00:00,outer,normal,post_recovery,weekday,52,6,6,6,0,0,6,0,0,1.0,0.0,0.0
2018-01-22,2018-01-22 16:00:00,core,normal,post_recovery,weekday,52,12,12,9,9,3,0,3,0,1.0,0.25,0.25
2018-01-22,2018-01-22 16:00:00,near,normal,post_recovery,weekday,52,26,25,25,0,25,0,0,1,0.9615384615384616,0.0,0.0
2018-01-22,2018-01-22 16:00:00,outer,normal,post_recovery,weekday,52,6,6,3,2,1,3,3,0,1.0,0.5,0.5
2018-01-22,2018-01-22 17:00:00,core,normal,post_recovery,weekday,52,11,11,11,11,0,0,0,0,1.0,0.0,0.0
2018-01-22,2018-01-22 17:00:00,near,normal,post_recovery,weekday,52,29,29,28,1,28,0,1,0,1.0,0.034482758620689655,0.034482758620689655
2018-01-22,2018-01-22 17:00:00,outer,normal,post_recovery,weekday,52,3,3,3,0,0,3,0,0,1.0,0.0,0.0
2018-01-22,2018-01-22 18:00:00,core,normal,post_recovery,weekday,52,12,12,9,9,3,0,3,0,1.0,0.25,0.25
2018-01-22,2018-01-22 18:00:00,near,normal,post_recovery,weekday,52,28,28,24,4,24,0,4,0,1.0,0.14285714285714285,0.14285714285714285
2018-01-22,2018-01-22 18:00:00,outer,normal,post_recovery,weekday,52,3,3,3,0,0,3,0,0,1.0,0.0,0.0
2018-01-22,2018-01-22 19:00:00,core,normal,post_recovery,weekday,52,13,13,12,12,0,1,1,0,1.0,0.07692307692307693,0.07692307692307693
2018-01-22,2018-01-22 19:00:00,near,normal,post_recovery,weekday,52,28,27,24,2,24,1,3,1,0.9642857142857143,0.10714285714285714,0.1111111111111111
2018-01-22,2018-01-22 19:00:00,outer,normal,post_recovery,weekday,52,3,3,3,0,0,3,0,0,1.0,0.0,0.0
2018-01-22,2018-01-22 20:00:00,core,normal,post_recovery,weekday,52,14,14,14,14,0,0,0,0,1.0,0.0,0.0
2018-01-22,2018-01-22 20:00:00,near,normal,post_recovery,weekday,52,26,25,24,1,24,0,1,1,0.9615384615384616,0.038461538461538464,0.04
2018-01-22,2018-01-22 20:00:00,outer,normal,post_recovery,weekday,52,5,5,5,0,0,5,0,0,1.0,0.0,0.0
2018-01-22,2018-01-22 21:00:00,core,normal,post_recovery,weekday,52,15,15,15,15,0,0,0,0,1.0,0.0,0.0
2018-01-22,2018-01-22 21:00:00,near,normal,post_recovery,weekday,52,24,24,24,0,24,0,0,0,1.0,0.0,0.0
2018-01-22,2018-01-22 21:00:00,outer,normal,post_recovery,weekday,52,5,5,5,0,0,5,0,0,1.0,0.0,0.0
2018-01-22,2018-01-22 22:00:00,core,normal,post_recovery,weekday,52,15,14,13,13,1,0,1,1,0.9333333333333333,0.06666666666666667,0.07142857142857142
2018-01-22,2018-01-22 22:00:00,near,normal,post_recovery,weekday,52,24,24,23,1,23,0,1,0,1.0,0.041666666666666664,0.041666666666666664
2018-01-22,2018-01-22 22:00:00,outer,normal,post_recovery,weekday,52,5,5,4,1,0,4,1,0,1.0,0.2,0.2
2018-01-22,2018-01-22 23:00:00,core,normal,post_recovery,weekday,52,15,15,12,12,2,1,3,0,1.0,0.2,0.2
2018-01-22,2018-01-22 23:00:00,near,normal,post_recovery,weekday,52,25,24,22,1,22,1,2,1,0.96,0.08,0.08333333333333333
2018-01-22,2018-01-22 23:00:00,outer,normal,post_recovery,weekday,52,4,4,4,0,0,4,0,0,1.0,0.0,0.0
2018-01-23,2018-01-23 00:00:00,core,normal,post_recovery,weekday,48,13,13,13,13,0,0,0,0,1.0,0.0,0.0
2018-01-23,2018-01-23 00:00:00,near,normal,post_recovery,weekday,48,24,23,21,2,21,0,2,1,0.9583333333333334,0.08333333333333333,0.08695652173913043
2018-01-23,2018-01-23 00:00:00,outer,normal,post_recovery,weekday,48,6,6,6,0,0,6,0,0,1.0,0.0,0.0
2018-01-23,2018-01-23 01:00:00,core,normal,post_recovery,weekday,48,15,15,15,15,0,0,0,0,1.0,0.0,0.0
2018-01-23,2018-01-23 01:00:00,near,normal,post_recovery,weekday,48,21,21,21,0,21,0,0,0,1.0,0.0,0.0
2018-01-23,2018-01-23 01:00:00,outer,normal,post_recovery,weekday,48,6,4,3,1,0,3,1,2,0.6666666666666666,0.16666666666666666,0.25
2018-01-23,2018-01-23 02:00:00,core,normal,post_recovery,weekday,48,16,16,13,13,3,0,3,0,1.0,0.1875,0.1875
2018-01-23,2018-01-23 02:00:00,near,normal,post_recovery,weekday,48,21,21,21,0,21,0,0,0,1.0,0.0,0.0
2018-01-23,2018-01-23 02:00:00,outer,normal,post_recovery,weekday,48,3,3,3,0,0,3,0,0,1.0,0.0,0.0
2018-01-23,2018-01-23 03:00:00,core,normal,post_recovery,weekday,48,13,13,12,12,0,1,1,0,1.0,0.07692307692307693,0.07692307692307693
2018-01-23,2018-01-23 03:00:00,near,normal,post_recovery,weekday,48,25,24,21,3,21,0,3,1,0.96,0.12,0.125
2018-01-23,2018-01-23 03:00:00,outer,normal,post_recovery,weekday,48,3,3,3,0,0,3,0,0,1.0,0.0,0.0
2018-01-23,2018-01-23 04:00:00,core,normal,post_recovery,weekday,48,15,15,15,15,0,0,0,0,1.0,0.0,0.0
2018-01-23,2018-01-23 04:00:00,near,normal,post_recovery,weekday,48,22,22,22,0,22,0,0,0,1.0,0.0,0.0
2018-01-23,2018-01-23 04:00:00,outer,normal,post_recovery,weekday,48,4,4,4,0,0,4,0,0,1.0,0.0,0.0
2018-01-23,2018-01-23 05:00:00,core,normal,post_recovery,weekday,48,15,15,15,15,0,0,0,0,1.0,0.0,0.0
2018-01-23,2018-01-23 05:00:00,near,normal,post_recovery,weekday,48,22,22,22,0,22,0,0,0,1.0,0.0,0.0
2018-01-23,2018-01-23 05:00:00,outer,normal,post_recovery,weekday,48,4,4,4,0,0,4,0,0,1.0,0.0,0.0
2018-01-23,2018-01-23 06:00:00,core,normal,post_recovery,weekday,48,15,15,8,8,4,3,7,0,1.0,0.4666666666666667,0.4666666666666667
2018-01-23,2018-01-23 06:00:00,near,normal,post_recovery,weekday,48,23,22,22,0,22,0,0,1,0.9565217391304348,0.0,0.0
2018-01-23,2018-01-23 06:00:00,outer,normal,post_recovery,weekday,48,4,4,3,1,0,3,1,0,1.0,0.25,0.25
2018-01-23,2018-01-23 07:00:00,core,normal,post_recovery,weekday,48,9,9,7,7,0,2,2,0,1.0,0.2222222222222222,0.2222222222222222
2018-01-23,2018-01-23 07:00:00,near,normal,post_recovery,weekday,48,26,26,22,4,22,0,4,0,1.0,0.15384615384615385,0.15384615384615385
2018-01-23,2018-01-23 07:00:00,outer,normal,post_recovery,weekday,48,6,6,3,0,3,3,3,0,1.0,0.5,0.5
2018-01-23,2018-01-23 08:00:00,core,normal,post_recovery,weekday,48,11,11,9,9,2,0,2,0,1.0,0.18181818181818182,0.18181818181818182
2018-01-23,2018-01-23 08:00:00,near,normal,post_recovery,weekday,48,26,25,24,1,24,0,1,1,0.9615384615384616,0.038461538461538464,0.04
2018-01-23,2018-01-23 08:00:00,outer,normal,post_recovery,weekday,48,5,5,5,0,0,5,0,0,1.0,0.0,0.0
2018-01-23,2018-01-23 09:00:00,core,normal,post_recovery,weekday,48,10,10,9,9,1,0,1,0,1.0,0.1,0.1
2018-01-23,2018-01-23 09:00:00,near,normal,post_recovery,weekday,48,27,26,25,0,25,1,1,1,0.9629629629629629,0.037037037037037035,0.038461538461538464
2018-01-23,2018-01-23 09:00:00,outer,normal,post_recovery,weekday,48,5,5,4,1,0,4,1,0,1.0,0.2,0.2
2018-01-23,2018-01-23 10:00:00,core,normal,post_recovery,weekday,48,10,10,6,6,4,0,4,0,1.0,0.4,0.4
2018-01-23,2018-01-23 10:00:00,near,normal,post_recovery,weekday,48,26,26,23,0,23,3,3,0,1.0,0.11538461538461539,0.11538461538461539
2018-01-23,2018-01-23 10:00:00,outer,normal,post_recovery,weekday,48,5,5,4,1,0,4,1,0,1.0,0.2,0.2
2018-01-23,2018-01-23 11:00:00,core,normal,post_recovery,weekday,48,7,7,6,6,0,1,1,0,1.0,0.14285714285714285,0.14285714285714285
2018-01-23,2018-01-23 11:00:00,near,normal,post_recovery,weekday,48,27,27,24,3,24,0,3,0,1.0,0.1111111111111111,0.1111111111111111
2018-01-23,2018-01-23 11:00:00,outer,normal,post_recovery,weekday,48,7,7,5,1,1,5,2,0,1.0,0.2857142857142857,0.2857142857142857
2018-01-23,2018-01-23 12:00:00,core,normal,post_recovery,weekday,48,10,10,9,9,1,0,1,0,1.0,0.1,0.1
2018-01-23,2018-01-23 12:00:00,near,normal,post_recovery,weekday,48,25,25,23,1,23,1,2,0,1.0,0.08,0.08
2018-01-23,2018-01-23 12:00:00,outer,normal,post_recovery,weekday,48,6,5,5,0,0,5,0,1,0.8333333333333334,0.0,0.0
2018-01-23,2018-01-23 13:00:00,core,normal,post_recovery,weekday,48,10,10,10,10,0,0,0,0,1.0,0.0,0.0
2018-01-23,2018-01-23 13:00:00,near,normal,post_recovery,weekday,48,24,24,23,1,23,0,1,0,1.0,0.041666666666666664,0.041666666666666664
2018-01-23,2018-01-23 13:00:00,outer,normal,post_recovery,weekday,48,6,6,6,0,0,6,0,0,1.0,0.0,0.0
2018-01-23,2018-01-23 14:00:00,core,normal,post_recovery,weekday,48,11,11,9,9,2,0,2,0,1.0,0.18181818181818182,0.18181818181818182
2018-01-23,2018-01-23 14:00:00,near,normal,post_recovery,weekday,48,23,23,22,1,22,0,1,0,1.0,0.043478260869565216,0.043478260869565216
2018-01-23,2018-01-23 14:00:00,outer,normal,post_recovery,weekday,48,6,5,4,1,0,4,1,1,0.8333333333333334,0.16666666666666666,0.2
2018-01-23,2018-01-23 15:00:00,core,normal,post_recovery,weekday,48,12,12,9,9,1,2,3,0,1.0,0.25,0.25
2018-01-23,2018-01-23 15:00:00,near,normal,post_recovery,weekday,48,25,25,23,2,23,0,2,0,1.0,0.08,0.08
2018-01-23,2018-01-23 15:00:00,outer,normal,post_recovery,weekday,48,4,4,4,0,0,4,0,0,1.0,0.0,0.0
2018-01-23,2018-01-23 16:00:00,core,normal,post_recovery,weekday,48,11,11,9,9,2,0,2,0,1.0,0.18181818181818182,0.18181818181818182
2018-01-23,2018-01-23 16:00:00,near,normal,post_recovery,weekday,48,25,23,22,1,22,0,1,2,0.92,0.04,0.043478260869565216
2018-01-23,2018-01-23 16:00:00,outer,normal,post_recovery,weekday,48,7,7,7,0,0,7,0,0,1.0,0.0,0.0
2018-01-23,2018-01-23 17:00:00,core,normal,post_recovery,weekday,48,10,9,9,9,0,0,0,1,0.9,0.0,0.0
2018-01-23,2018-01-23 17:00:00,near,normal,post_recovery,weekday,48,24,24,23,1,23,0,1,0,1.0,0.041666666666666664,0.041666666666666664
2018-01-23,2018-01-23 17:00:00,outer,normal,post_recovery,weekday,48,7,7,5,1,1,5,2,0,1.0,0.2857142857142857,0.2857142857142857
2018-01-23,2018-01-23 18:00:00,core,normal,post_recovery,weekday,48,11,11,9,9,2,0,2,0,1.0,0.18181818181818182,0.18181818181818182
2018-01-23,2018-01-23 18:00:00,near,normal,post_recovery,weekday,48,24,23,22,1,22,0,1,1,0.9583333333333334,0.041666666666666664,0.043478260869565216
2018-01-23,2018-01-23 18:00:00,outer,normal,post_recovery,weekday,48,5,5,5,0,0,5,0,0,1.0,0.0,0.0
2018-01-23,2018-01-23 19:00:00,core,normal,post_recovery,weekday,48,10,10,7,7,3,0,3,0,1.0,0.3,0.3
2018-01-23,2018-01-23 19:00:00,near,normal,post_recovery,weekday,48,25,25,23,1,23,1,2,0,1.0,0.08,0.08
2018-01-23,2018-01-23 19:00:00,outer,normal,post_recovery,weekday,48,5,5,5,0,0,5,0,0,1.0,0.0,0.0
2018-01-23,2018-01-23 20:00:00,core,normal,post_recovery,weekday,48,8,8,8,8,0,0,0,0,1.0,0.0,0.0
2018-01-23,2018-01-23 20:00:00,near,normal,post_recovery,weekday,48,26,26,21,4,21,1,5,0,1.0,0.19230769230769232,0.19230769230769232
2018-01-23,2018-01-23 20:00:00,outer,normal,post_recovery,weekday,48,6,6,6,0,0,6,0,0,1.0,0.0,0.0
2018-01-23,2018-01-23 21:00:00,core,normal,post_recovery,weekday,48,12,12,12,12,0,0,0,0,1.0,0.0,0.0
2018-01-23,2018-01-23 21:00:00,near,normal,post_recovery,weekday,48,22,21,20,1,20,0,1,1,0.9545454545454546,0.045454545454545456,0.047619047619047616
2018-01-23,2018-01-23 21:00:00,outer,normal,post_recovery,weekday,48,7,5,5,0,0,5,0,2,0.7142857142857143,0.0,0.0
2018-01-23,2018-01-23 22:00:00,core,normal,post_recovery,weekday,48,13,13,11,11,2,0,2,0,1.0,0.15384615384615385,0.15384615384615385
2018-01-23,2018-01-23 22:00:00,near,normal,post_recovery,weekday,48,20,20,20,0,20,0,0,0,1.0,0.0,0.0
2018-01-23,2018-01-23 22:00:00,outer,normal,post_recovery,weekday,48,5,5,4,0,1,4,1,0,1.0,0.2,0.2
2018-01-23,2018-01-23 23:00:00,core,normal,post_recovery,weekday,48,11,11,9,9,2,0,2,0,1.0,0.18181818181818182,0.18181818181818182
2018-01-23,2018-01-23 23:00:00,near,normal,post_recovery,weekday,48,23,22,21,1,21,0,1,1,0.9565217391304348,0.043478260869565216,0.045454545454545456
2018-01-23,2018-01-23 23:00:00,outer,normal,post_recovery,weekday,48,4,4,3,1,0,3,1,0,1.0,0.25,0.25
2018-01-24,2018-01-24 00:00:00,core,normal,post_recovery,weekday,48,11,11,11,11,0,0,0,0,1.0,0.0,0.0
2018-01-24,2018-01-24 00:00:00,near,normal,post_recovery,weekday,48,24,23,21,2,21,0,2,1,0.9583333333333334,0.08333333333333333,0.08695652173913043
2018-01-24,2018-01-24 00:00:00,outer,normal,post_recovery,weekday,48,3,3,3,0,0,3,0,0,1.0,0.0,0.0
2018-01-24,2018-01-24 01:00:00,core,normal,post_recovery,weekday,48,13,13,13,13,0,0,0,0,1.0,0.0,0.0
2018-01-24,2018-01-24 01:00:00,near,normal,post_recovery,weekday,48,22,22,20,2,20,0,2,0,1.0,0.09090909090909091,0.09090909090909091
2018-01-24,2018-01-24 01:00:00,outer,normal,post_recovery,weekday,48,3,3,3,0,0,3,0,0,1.0,0.0,0.0
2018-01-24,2018-01-24 02:00:00,core,normal,post_recovery,weekday,48,15,15,15,15,0,0,0,0,1.0,0.0,0.0
2018-01-24,2018-01-24 02:00:00,near,normal,post_recovery,weekday,48,20,19,17,2,17,0,2,1,0.95,0.1,0.10526315789473684
2018-01-24,2018-01-24 02:00:00,outer,normal,post_recovery,weekday,48,3,3,3,0,0,3,0,0,1.0,0.0,0.0
2018-01-24,2018-01-24 03:00:00,core,normal,post_recovery,weekday,48,17,17,16,16,1,0,1,0,1.0,0.058823529411764705,0.058823529411764705
2018-01-24,2018-01-24 03:00:00,near,normal,post_recovery,weekday,48,17,17,17,0,17,0,0,0,1.0,0.0,0.0
2018-01-24,2018-01-24 03:00:00,outer,normal,post_recovery,weekday,48,3,3,3,0,0,3,0,0,1.0,0.0,0.0
2018-01-24,2018-01-24 04:00:00,core,normal,post_recovery,weekday,48,16,16,14,14,2,0,2,0,1.0,0.125,0.125
2018-01-24,2018-01-24 04:00:00,near,normal,post_recovery,weekday,48,20,19,18,0,18,1,1,1,0.95,0.05,0.05263157894736842
2018-01-24,2018-01-24 04:00:00,outer,normal,post_recovery,weekday,48,3,3,3,0,0,3,0,0,1.0,0.0,0.0
2018-01-24,2018-01-24 05:00:00,core,normal,post_recovery,weekday,48,14,14,14,14,0,0,0,0,1.0,0.0,0.0
2018-01-24,2018-01-24 05:00:00,near,normal,post_recovery,weekday,48,20,20,19,0,19,1,1,0,1.0,0.05,0.05
2018-01-24,2018-01-24 05:00:00,outer,normal,post_recovery,weekday,48,4,4,4,0,0,4,0,0,1.0,0.0,0.0
2018-01-24,2018-01-24 06:00:00,core,normal,post_recovery,weekday,48,14,14,14,14,0,0,0,0,1.0,0.0,0.0
2018-01-24,2018-01-24 06:00:00,near,normal,post_recovery,weekday,48,20,19,19,0,19,0,0,1,0.95,0.0,0.0
2018-01-24,2018-01-24 06:00:00,outer,normal,post_recovery,weekday,48,5,5,5,0,0,5,0,0,1.0,0.0,0.0
2018-01-24,2018-01-24 07:00:00,core,normal,post_recovery,weekday,48,14,14,13,13,1,0,1,0,1.0,0.07142857142857142,0.07142857142857142
2018-01-24,2018-01-24 07:00:00,near,normal,post_recovery,weekday,48,19,19,19,0,19,0,0,0,1.0,0.0,0.0
2018-01-24,2018-01-24 07:00:00,outer,normal,post_recovery,weekday,48,7,6,5,0,1,5,1,1,0.8571428571428571,0.14285714285714285,0.16666666666666666
2018-01-24,2018-01-24 08:00:00,core,normal,post_recovery,weekday,48,14,14,14,14,0,0,0,0,1.0,0.0,0.0
2018-01-24,2018-01-24 08:00:00,near,normal,post_recovery,weekday,48,23,21,18,1,18,2,3,2,0.9130434782608695,0.13043478260869565,0.14285714285714285
2018-01-24,2018-01-24 08:00:00,outer,normal,post_recovery,weekday,48,5,5,3,1,1,3,2,0,1.0,0.4,0.4
2018-01-24,2018-01-24 09:00:00,core,normal,post_recovery,weekday,48,16,15,13,13,2,0,2,1,0.9375,0.125,0.13333333333333333
2018-01-24,2018-01-24 09:00:00,near,normal,post_recovery,weekday,48,19,19,16,2,16,1,3,0,1.0,0.15789473684210525,0.15789473684210525
2018-01-24,2018-01-24 09:00:00,outer,normal,post_recovery,weekday,48,5,4,4,0,0,4,0,1,0.8,0.0,0.0
2018-01-24,2018-01-24 10:00:00,core,normal,post_recovery,weekday,48,15,15,14,14,1,0,1,0,1.0,0.06666666666666667,0.06666666666666667
2018-01-24,2018-01-24 10:00:00,near,normal,post_recovery,weekday,48,19,19,16,2,16,1,3,0,1.0,0.15789473684210525,0.15789473684210525
2018-01-24,2018-01-24 10:00:00,outer,normal,post_recovery,weekday,48,6,6,5,0,1,5,1,0,1.0,0.16666666666666666,0.16666666666666666
2018-01-24,2018-01-24 11:00:00,core,normal,post_recovery,weekday,48,16,16,14,14,1,1,2,0,1.0,0.125,0.125
2018-01-24,2018-01-24 11:00:00,near,normal,post_recovery,weekday,48,18,18,17,1,17,0,1,0,1.0,0.05555555555555555,0.05555555555555555
2018-01-24,2018-01-24 11:00:00,outer,normal,post_recovery,weekday,48,7,6,5,0,1,5,1,1,0.8571428571428571,0.14285714285714285,0.16666666666666666
2018-01-24,2018-01-24 12:00:00,core,normal,post_recovery,weekday,48,15,15,14,14,1,0,1,0,1.0,0.06666666666666667,0.06666666666666667
2018-01-24,2018-01-24 12:00:00,near,normal,post_recovery,weekday,48,20,20,19,0,19,1,1,0,1.0,0.05,0.05
2018-01-24,2018-01-24 12:00:00,outer,normal,post_recovery,weekday,48,7,7,7,0,0,7,0,0,1.0,0.0,0.0
2018-01-24,2018-01-24 13:00:00,core,normal,post_recovery,weekday,48,14,14,14,14,0,0,0,0,1.0,0.0,0.0
2018-01-24,2018-01-24 13:00:00,near,normal,post_recovery,weekday,48,21,19,18,1,18,0,1,2,0.9047619047619048,0.047619047619047616,0.05263157894736842
2018-01-24,2018-01-24 13:00:00,outer,normal,post_recovery,weekday,48,8,8,7,0,1,7,1,0,1.0,0.125,0.125
2018-01-24,2018-01-24 14:00:00,core,normal,post_recovery,weekday,48,15,15,8,8,7,0,7,0,1.0,0.4666666666666667,0.4666666666666667
2018-01-24,2018-01-24 14:00:00,near,normal,post_recovery,weekday,48,19,19,18,1,18,0,1,0,1.0,0.05263157894736842,0.05263157894736842
2018-01-24,2018-01-24 14:00:00,outer,normal,post_recovery,weekday,48,7,7,5,1,1,5,2,0,1.0,0.2857142857142857,0.2857142857142857
2018-01-24,2018-01-24 15:00:00,core,normal,post_recovery,weekday,48,10,10,8,8,2,0,2,0,1.0,0.2,0.2
2018-01-24,2018-01-24 15:00:00,near,normal,post_recovery,weekday,48,26,26,22,4,22,0,4,0,1.0,0.15384615384615385,0.15384615384615385
2018-01-24,2018-01-24 15:00:00,outer,normal,post_recovery,weekday,48,5,5,5,0,0,5,0,0,1.0,0.0,0.0
2018-01-24,2018-01-24 16:00:00,core,normal,post_recovery,weekday,48,12,12,10,10,2,0,2,0,1.0,0.16666666666666666,0.16666666666666666
2018-01-24,2018-01-24 16:00:00,near,normal,post_recovery,weekday,48,26,24,20,4,20,0,4,2,0.9230769230769231,0.15384615384615385,0.16666666666666666
2018-01-24,2018-01-24 16:00:00,outer,normal,post_recovery,weekday,48,5,5,5,0,0,5,0,0,1.0,0.0,0.0
2018-01-24,2018-01-24 17:00:00,core,normal,post_recovery,weekday,48,14,14,12,12,2,0,2,0,1.0,0.14285714285714285,0.14285714285714285
2018-01-24,2018-01-24 17:00:00,near,normal,post_recovery,weekday,48,22,21,20,1,20,0,1,1,0.9545454545454546,0.045454545454545456,0.047619047619047616
2018-01-24,2018-01-24 17:00:00,outer,normal,post_recovery,weekday,48,5,5,5,0,0,5,0,0,1.0,0.0,0.0
2018-01-24,2018-01-24 18:00:00,core,normal,post_recovery,weekday,48,13,13,9,9,4,0,4,0,1.0,0.3076923076923077,0.3076923076923077
2018-01-24,2018-01-24 18:00:00,near,normal,post_recovery,weekday,48,23,22,21,1,21,0,1,1,0.9565217391304348,0.043478260869565216,0.045454545454545456
2018-01-24,2018-01-24 18:00:00,outer,normal,post_recovery,weekday,48,5,5,4,1,0,4,1,0,1.0,0.2,0.2
2018-01-24,2018-01-24 19:00:00,core,normal,post_recovery,weekday,48,11,11,4,4,6,1,7,0,1.0,0.6363636363636364,0.6363636363636364
2018-01-24,2018-01-24 19:00:00,near,normal,post_recovery,weekday,48,25,25,24,0,24,1,1,0,1.0,0.04,0.04
2018-01-24,2018-01-24 19:00:00,outer,normal,post_recovery,weekday,48,4,4,4,0,0,4,0,0,1.0,0.0,0.0
2018-01-24,2018-01-24 20:00:00,core,normal,post_recovery,weekday,48,4,4,4,4,0,0,0,0,1.0,0.0,0.0
2018-01-24,2018-01-24 20:00:00,near,normal,post_recovery,weekday,48,30,30,21,9,21,0,9,0,1.0,0.3,0.3
2018-01-24,2018-01-24 20:00:00,outer,normal,post_recovery,weekday,48,6,6,6,0,0,6,0,0,1.0,0.0,0.0
2018-01-24,2018-01-24 21:00:00,core,normal,post_recovery,weekday,48,13,13,13,13,0,0,0,0,1.0,0.0,0.0
2018-01-24,2018-01-24 21:00:00,near,normal,post_recovery,weekday,48,22,22,22,0,22,0,0,0,1.0,0.0,0.0
2018-01-24,2018-01-24 21:00:00,outer,normal,post_recovery,weekday,48,6,5,5,0,0,5,0,1,0.8333333333333334,0.0,0.0
2018-01-24,2018-01-24 22:00:00,core,normal,post_recovery,weekday,48,13,13,11,11,2,0,2,0,1.0,0.15384615384615385,0.15384615384615385
2018-01-24,2018-01-24 22:00:00,near,normal,post_recovery,weekday,48,22,22,22,0,22,0,0,0,1.0,0.0,0.0
2018-01-24,2018-01-24 22:00:00,outer,normal,post_recovery,weekday,48,5,5,5,0,0,5,0,0,1.0,0.0,0.0
2018-01-24,2018-01-24 23:00:00,core,normal,post_recovery,weekday,48,11,0,0,0,0,0,0,11,0.0,0.0,0.0
2018-01-24,2018-01-24 23:00:00,near,normal,post_recovery,weekday,48,24,0,0,0,0,0,0,24,0.0,0.0,0.0
2018-01-24,2018-01-24 23:00:00,outer,normal,post_recovery,weekday,48,5,0,0,0,0,0,0,5,0.0,0.0,0.0
