source_region,target_region,task_key,date_i,date_j,daily_total_i,daily_total_j,period_i,period_j,period_pair,day_type_i,day_type_j,same_day_type,pearson_profile,cosine_similarity,l1_distance,rmse_profile
core,near,core->near,2018-01-01,2018-01-02,28.0,22.0,pre_outage,pre_outage,pre_outage__pre_outage,weekday,weekday,True,0.6923114574994567,0.7715568370271527,0.6168831168831169,0.05610248064191678
core,near,core->near,2018-01-01,2018-01-03,28.0,34.0,pre_outage,pre_outage,pre_outage__pre_outage,weekday,weekday,True,0.5682561630198251,0.68817237179884,1.0336134453781511,0.06397797582139607
core,near,core->near,2018-01-01,2018-01-04,28.0,26.0,pre_outage,pre_outage,pre_outage__pre_outage,weekday,weekday,True,0.3399252222557593,0.5508877785658665,1.043956043956044,0.07395928915369122
core,near,core->near,2018-01-01,2018-01-05,28.0,24.0,pre_outage,pre_outage,pre_outage__pre_outage,weekday,weekday,True,0.41684008457512506,0.5695974368679319,1.2023809523809523,0.07626639322929592
core,near,core->near,2018-01-01,2018-01-06,28.0,16.0,pre_outage,pre_outage,pre_outage__pre_outage,weekday,weekend,False,0.5847653071072916,0.6896715738353066,0.9464285714285715,0.06571250644589172
core,near,core->near,2018-01-01,2018-01-07,28.0,30.0,pre_outage,pre_outage,pre_outage__pre_outage,weekday,weekend,False,-0.12496746062680783,0.2134025742583426,1.5857142857142859,0.09813789718141366
core,near,core->near,2018-01-01,2018-01-08,28.0,19.0,pre_outage,pre_outage,pre_outage__pre_outage,weekday,weekday,True,0.18536532210167317,0.39401921469962786,1.4736842105263155,0.09121384652536878
core,near,core->near,2018-01-01,2018-01-09,28.0,21.0,pre_outage,pre_outage,pre_outage__pre_outage,weekday,weekday,True,0.23573789996030653,0.42465423653754153,1.1904761904761902,0.0902068882672167
core,near,core->near,2018-01-01,2018-01-10,28.0,32.0,pre_outage,pre_outage,pre_outage__pre_outage,weekday,weekday,True,0.19501711260334254,0.45513949424619515,1.2767857142857144,0.08071802232711948
core,near,core->near,2018-01-01,2018-01-11,28.0,27.0,pre_outage,pre_outage,pre_outage__pre_outage,weekday,weekday,True,0.26544770536044093,0.4723760492128549,1.1243386243386242,0.08228835163766539
core,near,core->near,2018-01-01,2018-01-19,28.0,20.0,pre_outage,post_recovery,post_recovery__pre_outage,weekday,weekday,True,0.10249000771134845,0.337868689199743,1.4857142857142858,0.09444611176332716
core,near,core->near,2018-01-01,2018-01-20,28.0,30.0,pre_outage,post_recovery,post_recovery__pre_outage,weekday,weekend,False,0.15138777431607842,0.42719807765094897,1.3095238095238095,0.08254445193790678
core,near,core->near,2018-01-01,2018-01-21,28.0,22.0,pre_outage,post_recovery,post_recovery__pre_outage,weekday,weekend,False,-0.1365039251893875,0.21501831715537345,1.3701298701298703,0.09724464104201495
core,near,core->near,2018-01-01,2018-01-22,28.0,18.0,pre_outage,post_recovery,post_recovery__pre_outage,weekday,weekday,True,0.20410446018002873,0.4117287310174084,1.3015873015873014,0.08922690597089626
core,near,core->near,2018-01-01,2018-01-23,28.0,29.0,pre_outage,post_recovery,post_recovery__pre_outage,weekday,weekday,True,0.5679742755903161,0.6884954422695723,1.019704433497537,0.0638941845202008
core,near,core->near,2018-01-01,2018-01-24,28.0,34.0,pre_outage,post_recovery,post_recovery__pre_outage,weekday,weekday,True,0.23190472424285183,0.45003219648314463,1.1470588235294117,0.08377279201318552
core,near,core->near,2018-01-02,2018-01-03,22.0,34.0,pre_outage,pre_outage,pre_outage__pre_outage,weekday,weekday,True,0.4239334616953707,0.6451791670811046,1.0160427807486632,0.056892841793992545
core,near,core->near,2018-01-02,2018-01-04,22.0,26.0,pre_outage,pre_outage,pre_outage__pre_outage,weekday,weekday,True,0.405174320812074,0.6555213366563069,0.8041958041958042,0.05434598336612709
core,near,core->near,2018-01-02,2018-01-05,22.0,24.0,pre_outage,pre_outage,pre_outage__pre_outage,weekday,weekday,True,0.6087301168283472,0.738032160582753,0.803030303030303,0.05250916371699066
core,near,core->near,2018-01-02,2018-01-06,22.0,16.0,pre_outage,pre_outage,pre_outage__pre_outage,weekday,weekend,False,0.17227222215258145,0.4376881095324084,1.1477272727272725,0.07821534032918297
core,near,core->near,2018-01-02,2018-01-07,22.0,30.0,pre_outage,pre_outage,pre_outage__pre_outage,weekday,weekend,False,-0.0973309554073702,0.3114941626305347,1.3272727272727272,0.0802553698855712
core,near,core->near,2018-01-02,2018-01-08,22.0,19.0,pre_outage,pre_outage,pre_outage__pre_outage,weekday,weekday,True,0.25982414922742153,0.4964376136632223,1.215311004784689,0.07414016739149543
core,near,core->near,2018-01-02,2018-01-09,22.0,21.0,pre_outage,pre_outage,pre_outage__pre_outage,weekday,weekday,True,0.41383883881307304,0.5935404558865895,1.0735930735930734,0.06818754413758572
core,near,core->near,2018-01-02,2018-01-10,22.0,32.0,pre_outage,pre_outage,pre_outage__pre_outage,weekday,weekday,True,0.28813660678240544,0.5805246085833139,1.0454545454545454,0.06032613205752577
core,near,core->near,2018-01-02,2018-01-11,22.0,27.0,pre_outage,pre_outage,pre_outage__pre_outage,weekday,weekday,True,0.29694944673056634,0.5476846305198694,1.0437710437710437,0.0663774491493379
core,near,core->near,2018-01-02,2018-01-19,22.0,20.0,pre_outage,post_recovery,post_recovery__pre_outage,weekday,weekday,True,-0.03547750330888711,0.30376521820404184,1.3545454545454545,0.08601404523658582
core,near,core->near,2018-01-02,2018-01-20,22.0,30.0,pre_outage,post_recovery,post_recovery__pre_outage,weekday,weekend,False,0.11790842701990843,0.4819801865030223,1.103030303030303,0.0668672373122509
core,near,core->near,2018-01-02,2018-01-21,22.0,22.0,pre_outage,post_recovery,post_recovery__pre_outage,weekday,weekend,False,-0.15921740073207127,0.2842867663420887,1.3636363636363638,0.08088695645478265
core,near,core->near,2018-01-02,2018-01-22,22.0,18.0,pre_outage,post_recovery,post_recovery__pre_outage,weekday,weekday,True,0.19134897208561272,0.4552893599173151,1.2626262626262625,0.07623307564032053
core,near,core->near,2018-01-02,2018-01-23,22.0,29.0,pre_outage,post_recovery,post_recovery__pre_outage,weekday,weekday,True,0.31164388130246456,0.5835865144805564,1.109717868338558,0.060942365837666344
core,near,core->near,2018-01-02,2018-01-24,22.0,34.0,pre_outage,post_recovery,post_recovery__pre_outage,weekday,weekday,True,0.41036176822567594,0.6218821436015861,1.0160427807486632,0.06052080613677348
core,near,core->near,2018-01-03,2018-01-04,34.0,26.0,pre_outage,pre_outage,pre_outage__pre_outage,weekday,weekday,True,0.5170326445916237,0.7469029461643668,0.7375565610859729,0.04322885516535141
core,near,core->near,2018-01-03,2018-01-05,34.0,24.0,pre_outage,pre_outage,pre_outage__pre_outage,weekday,weekday,True,0.31242593016541853,0.563621480190678,0.9852941176470588,0.06499335773788623
core,near,core->near,2018-01-03,2018-01-06,34.0,16.0,pre_outage,pre_outage,pre_outage__pre_outage,weekday,weekend,False,0.6299736825702094,0.7559289460184544,0.8602941176470589,0.050431564567530035
core,near,core->near,2018-01-03,2018-01-07,34.0,30.0,pre_outage,pre_outage,pre_outage__pre_outage,weekday,weekend,False,0.37465758761215484,0.6334909551631785,1.011764705882353,0.055482458639749564
core,near,core->near,2018-01-03,2018-01-08,34.0,19.0,pre_outage,pre_outage,pre_outage__pre_outage,weekday,weekday,True,0.08522976582463405,0.4101734961193464,1.238390092879257,0.07696991273050392
core,near,core->near,2018-01-03,2018-01-09,34.0,21.0,pre_outage,pre_outage,pre_outage__pre_outage,weekday,weekday,True,-0.031411196505745045,0.32322996757772704,1.3529411764705883,0.08425701707708896
core,near,core->near,2018-01-03,2018-01-10,34.0,32.0,pre_outage,pre_outage,pre_outage__pre_outage,weekday,weekday,True,0.3168939435206173,0.6317328381028974,0.9080882352941176,0.05279662233257872
core,near,core->near,2018-01-03,2018-01-11,34.0,27.0,pre_outage,pre_outage,pre_outage__pre_outage,weekday,weekday,True,0.2199836322253644,0.5289591311987017,1.0849673202614378,0.06442996759200212
core,near,core->near,2018-01-03,2018-01-19,34.0,20.0,pre_outage,post_recovery,post_recovery__pre_outage,weekday,weekday,True,0.48480260886632587,0.6686478498357317,0.9176470588235295,0.05735294117647059
core,near,core->near,2018-01-03,2018-01-20,34.0,30.0,pre_outage,post_recovery,post_recovery__pre_outage,weekday,weekend,False,0.21180449494251608,0.5744603548097296,1.0549019607843138,0.05679227095513027
core,near,core->near,2018-01-03,2018-01-21,34.0,22.0,pre_outage,post_recovery,post_recovery__pre_outage,weekday,weekend,False,-0.3835430448753361,0.2045792720962428,1.4010695187165774,0.08061028030906361
core,near,core->near,2018-01-03,2018-01-22,34.0,18.0,pre_outage,post_recovery,post_recovery__pre_outage,weekday,weekday,True,0.28329331835507304,0.5413127381832803,1.1372549019607843,0.06723877717651836
core,near,core->near,2018-01-03,2018-01-23,34.0,29.0,pre_outage,post_recovery,post_recovery__pre_outage,weekday,weekday,True,0.520101851806949,0.7322418368317117,0.7809330628803246,0.0458768496934873
core,near,core->near,2018-01-03,2018-01-24,34.0,34.0,pre_outage,post_recovery,post_recovery__pre_outage,weekday,weekday,True,0.039202050909619666,0.4226583843840198,1.0588235294117647,0.07103616052053646
core,near,core->near,2018-01-04,2018-01-05,26.0,24.0,pre_outage,pre_outage,pre_outage__pre_outage,weekday,weekday,True,0.4828973876881517,0.6840061201989612,0.8269230769230769,0.05440856571158647
core,near,core->near,2018-01-04,2018-01-06,26.0,16.0,pre_outage,pre_outage,pre_outage__pre_outage,weekday,weekend,False,0.43410037527230616,0.6471502289294341,0.9038461538461539,0.058783746445372514
core,near,core->near,2018-01-04,2018-01-07,26.0,30.0,pre_outage,pre_outage,pre_outage__pre_outage,weekday,weekend,False,0.06812764727181064,0.5006133717292952,1.158974358974359,0.061787246399753235
core,near,core->near,2018-01-04,2018-01-08,26.0,19.0,pre_outage,pre_outage,pre_outage__pre_outage,weekday,weekday,True,0.21918826984566406,0.5242965552319168,1.2024291497975708,0.06735650620007427
core,near,core->near,2018-01-04,2018-01-09,26.0,21.0,pre_outage,pre_outage,pre_outage__pre_outage,weekday,weekday,True,-0.02203124614524942,0.37272078116443347,1.3663003663003663,0.0785982490206577
core,near,core->near,2018-01-04,2018-01-10,26.0,32.0,pre_outage,pre_outage,pre_outage__pre_outage,weekday,weekday,True,0.32154147286708457,0.6729171801239014,0.7884615384615385,0.046875
core,near,core->near,2018-01-04,2018-01-11,26.0,27.0,pre_outage,pre_outage,pre_outage__pre_outage,weekday,weekday,True,0.19059667713320508,0.5479763089931847,0.9458689458689458,0.06062644145882608
core,near,core->near,2018-01-04,2018-01-19,26.0,20.0,pre_outage,post_recovery,post_recovery__pre_outage,weekday,weekday,True,0.5140386797078252,0.6982375043891674,0.9230769230769231,0.05385759951614095
core,near,core->near,2018-01-04,2018-01-20,26.0,30.0,pre_outage,post_recovery,post_recovery__pre_outage,weekday,weekend,False,0.11554343805495321,0.5726562866782,0.9128205128205128,0.053642267639361384
core,near,core->near,2018-01-04,2018-01-21,26.0,22.0,pre_outage,post_recovery,post_recovery__pre_outage,weekday,weekend,False,-0.1488338039338421,0.40032038451271784,1.1748251748251748,0.0665101999420688
core,near,core->near,2018-01-04,2018-01-22,26.0,18.0,pre_outage,post_recovery,post_recovery__pre_outage,weekday,weekday,True,0.09272518221945722,0.45993310550389993,1.205128205128205,0.07032912271414352
core,near,core->near,2018-01-04,2018-01-23,26.0,29.0,pre_outage,post_recovery,post_recovery__pre_outage,weekday,weekday,True,0.3346732236433666,0.6637465183030647,0.8328912466843501,0.048765984909417075
core,near,core->near,2018-01-04,2018-01-24,26.0,34.0,pre_outage,post_recovery,post_recovery__pre_outage,weekday,weekday,True,-0.0415129809687047,0.4256912234842049,1.16289592760181,0.06776008656955627
core,near,core->near,2018-01-05,2018-01-06,24.0,16.0,pre_outage,pre_outage,pre_outage__pre_outage,weekday,weekend,False,0.3030713228278913,0.5161854012087639,1.1666666666666665,0.07414637675021744
core,near,core->near,2018-01-05,2018-01-07,24.0,30.0,pre_outage,pre_outage,pre_outage__pre_outage,weekday,weekend,False,-0.23983770323659567,0.2011306228191279,1.4166666666666665,0.08878031563609382
core,near,core->near,2018-01-05,2018-01-08,24.0,19.0,pre_outage,pre_outage,pre_outage__pre_outage,weekday,weekday,True,0.09250358036737064,0.3694332255668605,1.2061403508771928,0.08474016405290918
core,near,core->near,2018-01-05,2018-01-09,24.0,21.0,pre_outage,pre_outage,pre_outage__pre_outage,weekday,weekday,True,0.35796537957198876,0.5465380583044303,1.0952380952380953,0.07334563646537509
core,near,core->near,2018-01-05,2018-01-10,24.0,32.0,pre_outage,pre_outage,pre_outage__pre_outage,weekday,weekday,True,0.042132504423474305,0.4205550915959994,1.2083333333333333,0.07285463631374059
core,near,core->near,2018-01-05,2018-01-11,24.0,27.0,pre_outage,pre_outage,pre_outage__pre_outage,weekday,weekday,True,0.21027854287762665,0.4784513169075852,1.222222222222222,0.07317646740449797
core,near,core->near,2018-01-05,2018-01-19,24.0,20.0,pre_outage,post_recovery,post_recovery__pre_outage,weekday,weekday,True,0.24965635722588103,0.4839026693172086,1.1333333333333333,0.07576767609436587
core,near,core->near,2018-01-05,2018-01-20,24.0,30.0,pre_outage,post_recovery,post_recovery__pre_outage,weekday,weekend,False,0.3799416328275232,0.618421052631579,1.1333333333333333,0.05980291706003052
core,near,core->near,2018-01-05,2018-01-21,24.0,22.0,pre_outage,post_recovery,post_recovery__pre_outage,weekday,weekend,False,-0.289140150646359,0.18212319909644356,1.6515151515151514,0.08884709043650642
core,near,core->near,2018-01-05,2018-01-22,24.0,18.0,pre_outage,post_recovery,post_recovery__pre_outage,weekday,weekday,True,0.2259908824283216,0.46690726310960046,1.1944444444444444,0.07712190393035964
core,near,core->near,2018-01-05,2018-01-23,24.0,29.0,pre_outage,post_recovery,post_recovery__pre_outage,weekday,weekday,True,0.3639469926928703,0.6013200334584025,1.1293103448275863,0.06168407609194644
core,near,core->near,2018-01-05,2018-01-24,24.0,34.0,pre_outage,post_recovery,post_recovery__pre_outage,weekday,weekday,True,0.1226374733384286,0.4225429092074053,1.1862745098039216,0.07677348049584476
core,near,core->near,2018-01-06,2018-01-07,16.0,30.0,pre_outage,pre_outage,pre_outage__pre_outage,weekend,weekend,True,0.13215987269803312,0.42975885260783064,1.2333333333333334,0.07662211869998163
core,near,core->near,2018-01-06,2018-01-08,16.0,19.0,pre_outage,pre_outage,pre_outage__pre_outage,weekend,weekday,False,-0.055220813952623835,0.25671801540513517,1.5789473684210524,0.09343688091757345
core,near,core->near,2018-01-06,2018-01-09,16.0,21.0,pre_outage,pre_outage,pre_outage__pre_outage,weekend,weekday,False,-0.05698414280707554,0.24433888871261045,1.5,0.09598694924596779
core,near,core->near,2018-01-06,2018-01-10,16.0,32.0,pre_outage,pre_outage,pre_outage__pre_outage,weekend,weekday,False,0.02012109091463835,0.3953868350792742,1.375,0.0760131224964918
core,near,core->near,2018-01-06,2018-01-11,16.0,27.0,pre_outage,pre_outage,pre_outage__pre_outage,weekend,weekday,False,0.08216351900619846,0.3841749099639162,1.4074074074074074,0.08094683777894357
core,near,core->near,2018-01-06,2018-01-19,16.0,20.0,pre_outage,post_recovery,post_recovery__pre_outage,weekend,weekday,False,0.44439385938111164,0.6123724356957946,0.925,0.0667317390751957
core,near,core->near,2018-01-06,2018-01-20,16.0,30.0,pre_outage,post_recovery,post_recovery__pre_outage,weekend,weekend,True,0.22414110388271227,0.516185401208764,1.1583333333333332,0.06848644769966186
core,near,core->near,2018-01-06,2018-01-21,16.0,22.0,pre_outage,post_recovery,post_recovery__pre_outage,weekend,weekend,True,-0.13808377493425705,0.2646188733785785,1.4204545454545454,0.08595021662737105
core,near,core->near,2018-01-06,2018-01-22,16.0,18.0,pre_outage,post_recovery,post_recovery__pre_outage,weekend,weekday,False,-0.035975257531301805,0.27638539919628335,1.5416666666666665,0.09129589718942138
core,near,core->near,2018-01-06,2018-01-23,16.0,29.0,pre_outage,post_recovery,post_recovery__pre_outage,weekend,weekday,False,0.6032196408324064,0.7407437469876467,0.8793103448275862,0.051671728716516825
core,near,core->near,2018-01-06,2018-01-24,16.0,34.0,pre_outage,post_recovery,post_recovery__pre_outage,weekend,weekday,False,-0.058567602005857144,0.2923526731023431,1.4044117647058822,0.08649478202954847
core,near,core->near,2018-01-07,2018-01-08,30.0,19.0,pre_outage,pre_outage,pre_outage__pre_outage,weekend,weekday,False,-0.2163120010006022,0.20219900811313526,1.5228070175438595,0.09050687719128664
core,near,core->near,2018-01-07,2018-01-09,30.0,21.0,pre_outage,pre_outage,pre_outage__pre_outage,weekend,weekday,False,-0.3100268689366403,0.12600816055272462,1.6095238095238096,0.09674404597100021
core,near,core->near,2018-01-07,2018-01-10,30.0,32.0,pre_outage,pre_outage,pre_outage__pre_outage,weekend,weekday,False,0.20209926185063565,0.5561050666251612,1.1583333333333334,0.05925304238946223
core,near,core->near,2018-01-07,2018-01-11,30.0,27.0,pre_outage,pre_outage,pre_outage__pre_outage,weekend,weekday,False,-0.10545023850593477,0.31699693153307373,1.4444444444444446,0.07883612679460093
core,near,core->near,2018-01-07,2018-01-19,30.0,20.0,pre_outage,post_recovery,post_recovery__pre_outage,weekend,weekday,False,0.152414200439379,0.44914769123547676,1.1666666666666667,0.07438015466108826
core,near,core->near,2018-01-07,2018-01-20,30.0,30.0,pre_outage,post_recovery,post_recovery__pre_outage,weekend,weekend,True,0.11792560169346653,0.5087421636013236,1.0666666666666667,0.06236095644623236
core,near,core->near,2018-01-07,2018-01-21,30.0,22.0,pre_outage,post_recovery,post_recovery__pre_outage,weekend,weekend,True,-0.2899953312406614,0.23819653367016547,1.503030303030303,0.08039826637812851
core,near,core->near,2018-01-07,2018-01-22,30.0,18.0,pre_outage,post_recovery,post_recovery__pre_outage,weekend,weekday,False,0.15658105433828035,0.45092854983906405,1.2444444444444445,0.07439744232074322
core,near,core->near,2018-01-07,2018-01-23,30.0,29.0,pre_outage,post_recovery,post_recovery__pre_outage,weekend,weekday,False,0.11809581464873255,0.4936737111447552,1.245977011494253,0.06437209208566723
core,near,core->near,2018-01-07,2018-01-24,30.0,34.0,pre_outage,post_recovery,post_recovery__pre_outage,weekend,weekday,False,-0.18383181210142466,0.27138488259447746,1.2784313725490195,0.0811576815109338
core,near,core->near,2018-01-08,2018-01-09,19.0,21.0,pre_outage,pre_outage,pre_outage__pre_outage,weekday,weekday,True,-0.11060688279920412,0.20528572777068285,1.588972431077694,0.09854172126757202
core,near,core->near,2018-01-08,2018-01-10,19.0,32.0,pre_outage,pre_outage,pre_outage__pre_outage,weekday,weekday,True,0.1942208075326035,0.4982870795835374,1.1644736842105263,0.06973341548598952
core,near,core->near,2018-01-08,2018-01-11,19.0,27.0,pre_outage,pre_outage,pre_outage__pre_outage,weekday,weekday,True,0.7959649618670621,0.8607239603291612,0.6159844054580896,0.03916059180827511
core,near,core->near,2018-01-08,2018-01-19,19.0,20.0,pre_outage,post_recovery,post_recovery__pre_outage,weekday,weekday,True,-0.18650240879235344,0.17149858514250882,1.4947368421052631,0.09766136586322899
core,near,core->near,2018-01-08,2018-01-20,19.0,30.0,pre_outage,post_recovery,post_recovery__pre_outage,weekday,weekend,False,0.2486059914354289,0.5300563671176693,1.1333333333333333,0.06767853210440908
core,near,core->near,2018-01-08,2018-01-21,19.0,22.0,pre_outage,post_recovery,post_recovery__pre_outage,weekday,weekend,False,0.23970536749645616,0.505282552159027,1.2296650717703348,0.07095496431592258
core,near,core->near,2018-01-08,2018-01-22,19.0,18.0,pre_outage,post_recovery,post_recovery__pre_outage,weekday,weekday,True,0.2340194777573751,0.464420364012824,1.2456140350877192,0.07863993276391543
core,near,core->near,2018-01-08,2018-01-23,19.0,29.0,pre_outage,post_recovery,post_recovery__pre_outage,weekday,weekday,True,0.2585216442382133,0.5266031944165815,1.0635208711433757,0.068632382272088
core,near,core->near,2018-01-08,2018-01-24,19.0,34.0,pre_outage,post_recovery,post_recovery__pre_outage,weekday,weekday,True,0.2227521262954038,0.4789694820193478,1.1919504643962848,0.0744389995164563
core,near,core->near,2018-01-09,2018-01-10,21.0,32.0,pre_outage,pre_outage,pre_outage__pre_outage,weekday,weekday,True,0.2832060301741335,0.5401286694122056,1.181547619047619,0.0688863808255769
core,near,core->near,2018-01-09,2018-01-11,21.0,27.0,pre_outage,pre_outage,pre_outage__pre_outage,weekday,weekday,True,-0.03212384366787573,0.2950164503686729,1.46031746031746,0.08854862648169082
core,near,core->near,2018-01-09,2018-01-19,21.0,20.0,pre_outage,post_recovery,post_recovery__pre_outage,weekday,weekday,True,-0.05867617802020162,0.24937733402690823,1.4142857142857141,0.0947582156097718
core,near,core->near,2018-01-09,2018-01-20,21.0,30.0,pre_outage,post_recovery,post_recovery__pre_outage,weekday,weekend,False,0.017334091769940923,0.3783725019030671,1.3523809523809525,0.07923004385224346
core,near,core->near,2018-01-09,2018-01-21,21.0,22.0,pre_outage,post_recovery,post_recovery__pre_outage,weekday,weekend,False,0.07475156272684089,0.38794008872222907,1.354978354978355,0.08058714127230958
core,near,core->near,2018-01-09,2018-01-22,21.0,18.0,pre_outage,post_recovery,post_recovery__pre_outage,weekday,weekday,True,0.1622931876708975,0.40519020777606657,1.222222222222222,0.08449057895593287
core,near,core->near,2018-01-09,2018-01-23,21.0,29.0,pre_outage,post_recovery,post_recovery__pre_outage,weekday,weekday,True,0.03597612998658892,0.37590750822415164,1.3793103448275863,0.0803158235613082
core,near,core->near,2018-01-09,2018-01-24,21.0,34.0,pre_outage,post_recovery,post_recovery__pre_outage,weekday,weekday,True,0.4478406630522,0.6214682071444919,0.9719887955182072,0.06516619747875743
core,near,core->near,2018-01-10,2018-01-11,32.0,27.0,pre_outage,pre_outage,pre_outage__pre_outage,weekday,weekday,True,0.355993294906852,0.6273177813255112,0.9537037037037037,0.05595898243017366
core,near,core->near,2018-01-10,2018-01-19,32.0,20.0,pre_outage,post_recovery,post_recovery__pre_outage,weekday,weekday,True,0.1574609667313015,0.48424799847909306,1.2625000000000002,0.06948002560688456
core,near,core->near,2018-01-10,2018-01-20,32.0,30.0,pre_outage,post_recovery,post_recovery__pre_outage,weekday,weekend,False,0.02448265915705642,0.5071399633951759,0.9833333333333334,0.05881190099864205
core,near,core->near,2018-01-10,2018-01-21,32.0,22.0,pre_outage,post_recovery,post_recovery__pre_outage,weekday,weekend,False,-0.09598095926633497,0.4046723241370486,1.2045454545454546,0.0674828040921574
core,near,core->near,2018-01-10,2018-01-22,32.0,18.0,pre_outage,post_recovery,post_recovery__pre_outage,weekday,weekday,True,0.5226279506296223,0.6990252954195318,0.9027777777777777,0.054191515549117907
core,near,core->near,2018-01-10,2018-01-23,32.0,29.0,pre_outage,post_recovery,post_recovery__pre_outage,weekday,weekday,True,-0.06253865964989892,0.44239265983818876,1.105603448275862,0.06388656534064556
core,near,core->near,2018-01-10,2018-01-24,32.0,34.0,pre_outage,post_recovery,post_recovery__pre_outage,weekday,weekday,True,0.07836652896671165,0.472877992410959,1.0992647058823528,0.06599537789969395
core,near,core->near,2018-01-11,2018-01-19,27.0,20.0,pre_outage,post_recovery,post_recovery__pre_outage,weekday,weekday,True,-0.05640213844865521,0.2987404766321472,1.4037037037037037,0.08533769225406856
core,near,core->near,2018-01-11,2018-01-20,27.0,30.0,pre_outage,post_recovery,post_recovery__pre_outage,weekday,weekend,False,0.40544920165835474,0.654722854715643,0.9629629629629629,0.05396911850467752
core,near,core->near,2018-01-11,2018-01-21,27.0,22.0,pre_outage,post_recovery,post_recovery__pre_outage,weekday,weekend,False,0.1110478782970146,0.4594500816302465,1.1750841750841752,0.06933765553795049
core,near,core->near,2018-01-11,2018-01-22,27.0,18.0,pre_outage,post_recovery,post_recovery__pre_outage,weekday,weekday,True,0.39312854953815796,0.5957130530893456,0.9259259259259259,0.06503489970896752
core,near,core->near,2018-01-11,2018-01-23,27.0,29.0,pre_outage,post_recovery,post_recovery__pre_outage,weekday,weekday,True,0.2846352097369997,0.5754047237821716,0.9144316730523626,0.060523913189071646
core,near,core->near,2018-01-11,2018-01-24,27.0,34.0,pre_outage,post_recovery,post_recovery__pre_outage,weekday,weekday,True,0.0723823092200254,0.41395938516621633,1.261437908496732,0.0743385906762632
core,near,core->near,2018-01-19,2018-01-20,20.0,30.0,post_recovery,post_recovery,post_recovery__post_recovery,weekday,weekend,False,0.211013984535999,0.5151221963699317,1.1,0.06752914322857344
core,near,core->near,2018-01-19,2018-01-21,20.0,22.0,post_recovery,post_recovery,post_recovery__post_recovery,weekday,weekend,False,-0.35158202885119216,0.1374929852307176,1.6272727272727274,0.0918230571762948
core,near,core->near,2018-01-19,2018-01-22,20.0,18.0,post_recovery,post_recovery,post_recovery__post_recovery,weekday,weekday,True,0.05926955847701992,0.3487592244414428,1.3666666666666667,0.08572194018340103
core,near,core->near,2018-01-19,2018-01-23,20.0,29.0,post_recovery,post_recovery,post_recovery__post_recovery,weekday,weekday,True,0.09685434026839883,0.4342259648526198,1.293103448275862,0.0735996901327293
core,near,core->near,2018-01-19,2018-01-24,20.0,34.0,post_recovery,post_recovery,post_recovery__post_recovery,weekday,weekday,True,-0.07839865151767929,0.28644594961577313,1.488235294117647,0.08584591625666851
core,near,core->near,2018-01-20,2018-01-21,30.0,22.0,post_recovery,post_recovery,post_recovery__post_recovery,weekend,weekend,True,0.19856393990358234,0.5629262517526437,1.0787878787878786,0.0579467050879332
core,near,core->near,2018-01-20,2018-01-22,30.0,18.0,post_recovery,post_recovery,post_recovery__post_recovery,weekend,weekday,False,0.24804966296918665,0.5360787094962078,1.1333333333333333,0.06627974136360475
core,near,core->near,2018-01-20,2018-01-23,30.0,29.0,post_recovery,post_recovery,post_recovery__post_recovery,weekend,weekday,False,0.6157943843448139,0.7974026530644033,0.6551724137931034,0.03860711766636792
core,near,core->near,2018-01-20,2018-01-24,30.0,34.0,post_recovery,post_recovery,post_recovery__post_recovery,weekend,weekday,False,0.15143401606464432,0.5130878183232779,1.0705882352941174,0.06354171590685154
core,near,core->near,2018-01-21,2018-01-22,22.0,18.0,post_recovery,post_recovery,post_recovery__post_recovery,weekend,weekday,False,-0.18876877583786,0.23935677693908453,1.5454545454545454,0.08646301408195085
core,near,core->near,2018-01-21,2018-01-23,22.0,29.0,post_recovery,post_recovery,post_recovery__post_recovery,weekend,weekday,False,0.24629092108856704,0.5757077330897978,0.9686520376175549,0.05809953916254118
core,near,core->near,2018-01-21,2018-01-24,22.0,34.0,post_recovery,post_recovery,post_recovery__post_recovery,weekend,weekday,False,0.3946203358405173,0.6329621044272915,0.9251336898395721,0.05698700932071421
core,near,core->near,2018-01-22,2018-01-23,18.0,29.0,post_recovery,post_recovery,post_recovery__post_recovery,weekday,weekday,True,0.14675748794622348,0.4638654896022335,1.1839080459770115,0.07185397887233844
core,near,core->near,2018-01-22,2018-01-24,18.0,34.0,post_recovery,post_recovery,post_recovery__post_recovery,weekday,weekday,True,0.05004088342234803,0.37022011974356156,1.3006535947712417,0.08081768282343664
core,near,core->near,2018-01-23,2018-01-24,29.0,34.0,post_recovery,post_recovery,post_recovery__post_recovery,weekday,weekday,True,0.27163009524267706,0.5697152135720308,1.026369168356998,0.06068901451538933
core,outer,core->outer,2018-01-01,2018-01-02,3.0,5.0,pre_outage,pre_outage,pre_outage__pre_outage,weekday,weekday,True,0.09482093118615215,0.2182178902359924,1.5999999999999999,0.1414213562373095
core,outer,core->outer,2018-01-01,2018-01-03,3.0,7.0,pre_outage,pre_outage,pre_outage__pre_outage,weekday,weekday,True,0.029247769028706228,0.19245008972987526,1.7142857142857144,0.13256581816261956
core,outer,core->outer,2018-01-01,2018-01-04,3.0,4.0,pre_outage,pre_outage,pre_outage__pre_outage,weekday,weekday,True,-0.10101525445522097,0.0,2.0,0.19982631347136331
core,outer,core->outer,2018-01-01,2018-01-05,3.0,3.0,pre_outage,pre_outage,pre_outage__pre_outage,weekday,weekday,True,0.23809523809523792,0.3333333333333333,1.3333333333333333,0.13608276348795434
core,outer,core->outer,2018-01-01,2018-01-06,3.0,3.0,pre_outage,pre_outage,pre_outage__pre_outage,weekday,weekend,False,-0.10762440050012621,0.0,2.0,0.19245008972987526
core,outer,core->outer,2018-01-01,2018-01-07,3.0,4.0,pre_outage,pre_outage,pre_outage__pre_outage,weekday,weekend,False,0.1690308509457033,0.28867513459481287,1.5,0.13176156917368245
core,outer,core->outer,2018-01-01,2018-01-08,3.0,5.0,pre_outage,pre_outage,pre_outage__pre_outage,weekday,weekday,True,0.3476767476825575,0.4364357804719848,1.2,0.12018504251546631
core,outer,core->outer,2018-01-01,2018-01-09,3.0,10.0,pre_outage,pre_outage,pre_outage__pre_outage,weekday,weekday,True,0.1345683912048771,0.28867513459481287,1.5999999999999999,0.1224744871391589
core,outer,core->outer,2018-01-01,2018-01-10,3.0,6.0,pre_outage,pre_outage,pre_outage__pre_outage,weekday,weekday,True,0.05292561240249635,0.18257418583505536,1.6666666666666667,0.14433756729740643
core,outer,core->outer,2018-01-01,2018-01-11,3.0,6.0,pre_outage,pre_outage,pre_outage__pre_outage,weekday,weekday,True,-0.18156825980064073,0.0,2.0,0.15214515486254615
core,outer,core->outer,2018-01-01,2018-01-19,3.0,4.0,pre_outage,post_recovery,post_recovery__pre_outage,weekday,weekday,True,-0.1690308509457033,0.0,2.0,0.15590239111558088
core,outer,core->outer,2018-01-01,2018-01-20,3.0,7.0,pre_outage,post_recovery,post_recovery__pre_outage,weekday,weekend,False,-0.16314401485114016,0.0,1.9999999999999998,0.1579345138264476
core,outer,core->outer,2018-01-01,2018-01-21,3.0,7.0,pre_outage,post_recovery,post_recovery__pre_outage,weekday,weekend,False,-0.16314401485114016,0.0,1.9999999999999998,0.1579345138264476
core,outer,core->outer,2018-01-01,2018-01-22,3.0,6.0,pre_outage,post_recovery,post_recovery__pre_outage,weekday,weekday,True,0.36369648372665386,0.4714045207910318,1.3333333333333333,0.10758287072798381
core,outer,core->outer,2018-01-01,2018-01-23,3.0,9.0,pre_outage,post_recovery,post_recovery__pre_outage,weekday,weekday,True,-0.01951800145897064,0.13245323570650439,1.7777777777777777,0.14344382763731173
core,outer,core->outer,2018-01-01,2018-01-24,3.0,2.0,pre_outage,post_recovery,post_recovery__pre_outage,weekday,weekday,True,0.3418817293789138,0.408248290463863,1.3333333333333333,0.14433756729740643
core,outer,core->outer,2018-01-02,2018-01-03,5.0,7.0,pre_outage,pre_outage,pre_outage__pre_outage,weekday,weekday,True,-0.07118138449009845,0.1259881576697424,1.7142857142857142,0.13014905113063285
core,outer,core->outer,2018-01-02,2018-01-04,5.0,4.0,pre_outage,pre_outage,pre_outage__pre_outage,weekday,weekday,True,0.8269317890951966,0.8366600265340755,0.8,0.0924211375534118
core,outer,core->outer,2018-01-02,2018-01-05,5.0,3.0,pre_outage,pre_outage,pre_outage__pre_outage,weekday,weekday,True,-0.15803488531025348,0.0,2.0,0.15986105077709065
core,outer,core->outer,2018-01-02,2018-01-06,5.0,3.0,pre_outage,pre_outage,pre_outage__pre_outage,weekday,weekend,False,0.8334120796914897,0.8451542547285165,0.7999999999999998,0.08388704928078611
core,outer,core->outer,2018-01-02,2018-01-07,5.0,4.0,pre_outage,pre_outage,pre_outage__pre_outage,weekday,weekend,False,0.0373978796003383,0.1889822365046136,1.6,0.13385315336840845
core,outer,core->outer,2018-01-02,2018-01-08,5.0,5.0,pre_outage,pre_outage,pre_outage__pre_outage,weekday,weekday,True,0.3286713286713285,0.4285714285714286,1.2,0.11547005383792516
core,outer,core->outer,2018-01-02,2018-01-09,5.0,10.0,pre_outage,pre_outage,pre_outage__pre_outage,weekday,weekday,True,0.7046300422941788,0.7559289460184545,1.0,0.07071067811865477
core,outer,core->outer,2018-01-02,2018-01-10,5.0,6.0,pre_outage,pre_outage,pre_outage__pre_outage,weekday,weekday,True,-0.035129190961214446,0.11952286093343935,1.6666666666666667,0.14304881321759705
core,outer,core->outer,2018-01-02,2018-01-11,5.0,6.0,pre_outage,pre_outage,pre_outage__pre_outage,weekday,weekday,True,0.2812023673130505,0.4008918628686366,1.2666666666666666,0.11221672153735643
core,outer,core->outer,2018-01-02,2018-01-19,5.0,4.0,pre_outage,post_recovery,post_recovery__pre_outage,weekday,weekday,True,0.2617851572023677,0.3779644730092272,1.5,0.11726039399558576
core,outer,core->outer,2018-01-02,2018-01-20,5.0,7.0,pre_outage,post_recovery,post_recovery__pre_outage,weekday,weekend,False,0.6858130549830422,0.7337993857053429,0.9142857142857143,0.07781016494461043
core,outer,core->outer,2018-01-02,2018-01-21,5.0,7.0,pre_outage,post_recovery,post_recovery__pre_outage,weekday,weekend,False,-0.1804771197323796,0.0,2.0,0.15073515991756584
core,outer,core->outer,2018-01-02,2018-01-22,5.0,6.0,pre_outage,post_recovery,post_recovery__pre_outage,weekday,weekday,True,-0.04828045495852677,0.1543033499620919,1.6666666666666665,0.12583057392117916
core,outer,core->outer,2018-01-02,2018-01-23,5.0,9.0,pre_outage,post_recovery,post_recovery__pre_outage,weekday,weekday,True,0.6347952701186697,0.693687975619296,0.9333333333333333,0.08139726287346634
core,outer,core->outer,2018-01-02,2018-01-24,5.0,2.0,pre_outage,post_recovery,post_recovery__pre_outage,weekday,weekday,True,-0.12606822641482482,0.0,2.0,0.18027756377319948
core,outer,core->outer,2018-01-03,2018-01-04,7.0,4.0,pre_outage,pre_outage,pre_outage__pre_outage,weekday,weekday,True,-0.02068129581477601,0.10540925533894596,1.7142857142857142,0.17526704600399354
core,outer,core->outer,2018-01-03,2018-01-05,7.0,3.0,pre_outage,pre_outage,pre_outage__pre_outage,weekday,weekday,True,-0.20473438320094328,0.0,2.0,0.1467717619754518
core,outer,core->outer,2018-01-03,2018-01-06,7.0,3.0,pre_outage,pre_outage,pre_outage__pre_outage,weekday,weekend,False,-0.15424090677635238,0.0,2.0,0.1755027332340951
core,outer,core->outer,2018-01-03,2018-01-07,7.0,4.0,pre_outage,pre_outage,pre_outage__pre_outage,weekday,weekend,False,-0.242244989072094,0.0,2.0,0.13442368798376447
core,outer,core->outer,2018-01-03,2018-01-08,7.0,5.0,pre_outage,pre_outage,pre_outage__pre_outage,weekday,weekday,True,0.08412345439738912,0.2519763153394848,1.7142857142857142,0.12065580437447551
core,outer,core->outer,2018-01-03,2018-01-09,7.0,10.0,pre_outage,pre_outage,pre_outage__pre_outage,weekday,weekday,True,-0.10101951409613705,0.16666666666666666,1.5999999999999999,0.10926470386270253
core,outer,core->outer,2018-01-03,2018-01-10,7.0,6.0,pre_outage,pre_outage,pre_outage__pre_outage,weekday,weekday,True,0.29256370049044655,0.42163702135578385,1.4285714285714284,0.10625736380155462
core,outer,core->outer,2018-01-03,2018-01-11,7.0,6.0,pre_outage,pre_outage,pre_outage__pre_outage,weekday,weekday,True,0.3345593911123751,0.4714045207910317,1.380952380952381,0.09474076497074065
core,outer,core->outer,2018-01-03,2018-01-19,7.0,4.0,pre_outage,post_recovery,post_recovery__pre_outage,weekday,weekday,True,-0.034606427010299166,0.16666666666666666,1.7142857142857142,0.12285575857470413
core,outer,core->outer,2018-01-03,2018-01-20,7.0,7.0,pre_outage,post_recovery,post_recovery__pre_outage,weekday,weekend,False,0.22426512784475222,0.36980013081681945,1.1428571428571428,0.10910894511799618
core,outer,core->outer,2018-01-03,2018-01-21,7.0,7.0,pre_outage,post_recovery,post_recovery__pre_outage,weekday,weekend,False,0.22426512784475222,0.36980013081681945,1.1428571428571428,0.10910894511799618
core,outer,core->outer,2018-01-03,2018-01-22,7.0,6.0,pre_outage,post_recovery,post_recovery__pre_outage,weekday,weekday,True,0.044676705160877114,0.2721655269759087,1.4285714285714284,0.10309826235529031
core,outer,core->outer,2018-01-03,2018-01-23,7.0,9.0,pre_outage,post_recovery,post_recovery__pre_outage,weekday,weekday,True,0.035964053910157216,0.22941573387056177,1.492063492063492,0.1160106452342894
core,outer,core->outer,2018-01-03,2018-01-24,7.0,2.0,pre_outage,post_recovery,post_recovery__pre_outage,weekday,weekday,True,0.1166582416534396,0.2357022603955158,1.7142857142857142,0.15011333586807726
core,outer,core->outer,2018-01-04,2018-01-05,4.0,3.0,pre_outage,pre_outage,pre_outage__pre_outage,weekday,weekday,True,-0.10101525445522097,0.0,2.0,0.19982631347136331
core,outer,core->outer,2018-01-04,2018-01-06,4.0,3.0,pre_outage,pre_outage,pre_outage__pre_outage,weekday,weekend,False,0.8371213775625367,0.848528137423857,0.6666666666666667,0.08673608331108887
core,outer,core->outer,2018-01-04,2018-01-07,4.0,4.0,pre_outage,pre_outage,pre_outage__pre_outage,weekday,weekend,False,-0.11952286093343922,0.0,2.0,0.19094065395649334
core,outer,core->outer,2018-01-04,2018-01-08,4.0,5.0,pre_outage,pre_outage,pre_outage__pre_outage,weekday,weekday,True,0.1564465546936859,0.2390457218668787,1.5,0.1713913650100261
core,outer,core->outer,2018-01-04,2018-01-09,4.0,10.0,pre_outage,pre_outage,pre_outage__pre_outage,weekday,weekday,True,0.7929518496194387,0.7905694150420945,1.2,0.10897247358851685
core,outer,core->outer,2018-01-04,2018-01-10,4.0,6.0,pre_outage,pre_outage,pre_outage__pre_outage,weekday,weekday,True,-0.11227217828476789,0.0,1.9999999999999998,0.19394777838567975
core,outer,core->outer,2018-01-04,2018-01-11,4.0,6.0,pre_outage,pre_outage,pre_outage__pre_outage,weekday,weekday,True,0.12838814775327378,0.22360679774997896,1.4999999999999998,0.16839382851364085
core,outer,core->outer,2018-01-04,2018-01-19,4.0,4.0,pre_outage,post_recovery,post_recovery__pre_outage,weekday,weekday,True,0.4183300132670374,0.4743416490252569,1.5,0.14433756729740643
core,outer,core->outer,2018-01-04,2018-01-20,4.0,7.0,pre_outage,post_recovery,post_recovery__pre_outage,weekday,weekend,False,0.8734418111708168,0.8770580193070291,0.8571428571428571,0.08563984863058428
core,outer,core->outer,2018-01-04,2018-01-21,4.0,7.0,pre_outage,post_recovery,post_recovery__pre_outage,weekday,weekend,False,-0.11536023921123992,0.0,2.0,0.19260344865908852
core,outer,core->outer,2018-01-04,2018-01-22,4.0,6.0,pre_outage,post_recovery,post_recovery__pre_outage,weekday,weekday,True,-0.15430334996209183,0.0,2.0,0.18162078931419473
core,outer,core->outer,2018-01-04,2018-01-23,4.0,9.0,pre_outage,post_recovery,post_recovery__pre_outage,weekday,weekday,True,0.7866747376502832,0.7980238751210128,0.888888888888889,0.10174657859183292
core,outer,core->outer,2018-01-04,2018-01-24,4.0,2.0,pre_outage,post_recovery,post_recovery__pre_outage,weekday,weekday,True,-0.08058229640253797,0.0,2.0,0.21650635094610965
core,outer,core->outer,2018-01-05,2018-01-06,3.0,3.0,pre_outage,pre_outage,pre_outage__pre_outage,weekday,weekend,False,-0.10762440050012621,0.0,2.0,0.19245008972987526
core,outer,core->outer,2018-01-05,2018-01-07,3.0,4.0,pre_outage,pre_outage,pre_outage__pre_outage,weekday,weekend,False,-0.1690308509457033,0.0,1.9999999999999998,0.15590239111558088
core,outer,core->outer,2018-01-05,2018-01-08,3.0,5.0,pre_outage,pre_outage,pre_outage__pre_outage,weekday,weekday,True,0.09482093118615215,0.2182178902359924,1.6,0.1414213562373095
core,outer,core->outer,2018-01-05,2018-01-09,3.0,10.0,pre_outage,pre_outage,pre_outage__pre_outage,weekday,weekday,True,0.1345683912048771,0.28867513459481287,1.6,0.1224744871391589
core,outer,core->outer,2018-01-05,2018-01-10,3.0,6.0,pre_outage,pre_outage,pre_outage__pre_outage,weekday,weekday,True,0.05292561240249634,0.18257418583505536,1.6666666666666667,0.14433756729740643
core,outer,core->outer,2018-01-05,2018-01-11,3.0,6.0,pre_outage,pre_outage,pre_outage__pre_outage,weekday,weekday,True,-0.1815682598006407,0.0,2.0,0.15214515486254615
core,outer,core->outer,2018-01-05,2018-01-19,3.0,4.0,pre_outage,post_recovery,post_recovery__pre_outage,weekday,weekday,True,0.1690308509457034,0.28867513459481287,1.5,0.13176156917368245
core,outer,core->outer,2018-01-05,2018-01-20,3.0,7.0,pre_outage,post_recovery,post_recovery__pre_outage,weekday,weekend,False,-0.16314401485114016,0.0,1.9999999999999998,0.1579345138264476
core,outer,core->outer,2018-01-05,2018-01-21,3.0,7.0,pre_outage,post_recovery,post_recovery__pre_outage,weekday,weekend,False,-0.16314401485114016,0.0,1.9999999999999998,0.1579345138264476
core,outer,core->outer,2018-01-05,2018-01-22,3.0,6.0,pre_outage,post_recovery,post_recovery__pre_outage,weekday,weekday,True,0.07273929674533079,0.2357022603955159,1.6666666666666665,0.1272937693043289
core,outer,core->outer,2018-01-05,2018-01-23,3.0,9.0,pre_outage,post_recovery,post_recovery__pre_outage,weekday,weekday,True,0.2927700218845599,0.39735970711951313,1.3333333333333333,0.12001371663718259
core,outer,core->outer,2018-01-05,2018-01-24,3.0,2.0,pre_outage,post_recovery,post_recovery__pre_outage,weekday,weekday,True,0.34188172937891387,0.408248290463863,1.3333333333333333,0.14433756729740643
core,outer,core->outer,2018-01-06,2018-01-07,3.0,4.0,pre_outage,pre_outage,pre_outage__pre_outage,weekend,weekend,True,-0.12734290799340256,0.0,2.0,0.183207027198235
core,outer,core->outer,2018-01-06,2018-01-08,3.0,5.0,pre_outage,pre_outage,pre_outage__pre_outage,weekend,weekday,False,-0.11905886852735564,0.0,2.0,0.1865872847082963
core,outer,core->outer,2018-01-06,2018-01-09,3.0,10.0,pre_outage,pre_outage,pre_outage__pre_outage,weekend,weekday,False,0.6420726810496498,0.6708203932499368,1.4,0.11466537466972386
core,outer,core->outer,2018-01-06,2018-01-10,3.0,6.0,pre_outage,pre_outage,pre_outage__pre_outage,weekend,weekday,False,-0.11961783342433496,0.0,1.9999999999999998,0.18633899812498245
core,outer,core->outer,2018-01-06,2018-01-11,3.0,6.0,pre_outage,pre_outage,pre_outage__pre_outage,weekend,weekday,False,0.04559607525875528,0.15811388300841894,1.6666666666666665,0.16666666666666669
core,outer,core->outer,2018-01-06,2018-01-19,3.0,4.0,pre_outage,post_recovery,post_recovery__pre_outage,weekend,weekday,False,0.38202872398020765,0.4472135954999579,1.5,0.14027090192169553
core,outer,core->outer,2018-01-06,2018-01-20,3.0,7.0,pre_outage,post_recovery,post_recovery__pre_outage,weekend,weekend,True,0.7198893485350435,0.7442084075352507,1.1428571428571428,0.1019462903068661
core,outer,core->outer,2018-01-06,2018-01-21,3.0,7.0,pre_outage,post_recovery,post_recovery__pre_outage,weekend,weekend,True,-0.12290793755476356,0.0,2.0,0.18493936821795307
core,outer,core->outer,2018-01-06,2018-01-22,3.0,6.0,pre_outage,post_recovery,post_recovery__pre_outage,weekend,weekday,False,-0.16439898730535724,0.0,2.0,0.17347216662217774
core,outer,core->outer,2018-01-06,2018-01-23,3.0,9.0,pre_outage,post_recovery,post_recovery__pre_outage,weekend,weekday,False,0.5734674052331697,0.6155870112510924,1.333333333333333,0.12001371663718259
core,outer,core->outer,2018-01-06,2018-01-24,3.0,2.0,pre_outage,post_recovery,post_recovery__pre_outage,weekend,weekday,False,-0.08585457105482133,0.0,2.0,0.20971762320196527
core,outer,core->outer,2018-01-07,2018-01-08,4.0,5.0,pre_outage,pre_outage,pre_outage__pre_outage,weekend,weekday,False,0.26178515720236817,0.3779644730092272,1.2,0.11726039399558576
core,outer,core->outer,2018-01-07,2018-01-09,4.0,10.0,pre_outage,pre_outage,pre_outage__pre_outage,weekend,weekday,False,-0.10614897848685506,0.125,1.8,0.1224744871391589
core,outer,core->outer,2018-01-07,2018-01-10,4.0,6.0,pre_outage,pre_outage,pre_outage__pre_outage,weekend,weekday,False,7.38701665701193e-18,0.15811388300841894,1.6666666666666665,0.13608276348795434
core,outer,core->outer,2018-01-07,2018-01-11,4.0,6.0,pre_outage,pre_outage,pre_outage__pre_outage,weekend,weekday,False,2.1863798589465865e-17,0.17677669529663687,1.6666666666666665,0.1272937693043289
core,outer,core->outer,2018-01-07,2018-01-19,4.0,4.0,pre_outage,post_recovery,post_recovery__pre_outage,weekend,weekday,False,-0.19999999999999998,0.0,2.0,0.14433756729740643
core,outer,core->outer,2018-01-07,2018-01-20,4.0,7.0,pre_outage,post_recovery,post_recovery__pre_outage,weekend,weekend,True,-0.027576371656986703,0.1386750490563073,1.7142857142857144,0.13599594831899836
core,outer,core->outer,2018-01-07,2018-01-21,4.0,7.0,pre_outage,post_recovery,post_recovery__pre_outage,weekend,weekend,True,0.4687983181687735,0.5547001962252291,1.2142857142857144,0.09780759955449395
core,outer,core->outer,2018-01-07,2018-01-22,4.0,6.0,pre_outage,post_recovery,post_recovery__pre_outage,weekend,weekday,False,0.25819888974716126,0.4082482904638631,1.3333333333333335,0.10206207261596575
core,outer,core->outer,2018-01-07,2018-01-23,4.0,9.0,pre_outage,post_recovery,post_recovery__pre_outage,weekend,weekday,False,-0.20784609690826525,0.0,2.0,0.14209267827058153
core,outer,core->outer,2018-01-07,2018-01-24,4.0,2.0,pre_outage,post_recovery,post_recovery__pre_outage,weekend,weekday,False,-0.13483997249264845,0.0,2.0,0.1767766952966369
core,outer,core->outer,2018-01-08,2018-01-09,5.0,10.0,pre_outage,pre_outage,pre_outage__pre_outage,weekday,weekday,True,0.22826043623614276,0.37796447300922725,1.4,0.10801234497346433
core,outer,core->outer,2018-01-08,2018-01-10,5.0,6.0,pre_outage,pre_outage,pre_outage__pre_outage,weekday,weekday,True,-0.035129190961214425,0.11952286093343935,1.6666666666666665,0.14304881321759705
core,outer,core->outer,2018-01-08,2018-01-11,5.0,6.0,pre_outage,pre_outage,pre_outage__pre_outage,weekday,weekday,True,0.6025765013851078,0.6681531047810609,1.0,0.08388704928078612
core,outer,core->outer,2018-01-08,2018-01-19,5.0,4.0,pre_outage,post_recovery,post_recovery__pre_outage,weekday,weekday,True,-0.18698939800169143,0.0,2.0,0.14860462083439174
core,outer,core->outer,2018-01-08,2018-01-20,5.0,7.0,pre_outage,post_recovery,post_recovery__pre_outage,weekday,weekend,False,0.19079009800280142,0.3144854510165755,1.4285714285714286,0.1248127849722015
core,outer,core->outer,2018-01-08,2018-01-21,5.0,7.0,pre_outage,post_recovery,post_recovery__pre_outage,weekday,weekend,False,-0.18047711973237962,0.0,2.0,0.15073515991756584
core,outer,core->outer,2018-01-08,2018-01-22,5.0,6.0,pre_outage,post_recovery,post_recovery__pre_outage,weekday,weekday,True,0.33796318470968745,0.46291004988627577,1.0,0.10137937550497034
core,outer,core->outer,2018-01-08,2018-01-23,5.0,9.0,pre_outage,post_recovery,post_recovery__pre_outage,weekday,weekday,True,0.32387513781564786,0.43355498476206,1.3333333333333335,0.11036788463519512
core,outer,core->outer,2018-01-08,2018-01-24,5.0,2.0,pre_outage,post_recovery,post_recovery__pre_outage,weekday,weekday,True,0.17649551698075472,0.26726124191242434,1.6,0.15545631755148026
core,outer,core->outer,2018-01-09,2018-01-10,10.0,6.0,pre_outage,pre_outage,pre_outage__pre_outage,weekday,weekday,True,0.14956440480527322,0.3162277660168379,1.4,0.11262852740396273
core,outer,core->outer,2018-01-09,2018-01-11,10.0,6.0,pre_outage,pre_outage,pre_outage__pre_outage,weekday,weekday,True,-0.057011146768896584,0.1767766952966369,1.8,0.11466537466972386
core,outer,core->outer,2018-01-09,2018-01-19,10.0,4.0,pre_outage,post_recovery,post_recovery__pre_outage,weekday,weekday,True,0.3715214247039927,0.5,1.3,0.09354143466934854
core,outer,core->outer,2018-01-09,2018-01-20,10.0,7.0,pre_outage,post_recovery,post_recovery__pre_outage,weekday,weekend,False,0.622030782374637,0.6933752452815364,1.2,0.0762648446573665
core,outer,core->outer,2018-01-09,2018-01-21,10.0,7.0,pre_outage,post_recovery,post_recovery__pre_outage,weekday,weekend,False,-0.16831421170137245,0.06933752452815364,1.7999999999999998,0.1285714285714286
core,outer,core->outer,2018-01-09,2018-01-22,10.0,6.0,pre_outage,post_recovery,post_recovery__pre_outage,weekday,weekday,True,-0.06851887098275321,0.20412414523193154,1.6,0.10408329997330663
core,outer,core->outer,2018-01-09,2018-01-23,10.0,9.0,pre_outage,post_recovery,post_recovery__pre_outage,weekday,weekday,True,0.8273494075984589,0.8603090020146065,0.6,0.05051178406291058
core,outer,core->outer,2018-01-09,2018-01-24,10.0,2.0,pre_outage,post_recovery,post_recovery__pre_outage,weekday,weekday,True,0.0357828133482257,0.17677669529663687,1.7999999999999998,0.15275252316519466
core,outer,core->outer,2018-01-10,2018-01-11,6.0,6.0,pre_outage,pre_outage,pre_outage__pre_outage,weekday,weekday,True,-0.20180183819889377,0.0,2.0,0.14433756729740643
core,outer,core->outer,2018-01-10,2018-01-19,6.0,4.0,pre_outage,post_recovery,post_recovery__pre_outage,weekday,weekday,True,-5.648895090656183e-18,0.15811388300841894,1.6666666666666665,0.13608276348795434
core,outer,core->outer,2018-01-10,2018-01-20,6.0,7.0,pre_outage,post_recovery,post_recovery__pre_outage,weekday,weekend,False,0.02590349068739569,0.17541160386140583,1.714285714285714,0.13660249585760717
core,outer,core->outer,2018-01-10,2018-01-21,6.0,7.0,pre_outage,post_recovery,post_recovery__pre_outage,weekday,weekend,False,0.23313141618656089,0.35082320772281167,1.4285714285714284,0.12121051070874017
core,outer,core->outer,2018-01-10,2018-01-22,6.0,6.0,pre_outage,post_recovery,post_recovery__pre_outage,weekday,weekday,True,0.242535625036333,0.3872983346207417,1.3333333333333333,0.10758287072798381
core,outer,core->outer,2018-01-10,2018-01-23,6.0,9.0,pre_outage,post_recovery,post_recovery__pre_outage,weekday,weekday,True,0.15185132047305944,0.29019050004400465,1.4444444444444444,0.12318643236713028
core,outer,core->outer,2018-01-10,2018-01-24,6.0,2.0,pre_outage,post_recovery,post_recovery__pre_outage,weekday,weekday,True,0.3799802978286742,0.44721359549995787,1.3333333333333335,0.13608276348795434
core,outer,core->outer,2018-01-11,2018-01-19,6.0,4.0,pre_outage,post_recovery,post_recovery__pre_outage,weekday,weekday,True,-0.2148344622118298,0.0,1.9999999999999998,0.14027090192169553
core,outer,core->outer,2018-01-11,2018-01-20,6.0,7.0,pre_outage,post_recovery,post_recovery__pre_outage,weekday,weekend,False,0.2665959738607028,0.3922322702763681,1.1428571428571428,0.11125274419743005
core,outer,core->outer,2018-01-11,2018-01-21,6.0,7.0,pre_outage,post_recovery,post_recovery__pre_outage,weekday,weekend,False,-0.08886532462023422,0.09805806756909202,1.7142857142857144,0.135386683406603
core,outer,core->outer,2018-01-11,2018-01-22,6.0,6.0,pre_outage,post_recovery,post_recovery__pre_outage,weekday,weekday,True,-0.09245003270420488,0.14433756729740646,1.6666666666666665,0.11785113019775792
core,outer,core->outer,2018-01-11,2018-01-23,6.0,9.0,pre_outage,post_recovery,post_recovery__pre_outage,weekday,weekday,True,0.17364862842489193,0.3244428422615251,1.5555555555555556,0.11340230290662862
core,outer,core->outer,2018-01-11,2018-01-24,6.0,2.0,pre_outage,post_recovery,post_recovery__pre_outage,weekday,weekday,True,-0.1448413648755803,0.0,2.0,0.17347216662217774
core,outer,core->outer,2018-01-19,2018-01-20,4.0,7.0,post_recovery,post_recovery,post_recovery__post_recovery,weekday,weekend,False,0.3033400882268534,0.41602514716892186,1.5,0.11199337929896892
core,outer,core->outer,2018-01-19,2018-01-21,4.0,7.0,post_recovery,post_recovery,post_recovery__post_recovery,weekday,weekend,False,-0.19303460159890679,0.0,2.0,0.14653016220346632
core,outer,core->outer,2018-01-19,2018-01-22,4.0,6.0,post_recovery,post_recovery,post_recovery__post_recovery,weekday,weekday,True,2.1499376424746295e-17,0.20412414523193154,1.6666666666666665,0.11785113019775792
core,outer,core->outer,2018-01-19,2018-01-23,4.0,9.0,post_recovery,post_recovery,post_recovery__post_recovery,weekday,weekday,True,0.48497422611928553,0.5735393346764045,1.0555555555555554,0.09282378544334918
core,outer,core->outer,2018-01-19,2018-01-24,4.0,2.0,post_recovery,post_recovery,post_recovery__post_recovery,weekday,weekday,True,-0.13483997249264845,0.0,2.0,0.1767766952966369
core,outer,core->outer,2018-01-20,2018-01-21,7.0,7.0,post_recovery,post_recovery,post_recovery__post_recovery,weekend,weekend,True,-0.0038022813688212485,0.15384615384615385,1.4285714285714284,0.13677530110804828
core,outer,core->outer,2018-01-20,2018-01-22,7.0,6.0,post_recovery,post_recovery,post_recovery__post_recovery,weekend,weekday,False,0.03560094272544522,0.2264554068289192,1.4285714285714286,0.1184508853698357
core,outer,core->outer,2018-01-20,2018-01-23,7.0,9.0,post_recovery,post_recovery,post_recovery__post_recovery,weekend,weekday,False,0.6400332690972638,0.6999132392733556,1.0476190476190474,0.07923269381942823
core,outer,core->outer,2018-01-20,2018-01-24,7.0,2.0,post_recovery,post_recovery,post_recovery__post_recovery,weekend,weekday,False,0.09295992989187842,0.19611613513818402,1.7142857142857142,0.16104463402938907
core,outer,core->outer,2018-01-21,2018-01-22,7.0,6.0,post_recovery,post_recovery,post_recovery__post_recovery,weekend,weekday,False,-0.10680282817633563,0.1132277034144596,1.7142857142857144,0.12654935491350772
core,outer,core->outer,2018-01-21,2018-01-23,7.0,9.0,post_recovery,post_recovery,post_recovery__post_recovery,weekend,weekday,False,-0.12418555967558856,0.06362847629757779,1.7777777777777777,0.13966149432609007
core,outer,core->outer,2018-01-21,2018-01-24,7.0,2.0,post_recovery,post_recovery,post_recovery__post_recovery,weekend,weekday,False,0.0929599298918784,0.19611613513818402,1.7142857142857142,0.1610446340293891
core,outer,core->outer,2018-01-22,2018-01-23,6.0,9.0,post_recovery,post_recovery,post_recovery__post_recovery,weekday,weekday,True,-0.14907119849998596,0.09365858115816941,1.7777777777777777,0.12318643236713028
core,outer,core->outer,2018-01-22,2018-01-24,6.0,2.0,post_recovery,post_recovery,post_recovery__post_recovery,weekday,weekday,True,0.5222329678670935,0.5773502691896257,1.3333333333333333,0.11785113019775792
core,outer,core->outer,2018-01-23,2018-01-24,9.0,2.0,post_recovery,post_recovery,post_recovery__post_recovery,weekday,weekday,True,0.046709936649691405,0.16222142113076252,1.7777777777777777,0.16117495542156676
near,core,near->core,2018-01-01,2018-01-02,30.0,24.0,pre_outage,pre_outage,pre_outage__pre_outage,weekday,weekday,True,0.17063815351746744,0.4892748924933745,1.0499999999999998,0.06880258931389353
near,core,near->core,2018-01-01,2018-01-03,30.0,32.0,pre_outage,pre_outage,pre_outage__pre_outage,weekday,weekday,True,0.1312416294476747,0.46977617561176277,1.0999999999999999,0.06975538028499094
near,core,near->core,2018-01-01,2018-01-04,30.0,28.0,pre_outage,pre_outage,pre_outage__pre_outage,weekday,weekday,True,0.18735282232523698,0.45967228110485514,1.1095238095238096,0.07486129779656064
near,core,near->core,2018-01-01,2018-01-05,30.0,28.0,pre_outage,pre_outage,pre_outage__pre_outage,weekday,weekday,True,0.2848158311705556,0.5629716863888062,1.038095238095238,0.06343499419314391
near,core,near->core,2018-01-01,2018-01-06,30.0,15.0,pre_outage,pre_outage,pre_outage__pre_outage,weekday,weekend,False,0.5631071035631152,0.6949962976228786,1.0666666666666669,0.05931710140017396
near,core,near->core,2018-01-01,2018-01-07,30.0,29.0,pre_outage,pre_outage,pre_outage__pre_outage,weekday,weekend,False,0.04008418790624139,0.37151282425293486,1.3172413793103448,0.07963313733247473
near,core,near->core,2018-01-01,2018-01-08,30.0,18.0,pre_outage,pre_outage,pre_outage__pre_outage,weekday,weekday,True,0.2866725314409116,0.5413902920037098,0.9333333333333332,0.06705135922308027
near,core,near->core,2018-01-01,2018-01-09,30.0,30.0,pre_outage,pre_outage,pre_outage__pre_outage,weekday,weekday,True,0.007507769870019448,0.36390722254134367,1.2000000000000002,0.0787635937708768
near,core,near->core,2018-01-01,2018-01-10,30.0,32.0,pre_outage,pre_outage,pre_outage__pre_outage,weekday,weekday,True,-0.1285538028233616,0.30976123706494657,1.2874999999999999,0.07959951115381253
near,core,near->core,2018-01-01,2018-01-11,30.0,27.0,pre_outage,pre_outage,pre_outage__pre_outage,weekday,weekday,True,0.14262213197564685,0.45641390359352707,1.0888888888888888,0.07226178087240442
near,core,near->core,2018-01-01,2018-01-19,30.0,19.0,pre_outage,post_recovery,post_recovery__pre_outage,weekday,weekday,True,0.10481716615705262,0.3927535094037177,1.2842105263157895,0.08096511819428555
near,core,near->core,2018-01-01,2018-01-20,30.0,26.0,pre_outage,post_recovery,post_recovery__pre_outage,weekday,weekend,False,0.09298797605448343,0.4510853604121079,1.358974358974359,0.07065641943740303
near,core,near->core,2018-01-01,2018-01-21,30.0,32.0,pre_outage,post_recovery,post_recovery__pre_outage,weekday,weekend,False,-0.07819622549412898,0.3834128905580745,1.2374999999999998,0.07306037426017634
near,core,near->core,2018-01-01,2018-01-22,30.0,18.0,pre_outage,post_recovery,post_recovery__pre_outage,weekday,weekday,True,-0.030655366380780005,0.29394356825182355,1.4,0.08825001894402855
near,core,near->core,2018-01-01,2018-01-23,30.0,28.0,pre_outage,post_recovery,post_recovery__pre_outage,weekday,weekday,True,0.5886193844191483,0.7431226260332242,0.7761904761904761,0.049362910175379804
near,core,near->core,2018-01-01,2018-01-24,30.0,33.0,pre_outage,post_recovery,post_recovery__pre_outage,weekday,weekday,True,0.1720526145280718,0.44101324437787087,1.1090909090909091,0.0772974806856929
near,core,near->core,2018-01-02,2018-01-03,24.0,32.0,pre_outage,pre_outage,pre_outage__pre_outage,weekday,weekday,True,0.16481194697959012,0.5554700788944518,0.9791666666666666,0.05744927815199409
near,core,near->core,2018-01-02,2018-01-04,24.0,28.0,pre_outage,pre_outage,pre_outage__pre_outage,weekday,weekday,True,1.1665086907387428e-17,0.4004906973834362,1.3214285714285712,0.07269869428794151
near,core,near->core,2018-01-02,2018-01-05,24.0,28.0,pre_outage,pre_outage,pre_outage__pre_outage,weekday,weekday,True,0.2543423420395784,0.6054055145966811,0.9523809523809523,0.05395585174955217
near,core,near->core,2018-01-02,2018-01-06,24.0,15.0,pre_outage,pre_outage,pre_outage__pre_outage,weekday,weekend,False,0.03888078956798695,0.386243639668214,1.4,0.07854286397554829
near,core,near->core,2018-01-02,2018-01-07,24.0,29.0,pre_outage,pre_outage,pre_outage__pre_outage,weekday,weekend,False,-0.1952478207458566,0.2987829564428479,1.3649425287356323,0.07716154892776957
near,core,near->core,2018-01-02,2018-01-08,24.0,18.0,pre_outage,pre_outage,pre_outage__pre_outage,weekday,weekday,True,0.12521758066945235,0.49943406886221886,0.9166666666666666,0.06389895250852899
near,core,near->core,2018-01-02,2018-01-09,24.0,30.0,pre_outage,pre_outage,pre_outage__pre_outage,weekday,weekday,True,-0.15085093654628068,0.3432777406143739,1.3833333333333333,0.07304552106835947
near,core,near->core,2018-01-02,2018-01-10,24.0,32.0,pre_outage,pre_outage,pre_outage__pre_outage,weekday,weekday,True,-0.05381220025006314,0.4337361989746802,1.2083333333333333,0.06519091442888399
near,core,near->core,2018-01-02,2018-01-11,24.0,27.0,pre_outage,pre_outage,pre_outage__pre_outage,weekday,weekday,True,-0.028946015366777853,0.4219978575547771,1.0833333333333333,0.06775201055097281
near,core,near->core,2018-01-02,2018-01-19,24.0,19.0,pre_outage,post_recovery,post_recovery__pre_outage,weekday,weekday,True,-0.10028827883306302,0.32364535762509394,1.2894736842105263,0.07913497040880564
near,core,near->core,2018-01-02,2018-01-20,24.0,26.0,pre_outage,post_recovery,post_recovery__pre_outage,weekday,weekend,False,0.3459952160725518,0.6555213366563067,0.967948717948718,0.050287498016078236
near,core,near->core,2018-01-02,2018-01-21,24.0,32.0,pre_outage,post_recovery,post_recovery__pre_outage,weekday,weekend,False,-6.511020389612704e-18,0.5090278103806223,1.1458333333333333,0.05815324383487579
near,core,near->core,2018-01-02,2018-01-22,24.0,18.0,pre_outage,post_recovery,post_recovery__pre_outage,weekday,weekday,True,0.10265788662437329,0.43902705525372276,1.3333333333333333,0.07327403607103895
near,core,near->core,2018-01-02,2018-01-23,24.0,28.0,pre_outage,post_recovery,post_recovery__pre_outage,weekday,weekday,True,-0.0635855855098946,0.437237316097603,1.1904761904761902,0.06443068603622824
near,core,near->core,2018-01-02,2018-01-24,24.0,33.0,pre_outage,post_recovery,post_recovery__pre_outage,weekday,weekday,True,-0.05859307945925682,0.3528679242971602,1.2045454545454546,0.07696325929492479
near,core,near->core,2018-01-03,2018-01-04,32.0,28.0,pre_outage,pre_outage,pre_outage__pre_outage,weekday,weekday,True,0.03093263525899685,0.4240132474847374,1.1696428571428572,0.07092690273417122
near,core,near->core,2018-01-03,2018-01-05,32.0,28.0,pre_outage,pre_outage,pre_outage__pre_outage,weekday,weekday,True,0.16301699785346802,0.562440991821405,0.9642857142857142,0.05642511008823454
near,core,near->core,2018-01-03,2018-01-06,32.0,15.0,pre_outage,pre_outage,pre_outage__pre_outage,weekday,weekend,False,0.11961634773766842,0.44038550605054416,1.1625,0.07487692447907061
near,core,near->core,2018-01-03,2018-01-07,32.0,29.0,pre_outage,pre_outage,pre_outage__pre_outage,weekday,weekend,False,0.4567654902391786,0.6813299687492027,0.8987068965517241,0.052071874978183365
near,core,near->core,2018-01-03,2018-01-08,32.0,18.0,pre_outage,pre_outage,pre_outage__pre_outage,weekday,weekday,True,0.09630764857562954,0.4880935300919764,1.0208333333333333,0.06425174984807103
near,core,near->core,2018-01-03,2018-01-09,32.0,30.0,pre_outage,pre_outage,pre_outage__pre_outage,weekday,weekday,True,0.21270853497814549,0.5544788620954259,1.1,0.05989054928382706
near,core,near->core,2018-01-03,2018-01-10,32.0,32.0,pre_outage,pre_outage,pre_outage__pre_outage,weekday,weekday,True,0.006898028273475488,0.4725560059336474,1.1875,0.0625
near,core,near->core,2018-01-03,2018-01-11,32.0,27.0,pre_outage,pre_outage,pre_outage__pre_outage,weekday,weekday,True,-0.13357817619719425,0.37011660509880256,1.1689814814814814,0.07029205584760978
near,core,near->core,2018-01-03,2018-01-19,32.0,19.0,pre_outage,post_recovery,post_recovery__pre_outage,weekday,weekday,True,0.505655983844583,0.6918984060216637,0.9539473684210525,0.05402862475411407
near,core,near->core,2018-01-03,2018-01-20,32.0,26.0,pre_outage,post_recovery,post_recovery__pre_outage,weekday,weekend,False,-0.20401971951673642,0.37370465934182984,1.2403846153846154,0.06732557569199377
near,core,near->core,2018-01-03,2018-01-21,32.0,32.0,pre_outage,post_recovery,post_recovery__pre_outage,weekday,weekend,False,-0.1174853901615365,0.45946829173634063,1.0625,0.06051536478449089
near,core,near->core,2018-01-03,2018-01-22,32.0,18.0,pre_outage,post_recovery,post_recovery__pre_outage,weekday,weekday,True,0.1052753094858764,0.44494920831460977,1.1805555555555554,0.07259214601501904
near,core,near->core,2018-01-03,2018-01-23,32.0,28.0,pre_outage,post_recovery,post_recovery__pre_outage,weekday,weekday,True,0.08965934881940739,0.5240927423790362,1.1071428571428572,0.05884565324314316
near,core,near->core,2018-01-03,2018-01-24,32.0,33.0,pre_outage,post_recovery,post_recovery__pre_outage,weekday,weekday,True,0.01502175034143771,0.40233133558936507,1.259469696969697,0.07368383727217961
near,core,near->core,2018-01-04,2018-01-05,28.0,28.0,pre_outage,pre_outage,pre_outage__pre_outage,weekday,weekday,True,0.3293790613225678,0.6003753519291118,1.0,0.059225442684917855
near,core,near->core,2018-01-04,2018-01-06,28.0,15.0,pre_outage,pre_outage,pre_outage__pre_outage,weekday,weekend,False,-0.03940552031195506,0.28727582856261646,1.3857142857142857,0.08906321482984804
near,core,near->core,2018-01-04,2018-01-07,28.0,29.0,pre_outage,pre_outage,pre_outage__pre_outage,weekday,weekend,False,-0.2775856832109738,0.1798966979921762,1.4458128078817734,0.08920640835543019
near,core,near->core,2018-01-04,2018-01-08,28.0,18.0,pre_outage,pre_outage,pre_outage__pre_outage,weekday,weekday,True,0.22561333865488356,0.5129731248159881,1.0952380952380953,0.06762545924343344
near,core,near->core,2018-01-04,2018-01-09,28.0,30.0,pre_outage,pre_outage,pre_outage__pre_outage,weekday,weekday,True,0.4076981433214019,0.6276595744680852,1.0428571428571427,0.05911366633864775
near,core,near->core,2018-01-04,2018-01-10,28.0,32.0,pre_outage,pre_outage,pre_outage__pre_outage,weekday,weekday,True,-0.11513671432138343,0.33335260505498865,1.2767857142857142,0.07652485451697075
near,core,near->core,2018-01-04,2018-01-11,28.0,27.0,pre_outage,pre_outage,pre_outage__pre_outage,weekday,weekday,True,0.029336667520375757,0.39837179548515317,1.1984126984126984,0.07436776466020477
near,core,near->core,2018-01-04,2018-01-19,28.0,19.0,pre_outage,post_recovery,post_recovery__pre_outage,weekday,weekday,True,0.19951900667108022,0.46638957908048884,1.0075187969924813,0.07459627772700562
near,core,near->core,2018-01-04,2018-01-20,28.0,26.0,pre_outage,post_recovery,post_recovery__pre_outage,weekday,weekend,False,0.2259839360957546,0.5417289784878864,1.1153846153846154,0.06318183608364396
near,core,near->core,2018-01-04,2018-01-21,28.0,32.0,pre_outage,post_recovery,post_recovery__pre_outage,weekday,weekend,False,-0.3170002057330289,0.272117901461173,1.4107142857142856,0.07713014528201338
near,core,near->core,2018-01-04,2018-01-22,28.0,18.0,pre_outage,post_recovery,post_recovery__pre_outage,weekday,weekday,True,-0.0693622305772285,0.27988668610700534,1.380952380952381,0.08762416354591364
near,core,near->core,2018-01-04,2018-01-23,28.0,28.0,pre_outage,post_recovery,post_recovery__pre_outage,weekday,weekday,True,0.1360478731549736,0.4878049734424034,1.1428571428571428,0.0668153104781061
near,core,near->core,2018-01-04,2018-01-24,28.0,33.0,pre_outage,post_recovery,post_recovery__pre_outage,weekday,weekday,True,-0.12536589508626642,0.25370362404489405,1.3506493506493507,0.08774191157975202
near,core,near->core,2018-01-05,2018-01-06,28.0,15.0,pre_outage,pre_outage,pre_outage__pre_outage,weekday,weekend,False,0.15575223949534958,0.4644203640128238,1.295238095238095,0.07321186600724666
near,core,near->core,2018-01-05,2018-01-07,28.0,29.0,pre_outage,pre_outage,pre_outage__pre_outage,weekday,weekend,False,-0.01810513104408202,0.41057989647958754,1.1600985221674875,0.07024204186804785
near,core,near->core,2018-01-05,2018-01-08,28.0,18.0,pre_outage,pre_outage,pre_outage__pre_outage,weekday,weekday,True,0.14862461941599228,0.5199314567548143,0.9047619047619047,0.06207073125211675
near,core,near->core,2018-01-05,2018-01-09,28.0,30.0,pre_outage,pre_outage,pre_outage__pre_outage,weekday,weekday,True,0.3357180793753927,0.625390991592825,1.038095238095238,0.0548222579776288
near,core,near->core,2018-01-05,2018-01-10,28.0,32.0,pre_outage,pre_outage,pre_outage__pre_outage,weekday,weekday,True,-0.1995980151944312,0.36664825963252584,1.2767857142857142,0.06826611562493509
near,core,near->core,2018-01-05,2018-01-11,28.0,27.0,pre_outage,pre_outage,pre_outage__pre_outage,weekday,weekday,True,0.24479306159157216,0.581926279698751,0.8439153439153438,0.05715704229838715
near,core,near->core,2018-01-05,2018-01-19,28.0,19.0,pre_outage,post_recovery,post_recovery__pre_outage,weekday,weekday,True,0.02479901250314392,0.40684075416440435,1.045112781954887,0.07372879194532024
near,core,near->core,2018-01-05,2018-01-20,28.0,26.0,pre_outage,post_recovery,post_recovery__pre_outage,weekday,weekend,False,0.5441409610338671,0.7643157063581784,0.6923076923076923,0.041162978197174994
near,core,near->core,2018-01-05,2018-01-21,28.0,32.0,pre_outage,post_recovery,post_recovery__pre_outage,weekday,weekend,False,-0.009712858623572627,0.5146837677690579,1.125,0.05714169455662582
near,core,near->core,2018-01-05,2018-01-22,28.0,18.0,pre_outage,post_recovery,post_recovery__pre_outage,weekday,weekday,True,0.3350815071819165,0.5850179393017045,1.1428571428571428,0.06309814974480449
near,core,near->core,2018-01-05,2018-01-23,28.0,28.0,pre_outage,post_recovery,post_recovery__pre_outage,weekday,weekday,True,0.2641509433962264,0.6176470588235292,0.857142857142857,0.05257000515671337
near,core,near->core,2018-01-05,2018-01-24,28.0,33.0,pre_outage,post_recovery,post_recovery__pre_outage,weekday,weekday,True,-0.06085269598266222,0.36000305636545255,1.1688311688311688,0.07599812356535551
near,core,near->core,2018-01-06,2018-01-07,15.0,29.0,pre_outage,pre_outage,pre_outage__pre_outage,weekend,weekend,True,0.10295821917187556,0.3929197945030012,1.1908045977011492,0.08126038456153395
near,core,near->core,2018-01-06,2018-01-08,15.0,18.0,pre_outage,pre_outage,pre_outage__pre_outage,weekend,weekday,False,0.17039954414774927,0.447811075519899,1.1777777777777776,0.07651084540782813
near,core,near->core,2018-01-06,2018-01-09,15.0,30.0,pre_outage,pre_outage,pre_outage__pre_outage,weekend,weekday,False,-0.1847539108796755,0.21545687142196243,1.4000000000000001,0.09077852576871218
near,core,near->core,2018-01-06,2018-01-10,15.0,32.0,pre_outage,pre_outage,pre_outage__pre_outage,weekend,weekday,False,0.20504156174308186,0.4900189558324237,0.9291666666666667,0.07188254791285882
near,core,near->core,2018-01-06,2018-01-11,15.0,27.0,pre_outage,pre_outage,pre_outage__pre_outage,weekend,weekday,False,0.4136006451229724,0.611227456628046,1.0814814814814815,0.06411438109925326
near,core,near->core,2018-01-06,2018-01-19,15.0,19.0,pre_outage,post_recovery,post_recovery__pre_outage,weekend,weekday,False,0.3320893158069744,0.5332285519249768,1.1298245614035087,0.07345411022967832
near,core,near->core,2018-01-06,2018-01-20,15.0,26.0,pre_outage,post_recovery,post_recovery__pre_outage,weekend,weekend,True,0.3672550842227649,0.5942954171472428,1.0205128205128204,0.06426901466407324
near,core,near->core,2018-01-06,2018-01-21,15.0,32.0,pre_outage,post_recovery,post_recovery__pre_outage,weekend,weekend,True,6.799823808274924e-19,0.3993615319154358,1.25,0.07570559296086092
near,core,near->core,2018-01-06,2018-01-22,15.0,18.0,pre_outage,post_recovery,post_recovery__pre_outage,weekend,weekday,False,-0.04656656301892606,0.26243194054073904,1.3777777777777778,0.09318330092895648
near,core,near->core,2018-01-06,2018-01-23,15.0,28.0,pre_outage,post_recovery,post_recovery__pre_outage,weekend,weekday,False,0.5018683272627931,0.6755205294731983,1.019047619047619,0.05810206829482109
near,core,near->core,2018-01-06,2018-01-24,15.0,33.0,pre_outage,post_recovery,post_recovery__pre_outage,weekend,weekday,False,0.0930242620309913,0.3691268517156539,1.3696969696969696,0.08497465366888124
near,core,near->core,2018-01-07,2018-01-08,29.0,18.0,pre_outage,pre_outage,pre_outage__pre_outage,weekend,weekday,False,-0.04991560531225726,0.35190767153889346,1.252873563218391,0.07672208507369518
near,core,near->core,2018-01-07,2018-01-09,29.0,30.0,pre_outage,pre_outage,pre_outage__pre_outage,weekend,weekday,False,0.2018779409867853,0.5079436178602622,1.1172413793103448,0.06678958809108662
near,core,near->core,2018-01-07,2018-01-10,29.0,32.0,pre_outage,pre_outage,pre_outage__pre_outage,weekend,weekday,False,0.22676992837886645,0.5455247510467117,1.105603448275862,0.06221291328151612
near,core,near->core,2018-01-07,2018-01-11,29.0,27.0,pre_outage,pre_outage,pre_outage__pre_outage,weekend,weekday,False,-0.03214373901169942,0.3722532183119701,1.2950191570881224,0.07469808796729963
near,core,near->core,2018-01-07,2018-01-19,29.0,19.0,pre_outage,post_recovery,post_recovery__pre_outage,weekend,weekday,False,0.02379643667006225,0.3591703766494197,1.3393829401088928,0.08063299811696392
near,core,near->core,2018-01-07,2018-01-20,29.0,26.0,pre_outage,post_recovery,post_recovery__pre_outage,weekend,weekend,True,-0.24629358514927224,0.2829068709675559,1.3554376657824934,0.07720553191400184
near,core,near->core,2018-01-07,2018-01-21,29.0,32.0,pre_outage,post_recovery,post_recovery__pre_outage,weekend,weekend,True,-0.3057021219297113,0.29421947072365656,1.2995689655172415,0.07452633780918867
near,core,near->core,2018-01-07,2018-01-22,29.0,18.0,pre_outage,post_recovery,post_recovery__pre_outage,weekend,weekday,False,0.07599913778193138,0.3866801405560913,1.2260536398467432,0.07983780159422879
near,core,near->core,2018-01-07,2018-01-23,29.0,28.0,pre_outage,post_recovery,post_recovery__pre_outage,weekend,weekday,False,0.32951338500229266,0.6096489371969632,1.0172413793103448,0.05737515421328156
near,core,near->core,2018-01-07,2018-01-24,29.0,33.0,pre_outage,post_recovery,post_recovery__pre_outage,weekend,weekday,False,0.055055823299441926,0.38289833134516804,1.4043887147335423,0.0786995274078491
near,core,near->core,2018-01-08,2018-01-09,18.0,30.0,pre_outage,pre_outage,pre_outage__pre_outage,weekday,weekday,True,0.19099069197335744,0.5129731248159882,1.0,0.0651841329881409
near,core,near->core,2018-01-08,2018-01-10,18.0,32.0,pre_outage,pre_outage,pre_outage__pre_outage,weekday,weekday,True,0.534566526381165,0.7330785033484555,0.8194444444444444,0.046735474790671215
near,core,near->core,2018-01-08,2018-01-11,18.0,27.0,pre_outage,pre_outage,pre_outage__pre_outage,weekday,weekday,True,0.26217578436399036,0.5620269521325902,0.8888888888888888,0.0611858876592562
near,core,near->core,2018-01-08,2018-01-19,18.0,19.0,pre_outage,post_recovery,post_recovery__pre_outage,weekday,weekday,True,0.2637149685445716,0.5253284329379729,0.9298245614035087,0.06841209684644387
near,core,near->core,2018-01-08,2018-01-20,18.0,26.0,pre_outage,post_recovery,post_recovery__pre_outage,weekday,weekend,False,-0.020218185810577678,0.4278584816554927,1.2478632478632479,0.0675587728624752
near,core,near->core,2018-01-08,2018-01-21,18.0,32.0,pre_outage,post_recovery,post_recovery__pre_outage,weekday,weekend,False,-0.2677822194866021,0.3344280270299693,1.3541666666666665,0.07074874669889934
near,core,near->core,2018-01-08,2018-01-22,18.0,18.0,pre_outage,post_recovery,post_recovery__pre_outage,weekday,weekday,True,0.09998000599800073,0.4136701519960154,1.222222222222222,0.0769131839159081
near,core,near->core,2018-01-08,2018-01-23,18.0,28.0,pre_outage,post_recovery,post_recovery__pre_outage,weekday,weekday,True,1.3954649113139304e-17,0.43674242367404403,1.126984126984127,0.06718743438730314
near,core,near->core,2018-01-08,2018-01-24,18.0,33.0,pre_outage,post_recovery,post_recovery__pre_outage,weekday,weekday,True,0.23396506762868252,0.5091212048077889,1.0808080808080809,0.06914151866846668
near,core,near->core,2018-01-09,2018-01-10,30.0,32.0,pre_outage,pre_outage,pre_outage__pre_outage,weekday,weekday,True,-2.860801464641167e-17,0.4301323936193403,1.1666666666666667,0.06799352331629066
near,core,near->core,2018-01-09,2018-01-11,30.0,27.0,pre_outage,pre_outage,pre_outage__pre_outage,weekday,weekday,True,0.06622575849831575,0.44665928584699005,1.0888888888888888,0.06868514940301103
near,core,near->core,2018-01-09,2018-01-19,30.0,19.0,pre_outage,post_recovery,post_recovery__pre_outage,weekday,weekday,True,-0.01765001091767914,0.3460309780274595,1.3789473684210525,0.08008760720705953
near,core,near->core,2018-01-09,2018-01-20,30.0,26.0,pre_outage,post_recovery,post_recovery__pre_outage,weekday,weekend,False,-0.13396383612169813,0.3656670604793234,1.358974358974359,0.07100835977243646
near,core,near->core,2018-01-09,2018-01-21,30.0,32.0,pre_outage,post_recovery,post_recovery__pre_outage,weekday,weekend,False,-0.09217144471710825,0.4259236718522709,1.1208333333333333,0.0657213798433852
near,core,near->core,2018-01-09,2018-01-22,30.0,18.0,pre_outage,post_recovery,post_recovery__pre_outage,weekday,weekday,True,0.13249166136316037,0.4353792894997862,1.1555555555555554,0.07542745131265297
near,core,near->core,2018-01-09,2018-01-23,30.0,28.0,pre_outage,post_recovery,post_recovery__pre_outage,weekday,weekday,True,0.15666843704184988,0.525328432937973,1.0428571428571427,0.06163708918675895
near,core,near->core,2018-01-09,2018-01-24,30.0,33.0,pre_outage,post_recovery,post_recovery__pre_outage,weekday,weekday,True,0.10655689654491224,0.4286716406275797,1.2969696969696969,0.07446883637510483
near,core,near->core,2018-01-10,2018-01-11,32.0,27.0,pre_outage,pre_outage,pre_outage__pre_outage,weekday,weekday,True,0.08722833142007354,0.4880953245633801,1.2430555555555554,0.06370123351064184
near,core,near->core,2018-01-10,2018-01-19,32.0,19.0,pre_outage,post_recovery,post_recovery__pre_outage,weekday,weekday,True,0.19308311197136266,0.5018467283547907,1.0789473684210527,0.0681557726334275
near,core,near->core,2018-01-10,2018-01-20,32.0,26.0,pre_outage,post_recovery,post_recovery__pre_outage,weekday,weekend,False,-0.0955763211113481,0.42437890059988,1.2211538461538463,0.06491126500809155
near,core,near->core,2018-01-10,2018-01-21,32.0,32.0,pre_outage,post_recovery,post_recovery__pre_outage,weekday,weekend,False,0.008219949365267805,0.5142422387275604,1.0,0.05776321097088238
near,core,near->core,2018-01-10,2018-01-22,32.0,18.0,pre_outage,post_recovery,post_recovery__pre_outage,weekday,weekday,True,0.18045872724111567,0.48723832543299705,1.2291666666666665,0.07012112444635638
near,core,near->core,2018-01-10,2018-01-23,32.0,28.0,pre_outage,post_recovery,post_recovery__pre_outage,weekday,weekday,True,0.015967841215554505,0.4804356505529649,1.0446428571428572,0.061832103078323604
near,core,near->core,2018-01-10,2018-01-24,32.0,33.0,pre_outage,post_recovery,post_recovery__pre_outage,weekday,weekday,True,0.1765692614072459,0.4952069295093663,1.1382575757575757,0.06813686614403999
near,core,near->core,2018-01-11,2018-01-19,27.0,19.0,pre_outage,post_recovery,post_recovery__pre_outage,weekday,weekday,True,-0.03725447443935581,0.34144411881334824,1.1228070175438596,0.079676002890029
near,core,near->core,2018-01-11,2018-01-20,27.0,26.0,pre_outage,post_recovery,post_recovery__pre_outage,weekday,weekend,False,0.21732946765550945,0.568625454836944,0.9544159544159545,0.057923399620457866
near,core,near->core,2018-01-11,2018-01-21,27.0,32.0,pre_outage,post_recovery,post_recovery__pre_outage,weekday,weekend,False,0.07958838389136878,0.5235960732025283,1.1296296296296295,0.05918831051309544
near,core,near->core,2018-01-11,2018-01-22,27.0,18.0,pre_outage,post_recovery,post_recovery__pre_outage,weekday,weekday,True,0.29814418862958836,0.5469831217614539,1.0,0.06719611437369519
near,core,near->core,2018-01-11,2018-01-23,27.0,28.0,pre_outage,post_recovery,post_recovery__pre_outage,weekday,weekday,True,0.2705607522854217,0.5961196035938425,0.91005291005291,0.05618450148754259
near,core,near->core,2018-01-11,2018-01-24,27.0,33.0,pre_outage,post_recovery,post_recovery__pre_outage,weekday,weekday,True,-0.08112706386749298,0.3176736171801661,1.265993265993266,0.08060908907071615
near,core,near->core,2018-01-19,2018-01-20,19.0,26.0,post_recovery,post_recovery,post_recovery__post_recovery,weekday,weekend,False,-0.11604976306690416,0.3256011991159389,1.271255060728745,0.07830677159257678
near,core,near->core,2018-01-19,2018-01-21,19.0,32.0,post_recovery,post_recovery,post_recovery__post_recovery,weekday,weekend,False,-0.132767159508923,0.35136910274038363,1.394736842105263,0.07509263957737843
near,core,near->core,2018-01-19,2018-01-22,19.0,18.0,post_recovery,post_recovery,post_recovery__post_recovery,weekday,weekday,True,-0.008007519923042978,0.3078596479934798,1.456140350877193,0.0875892473242143
near,core,near->core,2018-01-19,2018-01-23,19.0,28.0,post_recovery,post_recovery,post_recovery__post_recovery,weekday,weekday,True,0.08431664251068957,0.44221821104826564,1.112781954887218,0.07157270117647001
near,core,near->core,2018-01-19,2018-01-24,19.0,33.0,post_recovery,post_recovery,post_recovery__post_recovery,weekday,weekday,True,-0.03884820509829078,0.29693057043930543,1.1706539074960127,0.08690965582734832
near,core,near->core,2018-01-20,2018-01-21,26.0,32.0,post_recovery,post_recovery,post_recovery__post_recovery,weekend,weekend,True,0.04228131380653521,0.5422277098159,0.9759615384615385,0.055331992339267354
near,core,near->core,2018-01-20,2018-01-22,26.0,18.0,post_recovery,post_recovery,post_recovery__post_recovery,weekend,weekday,False,-0.11602918303622839,0.3167230329859584,1.5042735042735043,0.07990234073745416
near,core,near->core,2018-01-20,2018-01-23,26.0,28.0,post_recovery,post_recovery,post_recovery__post_recovery,weekend,weekday,False,0.26693707522416116,0.6210065114160198,0.978021978021978,0.0521978021978022
near,core,near->core,2018-01-20,2018-01-24,26.0,33.0,post_recovery,post_recovery,post_recovery__post_recovery,weekend,weekday,False,0.08041593657851838,0.4454906509895321,1.0815850815850816,0.07076921413383667
near,core,near->core,2018-01-21,2018-01-22,32.0,18.0,post_recovery,post_recovery,post_recovery__post_recovery,weekend,weekday,False,0.15681251204679503,0.5014929863029043,1.2152777777777777,0.0674928313141965
near,core,near->core,2018-01-21,2018-01-23,32.0,28.0,post_recovery,post_recovery,post_recovery__post_recovery,weekend,weekday,False,0.07770286898858114,0.5564148840746571,1.0,0.05464572627076946
near,core,near->core,2018-01-21,2018-01-24,32.0,33.0,post_recovery,post_recovery,post_recovery__post_recovery,weekend,weekday,False,0.14320385163872362,0.5059285029848838,1.1988636363636362,0.0656296230898877
near,core,near->core,2018-01-22,2018-01-23,18.0,28.0,post_recovery,post_recovery,post_recovery__post_recovery,weekday,weekday,True,-0.060923910396712085,0.3473544014603871,1.3888888888888888,0.07829972797327375
near,core,near->core,2018-01-22,2018-01-24,18.0,33.0,post_recovery,post_recovery,post_recovery__post_recovery,weekday,weekday,True,-0.08888894968638568,0.2557385846437823,1.5353535353535355,0.09039322396403231
near,core,near->core,2018-01-23,2018-01-24,28.0,33.0,post_recovery,post_recovery,post_recovery__post_recovery,weekday,weekday,True,0.3738094181792109,0.6171480966264901,1.0151515151515151,0.059338225712986144
near,outer,near->outer,2018-01-01,2018-01-02,8.0,13.0,pre_outage,pre_outage,pre_outage__pre_outage,weekday,weekday,True,0.4612530864604975,0.6210590034081188,0.8846153846153846,0.06690585174726957
near,outer,near->outer,2018-01-01,2018-01-03,8.0,8.0,pre_outage,pre_outage,pre_outage__pre_outage,weekday,weekday,True,0.45454545454545475,0.5999999999999999,0.75,0.07216878364870322
near,outer,near->outer,2018-01-01,2018-01-04,8.0,7.0,pre_outage,pre_outage,pre_outage__pre_outage,weekday,weekday,True,0.18591985978375675,0.35082320772281167,1.5,0.10776111303709328
near,outer,near->outer,2018-01-01,2018-01-05,8.0,8.0,pre_outage,pre_outage,pre_outage__pre_outage,weekday,weekday,True,0.7272727272727274,0.7999999999999998,0.5,0.05103103630798288
near,outer,near->outer,2018-01-01,2018-01-06,8.0,15.0,pre_outage,pre_outage,pre_outage__pre_outage,weekday,weekend,False,0.5418181412781057,0.6457718456202196,0.9666666666666668,0.07410734206641167
near,outer,near->outer,2018-01-01,2018-01-07,8.0,6.0,pre_outage,pre_outage,pre_outage__pre_outage,weekday,weekend,False,0.2896827297511606,0.4472135954999579,1.4166666666666665,0.09394270318381029
near,outer,near->outer,2018-01-01,2018-01-08,8.0,5.0,pre_outage,pre_outage,pre_outage__pre_outage,weekday,weekday,True,-0.2521364528296497,0.0,2.0,0.13482241406136197
near,outer,near->outer,2018-01-01,2018-01-09,8.0,11.0,pre_outage,pre_outage,pre_outage__pre_outage,weekday,weekday,True,-0.05510561987157944,0.18973665961010275,1.5681818181818181,0.11080759451750055
near,outer,near->outer,2018-01-01,2018-01-10,8.0,4.0,pre_outage,pre_outage,pre_outage__pre_outage,weekday,weekday,True,-0.06741998624632424,0.15811388300841897,1.75,0.11967838846954226
near,outer,near->outer,2018-01-01,2018-01-11,8.0,11.0,pre_outage,pre_outage,pre_outage__pre_outage,weekday,weekday,True,0.030813020019237216,0.2760262237369417,1.6363636363636365,0.09976944841716609
near,outer,near->outer,2018-01-01,2018-01-19,8.0,8.0,pre_outage,post_recovery,post_recovery__pre_outage,weekday,weekday,True,0.16116459280507614,0.3651483716701107,1.5,0.09547032697824667
near,outer,near->outer,2018-01-01,2018-01-20,8.0,7.0,pre_outage,post_recovery,post_recovery__pre_outage,weekday,weekend,False,0.17097139802268072,0.3265986323710904,1.4642857142857144,0.11538257127964362
near,outer,near->outer,2018-01-01,2018-01-21,8.0,11.0,pre_outage,post_recovery,post_recovery__pre_outage,weekday,weekend,False,-0.061626040038474314,0.20701966780270625,1.5681818181818181,0.10440743524498272
near,outer,near->outer,2018-01-01,2018-01-22,8.0,3.0,pre_outage,post_recovery,post_recovery__pre_outage,weekday,weekday,True,0.455842305838552,0.5477225575051661,1.25,0.09991315673568166
near,outer,near->outer,2018-01-01,2018-01-23,8.0,7.0,pre_outage,post_recovery,post_recovery__pre_outage,weekday,weekday,True,-0.03718397195675136,0.17541160386140583,1.5,0.12078347552204181
near,outer,near->outer,2018-01-01,2018-01-24,8.0,8.0,pre_outage,post_recovery,post_recovery__pre_outage,weekday,weekday,True,-0.09090909090909094,0.19999999999999996,1.5,0.10206207261596575
near,outer,near->outer,2018-01-02,2018-01-03,13.0,8.0,pre_outage,pre_outage,pre_outage__pre_outage,weekday,weekday,True,0.36241313936181946,0.5520524474738833,1.1346153846153846,0.07264760869643037
near,outer,near->outer,2018-01-02,2018-01-04,13.0,7.0,pre_outage,pre_outage,pre_outage__pre_outage,weekday,weekday,True,0.2594122302076712,0.4236592728681617,1.5384615384615383,0.09910439017193173
near,outer,near->outer,2018-01-02,2018-01-05,13.0,8.0,pre_outage,pre_outage,pre_outage__pre_outage,weekday,weekday,True,0.3624131393618195,0.5520524474738833,0.8846153846153846,0.07264760869643037
near,outer,near->outer,2018-01-02,2018-01-06,13.0,15.0,pre_outage,pre_outage,pre_outage__pre_outage,weekday,weekend,False,0.2999975206918923,0.4774552605594228,1.0256410256410258,0.0864347273168991
near,outer,near->outer,2018-01-02,2018-01-07,13.0,6.0,pre_outage,pre_outage,pre_outage__pre_outage,weekday,weekend,False,0.6036627581711128,0.6943650748294136,0.9230769230769229,0.06943622568064924
near,outer,near->outer,2018-01-02,2018-01-08,13.0,5.0,pre_outage,pre_outage,pre_outage__pre_outage,weekday,weekday,True,-0.07767092890491464,0.1649572197684645,1.8461538461538463,0.11949928407929276
near,outer,near->outer,2018-01-02,2018-01-09,13.0,11.0,pre_outage,pre_outage,pre_outage__pre_outage,weekday,weekday,True,-0.23715563324289082,0.08728715609439697,1.846153846153846,0.1123424632736682
near,outer,near->outer,2018-01-02,2018-01-10,13.0,4.0,pre_outage,pre_outage,pre_outage__pre_outage,weekday,weekday,True,0.12216944435630528,0.3273268353539886,1.5384615384615383,0.10385802401294648
near,outer,near->outer,2018-01-02,2018-01-11,13.0,11.0,pre_outage,pre_outage,pre_outage__pre_outage,weekday,weekday,True,0.0027917608295975663,0.2857142857142858,1.5384615384615385,0.09440559440559441
near,outer,near->outer,2018-01-02,2018-01-19,13.0,8.0,pre_outage,post_recovery,post_recovery__pre_outage,weekday,weekday,True,0.32124491317851317,0.5039526306789697,1.1923076923076923,0.08111570983874208
near,outer,near->outer,2018-01-02,2018-01-20,13.0,7.0,pre_outage,post_recovery,post_recovery__pre_outage,weekday,weekend,False,-0.20757364167990416,0.0563436169819011,1.8461538461538463,0.13044870991299537
near,outer,near->outer,2018-01-02,2018-01-21,13.0,11.0,pre_outage,post_recovery,post_recovery__pre_outage,weekday,weekend,False,0.0027917608295975906,0.28571428571428575,1.4825174825174825,0.09440559440559441
near,outer,near->outer,2018-01-02,2018-01-22,13.0,3.0,pre_outage,post_recovery,post_recovery__pre_outage,weekday,weekday,True,0.5575609387559707,0.6299407883487121,1.2307692307692306,0.09155677472490834
near,outer,near->outer,2018-01-02,2018-01-23,13.0,7.0,pre_outage,post_recovery,post_recovery__pre_outage,weekday,weekday,True,0.09770071007821382,0.3026137663344012,1.2747252747252746,0.10794990496916758
near,outer,near->outer,2018-01-02,2018-01-24,13.0,8.0,pre_outage,post_recovery,post_recovery__pre_outage,weekday,weekday,True,0.06589329806578538,0.34503277967117707,1.3461538461538463,0.08764428790945716
near,outer,near->outer,2018-01-03,2018-01-04,8.0,7.0,pre_outage,pre_outage,pre_outage__pre_outage,weekday,weekday,True,0.6321275232647726,0.7016464154456233,0.9999999999999999,0.07523348011764605
near,outer,near->outer,2018-01-03,2018-01-05,8.0,8.0,pre_outage,pre_outage,pre_outage__pre_outage,weekday,weekday,True,0.4545454545454547,0.5999999999999999,1.0,0.07216878364870322
near,outer,near->outer,2018-01-03,2018-01-06,8.0,15.0,pre_outage,pre_outage,pre_outage__pre_outage,weekday,weekend,False,0.48161612558053823,0.5996452852187754,1.1,0.07865330630426538
near,outer,near->outer,2018-01-03,2018-01-07,8.0,6.0,pre_outage,pre_outage,pre_outage__pre_outage,weekday,weekend,False,0.43452409462674085,0.5590169943749473,1.25,0.08419691425682042
near,outer,near->outer,2018-01-03,2018-01-08,8.0,5.0,pre_outage,pre_outage,pre_outage__pre_outage,weekday,weekday,True,-0.2521364528296496,0.0,2.0,0.13482241406136197
near,outer,near->outer,2018-01-03,2018-01-09,8.0,11.0,pre_outage,pre_outage,pre_outage__pre_outage,weekday,weekday,True,0.027552809935789756,0.25298221281347033,1.5681818181818183,0.1064488295181545
near,outer,near->outer,2018-01-03,2018-01-10,8.0,4.0,pre_outage,pre_outage,pre_outage__pre_outage,weekday,weekday,True,-0.26967994498529685,0.0,2.0,0.1301041249666333
near,outer,near->outer,2018-01-03,2018-01-11,8.0,11.0,pre_outage,pre_outage,pre_outage__pre_outage,weekday,weekday,True,-0.061626040038474314,0.20701966780270625,1.75,0.10440743524498272
near,outer,near->outer,2018-01-03,2018-01-19,8.0,8.0,pre_outage,post_recovery,post_recovery__pre_outage,weekday,weekday,True,0.4029114820126902,0.5477225575051661,1.25,0.08068715304598785
near,outer,near->outer,2018-01-03,2018-01-20,8.0,7.0,pre_outage,post_recovery,post_recovery__pre_outage,weekday,weekend,False,0.37613707564989735,0.4898979485566355,1.25,0.10167077888415905
near,outer,near->outer,2018-01-03,2018-01-21,8.0,11.0,pre_outage,post_recovery,post_recovery__pre_outage,weekday,weekend,False,0.12325208007694863,0.34503277967117707,1.5681818181818183,0.09490507436642083
near,outer,near->outer,2018-01-03,2018-01-22,8.0,3.0,pre_outage,post_recovery,post_recovery__pre_outage,weekday,weekday,True,0.6837634587578277,0.7302967433402214,1.0,0.08068715304598784
near,outer,near->outer,2018-01-03,2018-01-23,8.0,7.0,pre_outage,post_recovery,post_recovery__pre_outage,weekday,weekday,True,0.07436794391350268,0.26311740579210874,1.4642857142857144,0.11445764597041315
near,outer,near->outer,2018-01-03,2018-01-24,8.0,8.0,pre_outage,post_recovery,post_recovery__pre_outage,weekday,weekday,True,0.3181818181818183,0.4999999999999999,1.25,0.08068715304598785
near,outer,near->outer,2018-01-04,2018-01-05,7.0,8.0,pre_outage,pre_outage,pre_outage__pre_outage,weekday,weekday,True,0.18591985978375677,0.35082320772281167,1.5,0.10776111303709328
near,outer,near->outer,2018-01-04,2018-01-06,7.0,15.0,pre_outage,pre_outage,pre_outage__pre_outage,weekday,weekend,False,-0.018468038023365545,0.161822678812547,1.7333333333333332,0.12877702550458298
near,outer,near->outer,2018-01-04,2018-01-07,7.0,6.0,pre_outage,pre_outage,pre_outage__pre_outage,weekday,weekend,False,0.6220572723416395,0.6864064729836442,1.0476190476190474,0.08015480109811172
near,outer,near->outer,2018-01-04,2018-01-08,7.0,5.0,pre_outage,pre_outage,pre_outage__pre_outage,weekday,weekday,True,-0.05672138048731932,0.10482848367219183,1.7142857142857144,0.14261884887497084
near,outer,near->outer,2018-01-04,2018-01-09,7.0,11.0,pre_outage,pre_outage,pre_outage__pre_outage,weekday,weekday,True,-0.01408719003975397,0.16641005886756874,1.7142857142857142,0.1281268275926298
near,outer,near->outer,2018-01-04,2018-01-10,7.0,4.0,pre_outage,pre_outage,pre_outage__pre_outage,weekday,weekday,True,-0.19303460159890679,0.0,2.0,0.14653016220346632
near,outer,near->outer,2018-01-04,2018-01-11,7.0,11.0,pre_outage,pre_outage,pre_outage__pre_outage,weekday,weekday,True,-0.1669931313374529,0.06052275326688024,1.8181818181818181,0.1311624017969101
near,outer,near->outer,2018-01-04,2018-01-19,7.0,8.0,pre_outage,post_recovery,post_recovery__pre_outage,weekday,weekday,True,0.36256075180675446,0.4803844614152615,1.5,0.09969127514550134
near,outer,near->outer,2018-01-04,2018-01-20,7.0,7.0,pre_outage,post_recovery,post_recovery__pre_outage,weekday,weekend,False,0.08042105521894645,0.2148344622118298,1.7142857142857142,0.1367753011080483
near,outer,near->outer,2018-01-04,2018-01-21,7.0,11.0,pre_outage,post_recovery,post_recovery__pre_outage,weekday,weekend,False,0.05986546217757742,0.24209101306752095,1.6363636363636362,0.11813899609519643
near,outer,near->outer,2018-01-04,2018-01-22,7.0,3.0,pre_outage,post_recovery,post_recovery__pre_outage,weekday,weekday,True,0.3962068932099118,0.4803844614152615,1.3333333333333333,0.11418646484077903
near,outer,near->outer,2018-01-04,2018-01-23,7.0,7.0,pre_outage,post_recovery,post_recovery__pre_outage,weekday,weekday,True,0.17870722433460084,0.3076923076923077,1.4285714285714284,0.12371791482634836
near,outer,near->outer,2018-01-04,2018-01-24,7.0,8.0,pre_outage,post_recovery,post_recovery__pre_outage,weekday,weekday,True,0.5205756073945188,0.6139406135149205,0.9642857142857143,0.08454686137703446
near,outer,near->outer,2018-01-05,2018-01-06,8.0,15.0,pre_outage,pre_outage,pre_outage__pre_outage,weekday,weekend,False,0.5418181412781053,0.6457718456202195,0.9666666666666668,0.07410734206641167
near,outer,near->outer,2018-01-05,2018-01-07,8.0,6.0,pre_outage,pre_outage,pre_outage__pre_outage,weekday,weekend,False,0.2896827297511607,0.4472135954999579,1.25,0.09394270318381029
near,outer,near->outer,2018-01-05,2018-01-08,8.0,5.0,pre_outage,pre_outage,pre_outage__pre_outage,weekday,weekday,True,-0.25213645282964964,0.0,2.0,0.13482241406136197
near,outer,near->outer,2018-01-05,2018-01-09,8.0,11.0,pre_outage,pre_outage,pre_outage__pre_outage,weekday,weekday,True,0.027552809935789752,0.25298221281347033,1.5681818181818183,0.1064488295181545
near,outer,near->outer,2018-01-05,2018-01-10,8.0,4.0,pre_outage,pre_outage,pre_outage__pre_outage,weekday,weekday,True,0.13483997249264848,0.31622776601683794,1.5,0.10825317547305482
near,outer,near->outer,2018-01-05,2018-01-11,8.0,11.0,pre_outage,pre_outage,pre_outage__pre_outage,weekday,weekday,True,0.030813020019237216,0.2760262237369417,1.5,0.09976944841716609
near,outer,near->outer,2018-01-05,2018-01-19,8.0,8.0,pre_outage,post_recovery,post_recovery__pre_outage,weekday,weekday,True,0.5237849266164972,0.6390096504226938,1.0,0.07216878364870322
near,outer,near->outer,2018-01-05,2018-01-20,8.0,7.0,pre_outage,post_recovery,post_recovery__pre_outage,weekday,weekend,False,0.2735542368362891,0.4082482904638629,1.25,0.10874301134788755
near,outer,near->outer,2018-01-05,2018-01-21,8.0,11.0,pre_outage,post_recovery,post_recovery__pre_outage,weekday,weekend,False,0.03081302001923718,0.2760262237369417,1.3863636363636365,0.09976944841716609
near,outer,near->outer,2018-01-05,2018-01-22,8.0,3.0,pre_outage,post_recovery,post_recovery__pre_outage,weekday,weekday,True,0.227921152919276,0.3651483716701107,1.5,0.11599509089229212
near,outer,near->outer,2018-01-05,2018-01-23,8.0,7.0,pre_outage,post_recovery,post_recovery__pre_outage,weekday,weekday,True,0.07436794391350271,0.26311740579210874,1.25,0.11445764597041315
near,outer,near->outer,2018-01-05,2018-01-24,8.0,8.0,pre_outage,post_recovery,post_recovery__pre_outage,weekday,weekday,True,0.04545454545454546,0.29999999999999993,1.25,0.09547032697824667
near,outer,near->outer,2018-01-06,2018-01-07,15.0,6.0,pre_outage,pre_outage,pre_outage__pre_outage,weekend,weekend,True,0.015986193890144055,0.20628424925175867,1.5999999999999999,0.11941214033447042
near,outer,near->outer,2018-01-06,2018-01-08,15.0,5.0,pre_outage,pre_outage,pre_outage__pre_outage,weekend,weekday,False,-0.20871293700371807,0.0,2.0,0.14272480642961255
near,outer,near->outer,2018-01-06,2018-01-09,15.0,11.0,pre_outage,pre_outage,pre_outage__pre_outage,weekend,weekday,False,-0.06842280622099317,0.14586499149789456,1.8181818181818181,0.12160290541532477
near,outer,near->outer,2018-01-06,2018-01-10,15.0,4.0,pre_outage,pre_outage,pre_outage__pre_outage,weekend,weekday,False,-0.22323504886820386,0.0,1.9999999999999998,0.13827642738504045
near,outer,near->outer,2018-01-06,2018-01-11,15.0,11.0,pre_outage,pre_outage,pre_outage__pre_outage,weekend,weekday,False,-0.198949384371692,0.06366070140792303,1.8666666666666667,0.12216794854740083
near,outer,near->outer,2018-01-06,2018-01-19,15.0,8.0,pre_outage,post_recovery,post_recovery__pre_outage,weekend,weekday,False,0.4269070672215018,0.5473987486932373,1.2333333333333332,0.0865356916302512
near,outer,near->outer,2018-01-06,2018-01-20,15.0,7.0,pre_outage,post_recovery,post_recovery__pre_outage,weekend,weekend,True,0.3000357842584362,0.4142839674350901,1.295238095238095,0.1128213056756626
near,outer,near->outer,2018-01-06,2018-01-21,15.0,11.0,pre_outage,post_recovery,post_recovery__pre_outage,weekend,weekend,True,-0.23975951449921848,0.031830350703961514,1.8666666666666667,0.12421778518928313
near,outer,near->outer,2018-01-06,2018-01-22,15.0,3.0,pre_outage,post_recovery,post_recovery__pre_outage,weekend,weekday,False,0.41506971298207995,0.5052911526399114,1.2,0.10715167512214394
near,outer,near->outer,2018-01-06,2018-01-23,15.0,7.0,pre_outage,post_recovery,post_recovery__pre_outage,weekend,weekday,False,-0.11696424081464832,0.0809113394062735,1.7333333333333332,0.13479919838452156
near,outer,near->outer,2018-01-06,2018-01-24,15.0,8.0,pre_outage,post_recovery,post_recovery__pre_outage,weekend,weekday,False,-0.18060604709270187,0.09225312080288851,1.7333333333333332,0.11758074451831593
near,outer,near->outer,2018-01-07,2018-01-08,6.0,5.0,pre_outage,pre_outage,pre_outage__pre_outage,weekend,weekday,False,-0.20085883379503597,0.0,2.0,0.14465796184768376
near,outer,near->outer,2018-01-07,2018-01-09,6.0,11.0,pre_outage,pre_outage,pre_outage__pre_outage,weekend,weekday,False,0.021949326284914805,0.21213203435596426,1.6666666666666665,0.1186600012572801
near,outer,near->outer,2018-01-07,2018-01-10,6.0,4.0,pre_outage,pre_outage,pre_outage__pre_outage,weekend,weekday,False,3.975236107175611e-18,0.17677669529663687,1.6666666666666665,0.1272937693043289
near,outer,near->outer,2018-01-07,2018-01-11,6.0,11.0,pre_outage,pre_outage,pre_outage__pre_outage,weekend,weekday,False,0.12273249657693452,0.3086066999241838,1.3333333333333333,0.10695867971993621
near,outer,near->outer,2018-01-07,2018-01-19,6.0,8.0,pre_outage,post_recovery,post_recovery__pre_outage,weekend,weekday,False,0.5135525910130954,0.6123724356957946,1.0,0.08157875086438007
near,outer,near->outer,2018-01-07,2018-01-20,6.0,7.0,pre_outage,post_recovery,post_recovery__pre_outage,weekend,weekend,True,0.24516093337848233,0.36514837167011066,1.380952380952381,0.11865013006131787
near,outer,near->outer,2018-01-07,2018-01-21,6.0,11.0,pre_outage,post_recovery,post_recovery__pre_outage,weekend,weekend,True,0.024546499315386883,0.23145502494313785,1.6363636363636362,0.11270663436576463
near,outer,near->outer,2018-01-07,2018-01-22,6.0,3.0,pre_outage,post_recovery,post_recovery__pre_outage,weekend,weekday,False,0.3026137663344012,0.408248290463863,1.3333333333333333,0.11785113019775792
near,outer,near->outer,2018-01-07,2018-01-23,6.0,7.0,pre_outage,post_recovery,post_recovery__pre_outage,weekend,weekday,False,0.1481088743670571,0.29417420270727607,1.4285714285714286,0.11983864182969443
near,outer,near->outer,2018-01-07,2018-01-24,6.0,8.0,pre_outage,post_recovery,post_recovery__pre_outage,weekend,weekday,False,0.43452409462674096,0.5590169943749473,1.1666666666666665,0.08419691425682042
near,outer,near->outer,2018-01-08,2018-01-09,5.0,11.0,pre_outage,pre_outage,pre_outage__pre_outage,weekday,weekday,True,-0.02674621088639324,0.1511857892036909,1.6363636363636362,0.13132090109103303
near,outer,near->outer,2018-01-08,2018-01-10,5.0,4.0,pre_outage,pre_outage,pre_outage__pre_outage,weekday,weekday,True,0.037397879600338295,0.1889822365046136,1.6,0.13385315336840842
near,outer,near->outer,2018-01-08,2018-01-11,5.0,11.0,pre_outage,pre_outage,pre_outage__pre_outage,weekday,weekday,True,-0.02991097943918483,0.1649572197684645,1.6363636363636365,0.12596733145955472
near,outer,near->outer,2018-01-08,2018-01-19,5.0,8.0,pre_outage,post_recovery,post_recovery__pre_outage,weekday,weekday,True,-0.08939803125353482,0.1091089451179962,1.75,0.13189326492787012
near,outer,near->outer,2018-01-08,2018-01-20,5.0,7.0,pre_outage,post_recovery,post_recovery__pre_outage,weekday,weekend,False,-0.16596626905614473,0.0,2.0,0.1562746579183042
near,outer,near->outer,2018-01-08,2018-01-21,5.0,11.0,pre_outage,post_recovery,post_recovery__pre_outage,weekday,weekend,False,-0.23501483845073803,0.0,2.0,0.13747025723895465
near,outer,near->outer,2018-01-08,2018-01-22,5.0,3.0,pre_outage,post_recovery,post_recovery__pre_outage,weekday,weekday,True,-0.1580348853102535,0.0,2.0,0.15986105077709065
near,outer,near->outer,2018-01-08,2018-01-23,5.0,7.0,pre_outage,post_recovery,post_recovery__pre_outage,weekday,weekday,True,-0.05672138048731929,0.10482848367219183,1.7142857142857144,0.14261884887497084
near,outer,near->outer,2018-01-08,2018-01-24,5.0,8.0,pre_outage,post_recovery,post_recovery__pre_outage,weekday,weekday,True,-0.25213645282964964,0.0,2.0,0.13482241406136197
near,outer,near->outer,2018-01-09,2018-01-10,11.0,4.0,pre_outage,pre_outage,pre_outage__pre_outage,weekday,weekday,True,0.14303597515272673,0.3,1.4545454545454546,0.11551477789376444
near,outer,near->outer,2018-01-09,2018-01-11,11.0,11.0,pre_outage,pre_outage,pre_outage__pre_outage,weekday,weekday,True,-0.22646682454373832,0.04364357804719848,1.8181818181818181,0.12309149097933272
near,outer,near->outer,2018-01-09,2018-01-19,11.0,8.0,pre_outage,post_recovery,post_recovery__pre_outage,weekday,weekday,True,-0.04884591133330929,0.17320508075688773,1.6363636363636365,0.11653500047662999
near,outer,near->outer,2018-01-09,2018-01-20,11.0,7.0,pre_outage,post_recovery,post_recovery__pre_outage,weekday,weekend,False,0.4844998593549165,0.5680375574437545,1.2727272727272727,0.09725819021065356
near,outer,near->outer,2018-01-09,2018-01-21,11.0,11.0,pre_outage,post_recovery,post_recovery__pre_outage,weekday,weekend,False,0.10973134797480104,0.30550504633038933,1.4545454545454546,0.10497277621629558
near,outer,near->outer,2018-01-09,2018-01-22,11.0,3.0,pre_outage,post_recovery,post_recovery__pre_outage,weekday,weekday,True,-0.18996601325360896,0.0,2.0,0.14999234752441915
near,outer,near->outer,2018-01-09,2018-01-23,11.0,7.0,pre_outage,post_recovery,post_recovery__pre_outage,weekday,weekday,True,-0.14932421442139177,0.05547001962252292,1.8181818181818181,0.13631209085570378
near,outer,near->outer,2018-01-09,2018-01-24,11.0,8.0,pre_outage,post_recovery,post_recovery__pre_outage,weekday,weekday,True,0.1928696695505282,0.3794733192202055,1.5,0.0971463530547891
near,outer,near->outer,2018-01-10,2018-01-11,4.0,11.0,pre_outage,pre_outage,pre_outage__pre_outage,weekday,weekday,True,0.29707011418436974,0.4364357804719848,1.2727272727272727,0.1003609189355437
near,outer,near->outer,2018-01-10,2018-01-19,4.0,8.0,pre_outage,post_recovery,post_recovery__pre_outage,weekday,weekday,True,-0.05976143046671971,0.14433756729740646,1.75,0.125
near,outer,near->outer,2018-01-10,2018-01-20,4.0,7.0,pre_outage,post_recovery,post_recovery__pre_outage,weekday,weekend,False,-0.1775140952693408,0.0,2.0,0.15222276014933836
near,outer,near->outer,2018-01-10,2018-01-21,4.0,11.0,pre_outage,post_recovery,post_recovery__pre_outage,weekday,weekend,False,0.15996083071466058,0.32732683535398854,1.4545454545454546,0.10939037180449736
near,outer,near->outer,2018-01-10,2018-01-22,4.0,3.0,pre_outage,post_recovery,post_recovery__pre_outage,weekday,weekday,True,-0.16903085094570333,0.0,2.0,0.15590239111558088
near,outer,near->outer,2018-01-10,2018-01-23,4.0,7.0,pre_outage,post_recovery,post_recovery__pre_outage,weekday,weekday,True,0.6342565481106937,0.6933752452815364,0.9285714285714286,0.08117965295824914
near,outer,near->outer,2018-01-10,2018-01-24,4.0,8.0,pre_outage,post_recovery,post_recovery__pre_outage,weekday,weekday,True,0.13483997249264848,0.31622776601683794,1.5,0.10825317547305482
near,outer,near->outer,2018-01-11,2018-01-19,11.0,8.0,pre_outage,post_recovery,post_recovery__pre_outage,weekday,weekday,True,-0.05462564606944519,0.1889822365046136,1.5681818181818181,0.11046717099558852
near,outer,near->outer,2018-01-11,2018-01-20,11.0,7.0,pre_outage,post_recovery,post_recovery__pre_outage,weekday,weekend,False,0.12459163185125942,0.28171808490950545,1.4285714285714286,0.12072800664402027
near,outer,near->outer,2018-01-11,2018-01-21,11.0,11.0,pre_outage,post_recovery,post_recovery__pre_outage,weekday,weekend,False,0.4986945169712794,0.619047619047619,1.0909090909090908,0.07422696190252055
near,outer,near->outer,2018-01-11,2018-01-22,11.0,3.0,pre_outage,post_recovery,post_recovery__pre_outage,weekday,weekday,True,-0.2124439061932053,0.0,2.0,0.14532822797917333
near,outer,near->outer,2018-01-11,2018-01-23,11.0,7.0,pre_outage,post_recovery,post_recovery__pre_outage,weekday,weekday,True,0.21110452452093098,0.36313651960128146,1.3506493506493507,0.10859245016979162
near,outer,near->outer,2018-01-11,2018-01-24,11.0,8.0,pre_outage,post_recovery,post_recovery__pre_outage,weekday,weekday,True,-0.06162604003847438,0.20701966780270625,1.5681818181818181,0.10440743524498272
near,outer,near->outer,2018-01-19,2018-01-20,8.0,7.0,post_recovery,post_recovery,post_recovery__post_recovery,weekday,weekend,False,0.15154994659001958,0.2981423969999719,1.5,0.12089342864041608
near,outer,near->outer,2018-01-19,2018-01-21,8.0,11.0,post_recovery,post_recovery,post_recovery__post_recovery,weekday,weekend,False,0.1092512921388903,0.314970394174356,1.3863636363636365,0.10153352389151674
near,outer,near->outer,2018-01-19,2018-01-22,8.0,3.0,post_recovery,post_recovery,post_recovery__post_recovery,weekday,weekday,True,0.2020305089104422,0.33333333333333337,1.4999999999999998,0.12147816447594376
near,outer,near->outer,2018-01-19,2018-01-23,8.0,7.0,post_recovery,post_recovery,post_recovery__post_recovery,weekday,weekday,True,0.06592013669213719,0.24019223070763074,1.4642857142857144,0.1200109830574759
near,outer,near->outer,2018-01-19,2018-01-24,8.0,8.0,post_recovery,post_recovery,post_recovery__post_recovery,weekday,weekday,True,0.040291148201269035,0.27386127875258304,1.5,0.10206207261596575
near,outer,near->outer,2018-01-20,2018-01-21,7.0,11.0,post_recovery,post_recovery,post_recovery__post_recovery,weekend,weekend,True,-0.014487399052472006,0.16903085094570325,1.7142857142857144,0.12938220029331995
near,outer,near->outer,2018-01-20,2018-01-22,7.0,3.0,post_recovery,post_recovery,post_recovery__post_recovery,weekend,weekday,False,-0.15002679289116663,0.0,2.0,0.1632298714381201
near,outer,near->outer,2018-01-20,2018-01-23,7.0,7.0,post_recovery,post_recovery,post_recovery__post_recovery,weekend,weekday,False,-0.17133181329253797,0.0,1.9999999999999998,0.15430334996209188
near,outer,near->outer,2018-01-20,2018-01-24,7.0,8.0,post_recovery,post_recovery,post_recovery__post_recovery,weekend,weekday,False,0.37613707564989746,0.48989794855663554,1.5,0.10167077888415905
near,outer,near->outer,2018-01-21,2018-01-22,11.0,3.0,post_recovery,post_recovery,post_recovery__post_recovery,weekend,weekday,False,-0.057939247143601436,0.12598815766974242,1.8181818181818181,0.13636363636363635
near,outer,near->outer,2018-01-21,2018-01-23,11.0,7.0,post_recovery,post_recovery,post_recovery__post_recovery,weekend,weekday,False,-0.09137360016577602,0.12104550653376048,1.636363636363636,0.12696977814772695
near,outer,near->outer,2018-01-21,2018-01-24,11.0,8.0,post_recovery,post_recovery,post_recovery__post_recovery,weekend,weekday,False,-0.06162604003847437,0.20701966780270625,1.4545454545454546,0.10440743524498272
near,outer,near->outer,2018-01-22,2018-01-23,3.0,7.0,post_recovery,post_recovery,post_recovery__post_recovery,weekday,weekday,True,0.023306287835877192,0.16012815380508716,1.7142857142857142,0.14482767929281476
near,outer,near->outer,2018-01-22,2018-01-24,3.0,8.0,post_recovery,post_recovery,post_recovery__post_recovery,weekday,weekday,True,1.3179339154692261e-17,0.18257418583505536,1.7499999999999998,0.1301041249666333
near,outer,near->outer,2018-01-23,2018-01-24,7.0,8.0,post_recovery,post_recovery,post_recovery__post_recovery,weekday,weekday,True,0.4090236915242649,0.5262348115842175,0.9999999999999999,0.0929315178333095
outer,core,outer->core,2018-01-01,2018-01-02,2.0,8.0,pre_outage,pre_outage,pre_outage__pre_outage,weekday,weekday,True,-0.14625448482542608,0.0,2.0,0.17305466381079324
outer,core,outer->core,2018-01-01,2018-01-03,2.0,3.0,pre_outage,pre_outage,pre_outage__pre_outage,weekday,weekday,True,0.3418817293789136,0.408248290463863,1.3333333333333333,0.14433756729740643
outer,core,outer->core,2018-01-01,2018-01-04,2.0,4.0,pre_outage,pre_outage,pre_outage__pre_outage,weekday,weekday,True,-0.1348399724926484,0.0,2.0,0.1767766952966369
outer,core,outer->core,2018-01-01,2018-01-05,2.0,3.0,pre_outage,pre_outage,pre_outage__pre_outage,weekday,weekday,True,-0.11396057645963793,0.0,1.9999999999999998,0.18633899812498245
outer,core,outer->core,2018-01-01,2018-01-06,2.0,4.0,pre_outage,pre_outage,pre_outage__pre_outage,weekday,weekend,False,-0.08058229640253796,0.0,2.0,0.21650635094610965
outer,core,outer->core,2018-01-01,2018-01-07,2.0,2.0,pre_outage,pre_outage,pre_outage__pre_outage,weekday,weekend,False,-0.09090909090909093,0.0,2.0,0.2041241452319315
outer,core,outer->core,2018-01-01,2018-01-08,2.0,5.0,pre_outage,pre_outage,pre_outage__pre_outage,weekday,weekday,True,-0.12606822641482482,0.0,2.0,0.18027756377319948
outer,core,outer->core,2018-01-01,2018-01-09,2.0,6.0,pre_outage,pre_outage,pre_outage__pre_outage,weekday,weekday,True,-0.17407765595569788,0.0,2.0,0.16666666666666669
outer,core,outer->core,2018-01-01,2018-01-10,2.0,3.0,pre_outage,pre_outage,pre_outage__pre_outage,weekday,weekday,True,-0.11396057645963793,0.0,1.9999999999999998,0.18633899812498245
outer,core,outer->core,2018-01-01,2018-01-11,2.0,6.0,pre_outage,pre_outage,pre_outage__pre_outage,weekday,weekday,True,-0.12666009927622474,0.0,2.0,0.1800205749557739
outer,core,outer->core,2018-01-01,2018-01-19,2.0,3.0,pre_outage,post_recovery,post_recovery__pre_outage,weekday,weekday,True,-0.08585457105482135,0.0,2.0,0.20971762320196527
outer,core,outer->core,2018-01-01,2018-01-20,2.0,5.0,pre_outage,post_recovery,post_recovery__pre_outage,weekday,weekend,False,-0.12606822641482482,0.0,2.0,0.18027756377319948
outer,core,outer->core,2018-01-01,2018-01-21,2.0,5.0,pre_outage,post_recovery,post_recovery__pre_outage,weekday,weekend,False,0.5877538136452585,0.6324555320336758,1.2,0.1118033988749895
outer,core,outer->core,2018-01-01,2018-01-22,2.0,5.0,pre_outage,post_recovery,post_recovery__pre_outage,weekday,weekday,True,-0.10908297607202133,0.0,2.0,0.18929694486000911
outer,core,outer->core,2018-01-01,2018-01-23,2.0,8.0,pre_outage,post_recovery,post_recovery__pre_outage,weekday,weekday,True,0.10660035817780526,0.24999999999999994,1.75,0.14433756729740643
outer,core,outer->core,2018-01-01,2018-01-24,2.0,3.0,pre_outage,post_recovery,post_recovery__pre_outage,weekday,weekday,True,-0.11396057645963793,0.0,1.9999999999999998,0.18633899812498245
outer,core,outer->core,2018-01-02,2018-01-03,8.0,3.0,pre_outage,pre_outage,pre_outage__pre_outage,weekday,weekday,True,-0.1833396994056422,0.0,1.9999999999999998,0.15166895602667746
outer,core,outer->core,2018-01-02,2018-01-04,8.0,4.0,pre_outage,pre_outage,pre_outage__pre_outage,weekday,weekday,True,-0.05423261445466406,0.1336306209562122,1.75,0.1301041249666333
outer,core,outer->core,2018-01-02,2018-01-05,8.0,3.0,pre_outage,pre_outage,pre_outage__pre_outage,weekday,weekday,True,-0.1833396994056422,0.0,1.9999999999999998,0.15166895602667746
outer,core,outer->core,2018-01-02,2018-01-06,8.0,4.0,pre_outage,pre_outage,pre_outage__pre_outage,weekday,weekend,False,0.06482037235521645,0.1690308509457033,1.5,0.17305466381079324
outer,core,outer->core,2018-01-02,2018-01-07,8.0,2.0,pre_outage,pre_outage,pre_outage__pre_outage,weekday,weekend,False,0.29250896965085194,0.3779644730092272,1.5,0.13975424859373686
outer,core,outer->core,2018-01-02,2018-01-08,8.0,5.0,pre_outage,pre_outage,pre_outage__pre_outage,weekday,weekday,True,0.1622547828629674,0.30304576336566325,1.35,0.12054563451241194
outer,core,outer->core,2018-01-02,2018-01-09,8.0,6.0,pre_outage,pre_outage,pre_outage__pre_outage,weekday,weekday,True,-0.280056016805602,0.0,2.0,0.1267242193812129
outer,core,outer->core,2018-01-02,2018-01-10,8.0,3.0,pre_outage,pre_outage,pre_outage__pre_outage,weekday,weekday,True,-0.18333969940564226,0.0,1.9999999999999998,0.15166895602667746
outer,core,outer->core,2018-01-02,2018-01-11,8.0,6.0,pre_outage,pre_outage,pre_outage__pre_outage,weekday,weekday,True,0.40754136648679457,0.5070925528371101,1.25,0.10135082999532238
outer,core,outer->core,2018-01-02,2018-01-19,8.0,3.0,pre_outage,post_recovery,post_recovery__pre_outage,weekday,weekday,True,-0.1381227766548392,0.0,1.9999999999999998,0.17961829383857728
outer,core,outer->core,2018-01-02,2018-01-20,8.0,5.0,pre_outage,post_recovery,post_recovery__pre_outage,weekday,weekend,False,0.040563695715741824,0.20203050891044216,1.75,0.12889756915215017
outer,core,outer->core,2018-01-02,2018-01-21,8.0,5.0,pre_outage,post_recovery,post_recovery__pre_outage,weekday,weekend,False,0.3483708212554078,0.47809144373375745,1.2,0.09547032697824667
outer,core,outer->core,2018-01-02,2018-01-22,8.0,5.0,pre_outage,post_recovery,post_recovery__pre_outage,weekday,weekday,True,0.45628080980304,0.5345224838248487,1.25,0.10777097630314637
outer,core,outer->core,2018-01-02,2018-01-23,8.0,8.0,pre_outage,post_recovery,post_recovery__pre_outage,weekday,weekday,True,-0.21437323142813608,0.0944911182523068,1.75,0.11410886614690961
outer,core,outer->core,2018-01-02,2018-01-24,8.0,3.0,pre_outage,post_recovery,post_recovery__pre_outage,weekday,weekday,True,2.6291610932699896e-17,0.1543033499620919,1.7499999999999998,0.13975424859373684
outer,core,outer->core,2018-01-03,2018-01-04,3.0,4.0,pre_outage,pre_outage,pre_outage__pre_outage,weekday,weekday,True,0.16903085094570344,0.28867513459481287,1.4999999999999998,0.13176156917368245
outer,core,outer->core,2018-01-03,2018-01-05,3.0,3.0,pre_outage,pre_outage,pre_outage__pre_outage,weekday,weekday,True,0.23809523809523803,0.3333333333333333,1.3333333333333333,0.13608276348795434
outer,core,outer->core,2018-01-03,2018-01-06,3.0,4.0,pre_outage,pre_outage,pre_outage__pre_outage,weekday,weekend,False,-0.10101525445522098,0.0,1.9999999999999998,0.19982631347136331
outer,core,outer->core,2018-01-03,2018-01-07,3.0,2.0,pre_outage,pre_outage,pre_outage__pre_outage,weekday,weekend,False,-0.11396057645963793,0.0,1.9999999999999998,0.18633899812498245
outer,core,outer->core,2018-01-03,2018-01-08,3.0,5.0,pre_outage,pre_outage,pre_outage__pre_outage,weekday,weekday,True,0.34767674768255746,0.4364357804719848,1.3333333333333335,0.12018504251546631
outer,core,outer->core,2018-01-03,2018-01-09,3.0,6.0,pre_outage,pre_outage,pre_outage__pre_outage,weekday,weekday,True,0.07273929674533082,0.2357022603955159,1.6666666666666665,0.1272937693043289
outer,core,outer->core,2018-01-03,2018-01-10,3.0,3.0,pre_outage,pre_outage,pre_outage__pre_outage,weekday,weekday,True,-0.14285714285714282,0.0,2.0,0.16666666666666666
outer,core,outer->core,2018-01-03,2018-01-11,3.0,6.0,pre_outage,pre_outage,pre_outage__pre_outage,weekday,weekday,True,-0.15877683720748897,0.0,1.9999999999999998,0.15957118462605635
outer,core,outer->core,2018-01-03,2018-01-19,3.0,3.0,pre_outage,post_recovery,post_recovery__pre_outage,weekday,weekday,True,0.4663724021672137,0.5163977794943223,1.3333333333333333,0.13608276348795434
outer,core,outer->core,2018-01-03,2018-01-20,3.0,5.0,pre_outage,post_recovery,post_recovery__pre_outage,weekday,weekend,False,-0.1580348853102535,0.0,1.9999999999999998,0.15986105077709065
outer,core,outer->core,2018-01-03,2018-01-21,3.0,5.0,pre_outage,post_recovery,post_recovery__pre_outage,weekday,weekend,False,0.11633501014942231,0.2581988897471611,1.5999999999999999,0.12909944487358055
outer,core,outer->core,2018-01-03,2018-01-22,3.0,5.0,pre_outage,post_recovery,post_recovery__pre_outage,weekday,weekday,True,-0.13674274718610482,0.0,2.0,0.16996731711975951
outer,core,outer->core,2018-01-03,2018-01-23,3.0,8.0,pre_outage,post_recovery,post_recovery__pre_outage,weekday,weekday,True,5.872575107146525e-18,0.2041241452319315,1.7499999999999998,0.125
outer,core,outer->core,2018-01-03,2018-01-24,3.0,3.0,pre_outage,post_recovery,post_recovery__pre_outage,weekday,weekday,True,0.23809523809523792,0.3333333333333333,1.3333333333333333,0.13608276348795434
outer,core,outer->core,2018-01-04,2018-01-05,4.0,3.0,pre_outage,pre_outage,pre_outage__pre_outage,weekday,weekday,True,0.16903085094570341,0.28867513459481287,1.4999999999999998,0.13176156917368245
outer,core,outer->core,2018-01-04,2018-01-06,4.0,4.0,pre_outage,pre_outage,pre_outage__pre_outage,weekday,weekend,False,-0.11952286093343928,0.0,2.0,0.19094065395649334
outer,core,outer->core,2018-01-04,2018-01-07,4.0,2.0,pre_outage,pre_outage,pre_outage__pre_outage,weekday,weekend,False,-0.1348399724926484,0.0,2.0,0.1767766952966369
outer,core,outer->core,2018-01-04,2018-01-08,4.0,5.0,pre_outage,pre_outage,pre_outage__pre_outage,weekday,weekday,True,0.2617851572023681,0.3779644730092272,1.5,0.11726039399558576
outer,core,outer->core,2018-01-04,2018-01-09,4.0,6.0,pre_outage,pre_outage,pre_outage__pre_outage,weekday,weekday,True,0.25819888974716126,0.4082482904638631,1.3333333333333333,0.10206207261596575
outer,core,outer->core,2018-01-04,2018-01-10,4.0,3.0,pre_outage,pre_outage,pre_outage__pre_outage,weekday,weekday,True,-0.1690308509457033,0.0,1.9999999999999998,0.15590239111558088
outer,core,outer->core,2018-01-04,2018-01-11,4.0,6.0,pre_outage,pre_outage,pre_outage__pre_outage,weekday,weekday,True,-0.1878672873255449,0.0,2.0,0.1482927535004349
outer,core,outer->core,2018-01-04,2018-01-19,4.0,3.0,pre_outage,post_recovery,post_recovery__pre_outage,weekday,weekday,True,0.3820287239802078,0.447213595499958,1.5,0.14027090192169553
outer,core,outer->core,2018-01-04,2018-01-20,4.0,5.0,pre_outage,post_recovery,post_recovery__pre_outage,weekday,weekend,False,0.037397879600338337,0.1889822365046136,1.6,0.13385315336840842
outer,core,outer->core,2018-01-04,2018-01-21,4.0,5.0,pre_outage,post_recovery,post_recovery__pre_outage,weekday,weekend,False,-0.2294157338705617,0.0,2.0,0.13693063937629152
outer,core,outer->core,2018-01-04,2018-01-22,4.0,5.0,pre_outage,post_recovery,post_recovery__pre_outage,weekday,weekday,True,0.22651468059170074,0.3333333333333333,1.5,0.13070322617798436
outer,core,outer->core,2018-01-04,2018-01-23,4.0,8.0,pre_outage,post_recovery,post_recovery__pre_outage,weekday,weekday,True,0.39528470752104755,0.5303300858899106,1.25,0.08838834764831845
outer,core,outer->core,2018-01-04,2018-01-24,4.0,3.0,pre_outage,post_recovery,post_recovery__pre_outage,weekday,weekday,True,-0.1690308509457033,0.0,1.9999999999999998,0.15590239111558088
outer,core,outer->core,2018-01-05,2018-01-06,3.0,4.0,pre_outage,pre_outage,pre_outage__pre_outage,weekday,weekend,False,0.505076272276105,0.5477225575051661,1.3333333333333333,0.13819269959814165
outer,core,outer->core,2018-01-05,2018-01-07,3.0,2.0,pre_outage,pre_outage,pre_outage__pre_outage,weekday,weekend,False,-0.11396057645963796,0.0,1.9999999999999998,0.18633899812498245
outer,core,outer->core,2018-01-05,2018-01-08,3.0,5.0,pre_outage,pre_outage,pre_outage__pre_outage,weekday,weekday,True,0.34767674768255746,0.4364357804719848,1.3333333333333335,0.12018504251546631
outer,core,outer->core,2018-01-05,2018-01-09,3.0,6.0,pre_outage,pre_outage,pre_outage__pre_outage,weekday,weekday,True,0.07273929674533083,0.2357022603955159,1.6666666666666665,0.1272937693043289
outer,core,outer->core,2018-01-05,2018-01-10,3.0,3.0,pre_outage,pre_outage,pre_outage__pre_outage,weekday,weekday,True,0.23809523809523792,0.3333333333333333,1.3333333333333333,0.13608276348795434
outer,core,outer->core,2018-01-05,2018-01-11,3.0,6.0,pre_outage,pre_outage,pre_outage__pre_outage,weekday,weekday,True,-0.158776837207489,0.0,1.9999999999999998,0.15957118462605635
outer,core,outer->core,2018-01-05,2018-01-19,3.0,3.0,pre_outage,post_recovery,post_recovery__pre_outage,weekday,weekday,True,0.4663724021672137,0.5163977794943223,1.3333333333333333,0.13608276348795434
outer,core,outer->core,2018-01-05,2018-01-20,3.0,5.0,pre_outage,post_recovery,post_recovery__pre_outage,weekday,weekend,False,-0.1580348853102535,0.0,2.0,0.15986105077709065
outer,core,outer->core,2018-01-05,2018-01-21,3.0,5.0,pre_outage,post_recovery,post_recovery__pre_outage,weekday,weekend,False,-0.19389168358237027,0.0,2.0,0.14907119849998599
outer,core,outer->core,2018-01-05,2018-01-22,3.0,5.0,pre_outage,post_recovery,post_recovery__pre_outage,weekday,weekday,True,-0.13674274718610488,0.0,2.0,0.16996731711975951
outer,core,outer->core,2018-01-05,2018-01-23,3.0,8.0,pre_outage,post_recovery,post_recovery__pre_outage,weekday,weekday,True,-1.0817901513164651e-17,0.2041241452319315,1.7499999999999998,0.125
outer,core,outer->core,2018-01-05,2018-01-24,3.0,3.0,pre_outage,post_recovery,post_recovery__pre_outage,weekday,weekday,True,-0.14285714285714282,0.0,2.0,0.16666666666666666
outer,core,outer->core,2018-01-06,2018-01-07,4.0,2.0,pre_outage,pre_outage,pre_outage__pre_outage,weekend,weekend,True,0.16116459280507575,0.22360679774997896,1.5,0.19094065395649334
outer,core,outer->core,2018-01-06,2018-01-08,4.0,5.0,pre_outage,pre_outage,pre_outage__pre_outage,weekend,weekday,False,0.02234950781338369,0.11952286093343935,1.6,0.18314384146529927
outer,core,outer->core,2018-01-06,2018-01-09,4.0,6.0,pre_outage,pre_outage,pre_outage__pre_outage,weekend,weekday,False,-0.15430334996209183,0.0,2.0,0.18162078931419473
outer,core,outer->core,2018-01-06,2018-01-10,4.0,3.0,pre_outage,pre_outage,pre_outage__pre_outage,weekend,weekday,False,0.5050762722761051,0.5477225575051661,1.3333333333333333,0.13819269959814165
outer,core,outer->core,2018-01-06,2018-01-11,4.0,6.0,pre_outage,pre_outage,pre_outage__pre_outage,weekend,weekday,False,-0.11227217828476792,0.0,2.0,0.19394777838567975
outer,core,outer->core,2018-01-06,2018-01-19,4.0,3.0,pre_outage,post_recovery,post_recovery__pre_outage,weekend,weekday,False,-0.07610194341477608,0.0,2.0,0.2217877697593238
outer,core,outer->core,2018-01-06,2018-01-20,4.0,5.0,pre_outage,post_recovery,post_recovery__pre_outage,weekend,weekend,True,-0.11174753906691849,0.0,2.0,0.19418633662885074
outer,core,outer->core,2018-01-06,2018-01-21,4.0,5.0,pre_outage,post_recovery,post_recovery__pre_outage,weekend,weekend,True,0.027420424855354095,0.14142135623730948,1.5999999999999999,0.17380544678845175
outer,core,outer->core,2018-01-06,2018-01-22,4.0,5.0,pre_outage,post_recovery,post_recovery__pre_outage,weekend,weekday,False,-0.09669172381337239,0.0,2.0,0.2025874296857203
outer,core,outer->core,2018-01-06,2018-01-23,4.0,8.0,pre_outage,post_recovery,post_recovery__pre_outage,weekend,weekday,False,-0.18898223650461352,0.0,2.0,0.1767766952966369
outer,core,outer->core,2018-01-06,2018-01-24,4.0,3.0,pre_outage,post_recovery,post_recovery__pre_outage,weekend,weekday,False,-0.10101525445522101,0.0,1.9999999999999998,0.19982631347136331
outer,core,outer->core,2018-01-07,2018-01-08,2.0,5.0,pre_outage,pre_outage,pre_outage__pre_outage,weekend,weekday,False,0.17649551698075444,0.26726124191242434,1.5999999999999999,0.15545631755148026
outer,core,outer->core,2018-01-07,2018-01-09,2.0,6.0,pre_outage,pre_outage,pre_outage__pre_outage,weekend,weekday,False,0.17407765595569794,0.28867513459481287,1.6666666666666667,0.14433756729740643
outer,core,outer->core,2018-01-07,2018-01-10,2.0,3.0,pre_outage,pre_outage,pre_outage__pre_outage,weekend,weekday,False,-0.11396057645963796,0.0,1.9999999999999998,0.18633899812498245
outer,core,outer->core,2018-01-07,2018-01-11,2.0,6.0,pre_outage,pre_outage,pre_outage__pre_outage,weekend,weekday,False,-0.12666009927622476,0.0,1.9999999999999998,0.1800205749557739
outer,core,outer->core,2018-01-07,2018-01-19,2.0,3.0,pre_outage,post_recovery,post_recovery__pre_outage,weekend,weekday,False,-0.08585457105482135,0.0,1.9999999999999998,0.20971762320196527
outer,core,outer->core,2018-01-07,2018-01-20,2.0,5.0,pre_outage,post_recovery,post_recovery__pre_outage,weekend,weekend,True,-0.12606822641482487,0.0,2.0,0.18027756377319948
outer,core,outer->core,2018-01-07,2018-01-21,2.0,5.0,pre_outage,post_recovery,post_recovery__pre_outage,weekend,weekend,True,0.21654087871141078,0.3162277660168379,1.5999999999999999,0.14433756729740646
outer,core,outer->core,2018-01-07,2018-01-22,2.0,5.0,pre_outage,post_recovery,post_recovery__pre_outage,weekend,weekday,False,-0.10908297607202133,0.0,2.0,0.18929694486000911
outer,core,outer->core,2018-01-07,2018-01-23,2.0,8.0,pre_outage,post_recovery,post_recovery__pre_outage,weekend,weekday,False,-0.21320071635561047,0.0,2.0,0.1613743060919757
outer,core,outer->core,2018-01-07,2018-01-24,2.0,3.0,pre_outage,post_recovery,post_recovery__pre_outage,weekend,weekday,False,-0.11396057645963796,0.0,1.9999999999999998,0.18633899812498245
outer,core,outer->core,2018-01-08,2018-01-09,5.0,6.0,pre_outage,pre_outage,pre_outage__pre_outage,weekday,weekday,True,0.3379631847096874,0.46291004988627577,1.3333333333333333,0.10137937550497034
outer,core,outer->core,2018-01-08,2018-01-10,5.0,3.0,pre_outage,pre_outage,pre_outage__pre_outage,weekday,weekday,True,-0.15803488531025348,0.0,2.0,0.15986105077709065
outer,core,outer->core,2018-01-08,2018-01-11,5.0,6.0,pre_outage,pre_outage,pre_outage__pre_outage,weekday,weekday,True,0.10538757288364328,0.23904572186687875,1.6,0.13298565781762026
outer,core,outer->core,2018-01-08,2018-01-19,5.0,3.0,pre_outage,post_recovery,post_recovery__pre_outage,weekday,weekday,True,0.6429178900477207,0.6761234037828133,1.2,0.11221672153735641
outer,core,outer->core,2018-01-08,2018-01-20,5.0,5.0,pre_outage,post_recovery,post_recovery__pre_outage,weekday,weekend,False,0.16083916083916092,0.28571428571428575,1.6,0.12909944487358058
outer,core,outer->core,2018-01-08,2018-01-21,5.0,5.0,pre_outage,post_recovery,post_recovery__pre_outage,weekday,weekend,False,-0.008579661993714521,0.16903085094570333,1.6,0.12909944487358055
outer,core,outer->core,2018-01-08,2018-01-22,5.0,5.0,pre_outage,post_recovery,post_recovery__pre_outage,weekday,weekday,True,-0.1512708705799555,0.0,2.0,0.16329931618554522
outer,core,outer->core,2018-01-08,2018-01-23,5.0,8.0,pre_outage,post_recovery,post_recovery__pre_outage,weekday,weekday,True,0.23652495839563312,0.40089186286863654,1.5,0.10307764064044152
outer,core,outer->core,2018-01-08,2018-01-24,5.0,3.0,pre_outage,post_recovery,post_recovery__pre_outage,weekday,weekday,True,0.09482093118615215,0.2182178902359924,1.6,0.1414213562373095
outer,core,outer->core,2018-01-09,2018-01-10,6.0,3.0,pre_outage,pre_outage,pre_outage__pre_outage,weekday,weekday,True,0.07273929674533083,0.2357022603955159,1.6666666666666665,0.1272937693043289
outer,core,outer->core,2018-01-09,2018-01-11,6.0,6.0,pre_outage,pre_outage,pre_outage__pre_outage,weekday,weekday,True,-0.24253562503633305,0.0,2.0,0.13608276348795434
outer,core,outer->core,2018-01-09,2018-01-19,6.0,3.0,pre_outage,post_recovery,post_recovery__pre_outage,weekday,weekday,True,0.27399831217559534,0.3651483716701108,1.6666666666666665,0.14433756729740643
outer,core,outer->core,2018-01-09,2018-01-20,6.0,5.0,pre_outage,post_recovery,post_recovery__pre_outage,weekday,weekend,False,-0.048280454958526786,0.1543033499620919,1.6666666666666667,0.12583057392117916
outer,core,outer->core,2018-01-09,2018-01-21,6.0,5.0,pre_outage,post_recovery,post_recovery__pre_outage,weekday,weekend,False,-0.2961744388795462,0.0,2.0,0.12360330811826105
outer,core,outer->core,2018-01-09,2018-01-22,6.0,5.0,pre_outage,post_recovery,post_recovery__pre_outage,weekday,weekday,True,-0.20887799657217845,0.0,2.0,0.14813657362192648
outer,core,outer->core,2018-01-09,2018-01-23,6.0,8.0,pre_outage,post_recovery,post_recovery__pre_outage,weekday,weekday,True,0.2041241452319315,0.43301270189221935,1.25,0.08333333333333333
outer,core,outer->core,2018-01-09,2018-01-24,6.0,3.0,pre_outage,post_recovery,post_recovery__pre_outage,weekday,weekday,True,-0.21821789023599242,0.0,1.9999999999999998,0.14433756729740643
outer,core,outer->core,2018-01-10,2018-01-11,3.0,6.0,pre_outage,pre_outage,pre_outage__pre_outage,weekday,weekday,True,0.05292561240249633,0.18257418583505539,1.6666666666666665,0.14433756729740643
outer,core,outer->core,2018-01-10,2018-01-19,3.0,3.0,pre_outage,post_recovery,post_recovery__pre_outage,weekday,weekday,True,-0.10762440050012625,0.0,2.0,0.19245008972987526
outer,core,outer->core,2018-01-10,2018-01-20,3.0,5.0,pre_outage,post_recovery,post_recovery__pre_outage,weekday,weekend,False,0.09482093118615215,0.2182178902359924,1.6,0.1414213562373095
outer,core,outer->core,2018-01-10,2018-01-21,3.0,5.0,pre_outage,post_recovery,post_recovery__pre_outage,weekday,weekend,False,0.11633501014942224,0.2581988897471611,1.6,0.12909944487358055
outer,core,outer->core,2018-01-10,2018-01-22,3.0,5.0,pre_outage,post_recovery,post_recovery__pre_outage,weekday,weekday,True,0.08204564831166296,0.1924500897298752,1.6,0.15275252316519466
outer,core,outer->core,2018-01-10,2018-01-23,3.0,8.0,pre_outage,post_recovery,post_recovery__pre_outage,weekday,weekday,True,-4.14171086504018e-17,0.2041241452319315,1.7499999999999998,0.125
outer,core,outer->core,2018-01-10,2018-01-24,3.0,3.0,pre_outage,post_recovery,post_recovery__pre_outage,weekday,weekday,True,-0.14285714285714282,0.0,2.0,0.16666666666666666
outer,core,outer->core,2018-01-11,2018-01-19,6.0,3.0,pre_outage,post_recovery,post_recovery__pre_outage,weekday,weekday,True,0.03987261114144499,0.14142135623730953,1.6666666666666667,0.17347216662217774
outer,core,outer->core,2018-01-11,2018-01-20,6.0,5.0,pre_outage,post_recovery,post_recovery__pre_outage,weekday,weekend,False,0.5269378644182166,0.5976143046671969,1.0,0.09670497325294006
outer,core,outer->core,2018-01-11,2018-01-21,6.0,5.0,pre_outage,post_recovery,post_recovery__pre_outage,weekday,weekend,False,-0.04309971159206156,0.1414213562373095,1.6666666666666667,0.13088021099321942
outer,core,outer->core,2018-01-11,2018-01-22,6.0,5.0,pre_outage,post_recovery,post_recovery__pre_outage,weekday,weekday,True,-0.030396213272982187,0.10540925533894598,1.6666666666666665,0.15426048196572023
outer,core,outer->core,2018-01-11,2018-01-23,6.0,8.0,pre_outage,post_recovery,post_recovery__pre_outage,weekday,weekday,True,-0.29704426289300245,0.0,2.0,0.1295469312929002
outer,core,outer->core,2018-01-11,2018-01-24,6.0,3.0,pre_outage,post_recovery,post_recovery__pre_outage,weekday,weekday,True,0.26462806201248157,0.36514837167011077,1.3333333333333333,0.1272937693043289
outer,core,outer->core,2018-01-19,2018-01-20,3.0,5.0,post_recovery,post_recovery,post_recovery__post_recovery,weekday,weekend,False,0.07143532111641343,0.16903085094570333,1.5999999999999999,0.17105338131489614
outer,core,outer->core,2018-01-19,2018-01-21,3.0,5.0,post_recovery,post_recovery,post_recovery__post_recovery,weekday,weekend,False,-0.1460723334525894,0.0,2.0,0.17743021580745905
outer,core,outer->core,2018-01-19,2018-01-22,3.0,5.0,post_recovery,post_recovery,post_recovery__post_recovery,weekday,weekday,True,-0.10301799332051405,0.0,2.0,0.19531550923607718
outer,core,outer->core,2018-01-19,2018-01-23,3.0,8.0,post_recovery,post_recovery,post_recovery__post_recovery,weekday,weekday,True,0.2013468165642073,0.31622776601683794,1.75,0.14632852434517693
outer,core,outer->core,2018-01-19,2018-01-24,3.0,3.0,post_recovery,post_recovery,post_recovery__post_recovery,weekday,weekday,True,-0.10762440050012624,0.0,1.9999999999999998,0.19245008972987526
outer,core,outer->core,2018-01-20,2018-01-21,5.0,5.0,post_recovery,post_recovery,post_recovery__post_recovery,weekend,weekend,True,-0.214491549842863,0.0,2.0,0.1414213562373095
outer,core,outer->core,2018-01-20,2018-01-22,5.0,5.0,post_recovery,post_recovery,post_recovery__post_recovery,weekend,weekday,False,-0.15127087057995553,0.0,2.0,0.16329931618554522
outer,core,outer->core,2018-01-20,2018-01-23,5.0,8.0,post_recovery,post_recovery,post_recovery__post_recovery,weekend,weekday,False,0.059131239598908286,0.26726124191242434,1.5,0.11273124382057237
outer,core,outer->core,2018-01-20,2018-01-24,5.0,3.0,post_recovery,post_recovery,post_recovery__post_recovery,weekend,weekday,False,0.34767674768255763,0.4364357804719848,1.3333333333333333,0.12018504251546631
outer,core,outer->core,2018-01-21,2018-01-22,5.0,5.0,post_recovery,post_recovery,post_recovery__post_recovery,weekend,weekday,False,0.3489147841398349,0.4472135954999579,1.2000000000000002,0.11547005383792516
outer,core,outer->core,2018-01-21,2018-01-23,5.0,8.0,post_recovery,post_recovery,post_recovery__post_recovery,weekend,weekday,False,-0.1450952500220024,0.15811388300841894,1.75,0.10704360482220941
outer,core,outer->core,2018-01-21,2018-01-24,5.0,3.0,post_recovery,post_recovery,post_recovery__post_recovery,weekend,weekday,False,-0.1938916835823703,0.0,2.0,0.14907119849998599
outer,core,outer->core,2018-01-22,2018-01-23,5.0,8.0,post_recovery,post_recovery,post_recovery__post_recovery,weekday,weekday,True,0.051164451009665074,0.23570226039551578,1.75,0.12665570127975553
outer,core,outer->core,2018-01-22,2018-01-24,5.0,3.0,post_recovery,post_recovery,post_recovery__post_recovery,weekday,weekday,True,-0.13674274718610488,0.0,2.0,0.16996731711975951
outer,core,outer->core,2018-01-23,2018-01-24,8.0,3.0,post_recovery,post_recovery,post_recovery__post_recovery,weekday,weekday,True,1.1436067313916915e-17,0.2041241452319315,1.7499999999999998,0.125
outer,near,outer->near,2018-01-01,2018-01-02,11.0,14.0,pre_outage,pre_outage,pre_outage__pre_outage,weekday,weekday,True,0.10281090258923453,0.36667939881128453,1.2857142857142858,0.08647179374648563
outer,near,outer->near,2018-01-01,2018-01-03,11.0,8.0,pre_outage,pre_outage,pre_outage__pre_outage,weekday,weekday,True,0.24916712705774116,0.4601789933084223,1.2727272727272725,0.08174712823828499
outer,near,outer->near,2018-01-01,2018-01-04,11.0,11.0,pre_outage,pre_outage,pre_outage__pre_outage,weekday,weekday,True,-0.1580275212998322,0.1669244652223972,1.6363636363636362,0.10163945352271771
outer,near,outer->near,2018-01-01,2018-01-05,11.0,10.0,pre_outage,pre_outage,pre_outage__pre_outage,weekday,weekday,True,0.03842404215964451,0.32410186177608225,1.2545454545454546,0.08887884470340889
outer,near,outer->near,2018-01-01,2018-01-06,11.0,11.0,pre_outage,pre_outage,pre_outage__pre_outage,weekday,weekend,False,0.22897865331200187,0.4451319072597258,1.2727272727272727,0.08298826628866153
outer,near,outer->near,2018-01-01,2018-01-07,11.0,8.0,pre_outage,pre_outage,pre_outage__pre_outage,weekday,weekend,False,0.14238121546156626,0.3834824944236852,1.3863636363636365,0.08734736786060762
outer,near,outer->near,2018-01-01,2018-01-08,11.0,10.0,pre_outage,pre_outage,pre_outage__pre_outage,weekday,weekday,True,0.3936503171116629,0.5423261445466404,1.0727272727272728,0.08131156281817417
outer,near,outer->near,2018-01-01,2018-01-09,11.0,12.0,pre_outage,pre_outage,pre_outage__pre_outage,weekday,weekday,True,0.18478728707195924,0.36380343755449945,1.1515151515151516,0.10290210384247064
outer,near,outer->near,2018-01-01,2018-01-10,11.0,5.0,pre_outage,pre_outage,pre_outage__pre_outage,weekday,weekday,True,-0.034553263567951374,0.1833396994056423,1.6363636363636362,0.12037590343055277
outer,near,outer->near,2018-01-01,2018-01-11,11.0,11.0,pre_outage,pre_outage,pre_outage__pre_outage,weekday,weekday,True,0.3383509326575616,0.5057217374241737,1.0909090909090908,0.08298826628866153
outer,near,outer->near,2018-01-01,2018-01-19,11.0,7.0,pre_outage,post_recovery,post_recovery__pre_outage,weekday,weekday,True,-0.022838670580310524,0.24253562503633297,1.6363636363636365,0.10129315114110467
outer,near,outer->near,2018-01-01,2018-01-20,11.0,18.0,pre_outage,post_recovery,post_recovery__pre_outage,weekday,weekend,False,0.18462325038887703,0.42008402520840293,1.303030303030303,0.08352442125525872
outer,near,outer->near,2018-01-01,2018-01-21,11.0,12.0,pre_outage,post_recovery,post_recovery__pre_outage,weekday,weekend,False,0.032331040305678176,0.28539089649269644,1.4848484848484849,0.09792478670197596
outer,near,outer->near,2018-01-01,2018-01-22,11.0,2.0,pre_outage,post_recovery,post_recovery__pre_outage,weekday,weekday,True,0.6585131215097438,0.6859943405700354,1.2727272727272727,0.10740490059665019
outer,near,outer->near,2018-01-01,2018-01-23,11.0,6.0,pre_outage,post_recovery,post_recovery__pre_outage,weekday,weekday,True,-0.15617376188860607,0.07001400420140048,1.8181818181818181,0.1359421094312603
outer,near,outer->near,2018-01-01,2018-01-24,11.0,6.0,pre_outage,post_recovery,post_recovery__pre_outage,weekday,weekday,True,0.03407990882954988,0.29704426289300234,1.4848484848484849,0.0949239703495581
outer,near,outer->near,2018-01-02,2018-01-03,14.0,8.0,pre_outage,pre_outage,pre_outage__pre_outage,weekday,weekday,True,0.525150493181643,0.6573757351339163,0.9285714285714286,0.06540851480903545
outer,near,outer->near,2018-01-02,2018-01-04,14.0,11.0,pre_outage,pre_outage,pre_outage__pre_outage,weekday,weekday,True,0.09516071943568352,0.346843987809648,1.3896103896103895,0.09036634521709135
outer,near,outer->near,2018-01-02,2018-01-05,14.0,10.0,pre_outage,pre_outage,pre_outage__pre_outage,weekday,weekday,True,0.08354078531810258,0.3535533905932737,1.2285714285714286,0.08728715609439695
outer,near,outer->near,2018-01-02,2018-01-06,14.0,11.0,pre_outage,pre_outage,pre_outage__pre_outage,weekday,weekend,False,0.27546524047171544,0.47691048323826596,1.2467532467532467,0.08088695645478265
outer,near,outer->near,2018-01-02,2018-01-07,14.0,8.0,pre_outage,pre_outage,pre_outage__pre_outage,weekday,weekend,False,0.27639499641139115,0.4780914437337574,1.3214285714285712,0.08068715304598785
outer,near,outer->near,2018-01-02,2018-01-08,14.0,10.0,pre_outage,pre_outage,pre_outage__pre_outage,weekday,weekday,True,0.17869743453458903,0.38031941462783236,1.2857142857142856,0.0944911182523068
outer,near,outer->near,2018-01-02,2018-01-09,14.0,12.0,pre_outage,pre_outage,pre_outage__pre_outage,weekday,weekday,True,-0.040996003084539406,0.1889822365046136,1.4285714285714286,0.11572751247156894
outer,near,outer->near,2018-01-02,2018-01-10,14.0,5.0,pre_outage,pre_outage,pre_outage__pre_outage,weekday,weekday,True,-0.08432399730978857,0.14285714285714282,1.7142857142857144,0.12344267996967354
outer,near,outer->near,2018-01-02,2018-01-11,14.0,11.0,pre_outage,pre_outage,pre_outage__pre_outage,weekday,weekday,True,0.61376579898542,0.7092993656151905,0.8831168831168832,0.06428243465332249
outer,near,outer->near,2018-01-02,2018-01-19,14.0,7.0,pre_outage,post_recovery,post_recovery__pre_outage,weekday,weekday,True,0.3334004192878909,0.5039526306789696,1.2857142857142856,0.08247860988423225
outer,near,outer->near,2018-01-02,2018-01-20,14.0,18.0,pre_outage,post_recovery,post_recovery__pre_outage,weekday,weekend,False,-0.1720303649773547,0.16366341767699424,1.6031746031746033,0.10070299635277397
outer,near,outer->near,2018-01-02,2018-01-21,14.0,12.0,pre_outage,post_recovery,post_recovery__pre_outage,weekday,weekend,False,-8.129319247332596e-19,0.25943726083138535,1.4285714285714284,0.10001653302482984
outer,near,outer->near,2018-01-02,2018-01-22,14.0,2.0,pre_outage,post_recovery,post_recovery__pre_outage,weekday,weekday,True,0.13819749820569555,0.26726124191242434,1.7142857142857142,0.14433756729740646
outer,near,outer->near,2018-01-02,2018-01-23,14.0,6.0,pre_outage,post_recovery,post_recovery__pre_outage,weekday,weekday,True,-0.17323973216880925,0.054554472558998084,1.857142857142857,0.137292411841319
outer,near,outer->near,2018-01-02,2018-01-24,14.0,6.0,pre_outage,post_recovery,post_recovery__pre_outage,weekday,weekday,True,0.15877683720748906,0.38575837490522974,1.5238095238095237,0.0890870806374748
outer,near,outer->near,2018-01-03,2018-01-04,8.0,11.0,pre_outage,pre_outage,pre_outage__pre_outage,weekday,weekday,True,0.23062654323024892,0.43528575006600706,1.2045454545454546,0.08585626482305406
outer,near,outer->near,2018-01-03,2018-01-05,8.0,10.0,pre_outage,pre_outage,pre_outage__pre_outage,weekday,weekday,True,0.19626716799471497,0.42257712736425823,1.3499999999999999,0.08447139555297206
outer,near,outer->near,2018-01-03,2018-01-06,8.0,11.0,pre_outage,pre_outage,pre_outage__pre_outage,weekday,weekend,False,-0.06589329806578538,0.21764287503300345,1.5681818181818183,0.10105546645419773
outer,near,outer->near,2018-01-03,2018-01-07,8.0,8.0,pre_outage,pre_outage,pre_outage__pre_outage,weekday,weekend,False,0.04545454545454545,0.29999999999999993,1.5,0.09547032697824667
outer,near,outer->near,2018-01-03,2018-01-08,8.0,10.0,pre_outage,pre_outage,pre_outage__pre_outage,weekday,weekday,True,0.80429469235667,0.8485281374238569,0.6,0.04841229182759271
outer,near,outer->near,2018-01-03,2018-01-09,8.0,12.0,pre_outage,pre_outage,pre_outage__pre_outage,weekday,weekday,True,0.0674199862463242,0.2635231383473649,1.4166666666666667,0.11219093348196885
outer,near,outer->near,2018-01-03,2018-01-10,8.0,5.0,pre_outage,pre_outage,pre_outage__pre_outage,weekday,weekday,True,0.05042729056592994,0.2390457218668787,1.6,0.11836560592784827
outer,near,outer->near,2018-01-03,2018-01-11,8.0,11.0,pre_outage,pre_outage,pre_outage__pre_outage,weekday,weekday,True,0.5518850364344031,0.659380473395787,1.0681818181818181,0.07043315902192064
outer,near,outer->near,2018-01-03,2018-01-19,8.0,7.0,pre_outage,post_recovery,post_recovery__pre_outage,weekday,weekday,True,0.23331648330687907,0.42163702135578385,1.2499999999999998,0.09061510325975196
outer,near,outer->near,2018-01-03,2018-01-20,8.0,18.0,pre_outage,post_recovery,post_recovery__pre_outage,weekday,weekend,False,-0.06286946134619321,0.22821773229381923,1.4444444444444444,0.09894310311649311
outer,near,outer->near,2018-01-03,2018-01-21,8.0,12.0,pre_outage,post_recovery,post_recovery__pre_outage,weekday,weekend,False,0.0825722823844771,0.3100868364730211,1.5,0.098454492213596
outer,near,outer->near,2018-01-03,2018-01-22,8.0,2.0,pre_outage,post_recovery,post_recovery__pre_outage,weekday,weekday,True,-0.18181818181818188,0.0,2.0,0.16535945694153692
outer,near,outer->near,2018-01-03,2018-01-23,8.0,6.0,pre_outage,post_recovery,post_recovery__pre_outage,weekday,weekday,True,-0.227921152919276,0.0,1.9999999999999998,0.1428261375083551
outer,near,outer->near,2018-01-03,2018-01-24,8.0,6.0,pre_outage,post_recovery,post_recovery__pre_outage,weekday,weekday,True,0.34815531191139587,0.5163977794943222,1.1666666666666667,0.08068715304598785
outer,near,outer->near,2018-01-04,2018-01-05,11.0,10.0,pre_outage,pre_outage,pre_outage__pre_outage,weekday,weekday,True,0.20627642146919303,0.4291975376394761,1.272727272727273,0.08410114597804798
outer,near,outer->near,2018-01-04,2018-01-06,11.0,11.0,pre_outage,pre_outage,pre_outage__pre_outage,weekday,weekend,False,0.2835820895522391,0.47368421052631576,1.0909090909090908,0.08298826628866153
outer,near,outer->near,2018-01-04,2018-01-07,11.0,8.0,pre_outage,pre_outage,pre_outage__pre_outage,weekday,weekend,False,-0.06589329806578542,0.2176428750330035,1.4545454545454546,0.10105546645419772
outer,near,outer->near,2018-01-04,2018-01-08,11.0,10.0,pre_outage,pre_outage,pre_outage__pre_outage,weekday,weekday,True,0.2298262604151965,0.41039134083406165,1.2727272727272727,0.09389050536260404
outer,near,outer->near,2018-01-04,2018-01-09,11.0,12.0,pre_outage,pre_outage,pre_outage__pre_outage,weekday,weekday,True,0.6108472217815262,0.6882472016116853,1.106060606060606,0.0748046123414072
outer,near,outer->near,2018-01-04,2018-01-10,11.0,5.0,pre_outage,pre_outage,pre_outage__pre_outage,weekday,weekday,True,0.5162832333091382,0.6069769786668839,1.272727272727273,0.087196936787504
outer,near,outer->near,2018-01-04,2018-01-11,11.0,11.0,pre_outage,pre_outage,pre_outage__pre_outage,weekday,weekday,True,0.18685181042225404,0.382691898587952,1.2727272727272727,0.09462118179391511
outer,near,outer->near,2018-01-04,2018-01-19,11.0,7.0,pre_outage,post_recovery,post_recovery__pre_outage,weekday,weekday,True,0.28326581325335387,0.4588314677411236,1.1688311688311688,0.08776248888620472
outer,near,outer->near,2018-01-04,2018-01-20,11.0,18.0,pre_outage,post_recovery,post_recovery__pre_outage,weekday,weekend,False,0.2164548291363743,0.43047301604613925,1.4444444444444444,0.08511262397147837
outer,near,outer->near,2018-01-04,2018-01-21,11.0,12.0,pre_outage,post_recovery,post_recovery__pre_outage,weekday,weekend,False,0.269327520749061,0.4499212706658476,1.3030303030303032,0.08804951197783405
outer,near,outer->near,2018-01-04,2018-01-22,11.0,2.0,pre_outage,post_recovery,post_recovery__pre_outage,weekday,weekday,True,-0.18120656968090978,0.0,2.0,0.1654570429381936
outer,near,outer->near,2018-01-04,2018-01-23,11.0,6.0,pre_outage,post_recovery,post_recovery__pre_outage,weekday,weekday,True,0.5988617490341906,0.6622661785325218,1.2727272727272727,0.08834775598250455
outer,near,outer->near,2018-01-04,2018-01-24,11.0,6.0,pre_outage,post_recovery,post_recovery__pre_outage,weekday,weekday,True,0.41007219361973285,0.5619514869490164,1.121212121212121,0.07688554215978954
outer,near,outer->near,2018-01-05,2018-01-06,10.0,11.0,pre_outage,pre_outage,pre_outage__pre_outage,weekday,weekend,False,0.3769879426850769,0.5518254055364693,0.9090909090909092,0.07455099757662148
outer,near,outer->near,2018-01-05,2018-01-07,10.0,8.0,pre_outage,pre_outage,pre_outage__pre_outage,weekday,weekend,False,0.43178776958837295,0.5916079783099615,0.95,0.0710780087884666
outer,near,outer->near,2018-01-05,2018-01-08,10.0,10.0,pre_outage,pre_outage,pre_outage__pre_outage,weekday,weekday,True,0.2270707073913731,0.4183300132670377,1.4,0.09128709291752769
outer,near,outer->near,2018-01-05,2018-01-09,10.0,12.0,pre_outage,pre_outage,pre_outage__pre_outage,weekday,weekday,True,-0.1746667529218746,0.08908708063747478,1.6666666666666665,0.12190615698606495
outer,near,outer->near,2018-01-05,2018-01-10,10.0,5.0,pre_outage,pre_outage,pre_outage__pre_outage,weekday,weekday,True,-0.010886943659923867,0.20203050891044216,1.6,0.11902380714238084
outer,near,outer->near,2018-01-05,2018-01-11,10.0,11.0,pre_outage,pre_outage,pre_outage__pre_outage,weekday,weekday,True,0.10660664610975133,0.3343669275452117,1.4363636363636363,0.09595826687011523
outer,near,outer->near,2018-01-05,2018-01-19,10.0,7.0,pre_outage,post_recovery,post_recovery__pre_outage,weekday,weekday,True,0.2518580098382003,0.44543540318737396,1.2285714285714286,0.08679869587408659
outer,near,outer->near,2018-01-05,2018-01-20,10.0,18.0,pre_outage,post_recovery,post_recovery__pre_outage,weekday,weekend,False,0.02714626448989516,0.3086066999241838,1.577777777777778,0.0911178859269818
outer,near,outer->near,2018-01-05,2018-01-21,10.0,12.0,pre_outage,post_recovery,post_recovery__pre_outage,weekday,weekend,False,0.42784441968737563,0.576556660197055,1.1,0.07561476438231222
outer,near,outer->near,2018-01-05,2018-01-22,10.0,2.0,pre_outage,post_recovery,post_recovery__pre_outage,weekday,weekday,True,-0.19626716799471491,0.0,2.0,0.16329931618554522
outer,near,outer->near,2018-01-05,2018-01-23,10.0,6.0,pre_outage,post_recovery,post_recovery__pre_outage,weekday,weekday,True,-0.14762034939153687,0.07715167498104594,1.8,0.13540064007726602
outer,near,outer->near,2018-01-05,2018-01-24,10.0,6.0,pre_outage,post_recovery,post_recovery__pre_outage,weekday,weekday,True,-0.22549380840084868,0.1091089451179962,1.8,0.10671873729054747
outer,near,outer->near,2018-01-06,2018-01-07,11.0,8.0,pre_outage,pre_outage,pre_outage__pre_outage,weekend,weekend,True,0.2306265432302489,0.4352857500660069,1.0909090909090908,0.08585626482305406
outer,near,outer->near,2018-01-06,2018-01-08,11.0,10.0,pre_outage,pre_outage,pre_outage__pre_outage,weekend,weekday,False,0.16256003785465117,0.35909242322980395,1.4363636363636365,0.09784172297553298
outer,near,outer->near,2018-01-06,2018-01-09,11.0,12.0,pre_outage,pre_outage,pre_outage__pre_outage,weekend,weekday,False,0.31764055532639374,0.45883146774112354,1.3181818181818183,0.09686902918594259
outer,near,outer->near,2018-01-06,2018-01-10,11.0,5.0,pre_outage,pre_outage,pre_outage__pre_outage,weekend,weekday,False,0.07767092890491467,0.26013299085723596,1.6363636363636367,0.1168927364968843
outer,near,outer->near,2018-01-06,2018-01-11,11.0,11.0,pre_outage,pre_outage,pre_outage__pre_outage,weekend,weekday,False,-0.002631715639750037,0.23918243661746996,1.4545454545454546,0.10497277621629558
outer,near,outer->near,2018-01-06,2018-01-19,11.0,7.0,pre_outage,post_recovery,post_recovery__pre_outage,weekend,weekday,False,0.18179746223722712,0.3823595564509363,1.1688311688311688,0.09372569305026392
outer,near,outer->near,2018-01-06,2018-01-20,11.0,18.0,pre_outage,post_recovery,post_recovery__pre_outage,weekend,weekend,True,0.5354408931268202,0.6622661785325219,1.0808080808080809,0.06555936861488469
outer,near,outer->near,2018-01-06,2018-01-21,11.0,12.0,pre_outage,post_recovery,post_recovery__pre_outage,weekend,weekend,True,0.14962640041614497,0.35993701653267807,1.3181818181818181,0.09494915914404405
outer,near,outer->near,2018-01-06,2018-01-22,11.0,2.0,pre_outage,post_recovery,post_recovery__pre_outage,weekend,weekday,False,0.4118331129111582,0.48666426339228747,1.4545454545454546,0.1265400991552278
outer,near,outer->near,2018-01-06,2018-01-23,11.0,6.0,pre_outage,post_recovery,post_recovery__pre_outage,weekend,weekday,False,0.1032520256955502,0.2649064714130087,1.6363636363636362,0.12402049654352196
outer,near,outer->near,2018-01-06,2018-01-24,11.0,6.0,pre_outage,post_recovery,post_recovery__pre_outage,weekend,weekday,False,-0.09463204468147675,0.1873171623163388,1.6363636363636362,0.10469905273549433
outer,near,outer->near,2018-01-07,2018-01-08,8.0,10.0,pre_outage,pre_outage,pre_outage__pre_outage,weekend,weekday,False,-0.030934411244487363,0.2121320343559642,1.75,0.10825317547305484
outer,near,outer->near,2018-01-07,2018-01-09,8.0,12.0,pre_outage,pre_outage,pre_outage__pre_outage,weekend,weekday,False,-0.13483997249264842,0.10540925533894596,1.6666666666666667,0.12325166214790867
outer,near,outer->near,2018-01-07,2018-01-10,8.0,5.0,pre_outage,pre_outage,pre_outage__pre_outage,weekend,weekday,False,0.05042729056592993,0.2390457218668787,1.5,0.11836560592784827
outer,near,outer->near,2018-01-07,2018-01-11,8.0,11.0,pre_outage,pre_outage,pre_outage__pre_outage,weekend,weekday,False,0.46474529383949753,0.5934424260562082,1.1363636363636362,0.07686221169584478
outer,near,outer->near,2018-01-07,2018-01-19,8.0,7.0,pre_outage,post_recovery,post_recovery__pre_outage,weekend,weekday,False,0.2333164833068791,0.42163702135578385,1.2142857142857144,0.09061510325975196
outer,near,outer->near,2018-01-07,2018-01-20,8.0,18.0,pre_outage,post_recovery,post_recovery__pre_outage,weekend,weekend,True,6.979912353232497e-17,0.27386127875258304,1.5277777777777777,0.09597413167420316
outer,near,outer->near,2018-01-07,2018-01-21,8.0,12.0,pre_outage,post_recovery,post_recovery__pre_outage,weekend,weekend,True,0.16514456476895417,0.3721042037676253,1.4166666666666667,0.0939427031838103
outer,near,outer->near,2018-01-07,2018-01-22,8.0,2.0,pre_outage,post_recovery,post_recovery__pre_outage,weekend,weekday,False,-0.18181818181818188,0.0,2.0,0.16535945694153692
outer,near,outer->near,2018-01-07,2018-01-23,8.0,6.0,pre_outage,post_recovery,post_recovery__pre_outage,weekend,weekday,False,6.58966957734613e-18,0.18257418583505533,1.6666666666666665,0.1301041249666333
outer,near,outer->near,2018-01-07,2018-01-24,8.0,6.0,pre_outage,post_recovery,post_recovery__pre_outage,weekend,weekday,False,0.17407765595569788,0.3872983346207417,1.25,0.09081039465709737
outer,near,outer->near,2018-01-08,2018-01-09,10.0,12.0,pre_outage,pre_outage,pre_outage__pre_outage,weekday,weekday,True,0.1376494403223371,0.2981423969999719,1.2666666666666666,0.11486707293408518
outer,near,outer->near,2018-01-08,2018-01-10,10.0,5.0,pre_outage,pre_outage,pre_outage__pre_outage,weekday,weekday,True,0.09437628193085974,0.25354627641855493,1.5999999999999999,0.12247448713915893
outer,near,outer->near,2018-01-08,2018-01-11,10.0,11.0,pre_outage,pre_outage,pre_outage__pre_outage,weekday,weekday,True,0.3212276487860418,0.46625240412015684,1.2727272727272727,0.09315409787235998
outer,near,outer->near,2018-01-08,2018-01-19,10.0,7.0,pre_outage,post_recovery,post_recovery__pre_outage,weekday,weekday,True,0.10321036503967551,0.2981423969999719,1.5142857142857142,0.10594569267279519
outer,near,outer->near,2018-01-08,2018-01-20,10.0,18.0,pre_outage,post_recovery,post_recovery__pre_outage,weekday,weekend,False,0.14975189244419543,0.3550234734023465,1.2666666666666666,0.09702360664762767
outer,near,outer->near,2018-01-08,2018-01-21,10.0,12.0,pre_outage,post_recovery,post_recovery__pre_outage,weekday,weekend,False,0.11239029738980334,0.30697030675746023,1.4666666666666668,0.10485881160098263
outer,near,outer->near,2018-01-08,2018-01-22,10.0,2.0,pre_outage,post_recovery,post_recovery__pre_outage,weekday,weekday,True,0.03093441124448734,0.15811388300841894,1.7999999999999998,0.15811388300841897
outer,near,outer->near,2018-01-08,2018-01-23,10.0,6.0,pre_outage,post_recovery,post_recovery__pre_outage,weekday,weekday,True,-0.19389168358237036,0.0,2.0,0.14907119849998599
outer,near,outer->near,2018-01-08,2018-01-24,10.0,6.0,pre_outage,post_recovery,post_recovery__pre_outage,weekday,weekday,True,0.17770466332772777,0.3651483716701107,1.4666666666666668,0.09860132971832694
outer,near,outer->near,2018-01-09,2018-01-10,12.0,5.0,pre_outage,pre_outage,pre_outage__pre_outage,weekday,weekday,True,0.7105597124064275,0.7559289460184544,0.8666666666666667,0.07359800721939873
outer,near,outer->near,2018-01-09,2018-01-11,12.0,11.0,pre_outage,pre_outage,pre_outage__pre_outage,weekday,weekday,True,-0.021541520906608193,0.17376201171422895,1.6515151515151514,0.12320799975220147
outer,near,outer->near,2018-01-09,2018-01-19,12.0,7.0,pre_outage,post_recovery,post_recovery__pre_outage,weekday,weekday,True,0.03460642701029914,0.2222222222222222,1.6666666666666665,0.1187496270432143
outer,near,outer->near,2018-01-09,2018-01-20,12.0,18.0,pre_outage,post_recovery,post_recovery__pre_outage,weekday,weekend,False,0.4351689105121467,0.5532940079733913,1.1666666666666665,0.08784104611578832
outer,near,outer->near,2018-01-09,2018-01-21,12.0,12.0,pre_outage,post_recovery,post_recovery__pre_outage,weekday,weekend,False,4.5324665183683956e-18,0.19611613513818402,1.6666666666666667,0.12028130608117205
outer,near,outer->near,2018-01-09,2018-01-22,12.0,2.0,pre_outage,post_recovery,post_recovery__pre_outage,weekday,weekday,True,0.13483997249264845,0.2357022603955158,1.6666666666666665,0.1559023911155809
outer,near,outer->near,2018-01-09,2018-01-23,12.0,6.0,pre_outage,post_recovery,post_recovery__pre_outage,weekday,weekday,True,0.6761234037828131,0.7216878364870322,1.1666666666666665,0.08333333333333333
outer,near,outer->near,2018-01-09,2018-01-24,12.0,6.0,pre_outage,post_recovery,post_recovery__pre_outage,weekday,weekday,True,0.3442651863295483,0.47628967220784024,1.3333333333333333,0.09622504486493763
outer,near,outer->near,2018-01-10,2018-01-11,5.0,11.0,pre_outage,pre_outage,pre_outage__pre_outage,weekday,weekday,True,0.0684766124482478,0.23643312187173018,1.6,0.12264306875665493
outer,near,outer->near,2018-01-10,2018-01-19,5.0,7.0,pre_outage,post_recovery,post_recovery__pre_outage,weekday,weekday,True,-0.2264862233775858,0.0,2.0,0.138995423993585
outer,near,outer->near,2018-01-10,2018-01-20,5.0,18.0,pre_outage,post_recovery,post_recovery__pre_outage,weekday,weekend,False,0.1569316614538852,0.3273268353539885,1.6666666666666665,0.11083298524033336
outer,near,outer->near,2018-01-10,2018-01-21,5.0,12.0,pre_outage,post_recovery,post_recovery__pre_outage,weekday,weekend,False,-0.22901430620717228,0.0,2.0,0.1385273071087965
outer,near,outer->near,2018-01-10,2018-01-22,5.0,2.0,pre_outage,post_recovery,post_recovery__pre_outage,weekday,weekday,True,-0.12606822641482482,0.0,2.0,0.18027756377319948
outer,near,outer->near,2018-01-10,2018-01-23,5.0,6.0,pre_outage,post_recovery,post_recovery__pre_outage,weekday,weekday,True,0.600532564178963,0.6546536707079771,1.2,0.09428090415820634
outer,near,outer->near,2018-01-10,2018-01-24,5.0,6.0,pre_outage,post_recovery,post_recovery__pre_outage,weekday,weekday,True,0.3379631847096874,0.4629100498862757,1.3333333333333335,0.10137937550497034
outer,near,outer->near,2018-01-11,2018-01-19,11.0,7.0,pre_outage,post_recovery,post_recovery__pre_outage,weekday,weekday,True,0.33919115728014304,0.4865336327998411,1.1688311688311688,0.08942826086629262
outer,near,outer->near,2018-01-11,2018-01-20,11.0,18.0,pre_outage,post_recovery,post_recovery__pre_outage,weekday,weekend,False,-0.3314449350666529,0.0,1.9999999999999998,0.11871373003578947
outer,near,outer->near,2018-01-11,2018-01-21,11.0,12.0,pre_outage,post_recovery,post_recovery__pre_outage,weekday,weekend,False,0.13191433626171545,0.3271443280438123,1.303030303030303,0.10194485416381036
outer,near,outer->near,2018-01-11,2018-01-22,11.0,2.0,pre_outage,post_recovery,post_recovery__pre_outage,weekday,weekday,True,0.014523290432484296,0.14744195615489714,1.8181818181818183,0.15800495162586523
outer,near,outer->near,2018-01-11,2018-01-23,11.0,6.0,pre_outage,post_recovery,post_recovery__pre_outage,weekday,weekday,True,-0.1274413563328024,0.0601929265428846,1.8181818181818181,0.14334006006382197
outer,near,outer->near,2018-01-11,2018-01-24,11.0,6.0,pre_outage,post_recovery,post_recovery__pre_outage,weekday,weekday,True,0.3615297908008471,0.5107539184552491,1.3333333333333333,0.08537445204230791
outer,near,outer->near,2018-01-19,2018-01-20,7.0,18.0,post_recovery,post_recovery,post_recovery__post_recovery,weekday,weekend,False,-0.20975928729028923,0.09622504486493762,1.7777777777777777,0.11181748256829659
outer,near,outer->near,2018-01-19,2018-01-21,7.0,12.0,post_recovery,post_recovery,post_recovery__post_recovery,weekday,weekend,False,0.720528747966871,0.7844645405527362,0.7619047619047619,0.05719656867222053
outer,near,outer->near,2018-01-19,2018-01-22,7.0,2.0,post_recovery,post_recovery,post_recovery__post_recovery,weekday,weekday,True,-0.16332153831481533,0.0,2.0,0.16877912950902174
outer,near,outer->near,2018-01-19,2018-01-23,7.0,6.0,post_recovery,post_recovery,post_recovery__post_recovery,weekday,weekday,True,-0.08774330708611854,0.09622504486493762,1.7142857142857144,0.13984928719608014
outer,near,outer->near,2018-01-19,2018-01-24,7.0,6.0,post_recovery,post_recovery,post_recovery__post_recovery,weekday,weekday,True,-0.13403011548263105,0.13608276348795434,1.7142857142857144,0.11230929919115004
outer,near,outer->near,2018-01-20,2018-01-21,18.0,12.0,post_recovery,post_recovery,post_recovery__post_recovery,weekend,weekend,True,-0.11420804814403221,0.16984155512168933,1.611111111111111,0.10668257983150845
outer,near,outer->near,2018-01-20,2018-01-22,18.0,2.0,post_recovery,post_recovery,post_recovery__post_recovery,weekend,weekday,False,0.1886083840385796,0.3061862178478972,1.6666666666666667,0.14163943093313291
outer,near,outer->near,2018-01-20,2018-01-23,18.0,6.0,post_recovery,post_recovery,post_recovery__post_recovery,weekend,weekday,False,0.23643312187173032,0.3749999999999999,1.6666666666666665,0.1145307118227128
outer,near,outer->near,2018-01-20,2018-01-24,18.0,6.0,post_recovery,post_recovery,post_recovery__post_recovery,weekend,weekday,False,0.20064308847628215,0.41247895569215265,1.222222222222222,0.08784104611578832
outer,near,outer->near,2018-01-21,2018-01-22,12.0,2.0,post_recovery,post_recovery,post_recovery__post_recovery,weekend,weekday,False,-1.7570782743993528e-17,0.13867504905630726,1.8333333333333335,0.1577474540500076
outer,near,outer->near,2018-01-21,2018-01-23,12.0,6.0,post_recovery,post_recovery,post_recovery__post_recovery,weekend,weekday,False,-0.06900655593423546,0.11322770341445955,1.6666666666666665,0.13819269959814165
outer,near,outer->near,2018-01-21,2018-01-24,12.0,6.0,post_recovery,post_recovery,post_recovery__post_recovery,weekend,weekday,False,-0.210818510677892,0.08006407690254355,1.8333333333333333,0.11536977587386214
outer,near,outer->near,2018-01-22,2018-01-23,2.0,6.0,post_recovery,post_recovery,post_recovery__post_recovery,weekday,weekday,True,-0.11396057645963797,0.0,2.0,0.18633899812498247
outer,near,outer->near,2018-01-22,2018-01-24,2.0,6.0,post_recovery,post_recovery,post_recovery__post_recovery,weekday,weekday,True,-0.17407765595569785,0.0,1.9999999999999998,0.16666666666666669
outer,near,outer->near,2018-01-23,2018-01-24,6.0,6.0,post_recovery,post_recovery,post_recovery__post_recovery,weekday,weekday,True,0.36369648372665386,0.4714045207910316,1.3333333333333335,0.10758287072798381
