evaluation_id,evaluation_type,rounding_method,predictor_method,task_key,tau,smoother,scale,n_inner_splits,inner_validation_dates,inner_sse_rounded,inner_sse_float,inner_mae_rounded,mean_bias_rounded,selected
fold_01,rolling_7d,independent,pair_hour_hier_tau_cv,all,0.0,,,3,"2018-01-07,2018-01-08,2018-01-09",537.0,478.60379535147393,0.6134259259259259,-0.04398148148148148,False
fold_01,rolling_7d,independent,pair_hour_hier_tau_cv,all,5.0,,,3,"2018-01-07,2018-01-08,2018-01-09",456.0,414.5808590679296,0.587962962962963,-0.06944444444444443,False
fold_01,rolling_7d,independent,pair_hour_hier_tau_cv,all,10.0,,,3,"2018-01-07,2018-01-08,2018-01-09",445.0,402.9952760597206,0.5856481481481481,-0.07175925925925926,False
fold_01,rolling_7d,independent,pair_hour_hier_tau_cv,all,20.0,,,3,"2018-01-07,2018-01-08,2018-01-09",430.0,399.56407917309105,0.5648148148148149,-0.10648148148148147,False
fold_01,rolling_7d,independent,pair_hour_hier_tau_cv,all,50.0,,,3,"2018-01-07,2018-01-08,2018-01-09",427.0,401.8871172082107,0.5486111111111112,-0.16898148148148148,True
fold_01,rolling_7d,independent,pair_hour_hier_tau_cv,all,100.0,,,3,"2018-01-07,2018-01-08,2018-01-09",433.0,404.37889291507616,0.5439814814814815,-0.19675925925925927,False
fold_01,rolling_7d,paired,pair_hour_hier_tau_cv,all,0.0,,,3,"2018-01-07,2018-01-08,2018-01-09",546.0,478.60379535147393,0.6435185185185185,0.009259259259259259,False
fold_01,rolling_7d,paired,pair_hour_hier_tau_cv,all,5.0,,,3,"2018-01-07,2018-01-08,2018-01-09",447.0,414.5808590679296,0.6087962962962963,0.025462962962962965,False
fold_01,rolling_7d,paired,pair_hour_hier_tau_cv,all,10.0,,,3,"2018-01-07,2018-01-08,2018-01-09",425.0,402.9952760597206,0.5995370370370371,0.020833333333333332,True
fold_01,rolling_7d,paired,pair_hour_hier_tau_cv,all,20.0,,,3,"2018-01-07,2018-01-08,2018-01-09",442.0,399.56407917309105,0.6157407407407408,0.009259259259259264,False
fold_01,rolling_7d,paired,pair_hour_hier_tau_cv,all,50.0,,,3,"2018-01-07,2018-01-08,2018-01-09",450.0,401.8871172082107,0.6481481481481481,0.03240740740740741,False
fold_01,rolling_7d,paired,pair_hour_hier_tau_cv,all,100.0,,,3,"2018-01-07,2018-01-08,2018-01-09",452.0,404.37889291507616,0.6481481481481481,0.009259259259259259,False
fold_01,rolling_7d,independent,pair_hour_hier_tau_scale_cv,all,0.0,,0.7,3,"2018-01-07,2018-01-08,2018-01-09",495.0,440.86285972222225,0.5486111111111112,-0.22916666666666666,False
fold_01,rolling_7d,independent,pair_hour_hier_tau_scale_cv,all,0.0,,0.75,3,"2018-01-07,2018-01-08,2018-01-09",511.0,443.04231345663266,0.5717592592592592,-0.19212962962962965,False
fold_01,rolling_7d,independent,pair_hour_hier_tau_scale_cv,all,0.0,,0.8,3,"2018-01-07,2018-01-08,2018-01-09",512.0,446.86604807256236,0.5787037037037037,-0.17592592592592593,False
fold_01,rolling_7d,independent,pair_hour_hier_tau_scale_cv,all,0.0,,0.85,3,"2018-01-07,2018-01-08,2018-01-09",516.0,452.3340635700113,0.5925925925925927,-0.125,False
fold_01,rolling_7d,independent,pair_hour_hier_tau_scale_cv,all,0.0,,0.9,3,"2018-01-07,2018-01-08,2018-01-09",515.0,459.44635994897953,0.5949074074074074,-0.07638888888888888,False
fold_01,rolling_7d,independent,pair_hour_hier_tau_scale_cv,all,0.0,,0.95,3,"2018-01-07,2018-01-08,2018-01-09",527.0,468.20293720946717,0.6041666666666666,-0.06712962962962962,False
fold_01,rolling_7d,independent,pair_hour_hier_tau_scale_cv,all,0.0,,1.0,3,"2018-01-07,2018-01-08,2018-01-09",537.0,478.60379535147393,0.6134259259259259,-0.04398148148148148,False
fold_01,rolling_7d,independent,pair_hour_hier_tau_scale_cv,all,0.0,,1.05,3,"2018-01-07,2018-01-08,2018-01-09",530.0,490.64893437499995,0.6203703703703703,0.01851851851851852,False
fold_01,rolling_7d,independent,pair_hour_hier_tau_scale_cv,all,5.0,,0.7,3,"2018-01-07,2018-01-08,2018-01-09",462.0,415.07910076542674,0.5277777777777778,-0.22685185185185186,False
fold_01,rolling_7d,independent,pair_hour_hier_tau_scale_cv,all,5.0,,0.75,3,"2018-01-07,2018-01-08,2018-01-09",441.0,412.0182330669079,0.5208333333333334,-0.19212962962962962,False
fold_01,rolling_7d,independent,pair_hour_hier_tau_scale_cv,all,5.0,,0.8,3,"2018-01-07,2018-01-08,2018-01-09",445.0,410.1484963346302,0.5393518518518517,-0.1597222222222222,False
fold_01,rolling_7d,independent,pair_hour_hier_tau_scale_cv,all,5.0,,0.85,3,"2018-01-07,2018-01-08,2018-01-09",453.0,409.4698905685934,0.5578703703703703,-0.13657407407407407,False
fold_01,rolling_7d,independent,pair_hour_hier_tau_scale_cv,all,5.0,,0.9,3,"2018-01-07,2018-01-08,2018-01-09",447.0,409.98241576879775,0.5625,-0.11342592592592593,False
fold_01,rolling_7d,independent,pair_hour_hier_tau_scale_cv,all,5.0,,0.95,3,"2018-01-07,2018-01-08,2018-01-09",454.0,411.68607193524315,0.5740740740740741,-0.0925925925925926,False
fold_01,rolling_7d,independent,pair_hour_hier_tau_scale_cv,all,5.0,,1.0,3,"2018-01-07,2018-01-08,2018-01-09",456.0,414.5808590679296,0.587962962962963,-0.06944444444444443,False
fold_01,rolling_7d,independent,pair_hour_hier_tau_scale_cv,all,5.0,,1.05,3,"2018-01-07,2018-01-08,2018-01-09",465.0,418.66677716685695,0.6041666666666666,-0.02083333333333334,False
fold_01,rolling_7d,independent,pair_hour_hier_tau_scale_cv,all,10.0,,0.7,3,"2018-01-07,2018-01-08,2018-01-09",436.0,411.76131999159895,0.5277777777777778,-0.21296296296296294,False
fold_01,rolling_7d,independent,pair_hour_hier_tau_scale_cv,all,10.0,,0.75,3,"2018-01-07,2018-01-08,2018-01-09",437.0,407.6077309285356,0.5393518518518519,-0.1875,False
fold_01,rolling_7d,independent,pair_hour_hier_tau_scale_cv,all,10.0,,0.8,3,"2018-01-07,2018-01-08,2018-01-09",440.0,404.5311745619056,0.5555555555555555,-0.1574074074074074,False
fold_01,rolling_7d,independent,pair_hour_hier_tau_scale_cv,all,10.0,,0.85,3,"2018-01-07,2018-01-08,2018-01-09",439.0,402.5316508917092,0.5578703703703703,-0.13657407407407407,False
fold_01,rolling_7d,independent,pair_hour_hier_tau_scale_cv,all,10.0,,0.9,3,"2018-01-07,2018-01-08,2018-01-09",432.0,401.6091599179463,0.5601851851851851,-0.11574074074074074,False
fold_01,rolling_7d,independent,pair_hour_hier_tau_scale_cv,all,10.0,,0.95,3,"2018-01-07,2018-01-08,2018-01-09",438.0,401.7637016406168,0.5740740740740741,-0.08796296296296297,False
fold_01,rolling_7d,independent,pair_hour_hier_tau_scale_cv,all,10.0,,1.0,3,"2018-01-07,2018-01-08,2018-01-09",445.0,402.9952760597206,0.5856481481481481,-0.07175925925925926,False
fold_01,rolling_7d,independent,pair_hour_hier_tau_scale_cv,all,10.0,,1.05,3,"2018-01-07,2018-01-08,2018-01-09",450.0,405.3038831752581,0.5972222222222222,-0.0462962962962963,False
fold_01,rolling_7d,independent,pair_hour_hier_tau_scale_cv,all,20.0,,0.7,3,"2018-01-07,2018-01-08,2018-01-09",434.0,412.21096943393735,0.5462962962962963,-0.1990740740740741,False
fold_01,rolling_7d,independent,pair_hour_hier_tau_scale_cv,all,20.0,,0.75,3,"2018-01-07,2018-01-08,2018-01-09",432.0,407.5803040340804,0.5462962962962963,-0.1898148148148148,False
fold_01,rolling_7d,independent,pair_hour_hier_tau_scale_cv,all,20.0,,0.8,3,"2018-01-07,2018-01-08,2018-01-09",434.0,403.9587787767766,0.5509259259259259,-0.1851851851851852,False
fold_01,rolling_7d,independent,pair_hour_hier_tau_scale_cv,all,20.0,,0.85,3,"2018-01-07,2018-01-08,2018-01-09",428.0,401.34639366202566,0.5509259259259259,-0.16666666666666666,False
fold_01,rolling_7d,independent,pair_hour_hier_tau_scale_cv,all,20.0,,0.9,3,"2018-01-07,2018-01-08,2018-01-09",429.0,399.7431486898278,0.5532407407407408,-0.15046296296296294,False
fold_01,rolling_7d,independent,pair_hour_hier_tau_scale_cv,all,20.0,,0.95,3,"2018-01-07,2018-01-08,2018-01-09",433.0,399.1490438601829,0.5578703703703703,-0.1412037037037037,False
fold_01,rolling_7d,independent,pair_hour_hier_tau_scale_cv,all,20.0,,1.0,3,"2018-01-07,2018-01-08,2018-01-09",430.0,399.56407917309105,0.5648148148148149,-0.10648148148148147,False
fold_01,rolling_7d,independent,pair_hour_hier_tau_scale_cv,all,20.0,,1.05,3,"2018-01-07,2018-01-08,2018-01-09",430.0,400.98825462855217,0.5648148148148149,-0.0925925925925926,False
fold_01,rolling_7d,independent,pair_hour_hier_tau_scale_cv,all,50.0,,0.7,3,"2018-01-07,2018-01-08,2018-01-09",433.0,415.2856956786641,0.5439814814814815,-0.20138888888888892,False
fold_01,rolling_7d,independent,pair_hour_hier_tau_scale_cv,all,50.0,,0.75,3,"2018-01-07,2018-01-08,2018-01-09",433.0,410.61597507840503,0.5439814814814815,-0.20138888888888892,False
fold_01,rolling_7d,independent,pair_hour_hier_tau_scale_cv,all,50.0,,0.8,3,"2018-01-07,2018-01-08,2018-01-09",433.0,406.92090415355267,0.5439814814814815,-0.20138888888888892,False
fold_01,rolling_7d,independent,pair_hour_hier_tau_scale_cv,all,50.0,,0.85,3,"2018-01-07,2018-01-08,2018-01-09",433.0,404.20048290410705,0.5439814814814815,-0.20138888888888892,False
fold_01,rolling_7d,independent,pair_hour_hier_tau_scale_cv,all,50.0,,0.9,3,"2018-01-07,2018-01-08,2018-01-09",432.0,402.45471133006816,0.5416666666666666,-0.19907407407407407,False
fold_01,rolling_7d,independent,pair_hour_hier_tau_scale_cv,all,50.0,,0.95,3,"2018-01-07,2018-01-08,2018-01-09",433.0,401.6835894314361,0.5439814814814815,-0.1875,False
fold_01,rolling_7d,independent,pair_hour_hier_tau_scale_cv,all,50.0,,1.0,3,"2018-01-07,2018-01-08,2018-01-09",427.0,401.8871172082107,0.5486111111111112,-0.16898148148148148,False
fold_01,rolling_7d,independent,pair_hour_hier_tau_scale_cv,all,50.0,,1.05,3,"2018-01-07,2018-01-08,2018-01-09",426.0,403.0652946603921,0.5555555555555555,-0.14351851851851852,True
fold_01,rolling_7d,independent,pair_hour_hier_tau_scale_cv,all,100.0,,0.7,3,"2018-01-07,2018-01-08,2018-01-09",433.0,417.3300741387469,0.5439814814814815,-0.20138888888888892,False
fold_01,rolling_7d,independent,pair_hour_hier_tau_scale_cv,all,100.0,,0.75,3,"2018-01-07,2018-01-08,2018-01-09",433.0,412.75278495255145,0.5439814814814815,-0.20138888888888892,False
fold_01,rolling_7d,independent,pair_hour_hier_tau_scale_cv,all,100.0,,0.8,3,"2018-01-07,2018-01-08,2018-01-09",433.0,409.14299935925607,0.5439814814814815,-0.20138888888888892,False
fold_01,rolling_7d,independent,pair_hour_hier_tau_scale_cv,all,100.0,,0.85,3,"2018-01-07,2018-01-08,2018-01-09",433.0,406.5007173588608,0.5439814814814815,-0.20138888888888892,False
fold_01,rolling_7d,independent,pair_hour_hier_tau_scale_cv,all,100.0,,0.9,3,"2018-01-07,2018-01-08,2018-01-09",433.0,404.82593895136586,0.5439814814814815,-0.20138888888888892,False
fold_01,rolling_7d,independent,pair_hour_hier_tau_scale_cv,all,100.0,,0.95,3,"2018-01-07,2018-01-08,2018-01-09",433.0,404.1186641367709,0.5439814814814815,-0.20138888888888892,False
fold_01,rolling_7d,independent,pair_hour_hier_tau_scale_cv,all,100.0,,1.0,3,"2018-01-07,2018-01-08,2018-01-09",433.0,404.37889291507616,0.5439814814814815,-0.19675925925925927,False
fold_01,rolling_7d,independent,pair_hour_hier_tau_scale_cv,all,100.0,,1.05,3,"2018-01-07,2018-01-08,2018-01-09",427.0,405.60662528628166,0.5439814814814815,-0.17824074074074073,False
fold_01,rolling_7d,paired,pair_hour_hier_tau_scale_cv,all,0.0,,0.7,3,"2018-01-07,2018-01-08,2018-01-09",486.0,440.86285972222225,0.5462962962962963,-0.18055555555555558,False
fold_01,rolling_7d,paired,pair_hour_hier_tau_scale_cv,all,0.0,,0.75,3,"2018-01-07,2018-01-08,2018-01-09",493.0,443.04231345663266,0.5671296296296297,-0.13657407407407407,False
fold_01,rolling_7d,paired,pair_hour_hier_tau_scale_cv,all,0.0,,0.8,3,"2018-01-07,2018-01-08,2018-01-09",502.0,446.86604807256236,0.5740740740740741,-0.1111111111111111,False
fold_01,rolling_7d,paired,pair_hour_hier_tau_scale_cv,all,0.0,,0.85,3,"2018-01-07,2018-01-08,2018-01-09",499.0,452.3340635700113,0.585648148148148,-0.06712962962962964,False
fold_01,rolling_7d,paired,pair_hour_hier_tau_scale_cv,all,0.0,,0.9,3,"2018-01-07,2018-01-08,2018-01-09",517.0,459.44635994897953,0.6087962962962963,-0.034722222222222224,False
fold_01,rolling_7d,paired,pair_hour_hier_tau_scale_cv,all,0.0,,0.95,3,"2018-01-07,2018-01-08,2018-01-09",518.0,468.20293720946717,0.6157407407407408,-0.01851851851851852,False
fold_01,rolling_7d,paired,pair_hour_hier_tau_scale_cv,all,0.0,,1.0,3,"2018-01-07,2018-01-08,2018-01-09",546.0,478.60379535147393,0.6435185185185185,0.009259259259259259,False
fold_01,rolling_7d,paired,pair_hour_hier_tau_scale_cv,all,0.0,,1.05,3,"2018-01-07,2018-01-08,2018-01-09",542.0,490.64893437499995,0.6481481481481481,0.04629629629629629,False
fold_01,rolling_7d,paired,pair_hour_hier_tau_scale_cv,all,5.0,,0.7,3,"2018-01-07,2018-01-08,2018-01-09",436.0,415.07910076542674,0.5277777777777778,-0.16666666666666666,False
fold_01,rolling_7d,paired,pair_hour_hier_tau_scale_cv,all,5.0,,0.75,3,"2018-01-07,2018-01-08,2018-01-09",447.0,412.0182330669079,0.5532407407407408,-0.13657407407407407,False
fold_01,rolling_7d,paired,pair_hour_hier_tau_scale_cv,all,5.0,,0.8,3,"2018-01-07,2018-01-08,2018-01-09",449.0,410.1484963346302,0.5625,-0.10416666666666667,False
fold_01,rolling_7d,paired,pair_hour_hier_tau_scale_cv,all,5.0,,0.85,3,"2018-01-07,2018-01-08,2018-01-09",438.0,409.4698905685934,0.5740740740740741,-0.06481481481481481,False
fold_01,rolling_7d,paired,pair_hour_hier_tau_scale_cv,all,5.0,,0.9,3,"2018-01-07,2018-01-08,2018-01-09",431.0,409.98241576879775,0.5717592592592592,-0.03009259259259259,False
fold_01,rolling_7d,paired,pair_hour_hier_tau_scale_cv,all,5.0,,0.95,3,"2018-01-07,2018-01-08,2018-01-09",426.0,411.68607193524315,0.5787037037037037,-0.004629629629629627,False
fold_01,rolling_7d,paired,pair_hour_hier_tau_scale_cv,all,5.0,,1.0,3,"2018-01-07,2018-01-08,2018-01-09",447.0,414.5808590679296,0.6087962962962963,0.025462962962962965,False
fold_01,rolling_7d,paired,pair_hour_hier_tau_scale_cv,all,5.0,,1.05,3,"2018-01-07,2018-01-08,2018-01-09",462.0,418.66677716685695,0.625,0.037037037037037035,False
fold_01,rolling_7d,paired,pair_hour_hier_tau_scale_cv,all,10.0,,0.7,3,"2018-01-07,2018-01-08,2018-01-09",433.0,411.76131999159895,0.548611111111111,-0.14583333333333334,False
fold_01,rolling_7d,paired,pair_hour_hier_tau_scale_cv,all,10.0,,0.75,3,"2018-01-07,2018-01-08,2018-01-09",438.0,407.6077309285356,0.5555555555555555,-0.12962962962962962,False
fold_01,rolling_7d,paired,pair_hour_hier_tau_scale_cv,all,10.0,,0.8,3,"2018-01-07,2018-01-08,2018-01-09",432.0,404.5311745619056,0.5648148148148149,-0.0925925925925926,False
fold_01,rolling_7d,paired,pair_hour_hier_tau_scale_cv,all,10.0,,0.85,3,"2018-01-07,2018-01-08,2018-01-09",446.0,402.5316508917092,0.5879629629629629,-0.06944444444444443,False
fold_01,rolling_7d,paired,pair_hour_hier_tau_scale_cv,all,10.0,,0.9,3,"2018-01-07,2018-01-08,2018-01-09",446.0,401.6091599179463,0.5925925925925927,-0.05092592592592593,False
fold_01,rolling_7d,paired,pair_hour_hier_tau_scale_cv,all,10.0,,0.95,3,"2018-01-07,2018-01-08,2018-01-09",431.0,401.7637016406168,0.5902777777777778,-0.016203703703703703,False
fold_01,rolling_7d,paired,pair_hour_hier_tau_scale_cv,all,10.0,,1.0,3,"2018-01-07,2018-01-08,2018-01-09",425.0,402.9952760597206,0.5995370370370371,0.020833333333333332,False
fold_01,rolling_7d,paired,pair_hour_hier_tau_scale_cv,all,10.0,,1.05,3,"2018-01-07,2018-01-08,2018-01-09",435.0,405.3038831752581,0.6087962962962963,0.03935185185185186,False
fold_01,rolling_7d,paired,pair_hour_hier_tau_scale_cv,all,20.0,,0.7,3,"2018-01-07,2018-01-08,2018-01-09",426.0,412.21096943393735,0.5462962962962963,-0.16666666666666666,False
fold_01,rolling_7d,paired,pair_hour_hier_tau_scale_cv,all,20.0,,0.75,3,"2018-01-07,2018-01-08,2018-01-09",414.0,407.5803040340804,0.537037037037037,-0.13888888888888887,True
fold_01,rolling_7d,paired,pair_hour_hier_tau_scale_cv,all,20.0,,0.8,3,"2018-01-07,2018-01-08,2018-01-09",427.0,403.9587787767766,0.5578703703703703,-0.11342592592592593,False
fold_01,rolling_7d,paired,pair_hour_hier_tau_scale_cv,all,20.0,,0.85,3,"2018-01-07,2018-01-08,2018-01-09",433.0,401.34639366202566,0.5717592592592593,-0.09027777777777778,False
fold_01,rolling_7d,paired,pair_hour_hier_tau_scale_cv,all,20.0,,0.9,3,"2018-01-07,2018-01-08,2018-01-09",435.0,399.7431486898278,0.5949074074074073,-0.05324074074074075,False
fold_01,rolling_7d,paired,pair_hour_hier_tau_scale_cv,all,20.0,,0.95,3,"2018-01-07,2018-01-08,2018-01-09",440.0,399.1490438601829,0.6064814814814815,-0.027777777777777776,False
fold_01,rolling_7d,paired,pair_hour_hier_tau_scale_cv,all,20.0,,1.0,3,"2018-01-07,2018-01-08,2018-01-09",442.0,399.56407917309105,0.6157407407407408,0.009259259259259264,False
fold_01,rolling_7d,paired,pair_hour_hier_tau_scale_cv,all,20.0,,1.05,3,"2018-01-07,2018-01-08,2018-01-09",453.0,400.98825462855217,0.6458333333333334,0.053240740740740734,False
fold_01,rolling_7d,paired,pair_hour_hier_tau_scale_cv,all,50.0,,0.7,3,"2018-01-07,2018-01-08,2018-01-09",433.0,415.2856956786641,0.5439814814814814,-0.1875,False
fold_01,rolling_7d,paired,pair_hour_hier_tau_scale_cv,all,50.0,,0.75,3,"2018-01-07,2018-01-08,2018-01-09",426.0,410.61597507840503,0.5416666666666666,-0.1759259259259259,False
fold_01,rolling_7d,paired,pair_hour_hier_tau_scale_cv,all,50.0,,0.8,3,"2018-01-07,2018-01-08,2018-01-09",420.0,406.92090415355267,0.5416666666666666,-0.14351851851851852,False
fold_01,rolling_7d,paired,pair_hour_hier_tau_scale_cv,all,50.0,,0.85,3,"2018-01-07,2018-01-08,2018-01-09",435.0,404.20048290410705,0.5810185185185185,-0.0949074074074074,False
fold_01,rolling_7d,paired,pair_hour_hier_tau_scale_cv,all,50.0,,0.9,3,"2018-01-07,2018-01-08,2018-01-09",433.0,402.45471133006816,0.5949074074074074,-0.0625,False
fold_01,rolling_7d,paired,pair_hour_hier_tau_scale_cv,all,50.0,,0.95,3,"2018-01-07,2018-01-08,2018-01-09",444.0,401.6835894314361,0.6203703703703703,-0.018518518518518517,False
fold_01,rolling_7d,paired,pair_hour_hier_tau_scale_cv,all,50.0,,1.0,3,"2018-01-07,2018-01-08,2018-01-09",450.0,401.8871172082107,0.6481481481481481,0.03240740740740741,False
fold_01,rolling_7d,paired,pair_hour_hier_tau_scale_cv,all,50.0,,1.05,3,"2018-01-07,2018-01-08,2018-01-09",455.0,403.0652946603921,0.664351851851852,0.06712962962962964,False
fold_01,rolling_7d,paired,pair_hour_hier_tau_scale_cv,all,100.0,,0.7,3,"2018-01-07,2018-01-08,2018-01-09",433.0,417.3300741387469,0.5439814814814815,-0.20138888888888892,False
fold_01,rolling_7d,paired,pair_hour_hier_tau_scale_cv,all,100.0,,0.75,3,"2018-01-07,2018-01-08,2018-01-09",432.0,412.75278495255145,0.5416666666666666,-0.1898148148148148,False
fold_01,rolling_7d,paired,pair_hour_hier_tau_scale_cv,all,100.0,,0.8,3,"2018-01-07,2018-01-08,2018-01-09",428.0,409.14299935925607,0.5462962962962963,-0.16666666666666666,False
fold_01,rolling_7d,paired,pair_hour_hier_tau_scale_cv,all,100.0,,0.85,3,"2018-01-07,2018-01-08,2018-01-09",437.0,406.5007173588608,0.5810185185185185,-0.0949074074074074,False
fold_01,rolling_7d,paired,pair_hour_hier_tau_scale_cv,all,100.0,,0.9,3,"2018-01-07,2018-01-08,2018-01-09",439.0,404.82593895136586,0.6087962962962963,-0.04861111111111111,False
fold_01,rolling_7d,paired,pair_hour_hier_tau_scale_cv,all,100.0,,0.95,3,"2018-01-07,2018-01-08,2018-01-09",446.0,404.1186641367709,0.6296296296296297,-0.018518518518518517,False
fold_01,rolling_7d,paired,pair_hour_hier_tau_scale_cv,all,100.0,,1.0,3,"2018-01-07,2018-01-08,2018-01-09",452.0,404.37889291507616,0.6481481481481481,0.009259259259259259,False
fold_01,rolling_7d,paired,pair_hour_hier_tau_scale_cv,all,100.0,,1.05,3,"2018-01-07,2018-01-08,2018-01-09",459.0,405.60662528628166,0.6782407407407408,0.08564814814814814,False
fold_01,rolling_7d,independent,pair_hour_circular_cv,all,,raw,,3,"2018-01-07,2018-01-08,2018-01-09",537.0,478.60379535147393,0.6134259259259259,-0.04398148148148148,False
fold_01,rolling_7d,independent,pair_hour_circular_cv,all,,triangular3,,3,"2018-01-07,2018-01-08,2018-01-09",439.0,409.71675240929704,0.5625,-0.0625,True
fold_01,rolling_7d,independent,pair_hour_circular_cv,all,,triangular5,,3,"2018-01-07,2018-01-08,2018-01-09",443.0,406.9802553469948,0.5810185185185185,-0.05787037037037038,False
fold_01,rolling_7d,paired,pair_hour_circular_cv,all,,raw,,3,"2018-01-07,2018-01-08,2018-01-09",546.0,478.60379535147393,0.6435185185185185,0.009259259259259259,False
fold_01,rolling_7d,paired,pair_hour_circular_cv,all,,triangular3,,3,"2018-01-07,2018-01-08,2018-01-09",440.0,409.71675240929704,0.5879629629629629,0.01851851851851852,True
fold_01,rolling_7d,paired,pair_hour_circular_cv,all,,triangular5,,3,"2018-01-07,2018-01-08,2018-01-09",460.0,406.9802553469948,0.6342592592592592,0.05092592592592592,False
fold_01,rolling_7d,independent,pair_hour_circular_scale_cv,all,,raw,0.7,3,"2018-01-07,2018-01-08,2018-01-09",495.0,440.86285972222225,0.5486111111111112,-0.22916666666666666,False
fold_01,rolling_7d,independent,pair_hour_circular_scale_cv,all,,raw,0.75,3,"2018-01-07,2018-01-08,2018-01-09",511.0,443.04231345663266,0.5717592592592592,-0.19212962962962965,False
fold_01,rolling_7d,independent,pair_hour_circular_scale_cv,all,,raw,0.8,3,"2018-01-07,2018-01-08,2018-01-09",512.0,446.86604807256236,0.5787037037037037,-0.17592592592592593,False
fold_01,rolling_7d,independent,pair_hour_circular_scale_cv,all,,raw,0.85,3,"2018-01-07,2018-01-08,2018-01-09",516.0,452.3340635700113,0.5925925925925927,-0.125,False
fold_01,rolling_7d,independent,pair_hour_circular_scale_cv,all,,raw,0.9,3,"2018-01-07,2018-01-08,2018-01-09",515.0,459.44635994897953,0.5949074074074074,-0.07638888888888888,False
fold_01,rolling_7d,independent,pair_hour_circular_scale_cv,all,,raw,0.95,3,"2018-01-07,2018-01-08,2018-01-09",527.0,468.20293720946717,0.6041666666666666,-0.06712962962962962,False
fold_01,rolling_7d,independent,pair_hour_circular_scale_cv,all,,raw,1.0,3,"2018-01-07,2018-01-08,2018-01-09",537.0,478.60379535147393,0.6134259259259259,-0.04398148148148148,False
fold_01,rolling_7d,independent,pair_hour_circular_scale_cv,all,,raw,1.05,3,"2018-01-07,2018-01-08,2018-01-09",530.0,490.64893437499995,0.6203703703703703,0.01851851851851852,False
fold_01,rolling_7d,independent,pair_hour_circular_scale_cv,all,,triangular3,0.7,3,"2018-01-07,2018-01-08,2018-01-09",449.0,411.9767086805556,0.5115740740740741,-0.2384259259259259,False
fold_01,rolling_7d,independent,pair_hour_circular_scale_cv,all,,triangular3,0.75,3,"2018-01-07,2018-01-08,2018-01-09",460.0,408.6402268016582,0.5324074074074074,-0.20370370370370372,False
fold_01,rolling_7d,independent,pair_hour_circular_scale_cv,all,,triangular3,0.8,3,"2018-01-07,2018-01-08,2018-01-09",440.0,406.4876739229025,0.5277777777777778,-0.16666666666666666,False
fold_01,rolling_7d,independent,pair_hour_circular_scale_cv,all,,triangular3,0.85,3,"2018-01-07,2018-01-08,2018-01-09",443.0,405.5190500442885,0.5439814814814815,-0.12268518518518519,False
fold_01,rolling_7d,independent,pair_hour_circular_scale_cv,all,,triangular3,0.9,3,"2018-01-07,2018-01-08,2018-01-09",428.0,405.7343551658163,0.5416666666666666,-0.0925925925925926,True
fold_01,rolling_7d,independent,pair_hour_circular_scale_cv,all,,triangular3,0.95,3,"2018-01-07,2018-01-08,2018-01-09",434.0,407.13358928748585,0.5555555555555557,-0.06944444444444443,False
fold_01,rolling_7d,independent,pair_hour_circular_scale_cv,all,,triangular3,1.0,3,"2018-01-07,2018-01-08,2018-01-09",439.0,409.71675240929704,0.5625,-0.0625,False
fold_01,rolling_7d,independent,pair_hour_circular_scale_cv,all,,triangular3,1.05,3,"2018-01-07,2018-01-08,2018-01-09",450.0,413.48384453125004,0.5787037037037037,-0.01388888888888889,False
fold_01,rolling_7d,independent,pair_hour_circular_scale_cv,all,,triangular5,0.7,3,"2018-01-07,2018-01-08,2018-01-09",443.0,414.71043623113854,0.5069444444444445,-0.2708333333333333,False
fold_01,rolling_7d,independent,pair_hour_circular_scale_cv,all,,triangular5,0.75,3,"2018-01-07,2018-01-08,2018-01-09",443.0,410.7389928390338,0.5208333333333334,-0.2476851851851852,False
fold_01,rolling_7d,independent,pair_hour_circular_scale_cv,all,,triangular5,0.8,3,"2018-01-07,2018-01-08,2018-01-09",428.0,407.8407814114946,0.5231481481481481,-0.20370370370370372,False
fold_01,rolling_7d,independent,pair_hour_circular_scale_cv,all,,triangular5,0.85,3,"2018-01-07,2018-01-08,2018-01-09",433.0,406.0158019485212,0.5439814814814815,-0.15046296296296294,False
fold_01,rolling_7d,independent,pair_hour_circular_scale_cv,all,,triangular5,0.9,3,"2018-01-07,2018-01-08,2018-01-09",439.0,405.26405445011335,0.5578703703703703,-0.12268518518518519,False
fold_01,rolling_7d,independent,pair_hour_circular_scale_cv,all,,triangular5,0.95,3,"2018-01-07,2018-01-08,2018-01-09",445.0,405.5855389162713,0.576388888888889,-0.08564814814814814,False
fold_01,rolling_7d,independent,pair_hour_circular_scale_cv,all,,triangular5,1.0,3,"2018-01-07,2018-01-08,2018-01-09",443.0,406.9802553469948,0.5810185185185185,-0.05787037037037038,False
fold_01,rolling_7d,independent,pair_hour_circular_scale_cv,all,,triangular5,1.05,3,"2018-01-07,2018-01-08,2018-01-09",436.0,409.4482037422839,0.5879629629629629,-0.01851851851851852,False
fold_01,rolling_7d,paired,pair_hour_circular_scale_cv,all,,raw,0.7,3,"2018-01-07,2018-01-08,2018-01-09",486.0,440.86285972222225,0.5462962962962963,-0.18055555555555558,False
fold_01,rolling_7d,paired,pair_hour_circular_scale_cv,all,,raw,0.75,3,"2018-01-07,2018-01-08,2018-01-09",493.0,443.04231345663266,0.5671296296296297,-0.13657407407407407,False
fold_01,rolling_7d,paired,pair_hour_circular_scale_cv,all,,raw,0.8,3,"2018-01-07,2018-01-08,2018-01-09",502.0,446.86604807256236,0.5740740740740741,-0.1111111111111111,False
fold_01,rolling_7d,paired,pair_hour_circular_scale_cv,all,,raw,0.85,3,"2018-01-07,2018-01-08,2018-01-09",499.0,452.3340635700113,0.585648148148148,-0.06712962962962964,False
fold_01,rolling_7d,paired,pair_hour_circular_scale_cv,all,,raw,0.9,3,"2018-01-07,2018-01-08,2018-01-09",517.0,459.44635994897953,0.6087962962962963,-0.034722222222222224,False
fold_01,rolling_7d,paired,pair_hour_circular_scale_cv,all,,raw,0.95,3,"2018-01-07,2018-01-08,2018-01-09",518.0,468.20293720946717,0.6157407407407408,-0.01851851851851852,False
fold_01,rolling_7d,paired,pair_hour_circular_scale_cv,all,,raw,1.0,3,"2018-01-07,2018-01-08,2018-01-09",546.0,478.60379535147393,0.6435185185185185,0.009259259259259259,False
fold_01,rolling_7d,paired,pair_hour_circular_scale_cv,all,,raw,1.05,3,"2018-01-07,2018-01-08,2018-01-09",542.0,490.64893437499995,0.6481481481481481,0.04629629629629629,False
fold_01,rolling_7d,paired,pair_hour_circular_scale_cv,all,,triangular3,0.7,3,"2018-01-07,2018-01-08,2018-01-09",434.0,411.9767086805556,0.5370370370370371,-0.15277777777777776,False
fold_01,rolling_7d,paired,pair_hour_circular_scale_cv,all,,triangular3,0.75,3,"2018-01-07,2018-01-08,2018-01-09",437.0,408.6402268016582,0.548611111111111,-0.1273148148148148,False
fold_01,rolling_7d,paired,pair_hour_circular_scale_cv,all,,triangular3,0.8,3,"2018-01-07,2018-01-08,2018-01-09",444.0,406.4876739229025,0.5601851851851852,-0.09722222222222222,False
fold_01,rolling_7d,paired,pair_hour_circular_scale_cv,all,,triangular3,0.85,3,"2018-01-07,2018-01-08,2018-01-09",447.0,405.5190500442885,0.5625,-0.07638888888888888,False
fold_01,rolling_7d,paired,pair_hour_circular_scale_cv,all,,triangular3,0.9,3,"2018-01-07,2018-01-08,2018-01-09",436.0,405.7343551658163,0.5648148148148149,-0.037037037037037035,False
fold_01,rolling_7d,paired,pair_hour_circular_scale_cv,all,,triangular3,0.95,3,"2018-01-07,2018-01-08,2018-01-09",435.0,407.13358928748585,0.576388888888889,-0.01157407407407407,False
fold_01,rolling_7d,paired,pair_hour_circular_scale_cv,all,,triangular3,1.0,3,"2018-01-07,2018-01-08,2018-01-09",440.0,409.71675240929704,0.5879629629629629,0.01851851851851852,False
fold_01,rolling_7d,paired,pair_hour_circular_scale_cv,all,,triangular3,1.05,3,"2018-01-07,2018-01-08,2018-01-09",449.0,413.48384453125004,0.6134259259259259,0.05787037037037037,False
fold_01,rolling_7d,paired,pair_hour_circular_scale_cv,all,,triangular5,0.7,3,"2018-01-07,2018-01-08,2018-01-09",415.0,414.71043623113854,0.5300925925925926,-0.1597222222222222,True
fold_01,rolling_7d,paired,pair_hour_circular_scale_cv,all,,triangular5,0.75,3,"2018-01-07,2018-01-08,2018-01-09",418.0,410.7389928390338,0.5462962962962963,-0.11574074074074074,False
fold_01,rolling_7d,paired,pair_hour_circular_scale_cv,all,,triangular5,0.8,3,"2018-01-07,2018-01-08,2018-01-09",425.0,407.8407814114946,0.5717592592592592,-0.0763888888888889,False
fold_01,rolling_7d,paired,pair_hour_circular_scale_cv,all,,triangular5,0.85,3,"2018-01-07,2018-01-08,2018-01-09",430.0,406.0158019485212,0.5833333333333334,-0.05092592592592593,False
fold_01,rolling_7d,paired,pair_hour_circular_scale_cv,all,,triangular5,0.9,3,"2018-01-07,2018-01-08,2018-01-09",439.0,405.26405445011335,0.6041666666666666,0.002314814814814816,False
fold_01,rolling_7d,paired,pair_hour_circular_scale_cv,all,,triangular5,0.95,3,"2018-01-07,2018-01-08,2018-01-09",449.0,405.5855389162713,0.6226851851851852,0.025462962962962965,False
fold_01,rolling_7d,paired,pair_hour_circular_scale_cv,all,,triangular5,1.0,3,"2018-01-07,2018-01-08,2018-01-09",460.0,406.9802553469948,0.6342592592592592,0.05092592592592592,False
fold_01,rolling_7d,paired,pair_hour_circular_scale_cv,all,,triangular5,1.05,3,"2018-01-07,2018-01-08,2018-01-09",470.0,409.4482037422839,0.6435185185185185,0.060185185185185175,False
fold_01,rolling_7d,independent,present_shrunk20_scale_cv,all,,,0.7,3,"2018-01-07,2018-01-08,2018-01-09",486.0,429.52202179635754,0.5462962962962963,-0.22685185185185186,False
fold_01,rolling_7d,independent,present_shrunk20_scale_cv,all,,,0.75,3,"2018-01-07,2018-01-08,2018-01-09",501.0,429.47445794572764,0.5625,-0.20138888888888892,False
fold_01,rolling_7d,independent,present_shrunk20_scale_cv,all,,,0.8,3,"2018-01-07,2018-01-08,2018-01-09",497.0,430.88224727885785,0.5671296296296297,-0.17824074074074073,False
fold_01,rolling_7d,independent,present_shrunk20_scale_cv,all,,,0.85,3,"2018-01-07,2018-01-08,2018-01-09",503.0,433.74538979574834,0.5717592592592592,-0.15046296296296297,False
fold_01,rolling_7d,independent,present_shrunk20_scale_cv,all,,,0.9,3,"2018-01-07,2018-01-08,2018-01-09",484.0,438.06388549639905,0.5740740740740741,-0.11574074074074074,True
fold_01,rolling_7d,independent,present_shrunk20_scale_cv,all,,,0.95,3,"2018-01-07,2018-01-08,2018-01-09",495.0,443.83773438081,0.5902777777777778,-0.08101851851851852,False
fold_01,rolling_7d,independent,present_shrunk20_scale_cv,all,,,1.0,3,"2018-01-07,2018-01-08,2018-01-09",495.0,451.0669364489812,0.5856481481481483,-0.05787037037037038,False
fold_01,rolling_7d,independent,present_shrunk20_scale_cv,all,,,1.05,3,"2018-01-07,2018-01-08,2018-01-09",502.0,459.75149170091254,0.6018518518518517,-0.013888888888888886,False
fold_01,rolling_7d,paired,present_shrunk20_scale_cv,all,,,0.7,3,"2018-01-07,2018-01-08,2018-01-09",475.0,429.52202179635754,0.5347222222222222,-0.17824074074074073,False
fold_01,rolling_7d,paired,present_shrunk20_scale_cv,all,,,0.75,3,"2018-01-07,2018-01-08,2018-01-09",475.0,429.47445794572764,0.5532407407407408,-0.14583333333333334,False
fold_01,rolling_7d,paired,present_shrunk20_scale_cv,all,,,0.8,3,"2018-01-07,2018-01-08,2018-01-09",474.0,430.88224727885785,0.5601851851851851,-0.12037037037037036,False
fold_01,rolling_7d,paired,present_shrunk20_scale_cv,all,,,0.85,3,"2018-01-07,2018-01-08,2018-01-09",471.0,433.74538979574834,0.5578703703703703,-0.0763888888888889,False
fold_01,rolling_7d,paired,present_shrunk20_scale_cv,all,,,0.9,3,"2018-01-07,2018-01-08,2018-01-09",491.0,438.06388549639905,0.5856481481481483,-0.04861111111111111,False
fold_01,rolling_7d,paired,present_shrunk20_scale_cv,all,,,0.95,3,"2018-01-07,2018-01-08,2018-01-09",488.0,443.83773438081,0.5972222222222222,-0.01851851851851852,False
fold_01,rolling_7d,paired,present_shrunk20_scale_cv,all,,,1.0,3,"2018-01-07,2018-01-08,2018-01-09",471.0,451.0669364489812,0.5949074074074074,0.006944444444444443,True
fold_01,rolling_7d,paired,present_shrunk20_scale_cv,all,,,1.05,3,"2018-01-07,2018-01-08,2018-01-09",490.0,459.75149170091254,0.611111111111111,0.02314814814814815,False
fold_01,rolling_7d,independent,pair_hour_direction_scale_cv,core->near,,,0.7,3,"2018-01-07,2018-01-08,2018-01-09",182.0,170.36563958333335,1.0,-0.25,True
fold_01,rolling_7d,independent,pair_hour_direction_scale_cv,core->near,,,0.75,3,"2018-01-07,2018-01-08,2018-01-09",193.0,172.88019850127552,1.0416666666666667,-0.125,False
fold_01,rolling_7d,independent,pair_hour_direction_scale_cv,core->near,,,0.8,3,"2018-01-07,2018-01-08,2018-01-09",193.0,176.12654965986394,1.0416666666666667,-0.125,False
fold_01,rolling_7d,independent,pair_hour_direction_scale_cv,core->near,,,0.85,3,"2018-01-07,2018-01-08,2018-01-09",197.0,180.10469305909862,1.0416666666666667,0.041666666666666664,False
fold_01,rolling_7d,independent,pair_hour_direction_scale_cv,core->near,,,0.9,3,"2018-01-07,2018-01-08,2018-01-09",204.0,184.81462869897956,1.0416666666666667,0.125,False
fold_01,rolling_7d,independent,pair_hour_direction_scale_cv,core->near,,,0.95,3,"2018-01-07,2018-01-08,2018-01-09",212.0,190.25635657950681,1.0833333333333333,0.16666666666666666,False
fold_01,rolling_7d,independent,pair_hour_direction_scale_cv,core->near,,,1.0,3,"2018-01-07,2018-01-08,2018-01-09",218.0,196.42987670068027,1.0416666666666667,0.20833333333333334,False
fold_01,rolling_7d,independent,pair_hour_direction_scale_cv,core->near,,,1.05,3,"2018-01-07,2018-01-08,2018-01-09",225.0,203.33518906249998,1.0833333333333333,0.25,False
fold_01,rolling_7d,independent,pair_hour_direction_scale_cv,core->outer,,,0.7,3,"2018-01-07,2018-01-08,2018-01-09",24.0,20.994061805555557,0.375,-0.375,False
fold_01,rolling_7d,independent,pair_hour_direction_scale_cv,core->outer,,,0.75,3,"2018-01-07,2018-01-08,2018-01-09",24.0,20.793565848214286,0.375,-0.375,False
fold_01,rolling_7d,independent,pair_hour_direction_scale_cv,core->outer,,,0.8,3,"2018-01-07,2018-01-08,2018-01-09",24.0,20.623536507936507,0.375,-0.375,False
fold_01,rolling_7d,independent,pair_hour_direction_scale_cv,core->outer,,,0.85,3,"2018-01-07,2018-01-08,2018-01-09",23.0,20.483973784722224,0.3333333333333333,-0.3333333333333333,False
fold_01,rolling_7d,independent,pair_hour_direction_scale_cv,core->outer,,,0.9,3,"2018-01-07,2018-01-08,2018-01-09",23.0,20.37487767857143,0.3333333333333333,-0.3333333333333333,False
fold_01,rolling_7d,independent,pair_hour_direction_scale_cv,core->outer,,,0.95,3,"2018-01-07,2018-01-08,2018-01-09",23.0,20.296248189484132,0.3333333333333333,-0.3333333333333333,False
fold_01,rolling_7d,independent,pair_hour_direction_scale_cv,core->outer,,,1.0,3,"2018-01-07,2018-01-08,2018-01-09",23.0,20.248085317460315,0.3333333333333333,-0.3333333333333333,True
fold_01,rolling_7d,independent,pair_hour_direction_scale_cv,core->outer,,,1.05,3,"2018-01-07,2018-01-08,2018-01-09",23.0,20.230389062500002,0.2916666666666667,-0.2916666666666667,False
fold_01,rolling_7d,independent,pair_hour_direction_scale_cv,near->core,,,0.7,3,"2018-01-07,2018-01-08,2018-01-09",168.0,147.8919368055556,1.125,-0.5416666666666666,False
fold_01,rolling_7d,independent,pair_hour_direction_scale_cv,near->core,,,0.75,3,"2018-01-07,2018-01-08,2018-01-09",171.0,147.0680397002551,1.125,-0.5416666666666666,False
fold_01,rolling_7d,independent,pair_hour_direction_scale_cv,near->core,,,0.8,3,"2018-01-07,2018-01-08,2018-01-09",172.0,146.8496045351474,1.125,-0.5416666666666666,False
fold_01,rolling_7d,independent,pair_hour_direction_scale_cv,near->core,,,0.85,3,"2018-01-07,2018-01-08,2018-01-09",174.0,147.23663131023244,1.0833333333333333,-0.3333333333333333,False
fold_01,rolling_7d,independent,pair_hour_direction_scale_cv,near->core,,,0.9,3,"2018-01-07,2018-01-08,2018-01-09",159.0,148.2291200255102,0.9583333333333334,-0.20833333333333334,False
fold_01,rolling_7d,independent,pair_hour_direction_scale_cv,near->core,,,0.95,3,"2018-01-07,2018-01-08,2018-01-09",163.0,149.82707068098074,0.9583333333333334,-0.20833333333333334,False
fold_01,rolling_7d,independent,pair_hour_direction_scale_cv,near->core,,,1.0,3,"2018-01-07,2018-01-08,2018-01-09",161.0,152.03048327664402,0.9583333333333334,-0.125,False
fold_01,rolling_7d,independent,pair_hour_direction_scale_cv,near->core,,,1.05,3,"2018-01-07,2018-01-08,2018-01-09",153.0,154.8393578125,1.0,-0.08333333333333333,True
fold_01,rolling_7d,independent,pair_hour_direction_scale_cv,near->outer,,,0.7,3,"2018-01-07,2018-01-08,2018-01-09",48.0,39.854815277777774,0.5833333333333334,-0.25,True
fold_01,rolling_7d,independent,pair_hour_direction_scale_cv,near->outer,,,0.75,3,"2018-01-07,2018-01-08,2018-01-09",49.0,40.81675223214286,0.5833333333333334,-0.25,False
fold_01,rolling_7d,independent,pair_hour_direction_scale_cv,near->outer,,,0.8,3,"2018-01-07,2018-01-08,2018-01-09",49.0,41.90833015873016,0.5833333333333334,-0.25,False
fold_01,rolling_7d,independent,pair_hour_direction_scale_cv,near->outer,,,0.85,3,"2018-01-07,2018-01-08,2018-01-09",50.0,43.12954905753968,0.625,-0.20833333333333334,False
fold_01,rolling_7d,independent,pair_hour_direction_scale_cv,near->outer,,,0.9,3,"2018-01-07,2018-01-08,2018-01-09",54.0,44.48040892857143,0.625,-0.20833333333333334,False
fold_01,rolling_7d,independent,pair_hour_direction_scale_cv,near->outer,,,0.95,3,"2018-01-07,2018-01-08,2018-01-09",54.0,45.9609097718254,0.625,-0.20833333333333334,False
fold_01,rolling_7d,independent,pair_hour_direction_scale_cv,near->outer,,,1.0,3,"2018-01-07,2018-01-08,2018-01-09",60.0,47.57105158730159,0.6666666666666666,-0.16666666666666666,False
fold_01,rolling_7d,independent,pair_hour_direction_scale_cv,near->outer,,,1.05,3,"2018-01-07,2018-01-08,2018-01-09",61.0,49.310834375,0.75,-0.08333333333333333,False
fold_01,rolling_7d,independent,pair_hour_direction_scale_cv,outer->core,,,0.7,3,"2018-01-07,2018-01-08,2018-01-09",15.0,12.981597222222224,0.25,-0.25,False
fold_01,rolling_7d,independent,pair_hour_direction_scale_cv,outer->core,,,0.75,3,"2018-01-07,2018-01-08,2018-01-09",15.0,12.998644770408163,0.25,-0.25,True
fold_01,rolling_7d,independent,pair_hour_direction_scale_cv,outer->core,,,0.8,3,"2018-01-07,2018-01-08,2018-01-09",16.0,13.03718820861678,0.25,-0.25,False
fold_01,rolling_7d,independent,pair_hour_direction_scale_cv,outer->core,,,0.85,3,"2018-01-07,2018-01-08,2018-01-09",16.0,13.097227536848072,0.25,-0.16666666666666666,False
fold_01,rolling_7d,independent,pair_hour_direction_scale_cv,outer->core,,,0.9,3,"2018-01-07,2018-01-08,2018-01-09",16.0,13.178762755102042,0.25,-0.16666666666666666,False
fold_01,rolling_7d,independent,pair_hour_direction_scale_cv,outer->core,,,0.95,3,"2018-01-07,2018-01-08,2018-01-09",16.0,13.281793863378685,0.25,-0.16666666666666666,False
fold_01,rolling_7d,independent,pair_hour_direction_scale_cv,outer->core,,,1.0,3,"2018-01-07,2018-01-08,2018-01-09",16.0,13.406320861678005,0.25,-0.16666666666666666,False
fold_01,rolling_7d,independent,pair_hour_direction_scale_cv,outer->core,,,1.05,3,"2018-01-07,2018-01-08,2018-01-09",17.0,13.55234375,0.2916666666666667,-0.125,False
fold_01,rolling_7d,independent,pair_hour_direction_scale_cv,outer->near,,,0.7,3,"2018-01-07,2018-01-08,2018-01-09",58.0,48.774809027777785,0.5416666666666666,-0.2916666666666667,False
fold_01,rolling_7d,independent,pair_hour_direction_scale_cv,outer->near,,,0.75,3,"2018-01-07,2018-01-08,2018-01-09",59.0,48.48511240433673,0.5416666666666666,-0.2916666666666667,False
fold_01,rolling_7d,independent,pair_hour_direction_scale_cv,outer->near,,,0.8,3,"2018-01-07,2018-01-08,2018-01-09",58.0,48.32083900226757,0.5416666666666666,-0.2916666666666667,False
fold_01,rolling_7d,independent,pair_hour_direction_scale_cv,outer->near,,,0.85,3,"2018-01-07,2018-01-08,2018-01-09",56.0,48.281988821570295,0.5416666666666666,-0.20833333333333334,False
fold_01,rolling_7d,independent,pair_hour_direction_scale_cv,outer->near,,,0.9,3,"2018-01-07,2018-01-08,2018-01-09",59.0,48.368561862244896,0.5416666666666666,-0.20833333333333334,False
fold_01,rolling_7d,independent,pair_hour_direction_scale_cv,outer->near,,,0.95,3,"2018-01-07,2018-01-08,2018-01-09",59.0,48.580558124291386,0.5416666666666666,-0.20833333333333334,False
fold_01,rolling_7d,independent,pair_hour_direction_scale_cv,outer->near,,,1.0,3,"2018-01-07,2018-01-08,2018-01-09",59.0,48.91797760770975,0.5416666666666666,-0.20833333333333334,False
fold_01,rolling_7d,independent,pair_hour_direction_scale_cv,outer->near,,,1.05,3,"2018-01-07,2018-01-08,2018-01-09",51.0,49.3808203125,0.5833333333333334,0.0,True
fold_01,rolling_7d,paired,pair_hour_direction_scale_cv,core->near,,,0.7,3,"2018-01-07,2018-01-08,2018-01-09",171.0,170.36563958333335,0.9166666666666666,-0.08333333333333333,True
fold_01,rolling_7d,paired,pair_hour_direction_scale_cv,core->near,,,0.75,3,"2018-01-07,2018-01-08,2018-01-09",180.0,172.88019850127552,0.9166666666666666,-0.08333333333333333,False
fold_01,rolling_7d,paired,pair_hour_direction_scale_cv,core->near,,,0.8,3,"2018-01-07,2018-01-08,2018-01-09",187.0,176.12654965986394,1.0,0.0,False
fold_01,rolling_7d,paired,pair_hour_direction_scale_cv,core->near,,,0.85,3,"2018-01-07,2018-01-08,2018-01-09",200.0,180.10469305909862,1.0833333333333333,0.08333333333333333,False
fold_01,rolling_7d,paired,pair_hour_direction_scale_cv,core->near,,,0.9,3,"2018-01-07,2018-01-08,2018-01-09",208.0,184.81462869897956,1.0833333333333333,0.16666666666666666,False
fold_01,rolling_7d,paired,pair_hour_direction_scale_cv,core->near,,,0.95,3,"2018-01-07,2018-01-08,2018-01-09",203.0,190.25635657950681,1.0416666666666667,0.20833333333333334,False
fold_01,rolling_7d,paired,pair_hour_direction_scale_cv,core->near,,,1.0,3,"2018-01-07,2018-01-08,2018-01-09",217.0,196.42987670068027,1.0416666666666667,0.20833333333333334,False
fold_01,rolling_7d,paired,pair_hour_direction_scale_cv,core->near,,,1.05,3,"2018-01-07,2018-01-08,2018-01-09",220.0,203.33518906249998,1.0416666666666667,0.20833333333333334,False
fold_01,rolling_7d,paired,pair_hour_direction_scale_cv,core->outer,,,0.7,3,"2018-01-07,2018-01-08,2018-01-09",24.0,20.994061805555557,0.3333333333333333,-0.3333333333333333,False
fold_01,rolling_7d,paired,pair_hour_direction_scale_cv,core->outer,,,0.75,3,"2018-01-07,2018-01-08,2018-01-09",24.0,20.793565848214286,0.3333333333333333,-0.3333333333333333,False
fold_01,rolling_7d,paired,pair_hour_direction_scale_cv,core->outer,,,0.8,3,"2018-01-07,2018-01-08,2018-01-09",24.0,20.623536507936507,0.3333333333333333,-0.3333333333333333,False
fold_01,rolling_7d,paired,pair_hour_direction_scale_cv,core->outer,,,0.85,3,"2018-01-07,2018-01-08,2018-01-09",24.0,20.483973784722224,0.3333333333333333,-0.3333333333333333,False
fold_01,rolling_7d,paired,pair_hour_direction_scale_cv,core->outer,,,0.9,3,"2018-01-07,2018-01-08,2018-01-09",24.0,20.37487767857143,0.3333333333333333,-0.3333333333333333,False
fold_01,rolling_7d,paired,pair_hour_direction_scale_cv,core->outer,,,0.95,3,"2018-01-07,2018-01-08,2018-01-09",24.0,20.296248189484132,0.3333333333333333,-0.3333333333333333,False
fold_01,rolling_7d,paired,pair_hour_direction_scale_cv,core->outer,,,1.0,3,"2018-01-07,2018-01-08,2018-01-09",26.0,20.248085317460315,0.3333333333333333,-0.3333333333333333,False
fold_01,rolling_7d,paired,pair_hour_direction_scale_cv,core->outer,,,1.05,3,"2018-01-07,2018-01-08,2018-01-09",24.0,20.230389062500002,0.3333333333333333,-0.3333333333333333,True
fold_01,rolling_7d,paired,pair_hour_direction_scale_cv,near->core,,,0.7,3,"2018-01-07,2018-01-08,2018-01-09",169.0,147.8919368055556,1.0833333333333333,-0.5,False
fold_01,rolling_7d,paired,pair_hour_direction_scale_cv,near->core,,,0.75,3,"2018-01-07,2018-01-08,2018-01-09",172.0,147.0680397002551,1.0833333333333333,-0.5,False
fold_01,rolling_7d,paired,pair_hour_direction_scale_cv,near->core,,,0.8,3,"2018-01-07,2018-01-08,2018-01-09",158.0,146.8496045351474,0.9166666666666666,-0.3333333333333333,False
fold_01,rolling_7d,paired,pair_hour_direction_scale_cv,near->core,,,0.85,3,"2018-01-07,2018-01-08,2018-01-09",156.0,147.23663131023244,0.9166666666666666,-0.25,False
fold_01,rolling_7d,paired,pair_hour_direction_scale_cv,near->core,,,0.9,3,"2018-01-07,2018-01-08,2018-01-09",155.0,148.2291200255102,0.9583333333333334,-0.20833333333333334,True
fold_01,rolling_7d,paired,pair_hour_direction_scale_cv,near->core,,,0.95,3,"2018-01-07,2018-01-08,2018-01-09",162.0,149.82707068098074,1.0416666666666667,-0.125,False
fold_01,rolling_7d,paired,pair_hour_direction_scale_cv,near->core,,,1.0,3,"2018-01-07,2018-01-08,2018-01-09",166.0,152.03048327664402,1.0,-0.08333333333333333,False
fold_01,rolling_7d,paired,pair_hour_direction_scale_cv,near->core,,,1.05,3,"2018-01-07,2018-01-08,2018-01-09",164.0,154.8393578125,1.0416666666666667,-0.041666666666666664,False
fold_01,rolling_7d,paired,pair_hour_direction_scale_cv,near->outer,,,0.7,3,"2018-01-07,2018-01-08,2018-01-09",47.0,39.854815277777774,0.5833333333333334,-0.25,True
fold_01,rolling_7d,paired,pair_hour_direction_scale_cv,near->outer,,,0.75,3,"2018-01-07,2018-01-08,2018-01-09",49.0,40.81675223214286,0.625,-0.20833333333333334,False
fold_01,rolling_7d,paired,pair_hour_direction_scale_cv,near->outer,,,0.8,3,"2018-01-07,2018-01-08,2018-01-09",49.0,41.90833015873016,0.625,-0.20833333333333334,False
fold_01,rolling_7d,paired,pair_hour_direction_scale_cv,near->outer,,,0.85,3,"2018-01-07,2018-01-08,2018-01-09",51.0,43.12954905753968,0.6666666666666666,-0.16666666666666666,False
fold_01,rolling_7d,paired,pair_hour_direction_scale_cv,near->outer,,,0.9,3,"2018-01-07,2018-01-08,2018-01-09",54.0,44.48040892857143,0.6666666666666666,-0.16666666666666666,False
fold_01,rolling_7d,paired,pair_hour_direction_scale_cv,near->outer,,,0.95,3,"2018-01-07,2018-01-08,2018-01-09",54.0,45.9609097718254,0.6666666666666666,-0.16666666666666666,False
fold_01,rolling_7d,paired,pair_hour_direction_scale_cv,near->outer,,,1.0,3,"2018-01-07,2018-01-08,2018-01-09",54.0,47.57105158730159,0.6666666666666666,-0.16666666666666666,False
fold_01,rolling_7d,paired,pair_hour_direction_scale_cv,near->outer,,,1.05,3,"2018-01-07,2018-01-08,2018-01-09",59.0,49.310834375,0.6666666666666666,-0.16666666666666666,False
fold_01,rolling_7d,paired,pair_hour_direction_scale_cv,outer->core,,,0.7,3,"2018-01-07,2018-01-08,2018-01-09",16.0,12.981597222222224,0.25,-0.25,False
fold_01,rolling_7d,paired,pair_hour_direction_scale_cv,outer->core,,,0.75,3,"2018-01-07,2018-01-08,2018-01-09",17.0,12.998644770408163,0.25,-0.25,False
fold_01,rolling_7d,paired,pair_hour_direction_scale_cv,outer->core,,,0.8,3,"2018-01-07,2018-01-08,2018-01-09",16.0,13.03718820861678,0.20833333333333334,-0.20833333333333334,False
fold_01,rolling_7d,paired,pair_hour_direction_scale_cv,outer->core,,,0.85,3,"2018-01-07,2018-01-08,2018-01-09",14.0,13.097227536848072,0.25,-0.16666666666666666,False
fold_01,rolling_7d,paired,pair_hour_direction_scale_cv,outer->core,,,0.9,3,"2018-01-07,2018-01-08,2018-01-09",13.0,13.178762755102042,0.25,-0.16666666666666666,False
fold_01,rolling_7d,paired,pair_hour_direction_scale_cv,outer->core,,,0.95,3,"2018-01-07,2018-01-08,2018-01-09",13.0,13.281793863378685,0.25,-0.16666666666666666,True
fold_01,rolling_7d,paired,pair_hour_direction_scale_cv,outer->core,,,1.0,3,"2018-01-07,2018-01-08,2018-01-09",17.0,13.406320861678005,0.2916666666666667,-0.125,False
fold_01,rolling_7d,paired,pair_hour_direction_scale_cv,outer->core,,,1.05,3,"2018-01-07,2018-01-08,2018-01-09",17.0,13.55234375,0.3333333333333333,-0.08333333333333333,False
fold_01,rolling_7d,paired,pair_hour_direction_scale_cv,outer->near,,,0.7,3,"2018-01-07,2018-01-08,2018-01-09",60.0,48.774809027777785,0.5833333333333334,-0.16666666666666666,False
fold_01,rolling_7d,paired,pair_hour_direction_scale_cv,outer->near,,,0.75,3,"2018-01-07,2018-01-08,2018-01-09",60.0,48.48511240433673,0.5833333333333334,-0.16666666666666666,True
fold_01,rolling_7d,paired,pair_hour_direction_scale_cv,outer->near,,,0.8,3,"2018-01-07,2018-01-08,2018-01-09",61.0,48.32083900226757,0.6666666666666666,-0.08333333333333333,False
fold_01,rolling_7d,paired,pair_hour_direction_scale_cv,outer->near,,,0.85,3,"2018-01-07,2018-01-08,2018-01-09",61.0,48.281988821570295,0.6666666666666666,-0.08333333333333333,False
fold_01,rolling_7d,paired,pair_hour_direction_scale_cv,outer->near,,,0.9,3,"2018-01-07,2018-01-08,2018-01-09",62.0,48.368561862244896,0.6666666666666666,-0.08333333333333333,False
fold_01,rolling_7d,paired,pair_hour_direction_scale_cv,outer->near,,,0.95,3,"2018-01-07,2018-01-08,2018-01-09",63.0,48.580558124291386,0.7083333333333334,-0.041666666666666664,False
fold_01,rolling_7d,paired,pair_hour_direction_scale_cv,outer->near,,,1.0,3,"2018-01-07,2018-01-08,2018-01-09",66.0,48.91797760770975,0.75,0.0,False
fold_01,rolling_7d,paired,pair_hour_direction_scale_cv,outer->near,,,1.05,3,"2018-01-07,2018-01-08,2018-01-09",61.0,49.3808203125,0.7083333333333334,0.125,False
fold_01,rolling_7d,independent,present_shrunk20_direction_scale_cv,core->near,,,0.7,3,"2018-01-07,2018-01-08,2018-01-09",175.0,161.4229800333512,1.0,-0.25,True
fold_01,rolling_7d,independent,present_shrunk20_direction_scale_cv,core->near,,,0.75,3,"2018-01-07,2018-01-08,2018-01-09",184.0,162.48851999629272,1.0,-0.08333333333333333,False
fold_01,rolling_7d,independent,present_shrunk20_direction_scale_cv,core->near,,,0.8,3,"2018-01-07,2018-01-08,2018-01-09",185.0,164.17781785873737,1.0416666666666667,-0.041666666666666664,False
fold_01,rolling_7d,independent,present_shrunk20_direction_scale_cv,core->near,,,0.85,3,"2018-01-07,2018-01-08,2018-01-09",190.0,166.49087362068516,1.0416666666666667,0.041666666666666664,False
fold_01,rolling_7d,independent,present_shrunk20_direction_scale_cv,core->near,,,0.9,3,"2018-01-07,2018-01-08,2018-01-09",191.0,169.4276872821361,1.0416666666666667,0.041666666666666664,False
fold_01,rolling_7d,independent,present_shrunk20_direction_scale_cv,core->near,,,0.95,3,"2018-01-07,2018-01-08,2018-01-09",198.0,172.9882588430902,1.0833333333333333,0.08333333333333333,False
fold_01,rolling_7d,independent,present_shrunk20_direction_scale_cv,core->near,,,1.0,3,"2018-01-07,2018-01-08,2018-01-09",197.0,177.17258830354746,1.0833333333333333,0.16666666666666666,False
fold_01,rolling_7d,independent,present_shrunk20_direction_scale_cv,core->near,,,1.05,3,"2018-01-07,2018-01-08,2018-01-09",204.0,181.9806756635078,1.0833333333333333,0.16666666666666666,False
fold_01,rolling_7d,independent,present_shrunk20_direction_scale_cv,core->outer,,,0.7,3,"2018-01-07,2018-01-08,2018-01-09",24.0,21.132956112238674,0.375,-0.375,False
fold_01,rolling_7d,independent,present_shrunk20_direction_scale_cv,core->outer,,,0.75,3,"2018-01-07,2018-01-08,2018-01-09",24.0,20.894618243239893,0.375,-0.375,False
fold_01,rolling_7d,independent,present_shrunk20_direction_scale_cv,core->outer,,,0.8,3,"2018-01-07,2018-01-08,2018-01-09",24.0,20.68037860016282,0.375,-0.375,False
fold_01,rolling_7d,independent,present_shrunk20_direction_scale_cv,core->outer,,,0.85,3,"2018-01-07,2018-01-08,2018-01-09",24.0,20.49023718300744,0.375,-0.375,False
fold_01,rolling_7d,independent,present_shrunk20_direction_scale_cv,core->outer,,,0.9,3,"2018-01-07,2018-01-08,2018-01-09",24.0,20.32419399177376,0.375,-0.375,False
fold_01,rolling_7d,independent,present_shrunk20_direction_scale_cv,core->outer,,,0.95,3,"2018-01-07,2018-01-08,2018-01-09",23.0,20.182249026461783,0.3333333333333333,-0.3333333333333333,False
fold_01,rolling_7d,independent,present_shrunk20_direction_scale_cv,core->outer,,,1.0,3,"2018-01-07,2018-01-08,2018-01-09",23.0,20.064402287071506,0.3333333333333333,-0.3333333333333333,True
fold_01,rolling_7d,independent,present_shrunk20_direction_scale_cv,core->outer,,,1.05,3,"2018-01-07,2018-01-08,2018-01-09",23.0,19.970653773602923,0.3333333333333333,-0.3333333333333333,False
fold_01,rolling_7d,independent,present_shrunk20_direction_scale_cv,near->core,,,0.7,3,"2018-01-07,2018-01-08,2018-01-09",168.0,146.23609615109623,1.125,-0.5416666666666666,False
fold_01,rolling_7d,independent,present_shrunk20_direction_scale_cv,near->core,,,0.75,3,"2018-01-07,2018-01-08,2018-01-09",172.0,145.08711876324838,1.125,-0.5416666666666666,False
fold_01,rolling_7d,independent,present_shrunk20_direction_scale_cv,near->core,,,0.8,3,"2018-01-07,2018-01-08,2018-01-09",165.0,144.51602918891513,1.0833333333333333,-0.3333333333333333,False
fold_01,rolling_7d,independent,present_shrunk20_direction_scale_cv,near->core,,,0.85,3,"2018-01-07,2018-01-08,2018-01-09",165.0,144.52282742809643,1.0833333333333333,-0.3333333333333333,False
fold_01,rolling_7d,independent,present_shrunk20_direction_scale_cv,near->core,,,0.9,3,"2018-01-07,2018-01-08,2018-01-09",145.0,145.1075134807924,0.9583333333333334,-0.20833333333333334,False
fold_01,rolling_7d,independent,present_shrunk20_direction_scale_cv,near->core,,,0.95,3,"2018-01-07,2018-01-08,2018-01-09",145.0,146.2700873470029,0.9583333333333334,-0.20833333333333334,True
fold_01,rolling_7d,independent,present_shrunk20_direction_scale_cv,near->core,,,1.0,3,"2018-01-07,2018-01-08,2018-01-09",149.0,148.01054902672809,0.9166666666666666,-0.16666666666666666,False
fold_01,rolling_7d,independent,present_shrunk20_direction_scale_cv,near->core,,,1.05,3,"2018-01-07,2018-01-08,2018-01-09",146.0,150.32889851996788,1.0,-0.08333333333333333,False
fold_01,rolling_7d,independent,present_shrunk20_direction_scale_cv,near->outer,,,0.7,3,"2018-01-07,2018-01-08,2018-01-09",48.0,38.67015894409067,0.5833333333333334,-0.25,True
fold_01,rolling_7d,independent,present_shrunk20_direction_scale_cv,near->outer,,,0.75,3,"2018-01-07,2018-01-08,2018-01-09",49.0,39.44963980874232,0.5833333333333334,-0.25,False
fold_01,rolling_7d,independent,present_shrunk20_direction_scale_cv,near->outer,,,0.8,3,"2018-01-07,2018-01-08,2018-01-09",49.0,40.34571660826094,0.5833333333333334,-0.25,False
fold_01,rolling_7d,independent,present_shrunk20_direction_scale_cv,near->outer,,,0.85,3,"2018-01-07,2018-01-08,2018-01-09",50.0,41.35838934264655,0.625,-0.20833333333333334,False
fold_01,rolling_7d,independent,present_shrunk20_direction_scale_cv,near->outer,,,0.9,3,"2018-01-07,2018-01-08,2018-01-09",50.0,42.487658011899114,0.625,-0.20833333333333334,False
fold_01,rolling_7d,independent,present_shrunk20_direction_scale_cv,near->outer,,,0.95,3,"2018-01-07,2018-01-08,2018-01-09",55.0,43.73352261601866,0.625,-0.20833333333333334,False
fold_01,rolling_7d,independent,present_shrunk20_direction_scale_cv,near->outer,,,1.0,3,"2018-01-07,2018-01-08,2018-01-09",54.0,45.095983155005186,0.625,-0.20833333333333334,False
fold_01,rolling_7d,independent,present_shrunk20_direction_scale_cv,near->outer,,,1.05,3,"2018-01-07,2018-01-08,2018-01-09",55.0,46.5750396288587,0.7083333333333334,-0.125,False
fold_01,rolling_7d,independent,present_shrunk20_direction_scale_cv,outer->core,,,0.7,3,"2018-01-07,2018-01-08,2018-01-09",15.0,12.763946006509228,0.25,-0.25,False
fold_01,rolling_7d,independent,present_shrunk20_direction_scale_cv,outer->core,,,0.75,3,"2018-01-07,2018-01-08,2018-01-09",15.0,12.715952228216217,0.25,-0.25,False
fold_01,rolling_7d,independent,present_shrunk20_direction_scale_cv,outer->core,,,0.8,3,"2018-01-07,2018-01-08,2018-01-09",15.0,12.682855031803097,0.25,-0.25,False
fold_01,rolling_7d,independent,present_shrunk20_direction_scale_cv,outer->core,,,0.85,3,"2018-01-07,2018-01-08,2018-01-09",15.0,12.66465441726987,0.25,-0.25,False
fold_01,rolling_7d,independent,present_shrunk20_direction_scale_cv,outer->core,,,0.9,3,"2018-01-07,2018-01-08,2018-01-09",15.0,12.661350384616535,0.25,-0.25,False
fold_01,rolling_7d,independent,present_shrunk20_direction_scale_cv,outer->core,,,0.95,3,"2018-01-07,2018-01-08,2018-01-09",16.0,12.67294293384309,0.25,-0.25,False
fold_01,rolling_7d,independent,present_shrunk20_direction_scale_cv,outer->core,,,1.0,3,"2018-01-07,2018-01-08,2018-01-09",15.0,12.69943206494954,0.20833333333333334,-0.20833333333333334,True
fold_01,rolling_7d,independent,present_shrunk20_direction_scale_cv,outer->core,,,1.05,3,"2018-01-07,2018-01-08,2018-01-09",15.0,12.740817777935877,0.20833333333333334,-0.20833333333333334,False
fold_01,rolling_7d,independent,present_shrunk20_direction_scale_cv,outer->near,,,0.7,3,"2018-01-07,2018-01-08,2018-01-09",56.0,49.29588454907153,0.5,-0.3333333333333333,True
fold_01,rolling_7d,independent,present_shrunk20_direction_scale_cv,outer->near,,,0.75,3,"2018-01-07,2018-01-08,2018-01-09",57.0,48.83860890598807,0.5,-0.3333333333333333,False
fold_01,rolling_7d,independent,present_shrunk20_direction_scale_cv,outer->near,,,0.8,3,"2018-01-07,2018-01-08,2018-01-09",59.0,48.47944999097854,0.5416666666666666,-0.2916666666666667,False
fold_01,rolling_7d,independent,present_shrunk20_direction_scale_cv,outer->near,,,0.85,3,"2018-01-07,2018-01-08,2018-01-09",59.0,48.21840780404288,0.5416666666666666,-0.2916666666666667,False
fold_01,rolling_7d,independent,present_shrunk20_direction_scale_cv,outer->near,,,0.9,3,"2018-01-07,2018-01-08,2018-01-09",59.0,48.05548234518115,0.5833333333333334,-0.25,False
fold_01,rolling_7d,independent,present_shrunk20_direction_scale_cv,outer->near,,,0.95,3,"2018-01-07,2018-01-08,2018-01-09",58.0,47.9906736143933,0.5416666666666666,-0.20833333333333334,False
fold_01,rolling_7d,independent,present_shrunk20_direction_scale_cv,outer->near,,,1.0,3,"2018-01-07,2018-01-08,2018-01-09",57.0,48.02398161167938,0.5,-0.16666666666666666,False
fold_01,rolling_7d,independent,present_shrunk20_direction_scale_cv,outer->near,,,1.05,3,"2018-01-07,2018-01-08,2018-01-09",59.0,48.15540633703935,0.5833333333333334,-0.08333333333333333,False
fold_01,rolling_7d,paired,present_shrunk20_direction_scale_cv,core->near,,,0.7,3,"2018-01-07,2018-01-08,2018-01-09",176.0,161.4229800333512,1.0,0.0,False
fold_01,rolling_7d,paired,present_shrunk20_direction_scale_cv,core->near,,,0.75,3,"2018-01-07,2018-01-08,2018-01-09",167.0,162.48851999629272,1.0,0.0,True
fold_01,rolling_7d,paired,present_shrunk20_direction_scale_cv,core->near,,,0.8,3,"2018-01-07,2018-01-08,2018-01-09",170.0,164.17781785873737,1.0,0.0,False
fold_01,rolling_7d,paired,present_shrunk20_direction_scale_cv,core->near,,,0.85,3,"2018-01-07,2018-01-08,2018-01-09",177.0,166.49087362068516,1.0416666666666667,0.041666666666666664,False
fold_01,rolling_7d,paired,present_shrunk20_direction_scale_cv,core->near,,,0.9,3,"2018-01-07,2018-01-08,2018-01-09",185.0,169.4276872821361,1.125,0.125,False
fold_01,rolling_7d,paired,present_shrunk20_direction_scale_cv,core->near,,,0.95,3,"2018-01-07,2018-01-08,2018-01-09",191.0,172.9882588430902,1.1666666666666667,0.16666666666666666,False
fold_01,rolling_7d,paired,present_shrunk20_direction_scale_cv,core->near,,,1.0,3,"2018-01-07,2018-01-08,2018-01-09",175.0,177.17258830354746,1.0833333333333333,0.25,False
fold_01,rolling_7d,paired,present_shrunk20_direction_scale_cv,core->near,,,1.05,3,"2018-01-07,2018-01-08,2018-01-09",189.0,181.9806756635078,1.125,0.2916666666666667,False
fold_01,rolling_7d,paired,present_shrunk20_direction_scale_cv,core->outer,,,0.7,3,"2018-01-07,2018-01-08,2018-01-09",24.0,21.132956112238674,0.3333333333333333,-0.3333333333333333,False
fold_01,rolling_7d,paired,present_shrunk20_direction_scale_cv,core->outer,,,0.75,3,"2018-01-07,2018-01-08,2018-01-09",24.0,20.894618243239893,0.3333333333333333,-0.3333333333333333,False
fold_01,rolling_7d,paired,present_shrunk20_direction_scale_cv,core->outer,,,0.8,3,"2018-01-07,2018-01-08,2018-01-09",24.0,20.68037860016282,0.3333333333333333,-0.3333333333333333,False
fold_01,rolling_7d,paired,present_shrunk20_direction_scale_cv,core->outer,,,0.85,3,"2018-01-07,2018-01-08,2018-01-09",24.0,20.49023718300744,0.3333333333333333,-0.3333333333333333,False
fold_01,rolling_7d,paired,present_shrunk20_direction_scale_cv,core->outer,,,0.9,3,"2018-01-07,2018-01-08,2018-01-09",21.0,20.32419399177376,0.3333333333333333,-0.3333333333333333,False
fold_01,rolling_7d,paired,present_shrunk20_direction_scale_cv,core->outer,,,0.95,3,"2018-01-07,2018-01-08,2018-01-09",21.0,20.182249026461783,0.3333333333333333,-0.3333333333333333,True
fold_01,rolling_7d,paired,present_shrunk20_direction_scale_cv,core->outer,,,1.0,3,"2018-01-07,2018-01-08,2018-01-09",22.0,20.064402287071506,0.3333333333333333,-0.3333333333333333,False
fold_01,rolling_7d,paired,present_shrunk20_direction_scale_cv,core->outer,,,1.05,3,"2018-01-07,2018-01-08,2018-01-09",22.0,19.970653773602923,0.3333333333333333,-0.3333333333333333,False
fold_01,rolling_7d,paired,present_shrunk20_direction_scale_cv,near->core,,,0.7,3,"2018-01-07,2018-01-08,2018-01-09",169.0,146.23609615109623,1.0416666666666667,-0.5416666666666666,False
fold_01,rolling_7d,paired,present_shrunk20_direction_scale_cv,near->core,,,0.75,3,"2018-01-07,2018-01-08,2018-01-09",166.0,145.08711876324838,1.0416666666666667,-0.375,False
fold_01,rolling_7d,paired,present_shrunk20_direction_scale_cv,near->core,,,0.8,3,"2018-01-07,2018-01-08,2018-01-09",166.0,144.51602918891513,1.0416666666666667,-0.375,False
fold_01,rolling_7d,paired,present_shrunk20_direction_scale_cv,near->core,,,0.85,3,"2018-01-07,2018-01-08,2018-01-09",155.0,144.52282742809643,1.0,-0.16666666666666666,False
fold_01,rolling_7d,paired,present_shrunk20_direction_scale_cv,near->core,,,0.9,3,"2018-01-07,2018-01-08,2018-01-09",153.0,145.1075134807924,1.0,-0.16666666666666666,False
fold_01,rolling_7d,paired,present_shrunk20_direction_scale_cv,near->core,,,0.95,3,"2018-01-07,2018-01-08,2018-01-09",146.0,146.2700873470029,1.0833333333333333,-0.08333333333333333,True
fold_01,rolling_7d,paired,present_shrunk20_direction_scale_cv,near->core,,,1.0,3,"2018-01-07,2018-01-08,2018-01-09",153.0,148.01054902672809,1.0416666666666667,-0.041666666666666664,False
fold_01,rolling_7d,paired,present_shrunk20_direction_scale_cv,near->core,,,1.05,3,"2018-01-07,2018-01-08,2018-01-09",157.0,150.32889851996788,1.0416666666666667,-0.041666666666666664,False
fold_01,rolling_7d,paired,present_shrunk20_direction_scale_cv,near->outer,,,0.7,3,"2018-01-07,2018-01-08,2018-01-09",47.0,38.67015894409067,0.5833333333333334,-0.25,True
fold_01,rolling_7d,paired,present_shrunk20_direction_scale_cv,near->outer,,,0.75,3,"2018-01-07,2018-01-08,2018-01-09",49.0,39.44963980874232,0.5833333333333334,-0.25,False
fold_01,rolling_7d,paired,present_shrunk20_direction_scale_cv,near->outer,,,0.8,3,"2018-01-07,2018-01-08,2018-01-09",51.0,40.34571660826094,0.625,-0.20833333333333334,False
fold_01,rolling_7d,paired,present_shrunk20_direction_scale_cv,near->outer,,,0.85,3,"2018-01-07,2018-01-08,2018-01-09",52.0,41.35838934264655,0.6666666666666666,-0.16666666666666666,False
fold_01,rolling_7d,paired,present_shrunk20_direction_scale_cv,near->outer,,,0.9,3,"2018-01-07,2018-01-08,2018-01-09",51.0,42.487658011899114,0.6666666666666666,-0.16666666666666666,False
fold_01,rolling_7d,paired,present_shrunk20_direction_scale_cv,near->outer,,,0.95,3,"2018-01-07,2018-01-08,2018-01-09",51.0,43.73352261601866,0.6666666666666666,-0.16666666666666666,False
fold_01,rolling_7d,paired,present_shrunk20_direction_scale_cv,near->outer,,,1.0,3,"2018-01-07,2018-01-08,2018-01-09",54.0,45.095983155005186,0.6666666666666666,-0.16666666666666666,False
fold_01,rolling_7d,paired,present_shrunk20_direction_scale_cv,near->outer,,,1.05,3,"2018-01-07,2018-01-08,2018-01-09",57.0,46.5750396288587,0.6666666666666666,-0.16666666666666666,False
fold_01,rolling_7d,paired,present_shrunk20_direction_scale_cv,outer->core,,,0.7,3,"2018-01-07,2018-01-08,2018-01-09",15.0,12.763946006509228,0.25,-0.25,False
fold_01,rolling_7d,paired,present_shrunk20_direction_scale_cv,outer->core,,,0.75,3,"2018-01-07,2018-01-08,2018-01-09",15.0,12.715952228216217,0.25,-0.25,False
fold_01,rolling_7d,paired,present_shrunk20_direction_scale_cv,outer->core,,,0.8,3,"2018-01-07,2018-01-08,2018-01-09",15.0,12.682855031803097,0.25,-0.25,False
fold_01,rolling_7d,paired,present_shrunk20_direction_scale_cv,outer->core,,,0.85,3,"2018-01-07,2018-01-08,2018-01-09",16.0,12.66465441726987,0.2916666666666667,-0.20833333333333334,False
fold_01,rolling_7d,paired,present_shrunk20_direction_scale_cv,outer->core,,,0.9,3,"2018-01-07,2018-01-08,2018-01-09",16.0,12.661350384616535,0.2916666666666667,-0.20833333333333334,False
fold_01,rolling_7d,paired,present_shrunk20_direction_scale_cv,outer->core,,,0.95,3,"2018-01-07,2018-01-08,2018-01-09",15.0,12.67294293384309,0.2916666666666667,-0.20833333333333334,False
fold_01,rolling_7d,paired,present_shrunk20_direction_scale_cv,outer->core,,,1.0,3,"2018-01-07,2018-01-08,2018-01-09",14.0,12.69943206494954,0.2916666666666667,-0.20833333333333334,True
fold_01,rolling_7d,paired,present_shrunk20_direction_scale_cv,outer->core,,,1.05,3,"2018-01-07,2018-01-08,2018-01-09",15.0,12.740817777935877,0.2916666666666667,-0.20833333333333334,False
fold_01,rolling_7d,paired,present_shrunk20_direction_scale_cv,outer->near,,,0.7,3,"2018-01-07,2018-01-08,2018-01-09",60.0,49.29588454907153,0.5416666666666666,-0.20833333333333334,False
fold_01,rolling_7d,paired,present_shrunk20_direction_scale_cv,outer->near,,,0.75,3,"2018-01-07,2018-01-08,2018-01-09",63.0,48.83860890598807,0.6666666666666666,-0.08333333333333333,False
fold_01,rolling_7d,paired,present_shrunk20_direction_scale_cv,outer->near,,,0.8,3,"2018-01-07,2018-01-08,2018-01-09",61.0,48.47944999097854,0.6666666666666666,-0.08333333333333333,False
fold_01,rolling_7d,paired,present_shrunk20_direction_scale_cv,outer->near,,,0.85,3,"2018-01-07,2018-01-08,2018-01-09",61.0,48.21840780404288,0.625,-0.041666666666666664,False
fold_01,rolling_7d,paired,present_shrunk20_direction_scale_cv,outer->near,,,0.9,3,"2018-01-07,2018-01-08,2018-01-09",62.0,48.05548234518115,0.625,-0.041666666666666664,False
fold_01,rolling_7d,paired,present_shrunk20_direction_scale_cv,outer->near,,,0.95,3,"2018-01-07,2018-01-08,2018-01-09",62.0,47.9906736143933,0.625,-0.041666666666666664,False
fold_01,rolling_7d,paired,present_shrunk20_direction_scale_cv,outer->near,,,1.0,3,"2018-01-07,2018-01-08,2018-01-09",53.0,48.02398161167938,0.625,0.041666666666666664,True
fold_01,rolling_7d,paired,present_shrunk20_direction_scale_cv,outer->near,,,1.05,3,"2018-01-07,2018-01-08,2018-01-09",53.0,48.15540633703935,0.625,0.041666666666666664,False
fold_02,rolling_7d,independent,pair_hour_hier_tau_cv,all,0.0,,,4,"2018-01-07,2018-01-08,2018-01-09,2018-01-10",673.0,607.9569975119678,0.5989583333333333,-0.043402777777777776,False
fold_02,rolling_7d,independent,pair_hour_hier_tau_cv,all,5.0,,,4,"2018-01-07,2018-01-08,2018-01-09,2018-01-10",590.0,532.2829239738841,0.5798611111111112,-0.06944444444444445,False
fold_02,rolling_7d,independent,pair_hour_hier_tau_cv,all,10.0,,,4,"2018-01-07,2018-01-08,2018-01-09,2018-01-10",579.0,518.3185387734965,0.5815972222222222,-0.078125,False
fold_02,rolling_7d,independent,pair_hour_hier_tau_cv,all,20.0,,,4,"2018-01-07,2018-01-08,2018-01-09,2018-01-10",553.0,514.498901401333,0.5538194444444445,-0.11631944444444445,False
fold_02,rolling_7d,independent,pair_hour_hier_tau_cv,all,50.0,,,4,"2018-01-07,2018-01-08,2018-01-09,2018-01-10",549.0,518.2231810426978,0.5364583333333334,-0.1753472222222222,True
fold_02,rolling_7d,independent,pair_hour_hier_tau_cv,all,100.0,,,4,"2018-01-07,2018-01-08,2018-01-09,2018-01-10",554.0,521.8940972589454,0.5277777777777778,-0.2048611111111111,False
fold_02,rolling_7d,paired,pair_hour_hier_tau_cv,all,0.0,,,4,"2018-01-07,2018-01-08,2018-01-09,2018-01-10",685.0,607.9569975119678,0.6267361111111112,0.005208333333333333,False
fold_02,rolling_7d,paired,pair_hour_hier_tau_cv,all,5.0,,,4,"2018-01-07,2018-01-08,2018-01-09,2018-01-10",583.0,532.2829239738841,0.6024305555555556,0.019097222222222224,False
fold_02,rolling_7d,paired,pair_hour_hier_tau_cv,all,10.0,,,4,"2018-01-07,2018-01-08,2018-01-09,2018-01-10",562.0,518.3185387734965,0.5972222222222222,0.013888888888888888,True
fold_02,rolling_7d,paired,pair_hour_hier_tau_cv,all,20.0,,,4,"2018-01-07,2018-01-08,2018-01-09,2018-01-10",577.0,514.498901401333,0.609375,-0.0052083333333333304,False
fold_02,rolling_7d,paired,pair_hour_hier_tau_cv,all,50.0,,,4,"2018-01-07,2018-01-08,2018-01-09,2018-01-10",592.0,518.2231810426978,0.6458333333333333,0.020833333333333336,False
fold_02,rolling_7d,paired,pair_hour_hier_tau_cv,all,100.0,,,4,"2018-01-07,2018-01-08,2018-01-09,2018-01-10",594.0,521.8940972589454,0.6458333333333333,0.0,False
fold_02,rolling_7d,independent,pair_hour_hier_tau_scale_cv,all,0.0,,0.7,4,"2018-01-07,2018-01-08,2018-01-09,2018-01-10",635.0,571.4259287808643,0.5399305555555556,-0.24131944444444445,False
fold_02,rolling_7d,independent,pair_hour_hier_tau_scale_cv,all,0.0,,0.75,4,"2018-01-07,2018-01-08,2018-01-09,2018-01-10",655.0,572.1784896719105,0.5607638888888888,-0.21006944444444448,False
fold_02,rolling_7d,independent,pair_hour_hier_tau_scale_cv,all,0.0,,0.8,4,"2018-01-07,2018-01-08,2018-01-09,2018-01-10",647.0,575.0654307886118,0.5711805555555556,-0.171875,False
fold_02,rolling_7d,independent,pair_hour_hier_tau_scale_cv,all,0.0,,0.85,4,"2018-01-07,2018-01-08,2018-01-09,2018-01-10",652.0,580.0867521309681,0.5833333333333335,-0.1284722222222222,False
fold_02,rolling_7d,independent,pair_hour_hier_tau_scale_cv,all,0.0,,0.9,4,"2018-01-07,2018-01-08,2018-01-09,2018-01-10",650.0,587.2424536989795,0.5833333333333334,-0.09027777777777778,False
fold_02,rolling_7d,independent,pair_hour_hier_tau_scale_cv,all,0.0,,0.95,4,"2018-01-07,2018-01-08,2018-01-09,2018-01-10",664.0,596.5325354926462,0.59375,-0.06249999999999999,False
fold_02,rolling_7d,independent,pair_hour_hier_tau_scale_cv,all,0.0,,1.0,4,"2018-01-07,2018-01-08,2018-01-09,2018-01-10",673.0,607.9569975119678,0.5989583333333333,-0.043402777777777776,False
fold_02,rolling_7d,independent,pair_hour_hier_tau_scale_cv,all,0.0,,1.05,4,"2018-01-07,2018-01-08,2018-01-09,2018-01-10",665.0,621.5158397569444,0.6024305555555556,0.005208333333333336,False
fold_02,rolling_7d,independent,pair_hour_hier_tau_scale_cv,all,5.0,,0.7,4,"2018-01-07,2018-01-08,2018-01-09,2018-01-10",579.0,541.7953487053014,0.515625,-0.22395833333333334,False
fold_02,rolling_7d,independent,pair_hour_hier_tau_scale_cv,all,5.0,,0.75,4,"2018-01-07,2018-01-08,2018-01-09,2018-01-10",559.0,536.2633554121833,0.5121527777777778,-0.19618055555555555,False
fold_02,rolling_7d,independent,pair_hour_hier_tau_scale_cv,all,5.0,,0.8,4,"2018-01-07,2018-01-08,2018-01-09,2018-01-10",564.0,532.3099977875512,0.5277777777777777,-0.1701388888888889,False
fold_02,rolling_7d,independent,pair_hour_hier_tau_scale_cv,all,5.0,,0.85,4,"2018-01-07,2018-01-08,2018-01-09,2018-01-10",576.0,529.9352758314052,0.5451388888888888,-0.14930555555555555,False
fold_02,rolling_7d,independent,pair_hour_hier_tau_scale_cv,all,5.0,,0.9,4,"2018-01-07,2018-01-08,2018-01-09,2018-01-10",578.0,529.1391895437453,0.5590277777777778,-0.12152777777777779,False
fold_02,rolling_7d,independent,pair_hour_hier_tau_scale_cv,all,5.0,,0.95,4,"2018-01-07,2018-01-08,2018-01-09,2018-01-10",588.0,529.9217389245716,0.5694444444444444,-0.10069444444444445,False
fold_02,rolling_7d,independent,pair_hour_hier_tau_scale_cv,all,5.0,,1.0,4,"2018-01-07,2018-01-08,2018-01-09,2018-01-10",590.0,532.2829239738841,0.5798611111111112,-0.06944444444444445,False
fold_02,rolling_7d,independent,pair_hour_hier_tau_scale_cv,all,5.0,,1.05,4,"2018-01-07,2018-01-08,2018-01-09,2018-01-10",600.0,536.2227446916825,0.59375,-0.027777777777777783,False
fold_02,rolling_7d,independent,pair_hour_hier_tau_scale_cv,all,10.0,,0.7,4,"2018-01-07,2018-01-08,2018-01-09,2018-01-10",557.0,538.1970545026629,0.515625,-0.22395833333333331,False
fold_02,rolling_7d,independent,pair_hour_hier_tau_scale_cv,all,10.0,,0.75,4,"2018-01-07,2018-01-08,2018-01-09,2018-01-10",557.0,531.3050445812075,0.5260416666666666,-0.1996527777777778,False
fold_02,rolling_7d,independent,pair_hour_hier_tau_scale_cv,all,10.0,,0.8,4,"2018-01-07,2018-01-08,2018-01-09,2018-01-10",558.0,525.8446042463897,0.5381944444444444,-0.16319444444444445,False
fold_02,rolling_7d,independent,pair_hour_hier_tau_scale_cv,all,10.0,,0.85,4,"2018-01-07,2018-01-08,2018-01-09,2018-01-10",560.0,521.81573349821,0.5451388888888888,-0.1423611111111111,False
fold_02,rolling_7d,independent,pair_hour_hier_tau_scale_cv,all,10.0,,0.9,4,"2018-01-07,2018-01-08,2018-01-09,2018-01-10",554.0,519.2184323366678,0.548611111111111,-0.125,False
fold_02,rolling_7d,independent,pair_hour_hier_tau_scale_cv,all,10.0,,0.95,4,"2018-01-07,2018-01-08,2018-01-09,2018-01-10",565.0,518.0527007617634,0.5642361111111112,-0.09895833333333334,False
fold_02,rolling_7d,independent,pair_hour_hier_tau_scale_cv,all,10.0,,1.0,4,"2018-01-07,2018-01-08,2018-01-09,2018-01-10",579.0,518.3185387734965,0.5815972222222222,-0.078125,False
fold_02,rolling_7d,independent,pair_hour_hier_tau_scale_cv,all,10.0,,1.05,4,"2018-01-07,2018-01-08,2018-01-09,2018-01-10",586.0,520.0159463718676,0.5902777777777778,-0.052083333333333336,False
fold_02,rolling_7d,independent,pair_hour_hier_tau_scale_cv,all,20.0,,0.7,4,"2018-01-07,2018-01-08,2018-01-09,2018-01-10",554.0,539.3126249480695,0.5277777777777778,-0.20833333333333337,False
fold_02,rolling_7d,independent,pair_hour_hier_tau_scale_cv,all,20.0,,0.75,4,"2018-01-07,2018-01-08,2018-01-09,2018-01-10",554.0,531.8236349502286,0.53125,-0.19791666666666666,False
fold_02,rolling_7d,independent,pair_hour_hier_tau_scale_cv,all,20.0,,0.8,4,"2018-01-07,2018-01-08,2018-01-09,2018-01-10",557.0,525.6759927150752,0.5364583333333333,-0.19270833333333334,False
fold_02,rolling_7d,independent,pair_hour_hier_tau_scale_cv,all,20.0,,0.85,4,"2018-01-07,2018-01-08,2018-01-09,2018-01-10",550.0,520.8696982426087,0.5381944444444444,-0.1736111111111111,False
fold_02,rolling_7d,independent,pair_hour_hier_tau_scale_cv,all,20.0,,0.9,4,"2018-01-07,2018-01-08,2018-01-09,2018-01-10",552.0,517.4047515328296,0.5416666666666667,-0.1597222222222222,False
fold_02,rolling_7d,independent,pair_hour_hier_tau_scale_cv,all,20.0,,0.95,4,"2018-01-07,2018-01-08,2018-01-09,2018-01-10",554.0,515.2811525857377,0.5451388888888888,-0.14583333333333331,False
fold_02,rolling_7d,independent,pair_hour_hier_tau_scale_cv,all,20.0,,1.0,4,"2018-01-07,2018-01-08,2018-01-09,2018-01-10",553.0,514.498901401333,0.5538194444444445,-0.11631944444444445,False
fold_02,rolling_7d,independent,pair_hour_hier_tau_scale_cv,all,20.0,,1.05,4,"2018-01-07,2018-01-08,2018-01-09,2018-01-10",557.0,515.0579979796156,0.5572916666666667,-0.09895833333333334,False
fold_02,rolling_7d,independent,pair_hour_hier_tau_scale_cv,all,50.0,,0.7,4,"2018-01-07,2018-01-08,2018-01-09,2018-01-10",555.0,543.902669568575,0.529513888888889,-0.21006944444444448,False
fold_02,rolling_7d,independent,pair_hour_hier_tau_scale_cv,all,50.0,,0.75,4,"2018-01-07,2018-01-08,2018-01-09,2018-01-10",555.0,536.3874240308506,0.529513888888889,-0.21006944444444448,False
fold_02,rolling_7d,independent,pair_hour_hier_tau_scale_cv,all,50.0,,0.8,4,"2018-01-07,2018-01-08,2018-01-09,2018-01-10",555.0,530.1663108064909,0.529513888888889,-0.21006944444444448,False
fold_02,rolling_7d,independent,pair_hour_hier_tau_scale_cv,all,50.0,,0.85,4,"2018-01-07,2018-01-08,2018-01-09,2018-01-10",555.0,525.2393298954956,0.529513888888889,-0.21006944444444448,False
fold_02,rolling_7d,independent,pair_hour_hier_tau_scale_cv,all,50.0,,0.9,4,"2018-01-07,2018-01-08,2018-01-09,2018-01-10",553.0,521.6064812978651,0.5260416666666666,-0.2065972222222222,False
fold_02,rolling_7d,independent,pair_hour_hier_tau_scale_cv,all,50.0,,0.95,4,"2018-01-07,2018-01-08,2018-01-09,2018-01-10",553.0,519.2677650135992,0.5295138888888888,-0.19270833333333334,False
fold_02,rolling_7d,independent,pair_hour_hier_tau_scale_cv,all,50.0,,1.0,4,"2018-01-07,2018-01-08,2018-01-09,2018-01-10",549.0,518.2231810426978,0.5364583333333334,-0.1753472222222222,False
fold_02,rolling_7d,independent,pair_hour_hier_tau_scale_cv,all,50.0,,1.05,4,"2018-01-07,2018-01-08,2018-01-09,2018-01-10",550.0,518.4727293851611,0.5451388888888888,-0.1527777777777778,False
fold_02,rolling_7d,independent,pair_hour_hier_tau_scale_cv,all,100.0,,0.7,4,"2018-01-07,2018-01-08,2018-01-09,2018-01-10",555.0,546.8927423645806,0.529513888888889,-0.21006944444444448,False
fold_02,rolling_7d,independent,pair_hour_hier_tau_scale_cv,all,100.0,,0.75,4,"2018-01-07,2018-01-08,2018-01-09,2018-01-10",555.0,539.515996411458,0.529513888888889,-0.21006944444444448,False
fold_02,rolling_7d,independent,pair_hour_hier_tau_scale_cv,all,100.0,,0.8,4,"2018-01-07,2018-01-08,2018-01-09,2018-01-10",555.0,533.4233724992088,0.529513888888889,-0.21006944444444448,False
fold_02,rolling_7d,independent,pair_hour_hier_tau_scale_cv,all,100.0,,0.85,4,"2018-01-07,2018-01-08,2018-01-09,2018-01-10",555.0,528.6148706278328,0.529513888888889,-0.21006944444444448,False
fold_02,rolling_7d,independent,pair_hour_hier_tau_scale_cv,all,100.0,,0.9,4,"2018-01-07,2018-01-08,2018-01-09,2018-01-10",555.0,525.0904907973304,0.529513888888889,-0.21006944444444448,False
fold_02,rolling_7d,independent,pair_hour_hier_tau_scale_cv,all,100.0,,0.95,4,"2018-01-07,2018-01-08,2018-01-09,2018-01-10",555.0,522.8502330077011,0.529513888888889,-0.21006944444444448,False
fold_02,rolling_7d,independent,pair_hour_hier_tau_scale_cv,all,100.0,,1.0,4,"2018-01-07,2018-01-08,2018-01-09,2018-01-10",554.0,521.8940972589454,0.5277777777777778,-0.2048611111111111,False
fold_02,rolling_7d,independent,pair_hour_hier_tau_scale_cv,all,100.0,,1.05,4,"2018-01-07,2018-01-08,2018-01-09,2018-01-10",548.0,522.222083551063,0.53125,-0.1840277777777778,True
fold_02,rolling_7d,paired,pair_hour_hier_tau_scale_cv,all,0.0,,0.7,4,"2018-01-07,2018-01-08,2018-01-09,2018-01-10",609.0,571.4259287808643,0.5295138888888888,-0.1857638888888889,False
fold_02,rolling_7d,paired,pair_hour_hier_tau_scale_cv,all,0.0,,0.75,4,"2018-01-07,2018-01-08,2018-01-09,2018-01-10",617.0,572.1784896719105,0.546875,-0.14756944444444445,False
fold_02,rolling_7d,paired,pair_hour_hier_tau_scale_cv,all,0.0,,0.8,4,"2018-01-07,2018-01-08,2018-01-09,2018-01-10",627.0,575.0654307886118,0.5572916666666667,-0.11631944444444445,False
fold_02,rolling_7d,paired,pair_hour_hier_tau_scale_cv,all,0.0,,0.85,4,"2018-01-07,2018-01-08,2018-01-09,2018-01-10",627.0,580.0867521309681,0.5677083333333333,-0.08159722222222222,False
fold_02,rolling_7d,paired,pair_hour_hier_tau_scale_cv,all,0.0,,0.9,4,"2018-01-07,2018-01-08,2018-01-09,2018-01-10",649.0,587.2424536989795,0.5885416666666666,-0.046875,False
fold_02,rolling_7d,paired,pair_hour_hier_tau_scale_cv,all,0.0,,0.95,4,"2018-01-07,2018-01-08,2018-01-09,2018-01-10",656.0,596.5325354926462,0.6041666666666667,-0.024305555555555556,False
fold_02,rolling_7d,paired,pair_hour_hier_tau_scale_cv,all,0.0,,1.0,4,"2018-01-07,2018-01-08,2018-01-09,2018-01-10",685.0,607.9569975119678,0.6267361111111112,0.005208333333333333,False
fold_02,rolling_7d,paired,pair_hour_hier_tau_scale_cv,all,0.0,,1.05,4,"2018-01-07,2018-01-08,2018-01-09,2018-01-10",683.0,621.5158397569444,0.6336805555555556,0.03645833333333333,False
fold_02,rolling_7d,paired,pair_hour_hier_tau_scale_cv,all,5.0,,0.7,4,"2018-01-07,2018-01-08,2018-01-09,2018-01-10",555.0,541.7953487053014,0.5190972222222223,-0.171875,False
fold_02,rolling_7d,paired,pair_hour_hier_tau_scale_cv,all,5.0,,0.75,4,"2018-01-07,2018-01-08,2018-01-09,2018-01-10",566.0,536.2633554121833,0.5381944444444444,-0.14930555555555555,False
fold_02,rolling_7d,paired,pair_hour_hier_tau_scale_cv,all,5.0,,0.8,4,"2018-01-07,2018-01-08,2018-01-09,2018-01-10",575.0,532.3099977875512,0.5503472222222222,-0.11284722222222222,False
fold_02,rolling_7d,paired,pair_hour_hier_tau_scale_cv,all,5.0,,0.85,4,"2018-01-07,2018-01-08,2018-01-09,2018-01-10",567.0,529.9352758314052,0.564236111111111,-0.078125,False
fold_02,rolling_7d,paired,pair_hour_hier_tau_scale_cv,all,5.0,,0.9,4,"2018-01-07,2018-01-08,2018-01-09,2018-01-10",562.0,529.1391895437453,0.5659722222222222,-0.03819444444444445,False
fold_02,rolling_7d,paired,pair_hour_hier_tau_scale_cv,all,5.0,,0.95,4,"2018-01-07,2018-01-08,2018-01-09,2018-01-10",559.0,529.9217389245716,0.5746527777777778,-0.015624999999999998,False
fold_02,rolling_7d,paired,pair_hour_hier_tau_scale_cv,all,5.0,,1.0,4,"2018-01-07,2018-01-08,2018-01-09,2018-01-10",583.0,532.2829239738841,0.6024305555555556,0.019097222222222224,False
fold_02,rolling_7d,paired,pair_hour_hier_tau_scale_cv,all,5.0,,1.05,4,"2018-01-07,2018-01-08,2018-01-09,2018-01-10",602.0,536.2227446916825,0.6180555555555556,0.034722222222222224,False
fold_02,rolling_7d,paired,pair_hour_hier_tau_scale_cv,all,10.0,,0.7,4,"2018-01-07,2018-01-08,2018-01-09,2018-01-10",555.0,538.1970545026629,0.5364583333333333,-0.1545138888888889,False
fold_02,rolling_7d,paired,pair_hour_hier_tau_scale_cv,all,10.0,,0.75,4,"2018-01-07,2018-01-08,2018-01-09,2018-01-10",561.0,531.3050445812075,0.546875,-0.13368055555555555,False
fold_02,rolling_7d,paired,pair_hour_hier_tau_scale_cv,all,10.0,,0.8,4,"2018-01-07,2018-01-08,2018-01-09,2018-01-10",556.0,525.8446042463897,0.5555555555555556,-0.10069444444444445,False
fold_02,rolling_7d,paired,pair_hour_hier_tau_scale_cv,all,10.0,,0.85,4,"2018-01-07,2018-01-08,2018-01-09,2018-01-10",571.0,521.81573349821,0.5746527777777778,-0.08159722222222221,False
fold_02,rolling_7d,paired,pair_hour_hier_tau_scale_cv,all,10.0,,0.9,4,"2018-01-07,2018-01-08,2018-01-09,2018-01-10",578.0,519.2184323366678,0.5868055555555556,-0.059027777777777776,False
fold_02,rolling_7d,paired,pair_hour_hier_tau_scale_cv,all,10.0,,0.95,4,"2018-01-07,2018-01-08,2018-01-09,2018-01-10",565.0,518.0527007617634,0.5850694444444444,-0.02256944444444444,False
fold_02,rolling_7d,paired,pair_hour_hier_tau_scale_cv,all,10.0,,1.0,4,"2018-01-07,2018-01-08,2018-01-09,2018-01-10",562.0,518.3185387734965,0.5972222222222222,0.013888888888888888,False
fold_02,rolling_7d,paired,pair_hour_hier_tau_scale_cv,all,10.0,,1.05,4,"2018-01-07,2018-01-08,2018-01-09,2018-01-10",574.0,520.0159463718676,0.6076388888888888,0.03472222222222223,False
fold_02,rolling_7d,paired,pair_hour_hier_tau_scale_cv,all,20.0,,0.7,4,"2018-01-07,2018-01-08,2018-01-09,2018-01-10",548.0,539.3126249480695,0.5347222222222222,-0.1701388888888889,False
fold_02,rolling_7d,paired,pair_hour_hier_tau_scale_cv,all,20.0,,0.75,4,"2018-01-07,2018-01-08,2018-01-09,2018-01-10",537.0,531.8236349502286,0.5295138888888888,-0.14756944444444442,True
fold_02,rolling_7d,paired,pair_hour_hier_tau_scale_cv,all,20.0,,0.8,4,"2018-01-07,2018-01-08,2018-01-09,2018-01-10",555.0,525.6759927150752,0.5538194444444444,-0.11979166666666667,False
fold_02,rolling_7d,paired,pair_hour_hier_tau_scale_cv,all,20.0,,0.85,4,"2018-01-07,2018-01-08,2018-01-09,2018-01-10",565.0,520.8696982426087,0.5711805555555556,-0.0954861111111111,False
fold_02,rolling_7d,paired,pair_hour_hier_tau_scale_cv,all,20.0,,0.9,4,"2018-01-07,2018-01-08,2018-01-09,2018-01-10",565.0,517.4047515328296,0.5885416666666666,-0.060763888888888895,False
fold_02,rolling_7d,paired,pair_hour_hier_tau_scale_cv,all,20.0,,0.95,4,"2018-01-07,2018-01-08,2018-01-09,2018-01-10",570.0,515.2811525857377,0.5972222222222222,-0.03819444444444445,False
fold_02,rolling_7d,paired,pair_hour_hier_tau_scale_cv,all,20.0,,1.0,4,"2018-01-07,2018-01-08,2018-01-09,2018-01-10",577.0,514.498901401333,0.609375,-0.0052083333333333304,False
fold_02,rolling_7d,paired,pair_hour_hier_tau_scale_cv,all,20.0,,1.05,4,"2018-01-07,2018-01-08,2018-01-09,2018-01-10",595.0,515.0579979796156,0.640625,0.046875,False
fold_02,rolling_7d,paired,pair_hour_hier_tau_scale_cv,all,50.0,,0.7,4,"2018-01-07,2018-01-08,2018-01-09,2018-01-10",556.0,543.902669568575,0.53125,-0.19444444444444445,False
fold_02,rolling_7d,paired,pair_hour_hier_tau_scale_cv,all,50.0,,0.75,4,"2018-01-07,2018-01-08,2018-01-09,2018-01-10",547.0,536.3874240308506,0.5295138888888888,-0.17881944444444442,False
fold_02,rolling_7d,paired,pair_hour_hier_tau_scale_cv,all,50.0,,0.8,4,"2018-01-07,2018-01-08,2018-01-09,2018-01-10",541.0,530.1663108064909,0.5295138888888888,-0.1545138888888889,False
fold_02,rolling_7d,paired,pair_hour_hier_tau_scale_cv,all,50.0,,0.85,4,"2018-01-07,2018-01-08,2018-01-09,2018-01-10",563.0,525.2393298954956,0.5711805555555556,-0.10590277777777778,False
fold_02,rolling_7d,paired,pair_hour_hier_tau_scale_cv,all,50.0,,0.9,4,"2018-01-07,2018-01-08,2018-01-09,2018-01-10",567.0,521.6064812978651,0.592013888888889,-0.07118055555555555,False
fold_02,rolling_7d,paired,pair_hour_hier_tau_scale_cv,all,50.0,,0.95,4,"2018-01-07,2018-01-08,2018-01-09,2018-01-10",582.0,519.2677650135992,0.6180555555555556,-0.027777777777777776,False
fold_02,rolling_7d,paired,pair_hour_hier_tau_scale_cv,all,50.0,,1.0,4,"2018-01-07,2018-01-08,2018-01-09,2018-01-10",592.0,518.2231810426978,0.6458333333333333,0.020833333333333336,False
fold_02,rolling_7d,paired,pair_hour_hier_tau_scale_cv,all,50.0,,1.05,4,"2018-01-07,2018-01-08,2018-01-09,2018-01-10",595.0,518.4727293851611,0.6579861111111112,0.05729166666666667,False
fold_02,rolling_7d,paired,pair_hour_hier_tau_scale_cv,all,100.0,,0.7,4,"2018-01-07,2018-01-08,2018-01-09,2018-01-10",555.0,546.8927423645806,0.529513888888889,-0.21006944444444448,False
fold_02,rolling_7d,paired,pair_hour_hier_tau_scale_cv,all,100.0,,0.75,4,"2018-01-07,2018-01-08,2018-01-09,2018-01-10",555.0,539.515996411458,0.5295138888888888,-0.19618055555555555,False
fold_02,rolling_7d,paired,pair_hour_hier_tau_scale_cv,all,100.0,,0.8,4,"2018-01-07,2018-01-08,2018-01-09,2018-01-10",549.0,533.4233724992088,0.5329861111111112,-0.171875,False
fold_02,rolling_7d,paired,pair_hour_hier_tau_scale_cv,all,100.0,,0.85,4,"2018-01-07,2018-01-08,2018-01-09,2018-01-10",566.0,528.6148706278328,0.5729166666666667,-0.10416666666666666,False
fold_02,rolling_7d,paired,pair_hour_hier_tau_scale_cv,all,100.0,,0.9,4,"2018-01-07,2018-01-08,2018-01-09,2018-01-10",576.0,525.0904907973304,0.6076388888888888,-0.052083333333333336,False
fold_02,rolling_7d,paired,pair_hour_hier_tau_scale_cv,all,100.0,,0.95,4,"2018-01-07,2018-01-08,2018-01-09,2018-01-10",584.0,522.8502330077011,0.625,-0.027777777777777776,False
fold_02,rolling_7d,paired,pair_hour_hier_tau_scale_cv,all,100.0,,1.0,4,"2018-01-07,2018-01-08,2018-01-09,2018-01-10",594.0,521.8940972589454,0.6458333333333333,0.0,False
fold_02,rolling_7d,paired,pair_hour_hier_tau_scale_cv,all,100.0,,1.05,4,"2018-01-07,2018-01-08,2018-01-09,2018-01-10",603.0,522.222083551063,0.671875,0.07118055555555555,False
fold_02,rolling_7d,independent,pair_hour_circular_cv,all,,raw,,4,"2018-01-07,2018-01-08,2018-01-09,2018-01-10",673.0,607.9569975119678,0.5989583333333333,-0.043402777777777776,False
fold_02,rolling_7d,independent,pair_hour_circular_cv,all,,triangular3,,4,"2018-01-07,2018-01-08,2018-01-09,2018-01-10",563.0,523.3893266762724,0.5572916666666666,-0.06770833333333333,True
fold_02,rolling_7d,independent,pair_hour_circular_cv,all,,triangular5,,4,"2018-01-07,2018-01-08,2018-01-09,2018-01-10",578.0,524.0918737169079,0.5798611111111112,-0.0625,False
fold_02,rolling_7d,paired,pair_hour_circular_cv,all,,raw,,4,"2018-01-07,2018-01-08,2018-01-09,2018-01-10",685.0,607.9569975119678,0.6267361111111112,0.005208333333333333,False
fold_02,rolling_7d,paired,pair_hour_circular_cv,all,,triangular3,,4,"2018-01-07,2018-01-08,2018-01-09,2018-01-10",575.0,523.3893266762724,0.5850694444444444,0.01215277777777778,True
fold_02,rolling_7d,paired,pair_hour_circular_cv,all,,triangular5,,4,"2018-01-07,2018-01-08,2018-01-09,2018-01-10",601.0,524.0918737169079,0.6302083333333333,0.03993055555555555,False
fold_02,rolling_7d,independent,pair_hour_circular_scale_cv,all,,raw,0.7,4,"2018-01-07,2018-01-08,2018-01-09,2018-01-10",635.0,571.4259287808643,0.5399305555555556,-0.24131944444444445,False
fold_02,rolling_7d,independent,pair_hour_circular_scale_cv,all,,raw,0.75,4,"2018-01-07,2018-01-08,2018-01-09,2018-01-10",655.0,572.1784896719105,0.5607638888888888,-0.21006944444444448,False
fold_02,rolling_7d,independent,pair_hour_circular_scale_cv,all,,raw,0.8,4,"2018-01-07,2018-01-08,2018-01-09,2018-01-10",647.0,575.0654307886118,0.5711805555555556,-0.171875,False
fold_02,rolling_7d,independent,pair_hour_circular_scale_cv,all,,raw,0.85,4,"2018-01-07,2018-01-08,2018-01-09,2018-01-10",652.0,580.0867521309681,0.5833333333333335,-0.1284722222222222,False
fold_02,rolling_7d,independent,pair_hour_circular_scale_cv,all,,raw,0.9,4,"2018-01-07,2018-01-08,2018-01-09,2018-01-10",650.0,587.2424536989795,0.5833333333333334,-0.09027777777777778,False
fold_02,rolling_7d,independent,pair_hour_circular_scale_cv,all,,raw,0.95,4,"2018-01-07,2018-01-08,2018-01-09,2018-01-10",664.0,596.5325354926462,0.59375,-0.06249999999999999,False
fold_02,rolling_7d,independent,pair_hour_circular_scale_cv,all,,raw,1.0,4,"2018-01-07,2018-01-08,2018-01-09,2018-01-10",673.0,607.9569975119678,0.5989583333333333,-0.043402777777777776,False
fold_02,rolling_7d,independent,pair_hour_circular_scale_cv,all,,raw,1.05,4,"2018-01-07,2018-01-08,2018-01-09,2018-01-10",665.0,621.5158397569444,0.6024305555555556,0.005208333333333336,False
fold_02,rolling_7d,independent,pair_hour_circular_scale_cv,all,,triangular3,0.7,4,"2018-01-07,2018-01-08,2018-01-09,2018-01-10",572.0,536.4706450713735,0.5034722222222222,-0.24652777777777773,False
fold_02,rolling_7d,independent,pair_hour_circular_scale_cv,all,,triangular3,0.75,4,"2018-01-07,2018-01-08,2018-01-09,2018-01-10",583.0,530.3974560768318,0.5190972222222222,-0.2170138888888889,False
fold_02,rolling_7d,independent,pair_hour_circular_scale_cv,all,,triangular3,0.8,4,"2018-01-07,2018-01-08,2018-01-09,2018-01-10",564.0,525.8814547871,0.5208333333333333,-0.1736111111111111,False
fold_02,rolling_7d,independent,pair_hour_circular_scale_cv,all,,triangular3,0.85,4,"2018-01-07,2018-01-08,2018-01-09,2018-01-10",573.0,522.9226412021782,0.5399305555555556,-0.13368055555555555,False
fold_02,rolling_7d,independent,pair_hour_circular_scale_cv,all,,triangular3,0.9,4,"2018-01-07,2018-01-08,2018-01-09,2018-01-10",554.0,521.5210153220663,0.5347222222222222,-0.1076388888888889,False
fold_02,rolling_7d,independent,pair_hour_circular_scale_cv,all,,triangular3,0.95,4,"2018-01-07,2018-01-08,2018-01-09,2018-01-10",562.0,521.6765771467644,0.5520833333333334,-0.07638888888888888,False
fold_02,rolling_7d,independent,pair_hour_circular_scale_cv,all,,triangular3,1.0,4,"2018-01-07,2018-01-08,2018-01-09,2018-01-10",563.0,523.3893266762724,0.5572916666666666,-0.06770833333333333,False
fold_02,rolling_7d,independent,pair_hour_circular_scale_cv,all,,triangular3,1.05,4,"2018-01-07,2018-01-08,2018-01-09,2018-01-10",576.0,526.6592639105903,0.5729166666666667,-0.024305555555555556,False
fold_02,rolling_7d,independent,pair_hour_circular_scale_cv,all,,triangular5,0.7,4,"2018-01-07,2018-01-08,2018-01-09,2018-01-10",562.0,542.7699440472109,0.4930555555555556,-0.2777777777777778,False
fold_02,rolling_7d,independent,pair_hour_circular_scale_cv,all,,triangular5,0.75,4,"2018-01-07,2018-01-08,2018-01-09,2018-01-10",563.0,536.1096485424803,0.5052083333333334,-0.25520833333333337,False
fold_02,rolling_7d,independent,pair_hour_circular_scale_cv,all,,triangular5,0.8,4,"2018-01-07,2018-01-08,2018-01-09,2018-01-10",548.0,530.868266550955,0.5104166666666666,-0.21180555555555558,True
fold_02,rolling_7d,independent,pair_hour_circular_scale_cv,all,,triangular5,0.85,4,"2018-01-07,2018-01-08,2018-01-09,2018-01-10",554.0,527.0457980726353,0.53125,-0.1597222222222222,False
fold_02,rolling_7d,independent,pair_hour_circular_scale_cv,all,,triangular5,0.9,4,"2018-01-07,2018-01-08,2018-01-09,2018-01-10",567.0,524.6422431075207,0.5538194444444444,-0.1267361111111111,False
fold_02,rolling_7d,independent,pair_hour_circular_scale_cv,all,,triangular5,0.95,4,"2018-01-07,2018-01-08,2018-01-09,2018-01-10",577.0,523.6576016556116,0.5746527777777778,-0.09201388888888888,False
fold_02,rolling_7d,independent,pair_hour_circular_scale_cv,all,,triangular5,1.0,4,"2018-01-07,2018-01-08,2018-01-09,2018-01-10",578.0,524.0918737169079,0.5798611111111112,-0.0625,False
fold_02,rolling_7d,independent,pair_hour_circular_scale_cv,all,,triangular5,1.05,4,"2018-01-07,2018-01-08,2018-01-09,2018-01-10",564.0,525.9450592914094,0.5833333333333333,-0.02430555555555556,False
fold_02,rolling_7d,paired,pair_hour_circular_scale_cv,all,,raw,0.7,4,"2018-01-07,2018-01-08,2018-01-09,2018-01-10",609.0,571.4259287808643,0.5295138888888888,-0.1857638888888889,False
fold_02,rolling_7d,paired,pair_hour_circular_scale_cv,all,,raw,0.75,4,"2018-01-07,2018-01-08,2018-01-09,2018-01-10",617.0,572.1784896719105,0.546875,-0.14756944444444445,False
fold_02,rolling_7d,paired,pair_hour_circular_scale_cv,all,,raw,0.8,4,"2018-01-07,2018-01-08,2018-01-09,2018-01-10",627.0,575.0654307886118,0.5572916666666667,-0.11631944444444445,False
fold_02,rolling_7d,paired,pair_hour_circular_scale_cv,all,,raw,0.85,4,"2018-01-07,2018-01-08,2018-01-09,2018-01-10",627.0,580.0867521309681,0.5677083333333333,-0.08159722222222222,False
fold_02,rolling_7d,paired,pair_hour_circular_scale_cv,all,,raw,0.9,4,"2018-01-07,2018-01-08,2018-01-09,2018-01-10",649.0,587.2424536989795,0.5885416666666666,-0.046875,False
fold_02,rolling_7d,paired,pair_hour_circular_scale_cv,all,,raw,0.95,4,"2018-01-07,2018-01-08,2018-01-09,2018-01-10",656.0,596.5325354926462,0.6041666666666667,-0.024305555555555556,False
fold_02,rolling_7d,paired,pair_hour_circular_scale_cv,all,,raw,1.0,4,"2018-01-07,2018-01-08,2018-01-09,2018-01-10",685.0,607.9569975119678,0.6267361111111112,0.005208333333333333,False
fold_02,rolling_7d,paired,pair_hour_circular_scale_cv,all,,raw,1.05,4,"2018-01-07,2018-01-08,2018-01-09,2018-01-10",683.0,621.5158397569444,0.6336805555555556,0.03645833333333333,False
fold_02,rolling_7d,paired,pair_hour_circular_scale_cv,all,,triangular3,0.7,4,"2018-01-07,2018-01-08,2018-01-09,2018-01-10",563.0,536.4706450713735,0.5364583333333334,-0.1579861111111111,False
fold_02,rolling_7d,paired,pair_hour_circular_scale_cv,all,,triangular3,0.75,4,"2018-01-07,2018-01-08,2018-01-09,2018-01-10",567.0,530.3974560768318,0.546875,-0.13715277777777776,False
fold_02,rolling_7d,paired,pair_hour_circular_scale_cv,all,,triangular3,0.8,4,"2018-01-07,2018-01-08,2018-01-09,2018-01-10",572.0,525.8814547871,0.5555555555555556,-0.10416666666666667,False
fold_02,rolling_7d,paired,pair_hour_circular_scale_cv,all,,triangular3,0.85,4,"2018-01-07,2018-01-08,2018-01-09,2018-01-10",575.0,522.9226412021782,0.5538194444444444,-0.08506944444444445,False
fold_02,rolling_7d,paired,pair_hour_circular_scale_cv,all,,triangular3,0.9,4,"2018-01-07,2018-01-08,2018-01-09,2018-01-10",565.0,521.5210153220663,0.5572916666666667,-0.046875,False
fold_02,rolling_7d,paired,pair_hour_circular_scale_cv,all,,triangular3,0.95,4,"2018-01-07,2018-01-08,2018-01-09,2018-01-10",572.0,521.6765771467644,0.5798611111111112,-0.013888888888888885,False
fold_02,rolling_7d,paired,pair_hour_circular_scale_cv,all,,triangular3,1.0,4,"2018-01-07,2018-01-08,2018-01-09,2018-01-10",575.0,523.3893266762724,0.5850694444444444,0.01215277777777778,False
fold_02,rolling_7d,paired,pair_hour_circular_scale_cv,all,,triangular3,1.05,4,"2018-01-07,2018-01-08,2018-01-09,2018-01-10",585.0,526.6592639105903,0.6059027777777778,0.046875,False
fold_02,rolling_7d,paired,pair_hour_circular_scale_cv,all,,triangular5,0.7,4,"2018-01-07,2018-01-08,2018-01-09,2018-01-10",537.0,542.7699440472109,0.5225694444444444,-0.16840277777777776,True
fold_02,rolling_7d,paired,pair_hour_circular_scale_cv,all,,triangular5,0.75,4,"2018-01-07,2018-01-08,2018-01-09,2018-01-10",547.0,536.1096485424803,0.546875,-0.11979166666666666,False
fold_02,rolling_7d,paired,pair_hour_circular_scale_cv,all,,triangular5,0.8,4,"2018-01-07,2018-01-08,2018-01-09,2018-01-10",558.0,530.868266550955,0.5729166666666666,-0.08333333333333334,False
fold_02,rolling_7d,paired,pair_hour_circular_scale_cv,all,,triangular5,0.85,4,"2018-01-07,2018-01-08,2018-01-09,2018-01-10",564.0,527.0457980726353,0.5833333333333334,-0.059027777777777776,False
fold_02,rolling_7d,paired,pair_hour_circular_scale_cv,all,,triangular5,0.9,4,"2018-01-07,2018-01-08,2018-01-09,2018-01-10",574.0,524.6422431075207,0.6006944444444444,-0.010416666666666666,False
fold_02,rolling_7d,paired,pair_hour_circular_scale_cv,all,,triangular5,0.95,4,"2018-01-07,2018-01-08,2018-01-09,2018-01-10",585.0,523.6576016556116,0.6163194444444445,0.015625,False
fold_02,rolling_7d,paired,pair_hour_circular_scale_cv,all,,triangular5,1.0,4,"2018-01-07,2018-01-08,2018-01-09,2018-01-10",601.0,524.0918737169079,0.6302083333333333,0.03993055555555555,False
fold_02,rolling_7d,paired,pair_hour_circular_scale_cv,all,,triangular5,1.05,4,"2018-01-07,2018-01-08,2018-01-09,2018-01-10",615.0,525.9450592914094,0.640625,0.05034722222222222,False
fold_02,rolling_7d,independent,present_shrunk20_scale_cv,all,,,0.7,4,"2018-01-07,2018-01-08,2018-01-09,2018-01-10",625.0,558.8247014132313,0.5364583333333333,-0.2378472222222222,False
fold_02,rolling_7d,independent,present_shrunk20_scale_cv,all,,,0.75,4,"2018-01-07,2018-01-08,2018-01-09,2018-01-10",624.0,556.9554821277372,0.5451388888888888,-0.20833333333333334,False
fold_02,rolling_7d,independent,present_shrunk20_scale_cv,all,,,0.8,4,"2018-01-07,2018-01-08,2018-01-09,2018-01-10",624.0,556.9910840669082,0.5555555555555556,-0.18055555555555555,False
fold_02,rolling_7d,independent,present_shrunk20_scale_cv,all,,,0.85,4,"2018-01-07,2018-01-08,2018-01-09,2018-01-10",635.0,558.9315072307445,0.564236111111111,-0.14756944444444445,False
fold_02,rolling_7d,independent,present_shrunk20_scale_cv,all,,,0.9,4,"2018-01-07,2018-01-08,2018-01-09,2018-01-10",616.0,562.776751619246,0.5659722222222222,-0.11458333333333333,True
fold_02,rolling_7d,independent,present_shrunk20_scale_cv,all,,,0.95,4,"2018-01-07,2018-01-08,2018-01-09,2018-01-10",630.0,568.5268172324128,0.5833333333333333,-0.0798611111111111,False
fold_02,rolling_7d,independent,present_shrunk20_scale_cv,all,,,1.0,4,"2018-01-07,2018-01-08,2018-01-09,2018-01-10",632.0,576.1817040702449,0.5798611111111112,-0.05902777777777778,False
fold_02,rolling_7d,independent,present_shrunk20_scale_cv,all,,,1.05,4,"2018-01-07,2018-01-08,2018-01-09,2018-01-10",637.0,585.7414121327421,0.5885416666666666,-0.02256944444444444,False
fold_02,rolling_7d,paired,present_shrunk20_scale_cv,all,,,0.7,4,"2018-01-07,2018-01-08,2018-01-09,2018-01-10",596.0,558.8247014132313,0.5208333333333333,-0.18055555555555555,True
fold_02,rolling_7d,paired,present_shrunk20_scale_cv,all,,,0.75,4,"2018-01-07,2018-01-08,2018-01-09,2018-01-10",597.0,556.9554821277372,0.5364583333333334,-0.1545138888888889,False
fold_02,rolling_7d,paired,present_shrunk20_scale_cv,all,,,0.8,4,"2018-01-07,2018-01-08,2018-01-09,2018-01-10",599.0,556.9910840669082,0.546875,-0.1267361111111111,False
fold_02,rolling_7d,paired,present_shrunk20_scale_cv,all,,,0.85,4,"2018-01-07,2018-01-08,2018-01-09,2018-01-10",598.0,558.9315072307445,0.5486111111111112,-0.08680555555555555,False
fold_02,rolling_7d,paired,present_shrunk20_scale_cv,all,,,0.9,4,"2018-01-07,2018-01-08,2018-01-09,2018-01-10",624.0,562.776751619246,0.576388888888889,-0.059027777777777776,False
fold_02,rolling_7d,paired,present_shrunk20_scale_cv,all,,,0.95,4,"2018-01-07,2018-01-08,2018-01-09,2018-01-10",626.0,568.5268172324128,0.5902777777777777,-0.024305555555555556,False
fold_02,rolling_7d,paired,present_shrunk20_scale_cv,all,,,1.0,4,"2018-01-07,2018-01-08,2018-01-09,2018-01-10",609.0,576.1817040702449,0.5885416666666667,0.0017361111111111101,False
fold_02,rolling_7d,paired,present_shrunk20_scale_cv,all,,,1.05,4,"2018-01-07,2018-01-08,2018-01-09,2018-01-10",632.0,585.7414121327421,0.6076388888888888,0.020833333333333336,False
fold_02,rolling_7d,independent,pair_hour_direction_scale_cv,core->near,,,0.7,4,"2018-01-07,2018-01-08,2018-01-09,2018-01-10",234.0,217.12064729938274,1.0,-0.75,True
fold_02,rolling_7d,independent,pair_hour_direction_scale_cv,core->near,,,0.75,4,"2018-01-07,2018-01-08,2018-01-09,2018-01-10",248.0,218.3493825290533,1.0416666666666667,-0.7083333333333334,False
fold_02,rolling_7d,independent,pair_hour_direction_scale_cv,core->near,,,0.8,4,"2018-01-07,2018-01-08,2018-01-09,2018-01-10",240.0,220.51222867220963,0.9583333333333334,-0.5416666666666666,False
fold_02,rolling_7d,independent,pair_hour_direction_scale_cv,core->near,,,0.85,4,"2018-01-07,2018-01-08,2018-01-09,2018-01-10",245.0,223.6091857288517,1.0,-0.4166666666666667,False
fold_02,rolling_7d,independent,pair_hour_direction_scale_cv,core->near,,,0.9,4,"2018-01-07,2018-01-08,2018-01-09,2018-01-10",251.0,227.64025369897956,0.9583333333333334,-0.375,False
fold_02,rolling_7d,independent,pair_hour_direction_scale_cv,core->near,,,0.95,4,"2018-01-07,2018-01-08,2018-01-09,2018-01-10",256.0,232.60543258259324,0.9166666666666666,-0.25,False
fold_02,rolling_7d,independent,pair_hour_direction_scale_cv,core->near,,,1.0,4,"2018-01-07,2018-01-08,2018-01-09,2018-01-10",261.0,238.50472237969262,0.875,-0.20833333333333334,False
fold_02,rolling_7d,independent,pair_hour_direction_scale_cv,core->near,,,1.05,4,"2018-01-07,2018-01-08,2018-01-09,2018-01-10",267.0,245.33812309027775,0.8333333333333334,-0.16666666666666666,False
fold_02,rolling_7d,independent,pair_hour_direction_scale_cv,core->outer,,,0.7,4,"2018-01-07,2018-01-08,2018-01-09,2018-01-10",35.0,30.231718055555557,0.2916666666666667,-0.20833333333333334,False
fold_02,rolling_7d,independent,pair_hour_direction_scale_cv,core->outer,,,0.75,4,"2018-01-07,2018-01-08,2018-01-09,2018-01-10",35.0,30.07318824404762,0.2916666666666667,-0.20833333333333334,False
fold_02,rolling_7d,independent,pair_hour_direction_scale_cv,core->outer,,,0.8,4,"2018-01-07,2018-01-08,2018-01-09,2018-01-10",36.0,29.95798095238095,0.3333333333333333,-0.16666666666666666,False
fold_02,rolling_7d,independent,pair_hour_direction_scale_cv,core->outer,,,0.85,4,"2018-01-07,2018-01-08,2018-01-09,2018-01-10",35.0,29.886096180555555,0.3333333333333333,-0.16666666666666666,False
fold_02,rolling_7d,independent,pair_hour_direction_scale_cv,core->outer,,,0.9,4,"2018-01-07,2018-01-08,2018-01-09,2018-01-10",35.0,29.857533928571428,0.3333333333333333,-0.16666666666666666,False
fold_02,rolling_7d,independent,pair_hour_direction_scale_cv,core->outer,,,0.95,4,"2018-01-07,2018-01-08,2018-01-09,2018-01-10",34.0,29.872294196428577,0.2916666666666667,-0.125,False
fold_02,rolling_7d,independent,pair_hour_direction_scale_cv,core->outer,,,1.0,4,"2018-01-07,2018-01-08,2018-01-09,2018-01-10",34.0,29.930376984126983,0.2916666666666667,-0.125,True
fold_02,rolling_7d,independent,pair_hour_direction_scale_cv,core->outer,,,1.05,4,"2018-01-07,2018-01-08,2018-01-09,2018-01-10",34.0,30.03178229166667,0.2916666666666667,-0.125,False
fold_02,rolling_7d,independent,pair_hour_direction_scale_cv,near->core,,,0.7,4,"2018-01-07,2018-01-08,2018-01-09,2018-01-10",228.0,208.25764861111116,1.0833333333333333,-0.5833333333333334,False
fold_02,rolling_7d,independent,pair_hour_direction_scale_cv,near->core,,,0.75,4,"2018-01-07,2018-01-08,2018-01-09,2018-01-10",232.0,206.61328709608844,1.125,-0.5416666666666666,False
fold_02,rolling_7d,independent,pair_hour_direction_scale_cv,near->core,,,0.8,4,"2018-01-07,2018-01-08,2018-01-09,2018-01-10",226.0,205.76627120181405,1.0833333333333333,-0.3333333333333333,False
fold_02,rolling_7d,independent,pair_hour_direction_scale_cv,near->core,,,0.85,4,"2018-01-07,2018-01-08,2018-01-09,2018-01-10",228.0,205.716600928288,1.0833333333333333,-0.3333333333333333,False
fold_02,rolling_7d,independent,pair_hour_direction_scale_cv,near->core,,,0.9,4,"2018-01-07,2018-01-08,2018-01-09,2018-01-10",213.0,206.4642762755102,1.0833333333333333,-0.3333333333333333,False
fold_02,rolling_7d,independent,pair_hour_direction_scale_cv,near->core,,,0.95,4,"2018-01-07,2018-01-08,2018-01-09,2018-01-10",222.0,208.00929724348075,1.2083333333333333,-0.20833333333333334,False
fold_02,rolling_7d,independent,pair_hour_direction_scale_cv,near->core,,,1.0,4,"2018-01-07,2018-01-08,2018-01-09,2018-01-10",220.0,210.35166383219956,1.2083333333333333,-0.20833333333333334,False
fold_02,rolling_7d,independent,pair_hour_direction_scale_cv,near->core,,,1.05,4,"2018-01-07,2018-01-08,2018-01-09,2018-01-10",212.0,213.49137604166665,1.2083333333333333,-0.20833333333333334,True
fold_02,rolling_7d,independent,pair_hour_direction_scale_cv,near->outer,,,0.7,4,"2018-01-07,2018-01-08,2018-01-09,2018-01-10",55.0,45.458765895061724,0.2916666666666667,-0.041666666666666664,True
fold_02,rolling_7d,independent,pair_hour_direction_scale_cv,near->outer,,,0.75,4,"2018-01-07,2018-01-08,2018-01-09,2018-01-10",56.0,46.78897445436508,0.2916666666666667,-0.041666666666666664,False
fold_02,rolling_7d,independent,pair_hour_direction_scale_cv,near->outer,,,0.8,4,"2018-01-07,2018-01-08,2018-01-09,2018-01-10",59.0,48.28265114638448,0.4166666666666667,0.08333333333333333,False
fold_02,rolling_7d,independent,pair_hour_direction_scale_cv,near->outer,,,0.85,4,"2018-01-07,2018-01-08,2018-01-09,2018-01-10",60.0,49.93979597111992,0.4166666666666667,0.08333333333333333,False
fold_02,rolling_7d,independent,pair_hour_direction_scale_cv,near->outer,,,0.9,4,"2018-01-07,2018-01-08,2018-01-09,2018-01-10",64.0,51.76040892857143,0.4166666666666667,0.08333333333333333,False
fold_02,rolling_7d,independent,pair_hour_direction_scale_cv,near->outer,,,0.95,4,"2018-01-07,2018-01-08,2018-01-09,2018-01-10",64.0,53.74449001873898,0.4166666666666667,0.16666666666666666,False
fold_02,rolling_7d,independent,pair_hour_direction_scale_cv,near->outer,,,1.0,4,"2018-01-07,2018-01-08,2018-01-09,2018-01-10",70.0,55.89203924162258,0.4166666666666667,0.16666666666666666,False
fold_02,rolling_7d,independent,pair_hour_direction_scale_cv,near->outer,,,1.05,4,"2018-01-07,2018-01-08,2018-01-09,2018-01-10",71.0,58.20305659722222,0.4166666666666667,0.16666666666666666,False
fold_02,rolling_7d,independent,pair_hour_direction_scale_cv,outer->core,,,0.7,4,"2018-01-07,2018-01-08,2018-01-09,2018-01-10",18.0,15.882957175925927,0.125,-0.125,False
fold_02,rolling_7d,independent,pair_hour_direction_scale_cv,outer->core,,,0.75,4,"2018-01-07,2018-01-08,2018-01-09,2018-01-10",18.0,15.944933832908163,0.125,-0.125,True
fold_02,rolling_7d,independent,pair_hour_direction_scale_cv,outer->core,,,0.8,4,"2018-01-07,2018-01-08,2018-01-09,2018-01-10",20.0,16.03533635676493,0.16666666666666666,-0.08333333333333333,False
fold_02,rolling_7d,independent,pair_hour_direction_scale_cv,outer->core,,,0.85,4,"2018-01-07,2018-01-08,2018-01-09,2018-01-10",20.0,16.15416474749622,0.16666666666666666,-0.08333333333333333,False
fold_02,rolling_7d,independent,pair_hour_direction_scale_cv,outer->core,,,0.9,4,"2018-01-07,2018-01-08,2018-01-09,2018-01-10",20.0,16.30141900510204,0.16666666666666666,-0.08333333333333333,False
fold_02,rolling_7d,independent,pair_hour_direction_scale_cv,outer->core,,,0.95,4,"2018-01-07,2018-01-08,2018-01-09,2018-01-10",21.0,16.47709912958239,0.20833333333333334,-0.041666666666666664,False
fold_02,rolling_7d,independent,pair_hour_direction_scale_cv,outer->core,,,1.0,4,"2018-01-07,2018-01-08,2018-01-09,2018-01-10",21.0,16.681205120937264,0.20833333333333334,-0.041666666666666664,False
fold_02,rolling_7d,independent,pair_hour_direction_scale_cv,outer->core,,,1.05,4,"2018-01-07,2018-01-08,2018-01-09,2018-01-10",22.0,16.913736979166668,0.20833333333333334,-0.041666666666666664,False
fold_02,rolling_7d,independent,pair_hour_direction_scale_cv,outer->near,,,0.7,4,"2018-01-07,2018-01-08,2018-01-09,2018-01-10",65.0,54.47419174382716,0.2916666666666667,0.041666666666666664,False
fold_02,rolling_7d,independent,pair_hour_direction_scale_cv,outer->near,,,0.75,4,"2018-01-07,2018-01-08,2018-01-09,2018-01-10",66.0,54.408723515447846,0.2916666666666667,0.041666666666666664,False
fold_02,rolling_7d,independent,pair_hour_direction_scale_cv,outer->near,,,0.8,4,"2018-01-07,2018-01-08,2018-01-09,2018-01-10",66.0,54.510962459057694,0.3333333333333333,0.08333333333333333,False
fold_02,rolling_7d,independent,pair_hour_direction_scale_cv,outer->near,,,0.85,4,"2018-01-07,2018-01-08,2018-01-09,2018-01-10",64.0,54.78090857465671,0.3333333333333333,0.08333333333333333,False
fold_02,rolling_7d,independent,pair_hour_direction_scale_cv,outer->near,,,0.9,4,"2018-01-07,2018-01-08,2018-01-09,2018-01-10",67.0,55.2185618622449,0.3333333333333333,0.08333333333333333,False
fold_02,rolling_7d,independent,pair_hour_direction_scale_cv,outer->near,,,0.95,4,"2018-01-07,2018-01-08,2018-01-09,2018-01-10",67.0,55.82392232182225,0.3333333333333333,0.16666666666666666,False
fold_02,rolling_7d,independent,pair_hour_direction_scale_cv,outer->near,,,1.0,4,"2018-01-07,2018-01-08,2018-01-09,2018-01-10",67.0,56.596989953388764,0.3333333333333333,0.16666666666666666,False
fold_02,rolling_7d,independent,pair_hour_direction_scale_cv,outer->near,,,1.05,4,"2018-01-07,2018-01-08,2018-01-09,2018-01-10",59.0,57.53776475694444,0.3333333333333333,0.16666666666666666,True
fold_02,rolling_7d,paired,pair_hour_direction_scale_cv,core->near,,,0.7,4,"2018-01-07,2018-01-08,2018-01-09,2018-01-10",218.0,217.12064729938274,0.9583333333333334,-0.5416666666666666,True
fold_02,rolling_7d,paired,pair_hour_direction_scale_cv,core->near,,,0.75,4,"2018-01-07,2018-01-08,2018-01-09,2018-01-10",223.0,218.3493825290533,0.875,-0.4583333333333333,False
fold_02,rolling_7d,paired,pair_hour_direction_scale_cv,core->near,,,0.8,4,"2018-01-07,2018-01-08,2018-01-09,2018-01-10",232.0,220.51222867220963,0.9583333333333334,-0.375,False
fold_02,rolling_7d,paired,pair_hour_direction_scale_cv,core->near,,,0.85,4,"2018-01-07,2018-01-08,2018-01-09,2018-01-10",245.0,223.6091857288517,0.9583333333333334,-0.375,False
fold_02,rolling_7d,paired,pair_hour_direction_scale_cv,core->near,,,0.9,4,"2018-01-07,2018-01-08,2018-01-09,2018-01-10",251.0,227.64025369897956,0.875,-0.2916666666666667,False
fold_02,rolling_7d,paired,pair_hour_direction_scale_cv,core->near,,,0.95,4,"2018-01-07,2018-01-08,2018-01-09,2018-01-10",247.0,232.60543258259324,0.9166666666666666,-0.25,False
fold_02,rolling_7d,paired,pair_hour_direction_scale_cv,core->near,,,1.0,4,"2018-01-07,2018-01-08,2018-01-09,2018-01-10",259.0,238.50472237969262,0.8333333333333334,-0.16666666666666666,False
fold_02,rolling_7d,paired,pair_hour_direction_scale_cv,core->near,,,1.05,4,"2018-01-07,2018-01-08,2018-01-09,2018-01-10",262.0,245.33812309027775,0.8333333333333334,-0.16666666666666666,False
fold_02,rolling_7d,paired,pair_hour_direction_scale_cv,core->outer,,,0.7,4,"2018-01-07,2018-01-08,2018-01-09,2018-01-10",36.0,30.231718055555557,0.3333333333333333,-0.16666666666666666,False
fold_02,rolling_7d,paired,pair_hour_direction_scale_cv,core->outer,,,0.75,4,"2018-01-07,2018-01-08,2018-01-09,2018-01-10",36.0,30.07318824404762,0.3333333333333333,-0.16666666666666666,False
fold_02,rolling_7d,paired,pair_hour_direction_scale_cv,core->outer,,,0.8,4,"2018-01-07,2018-01-08,2018-01-09,2018-01-10",36.0,29.95798095238095,0.3333333333333333,-0.16666666666666666,False
fold_02,rolling_7d,paired,pair_hour_direction_scale_cv,core->outer,,,0.85,4,"2018-01-07,2018-01-08,2018-01-09,2018-01-10",36.0,29.886096180555555,0.3333333333333333,-0.16666666666666666,False
fold_02,rolling_7d,paired,pair_hour_direction_scale_cv,core->outer,,,0.9,4,"2018-01-07,2018-01-08,2018-01-09,2018-01-10",36.0,29.857533928571428,0.3333333333333333,-0.16666666666666666,False
fold_02,rolling_7d,paired,pair_hour_direction_scale_cv,core->outer,,,0.95,4,"2018-01-07,2018-01-08,2018-01-09,2018-01-10",36.0,29.872294196428577,0.3333333333333333,-0.16666666666666666,False
fold_02,rolling_7d,paired,pair_hour_direction_scale_cv,core->outer,,,1.0,4,"2018-01-07,2018-01-08,2018-01-09,2018-01-10",38.0,29.930376984126983,0.3333333333333333,-0.16666666666666666,False
fold_02,rolling_7d,paired,pair_hour_direction_scale_cv,core->outer,,,1.05,4,"2018-01-07,2018-01-08,2018-01-09,2018-01-10",35.0,30.03178229166667,0.2916666666666667,-0.125,True
fold_02,rolling_7d,paired,pair_hour_direction_scale_cv,near->core,,,0.7,4,"2018-01-07,2018-01-08,2018-01-09,2018-01-10",220.0,208.25764861111116,1.0416666666666667,-0.5416666666666666,False
fold_02,rolling_7d,paired,pair_hour_direction_scale_cv,near->core,,,0.75,4,"2018-01-07,2018-01-08,2018-01-09,2018-01-10",228.0,206.61328709608844,1.0833333333333333,-0.4166666666666667,False
fold_02,rolling_7d,paired,pair_hour_direction_scale_cv,near->core,,,0.8,4,"2018-01-07,2018-01-08,2018-01-09,2018-01-10",216.0,205.76627120181405,1.1666666666666667,-0.3333333333333333,False
fold_02,rolling_7d,paired,pair_hour_direction_scale_cv,near->core,,,0.85,4,"2018-01-07,2018-01-08,2018-01-09,2018-01-10",214.0,205.716600928288,1.1666666666666667,-0.3333333333333333,False
fold_02,rolling_7d,paired,pair_hour_direction_scale_cv,near->core,,,0.9,4,"2018-01-07,2018-01-08,2018-01-09,2018-01-10",213.0,206.4642762755102,1.1666666666666667,-0.25,True
fold_02,rolling_7d,paired,pair_hour_direction_scale_cv,near->core,,,0.95,4,"2018-01-07,2018-01-08,2018-01-09,2018-01-10",221.0,208.00929724348075,1.2083333333333333,-0.20833333333333334,False
fold_02,rolling_7d,paired,pair_hour_direction_scale_cv,near->core,,,1.0,4,"2018-01-07,2018-01-08,2018-01-09,2018-01-10",225.0,210.35166383219956,1.2083333333333333,-0.125,False
fold_02,rolling_7d,paired,pair_hour_direction_scale_cv,near->core,,,1.05,4,"2018-01-07,2018-01-08,2018-01-09,2018-01-10",223.0,213.49137604166665,1.2083333333333333,-0.125,False
fold_02,rolling_7d,paired,pair_hour_direction_scale_cv,near->outer,,,0.7,4,"2018-01-07,2018-01-08,2018-01-09,2018-01-10",56.0,45.458765895061724,0.375,0.125,True
fold_02,rolling_7d,paired,pair_hour_direction_scale_cv,near->outer,,,0.75,4,"2018-01-07,2018-01-08,2018-01-09,2018-01-10",58.0,46.78897445436508,0.375,0.125,False
fold_02,rolling_7d,paired,pair_hour_direction_scale_cv,near->outer,,,0.8,4,"2018-01-07,2018-01-08,2018-01-09,2018-01-10",58.0,48.28265114638448,0.375,0.125,False
fold_02,rolling_7d,paired,pair_hour_direction_scale_cv,near->outer,,,0.85,4,"2018-01-07,2018-01-08,2018-01-09,2018-01-10",60.0,49.93979597111992,0.375,0.125,False
fold_02,rolling_7d,paired,pair_hour_direction_scale_cv,near->outer,,,0.9,4,"2018-01-07,2018-01-08,2018-01-09,2018-01-10",63.0,51.76040892857143,0.375,0.125,False
fold_02,rolling_7d,paired,pair_hour_direction_scale_cv,near->outer,,,0.95,4,"2018-01-07,2018-01-08,2018-01-09,2018-01-10",63.0,53.74449001873898,0.375,0.125,False
fold_02,rolling_7d,paired,pair_hour_direction_scale_cv,near->outer,,,1.0,4,"2018-01-07,2018-01-08,2018-01-09,2018-01-10",63.0,55.89203924162258,0.375,0.125,False
fold_02,rolling_7d,paired,pair_hour_direction_scale_cv,near->outer,,,1.05,4,"2018-01-07,2018-01-08,2018-01-09,2018-01-10",68.0,58.20305659722222,0.375,0.125,False
fold_02,rolling_7d,paired,pair_hour_direction_scale_cv,outer->core,,,0.7,4,"2018-01-07,2018-01-08,2018-01-09,2018-01-10",19.0,15.882957175925927,0.125,-0.125,False
fold_02,rolling_7d,paired,pair_hour_direction_scale_cv,outer->core,,,0.75,4,"2018-01-07,2018-01-08,2018-01-09,2018-01-10",20.0,15.944933832908163,0.125,-0.125,False
fold_02,rolling_7d,paired,pair_hour_direction_scale_cv,outer->core,,,0.8,4,"2018-01-07,2018-01-08,2018-01-09,2018-01-10",19.0,16.03533635676493,0.125,-0.125,False
fold_02,rolling_7d,paired,pair_hour_direction_scale_cv,outer->core,,,0.85,4,"2018-01-07,2018-01-08,2018-01-09,2018-01-10",17.0,16.15416474749622,0.125,-0.125,False
fold_02,rolling_7d,paired,pair_hour_direction_scale_cv,outer->core,,,0.9,4,"2018-01-07,2018-01-08,2018-01-09,2018-01-10",16.0,16.30141900510204,0.125,-0.125,True
fold_02,rolling_7d,paired,pair_hour_direction_scale_cv,outer->core,,,0.95,4,"2018-01-07,2018-01-08,2018-01-09,2018-01-10",18.0,16.47709912958239,0.20833333333333334,-0.041666666666666664,False
fold_02,rolling_7d,paired,pair_hour_direction_scale_cv,outer->core,,,1.0,4,"2018-01-07,2018-01-08,2018-01-09,2018-01-10",22.0,16.681205120937264,0.20833333333333334,-0.041666666666666664,False
fold_02,rolling_7d,paired,pair_hour_direction_scale_cv,outer->core,,,1.05,4,"2018-01-07,2018-01-08,2018-01-09,2018-01-10",22.0,16.913736979166668,0.20833333333333334,-0.041666666666666664,False
fold_02,rolling_7d,paired,pair_hour_direction_scale_cv,outer->near,,,0.7,4,"2018-01-07,2018-01-08,2018-01-09,2018-01-10",67.0,54.47419174382716,0.2916666666666667,0.041666666666666664,True
fold_02,rolling_7d,paired,pair_hour_direction_scale_cv,outer->near,,,0.75,4,"2018-01-07,2018-01-08,2018-01-09,2018-01-10",68.0,54.408723515447846,0.3333333333333333,0.08333333333333333,False
fold_02,rolling_7d,paired,pair_hour_direction_scale_cv,outer->near,,,0.8,4,"2018-01-07,2018-01-08,2018-01-09,2018-01-10",70.0,54.510962459057694,0.375,0.20833333333333334,False
fold_02,rolling_7d,paired,pair_hour_direction_scale_cv,outer->near,,,0.85,4,"2018-01-07,2018-01-08,2018-01-09,2018-01-10",71.0,54.78090857465671,0.4166666666666667,0.25,False
fold_02,rolling_7d,paired,pair_hour_direction_scale_cv,outer->near,,,0.9,4,"2018-01-07,2018-01-08,2018-01-09,2018-01-10",73.0,55.2185618622449,0.4583333333333333,0.2916666666666667,False
fold_02,rolling_7d,paired,pair_hour_direction_scale_cv,outer->near,,,0.95,4,"2018-01-07,2018-01-08,2018-01-09,2018-01-10",74.0,55.82392232182225,0.4583333333333333,0.2916666666666667,False
fold_02,rolling_7d,paired,pair_hour_direction_scale_cv,outer->near,,,1.0,4,"2018-01-07,2018-01-08,2018-01-09,2018-01-10",78.0,56.596989953388764,0.5,0.3333333333333333,False
fold_02,rolling_7d,paired,pair_hour_direction_scale_cv,outer->near,,,1.05,4,"2018-01-07,2018-01-08,2018-01-09,2018-01-10",73.0,57.53776475694444,0.5,0.3333333333333333,False
fold_02,rolling_7d,independent,present_shrunk20_direction_scale_cv,core->near,,,0.7,4,"2018-01-07,2018-01-08,2018-01-09,2018-01-10",227.0,208.24135344481732,1.0,-0.6666666666666666,True
fold_02,rolling_7d,independent,present_shrunk20_direction_scale_cv,core->near,,,0.75,4,"2018-01-07,2018-01-08,2018-01-09,2018-01-10",228.0,207.87363256632818,0.9166666666666666,-0.5833333333333334,False
fold_02,rolling_7d,independent,present_shrunk20_direction_scale_cv,core->near,,,0.8,4,"2018-01-07,2018-01-08,2018-01-09,2018-01-10",229.0,208.3117264902803,0.9166666666666666,-0.5,False
fold_02,rolling_7d,independent,present_shrunk20_direction_scale_cv,core->near,,,0.85,4,"2018-01-07,2018-01-08,2018-01-09,2018-01-10",234.0,209.5556352166737,0.9166666666666666,-0.4166666666666667,False
fold_02,rolling_7d,independent,present_shrunk20_direction_scale_cv,core->near,,,0.9,4,"2018-01-07,2018-01-08,2018-01-09,2018-01-10",235.0,211.60535874550834,0.9166666666666666,-0.3333333333333333,False
fold_02,rolling_7d,independent,present_shrunk20_direction_scale_cv,core->near,,,0.95,4,"2018-01-07,2018-01-08,2018-01-09,2018-01-10",243.0,214.4608970767843,0.9583333333333334,-0.2916666666666667,False
fold_02,rolling_7d,independent,present_shrunk20_direction_scale_cv,core->near,,,1.0,4,"2018-01-07,2018-01-08,2018-01-09,2018-01-10",241.0,218.1222502105016,0.9166666666666666,-0.25,False
fold_02,rolling_7d,independent,present_shrunk20_direction_scale_cv,core->near,,,1.05,4,"2018-01-07,2018-01-08,2018-01-09,2018-01-10",247.0,222.58941814666008,0.875,-0.20833333333333334,False
fold_02,rolling_7d,independent,present_shrunk20_direction_scale_cv,core->outer,,,0.7,4,"2018-01-07,2018-01-08,2018-01-09,2018-01-10",35.0,30.224835714738752,0.2916666666666667,-0.20833333333333334,False
fold_02,rolling_7d,independent,present_shrunk20_direction_scale_cv,core->outer,,,0.75,4,"2018-01-07,2018-01-08,2018-01-09,2018-01-10",35.0,30.001839005059626,0.2916666666666667,-0.20833333333333334,False
fold_02,rolling_7d,independent,present_shrunk20_direction_scale_cv,core->outer,,,0.8,4,"2018-01-07,2018-01-08,2018-01-09,2018-01-10",35.0,29.813634774901967,0.2916666666666667,-0.20833333333333334,False
fold_02,rolling_7d,independent,present_shrunk20_direction_scale_cv,core->outer,,,0.85,4,"2018-01-07,2018-01-08,2018-01-09,2018-01-10",35.0,29.660223024265772,0.2916666666666667,-0.20833333333333334,False
fold_02,rolling_7d,independent,present_shrunk20_direction_scale_cv,core->outer,,,0.9,4,"2018-01-07,2018-01-08,2018-01-09,2018-01-10",36.0,29.541603753151037,0.3333333333333333,-0.16666666666666666,False
fold_02,rolling_7d,independent,present_shrunk20_direction_scale_cv,core->outer,,,0.95,4,"2018-01-07,2018-01-08,2018-01-09,2018-01-10",35.0,29.457776961557762,0.3333333333333333,-0.16666666666666666,False
fold_02,rolling_7d,independent,present_shrunk20_direction_scale_cv,core->outer,,,1.0,4,"2018-01-07,2018-01-08,2018-01-09,2018-01-10",35.0,29.40874264948596,0.3333333333333333,-0.16666666666666666,False
fold_02,rolling_7d,independent,present_shrunk20_direction_scale_cv,core->outer,,,1.05,4,"2018-01-07,2018-01-08,2018-01-09,2018-01-10",34.0,29.394500816935604,0.2916666666666667,-0.125,True
fold_02,rolling_7d,independent,present_shrunk20_direction_scale_cv,near->core,,,0.7,4,"2018-01-07,2018-01-08,2018-01-09,2018-01-10",228.0,206.0853929752503,1.0833333333333333,-0.5833333333333334,False
fold_02,rolling_7d,independent,present_shrunk20_direction_scale_cv,near->core,,,0.75,4,"2018-01-07,2018-01-08,2018-01-09,2018-01-10",224.0,204.03113515796053,1.0833333333333333,-0.4166666666666667,False
fold_02,rolling_7d,independent,present_shrunk20_direction_scale_cv,near->core,,,0.8,4,"2018-01-07,2018-01-08,2018-01-09,2018-01-10",217.0,202.74025827002978,1.0833333333333333,-0.4166666666666667,False
fold_02,rolling_7d,independent,present_shrunk20_direction_scale_cv,near->core,,,0.85,4,"2018-01-07,2018-01-08,2018-01-09,2018-01-10",221.0,202.21276231145794,1.1666666666666667,-0.25,False
fold_02,rolling_7d,independent,present_shrunk20_direction_scale_cv,near->core,,,0.9,4,"2018-01-07,2018-01-08,2018-01-09,2018-01-10",201.0,202.44864728224513,1.1666666666666667,-0.25,False
fold_02,rolling_7d,independent,present_shrunk20_direction_scale_cv,near->core,,,0.95,4,"2018-01-07,2018-01-08,2018-01-09,2018-01-10",201.0,203.44791318239126,1.1666666666666667,-0.25,True
fold_02,rolling_7d,independent,present_shrunk20_direction_scale_cv,near->core,,,1.0,4,"2018-01-07,2018-01-08,2018-01-09,2018-01-10",208.0,205.2105600118964,1.2083333333333333,-0.20833333333333334,False
fold_02,rolling_7d,independent,present_shrunk20_direction_scale_cv,near->core,,,1.05,4,"2018-01-07,2018-01-08,2018-01-09,2018-01-10",205.0,207.73658777076056,1.2083333333333333,-0.20833333333333334,False
fold_02,rolling_7d,independent,present_shrunk20_direction_scale_cv,near->outer,,,0.7,4,"2018-01-07,2018-01-08,2018-01-09,2018-01-10",55.0,44.01282045118623,0.2916666666666667,-0.041666666666666664,True
fold_02,rolling_7d,independent,present_shrunk20_direction_scale_cv,near->outer,,,0.75,4,"2018-01-07,2018-01-08,2018-01-09,2018-01-10",56.0,45.124457808915054,0.2916666666666667,-0.041666666666666664,False
fold_02,rolling_7d,independent,present_shrunk20_direction_scale_cv,near->outer,,,0.8,4,"2018-01-07,2018-01-08,2018-01-09,2018-01-10",59.0,46.38419138147261,0.4166666666666667,0.08333333333333333,False
fold_02,rolling_7d,independent,present_shrunk20_direction_scale_cv,near->outer,,,0.85,4,"2018-01-07,2018-01-08,2018-01-09,2018-01-10",60.0,47.79202116885891,0.4166666666666667,0.08333333333333333,False
fold_02,rolling_7d,independent,present_shrunk20_direction_scale_cv,near->outer,,,0.9,4,"2018-01-07,2018-01-08,2018-01-09,2018-01-10",60.0,49.34794717107393,0.4166666666666667,0.08333333333333333,False
fold_02,rolling_7d,independent,present_shrunk20_direction_scale_cv,near->outer,,,0.95,4,"2018-01-07,2018-01-08,2018-01-09,2018-01-10",65.0,51.0519693881177,0.4166666666666667,0.16666666666666666,False
fold_02,rolling_7d,independent,present_shrunk20_direction_scale_cv,near->outer,,,1.0,4,"2018-01-07,2018-01-08,2018-01-09,2018-01-10",64.0,52.90408781999021,0.4166666666666667,0.16666666666666666,False
fold_02,rolling_7d,independent,present_shrunk20_direction_scale_cv,near->outer,,,1.05,4,"2018-01-07,2018-01-08,2018-01-09,2018-01-10",65.0,54.90430246669146,0.4166666666666667,0.16666666666666666,False
fold_02,rolling_7d,independent,present_shrunk20_direction_scale_cv,outer->core,,,0.7,4,"2018-01-07,2018-01-08,2018-01-09,2018-01-10",18.0,15.496928631500575,0.125,-0.125,False
fold_02,rolling_7d,independent,present_shrunk20_direction_scale_cv,outer->core,,,0.75,4,"2018-01-07,2018-01-08,2018-01-09,2018-01-10",18.0,15.469857619180935,0.125,-0.125,False
fold_02,rolling_7d,independent,present_shrunk20_direction_scale_cv,outer->core,,,0.8,4,"2018-01-07,2018-01-08,2018-01-09,2018-01-10",18.0,15.463015913490096,0.125,-0.125,False
fold_02,rolling_7d,independent,present_shrunk20_direction_scale_cv,outer->core,,,0.85,4,"2018-01-07,2018-01-08,2018-01-09,2018-01-10",18.0,15.476403514428066,0.125,-0.125,False
fold_02,rolling_7d,independent,present_shrunk20_direction_scale_cv,outer->core,,,0.9,4,"2018-01-07,2018-01-08,2018-01-09,2018-01-10",18.0,15.510020421994838,0.125,-0.125,True
fold_02,rolling_7d,independent,present_shrunk20_direction_scale_cv,outer->core,,,0.95,4,"2018-01-07,2018-01-08,2018-01-09,2018-01-10",20.0,15.563866636190415,0.16666666666666666,-0.08333333333333333,False
fold_02,rolling_7d,independent,present_shrunk20_direction_scale_cv,outer->core,,,1.0,4,"2018-01-07,2018-01-08,2018-01-09,2018-01-10",19.0,15.637942157014798,0.16666666666666666,-0.08333333333333333,False
fold_02,rolling_7d,independent,present_shrunk20_direction_scale_cv,outer->core,,,1.05,4,"2018-01-07,2018-01-08,2018-01-09,2018-01-10",19.0,15.73224698446798,0.16666666666666666,-0.08333333333333333,False
fold_02,rolling_7d,independent,present_shrunk20_direction_scale_cv,outer->near,,,0.7,4,"2018-01-07,2018-01-08,2018-01-09,2018-01-10",62.0,54.76337019573817,0.25,0.0,True
fold_02,rolling_7d,independent,present_shrunk20_direction_scale_cv,outer->near,,,0.75,4,"2018-01-07,2018-01-08,2018-01-09,2018-01-10",63.0,54.45455997029284,0.25,0.0,False
fold_02,rolling_7d,independent,present_shrunk20_direction_scale_cv,outer->near,,,0.8,4,"2018-01-07,2018-01-08,2018-01-09,2018-01-10",66.0,54.27825723673351,0.2916666666666667,0.041666666666666664,False
fold_02,rolling_7d,independent,present_shrunk20_direction_scale_cv,outer->near,,,0.85,4,"2018-01-07,2018-01-08,2018-01-09,2018-01-10",67.0,54.23446199506013,0.3333333333333333,0.08333333333333333,False
fold_02,rolling_7d,independent,present_shrunk20_direction_scale_cv,outer->near,,,0.9,4,"2018-01-07,2018-01-08,2018-01-09,2018-01-10",66.0,54.32317424527273,0.2916666666666667,0.125,False
fold_02,rolling_7d,independent,present_shrunk20_direction_scale_cv,outer->near,,,0.95,4,"2018-01-07,2018-01-08,2018-01-09,2018-01-10",66.0,54.54439398737129,0.3333333333333333,0.16666666666666666,False
fold_02,rolling_7d,independent,present_shrunk20_direction_scale_cv,outer->near,,,1.0,4,"2018-01-07,2018-01-08,2018-01-09,2018-01-10",65.0,54.89812122135585,0.3333333333333333,0.16666666666666666,False
fold_02,rolling_7d,independent,present_shrunk20_direction_scale_cv,outer->near,,,1.05,4,"2018-01-07,2018-01-08,2018-01-09,2018-01-10",67.0,55.38435594722637,0.3333333333333333,0.16666666666666666,False
fold_02,rolling_7d,paired,present_shrunk20_direction_scale_cv,core->near,,,0.7,4,"2018-01-07,2018-01-08,2018-01-09,2018-01-10",220.0,208.24135344481732,0.9166666666666666,-0.5,False
fold_02,rolling_7d,paired,present_shrunk20_direction_scale_cv,core->near,,,0.75,4,"2018-01-07,2018-01-08,2018-01-09,2018-01-10",211.0,207.87363256632818,0.9166666666666666,-0.5,True
fold_02,rolling_7d,paired,present_shrunk20_direction_scale_cv,core->near,,,0.8,4,"2018-01-07,2018-01-08,2018-01-09,2018-01-10",214.0,208.3117264902803,0.9166666666666666,-0.4166666666666667,False
fold_02,rolling_7d,paired,present_shrunk20_direction_scale_cv,core->near,,,0.85,4,"2018-01-07,2018-01-08,2018-01-09,2018-01-10",221.0,209.5556352166737,0.9166666666666666,-0.3333333333333333,False
fold_02,rolling_7d,paired,present_shrunk20_direction_scale_cv,core->near,,,0.9,4,"2018-01-07,2018-01-08,2018-01-09,2018-01-10",229.0,211.60535874550834,0.9166666666666666,-0.3333333333333333,False
fold_02,rolling_7d,paired,present_shrunk20_direction_scale_cv,core->near,,,0.95,4,"2018-01-07,2018-01-08,2018-01-09,2018-01-10",234.0,214.4608970767843,0.875,-0.20833333333333334,False
fold_02,rolling_7d,paired,present_shrunk20_direction_scale_cv,core->near,,,1.0,4,"2018-01-07,2018-01-08,2018-01-09,2018-01-10",217.0,218.1222502105016,0.8333333333333334,-0.16666666666666666,False
fold_02,rolling_7d,paired,present_shrunk20_direction_scale_cv,core->near,,,1.05,4,"2018-01-07,2018-01-08,2018-01-09,2018-01-10",231.0,222.58941814666008,0.8333333333333334,-0.16666666666666666,False
fold_02,rolling_7d,paired,present_shrunk20_direction_scale_cv,core->outer,,,0.7,4,"2018-01-07,2018-01-08,2018-01-09,2018-01-10",35.0,30.224835714738752,0.2916666666666667,-0.20833333333333334,False
fold_02,rolling_7d,paired,present_shrunk20_direction_scale_cv,core->outer,,,0.75,4,"2018-01-07,2018-01-08,2018-01-09,2018-01-10",35.0,30.001839005059626,0.2916666666666667,-0.20833333333333334,False
fold_02,rolling_7d,paired,present_shrunk20_direction_scale_cv,core->outer,,,0.8,4,"2018-01-07,2018-01-08,2018-01-09,2018-01-10",36.0,29.813634774901967,0.3333333333333333,-0.16666666666666666,False
fold_02,rolling_7d,paired,present_shrunk20_direction_scale_cv,core->outer,,,0.85,4,"2018-01-07,2018-01-08,2018-01-09,2018-01-10",36.0,29.660223024265772,0.3333333333333333,-0.16666666666666666,False
fold_02,rolling_7d,paired,present_shrunk20_direction_scale_cv,core->outer,,,0.9,4,"2018-01-07,2018-01-08,2018-01-09,2018-01-10",33.0,29.541603753151037,0.3333333333333333,-0.16666666666666666,False
fold_02,rolling_7d,paired,present_shrunk20_direction_scale_cv,core->outer,,,0.95,4,"2018-01-07,2018-01-08,2018-01-09,2018-01-10",33.0,29.457776961557762,0.3333333333333333,-0.16666666666666666,True
fold_02,rolling_7d,paired,present_shrunk20_direction_scale_cv,core->outer,,,1.0,4,"2018-01-07,2018-01-08,2018-01-09,2018-01-10",34.0,29.40874264948596,0.3333333333333333,-0.16666666666666666,False
fold_02,rolling_7d,paired,present_shrunk20_direction_scale_cv,core->outer,,,1.05,4,"2018-01-07,2018-01-08,2018-01-09,2018-01-10",34.0,29.394500816935604,0.3333333333333333,-0.16666666666666666,False
fold_02,rolling_7d,paired,present_shrunk20_direction_scale_cv,near->core,,,0.7,4,"2018-01-07,2018-01-08,2018-01-09,2018-01-10",221.0,206.0853929752503,1.0833333333333333,-0.5,False
fold_02,rolling_7d,paired,present_shrunk20_direction_scale_cv,near->core,,,0.75,4,"2018-01-07,2018-01-08,2018-01-09,2018-01-10",217.0,204.03113515796053,1.0416666666666667,-0.4583333333333333,False
fold_02,rolling_7d,paired,present_shrunk20_direction_scale_cv,near->core,,,0.8,4,"2018-01-07,2018-01-08,2018-01-09,2018-01-10",224.0,202.74025827002978,1.1666666666666667,-0.3333333333333333,False
fold_02,rolling_7d,paired,present_shrunk20_direction_scale_cv,near->core,,,0.85,4,"2018-01-07,2018-01-08,2018-01-09,2018-01-10",211.0,202.21276231145794,1.1666666666666667,-0.25,False
fold_02,rolling_7d,paired,present_shrunk20_direction_scale_cv,near->core,,,0.9,4,"2018-01-07,2018-01-08,2018-01-09,2018-01-10",212.0,202.44864728224513,1.2083333333333333,-0.20833333333333334,False
fold_02,rolling_7d,paired,present_shrunk20_direction_scale_cv,near->core,,,0.95,4,"2018-01-07,2018-01-08,2018-01-09,2018-01-10",206.0,203.44791318239126,1.25,-0.16666666666666666,True
fold_02,rolling_7d,paired,present_shrunk20_direction_scale_cv,near->core,,,1.0,4,"2018-01-07,2018-01-08,2018-01-09,2018-01-10",213.0,205.2105600118964,1.25,-0.08333333333333333,False
fold_02,rolling_7d,paired,present_shrunk20_direction_scale_cv,near->core,,,1.05,4,"2018-01-07,2018-01-08,2018-01-09,2018-01-10",217.0,207.73658777076056,1.25,-0.08333333333333333,False
fold_02,rolling_7d,paired,present_shrunk20_direction_scale_cv,near->outer,,,0.7,4,"2018-01-07,2018-01-08,2018-01-09,2018-01-10",54.0,44.01282045118623,0.2916666666666667,0.041666666666666664,True
fold_02,rolling_7d,paired,present_shrunk20_direction_scale_cv,near->outer,,,0.75,4,"2018-01-07,2018-01-08,2018-01-09,2018-01-10",58.0,45.124457808915054,0.375,0.125,False
fold_02,rolling_7d,paired,present_shrunk20_direction_scale_cv,near->outer,,,0.8,4,"2018-01-07,2018-01-08,2018-01-09,2018-01-10",60.0,46.38419138147261,0.375,0.125,False
fold_02,rolling_7d,paired,present_shrunk20_direction_scale_cv,near->outer,,,0.85,4,"2018-01-07,2018-01-08,2018-01-09,2018-01-10",61.0,47.79202116885891,0.375,0.125,False
fold_02,rolling_7d,paired,present_shrunk20_direction_scale_cv,near->outer,,,0.9,4,"2018-01-07,2018-01-08,2018-01-09,2018-01-10",60.0,49.34794717107393,0.375,0.125,False
fold_02,rolling_7d,paired,present_shrunk20_direction_scale_cv,near->outer,,,0.95,4,"2018-01-07,2018-01-08,2018-01-09,2018-01-10",60.0,51.0519693881177,0.375,0.125,False
fold_02,rolling_7d,paired,present_shrunk20_direction_scale_cv,near->outer,,,1.0,4,"2018-01-07,2018-01-08,2018-01-09,2018-01-10",63.0,52.90408781999021,0.375,0.125,False
fold_02,rolling_7d,paired,present_shrunk20_direction_scale_cv,near->outer,,,1.05,4,"2018-01-07,2018-01-08,2018-01-09,2018-01-10",66.0,54.90430246669146,0.375,0.125,False
fold_02,rolling_7d,paired,present_shrunk20_direction_scale_cv,outer->core,,,0.7,4,"2018-01-07,2018-01-08,2018-01-09,2018-01-10",18.0,15.496928631500575,0.125,-0.125,False
fold_02,rolling_7d,paired,present_shrunk20_direction_scale_cv,outer->core,,,0.75,4,"2018-01-07,2018-01-08,2018-01-09,2018-01-10",18.0,15.469857619180935,0.125,-0.125,False
fold_02,rolling_7d,paired,present_shrunk20_direction_scale_cv,outer->core,,,0.8,4,"2018-01-07,2018-01-08,2018-01-09,2018-01-10",18.0,15.463015913490096,0.125,-0.125,False
fold_02,rolling_7d,paired,present_shrunk20_direction_scale_cv,outer->core,,,0.85,4,"2018-01-07,2018-01-08,2018-01-09,2018-01-10",19.0,15.476403514428066,0.125,-0.125,False
fold_02,rolling_7d,paired,present_shrunk20_direction_scale_cv,outer->core,,,0.9,4,"2018-01-07,2018-01-08,2018-01-09,2018-01-10",20.0,15.510020421994838,0.16666666666666666,-0.08333333333333333,False
fold_02,rolling_7d,paired,present_shrunk20_direction_scale_cv,outer->core,,,0.95,4,"2018-01-07,2018-01-08,2018-01-09,2018-01-10",19.0,15.563866636190415,0.16666666666666666,-0.08333333333333333,False
fold_02,rolling_7d,paired,present_shrunk20_direction_scale_cv,outer->core,,,1.0,4,"2018-01-07,2018-01-08,2018-01-09,2018-01-10",18.0,15.637942157014798,0.16666666666666666,-0.08333333333333333,True
fold_02,rolling_7d,paired,present_shrunk20_direction_scale_cv,outer->core,,,1.05,4,"2018-01-07,2018-01-08,2018-01-09,2018-01-10",19.0,15.73224698446798,0.16666666666666666,-0.08333333333333333,False
fold_02,rolling_7d,paired,present_shrunk20_direction_scale_cv,outer->near,,,0.7,4,"2018-01-07,2018-01-08,2018-01-09,2018-01-10",67.0,54.76337019573817,0.2916666666666667,0.125,False
fold_02,rolling_7d,paired,present_shrunk20_direction_scale_cv,outer->near,,,0.75,4,"2018-01-07,2018-01-08,2018-01-09,2018-01-10",72.0,54.45455997029284,0.375,0.20833333333333334,False
fold_02,rolling_7d,paired,present_shrunk20_direction_scale_cv,outer->near,,,0.8,4,"2018-01-07,2018-01-08,2018-01-09,2018-01-10",70.0,54.27825723673351,0.375,0.20833333333333334,False
fold_02,rolling_7d,paired,present_shrunk20_direction_scale_cv,outer->near,,,0.85,4,"2018-01-07,2018-01-08,2018-01-09,2018-01-10",72.0,54.23446199506013,0.4583333333333333,0.2916666666666667,False
fold_02,rolling_7d,paired,present_shrunk20_direction_scale_cv,outer->near,,,0.9,4,"2018-01-07,2018-01-08,2018-01-09,2018-01-10",73.0,54.32317424527273,0.4583333333333333,0.2916666666666667,False
fold_02,rolling_7d,paired,present_shrunk20_direction_scale_cv,outer->near,,,0.95,4,"2018-01-07,2018-01-08,2018-01-09,2018-01-10",73.0,54.54439398737129,0.4583333333333333,0.2916666666666667,False
fold_02,rolling_7d,paired,present_shrunk20_direction_scale_cv,outer->near,,,1.0,4,"2018-01-07,2018-01-08,2018-01-09,2018-01-10",64.0,54.89812122135585,0.4583333333333333,0.2916666666666667,True
fold_02,rolling_7d,paired,present_shrunk20_direction_scale_cv,outer->near,,,1.05,4,"2018-01-07,2018-01-08,2018-01-09,2018-01-10",66.0,55.38435594722637,0.5416666666666666,0.375,False
fold_03,rolling_7d,independent,pair_hour_hier_tau_cv,all,0.0,,,5,"2018-01-07,2018-01-08,2018-01-09,2018-01-10,2018-01-11",821.0,747.5478617094986,0.5958333333333333,-0.05694444444444444,False
fold_03,rolling_7d,independent,pair_hour_hier_tau_cv,all,5.0,,,5,"2018-01-07,2018-01-08,2018-01-09,2018-01-10,2018-01-11",735.0,666.484354368629,0.5736111111111112,-0.08194444444444444,False
fold_03,rolling_7d,independent,pair_hour_hier_tau_cv,all,10.0,,,5,"2018-01-07,2018-01-08,2018-01-09,2018-01-10,2018-01-11",729.0,652.5057784754733,0.5791666666666666,-0.09305555555555556,False
fold_03,rolling_7d,independent,pair_hour_hier_tau_cv,all,20.0,,,5,"2018-01-07,2018-01-08,2018-01-09,2018-01-10,2018-01-11",699.0,650.4528748633047,0.5541666666666668,-0.13194444444444445,True
fold_03,rolling_7d,independent,pair_hour_hier_tau_cv,all,50.0,,,5,"2018-01-07,2018-01-08,2018-01-09,2018-01-10,2018-01-11",704.0,657.7207849936525,0.5416666666666667,-0.19166666666666665,False
fold_03,rolling_7d,independent,pair_hour_hier_tau_cv,all,100.0,,,5,"2018-01-07,2018-01-08,2018-01-09,2018-01-10,2018-01-11",712.0,663.5888461932204,0.5333333333333334,-0.21944444444444447,False
fold_03,rolling_7d,paired,pair_hour_hier_tau_cv,all,0.0,,,5,"2018-01-07,2018-01-08,2018-01-09,2018-01-10,2018-01-11",833.0,747.5478617094986,0.6180555555555556,-0.009722222222222224,False
fold_03,rolling_7d,paired,pair_hour_hier_tau_cv,all,5.0,,,5,"2018-01-07,2018-01-08,2018-01-09,2018-01-10,2018-01-11",730.0,666.484354368629,0.5972222222222222,0.0,False
fold_03,rolling_7d,paired,pair_hour_hier_tau_cv,all,10.0,,,5,"2018-01-07,2018-01-08,2018-01-09,2018-01-10,2018-01-11",705.0,652.5057784754733,0.5930555555555556,-0.0013888888888888896,True
fold_03,rolling_7d,paired,pair_hour_hier_tau_cv,all,20.0,,,5,"2018-01-07,2018-01-08,2018-01-09,2018-01-10,2018-01-11",726.0,650.4528748633047,0.6055555555555555,-0.01944444444444444,False
fold_03,rolling_7d,paired,pair_hour_hier_tau_cv,all,50.0,,,5,"2018-01-07,2018-01-08,2018-01-09,2018-01-10,2018-01-11",749.0,657.7207849936525,0.6430555555555555,0.006944444444444446,False
fold_03,rolling_7d,paired,pair_hour_hier_tau_cv,all,100.0,,,5,"2018-01-07,2018-01-08,2018-01-09,2018-01-10,2018-01-11",758.0,663.5888461932204,0.6499999999999999,-0.01111111111111111,False
fold_03,rolling_7d,independent,pair_hour_hier_tau_scale_cv,all,0.0,,0.7,5,"2018-01-07,2018-01-08,2018-01-09,2018-01-10,2018-01-11",787.0,714.2974522376544,0.5402777777777777,-0.25972222222222224,False
fold_03,rolling_7d,independent,pair_hour_hier_tau_scale_cv,all,0.0,,0.75,5,"2018-01-07,2018-01-08,2018-01-09,2018-01-10,2018-01-11",813.0,713.2983507830215,0.5625,-0.22361111111111115,False
fold_03,rolling_7d,independent,pair_hour_hier_tau_scale_cv,all,0.0,,0.8,5,"2018-01-07,2018-01-08,2018-01-09,2018-01-10,2018-01-11",800.0,714.9155838750316,0.5694444444444444,-0.18888888888888888,False
fold_03,rolling_7d,independent,pair_hour_hier_tau_scale_cv,all,0.0,,0.85,5,"2018-01-07,2018-01-08,2018-01-09,2018-01-10,2018-01-11",800.0,719.1491515136842,0.5805555555555557,-0.1361111111111111,False
fold_03,rolling_7d,independent,pair_hour_hier_tau_scale_cv,all,0.0,,0.9,5,"2018-01-07,2018-01-08,2018-01-09,2018-01-10,2018-01-11",801.0,725.9990536989794,0.5819444444444445,-0.09861111111111112,False
fold_03,rolling_7d,independent,pair_hour_hier_tau_scale_cv,all,0.0,,0.95,5,"2018-01-07,2018-01-08,2018-01-09,2018-01-10,2018-01-11",818.0,735.4652904309178,0.5916666666666667,-0.075,False
fold_03,rolling_7d,independent,pair_hour_hier_tau_scale_cv,all,0.0,,1.0,5,"2018-01-07,2018-01-08,2018-01-09,2018-01-10,2018-01-11",821.0,747.5478617094986,0.5958333333333333,-0.05694444444444444,False
fold_03,rolling_7d,independent,pair_hour_hier_tau_scale_cv,all,0.0,,1.05,5,"2018-01-07,2018-01-08,2018-01-09,2018-01-10,2018-01-11",812.0,762.2467675347222,0.6,-0.005555555555555554,False
fold_03,rolling_7d,independent,pair_hour_hier_tau_scale_cv,all,5.0,,0.7,5,"2018-01-07,2018-01-08,2018-01-09,2018-01-10,2018-01-11",733.0,684.6034303518645,0.523611111111111,-0.2375,False
fold_03,rolling_7d,independent,pair_hour_hier_tau_scale_cv,all,5.0,,0.75,5,"2018-01-07,2018-01-08,2018-01-09,2018-01-10,2018-01-11",707.0,676.6528928245292,0.5208333333333334,-0.20694444444444446,False
fold_03,rolling_7d,independent,pair_hour_hier_tau_scale_cv,all,5.0,,0.8,5,"2018-01-07,2018-01-08,2018-01-09,2018-01-10,2018-01-11",712.0,670.6746319092456,0.5333333333333332,-0.18611111111111112,False
fold_03,rolling_7d,independent,pair_hour_hier_tau_scale_cv,all,5.0,,0.85,5,"2018-01-07,2018-01-08,2018-01-09,2018-01-10,2018-01-11",723.0,666.6686476060138,0.5458333333333333,-0.16805555555555557,False
fold_03,rolling_7d,independent,pair_hour_hier_tau_scale_cv,all,5.0,,0.9,5,"2018-01-07,2018-01-08,2018-01-09,2018-01-10,2018-01-11",724.0,664.6349399148337,0.5555555555555556,-0.14166666666666666,False
fold_03,rolling_7d,independent,pair_hour_hier_tau_scale_cv,all,5.0,,0.95,5,"2018-01-07,2018-01-08,2018-01-09,2018-01-10,2018-01-11",734.0,664.5735088357055,0.5638888888888889,-0.11666666666666667,False
fold_03,rolling_7d,independent,pair_hour_hier_tau_scale_cv,all,5.0,,1.0,5,"2018-01-07,2018-01-08,2018-01-09,2018-01-10,2018-01-11",735.0,666.484354368629,0.5736111111111112,-0.08194444444444444,False
fold_03,rolling_7d,independent,pair_hour_hier_tau_scale_cv,all,5.0,,1.05,5,"2018-01-07,2018-01-08,2018-01-09,2018-01-10,2018-01-11",750.0,670.3674765136043,0.5888888888888889,-0.044444444444444446,False
fold_03,rolling_7d,independent,pair_hour_hier_tau_scale_cv,all,10.0,,0.7,5,"2018-01-07,2018-01-08,2018-01-09,2018-01-10,2018-01-11",712.0,682.2914150374509,0.5222222222222223,-0.24166666666666664,False
fold_03,rolling_7d,independent,pair_hour_hier_tau_scale_cv,all,10.0,,0.75,5,"2018-01-07,2018-01-08,2018-01-09,2018-01-10,2018-01-11",711.0,672.8412714500153,0.5319444444444444,-0.21527777777777776,False
fold_03,rolling_7d,independent,pair_hour_hier_tau_scale_cv,all,10.0,,0.8,5,"2018-01-07,2018-01-08,2018-01-09,2018-01-10,2018-01-11",709.0,665.1854761934219,0.5402777777777777,-0.17916666666666667,False
fold_03,rolling_7d,independent,pair_hour_hier_tau_scale_cv,all,10.0,,0.85,5,"2018-01-07,2018-01-08,2018-01-09,2018-01-10,2018-01-11",705.0,659.3240292676713,0.5458333333333333,-0.15694444444444444,False
fold_03,rolling_7d,independent,pair_hour_hier_tau_scale_cv,all,10.0,,0.9,5,"2018-01-07,2018-01-08,2018-01-09,2018-01-10,2018-01-11",699.0,655.256930672763,0.548611111111111,-0.14027777777777778,False
fold_03,rolling_7d,independent,pair_hour_hier_tau_scale_cv,all,10.0,,0.95,5,"2018-01-07,2018-01-08,2018-01-09,2018-01-10,2018-01-11",711.0,652.9841804086971,0.5625,-0.11805555555555555,False
fold_03,rolling_7d,independent,pair_hour_hier_tau_scale_cv,all,10.0,,1.0,5,"2018-01-07,2018-01-08,2018-01-09,2018-01-10,2018-01-11",729.0,652.5057784754733,0.5791666666666666,-0.09305555555555556,False
fold_03,rolling_7d,independent,pair_hour_hier_tau_scale_cv,all,10.0,,1.05,5,"2018-01-07,2018-01-08,2018-01-09,2018-01-10,2018-01-11",735.0,653.8217248730923,0.5875,-0.06527777777777778,False
fold_03,rolling_7d,independent,pair_hour_hier_tau_scale_cv,all,20.0,,0.7,5,"2018-01-07,2018-01-08,2018-01-09,2018-01-10,2018-01-11",711.0,685.5687364950055,0.5319444444444444,-0.22361111111111115,False
fold_03,rolling_7d,independent,pair_hour_hier_tau_scale_cv,all,20.0,,0.75,5,"2018-01-07,2018-01-08,2018-01-09,2018-01-10,2018-01-11",707.0,675.5108383713107,0.5347222222222222,-0.2125,False
fold_03,rolling_7d,independent,pair_hour_hier_tau_scale_cv,all,20.0,,0.8,5,"2018-01-07,2018-01-08,2018-01-09,2018-01-10,2018-01-11",712.0,667.1350420549808,0.5416666666666666,-0.20555555555555555,False
fold_03,rolling_7d,independent,pair_hour_hier_tau_scale_cv,all,20.0,,0.85,5,"2018-01-07,2018-01-08,2018-01-09,2018-01-10,2018-01-11",706.0,660.441347546015,0.5444444444444445,-0.18888888888888888,False
fold_03,rolling_7d,independent,pair_hour_hier_tau_scale_cv,all,20.0,,0.9,5,"2018-01-07,2018-01-08,2018-01-09,2018-01-10,2018-01-11",706.0,655.4297548444138,0.5472222222222223,-0.17222222222222222,False
fold_03,rolling_7d,independent,pair_hour_hier_tau_scale_cv,all,20.0,,0.95,5,"2018-01-07,2018-01-08,2018-01-09,2018-01-10,2018-01-11",703.0,652.100263950177,0.548611111111111,-0.1597222222222222,False
fold_03,rolling_7d,independent,pair_hour_hier_tau_scale_cv,all,20.0,,1.0,5,"2018-01-07,2018-01-08,2018-01-09,2018-01-10,2018-01-11",699.0,650.4528748633047,0.5541666666666668,-0.13194444444444445,True
fold_03,rolling_7d,independent,pair_hour_hier_tau_scale_cv,all,20.0,,1.05,5,"2018-01-07,2018-01-08,2018-01-09,2018-01-10,2018-01-11",703.0,650.4875875837969,0.5569444444444445,-0.11805555555555555,False
fold_03,rolling_7d,independent,pair_hour_hier_tau_scale_cv,all,50.0,,0.7,5,"2018-01-07,2018-01-08,2018-01-09,2018-01-10,2018-01-11",713.0,693.193887320726,0.5347222222222223,-0.22361111111111115,False
fold_03,rolling_7d,independent,pair_hour_hier_tau_scale_cv,all,50.0,,0.75,5,"2018-01-07,2018-01-08,2018-01-09,2018-01-10,2018-01-11",713.0,683.227497517712,0.5347222222222223,-0.22361111111111115,False
fold_03,rolling_7d,independent,pair_hour_hier_tau_scale_cv,all,50.0,,0.8,5,"2018-01-07,2018-01-08,2018-01-09,2018-01-10,2018-01-11",713.0,674.8827901474319,0.5347222222222223,-0.22361111111111115,False
fold_03,rolling_7d,independent,pair_hour_hier_tau_scale_cv,all,50.0,,0.85,5,"2018-01-07,2018-01-08,2018-01-09,2018-01-10,2018-01-11",713.0,668.159765209886,0.5347222222222223,-0.22361111111111115,False
fold_03,rolling_7d,independent,pair_hour_hier_tau_scale_cv,all,50.0,,0.9,5,"2018-01-07,2018-01-08,2018-01-09,2018-01-10,2018-01-11",706.0,663.0584227050741,0.5305555555555556,-0.21944444444444441,False
fold_03,rolling_7d,independent,pair_hour_hier_tau_scale_cv,all,50.0,,0.95,5,"2018-01-07,2018-01-08,2018-01-09,2018-01-10,2018-01-11",707.0,659.5787626329964,0.5347222222222221,-0.20694444444444446,False
fold_03,rolling_7d,independent,pair_hour_hier_tau_scale_cv,all,50.0,,1.0,5,"2018-01-07,2018-01-08,2018-01-09,2018-01-10,2018-01-11",704.0,657.7207849936525,0.5416666666666667,-0.19166666666666665,False
fold_03,rolling_7d,independent,pair_hour_hier_tau_scale_cv,all,50.0,,1.05,5,"2018-01-07,2018-01-08,2018-01-09,2018-01-10,2018-01-11",702.0,657.4844897870429,0.55,-0.16944444444444445,False
fold_03,rolling_7d,independent,pair_hour_hier_tau_scale_cv,all,100.0,,0.7,5,"2018-01-07,2018-01-08,2018-01-09,2018-01-10,2018-01-11",713.0,697.8517397758957,0.5347222222222223,-0.22361111111111115,False
fold_03,rolling_7d,independent,pair_hour_hier_tau_scale_cv,all,100.0,,0.75,5,"2018-01-07,2018-01-08,2018-01-09,2018-01-10,2018-01-11",713.0,688.1198020026309,0.5347222222222223,-0.22361111111111115,False
fold_03,rolling_7d,independent,pair_hour_hier_tau_scale_cv,all,100.0,,0.8,5,"2018-01-07,2018-01-08,2018-01-09,2018-01-10,2018-01-11",713.0,679.9964464331603,0.5347222222222223,-0.22361111111111115,False
fold_03,rolling_7d,independent,pair_hour_hier_tau_scale_cv,all,100.0,,0.85,5,"2018-01-07,2018-01-08,2018-01-09,2018-01-10,2018-01-11",713.0,673.4816730674838,0.5347222222222223,-0.22361111111111115,False
fold_03,rolling_7d,independent,pair_hour_hier_tau_scale_cv,all,100.0,,0.9,5,"2018-01-07,2018-01-08,2018-01-09,2018-01-10,2018-01-11",713.0,668.5754819056019,0.5347222222222223,-0.22361111111111115,False
fold_03,rolling_7d,independent,pair_hour_hier_tau_scale_cv,all,100.0,,0.95,5,"2018-01-07,2018-01-08,2018-01-09,2018-01-10,2018-01-11",713.0,665.277872947514,0.5347222222222223,-0.22361111111111115,False
fold_03,rolling_7d,independent,pair_hour_hier_tau_scale_cv,all,100.0,,1.0,5,"2018-01-07,2018-01-08,2018-01-09,2018-01-10,2018-01-11",712.0,663.5888461932204,0.5333333333333334,-0.21944444444444447,False
fold_03,rolling_7d,independent,pair_hour_hier_tau_scale_cv,all,100.0,,1.05,5,"2018-01-07,2018-01-08,2018-01-09,2018-01-10,2018-01-11",702.0,663.5084016427211,0.5361111111111111,-0.2,False
fold_03,rolling_7d,paired,pair_hour_hier_tau_scale_cv,all,0.0,,0.7,5,"2018-01-07,2018-01-08,2018-01-09,2018-01-10,2018-01-11",753.0,714.2974522376544,0.5319444444444443,-0.19861111111111113,False
fold_03,rolling_7d,paired,pair_hour_hier_tau_scale_cv,all,0.0,,0.75,5,"2018-01-07,2018-01-08,2018-01-09,2018-01-10,2018-01-11",769.0,713.2983507830215,0.5513888888888889,-0.15972222222222224,False
fold_03,rolling_7d,paired,pair_hour_hier_tau_scale_cv,all,0.0,,0.8,5,"2018-01-07,2018-01-08,2018-01-09,2018-01-10,2018-01-11",780.0,714.9155838750316,0.5611111111111111,-0.13333333333333336,False
fold_03,rolling_7d,paired,pair_hour_hier_tau_scale_cv,all,0.0,,0.85,5,"2018-01-07,2018-01-08,2018-01-09,2018-01-10,2018-01-11",769.0,719.1491515136842,0.5652777777777777,-0.09583333333333334,False
fold_03,rolling_7d,paired,pair_hour_hier_tau_scale_cv,all,0.0,,0.9,5,"2018-01-07,2018-01-08,2018-01-09,2018-01-10,2018-01-11",790.0,725.9990536989794,0.5805555555555555,-0.06388888888888888,False
fold_03,rolling_7d,paired,pair_hour_hier_tau_scale_cv,all,0.0,,0.95,5,"2018-01-07,2018-01-08,2018-01-09,2018-01-10,2018-01-11",806.0,735.4652904309178,0.5972222222222223,-0.041666666666666664,False
fold_03,rolling_7d,paired,pair_hour_hier_tau_scale_cv,all,0.0,,1.0,5,"2018-01-07,2018-01-08,2018-01-09,2018-01-10,2018-01-11",833.0,747.5478617094986,0.6180555555555556,-0.009722222222222224,False
fold_03,rolling_7d,paired,pair_hour_hier_tau_scale_cv,all,0.0,,1.05,5,"2018-01-07,2018-01-08,2018-01-09,2018-01-10,2018-01-11",832.0,762.2467675347222,0.625,0.02222222222222222,False
fold_03,rolling_7d,paired,pair_hour_hier_tau_scale_cv,all,5.0,,0.7,5,"2018-01-07,2018-01-08,2018-01-09,2018-01-10,2018-01-11",698.0,684.6034303518645,0.5222222222222224,-0.18333333333333332,False
fold_03,rolling_7d,paired,pair_hour_hier_tau_scale_cv,all,5.0,,0.75,5,"2018-01-07,2018-01-08,2018-01-09,2018-01-10,2018-01-11",710.0,676.6528928245292,0.5388888888888889,-0.1638888888888889,False
fold_03,rolling_7d,paired,pair_hour_hier_tau_scale_cv,all,5.0,,0.8,5,"2018-01-07,2018-01-08,2018-01-09,2018-01-10,2018-01-11",718.0,670.6746319092456,0.55,-0.13055555555555556,False
fold_03,rolling_7d,paired,pair_hour_hier_tau_scale_cv,all,5.0,,0.85,5,"2018-01-07,2018-01-08,2018-01-09,2018-01-10,2018-01-11",711.0,666.6686476060138,0.5597222222222221,-0.09027777777777778,False
fold_03,rolling_7d,paired,pair_hour_hier_tau_scale_cv,all,5.0,,0.9,5,"2018-01-07,2018-01-08,2018-01-09,2018-01-10,2018-01-11",708.0,664.6349399148337,0.5638888888888889,-0.05555555555555556,False
fold_03,rolling_7d,paired,pair_hour_hier_tau_scale_cv,all,5.0,,0.95,5,"2018-01-07,2018-01-08,2018-01-09,2018-01-10,2018-01-11",700.0,664.5735088357055,0.5722222222222222,-0.02777777777777778,False
fold_03,rolling_7d,paired,pair_hour_hier_tau_scale_cv,all,5.0,,1.0,5,"2018-01-07,2018-01-08,2018-01-09,2018-01-10,2018-01-11",730.0,666.484354368629,0.5972222222222222,0.0,False
fold_03,rolling_7d,paired,pair_hour_hier_tau_scale_cv,all,5.0,,1.05,5,"2018-01-07,2018-01-08,2018-01-09,2018-01-10,2018-01-11",758.0,670.3674765136043,0.6194444444444445,0.019444444444444448,False
fold_03,rolling_7d,paired,pair_hour_hier_tau_scale_cv,all,10.0,,0.7,5,"2018-01-07,2018-01-08,2018-01-09,2018-01-10,2018-01-11",706.0,682.2914150374509,0.5416666666666666,-0.16944444444444445,False
fold_03,rolling_7d,paired,pair_hour_hier_tau_scale_cv,all,10.0,,0.75,5,"2018-01-07,2018-01-08,2018-01-09,2018-01-10,2018-01-11",708.0,672.8412714500153,0.55,-0.14444444444444443,False
fold_03,rolling_7d,paired,pair_hour_hier_tau_scale_cv,all,10.0,,0.8,5,"2018-01-07,2018-01-08,2018-01-09,2018-01-10,2018-01-11",703.0,665.1854761934219,0.5569444444444445,-0.11805555555555555,False
fold_03,rolling_7d,paired,pair_hour_hier_tau_scale_cv,all,10.0,,0.85,5,"2018-01-07,2018-01-08,2018-01-09,2018-01-10,2018-01-11",716.0,659.3240292676713,0.5722222222222222,-0.09444444444444444,False
fold_03,rolling_7d,paired,pair_hour_hier_tau_scale_cv,all,10.0,,0.9,5,"2018-01-07,2018-01-08,2018-01-09,2018-01-10,2018-01-11",724.0,655.256930672763,0.5833333333333334,-0.07222222222222222,False
fold_03,rolling_7d,paired,pair_hour_hier_tau_scale_cv,all,10.0,,0.95,5,"2018-01-07,2018-01-08,2018-01-09,2018-01-10,2018-01-11",716.0,652.9841804086971,0.5833333333333333,-0.03611111111111111,False
fold_03,rolling_7d,paired,pair_hour_hier_tau_scale_cv,all,10.0,,1.0,5,"2018-01-07,2018-01-08,2018-01-09,2018-01-10,2018-01-11",705.0,652.5057784754733,0.5930555555555556,-0.0013888888888888896,False
fold_03,rolling_7d,paired,pair_hour_hier_tau_scale_cv,all,10.0,,1.05,5,"2018-01-07,2018-01-08,2018-01-09,2018-01-10,2018-01-11",726.0,653.8217248730923,0.6083333333333333,0.025000000000000005,False
fold_03,rolling_7d,paired,pair_hour_hier_tau_scale_cv,all,20.0,,0.7,5,"2018-01-07,2018-01-08,2018-01-09,2018-01-10,2018-01-11",701.0,685.5687364950055,0.5430555555555555,-0.18194444444444444,False
fold_03,rolling_7d,paired,pair_hour_hier_tau_scale_cv,all,20.0,,0.75,5,"2018-01-07,2018-01-08,2018-01-09,2018-01-10,2018-01-11",690.0,675.5108383713107,0.5388888888888889,-0.1611111111111111,True
fold_03,rolling_7d,paired,pair_hour_hier_tau_scale_cv,all,20.0,,0.8,5,"2018-01-07,2018-01-08,2018-01-09,2018-01-10,2018-01-11",708.0,667.1350420549808,0.5583333333333333,-0.1388888888888889,False
fold_03,rolling_7d,paired,pair_hour_hier_tau_scale_cv,all,20.0,,0.85,5,"2018-01-07,2018-01-08,2018-01-09,2018-01-10,2018-01-11",712.0,660.441347546015,0.5694444444444444,-0.11388888888888889,False
fold_03,rolling_7d,paired,pair_hour_hier_tau_scale_cv,all,20.0,,0.9,5,"2018-01-07,2018-01-08,2018-01-09,2018-01-10,2018-01-11",713.0,655.4297548444138,0.5847222222222221,-0.07916666666666668,False
fold_03,rolling_7d,paired,pair_hour_hier_tau_scale_cv,all,20.0,,0.95,5,"2018-01-07,2018-01-08,2018-01-09,2018-01-10,2018-01-11",718.0,652.100263950177,0.5944444444444444,-0.05277777777777778,False
fold_03,rolling_7d,paired,pair_hour_hier_tau_scale_cv,all,20.0,,1.0,5,"2018-01-07,2018-01-08,2018-01-09,2018-01-10,2018-01-11",726.0,650.4528748633047,0.6055555555555555,-0.01944444444444444,False
fold_03,rolling_7d,paired,pair_hour_hier_tau_scale_cv,all,20.0,,1.05,5,"2018-01-07,2018-01-08,2018-01-09,2018-01-10,2018-01-11",740.0,650.4875875837969,0.6305555555555555,0.03333333333333333,False
fold_03,rolling_7d,paired,pair_hour_hier_tau_scale_cv,all,50.0,,0.7,5,"2018-01-07,2018-01-08,2018-01-09,2018-01-10,2018-01-11",704.0,693.193887320726,0.5333333333333333,-0.20833333333333334,False
fold_03,rolling_7d,paired,pair_hour_hier_tau_scale_cv,all,50.0,,0.75,5,"2018-01-07,2018-01-08,2018-01-09,2018-01-10,2018-01-11",698.0,683.227497517712,0.5361111111111111,-0.19166666666666665,False
fold_03,rolling_7d,paired,pair_hour_hier_tau_scale_cv,all,50.0,,0.8,5,"2018-01-07,2018-01-08,2018-01-09,2018-01-10,2018-01-11",692.0,674.8827901474319,0.5361111111111111,-0.16944444444444445,False
fold_03,rolling_7d,paired,pair_hour_hier_tau_scale_cv,all,50.0,,0.85,5,"2018-01-07,2018-01-08,2018-01-09,2018-01-10,2018-01-11",715.0,668.159765209886,0.5708333333333334,-0.12916666666666665,False
fold_03,rolling_7d,paired,pair_hour_hier_tau_scale_cv,all,50.0,,0.9,5,"2018-01-07,2018-01-08,2018-01-09,2018-01-10,2018-01-11",719.0,663.0584227050741,0.5875,-0.09027777777777776,False
fold_03,rolling_7d,paired,pair_hour_hier_tau_scale_cv,all,50.0,,0.95,5,"2018-01-07,2018-01-08,2018-01-09,2018-01-10,2018-01-11",738.0,659.5787626329964,0.6166666666666667,-0.04444444444444444,False
fold_03,rolling_7d,paired,pair_hour_hier_tau_scale_cv,all,50.0,,1.0,5,"2018-01-07,2018-01-08,2018-01-09,2018-01-10,2018-01-11",749.0,657.7207849936525,0.6430555555555555,0.006944444444444446,False
fold_03,rolling_7d,paired,pair_hour_hier_tau_scale_cv,all,50.0,,1.05,5,"2018-01-07,2018-01-08,2018-01-09,2018-01-10,2018-01-11",748.0,657.4844897870429,0.6527777777777779,0.04722222222222223,False
fold_03,rolling_7d,paired,pair_hour_hier_tau_scale_cv,all,100.0,,0.7,5,"2018-01-07,2018-01-08,2018-01-09,2018-01-10,2018-01-11",713.0,697.8517397758957,0.5347222222222223,-0.22361111111111115,False
fold_03,rolling_7d,paired,pair_hour_hier_tau_scale_cv,all,100.0,,0.75,5,"2018-01-07,2018-01-08,2018-01-09,2018-01-10,2018-01-11",713.0,688.1198020026309,0.5347222222222221,-0.2125,False
fold_03,rolling_7d,paired,pair_hour_hier_tau_scale_cv,all,100.0,,0.8,5,"2018-01-07,2018-01-08,2018-01-09,2018-01-10,2018-01-11",700.0,679.9964464331603,0.538888888888889,-0.18611111111111112,False
fold_03,rolling_7d,paired,pair_hour_hier_tau_scale_cv,all,100.0,,0.85,5,"2018-01-07,2018-01-08,2018-01-09,2018-01-10,2018-01-11",717.0,673.4816730674838,0.5708333333333334,-0.12916666666666665,False
fold_03,rolling_7d,paired,pair_hour_hier_tau_scale_cv,all,100.0,,0.9,5,"2018-01-07,2018-01-08,2018-01-09,2018-01-10,2018-01-11",729.0,668.5754819056019,0.6013888888888889,-0.07361111111111111,False
fold_03,rolling_7d,paired,pair_hour_hier_tau_scale_cv,all,100.0,,0.95,5,"2018-01-07,2018-01-08,2018-01-09,2018-01-10,2018-01-11",745.0,665.277872947514,0.6263888888888889,-0.043055555555555555,False
fold_03,rolling_7d,paired,pair_hour_hier_tau_scale_cv,all,100.0,,1.0,5,"2018-01-07,2018-01-08,2018-01-09,2018-01-10,2018-01-11",758.0,663.5888461932204,0.6499999999999999,-0.01111111111111111,False
fold_03,rolling_7d,paired,pair_hour_hier_tau_scale_cv,all,100.0,,1.05,5,"2018-01-07,2018-01-08,2018-01-09,2018-01-10,2018-01-11",764.0,663.5084016427211,0.6694444444444445,0.05555555555555556,False
fold_03,rolling_7d,independent,pair_hour_circular_cv,all,,raw,,5,"2018-01-07,2018-01-08,2018-01-09,2018-01-10,2018-01-11",821.0,747.5478617094986,0.5958333333333333,-0.05694444444444444,False
fold_03,rolling_7d,independent,pair_hour_circular_cv,all,,triangular3,,5,"2018-01-07,2018-01-08,2018-01-09,2018-01-10,2018-01-11",709.0,652.9728451947909,0.5569444444444445,-0.08472222222222223,True
fold_03,rolling_7d,independent,pair_hour_circular_cv,all,,triangular5,,5,"2018-01-07,2018-01-08,2018-01-09,2018-01-10,2018-01-11",735.0,659.7287705314179,0.5847222222222223,-0.07916666666666668,False
fold_03,rolling_7d,paired,pair_hour_circular_cv,all,,raw,,5,"2018-01-07,2018-01-08,2018-01-09,2018-01-10,2018-01-11",833.0,747.5478617094986,0.6180555555555556,-0.009722222222222224,False
fold_03,rolling_7d,paired,pair_hour_circular_cv,all,,triangular3,,5,"2018-01-07,2018-01-08,2018-01-09,2018-01-10,2018-01-11",727.0,652.9728451947909,0.5847222222222223,-0.0013888888888888868,True
fold_03,rolling_7d,paired,pair_hour_circular_cv,all,,triangular5,,5,"2018-01-07,2018-01-08,2018-01-09,2018-01-10,2018-01-11",744.0,659.7287705314179,0.6194444444444444,0.02222222222222222,False
fold_03,rolling_7d,independent,pair_hour_circular_scale_cv,all,,raw,0.7,5,"2018-01-07,2018-01-08,2018-01-09,2018-01-10,2018-01-11",787.0,714.2974522376544,0.5402777777777777,-0.25972222222222224,False
fold_03,rolling_7d,independent,pair_hour_circular_scale_cv,all,,raw,0.75,5,"2018-01-07,2018-01-08,2018-01-09,2018-01-10,2018-01-11",813.0,713.2983507830215,0.5625,-0.22361111111111115,False
fold_03,rolling_7d,independent,pair_hour_circular_scale_cv,all,,raw,0.8,5,"2018-01-07,2018-01-08,2018-01-09,2018-01-10,2018-01-11",800.0,714.9155838750316,0.5694444444444444,-0.18888888888888888,False
fold_03,rolling_7d,independent,pair_hour_circular_scale_cv,all,,raw,0.85,5,"2018-01-07,2018-01-08,2018-01-09,2018-01-10,2018-01-11",800.0,719.1491515136842,0.5805555555555557,-0.1361111111111111,False
fold_03,rolling_7d,independent,pair_hour_circular_scale_cv,all,,raw,0.9,5,"2018-01-07,2018-01-08,2018-01-09,2018-01-10,2018-01-11",801.0,725.9990536989794,0.5819444444444445,-0.09861111111111112,False
fold_03,rolling_7d,independent,pair_hour_circular_scale_cv,all,,raw,0.95,5,"2018-01-07,2018-01-08,2018-01-09,2018-01-10,2018-01-11",818.0,735.4652904309178,0.5916666666666667,-0.075,False
fold_03,rolling_7d,independent,pair_hour_circular_scale_cv,all,,raw,1.0,5,"2018-01-07,2018-01-08,2018-01-09,2018-01-10,2018-01-11",821.0,747.5478617094986,0.5958333333333333,-0.05694444444444444,False
fold_03,rolling_7d,independent,pair_hour_circular_scale_cv,all,,raw,1.05,5,"2018-01-07,2018-01-08,2018-01-09,2018-01-10,2018-01-11",812.0,762.2467675347222,0.6,-0.005555555555555554,False
fold_03,rolling_7d,independent,pair_hour_circular_scale_cv,all,,triangular3,0.7,5,"2018-01-07,2018-01-08,2018-01-09,2018-01-10,2018-01-11",722.0,676.7054024787809,0.5055555555555555,-0.26388888888888884,False
fold_03,rolling_7d,independent,pair_hour_circular_scale_cv,all,,triangular3,0.75,5,"2018-01-07,2018-01-08,2018-01-09,2018-01-10,2018-01-11",731.0,667.9121435768318,0.5208333333333333,-0.23194444444444445,False
fold_03,rolling_7d,independent,pair_hour_circular_scale_cv,all,,triangular3,0.8,5,"2018-01-07,2018-01-08,2018-01-09,2018-01-10,2018-01-11",711.0,661.0540177500629,0.5263888888888888,-0.19027777777777777,False
fold_03,rolling_7d,independent,pair_hour_circular_scale_cv,all,,triangular3,0.85,5,"2018-01-07,2018-01-08,2018-01-09,2018-01-10,2018-01-11",720.0,656.1310249984745,0.5444444444444445,-0.15277777777777776,False
fold_03,rolling_7d,independent,pair_hour_circular_scale_cv,all,,triangular3,0.9,5,"2018-01-07,2018-01-08,2018-01-09,2018-01-10,2018-01-11",704.0,653.1431653220664,0.5416666666666666,-0.125,False
fold_03,rolling_7d,independent,pair_hour_circular_scale_cv,all,,triangular3,0.95,5,"2018-01-07,2018-01-08,2018-01-09,2018-01-10,2018-01-11",708.0,652.0904387208385,0.5527777777777778,-0.09444444444444444,False
fold_03,rolling_7d,independent,pair_hour_circular_scale_cv,all,,triangular3,1.0,5,"2018-01-07,2018-01-08,2018-01-09,2018-01-10,2018-01-11",709.0,652.9728451947909,0.5569444444444445,-0.08472222222222223,False
fold_03,rolling_7d,independent,pair_hour_circular_scale_cv,all,,triangular3,1.05,5,"2018-01-07,2018-01-08,2018-01-09,2018-01-10,2018-01-11",720.0,655.7903847439236,0.5694444444444444,-0.041666666666666664,False
fold_03,rolling_7d,independent,pair_hour_circular_scale_cv,all,,triangular5,0.7,5,"2018-01-07,2018-01-08,2018-01-09,2018-01-10,2018-01-11",717.0,688.3183197826171,0.49861111111111117,-0.29027777777777775,False
fold_03,rolling_7d,independent,pair_hour_circular_scale_cv,all,,triangular5,0.75,5,"2018-01-07,2018-01-08,2018-01-09,2018-01-10,2018-01-11",715.0,679.1253104080495,0.5097222222222222,-0.2680555555555556,False
fold_03,rolling_7d,independent,pair_hour_circular_scale_cv,all,,triangular5,0.8,5,"2018-01-07,2018-01-08,2018-01-09,2018-01-10,2018-01-11",703.0,671.703534833229,0.5180555555555555,-0.22638888888888892,True
fold_03,rolling_7d,independent,pair_hour_circular_scale_cv,all,,triangular5,0.85,5,"2018-01-07,2018-01-08,2018-01-09,2018-01-10,2018-01-11",714.0,666.0529930581558,0.5416666666666667,-0.17777777777777776,False
fold_03,rolling_7d,independent,pair_hour_circular_scale_cv,all,,triangular5,0.9,5,"2018-01-07,2018-01-08,2018-01-09,2018-01-10,2018-01-11",722.0,662.1736850828293,0.5611111111111111,-0.14444444444444443,False
fold_03,rolling_7d,independent,pair_hour_circular_scale_cv,all,,triangular5,0.95,5,"2018-01-07,2018-01-08,2018-01-09,2018-01-10,2018-01-11",728.0,660.0656109072502,0.5777777777777777,-0.10833333333333332,False
fold_03,rolling_7d,independent,pair_hour_circular_scale_cv,all,,triangular5,1.0,5,"2018-01-07,2018-01-08,2018-01-09,2018-01-10,2018-01-11",735.0,659.7287705314179,0.5847222222222223,-0.07916666666666668,False
fold_03,rolling_7d,independent,pair_hour_circular_scale_cv,all,,triangular5,1.05,5,"2018-01-07,2018-01-08,2018-01-09,2018-01-10,2018-01-11",716.0,661.1631639553325,0.586111111111111,-0.038888888888888896,False
fold_03,rolling_7d,paired,pair_hour_circular_scale_cv,all,,raw,0.7,5,"2018-01-07,2018-01-08,2018-01-09,2018-01-10,2018-01-11",753.0,714.2974522376544,0.5319444444444443,-0.19861111111111113,False
fold_03,rolling_7d,paired,pair_hour_circular_scale_cv,all,,raw,0.75,5,"2018-01-07,2018-01-08,2018-01-09,2018-01-10,2018-01-11",769.0,713.2983507830215,0.5513888888888889,-0.15972222222222224,False
fold_03,rolling_7d,paired,pair_hour_circular_scale_cv,all,,raw,0.8,5,"2018-01-07,2018-01-08,2018-01-09,2018-01-10,2018-01-11",780.0,714.9155838750316,0.5611111111111111,-0.13333333333333336,False
fold_03,rolling_7d,paired,pair_hour_circular_scale_cv,all,,raw,0.85,5,"2018-01-07,2018-01-08,2018-01-09,2018-01-10,2018-01-11",769.0,719.1491515136842,0.5652777777777777,-0.09583333333333334,False
fold_03,rolling_7d,paired,pair_hour_circular_scale_cv,all,,raw,0.9,5,"2018-01-07,2018-01-08,2018-01-09,2018-01-10,2018-01-11",790.0,725.9990536989794,0.5805555555555555,-0.06388888888888888,False
fold_03,rolling_7d,paired,pair_hour_circular_scale_cv,all,,raw,0.95,5,"2018-01-07,2018-01-08,2018-01-09,2018-01-10,2018-01-11",806.0,735.4652904309178,0.5972222222222223,-0.041666666666666664,False
fold_03,rolling_7d,paired,pair_hour_circular_scale_cv,all,,raw,1.0,5,"2018-01-07,2018-01-08,2018-01-09,2018-01-10,2018-01-11",833.0,747.5478617094986,0.6180555555555556,-0.009722222222222224,False
fold_03,rolling_7d,paired,pair_hour_circular_scale_cv,all,,raw,1.05,5,"2018-01-07,2018-01-08,2018-01-09,2018-01-10,2018-01-11",832.0,762.2467675347222,0.625,0.02222222222222222,False
fold_03,rolling_7d,paired,pair_hour_circular_scale_cv,all,,triangular3,0.7,5,"2018-01-07,2018-01-08,2018-01-09,2018-01-10,2018-01-11",711.0,676.7054024787809,0.5402777777777779,-0.1736111111111111,False
fold_03,rolling_7d,paired,pair_hour_circular_scale_cv,all,,triangular3,0.75,5,"2018-01-07,2018-01-08,2018-01-09,2018-01-10,2018-01-11",716.0,667.9121435768318,0.5527777777777778,-0.15,False
fold_03,rolling_7d,paired,pair_hour_circular_scale_cv,all,,triangular3,0.8,5,"2018-01-07,2018-01-08,2018-01-09,2018-01-10,2018-01-11",717.0,661.0540177500629,0.5569444444444445,-0.11805555555555555,False
fold_03,rolling_7d,paired,pair_hour_circular_scale_cv,all,,triangular3,0.85,5,"2018-01-07,2018-01-08,2018-01-09,2018-01-10,2018-01-11",718.0,656.1310249984745,0.5527777777777778,-0.1,False
fold_03,rolling_7d,paired,pair_hour_circular_scale_cv,all,,triangular3,0.9,5,"2018-01-07,2018-01-08,2018-01-09,2018-01-10,2018-01-11",707.0,653.1431653220664,0.5541666666666667,-0.0625,False
fold_03,rolling_7d,paired,pair_hour_circular_scale_cv,all,,triangular3,0.95,5,"2018-01-07,2018-01-08,2018-01-09,2018-01-10,2018-01-11",713.0,652.0904387208385,0.5708333333333334,-0.03194444444444444,False
fold_03,rolling_7d,paired,pair_hour_circular_scale_cv,all,,triangular3,1.0,5,"2018-01-07,2018-01-08,2018-01-09,2018-01-10,2018-01-11",727.0,652.9728451947909,0.5847222222222223,-0.0013888888888888868,False
fold_03,rolling_7d,paired,pair_hour_circular_scale_cv,all,,triangular3,1.05,5,"2018-01-07,2018-01-08,2018-01-09,2018-01-10,2018-01-11",728.0,655.7903847439236,0.6,0.030555555555555558,False
fold_03,rolling_7d,paired,pair_hour_circular_scale_cv,all,,triangular5,0.7,5,"2018-01-07,2018-01-08,2018-01-09,2018-01-10,2018-01-11",690.0,688.3183197826171,0.5333333333333333,-0.18055555555555552,True
fold_03,rolling_7d,paired,pair_hour_circular_scale_cv,all,,triangular5,0.75,5,"2018-01-07,2018-01-08,2018-01-09,2018-01-10,2018-01-11",700.0,679.1253104080495,0.5555555555555556,-0.13611111111111113,False
fold_03,rolling_7d,paired,pair_hour_circular_scale_cv,all,,triangular5,0.8,5,"2018-01-07,2018-01-08,2018-01-09,2018-01-10,2018-01-11",711.0,671.703534833229,0.5791666666666666,-0.09861111111111112,False
fold_03,rolling_7d,paired,pair_hour_circular_scale_cv,all,,triangular5,0.85,5,"2018-01-07,2018-01-08,2018-01-09,2018-01-10,2018-01-11",718.0,666.0529930581558,0.5888888888888889,-0.075,False
fold_03,rolling_7d,paired,pair_hour_circular_scale_cv,all,,triangular5,0.9,5,"2018-01-07,2018-01-08,2018-01-09,2018-01-10,2018-01-11",724.0,662.1736850828293,0.6,-0.02777777777777778,False
fold_03,rolling_7d,paired,pair_hour_circular_scale_cv,all,,triangular5,0.95,5,"2018-01-07,2018-01-08,2018-01-09,2018-01-10,2018-01-11",735.0,660.0656109072502,0.6125,-0.0013888888888888896,False
fold_03,rolling_7d,paired,pair_hour_circular_scale_cv,all,,triangular5,1.0,5,"2018-01-07,2018-01-08,2018-01-09,2018-01-10,2018-01-11",744.0,659.7287705314179,0.6194444444444444,0.02222222222222222,False
fold_03,rolling_7d,paired,pair_hour_circular_scale_cv,all,,triangular5,1.05,5,"2018-01-07,2018-01-08,2018-01-09,2018-01-10,2018-01-11",758.0,661.1631639553325,0.6277777777777778,0.03611111111111111,False
fold_03,rolling_7d,independent,present_shrunk20_scale_cv,all,,,0.7,5,"2018-01-07,2018-01-08,2018-01-09,2018-01-10,2018-01-11",782.0,701.7783514118303,0.5444444444444444,-0.25,False
fold_03,rolling_7d,independent,present_shrunk20_scale_cv,all,,,0.75,5,"2018-01-07,2018-01-08,2018-01-09,2018-01-10,2018-01-11",775.0,697.901792048503,0.548611111111111,-0.22361111111111112,False
fold_03,rolling_7d,independent,present_shrunk20_scale_cv,all,,,0.8,5,"2018-01-07,2018-01-08,2018-01-09,2018-01-10,2018-01-11",773.0,696.3771357090002,0.5541666666666667,-0.19583333333333333,False
fold_03,rolling_7d,independent,present_shrunk20_scale_cv,all,,,0.85,5,"2018-01-07,2018-01-08,2018-01-09,2018-01-10,2018-01-11",784.0,697.204382393322,0.5611111111111111,-0.16666666666666669,False
fold_03,rolling_7d,independent,present_shrunk20_scale_cv,all,,,0.9,5,"2018-01-07,2018-01-08,2018-01-09,2018-01-10,2018-01-11",764.0,700.3835321014686,0.5638888888888889,-0.12777777777777777,True
fold_03,rolling_7d,independent,present_shrunk20_scale_cv,all,,,0.95,5,"2018-01-07,2018-01-08,2018-01-09,2018-01-10,2018-01-11",778.0,705.9145848334397,0.5805555555555555,-0.08888888888888888,False
fold_03,rolling_7d,independent,present_shrunk20_scale_cv,all,,,1.0,5,"2018-01-07,2018-01-08,2018-01-09,2018-01-10,2018-01-11",787.0,713.7975405892356,0.5819444444444445,-0.06805555555555556,False
fold_03,rolling_7d,independent,present_shrunk20_scale_cv,all,,,1.05,5,"2018-01-07,2018-01-08,2018-01-09,2018-01-10,2018-01-11",789.0,724.032399368856,0.5875,-0.03194444444444444,False
fold_03,rolling_7d,paired,present_shrunk20_scale_cv,all,,,0.7,5,"2018-01-07,2018-01-08,2018-01-09,2018-01-10,2018-01-11",748.0,701.7783514118303,0.5305555555555556,-0.19444444444444445,False
fold_03,rolling_7d,paired,present_shrunk20_scale_cv,all,,,0.75,5,"2018-01-07,2018-01-08,2018-01-09,2018-01-10,2018-01-11",747.0,697.901792048503,0.5402777777777779,-0.16805555555555557,False
fold_03,rolling_7d,paired,present_shrunk20_scale_cv,all,,,0.8,5,"2018-01-07,2018-01-08,2018-01-09,2018-01-10,2018-01-11",747.0,696.3771357090002,0.548611111111111,-0.14027777777777778,False
fold_03,rolling_7d,paired,present_shrunk20_scale_cv,all,,,0.85,5,"2018-01-07,2018-01-08,2018-01-09,2018-01-10,2018-01-11",745.0,697.204382393322,0.5486111111111112,-0.10138888888888889,True
fold_03,rolling_7d,paired,present_shrunk20_scale_cv,all,,,0.9,5,"2018-01-07,2018-01-08,2018-01-09,2018-01-10,2018-01-11",765.0,700.3835321014686,0.5708333333333334,-0.07361111111111111,False
fold_03,rolling_7d,paired,present_shrunk20_scale_cv,all,,,0.95,5,"2018-01-07,2018-01-08,2018-01-09,2018-01-10,2018-01-11",770.0,705.9145848334397,0.586111111111111,-0.04444444444444444,False
fold_03,rolling_7d,paired,present_shrunk20_scale_cv,all,,,1.0,5,"2018-01-07,2018-01-08,2018-01-09,2018-01-10,2018-01-11",758.0,713.7975405892356,0.5861111111111111,-0.011111111111111112,False
fold_03,rolling_7d,paired,present_shrunk20_scale_cv,all,,,1.05,5,"2018-01-07,2018-01-08,2018-01-09,2018-01-10,2018-01-11",784.0,724.032399368856,0.6055555555555555,0.008333333333333335,False
fold_03,rolling_7d,independent,pair_hour_direction_scale_cv,core->near,,,0.7,5,"2018-01-07,2018-01-08,2018-01-09,2018-01-10,2018-01-11",284.0,265.0871250771605,0.8333333333333334,-0.5833333333333334,True
fold_03,rolling_7d,independent,pair_hour_direction_scale_cv,core->near,,,0.75,5,"2018-01-07,2018-01-08,2018-01-09,2018-01-10,2018-01-11",302.0,265.35375752905327,1.0,-0.4166666666666667,False
fold_03,rolling_7d,independent,pair_hour_direction_scale_cv,core->near,,,0.8,5,"2018-01-07,2018-01-08,2018-01-09,2018-01-10,2018-01-11",288.0,266.7598731166541,0.9166666666666666,-0.3333333333333333,False
fold_03,rolling_7d,independent,pair_hour_direction_scale_cv,core->near,,,0.85,5,"2018-01-07,2018-01-08,2018-01-09,2018-01-10,2018-01-11",292.0,269.3054718399628,0.875,-0.20833333333333334,False
fold_03,rolling_7d,independent,pair_hour_direction_scale_cv,core->near,,,0.9,5,"2018-01-07,2018-01-08,2018-01-09,2018-01-10,2018-01-11",302.0,272.99055369897957,0.9583333333333334,-0.041666666666666664,False
fold_03,rolling_7d,independent,pair_hour_direction_scale_cv,core->near,,,0.95,5,"2018-01-07,2018-01-08,2018-01-09,2018-01-10,2018-01-11",310.0,277.81511869370433,1.0,0.0,False
fold_03,rolling_7d,independent,pair_hour_direction_scale_cv,core->near,,,1.0,5,"2018-01-07,2018-01-08,2018-01-09,2018-01-10,2018-01-11",308.0,283.77916682413706,0.9583333333333334,0.041666666666666664,False
fold_03,rolling_7d,independent,pair_hour_direction_scale_cv,core->near,,,1.05,5,"2018-01-07,2018-01-08,2018-01-09,2018-01-10,2018-01-11",313.0,290.88269809027776,0.9166666666666666,0.08333333333333333,False
fold_03,rolling_7d,independent,pair_hour_direction_scale_cv,core->outer,,,0.7,5,"2018-01-07,2018-01-08,2018-01-09,2018-01-10,2018-01-11",44.0,36.90846743827161,0.2916666666666667,-0.20833333333333334,False
fold_03,rolling_7d,independent,pair_hour_direction_scale_cv,core->outer,,,0.75,5,"2018-01-07,2018-01-08,2018-01-09,2018-01-10,2018-01-11",44.0,36.74700768849207,0.2916666666666667,-0.20833333333333334,False
fold_03,rolling_7d,independent,pair_hour_direction_scale_cv,core->outer,,,0.8,5,"2018-01-07,2018-01-08,2018-01-09,2018-01-10,2018-01-11",45.0,36.64108218694885,0.2916666666666667,-0.20833333333333334,False
fold_03,rolling_7d,independent,pair_hour_direction_scale_cv,core->outer,,,0.85,5,"2018-01-07,2018-01-08,2018-01-09,2018-01-10,2018-01-11",42.0,36.59069093364197,0.2916666666666667,-0.125,False
fold_03,rolling_7d,independent,pair_hour_direction_scale_cv,core->outer,,,0.9,5,"2018-01-07,2018-01-08,2018-01-09,2018-01-10,2018-01-11",42.0,36.59583392857142,0.2916666666666667,-0.125,False
fold_03,rolling_7d,independent,pair_hour_direction_scale_cv,core->outer,,,0.95,5,"2018-01-07,2018-01-08,2018-01-09,2018-01-10,2018-01-11",41.0,36.65651117173722,0.2916666666666667,-0.125,False
fold_03,rolling_7d,independent,pair_hour_direction_scale_cv,core->outer,,,1.0,5,"2018-01-07,2018-01-08,2018-01-09,2018-01-10,2018-01-11",41.0,36.77272266313933,0.2916666666666667,-0.125,True
fold_03,rolling_7d,independent,pair_hour_direction_scale_cv,core->outer,,,1.05,5,"2018-01-07,2018-01-08,2018-01-09,2018-01-10,2018-01-11",41.0,36.94446840277778,0.2916666666666667,-0.125,False
fold_03,rolling_7d,independent,pair_hour_direction_scale_cv,near->core,,,0.7,5,"2018-01-07,2018-01-08,2018-01-09,2018-01-10,2018-01-11",271.0,252.68238688271612,0.7916666666666666,-0.375,False
fold_03,rolling_7d,independent,pair_hour_direction_scale_cv,near->core,,,0.75,5,"2018-01-07,2018-01-08,2018-01-09,2018-01-10,2018-01-11",278.0,250.4314815405329,0.8333333333333334,-0.25,False
fold_03,rolling_7d,independent,pair_hour_direction_scale_cv,near->core,,,0.8,5,"2018-01-07,2018-01-08,2018-01-09,2018-01-10,2018-01-11",273.0,249.16919465860417,0.875,-0.20833333333333334,False
fold_03,rolling_7d,independent,pair_hour_direction_scale_cv,near->core,,,0.85,5,"2018-01-07,2018-01-08,2018-01-09,2018-01-10,2018-01-11",272.0,248.89552623692998,0.8333333333333334,-0.16666666666666666,False
fold_03,rolling_7d,independent,pair_hour_direction_scale_cv,near->core,,,0.9,5,"2018-01-07,2018-01-08,2018-01-09,2018-01-10,2018-01-11",256.0,249.6104762755102,0.7916666666666666,-0.125,True
fold_03,rolling_7d,independent,pair_hour_direction_scale_cv,near->core,,,0.95,5,"2018-01-07,2018-01-08,2018-01-09,2018-01-10,2018-01-11",265.0,251.31404477434495,0.7916666666666666,-0.125,False
fold_03,rolling_7d,independent,pair_hour_direction_scale_cv,near->core,,,1.0,5,"2018-01-07,2018-01-08,2018-01-09,2018-01-10,2018-01-11",264.0,254.00623173343413,0.8333333333333334,-0.08333333333333333,False
fold_03,rolling_7d,independent,pair_hour_direction_scale_cv,near->core,,,1.05,5,"2018-01-07,2018-01-08,2018-01-09,2018-01-10,2018-01-11",257.0,257.68703715277775,0.875,0.041666666666666664,False
fold_03,rolling_7d,independent,pair_hour_direction_scale_cv,near->outer,,,0.7,5,"2018-01-07,2018-01-08,2018-01-09,2018-01-10,2018-01-11",79.0,64.92162638888888,0.5833333333333334,-0.3333333333333333,True
fold_03,rolling_7d,independent,pair_hour_direction_scale_cv,near->outer,,,0.75,5,"2018-01-07,2018-01-08,2018-01-09,2018-01-10,2018-01-11",80.0,66.35654389880952,0.5833333333333334,-0.3333333333333333,False
fold_03,rolling_7d,independent,pair_hour_direction_scale_cv,near->outer,,,0.8,5,"2018-01-07,2018-01-08,2018-01-09,2018-01-10,2018-01-11",83.0,67.98353015873016,0.5833333333333334,-0.3333333333333333,False
fold_03,rolling_7d,independent,pair_hour_direction_scale_cv,near->outer,,,0.85,5,"2018-01-07,2018-01-08,2018-01-09,2018-01-10,2018-01-11",84.0,69.80258516865078,0.6666666666666666,-0.16666666666666666,False
fold_03,rolling_7d,independent,pair_hour_direction_scale_cv,near->outer,,,0.9,5,"2018-01-07,2018-01-08,2018-01-09,2018-01-10,2018-01-11",88.0,71.81370892857143,0.6666666666666666,-0.16666666666666666,False
fold_03,rolling_7d,independent,pair_hour_direction_scale_cv,near->outer,,,0.95,5,"2018-01-07,2018-01-08,2018-01-09,2018-01-10,2018-01-11",88.0,74.01690143849206,0.6666666666666666,-0.16666666666666666,False
fold_03,rolling_7d,independent,pair_hour_direction_scale_cv,near->outer,,,1.0,5,"2018-01-07,2018-01-08,2018-01-09,2018-01-10,2018-01-11",94.0,76.4121626984127,0.6666666666666666,-0.16666666666666666,False
fold_03,rolling_7d,independent,pair_hour_direction_scale_cv,near->outer,,,1.05,5,"2018-01-07,2018-01-08,2018-01-09,2018-01-10,2018-01-11",93.0,78.99949270833334,0.6666666666666666,-0.08333333333333333,False
fold_03,rolling_7d,independent,pair_hour_direction_scale_cv,outer->core,,,0.7,5,"2018-01-07,2018-01-08,2018-01-09,2018-01-10,2018-01-11",28.0,25.254754706790127,0.25,-0.25,False
fold_03,rolling_7d,independent,pair_hour_direction_scale_cv,outer->core,,,0.75,5,"2018-01-07,2018-01-08,2018-01-09,2018-01-10,2018-01-11",28.0,25.32021161068594,0.25,-0.25,True
fold_03,rolling_7d,independent,pair_hour_direction_scale_cv,outer->core,,,0.8,5,"2018-01-07,2018-01-08,2018-01-09,2018-01-10,2018-01-11",30.0,25.420541295036536,0.25,-0.25,False
fold_03,rolling_7d,independent,pair_hour_direction_scale_cv,outer->core,,,0.85,5,"2018-01-07,2018-01-08,2018-01-09,2018-01-10,2018-01-11",31.0,25.555743759841903,0.2916666666666667,-0.20833333333333334,False
fold_03,rolling_7d,independent,pair_hour_direction_scale_cv,outer->core,,,0.9,5,"2018-01-07,2018-01-08,2018-01-09,2018-01-10,2018-01-11",31.0,25.72581900510204,0.2916666666666667,-0.20833333333333334,False
fold_03,rolling_7d,independent,pair_hour_direction_scale_cv,outer->core,,,0.95,5,"2018-01-07,2018-01-08,2018-01-09,2018-01-10,2018-01-11",32.0,25.930767030816956,0.2916666666666667,-0.20833333333333334,False
fold_03,rolling_7d,independent,pair_hour_direction_scale_cv,outer->core,,,1.0,5,"2018-01-07,2018-01-08,2018-01-09,2018-01-10,2018-01-11",32.0,26.17058783698665,0.2916666666666667,-0.20833333333333334,False
fold_03,rolling_7d,independent,pair_hour_direction_scale_cv,outer->core,,,1.05,5,"2018-01-07,2018-01-08,2018-01-09,2018-01-10,2018-01-11",35.0,26.445281423611114,0.375,-0.125,False
fold_03,rolling_7d,independent,pair_hour_direction_scale_cv,outer->near,,,0.7,5,"2018-01-07,2018-01-08,2018-01-09,2018-01-10,2018-01-11",81.0,69.44309174382715,0.5,-0.25,False
fold_03,rolling_7d,independent,pair_hour_direction_scale_cv,outer->near,,,0.75,5,"2018-01-07,2018-01-08,2018-01-09,2018-01-10,2018-01-11",81.0,69.08934851544785,0.4583333333333333,-0.20833333333333334,False
fold_03,rolling_7d,independent,pair_hour_direction_scale_cv,outer->near,,,0.8,5,"2018-01-07,2018-01-08,2018-01-09,2018-01-10,2018-01-11",81.0,68.9413624590577,0.4583333333333333,-0.20833333333333334,False
fold_03,rolling_7d,independent,pair_hour_direction_scale_cv,outer->near,,,0.85,5,"2018-01-07,2018-01-08,2018-01-09,2018-01-10,2018-01-11",79.0,68.99913357465671,0.4583333333333333,-0.125,False
fold_03,rolling_7d,independent,pair_hour_direction_scale_cv,outer->near,,,0.9,5,"2018-01-07,2018-01-08,2018-01-09,2018-01-10,2018-01-11",82.0,69.2626618622449,0.4583333333333333,-0.125,False
fold_03,rolling_7d,independent,pair_hour_direction_scale_cv,outer->near,,,0.95,5,"2018-01-07,2018-01-08,2018-01-09,2018-01-10,2018-01-11",82.0,69.73194732182225,0.4583333333333333,-0.125,False
fold_03,rolling_7d,independent,pair_hour_direction_scale_cv,outer->near,,,1.0,5,"2018-01-07,2018-01-08,2018-01-09,2018-01-10,2018-01-11",82.0,70.40698995338876,0.4583333333333333,-0.125,False
fold_03,rolling_7d,independent,pair_hour_direction_scale_cv,outer->near,,,1.05,5,"2018-01-07,2018-01-08,2018-01-09,2018-01-10,2018-01-11",73.0,71.28778975694445,0.4166666666666667,-0.08333333333333333,True
fold_03,rolling_7d,paired,pair_hour_direction_scale_cv,core->near,,,0.7,5,"2018-01-07,2018-01-08,2018-01-09,2018-01-10,2018-01-11",265.0,265.0871250771605,0.875,-0.2916666666666667,True
fold_03,rolling_7d,paired,pair_hour_direction_scale_cv,core->near,,,0.75,5,"2018-01-07,2018-01-08,2018-01-09,2018-01-10,2018-01-11",271.0,265.35375752905327,0.9166666666666666,-0.25,False
fold_03,rolling_7d,paired,pair_hour_direction_scale_cv,core->near,,,0.8,5,"2018-01-07,2018-01-08,2018-01-09,2018-01-10,2018-01-11",280.0,266.7598731166541,0.9166666666666666,-0.25,False
fold_03,rolling_7d,paired,pair_hour_direction_scale_cv,core->near,,,0.85,5,"2018-01-07,2018-01-08,2018-01-09,2018-01-10,2018-01-11",294.0,269.3054718399628,0.9583333333333334,-0.20833333333333334,False
fold_03,rolling_7d,paired,pair_hour_direction_scale_cv,core->near,,,0.9,5,"2018-01-07,2018-01-08,2018-01-09,2018-01-10,2018-01-11",293.0,272.99055369897957,0.9166666666666666,-0.08333333333333333,False
fold_03,rolling_7d,paired,pair_hour_direction_scale_cv,core->near,,,0.95,5,"2018-01-07,2018-01-08,2018-01-09,2018-01-10,2018-01-11",295.0,277.81511869370433,1.0,0.0,False
fold_03,rolling_7d,paired,pair_hour_direction_scale_cv,core->near,,,1.0,5,"2018-01-07,2018-01-08,2018-01-09,2018-01-10,2018-01-11",305.0,283.77916682413706,0.9166666666666666,0.08333333333333333,False
fold_03,rolling_7d,paired,pair_hour_direction_scale_cv,core->near,,,1.05,5,"2018-01-07,2018-01-08,2018-01-09,2018-01-10,2018-01-11",307.0,290.88269809027776,0.875,0.125,False
fold_03,rolling_7d,paired,pair_hour_direction_scale_cv,core->outer,,,0.7,5,"2018-01-07,2018-01-08,2018-01-09,2018-01-10,2018-01-11",45.0,36.90846743827161,0.2916666666666667,-0.20833333333333334,False
fold_03,rolling_7d,paired,pair_hour_direction_scale_cv,core->outer,,,0.75,5,"2018-01-07,2018-01-08,2018-01-09,2018-01-10,2018-01-11",45.0,36.74700768849207,0.2916666666666667,-0.20833333333333334,False
fold_03,rolling_7d,paired,pair_hour_direction_scale_cv,core->outer,,,0.8,5,"2018-01-07,2018-01-08,2018-01-09,2018-01-10,2018-01-11",45.0,36.64108218694885,0.2916666666666667,-0.20833333333333334,False
fold_03,rolling_7d,paired,pair_hour_direction_scale_cv,core->outer,,,0.85,5,"2018-01-07,2018-01-08,2018-01-09,2018-01-10,2018-01-11",45.0,36.59069093364197,0.2916666666666667,-0.20833333333333334,False
fold_03,rolling_7d,paired,pair_hour_direction_scale_cv,core->outer,,,0.9,5,"2018-01-07,2018-01-08,2018-01-09,2018-01-10,2018-01-11",45.0,36.59583392857142,0.2916666666666667,-0.20833333333333334,False
fold_03,rolling_7d,paired,pair_hour_direction_scale_cv,core->outer,,,0.95,5,"2018-01-07,2018-01-08,2018-01-09,2018-01-10,2018-01-11",45.0,36.65651117173722,0.2916666666666667,-0.20833333333333334,True
fold_03,rolling_7d,paired,pair_hour_direction_scale_cv,core->outer,,,1.0,5,"2018-01-07,2018-01-08,2018-01-09,2018-01-10,2018-01-11",48.0,36.77272266313933,0.3333333333333333,-0.16666666666666666,False
fold_03,rolling_7d,paired,pair_hour_direction_scale_cv,core->outer,,,1.05,5,"2018-01-07,2018-01-08,2018-01-09,2018-01-10,2018-01-11",47.0,36.94446840277778,0.4166666666666667,-0.08333333333333333,False
fold_03,rolling_7d,paired,pair_hour_direction_scale_cv,near->core,,,0.7,5,"2018-01-07,2018-01-08,2018-01-09,2018-01-10,2018-01-11",265.0,252.68238688271612,0.875,-0.2916666666666667,False
fold_03,rolling_7d,paired,pair_hour_direction_scale_cv,near->core,,,0.75,5,"2018-01-07,2018-01-08,2018-01-09,2018-01-10,2018-01-11",274.0,250.4314815405329,0.9166666666666666,-0.25,False
fold_03,rolling_7d,paired,pair_hour_direction_scale_cv,near->core,,,0.8,5,"2018-01-07,2018-01-08,2018-01-09,2018-01-10,2018-01-11",264.0,249.16919465860417,0.9166666666666666,-0.16666666666666666,False
fold_03,rolling_7d,paired,pair_hour_direction_scale_cv,near->core,,,0.85,5,"2018-01-07,2018-01-08,2018-01-09,2018-01-10,2018-01-11",259.0,248.89552623692998,0.875,-0.125,False
fold_03,rolling_7d,paired,pair_hour_direction_scale_cv,near->core,,,0.9,5,"2018-01-07,2018-01-08,2018-01-09,2018-01-10,2018-01-11",257.0,249.6104762755102,0.8333333333333334,-0.08333333333333333,True
fold_03,rolling_7d,paired,pair_hour_direction_scale_cv,near->core,,,0.95,5,"2018-01-07,2018-01-08,2018-01-09,2018-01-10,2018-01-11",265.0,251.31404477434495,0.8333333333333334,0.0,False
fold_03,rolling_7d,paired,pair_hour_direction_scale_cv,near->core,,,1.0,5,"2018-01-07,2018-01-08,2018-01-09,2018-01-10,2018-01-11",270.0,254.00623173343413,0.875,0.041666666666666664,False
fold_03,rolling_7d,paired,pair_hour_direction_scale_cv,near->core,,,1.05,5,"2018-01-07,2018-01-08,2018-01-09,2018-01-10,2018-01-11",269.0,257.68703715277775,0.9166666666666666,0.08333333333333333,False
fold_03,rolling_7d,paired,pair_hour_direction_scale_cv,near->outer,,,0.7,5,"2018-01-07,2018-01-08,2018-01-09,2018-01-10,2018-01-11",79.0,64.92162638888888,0.5416666666666666,-0.375,True
fold_03,rolling_7d,paired,pair_hour_direction_scale_cv,near->outer,,,0.75,5,"2018-01-07,2018-01-08,2018-01-09,2018-01-10,2018-01-11",82.0,66.35654389880952,0.5833333333333334,-0.3333333333333333,False
fold_03,rolling_7d,paired,pair_hour_direction_scale_cv,near->outer,,,0.8,5,"2018-01-07,2018-01-08,2018-01-09,2018-01-10,2018-01-11",83.0,67.98353015873016,0.625,-0.2916666666666667,False
fold_03,rolling_7d,paired,pair_hour_direction_scale_cv,near->outer,,,0.85,5,"2018-01-07,2018-01-08,2018-01-09,2018-01-10,2018-01-11",84.0,69.80258516865078,0.6666666666666666,-0.16666666666666666,False
fold_03,rolling_7d,paired,pair_hour_direction_scale_cv,near->outer,,,0.9,5,"2018-01-07,2018-01-08,2018-01-09,2018-01-10,2018-01-11",87.0,71.81370892857143,0.6666666666666666,-0.16666666666666666,False
fold_03,rolling_7d,paired,pair_hour_direction_scale_cv,near->outer,,,0.95,5,"2018-01-07,2018-01-08,2018-01-09,2018-01-10,2018-01-11",87.0,74.01690143849206,0.6666666666666666,-0.16666666666666666,False
fold_03,rolling_7d,paired,pair_hour_direction_scale_cv,near->outer,,,1.0,5,"2018-01-07,2018-01-08,2018-01-09,2018-01-10,2018-01-11",88.0,76.4121626984127,0.7083333333333334,-0.125,False
fold_03,rolling_7d,paired,pair_hour_direction_scale_cv,near->outer,,,1.05,5,"2018-01-07,2018-01-08,2018-01-09,2018-01-10,2018-01-11",93.0,78.99949270833334,0.7083333333333334,-0.125,False
fold_03,rolling_7d,paired,pair_hour_direction_scale_cv,outer->core,,,0.7,5,"2018-01-07,2018-01-08,2018-01-09,2018-01-10,2018-01-11",29.0,25.254754706790127,0.25,-0.25,False
fold_03,rolling_7d,paired,pair_hour_direction_scale_cv,outer->core,,,0.75,5,"2018-01-07,2018-01-08,2018-01-09,2018-01-10,2018-01-11",30.0,25.32021161068594,0.25,-0.25,False
fold_03,rolling_7d,paired,pair_hour_direction_scale_cv,outer->core,,,0.8,5,"2018-01-07,2018-01-08,2018-01-09,2018-01-10,2018-01-11",29.0,25.420541295036536,0.25,-0.25,False
fold_03,rolling_7d,paired,pair_hour_direction_scale_cv,outer->core,,,0.85,5,"2018-01-07,2018-01-08,2018-01-09,2018-01-10,2018-01-11",27.0,25.555743759841903,0.25,-0.25,False
fold_03,rolling_7d,paired,pair_hour_direction_scale_cv,outer->core,,,0.9,5,"2018-01-07,2018-01-08,2018-01-09,2018-01-10,2018-01-11",26.0,25.72581900510204,0.25,-0.25,True
fold_03,rolling_7d,paired,pair_hour_direction_scale_cv,outer->core,,,0.95,5,"2018-01-07,2018-01-08,2018-01-09,2018-01-10,2018-01-11",28.0,25.930767030816956,0.25,-0.25,False
fold_03,rolling_7d,paired,pair_hour_direction_scale_cv,outer->core,,,1.0,5,"2018-01-07,2018-01-08,2018-01-09,2018-01-10,2018-01-11",32.0,26.17058783698665,0.25,-0.25,False
fold_03,rolling_7d,paired,pair_hour_direction_scale_cv,outer->core,,,1.05,5,"2018-01-07,2018-01-08,2018-01-09,2018-01-10,2018-01-11",33.0,26.445281423611114,0.2916666666666667,-0.20833333333333334,False
fold_03,rolling_7d,paired,pair_hour_direction_scale_cv,outer->near,,,0.7,5,"2018-01-07,2018-01-08,2018-01-09,2018-01-10,2018-01-11",87.0,69.44309174382715,0.5,-0.25,False
fold_03,rolling_7d,paired,pair_hour_direction_scale_cv,outer->near,,,0.75,5,"2018-01-07,2018-01-08,2018-01-09,2018-01-10,2018-01-11",83.0,69.08934851544785,0.4583333333333333,-0.20833333333333334,True
fold_03,rolling_7d,paired,pair_hour_direction_scale_cv,outer->near,,,0.8,5,"2018-01-07,2018-01-08,2018-01-09,2018-01-10,2018-01-11",86.0,68.9413624590577,0.5,-0.16666666666666666,False
fold_03,rolling_7d,paired,pair_hour_direction_scale_cv,outer->near,,,0.85,5,"2018-01-07,2018-01-08,2018-01-09,2018-01-10,2018-01-11",86.0,68.99913357465671,0.4583333333333333,-0.041666666666666664,False
fold_03,rolling_7d,paired,pair_hour_direction_scale_cv,outer->near,,,0.9,5,"2018-01-07,2018-01-08,2018-01-09,2018-01-10,2018-01-11",88.0,69.2626618622449,0.4583333333333333,-0.041666666666666664,False
fold_03,rolling_7d,paired,pair_hour_direction_scale_cv,outer->near,,,0.95,5,"2018-01-07,2018-01-08,2018-01-09,2018-01-10,2018-01-11",89.0,69.73194732182225,0.4583333333333333,-0.041666666666666664,False
fold_03,rolling_7d,paired,pair_hour_direction_scale_cv,outer->near,,,1.0,5,"2018-01-07,2018-01-08,2018-01-09,2018-01-10,2018-01-11",90.0,70.40698995338876,0.4166666666666667,0.0,False
fold_03,rolling_7d,paired,pair_hour_direction_scale_cv,outer->near,,,1.05,5,"2018-01-07,2018-01-08,2018-01-09,2018-01-10,2018-01-11",85.0,71.28778975694445,0.4166666666666667,0.08333333333333333,False
fold_03,rolling_7d,independent,present_shrunk20_direction_scale_cv,core->near,,,0.7,5,"2018-01-07,2018-01-08,2018-01-09,2018-01-10,2018-01-11",281.0,256.6311606635944,1.0,-0.4166666666666667,False
fold_03,rolling_7d,independent,present_shrunk20_direction_scale_cv,core->near,,,0.75,5,"2018-01-07,2018-01-08,2018-01-09,2018-01-10,2018-01-11",276.0,255.19592818656483,0.9166666666666666,-0.3333333333333333,False
fold_03,rolling_7d,independent,present_shrunk20_direction_scale_cv,core->near,,,0.8,5,"2018-01-07,2018-01-08,2018-01-09,2018-01-10,2018-01-11",276.0,254.7537965158018,0.875,-0.2916666666666667,True
fold_03,rolling_7d,independent,present_shrunk20_direction_scale_cv,core->near,,,0.85,5,"2018-01-07,2018-01-08,2018-01-09,2018-01-10,2018-01-11",281.0,255.30476565130533,0.875,-0.2916666666666667,False
fold_03,rolling_7d,independent,present_shrunk20_direction_scale_cv,core->near,,,0.9,5,"2018-01-07,2018-01-08,2018-01-09,2018-01-10,2018-01-11",281.0,256.8488355930755,0.8333333333333334,-0.16666666666666666,False
fold_03,rolling_7d,independent,present_shrunk20_direction_scale_cv,core->near,,,0.95,5,"2018-01-07,2018-01-08,2018-01-09,2018-01-10,2018-01-11",290.0,259.3860063411122,0.875,-0.041666666666666664,False
fold_03,rolling_7d,independent,present_shrunk20_direction_scale_cv,core->near,,,1.0,5,"2018-01-07,2018-01-08,2018-01-09,2018-01-10,2018-01-11",294.0,262.91627789541553,0.9583333333333334,0.041666666666666664,False
fold_03,rolling_7d,independent,present_shrunk20_direction_scale_cv,core->near,,,1.05,5,"2018-01-07,2018-01-08,2018-01-09,2018-01-10,2018-01-11",300.0,267.4396502559854,0.9583333333333334,0.041666666666666664,False
fold_03,rolling_7d,independent,present_shrunk20_direction_scale_cv,core->outer,,,0.7,5,"2018-01-07,2018-01-08,2018-01-09,2018-01-10,2018-01-11",44.0,36.86420105415349,0.2916666666666667,-0.20833333333333334,False
fold_03,rolling_7d,independent,present_shrunk20_direction_scale_cv,core->outer,,,0.75,5,"2018-01-07,2018-01-08,2018-01-09,2018-01-10,2018-01-11",44.0,36.622058698048896,0.2916666666666667,-0.20833333333333334,False
fold_03,rolling_7d,independent,present_shrunk20_direction_scale_cv,core->outer,,,0.8,5,"2018-01-07,2018-01-08,2018-01-09,2018-01-10,2018-01-11",44.0,36.42511449394795,0.2916666666666667,-0.20833333333333334,False
fold_03,rolling_7d,independent,present_shrunk20_direction_scale_cv,core->outer,,,0.85,5,"2018-01-07,2018-01-08,2018-01-09,2018-01-10,2018-01-11",44.0,36.27336844185064,0.2916666666666667,-0.20833333333333334,False
fold_03,rolling_7d,independent,present_shrunk20_direction_scale_cv,core->outer,,,0.9,5,"2018-01-07,2018-01-08,2018-01-09,2018-01-10,2018-01-11",45.0,36.16682054175698,0.2916666666666667,-0.20833333333333334,False
fold_03,rolling_7d,independent,present_shrunk20_direction_scale_cv,core->outer,,,0.95,5,"2018-01-07,2018-01-08,2018-01-09,2018-01-10,2018-01-11",42.0,36.105470793666946,0.2916666666666667,-0.125,False
fold_03,rolling_7d,independent,present_shrunk20_direction_scale_cv,core->outer,,,1.0,5,"2018-01-07,2018-01-08,2018-01-09,2018-01-10,2018-01-11",42.0,36.089319197580565,0.2916666666666667,-0.125,False
fold_03,rolling_7d,independent,present_shrunk20_direction_scale_cv,core->outer,,,1.05,5,"2018-01-07,2018-01-08,2018-01-09,2018-01-10,2018-01-11",41.0,36.11836575349781,0.2916666666666667,-0.125,True
fold_03,rolling_7d,independent,present_shrunk20_direction_scale_cv,near->core,,,0.7,5,"2018-01-07,2018-01-08,2018-01-09,2018-01-10,2018-01-11",272.0,250.25550739494798,0.8333333333333334,-0.3333333333333333,False
fold_03,rolling_7d,independent,present_shrunk20_direction_scale_cv,near->core,,,0.75,5,"2018-01-07,2018-01-08,2018-01-09,2018-01-10,2018-01-11",268.0,247.53765909268714,0.8333333333333334,-0.3333333333333333,False
fold_03,rolling_7d,independent,present_shrunk20_direction_scale_cv,near->core,,,0.8,5,"2018-01-07,2018-01-08,2018-01-09,2018-01-10,2018-01-11",260.0,245.76928332731586,0.7916666666666666,-0.20833333333333334,False
fold_03,rolling_7d,independent,present_shrunk20_direction_scale_cv,near->core,,,0.85,5,"2018-01-07,2018-01-08,2018-01-09,2018-01-10,2018-01-11",265.0,244.950380098834,0.8333333333333334,-0.16666666666666666,False
fold_03,rolling_7d,independent,present_shrunk20_direction_scale_cv,near->core,,,0.9,5,"2018-01-07,2018-01-08,2018-01-09,2018-01-10,2018-01-11",244.0,245.08094940724175,0.7916666666666666,-0.125,True
fold_03,rolling_7d,independent,present_shrunk20_direction_scale_cv,near->core,,,0.95,5,"2018-01-07,2018-01-08,2018-01-09,2018-01-10,2018-01-11",246.0,246.16099125253896,0.875,-0.041666666666666664,False
fold_03,rolling_7d,independent,present_shrunk20_direction_scale_cv,near->core,,,1.0,5,"2018-01-07,2018-01-08,2018-01-09,2018-01-10,2018-01-11",253.0,248.19050563472572,0.875,-0.041666666666666664,False
fold_03,rolling_7d,independent,present_shrunk20_direction_scale_cv,near->core,,,1.05,5,"2018-01-07,2018-01-08,2018-01-09,2018-01-10,2018-01-11",250.0,251.16949255380206,0.875,0.041666666666666664,False
fold_03,rolling_7d,independent,present_shrunk20_direction_scale_cv,near->outer,,,0.7,5,"2018-01-07,2018-01-08,2018-01-09,2018-01-10,2018-01-11",79.0,63.2229039302024,0.5833333333333334,-0.3333333333333333,True
fold_03,rolling_7d,independent,present_shrunk20_direction_scale_cv,near->outer,,,0.75,5,"2018-01-07,2018-01-08,2018-01-09,2018-01-10,2018-01-11",80.0,64.40850218230709,0.5833333333333334,-0.3333333333333333,False
fold_03,rolling_7d,independent,present_shrunk20_direction_scale_cv,near->outer,,,0.8,5,"2018-01-07,2018-01-08,2018-01-09,2018-01-10,2018-01-11",83.0,65.76910492583332,0.5833333333333334,-0.3333333333333333,False
fold_03,rolling_7d,independent,present_shrunk20_direction_scale_cv,near->outer,,,0.85,5,"2018-01-07,2018-01-08,2018-01-09,2018-01-10,2018-01-11",84.0,67.30471216078112,0.5833333333333334,-0.3333333333333333,False
fold_03,rolling_7d,independent,present_shrunk20_direction_scale_cv,near->outer,,,0.9,5,"2018-01-07,2018-01-08,2018-01-09,2018-01-10,2018-01-11",84.0,69.01532388715046,0.6666666666666666,-0.16666666666666666,False
fold_03,rolling_7d,independent,present_shrunk20_direction_scale_cv,near->outer,,,0.95,5,"2018-01-07,2018-01-08,2018-01-09,2018-01-10,2018-01-11",89.0,70.90094010494136,0.6666666666666666,-0.16666666666666666,False
fold_03,rolling_7d,independent,present_shrunk20_direction_scale_cv,near->outer,,,1.0,5,"2018-01-07,2018-01-08,2018-01-09,2018-01-10,2018-01-11",88.0,72.96156081415383,0.6666666666666666,-0.16666666666666666,False
fold_03,rolling_7d,independent,present_shrunk20_direction_scale_cv,near->outer,,,1.05,5,"2018-01-07,2018-01-08,2018-01-09,2018-01-10,2018-01-11",87.0,75.19718601478786,0.6666666666666666,-0.08333333333333333,False
fold_03,rolling_7d,independent,present_shrunk20_direction_scale_cv,outer->core,,,0.7,5,"2018-01-07,2018-01-08,2018-01-09,2018-01-10,2018-01-11",28.0,24.700156596502904,0.25,-0.25,False
fold_03,rolling_7d,independent,present_shrunk20_direction_scale_cv,outer->core,,,0.75,5,"2018-01-07,2018-01-08,2018-01-09,2018-01-10,2018-01-11",28.0,24.654920127526456,0.25,-0.25,False
fold_03,rolling_7d,independent,present_shrunk20_direction_scale_cv,outer->core,,,0.8,5,"2018-01-07,2018-01-08,2018-01-09,2018-01-10,2018-01-11",28.0,24.63507920938645,0.25,-0.25,False
fold_03,rolling_7d,independent,present_shrunk20_direction_scale_cv,outer->core,,,0.85,5,"2018-01-07,2018-01-08,2018-01-09,2018-01-10,2018-01-11",28.0,24.64063384208289,0.25,-0.25,False
fold_03,rolling_7d,independent,present_shrunk20_direction_scale_cv,outer->core,,,0.9,5,"2018-01-07,2018-01-08,2018-01-09,2018-01-10,2018-01-11",28.0,24.67158402561578,0.25,-0.25,True
fold_03,rolling_7d,independent,present_shrunk20_direction_scale_cv,outer->core,,,0.95,5,"2018-01-07,2018-01-08,2018-01-09,2018-01-10,2018-01-11",30.0,24.727929759985116,0.25,-0.25,False
fold_03,rolling_7d,independent,present_shrunk20_direction_scale_cv,outer->core,,,1.0,5,"2018-01-07,2018-01-08,2018-01-09,2018-01-10,2018-01-11",30.0,24.809671045190896,0.2916666666666667,-0.20833333333333334,False
fold_03,rolling_7d,independent,present_shrunk20_direction_scale_cv,outer->core,,,1.05,5,"2018-01-07,2018-01-08,2018-01-09,2018-01-10,2018-01-11",30.0,24.91680788123312,0.2916666666666667,-0.20833333333333334,False
fold_03,rolling_7d,independent,present_shrunk20_direction_scale_cv,outer->near,,,0.7,5,"2018-01-07,2018-01-08,2018-01-09,2018-01-10,2018-01-11",78.0,70.10442177242915,0.5,-0.25,True
fold_03,rolling_7d,independent,present_shrunk20_direction_scale_cv,outer->near,,,0.75,5,"2018-01-07,2018-01-08,2018-01-09,2018-01-10,2018-01-11",79.0,69.48272376136858,0.5,-0.25,False
fold_03,rolling_7d,independent,present_shrunk20_direction_scale_cv,outer->near,,,0.8,5,"2018-01-07,2018-01-08,2018-01-09,2018-01-10,2018-01-11",82.0,69.0247572367149,0.5,-0.25,False
fold_03,rolling_7d,independent,present_shrunk20_direction_scale_cv,outer->near,,,0.85,5,"2018-01-07,2018-01-08,2018-01-09,2018-01-10,2018-01-11",82.0,68.7305221984681,0.4583333333333333,-0.20833333333333334,False
fold_03,rolling_7d,independent,present_shrunk20_direction_scale_cv,outer->near,,,0.9,5,"2018-01-07,2018-01-08,2018-01-09,2018-01-10,2018-01-11",82.0,68.60001864662817,0.5,-0.16666666666666666,False
fold_03,rolling_7d,independent,present_shrunk20_direction_scale_cv,outer->near,,,0.95,5,"2018-01-07,2018-01-08,2018-01-09,2018-01-10,2018-01-11",81.0,68.63324658119512,0.4583333333333333,-0.125,False
fold_03,rolling_7d,independent,present_shrunk20_direction_scale_cv,outer->near,,,1.0,5,"2018-01-07,2018-01-08,2018-01-09,2018-01-10,2018-01-11",80.0,68.83020600216898,0.4583333333333333,-0.125,False
fold_03,rolling_7d,independent,present_shrunk20_direction_scale_cv,outer->near,,,1.05,5,"2018-01-07,2018-01-08,2018-01-09,2018-01-10,2018-01-11",81.0,69.1908969095497,0.4166666666666667,-0.08333333333333333,False
fold_03,rolling_7d,paired,present_shrunk20_direction_scale_cv,core->near,,,0.7,5,"2018-01-07,2018-01-08,2018-01-09,2018-01-10,2018-01-11",268.0,256.6311606635944,0.9166666666666666,-0.3333333333333333,False
fold_03,rolling_7d,paired,present_shrunk20_direction_scale_cv,core->near,,,0.75,5,"2018-01-07,2018-01-08,2018-01-09,2018-01-10,2018-01-11",257.0,255.19592818656483,0.8333333333333334,-0.25,True
fold_03,rolling_7d,paired,present_shrunk20_direction_scale_cv,core->near,,,0.8,5,"2018-01-07,2018-01-08,2018-01-09,2018-01-10,2018-01-11",261.0,254.7537965158018,0.875,-0.20833333333333334,False
fold_03,rolling_7d,paired,present_shrunk20_direction_scale_cv,core->near,,,0.85,5,"2018-01-07,2018-01-08,2018-01-09,2018-01-10,2018-01-11",266.0,255.30476565130533,0.7916666666666666,-0.125,False
fold_03,rolling_7d,paired,present_shrunk20_direction_scale_cv,core->near,,,0.9,5,"2018-01-07,2018-01-08,2018-01-09,2018-01-10,2018-01-11",275.0,256.8488355930755,0.8333333333333334,-0.08333333333333333,False
fold_03,rolling_7d,paired,present_shrunk20_direction_scale_cv,core->near,,,0.95,5,"2018-01-07,2018-01-08,2018-01-09,2018-01-10,2018-01-11",274.0,259.3860063411122,0.8333333333333334,0.0,False
fold_03,rolling_7d,paired,present_shrunk20_direction_scale_cv,core->near,,,1.0,5,"2018-01-07,2018-01-08,2018-01-09,2018-01-10,2018-01-11",262.0,262.91627789541553,0.875,0.125,False
fold_03,rolling_7d,paired,present_shrunk20_direction_scale_cv,core->near,,,1.05,5,"2018-01-07,2018-01-08,2018-01-09,2018-01-10,2018-01-11",276.0,267.4396502559854,0.875,0.125,False
fold_03,rolling_7d,paired,present_shrunk20_direction_scale_cv,core->outer,,,0.7,5,"2018-01-07,2018-01-08,2018-01-09,2018-01-10,2018-01-11",43.0,36.86420105415349,0.25,-0.25,False
fold_03,rolling_7d,paired,present_shrunk20_direction_scale_cv,core->outer,,,0.75,5,"2018-01-07,2018-01-08,2018-01-09,2018-01-10,2018-01-11",43.0,36.622058698048896,0.25,-0.25,False
fold_03,rolling_7d,paired,present_shrunk20_direction_scale_cv,core->outer,,,0.8,5,"2018-01-07,2018-01-08,2018-01-09,2018-01-10,2018-01-11",45.0,36.42511449394795,0.2916666666666667,-0.20833333333333334,False
fold_03,rolling_7d,paired,present_shrunk20_direction_scale_cv,core->outer,,,0.85,5,"2018-01-07,2018-01-08,2018-01-09,2018-01-10,2018-01-11",45.0,36.27336844185064,0.2916666666666667,-0.20833333333333334,False
fold_03,rolling_7d,paired,present_shrunk20_direction_scale_cv,core->outer,,,0.9,5,"2018-01-07,2018-01-08,2018-01-09,2018-01-10,2018-01-11",42.0,36.16682054175698,0.2916666666666667,-0.20833333333333334,False
fold_03,rolling_7d,paired,present_shrunk20_direction_scale_cv,core->outer,,,0.95,5,"2018-01-07,2018-01-08,2018-01-09,2018-01-10,2018-01-11",42.0,36.105470793666946,0.2916666666666667,-0.20833333333333334,True
fold_03,rolling_7d,paired,present_shrunk20_direction_scale_cv,core->outer,,,1.0,5,"2018-01-07,2018-01-08,2018-01-09,2018-01-10,2018-01-11",43.0,36.089319197580565,0.2916666666666667,-0.20833333333333334,False
fold_03,rolling_7d,paired,present_shrunk20_direction_scale_cv,core->outer,,,1.05,5,"2018-01-07,2018-01-08,2018-01-09,2018-01-10,2018-01-11",43.0,36.11836575349781,0.2916666666666667,-0.20833333333333334,False
fold_03,rolling_7d,paired,present_shrunk20_direction_scale_cv,near->core,,,0.7,5,"2018-01-07,2018-01-08,2018-01-09,2018-01-10,2018-01-11",266.0,250.25550739494798,0.875,-0.2916666666666667,False
fold_03,rolling_7d,paired,present_shrunk20_direction_scale_cv,near->core,,,0.75,5,"2018-01-07,2018-01-08,2018-01-09,2018-01-10,2018-01-11",263.0,247.53765909268714,0.9166666666666666,-0.25,False
fold_03,rolling_7d,paired,present_shrunk20_direction_scale_cv,near->core,,,0.8,5,"2018-01-07,2018-01-08,2018-01-09,2018-01-10,2018-01-11",267.0,245.76928332731586,0.875,-0.20833333333333334,False
fold_03,rolling_7d,paired,present_shrunk20_direction_scale_cv,near->core,,,0.85,5,"2018-01-07,2018-01-08,2018-01-09,2018-01-10,2018-01-11",256.0,244.950380098834,0.875,-0.125,False
fold_03,rolling_7d,paired,present_shrunk20_direction_scale_cv,near->core,,,0.9,5,"2018-01-07,2018-01-08,2018-01-09,2018-01-10,2018-01-11",258.0,245.08094940724175,0.9166666666666666,-0.08333333333333333,False
fold_03,rolling_7d,paired,present_shrunk20_direction_scale_cv,near->core,,,0.95,5,"2018-01-07,2018-01-08,2018-01-09,2018-01-10,2018-01-11",252.0,246.16099125253896,0.9166666666666666,0.0,True
fold_03,rolling_7d,paired,present_shrunk20_direction_scale_cv,near->core,,,1.0,5,"2018-01-07,2018-01-08,2018-01-09,2018-01-10,2018-01-11",258.0,248.19050563472572,0.875,0.041666666666666664,False
fold_03,rolling_7d,paired,present_shrunk20_direction_scale_cv,near->core,,,1.05,5,"2018-01-07,2018-01-08,2018-01-09,2018-01-10,2018-01-11",263.0,251.16949255380206,0.9166666666666666,0.08333333333333333,False
fold_03,rolling_7d,paired,present_shrunk20_direction_scale_cv,near->outer,,,0.7,5,"2018-01-07,2018-01-08,2018-01-09,2018-01-10,2018-01-11",78.0,63.2229039302024,0.5833333333333334,-0.3333333333333333,True
fold_03,rolling_7d,paired,present_shrunk20_direction_scale_cv,near->outer,,,0.75,5,"2018-01-07,2018-01-08,2018-01-09,2018-01-10,2018-01-11",82.0,64.40850218230709,0.5833333333333334,-0.3333333333333333,False
fold_03,rolling_7d,paired,present_shrunk20_direction_scale_cv,near->outer,,,0.8,5,"2018-01-07,2018-01-08,2018-01-09,2018-01-10,2018-01-11",85.0,65.76910492583332,0.625,-0.2916666666666667,False
fold_03,rolling_7d,paired,present_shrunk20_direction_scale_cv,near->outer,,,0.85,5,"2018-01-07,2018-01-08,2018-01-09,2018-01-10,2018-01-11",87.0,67.30471216078112,0.6666666666666666,-0.25,False
fold_03,rolling_7d,paired,present_shrunk20_direction_scale_cv,near->outer,,,0.9,5,"2018-01-07,2018-01-08,2018-01-09,2018-01-10,2018-01-11",86.0,69.01532388715046,0.6666666666666666,-0.25,False
fold_03,rolling_7d,paired,present_shrunk20_direction_scale_cv,near->outer,,,0.95,5,"2018-01-07,2018-01-08,2018-01-09,2018-01-10,2018-01-11",87.0,70.90094010494136,0.7083333333333334,-0.20833333333333334,False
fold_03,rolling_7d,paired,present_shrunk20_direction_scale_cv,near->outer,,,1.0,5,"2018-01-07,2018-01-08,2018-01-09,2018-01-10,2018-01-11",87.0,72.96156081415383,0.6666666666666666,-0.16666666666666666,False
fold_03,rolling_7d,paired,present_shrunk20_direction_scale_cv,near->outer,,,1.05,5,"2018-01-07,2018-01-08,2018-01-09,2018-01-10,2018-01-11",91.0,75.19718601478786,0.7083333333333334,-0.125,False
fold_03,rolling_7d,paired,present_shrunk20_direction_scale_cv,outer->core,,,0.7,5,"2018-01-07,2018-01-08,2018-01-09,2018-01-10,2018-01-11",28.0,24.700156596502904,0.25,-0.25,False
fold_03,rolling_7d,paired,present_shrunk20_direction_scale_cv,outer->core,,,0.75,5,"2018-01-07,2018-01-08,2018-01-09,2018-01-10,2018-01-11",28.0,24.654920127526456,0.25,-0.25,False
fold_03,rolling_7d,paired,present_shrunk20_direction_scale_cv,outer->core,,,0.8,5,"2018-01-07,2018-01-08,2018-01-09,2018-01-10,2018-01-11",28.0,24.63507920938645,0.25,-0.25,True
fold_03,rolling_7d,paired,present_shrunk20_direction_scale_cv,outer->core,,,0.85,5,"2018-01-07,2018-01-08,2018-01-09,2018-01-10,2018-01-11",29.0,24.64063384208289,0.25,-0.25,False
fold_03,rolling_7d,paired,present_shrunk20_direction_scale_cv,outer->core,,,0.9,5,"2018-01-07,2018-01-08,2018-01-09,2018-01-10,2018-01-11",30.0,24.67158402561578,0.25,-0.25,False
fold_03,rolling_7d,paired,present_shrunk20_direction_scale_cv,outer->core,,,0.95,5,"2018-01-07,2018-01-08,2018-01-09,2018-01-10,2018-01-11",29.0,24.727929759985116,0.25,-0.25,False
fold_03,rolling_7d,paired,present_shrunk20_direction_scale_cv,outer->core,,,1.0,5,"2018-01-07,2018-01-08,2018-01-09,2018-01-10,2018-01-11",29.0,24.809671045190896,0.2916666666666667,-0.20833333333333334,False
fold_03,rolling_7d,paired,present_shrunk20_direction_scale_cv,outer->core,,,1.05,5,"2018-01-07,2018-01-08,2018-01-09,2018-01-10,2018-01-11",30.0,24.91680788123312,0.2916666666666667,-0.20833333333333334,False
fold_03,rolling_7d,paired,present_shrunk20_direction_scale_cv,outer->near,,,0.7,5,"2018-01-07,2018-01-08,2018-01-09,2018-01-10,2018-01-11",82.0,70.10442177242915,0.4583333333333333,-0.20833333333333334,False
fold_03,rolling_7d,paired,present_shrunk20_direction_scale_cv,outer->near,,,0.75,5,"2018-01-07,2018-01-08,2018-01-09,2018-01-10,2018-01-11",89.0,69.48272376136858,0.5416666666666666,-0.125,False
fold_03,rolling_7d,paired,present_shrunk20_direction_scale_cv,outer->near,,,0.8,5,"2018-01-07,2018-01-08,2018-01-09,2018-01-10,2018-01-11",87.0,69.0247572367149,0.5416666666666666,-0.125,False
fold_03,rolling_7d,paired,present_shrunk20_direction_scale_cv,outer->near,,,0.85,5,"2018-01-07,2018-01-08,2018-01-09,2018-01-10,2018-01-11",87.0,68.7305221984681,0.4583333333333333,-0.041666666666666664,False
fold_03,rolling_7d,paired,present_shrunk20_direction_scale_cv,outer->near,,,0.9,5,"2018-01-07,2018-01-08,2018-01-09,2018-01-10,2018-01-11",88.0,68.60001864662817,0.4583333333333333,-0.041666666666666664,False
fold_03,rolling_7d,paired,present_shrunk20_direction_scale_cv,outer->near,,,0.95,5,"2018-01-07,2018-01-08,2018-01-09,2018-01-10,2018-01-11",87.0,68.63324658119512,0.4166666666666667,0.0,False
fold_03,rolling_7d,paired,present_shrunk20_direction_scale_cv,outer->near,,,1.0,5,"2018-01-07,2018-01-08,2018-01-09,2018-01-10,2018-01-11",79.0,68.83020600216898,0.4583333333333333,0.041666666666666664,True
fold_03,rolling_7d,paired,present_shrunk20_direction_scale_cv,outer->near,,,1.05,5,"2018-01-07,2018-01-08,2018-01-09,2018-01-10,2018-01-11",81.0,69.1908969095497,0.4583333333333333,0.041666666666666664,False
fold_04,rolling_7d,independent,pair_hour_hier_tau_cv,all,0.0,,,6,"2018-01-07,2018-01-08,2018-01-09,2018-01-10,2018-01-11,2018-01-12",977.0,884.5910848499946,0.5960648148148148,-0.06134259259259259,False
fold_04,rolling_7d,independent,pair_hour_hier_tau_cv,all,5.0,,,6,"2018-01-07,2018-01-08,2018-01-09,2018-01-10,2018-01-11,2018-01-12",877.0,798.942553295603,0.5682870370370371,-0.08680555555555554,False
fold_04,rolling_7d,independent,pair_hour_hier_tau_cv,all,10.0,,,6,"2018-01-07,2018-01-08,2018-01-09,2018-01-10,2018-01-11,2018-01-12",877.0,784.963554904145,0.5775462962962963,-0.10300925925925926,False
fold_04,rolling_7d,independent,pair_hour_hier_tau_cv,all,20.0,,,6,"2018-01-07,2018-01-08,2018-01-09,2018-01-10,2018-01-11,2018-01-12",849.0,784.6379953623718,0.5590277777777779,-0.1400462962962963,True
fold_04,rolling_7d,independent,pair_hour_hier_tau_cv,all,50.0,,,6,"2018-01-07,2018-01-08,2018-01-09,2018-01-10,2018-01-11,2018-01-12",854.0,795.5294893584376,0.5462962962962963,-0.19907407407407407,False
fold_04,rolling_7d,independent,pair_hour_hier_tau_cv,all,100.0,,,6,"2018-01-07,2018-01-08,2018-01-09,2018-01-10,2018-01-11,2018-01-12",865.0,803.7209745376178,0.5381944444444445,-0.22569444444444445,False
fold_04,rolling_7d,paired,pair_hour_hier_tau_cv,all,0.0,,,6,"2018-01-07,2018-01-08,2018-01-09,2018-01-10,2018-01-11,2018-01-12",980.0,884.5910848499946,0.6111111111111112,-0.01388888888888889,False
fold_04,rolling_7d,paired,pair_hour_hier_tau_cv,all,5.0,,,6,"2018-01-07,2018-01-08,2018-01-09,2018-01-10,2018-01-11,2018-01-12",873.0,798.942553295603,0.5960648148148148,-0.008101851851851851,False
fold_04,rolling_7d,paired,pair_hour_hier_tau_cv,all,10.0,,,6,"2018-01-07,2018-01-08,2018-01-09,2018-01-10,2018-01-11,2018-01-12",851.0,784.963554904145,0.5960648148148148,-0.005787037037037038,True
fold_04,rolling_7d,paired,pair_hour_hier_tau_cv,all,20.0,,,6,"2018-01-07,2018-01-08,2018-01-09,2018-01-10,2018-01-11,2018-01-12",871.0,784.6379953623718,0.6030092592592592,-0.024305555555555552,False
fold_04,rolling_7d,paired,pair_hour_hier_tau_cv,all,50.0,,,6,"2018-01-07,2018-01-08,2018-01-09,2018-01-10,2018-01-11,2018-01-12",902.0,795.5294893584376,0.6435185185185185,0.0023148148148148164,False
fold_04,rolling_7d,paired,pair_hour_hier_tau_cv,all,100.0,,,6,"2018-01-07,2018-01-08,2018-01-09,2018-01-10,2018-01-11,2018-01-12",913.0,803.7209745376178,0.6493055555555555,-0.01273148148148148,False
fold_04,rolling_7d,independent,pair_hour_hier_tau_scale_cv,all,0.0,,0.7,6,"2018-01-07,2018-01-08,2018-01-09,2018-01-10,2018-01-11,2018-01-12",937.0,856.0586315764974,0.5358796296296297,-0.26504629629629634,False
fold_04,rolling_7d,independent,pair_hour_hier_tau_scale_cv,all,0.0,,0.75,6,"2018-01-07,2018-01-08,2018-01-09,2018-01-10,2018-01-11,2018-01-12",961.0,853.0726637995505,0.5543981481481481,-0.23263888888888892,False
fold_04,rolling_7d,independent,pair_hour_hier_tau_scale_cv,all,0.0,,0.8,6,"2018-01-07,2018-01-08,2018-01-09,2018-01-10,2018-01-11,2018-01-12",950.0,853.1832466849489,0.5648148148148148,-0.19212962962962962,False
fold_04,rolling_7d,independent,pair_hour_hier_tau_scale_cv,all,0.0,,0.85,6,"2018-01-07,2018-01-08,2018-01-09,2018-01-10,2018-01-11,2018-01-12",951.0,856.3903802326925,0.5752314814814816,-0.1446759259259259,False
fold_04,rolling_7d,independent,pair_hour_hier_tau_scale_cv,all,0.0,,0.9,6,"2018-01-07,2018-01-08,2018-01-09,2018-01-10,2018-01-11,2018-01-12",952.0,862.6940644427812,0.576388888888889,-0.1087962962962963,False
fold_04,rolling_7d,independent,pair_hour_hier_tau_scale_cv,all,0.0,,0.95,6,"2018-01-07,2018-01-08,2018-01-09,2018-01-10,2018-01-11,2018-01-12",966.0,872.0942993152153,0.5902777777777778,-0.0787037037037037,False
fold_04,rolling_7d,independent,pair_hour_hier_tau_scale_cv,all,0.0,,1.0,6,"2018-01-07,2018-01-08,2018-01-09,2018-01-10,2018-01-11,2018-01-12",977.0,884.5910848499946,0.5960648148148148,-0.06134259259259259,False
fold_04,rolling_7d,independent,pair_hour_hier_tau_scale_cv,all,0.0,,1.05,6,"2018-01-07,2018-01-08,2018-01-09,2018-01-10,2018-01-11,2018-01-12",959.0,900.1844210471188,0.5983796296296297,-0.015046296296296294,False
fold_04,rolling_7d,independent,pair_hour_hier_tau_scale_cv,all,5.0,,0.7,6,"2018-01-07,2018-01-08,2018-01-09,2018-01-10,2018-01-11,2018-01-12",880.0,826.538404099846,0.5254629629629629,-0.24537037037037038,False
fold_04,rolling_7d,independent,pair_hour_hier_tau_scale_cv,all,5.0,,0.75,6,"2018-01-07,2018-01-08,2018-01-09,2018-01-10,2018-01-11,2018-01-12",858.0,816.0092513939559,0.525462962962963,-0.2152777777777778,False
fold_04,rolling_7d,independent,pair_hour_hier_tau_scale_cv,all,5.0,,0.8,6,"2018-01-07,2018-01-08,2018-01-09,2018-01-10,2018-01-11,2018-01-12",862.0,807.8520363834722,0.5370370370370369,-0.19212962962962962,False
fold_04,rolling_7d,independent,pair_hour_hier_tau_scale_cv,all,5.0,,0.85,6,"2018-01-07,2018-01-08,2018-01-09,2018-01-10,2018-01-11,2018-01-12",870.0,802.0667590683951,0.5462962962962963,-0.17592592592592593,False
fold_04,rolling_7d,independent,pair_hour_hier_tau_scale_cv,all,5.0,,0.9,6,"2018-01-07,2018-01-08,2018-01-09,2018-01-10,2018-01-11,2018-01-12",873.0,798.6534194487244,0.5543981481481481,-0.14930555555555555,False
fold_04,rolling_7d,independent,pair_hour_hier_tau_scale_cv,all,5.0,,0.95,6,"2018-01-07,2018-01-08,2018-01-09,2018-01-10,2018-01-11,2018-01-12",880.0,797.6120175244605,0.5625,-0.12268518518518519,False
fold_04,rolling_7d,independent,pair_hour_hier_tau_scale_cv,all,5.0,,1.0,6,"2018-01-07,2018-01-08,2018-01-09,2018-01-10,2018-01-11,2018-01-12",877.0,798.942553295603,0.5682870370370371,-0.08680555555555554,False
fold_04,rolling_7d,independent,pair_hour_hier_tau_scale_cv,all,5.0,,1.05,6,"2018-01-07,2018-01-08,2018-01-09,2018-01-10,2018-01-11,2018-01-12",886.0,802.645026762152,0.5833333333333334,-0.05092592592592593,False
fold_04,rolling_7d,independent,pair_hour_hier_tau_scale_cv,all,10.0,,0.7,6,"2018-01-07,2018-01-08,2018-01-09,2018-01-10,2018-01-11,2018-01-12",867.0,825.4969612289448,0.5266203703703703,-0.24884259259259256,False
fold_04,rolling_7d,independent,pair_hour_hier_tau_scale_cv,all,10.0,,0.75,6,"2018-01-07,2018-01-08,2018-01-09,2018-01-10,2018-01-11,2018-01-12",858.0,813.3320168888616,0.5347222222222222,-0.2222222222222222,False
fold_04,rolling_7d,independent,pair_hour_hier_tau_scale_cv,all,10.0,,0.8,6,"2018-01-07,2018-01-08,2018-01-09,2018-01-10,2018-01-11,2018-01-12",850.0,803.3308231964916,0.5393518518518519,-0.1875,False
fold_04,rolling_7d,independent,pair_hour_hier_tau_scale_cv,all,10.0,,0.85,6,"2018-01-07,2018-01-08,2018-01-09,2018-01-10,2018-01-11,2018-01-12",850.0,795.4933801518353,0.5462962962962963,-0.16666666666666666,False
fold_04,rolling_7d,independent,pair_hour_hier_tau_scale_cv,all,10.0,,0.9,6,"2018-01-07,2018-01-08,2018-01-09,2018-01-10,2018-01-11,2018-01-12",845.0,789.8196877548919,0.5497685185185185,-0.14930555555555555,True
fold_04,rolling_7d,independent,pair_hour_hier_tau_scale_cv,all,10.0,,0.95,6,"2018-01-07,2018-01-08,2018-01-09,2018-01-10,2018-01-11,2018-01-12",855.0,786.3097460056619,0.5613425925925926,-0.1261574074074074,False
fold_04,rolling_7d,independent,pair_hour_hier_tau_scale_cv,all,10.0,,1.0,6,"2018-01-07,2018-01-08,2018-01-09,2018-01-10,2018-01-11,2018-01-12",877.0,784.963554904145,0.5775462962962963,-0.10300925925925926,False
fold_04,rolling_7d,independent,pair_hour_hier_tau_scale_cv,all,10.0,,1.05,6,"2018-01-07,2018-01-08,2018-01-09,2018-01-10,2018-01-11,2018-01-12",880.0,785.7811144503415,0.5833333333333334,-0.06944444444444445,False
fold_04,rolling_7d,independent,pair_hour_hier_tau_scale_cv,all,20.0,,0.7,6,"2018-01-07,2018-01-08,2018-01-09,2018-01-10,2018-01-11,2018-01-12",862.0,830.9344326608534,0.5347222222222222,-0.2314814814814815,False
fold_04,rolling_7d,independent,pair_hour_hier_tau_scale_cv,all,20.0,,0.75,6,"2018-01-07,2018-01-08,2018-01-09,2018-01-10,2018-01-11,2018-01-12",860.0,818.1462071532012,0.5393518518518519,-0.2199074074074074,False
fold_04,rolling_7d,independent,pair_hour_hier_tau_scale_cv,all,20.0,,0.8,6,"2018-01-07,2018-01-08,2018-01-09,2018-01-10,2018-01-11,2018-01-12",867.0,807.386842695378,0.5474537037037036,-0.21180555555555555,False
fold_04,rolling_7d,independent,pair_hour_hier_tau_scale_cv,all,20.0,,0.85,6,"2018-01-07,2018-01-08,2018-01-09,2018-01-10,2018-01-11,2018-01-12",855.0,798.6563392873834,0.5474537037037037,-0.19560185185185186,False
fold_04,rolling_7d,independent,pair_hour_hier_tau_scale_cv,all,20.0,,0.9,6,"2018-01-07,2018-01-08,2018-01-09,2018-01-10,2018-01-11,2018-01-12",851.0,791.9546969292174,0.5497685185185186,-0.17708333333333334,False
fold_04,rolling_7d,independent,pair_hour_hier_tau_scale_cv,all,20.0,,0.95,6,"2018-01-07,2018-01-08,2018-01-09,2018-01-10,2018-01-11,2018-01-12",852.0,787.2819156208803,0.5532407407407407,-0.16435185185185183,False
fold_04,rolling_7d,independent,pair_hour_hier_tau_scale_cv,all,20.0,,1.0,6,"2018-01-07,2018-01-08,2018-01-09,2018-01-10,2018-01-11,2018-01-12",849.0,784.6379953623718,0.5590277777777779,-0.1400462962962963,False
fold_04,rolling_7d,independent,pair_hour_hier_tau_scale_cv,all,20.0,,1.05,6,"2018-01-07,2018-01-08,2018-01-09,2018-01-10,2018-01-11,2018-01-12",849.0,784.0229361536922,0.5590277777777778,-0.1261574074074074,False
fold_04,rolling_7d,independent,pair_hour_hier_tau_scale_cv,all,50.0,,0.7,6,"2018-01-07,2018-01-08,2018-01-09,2018-01-10,2018-01-11,2018-01-12",867.0,841.6939762455456,0.5405092592592594,-0.2303240740740741,False
fold_04,rolling_7d,independent,pair_hour_hier_tau_scale_cv,all,50.0,,0.75,6,"2018-01-07,2018-01-08,2018-01-09,2018-01-10,2018-01-11,2018-01-12",867.0,829.1143792461847,0.5405092592592594,-0.2303240740740741,False
fold_04,rolling_7d,independent,pair_hour_hier_tau_scale_cv,all,50.0,,0.8,6,"2018-01-07,2018-01-08,2018-01-09,2018-01-10,2018-01-11,2018-01-12",867.0,818.4889885874277,0.5405092592592594,-0.2303240740740741,False
fold_04,rolling_7d,independent,pair_hour_hier_tau_scale_cv,all,50.0,,0.85,6,"2018-01-07,2018-01-08,2018-01-09,2018-01-10,2018-01-11,2018-01-12",866.0,809.8178042692743,0.539351851851852,-0.2291666666666667,False
fold_04,rolling_7d,independent,pair_hour_hier_tau_scale_cv,all,50.0,,0.9,6,"2018-01-07,2018-01-08,2018-01-09,2018-01-10,2018-01-11,2018-01-12",859.0,803.100826291725,0.5358796296296297,-0.22569444444444442,False
fold_04,rolling_7d,independent,pair_hour_hier_tau_scale_cv,all,50.0,,0.95,6,"2018-01-07,2018-01-08,2018-01-09,2018-01-10,2018-01-11,2018-01-12",860.0,798.3380546547794,0.5393518518518517,-0.2152777777777778,False
fold_04,rolling_7d,independent,pair_hour_hier_tau_scale_cv,all,50.0,,1.0,6,"2018-01-07,2018-01-08,2018-01-09,2018-01-10,2018-01-11,2018-01-12",854.0,795.5294893584376,0.5462962962962963,-0.19907407407407407,False
fold_04,rolling_7d,independent,pair_hour_hier_tau_scale_cv,all,50.0,,1.05,6,"2018-01-07,2018-01-08,2018-01-09,2018-01-10,2018-01-11,2018-01-12",853.0,794.6751304026997,0.5543981481481481,-0.17708333333333334,False
fold_04,rolling_7d,independent,pair_hour_hier_tau_scale_cv,all,100.0,,0.7,6,"2018-01-07,2018-01-08,2018-01-09,2018-01-10,2018-01-11,2018-01-12",867.0,848.1234679319779,0.5405092592592594,-0.2303240740740741,False
fold_04,rolling_7d,independent,pair_hour_hier_tau_scale_cv,all,100.0,,0.75,6,"2018-01-07,2018-01-08,2018-01-09,2018-01-10,2018-01-11,2018-01-12",867.0,835.878932470754,0.5405092592592594,-0.2303240740740741,False
fold_04,rolling_7d,independent,pair_hour_hier_tau_scale_cv,all,100.0,,0.8,6,"2018-01-07,2018-01-08,2018-01-09,2018-01-10,2018-01-11,2018-01-12",867.0,825.5720449677289,0.5405092592592594,-0.2303240740740741,False
fold_04,rolling_7d,independent,pair_hour_hier_tau_scale_cv,all,100.0,,0.85,6,"2018-01-07,2018-01-08,2018-01-09,2018-01-10,2018-01-11,2018-01-12",867.0,817.2028054229027,0.5405092592592594,-0.2303240740740741,False
fold_04,rolling_7d,independent,pair_hour_hier_tau_scale_cv,all,100.0,,0.9,6,"2018-01-07,2018-01-08,2018-01-09,2018-01-10,2018-01-11,2018-01-12",867.0,810.7712138362756,0.5405092592592594,-0.2303240740740741,False
fold_04,rolling_7d,independent,pair_hour_hier_tau_scale_cv,all,100.0,,0.95,6,"2018-01-07,2018-01-08,2018-01-09,2018-01-10,2018-01-11,2018-01-12",867.0,806.2772702078472,0.5405092592592594,-0.2303240740740741,False
fold_04,rolling_7d,independent,pair_hour_hier_tau_scale_cv,all,100.0,,1.0,6,"2018-01-07,2018-01-08,2018-01-09,2018-01-10,2018-01-11,2018-01-12",865.0,803.7209745376178,0.5381944444444445,-0.22569444444444445,False
fold_04,rolling_7d,independent,pair_hour_hier_tau_scale_cv,all,100.0,,1.05,6,"2018-01-07,2018-01-08,2018-01-09,2018-01-10,2018-01-11,2018-01-12",857.0,803.1023268255874,0.5428240740740741,-0.20717592592592593,False
fold_04,rolling_7d,paired,pair_hour_hier_tau_scale_cv,all,0.0,,0.7,6,"2018-01-07,2018-01-08,2018-01-09,2018-01-10,2018-01-11,2018-01-12",897.0,856.0586315764974,0.5312499999999999,-0.20254629629629628,False
fold_04,rolling_7d,paired,pair_hour_hier_tau_scale_cv,all,0.0,,0.75,6,"2018-01-07,2018-01-08,2018-01-09,2018-01-10,2018-01-11,2018-01-12",916.0,853.0726637995505,0.5509259259259259,-0.16435185185185186,False
fold_04,rolling_7d,paired,pair_hour_hier_tau_scale_cv,all,0.0,,0.8,6,"2018-01-07,2018-01-08,2018-01-09,2018-01-10,2018-01-11,2018-01-12",933.0,853.1832466849489,0.5613425925925927,-0.13541666666666669,False
fold_04,rolling_7d,paired,pair_hour_hier_tau_scale_cv,all,0.0,,0.85,6,"2018-01-07,2018-01-08,2018-01-09,2018-01-10,2018-01-11,2018-01-12",922.0,856.3903802326925,0.5648148148148148,-0.10185185185185186,False
fold_04,rolling_7d,paired,pair_hour_hier_tau_scale_cv,all,0.0,,0.9,6,"2018-01-07,2018-01-08,2018-01-09,2018-01-10,2018-01-11,2018-01-12",931.0,862.6940644427812,0.5752314814814815,-0.07060185185185185,False
fold_04,rolling_7d,paired,pair_hour_hier_tau_scale_cv,all,0.0,,0.95,6,"2018-01-07,2018-01-08,2018-01-09,2018-01-10,2018-01-11,2018-01-12",948.0,872.0942993152153,0.5925925925925927,-0.043981481481481476,False
fold_04,rolling_7d,paired,pair_hour_hier_tau_scale_cv,all,0.0,,1.0,6,"2018-01-07,2018-01-08,2018-01-09,2018-01-10,2018-01-11,2018-01-12",980.0,884.5910848499946,0.6111111111111112,-0.01388888888888889,False
fold_04,rolling_7d,paired,pair_hour_hier_tau_scale_cv,all,0.0,,1.05,6,"2018-01-07,2018-01-08,2018-01-09,2018-01-10,2018-01-11,2018-01-12",983.0,900.1844210471188,0.6168981481481481,0.01736111111111111,False
fold_04,rolling_7d,paired,pair_hour_hier_tau_scale_cv,all,5.0,,0.7,6,"2018-01-07,2018-01-08,2018-01-09,2018-01-10,2018-01-11,2018-01-12",844.0,826.538404099846,0.5277777777777778,-0.1898148148148148,False
fold_04,rolling_7d,paired,pair_hour_hier_tau_scale_cv,all,5.0,,0.75,6,"2018-01-07,2018-01-08,2018-01-09,2018-01-10,2018-01-11,2018-01-12",857.0,816.0092513939559,0.5428240740740741,-0.17245370370370372,False
fold_04,rolling_7d,paired,pair_hour_hier_tau_scale_cv,all,5.0,,0.8,6,"2018-01-07,2018-01-08,2018-01-09,2018-01-10,2018-01-11,2018-01-12",860.0,807.8520363834722,0.5509259259259259,-0.1388888888888889,False
fold_04,rolling_7d,paired,pair_hour_hier_tau_scale_cv,all,5.0,,0.85,6,"2018-01-07,2018-01-08,2018-01-09,2018-01-10,2018-01-11,2018-01-12",855.0,802.0667590683951,0.5590277777777777,-0.09606481481481481,False
fold_04,rolling_7d,paired,pair_hour_hier_tau_scale_cv,all,5.0,,0.9,6,"2018-01-07,2018-01-08,2018-01-09,2018-01-10,2018-01-11,2018-01-12",854.0,798.6534194487244,0.5648148148148149,-0.06018518518518518,False
fold_04,rolling_7d,paired,pair_hour_hier_tau_scale_cv,all,5.0,,0.95,6,"2018-01-07,2018-01-08,2018-01-09,2018-01-10,2018-01-11,2018-01-12",841.0,797.6120175244605,0.5729166666666666,-0.03356481481481482,True
fold_04,rolling_7d,paired,pair_hour_hier_tau_scale_cv,all,5.0,,1.0,6,"2018-01-07,2018-01-08,2018-01-09,2018-01-10,2018-01-11,2018-01-12",873.0,798.942553295603,0.5960648148148148,-0.008101851851851851,False
fold_04,rolling_7d,paired,pair_hour_hier_tau_scale_cv,all,5.0,,1.05,6,"2018-01-07,2018-01-08,2018-01-09,2018-01-10,2018-01-11,2018-01-12",902.0,802.645026762152,0.6157407407407408,0.01388888888888889,False
fold_04,rolling_7d,paired,pair_hour_hier_tau_scale_cv,all,10.0,,0.7,6,"2018-01-07,2018-01-08,2018-01-09,2018-01-10,2018-01-11,2018-01-12",856.0,825.4969612289448,0.5462962962962963,-0.17824074074074073,False
fold_04,rolling_7d,paired,pair_hour_hier_tau_scale_cv,all,10.0,,0.75,6,"2018-01-07,2018-01-08,2018-01-09,2018-01-10,2018-01-11,2018-01-12",850.0,813.3320168888616,0.5509259259259259,-0.15277777777777776,False
fold_04,rolling_7d,paired,pair_hour_hier_tau_scale_cv,all,10.0,,0.8,6,"2018-01-07,2018-01-08,2018-01-09,2018-01-10,2018-01-11,2018-01-12",848.0,803.3308231964916,0.5601851851851852,-0.1273148148148148,False
fold_04,rolling_7d,paired,pair_hour_hier_tau_scale_cv,all,10.0,,0.85,6,"2018-01-07,2018-01-08,2018-01-09,2018-01-10,2018-01-11,2018-01-12",859.0,795.4933801518353,0.5706018518518519,-0.10300925925925926,False
fold_04,rolling_7d,paired,pair_hour_hier_tau_scale_cv,all,10.0,,0.9,6,"2018-01-07,2018-01-08,2018-01-09,2018-01-10,2018-01-11,2018-01-12",875.0,789.8196877548919,0.5868055555555556,-0.07523148148148148,False
fold_04,rolling_7d,paired,pair_hour_hier_tau_scale_cv,all,10.0,,0.95,6,"2018-01-07,2018-01-08,2018-01-09,2018-01-10,2018-01-11,2018-01-12",868.0,786.3097460056619,0.5879629629629629,-0.041666666666666664,False
fold_04,rolling_7d,paired,pair_hour_hier_tau_scale_cv,all,10.0,,1.0,6,"2018-01-07,2018-01-08,2018-01-09,2018-01-10,2018-01-11,2018-01-12",851.0,784.963554904145,0.5960648148148148,-0.005787037037037038,False
fold_04,rolling_7d,paired,pair_hour_hier_tau_scale_cv,all,10.0,,1.05,6,"2018-01-07,2018-01-08,2018-01-09,2018-01-10,2018-01-11,2018-01-12",874.0,785.7811144503415,0.611111111111111,0.01851851851851852,False
fold_04,rolling_7d,paired,pair_hour_hier_tau_scale_cv,all,20.0,,0.7,6,"2018-01-07,2018-01-08,2018-01-09,2018-01-10,2018-01-11,2018-01-12",851.0,830.9344326608534,0.5474537037037037,-0.1863425925925926,False
fold_04,rolling_7d,paired,pair_hour_hier_tau_scale_cv,all,20.0,,0.75,6,"2018-01-07,2018-01-08,2018-01-09,2018-01-10,2018-01-11,2018-01-12",841.0,818.1462071532012,0.5451388888888888,-0.16782407407407407,False
fold_04,rolling_7d,paired,pair_hour_hier_tau_scale_cv,all,20.0,,0.8,6,"2018-01-07,2018-01-08,2018-01-09,2018-01-10,2018-01-11,2018-01-12",853.0,807.386842695378,0.5590277777777778,-0.14699074074074073,False
fold_04,rolling_7d,paired,pair_hour_hier_tau_scale_cv,all,20.0,,0.85,6,"2018-01-07,2018-01-08,2018-01-09,2018-01-10,2018-01-11,2018-01-12",855.0,798.6563392873834,0.5682870370370371,-0.12152777777777778,False
fold_04,rolling_7d,paired,pair_hour_hier_tau_scale_cv,all,20.0,,0.9,6,"2018-01-07,2018-01-08,2018-01-09,2018-01-10,2018-01-11,2018-01-12",856.0,791.9546969292174,0.5833333333333333,-0.08796296296296297,False
fold_04,rolling_7d,paired,pair_hour_hier_tau_scale_cv,all,20.0,,0.95,6,"2018-01-07,2018-01-08,2018-01-09,2018-01-10,2018-01-11,2018-01-12",862.0,787.2819156208803,0.5925925925925927,-0.05787037037037037,False
fold_04,rolling_7d,paired,pair_hour_hier_tau_scale_cv,all,20.0,,1.0,6,"2018-01-07,2018-01-08,2018-01-09,2018-01-10,2018-01-11,2018-01-12",871.0,784.6379953623718,0.6030092592592592,-0.024305555555555552,False
fold_04,rolling_7d,paired,pair_hour_hier_tau_scale_cv,all,20.0,,1.05,6,"2018-01-07,2018-01-08,2018-01-09,2018-01-10,2018-01-11,2018-01-12",894.0,784.0229361536922,0.6319444444444444,0.027777777777777776,False
fold_04,rolling_7d,paired,pair_hour_hier_tau_scale_cv,all,50.0,,0.7,6,"2018-01-07,2018-01-08,2018-01-09,2018-01-10,2018-01-11,2018-01-12",858.0,841.6939762455456,0.5393518518518517,-0.2152777777777778,False
fold_04,rolling_7d,paired,pair_hour_hier_tau_scale_cv,all,50.0,,0.75,6,"2018-01-07,2018-01-08,2018-01-09,2018-01-10,2018-01-11,2018-01-12",850.0,829.1143792461847,0.5439814814814815,-0.19675925925925922,False
fold_04,rolling_7d,paired,pair_hour_hier_tau_scale_cv,all,50.0,,0.8,6,"2018-01-07,2018-01-08,2018-01-09,2018-01-10,2018-01-11,2018-01-12",845.0,818.4889885874277,0.5451388888888888,-0.17708333333333334,False
fold_04,rolling_7d,paired,pair_hour_hier_tau_scale_cv,all,50.0,,0.85,6,"2018-01-07,2018-01-08,2018-01-09,2018-01-10,2018-01-11,2018-01-12",865.0,809.8178042692743,0.570601851851852,-0.14004629629629628,False
fold_04,rolling_7d,paired,pair_hour_hier_tau_scale_cv,all,50.0,,0.9,6,"2018-01-07,2018-01-08,2018-01-09,2018-01-10,2018-01-11,2018-01-12",862.0,803.100826291725,0.5833333333333334,-0.09953703703703703,False
fold_04,rolling_7d,paired,pair_hour_hier_tau_scale_cv,all,50.0,,0.95,6,"2018-01-07,2018-01-08,2018-01-09,2018-01-10,2018-01-11,2018-01-12",884.0,798.3380546547794,0.6111111111111112,-0.053240740740740734,False
fold_04,rolling_7d,paired,pair_hour_hier_tau_scale_cv,all,50.0,,1.0,6,"2018-01-07,2018-01-08,2018-01-09,2018-01-10,2018-01-11,2018-01-12",902.0,795.5294893584376,0.6435185185185185,0.0023148148148148164,False
fold_04,rolling_7d,paired,pair_hour_hier_tau_scale_cv,all,50.0,,1.05,6,"2018-01-07,2018-01-08,2018-01-09,2018-01-10,2018-01-11,2018-01-12",905.0,794.6751304026997,0.6562500000000001,0.04282407407407408,False
fold_04,rolling_7d,paired,pair_hour_hier_tau_scale_cv,all,100.0,,0.7,6,"2018-01-07,2018-01-08,2018-01-09,2018-01-10,2018-01-11,2018-01-12",866.0,848.1234679319779,0.539351851851852,-0.2291666666666667,False
fold_04,rolling_7d,paired,pair_hour_hier_tau_scale_cv,all,100.0,,0.75,6,"2018-01-07,2018-01-08,2018-01-09,2018-01-10,2018-01-11,2018-01-12",867.0,835.878932470754,0.5405092592592592,-0.21875,False
fold_04,rolling_7d,paired,pair_hour_hier_tau_scale_cv,all,100.0,,0.8,6,"2018-01-07,2018-01-08,2018-01-09,2018-01-10,2018-01-11,2018-01-12",853.0,825.5720449677289,0.5474537037037037,-0.19097222222222224,False
fold_04,rolling_7d,paired,pair_hour_hier_tau_scale_cv,all,100.0,,0.85,6,"2018-01-07,2018-01-08,2018-01-09,2018-01-10,2018-01-11,2018-01-12",867.0,817.2028054229027,0.5729166666666667,-0.13773148148148148,False
fold_04,rolling_7d,paired,pair_hour_hier_tau_scale_cv,all,100.0,,0.9,6,"2018-01-07,2018-01-08,2018-01-09,2018-01-10,2018-01-11,2018-01-12",884.0,810.7712138362756,0.6041666666666666,-0.0787037037037037,False
fold_04,rolling_7d,paired,pair_hour_hier_tau_scale_cv,all,100.0,,0.95,6,"2018-01-07,2018-01-08,2018-01-09,2018-01-10,2018-01-11,2018-01-12",896.0,806.2772702078472,0.625,-0.04861111111111111,False
fold_04,rolling_7d,paired,pair_hour_hier_tau_scale_cv,all,100.0,,1.0,6,"2018-01-07,2018-01-08,2018-01-09,2018-01-10,2018-01-11,2018-01-12",913.0,803.7209745376178,0.6493055555555555,-0.01273148148148148,False
fold_04,rolling_7d,paired,pair_hour_hier_tau_scale_cv,all,100.0,,1.05,6,"2018-01-07,2018-01-08,2018-01-09,2018-01-10,2018-01-11,2018-01-12",924.0,803.1023268255874,0.6712962962962963,0.04861111111111111,False
fold_04,rolling_7d,independent,pair_hour_circular_cv,all,,raw,,6,"2018-01-07,2018-01-08,2018-01-09,2018-01-10,2018-01-11,2018-01-12",977.0,884.5910848499946,0.5960648148148148,-0.06134259259259259,False
fold_04,rolling_7d,independent,pair_hour_circular_cv,all,,triangular3,,6,"2018-01-07,2018-01-08,2018-01-09,2018-01-10,2018-01-11,2018-01-12",853.0,791.0238679220637,0.5543981481481481,-0.09143518518518519,True
fold_04,rolling_7d,independent,pair_hour_circular_cv,all,,triangular5,,6,"2018-01-07,2018-01-08,2018-01-09,2018-01-10,2018-01-11,2018-01-12",884.0,806.2966482989926,0.5833333333333334,-0.08564814814814815,False
fold_04,rolling_7d,paired,pair_hour_circular_cv,all,,raw,,6,"2018-01-07,2018-01-08,2018-01-09,2018-01-10,2018-01-11,2018-01-12",980.0,884.5910848499946,0.6111111111111112,-0.01388888888888889,False
fold_04,rolling_7d,paired,pair_hour_circular_cv,all,,triangular3,,6,"2018-01-07,2018-01-08,2018-01-09,2018-01-10,2018-01-11,2018-01-12",868.0,791.0238679220637,0.5879629629629629,-0.006944444444444443,True
fold_04,rolling_7d,paired,pair_hour_circular_cv,all,,triangular5,,6,"2018-01-07,2018-01-08,2018-01-09,2018-01-10,2018-01-11,2018-01-12",902.0,806.2966482989926,0.6249999999999999,0.013888888888888888,False
fold_04,rolling_7d,independent,pair_hour_circular_scale_cv,all,,raw,0.7,6,"2018-01-07,2018-01-08,2018-01-09,2018-01-10,2018-01-11,2018-01-12",937.0,856.0586315764974,0.5358796296296297,-0.26504629629629634,False
fold_04,rolling_7d,independent,pair_hour_circular_scale_cv,all,,raw,0.75,6,"2018-01-07,2018-01-08,2018-01-09,2018-01-10,2018-01-11,2018-01-12",961.0,853.0726637995505,0.5543981481481481,-0.23263888888888892,False
fold_04,rolling_7d,independent,pair_hour_circular_scale_cv,all,,raw,0.8,6,"2018-01-07,2018-01-08,2018-01-09,2018-01-10,2018-01-11,2018-01-12",950.0,853.1832466849489,0.5648148148148148,-0.19212962962962962,False
fold_04,rolling_7d,independent,pair_hour_circular_scale_cv,all,,raw,0.85,6,"2018-01-07,2018-01-08,2018-01-09,2018-01-10,2018-01-11,2018-01-12",951.0,856.3903802326925,0.5752314814814816,-0.1446759259259259,False
fold_04,rolling_7d,independent,pair_hour_circular_scale_cv,all,,raw,0.9,6,"2018-01-07,2018-01-08,2018-01-09,2018-01-10,2018-01-11,2018-01-12",952.0,862.6940644427812,0.576388888888889,-0.1087962962962963,False
fold_04,rolling_7d,independent,pair_hour_circular_scale_cv,all,,raw,0.95,6,"2018-01-07,2018-01-08,2018-01-09,2018-01-10,2018-01-11,2018-01-12",966.0,872.0942993152153,0.5902777777777778,-0.0787037037037037,False
fold_04,rolling_7d,independent,pair_hour_circular_scale_cv,all,,raw,1.0,6,"2018-01-07,2018-01-08,2018-01-09,2018-01-10,2018-01-11,2018-01-12",977.0,884.5910848499946,0.5960648148148148,-0.06134259259259259,False
fold_04,rolling_7d,independent,pair_hour_circular_scale_cv,all,,raw,1.05,6,"2018-01-07,2018-01-08,2018-01-09,2018-01-10,2018-01-11,2018-01-12",959.0,900.1844210471188,0.5983796296296297,-0.015046296296296294,False
fold_04,rolling_7d,independent,pair_hour_circular_scale_cv,all,,triangular3,0.7,6,"2018-01-07,2018-01-08,2018-01-09,2018-01-10,2018-01-11,2018-01-12",882.0,823.28544906969,0.5115740740740741,-0.2708333333333333,False
fold_04,rolling_7d,independent,pair_hour_circular_scale_cv,all,,triangular3,0.75,6,"2018-01-07,2018-01-08,2018-01-09,2018-01-10,2018-01-11,2018-01-12",891.0,812.1149915881954,0.5243055555555555,-0.23958333333333334,False
fold_04,rolling_7d,independent,pair_hour_circular_scale_cv,all,,triangular3,0.8,6,"2018-01-07,2018-01-08,2018-01-09,2018-01-10,2018-01-11,2018-01-12",863.0,803.2619450227902,0.5289351851851851,-0.19791666666666666,False
fold_04,rolling_7d,independent,pair_hour_circular_scale_cv,all,,triangular3,0.85,6,"2018-01-07,2018-01-08,2018-01-09,2018-01-10,2018-01-11,2018-01-12",875.0,796.7263093734745,0.545138888888889,-0.16087962962962962,False
fold_04,rolling_7d,independent,pair_hour_circular_scale_cv,all,,triangular3,0.9,6,"2018-01-07,2018-01-08,2018-01-09,2018-01-10,2018-01-11,2018-01-12",859.0,792.5080846402482,0.5428240740740741,-0.13773148148148148,False
fold_04,rolling_7d,independent,pair_hour_circular_scale_cv,all,,triangular3,0.95,6,"2018-01-07,2018-01-08,2018-01-09,2018-01-10,2018-01-11,2018-01-12",851.0,790.6072708231112,0.5497685185185186,-0.10532407407407407,True
fold_04,rolling_7d,independent,pair_hour_circular_scale_cv,all,,triangular3,1.0,6,"2018-01-07,2018-01-08,2018-01-09,2018-01-10,2018-01-11,2018-01-12",853.0,791.0238679220637,0.5543981481481481,-0.09143518518518519,False
fold_04,rolling_7d,independent,pair_hour_circular_scale_cv,all,,triangular3,1.05,6,"2018-01-07,2018-01-08,2018-01-09,2018-01-10,2018-01-11,2018-01-12",852.0,793.7578759371054,0.5671296296296297,-0.0462962962962963,False
fold_04,rolling_7d,independent,pair_hour_circular_scale_cv,all,,triangular5,0.7,6,"2018-01-07,2018-01-08,2018-01-09,2018-01-10,2018-01-11,2018-01-12",886.0,841.9005798887288,0.5092592592592593,-0.2962962962962963,False
fold_04,rolling_7d,independent,pair_hour_circular_scale_cv,all,,triangular5,0.75,6,"2018-01-07,2018-01-08,2018-01-09,2018-01-10,2018-01-11,2018-01-12",874.0,830.6447416523102,0.5185185185185185,-0.2708333333333333,False
fold_04,rolling_7d,independent,pair_hour_circular_scale_cv,all,,triangular5,0.8,6,"2018-01-07,2018-01-08,2018-01-09,2018-01-10,2018-01-11,2018-01-12",861.0,821.5176432711435,0.5243055555555555,-0.23263888888888892,False
fold_04,rolling_7d,independent,pair_hour_circular_scale_cv,all,,triangular5,0.85,6,"2018-01-07,2018-01-08,2018-01-09,2018-01-10,2018-01-11,2018-01-12",863.0,814.5192847452286,0.5405092592592593,-0.1863425925925926,False
fold_04,rolling_7d,independent,pair_hour_circular_scale_cv,all,,triangular5,0.9,6,"2018-01-07,2018-01-08,2018-01-09,2018-01-10,2018-01-11,2018-01-12",869.0,809.6496660745647,0.5567129629629629,-0.1539351851851852,False
fold_04,rolling_7d,independent,pair_hour_circular_scale_cv,all,,triangular5,0.95,6,"2018-01-07,2018-01-08,2018-01-09,2018-01-10,2018-01-11,2018-01-12",880.0,806.9087872591531,0.5763888888888888,-0.11805555555555554,False
fold_04,rolling_7d,independent,pair_hour_circular_scale_cv,all,,triangular5,1.0,6,"2018-01-07,2018-01-08,2018-01-09,2018-01-10,2018-01-11,2018-01-12",884.0,806.2966482989926,0.5833333333333334,-0.08564814814814815,False
fold_04,rolling_7d,independent,pair_hour_circular_scale_cv,all,,triangular5,1.05,6,"2018-01-07,2018-01-08,2018-01-09,2018-01-10,2018-01-11,2018-01-12",872.0,807.8132491940837,0.5879629629629629,-0.04861111111111111,False
fold_04,rolling_7d,paired,pair_hour_circular_scale_cv,all,,raw,0.7,6,"2018-01-07,2018-01-08,2018-01-09,2018-01-10,2018-01-11,2018-01-12",897.0,856.0586315764974,0.5312499999999999,-0.20254629629629628,False
fold_04,rolling_7d,paired,pair_hour_circular_scale_cv,all,,raw,0.75,6,"2018-01-07,2018-01-08,2018-01-09,2018-01-10,2018-01-11,2018-01-12",916.0,853.0726637995505,0.5509259259259259,-0.16435185185185186,False
fold_04,rolling_7d,paired,pair_hour_circular_scale_cv,all,,raw,0.8,6,"2018-01-07,2018-01-08,2018-01-09,2018-01-10,2018-01-11,2018-01-12",933.0,853.1832466849489,0.5613425925925927,-0.13541666666666669,False
fold_04,rolling_7d,paired,pair_hour_circular_scale_cv,all,,raw,0.85,6,"2018-01-07,2018-01-08,2018-01-09,2018-01-10,2018-01-11,2018-01-12",922.0,856.3903802326925,0.5648148148148148,-0.10185185185185186,False
fold_04,rolling_7d,paired,pair_hour_circular_scale_cv,all,,raw,0.9,6,"2018-01-07,2018-01-08,2018-01-09,2018-01-10,2018-01-11,2018-01-12",931.0,862.6940644427812,0.5752314814814815,-0.07060185185185185,False
fold_04,rolling_7d,paired,pair_hour_circular_scale_cv,all,,raw,0.95,6,"2018-01-07,2018-01-08,2018-01-09,2018-01-10,2018-01-11,2018-01-12",948.0,872.0942993152153,0.5925925925925927,-0.043981481481481476,False
fold_04,rolling_7d,paired,pair_hour_circular_scale_cv,all,,raw,1.0,6,"2018-01-07,2018-01-08,2018-01-09,2018-01-10,2018-01-11,2018-01-12",980.0,884.5910848499946,0.6111111111111112,-0.01388888888888889,False
fold_04,rolling_7d,paired,pair_hour_circular_scale_cv,all,,raw,1.05,6,"2018-01-07,2018-01-08,2018-01-09,2018-01-10,2018-01-11,2018-01-12",983.0,900.1844210471188,0.6168981481481481,0.01736111111111111,False
fold_04,rolling_7d,paired,pair_hour_circular_scale_cv,all,,triangular3,0.7,6,"2018-01-07,2018-01-08,2018-01-09,2018-01-10,2018-01-11,2018-01-12",857.0,823.28544906969,0.5381944444444445,-0.17939814814814814,False
fold_04,rolling_7d,paired,pair_hour_circular_scale_cv,all,,triangular3,0.75,6,"2018-01-07,2018-01-08,2018-01-09,2018-01-10,2018-01-11,2018-01-12",855.0,812.1149915881954,0.5474537037037037,-0.15625,False
fold_04,rolling_7d,paired,pair_hour_circular_scale_cv,all,,triangular3,0.8,6,"2018-01-07,2018-01-08,2018-01-09,2018-01-10,2018-01-11,2018-01-12",860.0,803.2619450227902,0.5555555555555556,-0.125,False
fold_04,rolling_7d,paired,pair_hour_circular_scale_cv,all,,triangular3,0.85,6,"2018-01-07,2018-01-08,2018-01-09,2018-01-10,2018-01-11,2018-01-12",865.0,796.7263093734745,0.5567129629629629,-0.10532407407407407,False
fold_04,rolling_7d,paired,pair_hour_circular_scale_cv,all,,triangular3,0.9,6,"2018-01-07,2018-01-08,2018-01-09,2018-01-10,2018-01-11,2018-01-12",856.0,792.5080846402482,0.5601851851851852,-0.06944444444444445,False
fold_04,rolling_7d,paired,pair_hour_circular_scale_cv,all,,triangular3,0.95,6,"2018-01-07,2018-01-08,2018-01-09,2018-01-10,2018-01-11,2018-01-12",859.0,790.6072708231112,0.5729166666666667,-0.03587962962962963,False
fold_04,rolling_7d,paired,pair_hour_circular_scale_cv,all,,triangular3,1.0,6,"2018-01-07,2018-01-08,2018-01-09,2018-01-10,2018-01-11,2018-01-12",868.0,791.0238679220637,0.5879629629629629,-0.006944444444444443,False
fold_04,rolling_7d,paired,pair_hour_circular_scale_cv,all,,triangular3,1.05,6,"2018-01-07,2018-01-08,2018-01-09,2018-01-10,2018-01-11,2018-01-12",873.0,793.7578759371054,0.6030092592592592,0.024305555555555556,False
fold_04,rolling_7d,paired,pair_hour_circular_scale_cv,all,,triangular5,0.7,6,"2018-01-07,2018-01-08,2018-01-09,2018-01-10,2018-01-11,2018-01-12",842.0,841.9005798887288,0.5370370370370371,-0.1898148148148148,True
fold_04,rolling_7d,paired,pair_hour_circular_scale_cv,all,,triangular5,0.75,6,"2018-01-07,2018-01-08,2018-01-09,2018-01-10,2018-01-11,2018-01-12",850.0,830.6447416523102,0.5532407407407407,-0.14814814814814817,False
fold_04,rolling_7d,paired,pair_hour_circular_scale_cv,all,,triangular5,0.8,6,"2018-01-07,2018-01-08,2018-01-09,2018-01-10,2018-01-11,2018-01-12",858.0,821.5176432711435,0.5763888888888888,-0.10416666666666667,False
fold_04,rolling_7d,paired,pair_hour_circular_scale_cv,all,,triangular5,0.85,6,"2018-01-07,2018-01-08,2018-01-09,2018-01-10,2018-01-11,2018-01-12",867.0,814.5192847452286,0.5891203703703703,-0.0775462962962963,False
fold_04,rolling_7d,paired,pair_hour_circular_scale_cv,all,,triangular5,0.9,6,"2018-01-07,2018-01-08,2018-01-09,2018-01-10,2018-01-11,2018-01-12",877.0,809.6496660745647,0.6030092592592592,-0.03356481481481482,False
fold_04,rolling_7d,paired,pair_hour_circular_scale_cv,all,,triangular5,0.95,6,"2018-01-07,2018-01-08,2018-01-09,2018-01-10,2018-01-11,2018-01-12",891.0,806.9087872591531,0.6168981481481483,-0.008101851851851851,False
fold_04,rolling_7d,paired,pair_hour_circular_scale_cv,all,,triangular5,1.0,6,"2018-01-07,2018-01-08,2018-01-09,2018-01-10,2018-01-11,2018-01-12",902.0,806.2966482989926,0.6249999999999999,0.013888888888888888,False
fold_04,rolling_7d,paired,pair_hour_circular_scale_cv,all,,triangular5,1.05,6,"2018-01-07,2018-01-08,2018-01-09,2018-01-10,2018-01-11,2018-01-12",914.0,807.8132491940837,0.6319444444444444,0.027777777777777773,False
fold_04,rolling_7d,independent,present_shrunk20_scale_cv,all,,,0.7,6,"2018-01-07,2018-01-08,2018-01-09,2018-01-10,2018-01-11,2018-01-12",930.0,843.5907867947494,0.5393518518518517,-0.25925925925925924,False
fold_04,rolling_7d,independent,present_shrunk20_scale_cv,all,,,0.75,6,"2018-01-07,2018-01-08,2018-01-09,2018-01-10,2018-01-11,2018-01-12",922.0,837.494205999596,0.5462962962962963,-0.22916666666666666,False
fold_04,rolling_7d,independent,present_shrunk20_scale_cv,all,,,0.8,6,"2018-01-07,2018-01-08,2018-01-09,2018-01-10,2018-01-11,2018-01-12",924.0,834.1981688432338,0.5532407407407408,-0.20138888888888887,False
fold_04,rolling_7d,independent,present_shrunk20_scale_cv,all,,,0.85,6,"2018-01-07,2018-01-08,2018-01-09,2018-01-10,2018-01-11,2018-01-12",938.0,833.702675325663,0.5625,-0.1712962962962963,False
fold_04,rolling_7d,independent,present_shrunk20_scale_cv,all,,,0.9,6,"2018-01-07,2018-01-08,2018-01-09,2018-01-10,2018-01-11,2018-01-12",914.0,836.0077254468838,0.5625,-0.13425925925925924,True
fold_04,rolling_7d,independent,present_shrunk20_scale_cv,all,,,0.95,6,"2018-01-07,2018-01-08,2018-01-09,2018-01-10,2018-01-11,2018-01-12",935.0,841.1133192068958,0.5821759259259259,-0.09606481481481481,False
fold_04,rolling_7d,independent,present_shrunk20_scale_cv,all,,,1.0,6,"2018-01-07,2018-01-08,2018-01-09,2018-01-10,2018-01-11,2018-01-12",933.0,849.0194566056996,0.5798611111111112,-0.07523148148148148,False
fold_04,rolling_7d,independent,present_shrunk20_scale_cv,all,,,1.05,6,"2018-01-07,2018-01-08,2018-01-09,2018-01-10,2018-01-11,2018-01-12",933.0,859.7261376432946,0.5868055555555556,-0.03587962962962963,False
fold_04,rolling_7d,paired,present_shrunk20_scale_cv,all,,,0.7,6,"2018-01-07,2018-01-08,2018-01-09,2018-01-10,2018-01-11,2018-01-12",892.0,843.5907867947494,0.5324074074074073,-0.20370370370370372,True
fold_04,rolling_7d,paired,present_shrunk20_scale_cv,all,,,0.75,6,"2018-01-07,2018-01-08,2018-01-09,2018-01-10,2018-01-11,2018-01-12",893.0,837.494205999596,0.5405092592592593,-0.17245370370370372,False
fold_04,rolling_7d,paired,present_shrunk20_scale_cv,all,,,0.8,6,"2018-01-07,2018-01-08,2018-01-09,2018-01-10,2018-01-11,2018-01-12",894.0,834.1981688432338,0.548611111111111,-0.1412037037037037,False
fold_04,rolling_7d,paired,present_shrunk20_scale_cv,all,,,0.85,6,"2018-01-07,2018-01-08,2018-01-09,2018-01-10,2018-01-11,2018-01-12",898.0,833.702675325663,0.5509259259259259,-0.10648148148148147,False
fold_04,rolling_7d,paired,present_shrunk20_scale_cv,all,,,0.9,6,"2018-01-07,2018-01-08,2018-01-09,2018-01-10,2018-01-11,2018-01-12",912.0,836.0077254468838,0.5717592592592593,-0.0787037037037037,False
fold_04,rolling_7d,paired,present_shrunk20_scale_cv,all,,,0.95,6,"2018-01-07,2018-01-08,2018-01-09,2018-01-10,2018-01-11,2018-01-12",912.0,841.1133192068958,0.5833333333333334,-0.048611111111111105,False
fold_04,rolling_7d,paired,present_shrunk20_scale_cv,all,,,1.0,6,"2018-01-07,2018-01-08,2018-01-09,2018-01-10,2018-01-11,2018-01-12",907.0,849.0194566056996,0.5868055555555556,-0.015046296296296299,False
fold_04,rolling_7d,paired,present_shrunk20_scale_cv,all,,,1.05,6,"2018-01-07,2018-01-08,2018-01-09,2018-01-10,2018-01-11,2018-01-12",936.0,859.7261376432946,0.6018518518518519,0.006944444444444447,False
fold_04,rolling_7d,independent,pair_hour_direction_scale_cv,core->near,,,0.7,6,"2018-01-07,2018-01-08,2018-01-09,2018-01-10,2018-01-11,2018-01-12",331.0,307.3512746639374,0.7916666666666666,-0.5416666666666666,False
fold_04,rolling_7d,independent,pair_hour_direction_scale_cv,core->near,,,0.75,6,"2018-01-07,2018-01-08,2018-01-09,2018-01-10,2018-01-11,2018-01-12",344.0,306.5976676530202,0.75,-0.5,False
fold_04,rolling_7d,independent,pair_hour_direction_scale_cv,core->near,,,0.8,6,"2018-01-07,2018-01-08,2018-01-09,2018-01-10,2018-01-11,2018-01-12",331.0,307.1878532819433,0.875,-0.20833333333333334,True
fold_04,rolling_7d,independent,pair_hour_direction_scale_cv,core->near,,,0.85,6,"2018-01-07,2018-01-08,2018-01-09,2018-01-10,2018-01-11,2018-01-12",334.0,309.12183155070664,0.8333333333333334,-0.16666666666666666,False
fold_04,rolling_7d,independent,pair_hour_direction_scale_cv,core->near,,,0.9,6,"2018-01-07,2018-01-08,2018-01-09,2018-01-10,2018-01-11,2018-01-12",347.0,312.39960245931013,0.875,-0.041666666666666664,False
fold_04,rolling_7d,independent,pair_hour_direction_scale_cv,core->near,,,0.95,6,"2018-01-07,2018-01-08,2018-01-09,2018-01-10,2018-01-11,2018-01-12",347.0,317.0211660077539,0.875,0.041666666666666664,False
fold_04,rolling_7d,independent,pair_hour_direction_scale_cv,core->near,,,1.0,6,"2018-01-07,2018-01-08,2018-01-09,2018-01-10,2018-01-11,2018-01-12",348.0,322.98652219603787,0.9166666666666666,0.08333333333333333,False
fold_04,rolling_7d,independent,pair_hour_direction_scale_cv,core->near,,,1.05,6,"2018-01-07,2018-01-08,2018-01-09,2018-01-10,2018-01-11,2018-01-12",352.0,330.29567102416206,0.875,0.125,False
fold_04,rolling_7d,independent,pair_hour_direction_scale_cv,core->outer,,,0.7,6,"2018-01-07,2018-01-08,2018-01-09,2018-01-10,2018-01-11,2018-01-12",54.0,45.4937806614121,0.25,-0.25,False
fold_04,rolling_7d,independent,pair_hour_direction_scale_cv,core->outer,,,0.75,6,"2018-01-07,2018-01-08,2018-01-09,2018-01-10,2018-01-11,2018-01-12",54.0,45.17773599427719,0.25,-0.25,False
fold_04,rolling_7d,independent,pair_hour_direction_scale_cv,core->outer,,,0.8,6,"2018-01-07,2018-01-08,2018-01-09,2018-01-10,2018-01-11,2018-01-12",55.0,44.92913507951083,0.25,-0.25,False
fold_04,rolling_7d,independent,pair_hour_direction_scale_cv,core->outer,,,0.85,6,"2018-01-07,2018-01-08,2018-01-09,2018-01-10,2018-01-11,2018-01-12",52.0,44.74797791711305,0.25,-0.25,False
fold_04,rolling_7d,independent,pair_hour_direction_scale_cv,core->outer,,,0.9,6,"2018-01-07,2018-01-08,2018-01-09,2018-01-10,2018-01-11,2018-01-12",52.0,44.63426450708382,0.25,-0.25,False
fold_04,rolling_7d,independent,pair_hour_direction_scale_cv,core->outer,,,0.95,6,"2018-01-07,2018-01-08,2018-01-09,2018-01-10,2018-01-11,2018-01-12",52.0,44.58799484942317,0.2916666666666667,-0.20833333333333334,False
fold_04,rolling_7d,independent,pair_hour_direction_scale_cv,core->outer,,,1.0,6,"2018-01-07,2018-01-08,2018-01-09,2018-01-10,2018-01-11,2018-01-12",52.0,44.60916894413106,0.2916666666666667,-0.20833333333333334,True
fold_04,rolling_7d,independent,pair_hour_direction_scale_cv,core->outer,,,1.05,6,"2018-01-07,2018-01-08,2018-01-09,2018-01-10,2018-01-11,2018-01-12",52.0,44.697786791207534,0.2916666666666667,-0.20833333333333334,False
fold_04,rolling_7d,independent,pair_hour_direction_scale_cv,near->core,,,0.7,6,"2018-01-07,2018-01-08,2018-01-09,2018-01-10,2018-01-11,2018-01-12",337.0,317.3617885356087,1.1666666666666667,-0.5,False
fold_04,rolling_7d,independent,pair_hour_direction_scale_cv,near->core,,,0.75,6,"2018-01-07,2018-01-08,2018-01-09,2018-01-10,2018-01-11,2018-01-12",347.0,314.3785683173924,1.2083333333333333,-0.4583333333333333,False
fold_04,rolling_7d,independent,pair_hour_direction_scale_cv,near->core,,,0.8,6,"2018-01-07,2018-01-08,2018-01-09,2018-01-10,2018-01-11,2018-01-12",343.0,312.5750921792653,1.25,-0.4166666666666667,False
fold_04,rolling_7d,independent,pair_hour_direction_scale_cv,near->core,,,0.85,6,"2018-01-07,2018-01-08,2018-01-09,2018-01-10,2018-01-11,2018-01-12",344.0,311.9513601212275,1.3333333333333333,-0.3333333333333333,False
fold_04,rolling_7d,independent,pair_hour_direction_scale_cv,near->core,,,0.9,6,"2018-01-07,2018-01-08,2018-01-09,2018-01-10,2018-01-11,2018-01-12",325.0,312.5073721432788,1.2916666666666667,-0.2916666666666667,False
fold_04,rolling_7d,independent,pair_hour_direction_scale_cv,near->core,,,0.95,6,"2018-01-07,2018-01-08,2018-01-09,2018-01-10,2018-01-11,2018-01-12",334.0,314.2431282454193,1.2916666666666667,-0.2916666666666667,False
fold_04,rolling_7d,independent,pair_hour_direction_scale_cv,near->core,,,1.0,6,"2018-01-07,2018-01-08,2018-01-09,2018-01-10,2018-01-11,2018-01-12",338.0,317.158628427649,1.3333333333333333,-0.25,False
fold_04,rolling_7d,independent,pair_hour_direction_scale_cv,near->core,,,1.05,6,"2018-01-07,2018-01-08,2018-01-09,2018-01-10,2018-01-11,2018-01-12",322.0,321.2538726899678,1.2916666666666667,-0.20833333333333334,True
fold_04,rolling_7d,independent,pair_hour_direction_scale_cv,near->outer,,,0.7,6,"2018-01-07,2018-01-08,2018-01-09,2018-01-10,2018-01-11,2018-01-12",84.0,71.69506109963268,0.20833333333333334,-0.125,True
fold_04,rolling_7d,independent,pair_hour_direction_scale_cv,near->outer,,,0.75,6,"2018-01-07,2018-01-08,2018-01-09,2018-01-10,2018-01-11,2018-01-12",85.0,73.03059348558638,0.20833333333333334,-0.125,False
fold_04,rolling_7d,independent,pair_hour_direction_scale_cv,near->outer,,,0.8,6,"2018-01-07,2018-01-08,2018-01-09,2018-01-10,2018-01-11,2018-01-12",89.0,74.58519627443263,0.25,-0.08333333333333333,False
fold_04,rolling_7d,independent,pair_hour_direction_scale_cv,near->outer,,,0.85,6,"2018-01-07,2018-01-08,2018-01-09,2018-01-10,2018-01-11,2018-01-12",90.0,76.35886946617144,0.25,-0.08333333333333333,False
fold_04,rolling_7d,independent,pair_hour_direction_scale_cv,near->outer,,,0.9,6,"2018-01-07,2018-01-08,2018-01-09,2018-01-10,2018-01-11,2018-01-12",94.0,78.35161306080283,0.25,-0.08333333333333333,False
fold_04,rolling_7d,independent,pair_hour_direction_scale_cv,near->outer,,,0.95,6,"2018-01-07,2018-01-08,2018-01-09,2018-01-10,2018-01-11,2018-01-12",97.0,80.56342705832677,0.375,0.041666666666666664,False
fold_04,rolling_7d,independent,pair_hour_direction_scale_cv,near->outer,,,1.0,6,"2018-01-07,2018-01-08,2018-01-09,2018-01-10,2018-01-11,2018-01-12",103.0,82.99431145874328,0.375,0.041666666666666664,False
fold_04,rolling_7d,independent,pair_hour_direction_scale_cv,near->outer,,,1.05,6,"2018-01-07,2018-01-08,2018-01-09,2018-01-10,2018-01-11,2018-01-12",102.0,85.64426626205234,0.375,0.041666666666666664,False
fold_04,rolling_7d,independent,pair_hour_direction_scale_cv,outer->core,,,0.7,6,"2018-01-07,2018-01-08,2018-01-09,2018-01-10,2018-01-11,2018-01-12",34.0,31.253528260509135,0.16666666666666666,-0.16666666666666666,False
fold_04,rolling_7d,independent,pair_hour_direction_scale_cv,outer->core,,,0.75,6,"2018-01-07,2018-01-08,2018-01-09,2018-01-10,2018-01-11,2018-01-12",34.0,31.367504999115695,0.16666666666666666,-0.16666666666666666,True
fold_04,rolling_7d,independent,pair_hour_direction_scale_cv,outer->core,,,0.8,6,"2018-01-07,2018-01-08,2018-01-09,2018-01-10,2018-01-11,2018-01-12",36.0,31.522835509912568,0.16666666666666666,-0.16666666666666666,False
fold_04,rolling_7d,independent,pair_hour_direction_scale_cv,outer->core,,,0.85,6,"2018-01-07,2018-01-08,2018-01-09,2018-01-10,2018-01-11,2018-01-12",37.0,31.719519792899753,0.16666666666666666,-0.16666666666666666,False
fold_04,rolling_7d,independent,pair_hour_direction_scale_cv,outer->core,,,0.9,6,"2018-01-07,2018-01-08,2018-01-09,2018-01-10,2018-01-11,2018-01-12",37.0,31.957557848077244,0.16666666666666666,-0.16666666666666666,False
fold_04,rolling_7d,independent,pair_hour_direction_scale_cv,outer->core,,,0.95,6,"2018-01-07,2018-01-08,2018-01-09,2018-01-10,2018-01-11,2018-01-12",39.0,32.236949675445054,0.20833333333333334,-0.125,False
fold_04,rolling_7d,independent,pair_hour_direction_scale_cv,outer->core,,,1.0,6,"2018-01-07,2018-01-08,2018-01-09,2018-01-10,2018-01-11,2018-01-12",39.0,32.55769527500318,0.20833333333333334,-0.125,False
fold_04,rolling_7d,independent,pair_hour_direction_scale_cv,outer->core,,,1.05,6,"2018-01-07,2018-01-08,2018-01-09,2018-01-10,2018-01-11,2018-01-12",42.0,32.91979464675161,0.20833333333333334,-0.125,False
fold_04,rolling_7d,independent,pair_hour_direction_scale_cv,outer->near,,,0.7,6,"2018-01-07,2018-01-08,2018-01-09,2018-01-10,2018-01-11,2018-01-12",97.0,82.90319835539741,0.5,-0.16666666666666666,False
fold_04,rolling_7d,independent,pair_hour_direction_scale_cv,outer->near,,,0.75,6,"2018-01-07,2018-01-08,2018-01-09,2018-01-10,2018-01-11,2018-01-12",97.0,82.5205933501586,0.5,-0.16666666666666666,False
fold_04,rolling_7d,independent,pair_hour_direction_scale_cv,outer->near,,,0.8,6,"2018-01-07,2018-01-08,2018-01-09,2018-01-10,2018-01-11,2018-01-12",96.0,82.38313435988414,0.4583333333333333,-0.125,False
fold_04,rolling_7d,independent,pair_hour_direction_scale_cv,outer->near,,,0.85,6,"2018-01-07,2018-01-08,2018-01-09,2018-01-10,2018-01-11,2018-01-12",94.0,82.49082138457406,0.4583333333333333,-0.125,False
fold_04,rolling_7d,independent,pair_hour_direction_scale_cv,outer->near,,,0.9,6,"2018-01-07,2018-01-08,2018-01-09,2018-01-10,2018-01-11,2018-01-12",97.0,82.84365442422836,0.4583333333333333,-0.125,False
fold_04,rolling_7d,independent,pair_hour_direction_scale_cv,outer->near,,,0.95,6,"2018-01-07,2018-01-08,2018-01-09,2018-01-10,2018-01-11,2018-01-12",97.0,83.44163347884704,0.4583333333333333,-0.041666666666666664,False
fold_04,rolling_7d,independent,pair_hour_direction_scale_cv,outer->near,,,1.0,6,"2018-01-07,2018-01-08,2018-01-09,2018-01-10,2018-01-11,2018-01-12",97.0,84.28475854843008,0.4583333333333333,-0.041666666666666664,False
fold_04,rolling_7d,independent,pair_hour_direction_scale_cv,outer->near,,,1.05,6,"2018-01-07,2018-01-08,2018-01-09,2018-01-10,2018-01-11,2018-01-12",89.0,85.3730296329775,0.5,0.0,True
fold_04,rolling_7d,paired,pair_hour_direction_scale_cv,core->near,,,0.7,6,"2018-01-07,2018-01-08,2018-01-09,2018-01-10,2018-01-11,2018-01-12",306.0,307.3512746639374,0.7916666666666666,-0.20833333333333334,True
fold_04,rolling_7d,paired,pair_hour_direction_scale_cv,core->near,,,0.75,6,"2018-01-07,2018-01-08,2018-01-09,2018-01-10,2018-01-11,2018-01-12",313.0,306.5976676530202,0.8333333333333334,-0.16666666666666666,False
fold_04,rolling_7d,paired,pair_hour_direction_scale_cv,core->near,,,0.8,6,"2018-01-07,2018-01-08,2018-01-09,2018-01-10,2018-01-11,2018-01-12",323.0,307.1878532819433,0.875,-0.125,False
fold_04,rolling_7d,paired,pair_hour_direction_scale_cv,core->near,,,0.85,6,"2018-01-07,2018-01-08,2018-01-09,2018-01-10,2018-01-11,2018-01-12",337.0,309.12183155070664,0.875,-0.125,False
fold_04,rolling_7d,paired,pair_hour_direction_scale_cv,core->near,,,0.9,6,"2018-01-07,2018-01-08,2018-01-09,2018-01-10,2018-01-11,2018-01-12",330.0,312.39960245931013,0.875,0.041666666666666664,False
fold_04,rolling_7d,paired,pair_hour_direction_scale_cv,core->near,,,0.95,6,"2018-01-07,2018-01-08,2018-01-09,2018-01-10,2018-01-11,2018-01-12",333.0,317.0211660077539,0.9166666666666666,0.08333333333333333,False
fold_04,rolling_7d,paired,pair_hour_direction_scale_cv,core->near,,,1.0,6,"2018-01-07,2018-01-08,2018-01-09,2018-01-10,2018-01-11,2018-01-12",343.0,322.98652219603787,0.9166666666666666,0.08333333333333333,False
fold_04,rolling_7d,paired,pair_hour_direction_scale_cv,core->near,,,1.05,6,"2018-01-07,2018-01-08,2018-01-09,2018-01-10,2018-01-11,2018-01-12",347.0,330.29567102416206,0.9166666666666666,0.16666666666666666,False
fold_04,rolling_7d,paired,pair_hour_direction_scale_cv,core->outer,,,0.7,6,"2018-01-07,2018-01-08,2018-01-09,2018-01-10,2018-01-11,2018-01-12",56.0,45.4937806614121,0.2916666666666667,-0.2916666666666667,False
fold_04,rolling_7d,paired,pair_hour_direction_scale_cv,core->outer,,,0.75,6,"2018-01-07,2018-01-08,2018-01-09,2018-01-10,2018-01-11,2018-01-12",56.0,45.17773599427719,0.2916666666666667,-0.2916666666666667,False
fold_04,rolling_7d,paired,pair_hour_direction_scale_cv,core->outer,,,0.8,6,"2018-01-07,2018-01-08,2018-01-09,2018-01-10,2018-01-11,2018-01-12",55.0,44.92913507951083,0.25,-0.25,False
fold_04,rolling_7d,paired,pair_hour_direction_scale_cv,core->outer,,,0.85,6,"2018-01-07,2018-01-08,2018-01-09,2018-01-10,2018-01-11,2018-01-12",55.0,44.74797791711305,0.25,-0.25,False
fold_04,rolling_7d,paired,pair_hour_direction_scale_cv,core->outer,,,0.9,6,"2018-01-07,2018-01-08,2018-01-09,2018-01-10,2018-01-11,2018-01-12",55.0,44.63426450708382,0.25,-0.25,False
fold_04,rolling_7d,paired,pair_hour_direction_scale_cv,core->outer,,,0.95,6,"2018-01-07,2018-01-08,2018-01-09,2018-01-10,2018-01-11,2018-01-12",55.0,44.58799484942317,0.25,-0.25,False
fold_04,rolling_7d,paired,pair_hour_direction_scale_cv,core->outer,,,1.0,6,"2018-01-07,2018-01-08,2018-01-09,2018-01-10,2018-01-11,2018-01-12",55.0,44.60916894413106,0.20833333333333334,-0.20833333333333334,False
fold_04,rolling_7d,paired,pair_hour_direction_scale_cv,core->outer,,,1.05,6,"2018-01-07,2018-01-08,2018-01-09,2018-01-10,2018-01-11,2018-01-12",54.0,44.697786791207534,0.20833333333333334,-0.20833333333333334,True
fold_04,rolling_7d,paired,pair_hour_direction_scale_cv,near->core,,,0.7,6,"2018-01-07,2018-01-08,2018-01-09,2018-01-10,2018-01-11,2018-01-12",332.0,317.3617885356087,1.2083333333333333,-0.4583333333333333,False
fold_04,rolling_7d,paired,pair_hour_direction_scale_cv,near->core,,,0.75,6,"2018-01-07,2018-01-08,2018-01-09,2018-01-10,2018-01-11,2018-01-12",340.0,314.3785683173924,1.1666666666666667,-0.4166666666666667,False
fold_04,rolling_7d,paired,pair_hour_direction_scale_cv,near->core,,,0.8,6,"2018-01-07,2018-01-08,2018-01-09,2018-01-10,2018-01-11,2018-01-12",328.0,312.5750921792653,1.1666666666666667,-0.3333333333333333,False
fold_04,rolling_7d,paired,pair_hour_direction_scale_cv,near->core,,,0.85,6,"2018-01-07,2018-01-08,2018-01-09,2018-01-10,2018-01-11,2018-01-12",324.0,311.9513601212275,1.2083333333333333,-0.2916666666666667,True
fold_04,rolling_7d,paired,pair_hour_direction_scale_cv,near->core,,,0.9,6,"2018-01-07,2018-01-08,2018-01-09,2018-01-10,2018-01-11,2018-01-12",325.0,312.5073721432788,1.25,-0.25,False
fold_04,rolling_7d,paired,pair_hour_direction_scale_cv,near->core,,,0.95,6,"2018-01-07,2018-01-08,2018-01-09,2018-01-10,2018-01-11,2018-01-12",335.0,314.2431282454193,1.25,-0.16666666666666666,False
fold_04,rolling_7d,paired,pair_hour_direction_scale_cv,near->core,,,1.0,6,"2018-01-07,2018-01-08,2018-01-09,2018-01-10,2018-01-11,2018-01-12",339.0,317.158628427649,1.2083333333333333,-0.125,False
fold_04,rolling_7d,paired,pair_hour_direction_scale_cv,near->core,,,1.05,6,"2018-01-07,2018-01-08,2018-01-09,2018-01-10,2018-01-11,2018-01-12",338.0,321.2538726899678,1.2083333333333333,-0.041666666666666664,False
fold_04,rolling_7d,paired,pair_hour_direction_scale_cv,near->outer,,,0.7,6,"2018-01-07,2018-01-08,2018-01-09,2018-01-10,2018-01-11,2018-01-12",88.0,71.69506109963268,0.2916666666666667,-0.125,True
fold_04,rolling_7d,paired,pair_hour_direction_scale_cv,near->outer,,,0.75,6,"2018-01-07,2018-01-08,2018-01-09,2018-01-10,2018-01-11,2018-01-12",91.0,73.03059348558638,0.2916666666666667,-0.125,False
fold_04,rolling_7d,paired,pair_hour_direction_scale_cv,near->outer,,,0.8,6,"2018-01-07,2018-01-08,2018-01-09,2018-01-10,2018-01-11,2018-01-12",91.0,74.58519627443263,0.25,-0.08333333333333333,False
fold_04,rolling_7d,paired,pair_hour_direction_scale_cv,near->outer,,,0.85,6,"2018-01-07,2018-01-08,2018-01-09,2018-01-10,2018-01-11,2018-01-12",90.0,76.35886946617144,0.25,0.0,False
fold_04,rolling_7d,paired,pair_hour_direction_scale_cv,near->outer,,,0.9,6,"2018-01-07,2018-01-08,2018-01-09,2018-01-10,2018-01-11,2018-01-12",93.0,78.35161306080283,0.25,0.0,False
fold_04,rolling_7d,paired,pair_hour_direction_scale_cv,near->outer,,,0.95,6,"2018-01-07,2018-01-08,2018-01-09,2018-01-10,2018-01-11,2018-01-12",93.0,80.56342705832677,0.25,0.0,False
fold_04,rolling_7d,paired,pair_hour_direction_scale_cv,near->outer,,,1.0,6,"2018-01-07,2018-01-08,2018-01-09,2018-01-10,2018-01-11,2018-01-12",95.0,82.99431145874328,0.2916666666666667,0.041666666666666664,False
fold_04,rolling_7d,paired,pair_hour_direction_scale_cv,near->outer,,,1.05,6,"2018-01-07,2018-01-08,2018-01-09,2018-01-10,2018-01-11,2018-01-12",101.0,85.64426626205234,0.3333333333333333,0.08333333333333333,False
fold_04,rolling_7d,paired,pair_hour_direction_scale_cv,outer->core,,,0.7,6,"2018-01-07,2018-01-08,2018-01-09,2018-01-10,2018-01-11,2018-01-12",35.0,31.253528260509135,0.16666666666666666,-0.16666666666666666,False
fold_04,rolling_7d,paired,pair_hour_direction_scale_cv,outer->core,,,0.75,6,"2018-01-07,2018-01-08,2018-01-09,2018-01-10,2018-01-11,2018-01-12",36.0,31.367504999115695,0.16666666666666666,-0.16666666666666666,False
fold_04,rolling_7d,paired,pair_hour_direction_scale_cv,outer->core,,,0.8,6,"2018-01-07,2018-01-08,2018-01-09,2018-01-10,2018-01-11,2018-01-12",35.0,31.522835509912568,0.16666666666666666,-0.16666666666666666,False
fold_04,rolling_7d,paired,pair_hour_direction_scale_cv,outer->core,,,0.85,6,"2018-01-07,2018-01-08,2018-01-09,2018-01-10,2018-01-11,2018-01-12",33.0,31.719519792899753,0.16666666666666666,-0.16666666666666666,False
fold_04,rolling_7d,paired,pair_hour_direction_scale_cv,outer->core,,,0.9,6,"2018-01-07,2018-01-08,2018-01-09,2018-01-10,2018-01-11,2018-01-12",32.0,31.957557848077244,0.16666666666666666,-0.16666666666666666,True
fold_04,rolling_7d,paired,pair_hour_direction_scale_cv,outer->core,,,0.95,6,"2018-01-07,2018-01-08,2018-01-09,2018-01-10,2018-01-11,2018-01-12",36.0,32.236949675445054,0.25,-0.08333333333333333,False
fold_04,rolling_7d,paired,pair_hour_direction_scale_cv,outer->core,,,1.0,6,"2018-01-07,2018-01-08,2018-01-09,2018-01-10,2018-01-11,2018-01-12",40.0,32.55769527500318,0.25,-0.08333333333333333,False
fold_04,rolling_7d,paired,pair_hour_direction_scale_cv,outer->core,,,1.05,6,"2018-01-07,2018-01-08,2018-01-09,2018-01-10,2018-01-11,2018-01-12",41.0,32.91979464675161,0.25,-0.08333333333333333,False
fold_04,rolling_7d,paired,pair_hour_direction_scale_cv,outer->near,,,0.7,6,"2018-01-07,2018-01-08,2018-01-09,2018-01-10,2018-01-11,2018-01-12",103.0,82.90319835539741,0.5,-0.16666666666666666,False
fold_04,rolling_7d,paired,pair_hour_direction_scale_cv,outer->near,,,0.75,6,"2018-01-07,2018-01-08,2018-01-09,2018-01-10,2018-01-11,2018-01-12",99.0,82.5205933501586,0.5,-0.16666666666666666,True
fold_04,rolling_7d,paired,pair_hour_direction_scale_cv,outer->near,,,0.8,6,"2018-01-07,2018-01-08,2018-01-09,2018-01-10,2018-01-11,2018-01-12",100.0,82.38313435988414,0.4166666666666667,-0.08333333333333333,False
fold_04,rolling_7d,paired,pair_hour_direction_scale_cv,outer->near,,,0.85,6,"2018-01-07,2018-01-08,2018-01-09,2018-01-10,2018-01-11,2018-01-12",101.0,82.49082138457406,0.4583333333333333,-0.041666666666666664,False
fold_04,rolling_7d,paired,pair_hour_direction_scale_cv,outer->near,,,0.9,6,"2018-01-07,2018-01-08,2018-01-09,2018-01-10,2018-01-11,2018-01-12",105.0,82.84365442422836,0.5416666666666666,0.041666666666666664,False
fold_04,rolling_7d,paired,pair_hour_direction_scale_cv,outer->near,,,0.95,6,"2018-01-07,2018-01-08,2018-01-09,2018-01-10,2018-01-11,2018-01-12",107.0,83.44163347884704,0.5833333333333334,0.08333333333333333,False
fold_04,rolling_7d,paired,pair_hour_direction_scale_cv,outer->near,,,1.0,6,"2018-01-07,2018-01-08,2018-01-09,2018-01-10,2018-01-11,2018-01-12",108.0,84.28475854843008,0.5833333333333334,0.08333333333333333,False
fold_04,rolling_7d,paired,pair_hour_direction_scale_cv,outer->near,,,1.05,6,"2018-01-07,2018-01-08,2018-01-09,2018-01-10,2018-01-11,2018-01-12",103.0,85.3730296329775,0.5833333333333334,0.08333333333333333,False
fold_04,rolling_7d,independent,present_shrunk20_direction_scale_cv,core->near,,,0.7,6,"2018-01-07,2018-01-08,2018-01-09,2018-01-10,2018-01-11,2018-01-12",323.0,299.35939226594735,0.75,-0.5,False
fold_04,rolling_7d,independent,present_shrunk20_direction_scale_cv,core->near,,,0.75,6,"2018-01-07,2018-01-08,2018-01-09,2018-01-10,2018-01-11,2018-01-12",320.0,296.8109541439946,0.9166666666666666,-0.25,False
fold_04,rolling_7d,independent,present_shrunk20_direction_scale_cv,core->near,,,0.8,6,"2018-01-07,2018-01-08,2018-01-09,2018-01-10,2018-01-11,2018-01-12",320.0,295.4431110127725,0.9166666666666666,-0.25,True
fold_04,rolling_7d,independent,present_shrunk20_direction_scale_cv,core->near,,,0.85,6,"2018-01-07,2018-01-08,2018-01-09,2018-01-10,2018-01-11,2018-01-12",325.0,295.25586287228094,0.9166666666666666,-0.16666666666666666,False
fold_04,rolling_7d,independent,present_shrunk20_direction_scale_cv,core->near,,,0.9,6,"2018-01-07,2018-01-08,2018-01-09,2018-01-10,2018-01-11,2018-01-12",325.0,296.24920972252005,0.9166666666666666,-0.08333333333333333,False
fold_04,rolling_7d,independent,present_shrunk20_direction_scale_cv,core->near,,,0.95,6,"2018-01-07,2018-01-08,2018-01-09,2018-01-10,2018-01-11,2018-01-12",337.0,298.42315156348974,0.9583333333333334,-0.041666666666666664,False
fold_04,rolling_7d,independent,present_shrunk20_direction_scale_cv,core->near,,,1.0,6,"2018-01-07,2018-01-08,2018-01-09,2018-01-10,2018-01-11,2018-01-12",331.0,301.7776883951901,0.875,0.041666666666666664,False
fold_04,rolling_7d,independent,present_shrunk20_direction_scale_cv,core->near,,,1.05,6,"2018-01-07,2018-01-08,2018-01-09,2018-01-10,2018-01-11,2018-01-12",340.0,306.312820217621,0.9166666666666666,0.08333333333333333,False
fold_04,rolling_7d,independent,present_shrunk20_direction_scale_cv,core->outer,,,0.7,6,"2018-01-07,2018-01-08,2018-01-09,2018-01-10,2018-01-11,2018-01-12",55.0,45.60037964916473,0.2916666666666667,-0.2916666666666667,False
fold_04,rolling_7d,independent,present_shrunk20_direction_scale_cv,core->outer,,,0.75,6,"2018-01-07,2018-01-08,2018-01-09,2018-01-10,2018-01-11,2018-01-12",55.0,45.20225648076597,0.2916666666666667,-0.2916666666666667,False
fold_04,rolling_7d,independent,present_shrunk20_direction_scale_cv,core->outer,,,0.8,6,"2018-01-07,2018-01-08,2018-01-09,2018-01-10,2018-01-11,2018-01-12",54.0,44.85961803611248,0.25,-0.25,False
fold_04,rolling_7d,independent,present_shrunk20_direction_scale_cv,core->outer,,,0.85,6,"2018-01-07,2018-01-08,2018-01-09,2018-01-10,2018-01-11,2018-01-12",54.0,44.57246431520426,0.25,-0.25,False
fold_04,rolling_7d,independent,present_shrunk20_direction_scale_cv,core->outer,,,0.9,6,"2018-01-07,2018-01-08,2018-01-09,2018-01-10,2018-01-11,2018-01-12",55.0,44.34079531804129,0.25,-0.25,False
fold_04,rolling_7d,independent,present_shrunk20_direction_scale_cv,core->outer,,,0.95,6,"2018-01-07,2018-01-08,2018-01-09,2018-01-10,2018-01-11,2018-01-12",52.0,44.164611044623584,0.25,-0.25,False
fold_04,rolling_7d,independent,present_shrunk20_direction_scale_cv,core->outer,,,1.0,6,"2018-01-07,2018-01-08,2018-01-09,2018-01-10,2018-01-11,2018-01-12",52.0,44.04391149495115,0.25,-0.25,True
fold_04,rolling_7d,independent,present_shrunk20_direction_scale_cv,core->outer,,,1.05,6,"2018-01-07,2018-01-08,2018-01-09,2018-01-10,2018-01-11,2018-01-12",52.0,43.978696669023975,0.2916666666666667,-0.20833333333333334,False
fold_04,rolling_7d,independent,present_shrunk20_direction_scale_cv,near->core,,,0.7,6,"2018-01-07,2018-01-08,2018-01-09,2018-01-10,2018-01-11,2018-01-12",338.0,314.5212892508923,1.1666666666666667,-0.5,False
fold_04,rolling_7d,independent,present_shrunk20_direction_scale_cv,near->core,,,0.75,6,"2018-01-07,2018-01-08,2018-01-09,2018-01-10,2018-01-11,2018-01-12",334.0,311.0077065205443,1.1666666666666667,-0.5,False
fold_04,rolling_7d,independent,present_shrunk20_direction_scale_cv,near->core,,,0.8,6,"2018-01-07,2018-01-08,2018-01-09,2018-01-10,2018-01-11,2018-01-12",330.0,308.6302052428081,1.25,-0.4166666666666667,False
fold_04,rolling_7d,independent,present_shrunk20_direction_scale_cv,near->core,,,0.85,6,"2018-01-07,2018-01-08,2018-01-09,2018-01-10,2018-01-11,2018-01-12",337.0,307.3887854176835,1.3333333333333333,-0.3333333333333333,False
fold_04,rolling_7d,independent,present_shrunk20_direction_scale_cv,near->core,,,0.9,6,"2018-01-07,2018-01-08,2018-01-09,2018-01-10,2018-01-11,2018-01-12",313.0,307.28344704517076,1.2916666666666667,-0.2916666666666667,False
fold_04,rolling_7d,independent,present_shrunk20_direction_scale_cv,near->core,,,0.95,6,"2018-01-07,2018-01-08,2018-01-09,2018-01-10,2018-01-11,2018-01-12",315.0,308.3141901252697,1.2916666666666667,-0.2916666666666667,False
fold_04,rolling_7d,independent,present_shrunk20_direction_scale_cv,near->core,,,1.0,6,"2018-01-07,2018-01-08,2018-01-09,2018-01-10,2018-01-11,2018-01-12",322.0,310.4810146579805,1.2916666666666667,-0.2916666666666667,False
fold_04,rolling_7d,independent,present_shrunk20_direction_scale_cv,near->core,,,1.05,6,"2018-01-07,2018-01-08,2018-01-09,2018-01-10,2018-01-11,2018-01-12",312.0,313.783920643303,1.25,-0.08333333333333333,True
fold_04,rolling_7d,independent,present_shrunk20_direction_scale_cv,near->outer,,,0.7,6,"2018-01-07,2018-01-08,2018-01-09,2018-01-10,2018-01-11,2018-01-12",87.0,70.0564542105794,0.25,-0.16666666666666666,False
fold_04,rolling_7d,independent,present_shrunk20_direction_scale_cv,near->outer,,,0.75,6,"2018-01-07,2018-01-08,2018-01-09,2018-01-10,2018-01-11,2018-01-12",85.0,71.13734237223679,0.20833333333333334,-0.125,True
fold_04,rolling_7d,independent,present_shrunk20_direction_scale_cv,near->outer,,,0.8,6,"2018-01-07,2018-01-08,2018-01-09,2018-01-10,2018-01-11,2018-01-12",88.0,72.41895415344297,0.20833333333333334,-0.125,False
fold_04,rolling_7d,independent,present_shrunk20_direction_scale_cv,near->outer,,,0.85,6,"2018-01-07,2018-01-08,2018-01-09,2018-01-10,2018-01-11,2018-01-12",90.0,73.90128955419797,0.25,-0.08333333333333333,False
fold_04,rolling_7d,independent,present_shrunk20_direction_scale_cv,near->outer,,,0.9,6,"2018-01-07,2018-01-08,2018-01-09,2018-01-10,2018-01-11,2018-01-12",90.0,75.58434857450176,0.25,-0.08333333333333333,False
fold_04,rolling_7d,independent,present_shrunk20_direction_scale_cv,near->outer,,,0.95,6,"2018-01-07,2018-01-08,2018-01-09,2018-01-10,2018-01-11,2018-01-12",98.0,77.46813121435434,0.375,0.041666666666666664,False
fold_04,rolling_7d,independent,present_shrunk20_direction_scale_cv,near->outer,,,1.0,6,"2018-01-07,2018-01-08,2018-01-09,2018-01-10,2018-01-11,2018-01-12",97.0,79.55263747375575,0.375,0.041666666666666664,False
fold_04,rolling_7d,independent,present_shrunk20_direction_scale_cv,near->outer,,,1.05,6,"2018-01-07,2018-01-08,2018-01-09,2018-01-10,2018-01-11,2018-01-12",96.0,81.83786735270597,0.375,0.041666666666666664,False
fold_04,rolling_7d,independent,present_shrunk20_direction_scale_cv,outer->core,,,0.7,6,"2018-01-07,2018-01-08,2018-01-09,2018-01-10,2018-01-11,2018-01-12",34.0,30.490050887521303,0.16666666666666666,-0.16666666666666666,False
fold_04,rolling_7d,independent,present_shrunk20_direction_scale_cv,outer->core,,,0.75,6,"2018-01-07,2018-01-08,2018-01-09,2018-01-10,2018-01-11,2018-01-12",34.0,30.470376755771888,0.16666666666666666,-0.16666666666666666,False
fold_04,rolling_7d,independent,present_shrunk20_direction_scale_cv,outer->core,,,0.8,6,"2018-01-07,2018-01-08,2018-01-09,2018-01-10,2018-01-11,2018-01-12",34.0,30.481507493241395,0.16666666666666666,-0.16666666666666666,False
fold_04,rolling_7d,independent,present_shrunk20_direction_scale_cv,outer->core,,,0.85,6,"2018-01-07,2018-01-08,2018-01-09,2018-01-10,2018-01-11,2018-01-12",34.0,30.52344309992983,0.16666666666666666,-0.16666666666666666,False
fold_04,rolling_7d,independent,present_shrunk20_direction_scale_cv,outer->core,,,0.9,6,"2018-01-07,2018-01-08,2018-01-09,2018-01-10,2018-01-11,2018-01-12",34.0,30.596183575837184,0.16666666666666666,-0.16666666666666666,True
fold_04,rolling_7d,independent,present_shrunk20_direction_scale_cv,outer->core,,,0.95,6,"2018-01-07,2018-01-08,2018-01-09,2018-01-10,2018-01-11,2018-01-12",36.0,30.699728920963466,0.16666666666666666,-0.16666666666666666,False
fold_04,rolling_7d,independent,present_shrunk20_direction_scale_cv,outer->core,,,1.0,6,"2018-01-07,2018-01-08,2018-01-09,2018-01-10,2018-01-11,2018-01-12",36.0,30.83407913530867,0.16666666666666666,-0.16666666666666666,False
fold_04,rolling_7d,independent,present_shrunk20_direction_scale_cv,outer->core,,,1.05,6,"2018-01-07,2018-01-08,2018-01-09,2018-01-10,2018-01-11,2018-01-12",37.0,30.999234218872793,0.20833333333333334,-0.125,False
fold_04,rolling_7d,independent,present_shrunk20_direction_scale_cv,outer->near,,,0.7,6,"2018-01-07,2018-01-08,2018-01-09,2018-01-10,2018-01-11,2018-01-12",93.0,83.56322053064443,0.4583333333333333,-0.20833333333333334,True
fold_04,rolling_7d,independent,present_shrunk20_direction_scale_cv,outer->near,,,0.75,6,"2018-01-07,2018-01-08,2018-01-09,2018-01-10,2018-01-11,2018-01-12",94.0,82.8655697262824,0.4583333333333333,-0.20833333333333334,False
fold_04,rolling_7d,independent,present_shrunk20_direction_scale_cv,outer->near,,,0.8,6,"2018-01-07,2018-01-08,2018-01-09,2018-01-10,2018-01-11,2018-01-12",98.0,82.36477290485647,0.5,-0.16666666666666666,False
fold_04,rolling_7d,independent,present_shrunk20_direction_scale_cv,outer->near,,,0.85,6,"2018-01-07,2018-01-08,2018-01-09,2018-01-10,2018-01-11,2018-01-12",98.0,82.06083006636658,0.5,-0.16666666666666666,False
fold_04,rolling_7d,independent,present_shrunk20_direction_scale_cv,outer->near,,,0.9,6,"2018-01-07,2018-01-08,2018-01-09,2018-01-10,2018-01-11,2018-01-12",97.0,81.95374121081275,0.4583333333333333,-0.125,False
fold_04,rolling_7d,independent,present_shrunk20_direction_scale_cv,outer->near,,,0.95,6,"2018-01-07,2018-01-08,2018-01-09,2018-01-10,2018-01-11,2018-01-12",97.0,82.043506338195,0.5,-0.08333333333333333,False
fold_04,rolling_7d,independent,present_shrunk20_direction_scale_cv,outer->near,,,1.0,6,"2018-01-07,2018-01-08,2018-01-09,2018-01-10,2018-01-11,2018-01-12",95.0,82.33012544851333,0.4583333333333333,-0.041666666666666664,False
fold_04,rolling_7d,independent,present_shrunk20_direction_scale_cv,outer->near,,,1.05,6,"2018-01-07,2018-01-08,2018-01-09,2018-01-10,2018-01-11,2018-01-12",96.0,82.81359854176772,0.4583333333333333,-0.041666666666666664,False
fold_04,rolling_7d,paired,present_shrunk20_direction_scale_cv,core->near,,,0.7,6,"2018-01-07,2018-01-08,2018-01-09,2018-01-10,2018-01-11,2018-01-12",312.0,299.35939226594735,0.9166666666666666,-0.25,False
fold_04,rolling_7d,paired,present_shrunk20_direction_scale_cv,core->near,,,0.75,6,"2018-01-07,2018-01-08,2018-01-09,2018-01-10,2018-01-11,2018-01-12",300.0,296.8109541439946,0.875,-0.125,False
fold_04,rolling_7d,paired,present_shrunk20_direction_scale_cv,core->near,,,0.8,6,"2018-01-07,2018-01-08,2018-01-09,2018-01-10,2018-01-11,2018-01-12",306.0,295.4431110127725,0.9583333333333334,-0.041666666666666664,False
fold_04,rolling_7d,paired,present_shrunk20_direction_scale_cv,core->near,,,0.85,6,"2018-01-07,2018-01-08,2018-01-09,2018-01-10,2018-01-11,2018-01-12",311.0,295.25586287228094,0.9583333333333334,-0.041666666666666664,False
fold_04,rolling_7d,paired,present_shrunk20_direction_scale_cv,core->near,,,0.9,6,"2018-01-07,2018-01-08,2018-01-09,2018-01-10,2018-01-11,2018-01-12",311.0,296.24920972252005,0.9166666666666666,0.0,False
fold_04,rolling_7d,paired,present_shrunk20_direction_scale_cv,core->near,,,0.95,6,"2018-01-07,2018-01-08,2018-01-09,2018-01-10,2018-01-11,2018-01-12",309.0,298.42315156348974,0.875,0.041666666666666664,False
fold_04,rolling_7d,paired,present_shrunk20_direction_scale_cv,core->near,,,1.0,6,"2018-01-07,2018-01-08,2018-01-09,2018-01-10,2018-01-11,2018-01-12",300.0,301.7776883951901,0.9166666666666666,0.08333333333333333,True
fold_04,rolling_7d,paired,present_shrunk20_direction_scale_cv,core->near,,,1.05,6,"2018-01-07,2018-01-08,2018-01-09,2018-01-10,2018-01-11,2018-01-12",316.0,306.312820217621,0.9166666666666666,0.16666666666666666,False
fold_04,rolling_7d,paired,present_shrunk20_direction_scale_cv,core->outer,,,0.7,6,"2018-01-07,2018-01-08,2018-01-09,2018-01-10,2018-01-11,2018-01-12",54.0,45.60037964916473,0.2916666666666667,-0.2916666666666667,False
fold_04,rolling_7d,paired,present_shrunk20_direction_scale_cv,core->outer,,,0.75,6,"2018-01-07,2018-01-08,2018-01-09,2018-01-10,2018-01-11,2018-01-12",54.0,45.20225648076597,0.2916666666666667,-0.2916666666666667,False
fold_04,rolling_7d,paired,present_shrunk20_direction_scale_cv,core->outer,,,0.8,6,"2018-01-07,2018-01-08,2018-01-09,2018-01-10,2018-01-11,2018-01-12",56.0,44.85961803611248,0.2916666666666667,-0.2916666666666667,False
fold_04,rolling_7d,paired,present_shrunk20_direction_scale_cv,core->outer,,,0.85,6,"2018-01-07,2018-01-08,2018-01-09,2018-01-10,2018-01-11,2018-01-12",56.0,44.57246431520426,0.2916666666666667,-0.2916666666666667,False
fold_04,rolling_7d,paired,present_shrunk20_direction_scale_cv,core->outer,,,0.9,6,"2018-01-07,2018-01-08,2018-01-09,2018-01-10,2018-01-11,2018-01-12",49.0,44.34079531804129,0.20833333333333334,-0.20833333333333334,False
fold_04,rolling_7d,paired,present_shrunk20_direction_scale_cv,core->outer,,,0.95,6,"2018-01-07,2018-01-08,2018-01-09,2018-01-10,2018-01-11,2018-01-12",49.0,44.164611044623584,0.20833333333333334,-0.20833333333333334,True
fold_04,rolling_7d,paired,present_shrunk20_direction_scale_cv,core->outer,,,1.0,6,"2018-01-07,2018-01-08,2018-01-09,2018-01-10,2018-01-11,2018-01-12",50.0,44.04391149495115,0.20833333333333334,-0.20833333333333334,False
fold_04,rolling_7d,paired,present_shrunk20_direction_scale_cv,core->outer,,,1.05,6,"2018-01-07,2018-01-08,2018-01-09,2018-01-10,2018-01-11,2018-01-12",50.0,43.978696669023975,0.20833333333333334,-0.20833333333333334,False
fold_04,rolling_7d,paired,present_shrunk20_direction_scale_cv,near->core,,,0.7,6,"2018-01-07,2018-01-08,2018-01-09,2018-01-10,2018-01-11,2018-01-12",331.0,314.5212892508923,1.125,-0.4583333333333333,False
fold_04,rolling_7d,paired,present_shrunk20_direction_scale_cv,near->core,,,0.75,6,"2018-01-07,2018-01-08,2018-01-09,2018-01-10,2018-01-11,2018-01-12",327.0,311.0077065205443,1.1666666666666667,-0.3333333333333333,False
fold_04,rolling_7d,paired,present_shrunk20_direction_scale_cv,near->core,,,0.8,6,"2018-01-07,2018-01-08,2018-01-09,2018-01-10,2018-01-11,2018-01-12",331.0,308.6302052428081,1.1666666666666667,-0.3333333333333333,False
fold_04,rolling_7d,paired,present_shrunk20_direction_scale_cv,near->core,,,0.85,6,"2018-01-07,2018-01-08,2018-01-09,2018-01-10,2018-01-11,2018-01-12",320.0,307.3887854176835,1.1666666666666667,-0.3333333333333333,False
fold_04,rolling_7d,paired,present_shrunk20_direction_scale_cv,near->core,,,0.9,6,"2018-01-07,2018-01-08,2018-01-09,2018-01-10,2018-01-11,2018-01-12",326.0,307.28344704517076,1.25,-0.25,False
fold_04,rolling_7d,paired,present_shrunk20_direction_scale_cv,near->core,,,0.95,6,"2018-01-07,2018-01-08,2018-01-09,2018-01-10,2018-01-11,2018-01-12",320.0,308.3141901252697,1.25,-0.25,True
fold_04,rolling_7d,paired,present_shrunk20_direction_scale_cv,near->core,,,1.0,6,"2018-01-07,2018-01-08,2018-01-09,2018-01-10,2018-01-11,2018-01-12",329.0,310.4810146579805,1.2916666666666667,-0.125,False
fold_04,rolling_7d,paired,present_shrunk20_direction_scale_cv,near->core,,,1.05,6,"2018-01-07,2018-01-08,2018-01-09,2018-01-10,2018-01-11,2018-01-12",333.0,313.783920643303,1.25,0.0,False
fold_04,rolling_7d,paired,present_shrunk20_direction_scale_cv,near->outer,,,0.7,6,"2018-01-07,2018-01-08,2018-01-09,2018-01-10,2018-01-11,2018-01-12",90.0,70.0564542105794,0.3333333333333333,-0.16666666666666666,False
fold_04,rolling_7d,paired,present_shrunk20_direction_scale_cv,near->outer,,,0.75,6,"2018-01-07,2018-01-08,2018-01-09,2018-01-10,2018-01-11,2018-01-12",94.0,71.13734237223679,0.3333333333333333,-0.16666666666666666,False
fold_04,rolling_7d,paired,present_shrunk20_direction_scale_cv,near->outer,,,0.8,6,"2018-01-07,2018-01-08,2018-01-09,2018-01-10,2018-01-11,2018-01-12",90.0,72.41895415344297,0.20833333333333334,-0.041666666666666664,True
fold_04,rolling_7d,paired,present_shrunk20_direction_scale_cv,near->outer,,,0.85,6,"2018-01-07,2018-01-08,2018-01-09,2018-01-10,2018-01-11,2018-01-12",93.0,73.90128955419797,0.25,0.0,False
fold_04,rolling_7d,paired,present_shrunk20_direction_scale_cv,near->outer,,,0.9,6,"2018-01-07,2018-01-08,2018-01-09,2018-01-10,2018-01-11,2018-01-12",92.0,75.58434857450176,0.25,0.0,False
fold_04,rolling_7d,paired,present_shrunk20_direction_scale_cv,near->outer,,,0.95,6,"2018-01-07,2018-01-08,2018-01-09,2018-01-10,2018-01-11,2018-01-12",94.0,77.46813121435434,0.2916666666666667,0.041666666666666664,False
fold_04,rolling_7d,paired,present_shrunk20_direction_scale_cv,near->outer,,,1.0,6,"2018-01-07,2018-01-08,2018-01-09,2018-01-10,2018-01-11,2018-01-12",95.0,79.55263747375575,0.3333333333333333,0.08333333333333333,False
fold_04,rolling_7d,paired,present_shrunk20_direction_scale_cv,near->outer,,,1.05,6,"2018-01-07,2018-01-08,2018-01-09,2018-01-10,2018-01-11,2018-01-12",99.0,81.83786735270597,0.3333333333333333,0.08333333333333333,False
fold_04,rolling_7d,paired,present_shrunk20_direction_scale_cv,outer->core,,,0.7,6,"2018-01-07,2018-01-08,2018-01-09,2018-01-10,2018-01-11,2018-01-12",34.0,30.490050887521303,0.16666666666666666,-0.16666666666666666,False
fold_04,rolling_7d,paired,present_shrunk20_direction_scale_cv,outer->core,,,0.75,6,"2018-01-07,2018-01-08,2018-01-09,2018-01-10,2018-01-11,2018-01-12",34.0,30.470376755771888,0.16666666666666666,-0.16666666666666666,False
fold_04,rolling_7d,paired,present_shrunk20_direction_scale_cv,outer->core,,,0.8,6,"2018-01-07,2018-01-08,2018-01-09,2018-01-10,2018-01-11,2018-01-12",34.0,30.481507493241395,0.16666666666666666,-0.16666666666666666,True
fold_04,rolling_7d,paired,present_shrunk20_direction_scale_cv,outer->core,,,0.85,6,"2018-01-07,2018-01-08,2018-01-09,2018-01-10,2018-01-11,2018-01-12",36.0,30.52344309992983,0.20833333333333334,-0.125,False
fold_04,rolling_7d,paired,present_shrunk20_direction_scale_cv,outer->core,,,0.9,6,"2018-01-07,2018-01-08,2018-01-09,2018-01-10,2018-01-11,2018-01-12",38.0,30.596183575837184,0.25,-0.08333333333333333,False
fold_04,rolling_7d,paired,present_shrunk20_direction_scale_cv,outer->core,,,0.95,6,"2018-01-07,2018-01-08,2018-01-09,2018-01-10,2018-01-11,2018-01-12",37.0,30.699728920963466,0.25,-0.08333333333333333,False
fold_04,rolling_7d,paired,present_shrunk20_direction_scale_cv,outer->core,,,1.0,6,"2018-01-07,2018-01-08,2018-01-09,2018-01-10,2018-01-11,2018-01-12",37.0,30.83407913530867,0.25,-0.08333333333333333,False
fold_04,rolling_7d,paired,present_shrunk20_direction_scale_cv,outer->core,,,1.05,6,"2018-01-07,2018-01-08,2018-01-09,2018-01-10,2018-01-11,2018-01-12",38.0,30.999234218872793,0.25,-0.08333333333333333,False
fold_04,rolling_7d,paired,present_shrunk20_direction_scale_cv,outer->near,,,0.7,6,"2018-01-07,2018-01-08,2018-01-09,2018-01-10,2018-01-11,2018-01-12",98.0,83.56322053064443,0.5,-0.16666666666666666,False
fold_04,rolling_7d,paired,present_shrunk20_direction_scale_cv,outer->near,,,0.75,6,"2018-01-07,2018-01-08,2018-01-09,2018-01-10,2018-01-11,2018-01-12",105.0,82.8655697262824,0.5,-0.16666666666666666,False
fold_04,rolling_7d,paired,present_shrunk20_direction_scale_cv,outer->near,,,0.8,6,"2018-01-07,2018-01-08,2018-01-09,2018-01-10,2018-01-11,2018-01-12",102.0,82.36477290485647,0.4583333333333333,-0.041666666666666664,False
fold_04,rolling_7d,paired,present_shrunk20_direction_scale_cv,outer->near,,,0.85,6,"2018-01-07,2018-01-08,2018-01-09,2018-01-10,2018-01-11,2018-01-12",104.0,82.06083006636658,0.5416666666666666,0.041666666666666664,False
fold_04,rolling_7d,paired,present_shrunk20_direction_scale_cv,outer->near,,,0.9,6,"2018-01-07,2018-01-08,2018-01-09,2018-01-10,2018-01-11,2018-01-12",105.0,81.95374121081275,0.5416666666666666,0.041666666666666664,False
fold_04,rolling_7d,paired,present_shrunk20_direction_scale_cv,outer->near,,,0.95,6,"2018-01-07,2018-01-08,2018-01-09,2018-01-10,2018-01-11,2018-01-12",104.0,82.043506338195,0.5416666666666666,0.041666666666666664,False
fold_04,rolling_7d,paired,present_shrunk20_direction_scale_cv,outer->near,,,1.0,6,"2018-01-07,2018-01-08,2018-01-09,2018-01-10,2018-01-11,2018-01-12",96.0,82.33012544851333,0.5416666666666666,0.041666666666666664,True
fold_04,rolling_7d,paired,present_shrunk20_direction_scale_cv,outer->near,,,1.05,6,"2018-01-07,2018-01-08,2018-01-09,2018-01-10,2018-01-11,2018-01-12",100.0,82.81359854176772,0.625,0.125,False
fold_05,rolling_7d,independent,pair_hour_hier_tau_cv,all,0.0,,,7,"2018-01-07,2018-01-08,2018-01-09,2018-01-10,2018-01-11,2018-01-12,2018-01-13",1123.0,1023.7088534450359,0.5882936507936508,-0.07242063492063491,False
fold_05,rolling_7d,independent,pair_hour_hier_tau_cv,all,5.0,,,7,"2018-01-07,2018-01-08,2018-01-09,2018-01-10,2018-01-11,2018-01-12,2018-01-13",1017.0,936.0900558663071,0.5625,-0.09226190476190475,False
fold_05,rolling_7d,independent,pair_hour_hier_tau_cv,all,10.0,,,7,"2018-01-07,2018-01-08,2018-01-09,2018-01-10,2018-01-11,2018-01-12,2018-01-13",1018.0,923.1925330808267,0.5714285714285714,-0.10714285714285714,False
fold_05,rolling_7d,independent,pair_hour_hier_tau_cv,all,20.0,,,7,"2018-01-07,2018-01-08,2018-01-09,2018-01-10,2018-01-11,2018-01-12,2018-01-13",1012.0,925.6816792403957,0.5575396825396827,-0.1468253968253968,True
fold_05,rolling_7d,independent,pair_hour_hier_tau_cv,all,50.0,,,7,"2018-01-07,2018-01-08,2018-01-09,2018-01-10,2018-01-11,2018-01-12,2018-01-13",1016.0,941.4535397826072,0.5476190476190476,-0.20634920634920634,False
fold_05,rolling_7d,independent,pair_hour_hier_tau_cv,all,100.0,,,7,"2018-01-07,2018-01-08,2018-01-09,2018-01-10,2018-01-11,2018-01-12,2018-01-13",1032.0,952.6514170008816,0.5416666666666667,-0.23214285714285715,False
fold_05,rolling_7d,paired,pair_hour_hier_tau_cv,all,0.0,,,7,"2018-01-07,2018-01-08,2018-01-09,2018-01-10,2018-01-11,2018-01-12,2018-01-13",1133.0,1023.7088534450359,0.6081349206349207,-0.018849206349206348,False
fold_05,rolling_7d,paired,pair_hour_hier_tau_cv,all,5.0,,,7,"2018-01-07,2018-01-08,2018-01-09,2018-01-10,2018-01-11,2018-01-12,2018-01-13",1019.0,936.0900558663071,0.5902777777777778,-0.016865079365079364,False
fold_05,rolling_7d,paired,pair_hour_hier_tau_cv,all,10.0,,,7,"2018-01-07,2018-01-08,2018-01-09,2018-01-10,2018-01-11,2018-01-12,2018-01-13",996.0,923.1925330808267,0.5912698412698413,-0.011904761904761906,True
fold_05,rolling_7d,paired,pair_hour_hier_tau_cv,all,20.0,,,7,"2018-01-07,2018-01-08,2018-01-09,2018-01-10,2018-01-11,2018-01-12,2018-01-13",1014.0,925.6816792403957,0.5992063492063492,-0.02976190476190476,False
fold_05,rolling_7d,paired,pair_hour_hier_tau_cv,all,50.0,,,7,"2018-01-07,2018-01-08,2018-01-09,2018-01-10,2018-01-11,2018-01-12,2018-01-13",1063.0,941.4535397826072,0.6418650793650793,-0.002976190476190475,False
fold_05,rolling_7d,paired,pair_hour_hier_tau_cv,all,100.0,,,7,"2018-01-07,2018-01-08,2018-01-09,2018-01-10,2018-01-11,2018-01-12,2018-01-13",1070.0,952.6514170008816,0.6468253968253969,-0.015873015873015872,False
fold_05,rolling_7d,independent,pair_hour_hier_tau_scale_cv,all,0.0,,0.7,7,"2018-01-07,2018-01-08,2018-01-09,2018-01-10,2018-01-11,2018-01-12,2018-01-13",1110.0,1001.7836109153404,0.5416666666666666,-0.2698412698412699,False
fold_05,rolling_7d,independent,pair_hour_hier_tau_scale_cv,all,0.0,,0.75,7,"2018-01-07,2018-01-08,2018-01-09,2018-01-10,2018-01-11,2018-01-12,2018-01-13",1125.0,996.5025449978975,0.556547619047619,-0.2410714285714286,False
fold_05,rolling_7d,independent,pair_hour_hier_tau_scale_cv,all,0.0,,0.8,7,"2018-01-07,2018-01-08,2018-01-09,2018-01-10,2018-01-11,2018-01-12,2018-01-13",1109.0,994.795588282745,0.5625,-0.20337301587301584,False
fold_05,rolling_7d,independent,pair_hour_hier_tau_scale_cv,all,0.0,,0.85,7,"2018-01-07,2018-01-08,2018-01-09,2018-01-10,2018-01-11,2018-01-12,2018-01-13",1106.0,996.6627407698825,0.5714285714285715,-0.1587301587301587,False
fold_05,rolling_7d,independent,pair_hour_hier_tau_scale_cv,all,0.0,,0.9,7,"2018-01-07,2018-01-08,2018-01-09,2018-01-10,2018-01-11,2018-01-12,2018-01-13",1096.0,1002.1040024593101,0.5694444444444444,-0.11507936507936509,False
fold_05,rolling_7d,independent,pair_hour_hier_tau_scale_cv,all,0.0,,0.95,7,"2018-01-07,2018-01-08,2018-01-09,2018-01-10,2018-01-11,2018-01-12,2018-01-13",1111.0,1011.1193733510279,0.5823412698412699,-0.0882936507936508,False
fold_05,rolling_7d,independent,pair_hour_hier_tau_scale_cv,all,0.0,,1.0,7,"2018-01-07,2018-01-08,2018-01-09,2018-01-10,2018-01-11,2018-01-12,2018-01-13",1123.0,1023.7088534450359,0.5882936507936508,-0.07242063492063491,False
fold_05,rolling_7d,independent,pair_hour_hier_tau_scale_cv,all,0.0,,1.05,7,"2018-01-07,2018-01-08,2018-01-09,2018-01-10,2018-01-11,2018-01-12,2018-01-13",1094.0,1039.8724427413338,0.5912698412698413,-0.021825396825396824,False
fold_05,rolling_7d,independent,pair_hour_hier_tau_scale_cv,all,5.0,,0.7,7,"2018-01-07,2018-01-08,2018-01-09,2018-01-10,2018-01-11,2018-01-12,2018-01-13",1044.0,973.9883453523174,0.5277777777777778,-0.25198412698412703,False
fold_05,rolling_7d,independent,pair_hour_hier_tau_scale_cv,all,5.0,,0.75,7,"2018-01-07,2018-01-08,2018-01-09,2018-01-10,2018-01-11,2018-01-12,2018-01-13",1014.0,960.7329939050005,0.5257936507936508,-0.22222222222222224,False
fold_05,rolling_7d,independent,pair_hour_hier_tau_scale_cv,all,5.0,,0.8,7,"2018-01-07,2018-01-08,2018-01-09,2018-01-10,2018-01-11,2018-01-12,2018-01-13",1021.0,950.2532304042096,0.5367063492063491,-0.1994047619047619,False
fold_05,rolling_7d,independent,pair_hour_hier_tau_scale_cv,all,5.0,,0.85,7,"2018-01-07,2018-01-08,2018-01-09,2018-01-10,2018-01-11,2018-01-12,2018-01-13",1030.0,942.5490548499448,0.5456349206349206,-0.18055555555555555,False
fold_05,rolling_7d,independent,pair_hour_hier_tau_scale_cv,all,5.0,,0.9,7,"2018-01-07,2018-01-08,2018-01-09,2018-01-10,2018-01-11,2018-01-12,2018-01-13",1024.0,937.620467242206,0.5515873015873016,-0.15674603174603177,False
fold_05,rolling_7d,independent,pair_hour_hier_tau_scale_cv,all,5.0,,0.95,7,"2018-01-07,2018-01-08,2018-01-09,2018-01-10,2018-01-11,2018-01-12,2018-01-13",1025.0,935.4674675809936,0.558531746031746,-0.12599206349206352,False
fold_05,rolling_7d,independent,pair_hour_hier_tau_scale_cv,all,5.0,,1.0,7,"2018-01-07,2018-01-08,2018-01-09,2018-01-10,2018-01-11,2018-01-12,2018-01-13",1017.0,936.0900558663071,0.5625,-0.09226190476190475,False
fold_05,rolling_7d,independent,pair_hour_hier_tau_scale_cv,all,5.0,,1.05,7,"2018-01-07,2018-01-08,2018-01-09,2018-01-10,2018-01-11,2018-01-12,2018-01-13",1026.0,939.4882320981467,0.5753968253968254,-0.05952380952380953,False
fold_05,rolling_7d,independent,pair_hour_hier_tau_scale_cv,all,10.0,,0.7,7,"2018-01-07,2018-01-08,2018-01-09,2018-01-10,2018-01-11,2018-01-12,2018-01-13",1034.0,974.9452390911096,0.5297619047619048,-0.25595238095238093,False
fold_05,rolling_7d,independent,pair_hour_hier_tau_scale_cv,all,10.0,,0.75,7,"2018-01-07,2018-01-08,2018-01-09,2018-01-10,2018-01-11,2018-01-12,2018-01-13",1021.0,959.975172966451,0.5367063492063492,-0.22916666666666666,False
fold_05,rolling_7d,independent,pair_hour_hier_tau_scale_cv,all,10.0,,0.8,7,"2018-01-07,2018-01-08,2018-01-09,2018-01-10,2018-01-11,2018-01-12,2018-01-13",1012.0,947.5429528909704,0.5396825396825397,-0.19642857142857142,False
fold_05,rolling_7d,independent,pair_hour_hier_tau_scale_cv,all,10.0,,0.85,7,"2018-01-07,2018-01-08,2018-01-09,2018-01-10,2018-01-11,2018-01-12,2018-01-13",1010.0,937.6485788646678,0.5456349206349206,-0.17460317460317462,False
fold_05,rolling_7d,independent,pair_hour_hier_tau_scale_cv,all,10.0,,0.9,7,"2018-01-07,2018-01-08,2018-01-09,2018-01-10,2018-01-11,2018-01-12,2018-01-13",1002.0,930.2920508875429,0.5476190476190476,-0.15873015873015875,True
fold_05,rolling_7d,independent,pair_hour_hier_tau_scale_cv,all,10.0,,0.95,7,"2018-01-07,2018-01-08,2018-01-09,2018-01-10,2018-01-11,2018-01-12,2018-01-13",1011.0,925.473368959596,0.556547619047619,-0.1359126984126984,False
fold_05,rolling_7d,independent,pair_hour_hier_tau_scale_cv,all,10.0,,1.0,7,"2018-01-07,2018-01-08,2018-01-09,2018-01-10,2018-01-11,2018-01-12,2018-01-13",1018.0,923.1925330808267,0.5714285714285714,-0.10714285714285714,False
fold_05,rolling_7d,independent,pair_hour_hier_tau_scale_cv,all,10.0,,1.05,7,"2018-01-07,2018-01-08,2018-01-09,2018-01-10,2018-01-11,2018-01-12,2018-01-13",1020.0,923.4495432512354,0.5773809523809524,-0.07341269841269842,False
fold_05,rolling_7d,independent,pair_hour_hier_tau_scale_cv,all,20.0,,0.7,7,"2018-01-07,2018-01-08,2018-01-09,2018-01-10,2018-01-11,2018-01-12,2018-01-13",1026.0,983.3227840632095,0.5357142857142857,-0.24007936507936511,False
fold_05,rolling_7d,independent,pair_hour_hier_tau_scale_cv,all,20.0,,0.75,7,"2018-01-07,2018-01-08,2018-01-09,2018-01-10,2018-01-11,2018-01-12,2018-01-13",1027.0,967.7662671043436,0.5426587301587301,-0.22718253968253968,False
fold_05,rolling_7d,independent,pair_hour_hier_tau_scale_cv,all,20.0,,0.8,7,"2018-01-07,2018-01-08,2018-01-09,2018-01-10,2018-01-11,2018-01-12,2018-01-13",1034.0,954.5896166075033,0.5496031746031745,-0.21825396825396823,False
fold_05,rolling_7d,independent,pair_hour_hier_tau_scale_cv,all,20.0,,0.85,7,"2018-01-07,2018-01-08,2018-01-09,2018-01-10,2018-01-11,2018-01-12,2018-01-13",1017.0,943.7928325726882,0.548611111111111,-0.2013888888888889,False
fold_05,rolling_7d,independent,pair_hour_hier_tau_scale_cv,all,20.0,,0.9,7,"2018-01-07,2018-01-08,2018-01-09,2018-01-10,2018-01-11,2018-01-12,2018-01-13",1013.0,935.3759149998987,0.5505952380952381,-0.18353174603174605,False
fold_05,rolling_7d,independent,pair_hour_hier_tau_scale_cv,all,20.0,,0.95,7,"2018-01-07,2018-01-08,2018-01-09,2018-01-10,2018-01-11,2018-01-12,2018-01-13",1014.0,929.3388638891346,0.5535714285714286,-0.17063492063492064,False
fold_05,rolling_7d,independent,pair_hour_hier_tau_scale_cv,all,20.0,,1.0,7,"2018-01-07,2018-01-08,2018-01-09,2018-01-10,2018-01-11,2018-01-12,2018-01-13",1012.0,925.6816792403957,0.5575396825396827,-0.1468253968253968,False
fold_05,rolling_7d,independent,pair_hour_hier_tau_scale_cv,all,20.0,,1.05,7,"2018-01-07,2018-01-08,2018-01-09,2018-01-10,2018-01-11,2018-01-12,2018-01-13",1009.0,924.4043610536825,0.558531746031746,-0.13194444444444445,False
fold_05,rolling_7d,independent,pair_hour_hier_tau_scale_cv,all,50.0,,0.7,7,"2018-01-07,2018-01-08,2018-01-09,2018-01-10,2018-01-11,2018-01-12,2018-01-13",1033.0,998.1360108018364,0.5426587301587302,-0.23710317460317462,False
fold_05,rolling_7d,independent,pair_hour_hier_tau_scale_cv,all,50.0,,0.75,7,"2018-01-07,2018-01-08,2018-01-09,2018-01-10,2018-01-11,2018-01-12,2018-01-13",1033.0,982.9638449744657,0.5426587301587302,-0.23710317460317462,False
fold_05,rolling_7d,independent,pair_hour_hier_tau_scale_cv,all,50.0,,0.8,7,"2018-01-07,2018-01-08,2018-01-09,2018-01-10,2018-01-11,2018-01-12,2018-01-13",1033.0,970.0817140767612,0.5426587301587302,-0.23710317460317462,False
fold_05,rolling_7d,independent,pair_hour_hier_tau_scale_cv,all,50.0,,0.85,7,"2018-01-07,2018-01-08,2018-01-09,2018-01-10,2018-01-11,2018-01-12,2018-01-13",1033.0,959.4896181087231,0.5426587301587302,-0.23511904761904764,False
fold_05,rolling_7d,independent,pair_hour_hier_tau_scale_cv,all,50.0,,0.9,7,"2018-01-07,2018-01-08,2018-01-09,2018-01-10,2018-01-11,2018-01-12,2018-01-13",1026.0,951.1875570703514,0.5396825396825397,-0.23214285714285712,False
fold_05,rolling_7d,independent,pair_hour_hier_tau_scale_cv,all,50.0,,0.95,7,"2018-01-07,2018-01-08,2018-01-09,2018-01-10,2018-01-11,2018-01-12,2018-01-13",1028.0,945.1755309616461,0.5436507936507936,-0.22222222222222224,False
fold_05,rolling_7d,independent,pair_hour_hier_tau_scale_cv,all,50.0,,1.0,7,"2018-01-07,2018-01-08,2018-01-09,2018-01-10,2018-01-11,2018-01-12,2018-01-13",1016.0,941.4535397826072,0.5476190476190476,-0.20634920634920634,False
fold_05,rolling_7d,independent,pair_hour_hier_tau_scale_cv,all,50.0,,1.05,7,"2018-01-07,2018-01-08,2018-01-09,2018-01-10,2018-01-11,2018-01-12,2018-01-13",1014.0,940.0215835332348,0.5535714285714286,-0.18452380952380953,False
fold_05,rolling_7d,independent,pair_hour_hier_tau_scale_cv,all,100.0,,0.7,7,"2018-01-07,2018-01-08,2018-01-09,2018-01-10,2018-01-11,2018-01-12,2018-01-13",1033.0,1006.8304641720688,0.5426587301587302,-0.23710317460317462,False
fold_05,rolling_7d,independent,pair_hour_hier_tau_scale_cv,all,100.0,,0.75,7,"2018-01-07,2018-01-08,2018-01-09,2018-01-10,2018-01-11,2018-01-12,2018-01-13",1033.0,992.1264844216003,0.5426587301587302,-0.23710317460317462,False
fold_05,rolling_7d,independent,pair_hour_hier_tau_scale_cv,all,100.0,,0.8,7,"2018-01-07,2018-01-08,2018-01-09,2018-01-10,2018-01-11,2018-01-12,2018-01-13",1033.0,979.6921600932399,0.5426587301587302,-0.23710317460317462,False
fold_05,rolling_7d,independent,pair_hour_hier_tau_scale_cv,all,100.0,,0.85,7,"2018-01-07,2018-01-08,2018-01-09,2018-01-10,2018-01-11,2018-01-12,2018-01-13",1033.0,969.5274911869877,0.5426587301587302,-0.23710317460317462,False
fold_05,rolling_7d,independent,pair_hour_hier_tau_scale_cv,all,100.0,,0.9,7,"2018-01-07,2018-01-08,2018-01-09,2018-01-10,2018-01-11,2018-01-12,2018-01-13",1033.0,961.6324777028442,0.5426587301587302,-0.23710317460317462,False
fold_05,rolling_7d,independent,pair_hour_hier_tau_scale_cv,all,100.0,,0.95,7,"2018-01-07,2018-01-08,2018-01-09,2018-01-10,2018-01-11,2018-01-12,2018-01-13",1034.0,956.0071196408087,0.5436507936507937,-0.23611111111111113,False
fold_05,rolling_7d,independent,pair_hour_hier_tau_scale_cv,all,100.0,,1.0,7,"2018-01-07,2018-01-08,2018-01-09,2018-01-10,2018-01-11,2018-01-12,2018-01-13",1032.0,952.6514170008816,0.5416666666666667,-0.23214285714285715,False
fold_05,rolling_7d,independent,pair_hour_hier_tau_scale_cv,all,100.0,,1.05,7,"2018-01-07,2018-01-08,2018-01-09,2018-01-10,2018-01-11,2018-01-12,2018-01-13",1025.0,951.5653697830628,0.5466269841269841,-0.21527777777777776,False
fold_05,rolling_7d,paired,pair_hour_hier_tau_scale_cv,all,0.0,,0.7,7,"2018-01-07,2018-01-08,2018-01-09,2018-01-10,2018-01-11,2018-01-12,2018-01-13",1046.0,1001.7836109153404,0.5297619047619048,-0.20833333333333331,False
fold_05,rolling_7d,paired,pair_hour_hier_tau_scale_cv,all,0.0,,0.75,7,"2018-01-07,2018-01-08,2018-01-09,2018-01-10,2018-01-11,2018-01-12,2018-01-13",1055.0,996.5025449978975,0.5466269841269842,-0.17162698412698413,False
fold_05,rolling_7d,paired,pair_hour_hier_tau_scale_cv,all,0.0,,0.8,7,"2018-01-07,2018-01-08,2018-01-09,2018-01-10,2018-01-11,2018-01-12,2018-01-13",1073.0,994.795588282745,0.5545634920634921,-0.13988095238095238,False
fold_05,rolling_7d,paired,pair_hour_hier_tau_scale_cv,all,0.0,,0.85,7,"2018-01-07,2018-01-08,2018-01-09,2018-01-10,2018-01-11,2018-01-12,2018-01-13",1063.0,996.6627407698825,0.5585317460317459,-0.10813492063492065,False
fold_05,rolling_7d,paired,pair_hour_hier_tau_scale_cv,all,0.0,,0.9,7,"2018-01-07,2018-01-08,2018-01-09,2018-01-10,2018-01-11,2018-01-12,2018-01-13",1076.0,1002.1040024593101,0.5714285714285714,-0.0734126984126984,False
fold_05,rolling_7d,paired,pair_hour_hier_tau_scale_cv,all,0.0,,0.95,7,"2018-01-07,2018-01-08,2018-01-09,2018-01-10,2018-01-11,2018-01-12,2018-01-13",1097.0,1011.1193733510279,0.5882936507936509,-0.048611111111111105,False
fold_05,rolling_7d,paired,pair_hour_hier_tau_scale_cv,all,0.0,,1.0,7,"2018-01-07,2018-01-08,2018-01-09,2018-01-10,2018-01-11,2018-01-12,2018-01-13",1133.0,1023.7088534450359,0.6081349206349207,-0.018849206349206348,False
fold_05,rolling_7d,paired,pair_hour_hier_tau_scale_cv,all,0.0,,1.05,7,"2018-01-07,2018-01-08,2018-01-09,2018-01-10,2018-01-11,2018-01-12,2018-01-13",1141.0,1039.8724427413338,0.6121031746031746,0.01091269841269841,False
fold_05,rolling_7d,paired,pair_hour_hier_tau_scale_cv,all,5.0,,0.7,7,"2018-01-07,2018-01-08,2018-01-09,2018-01-10,2018-01-11,2018-01-12,2018-01-13",1007.0,973.9883453523174,0.5307539682539683,-0.19543650793650794,False
fold_05,rolling_7d,paired,pair_hour_hier_tau_scale_cv,all,5.0,,0.75,7,"2018-01-07,2018-01-08,2018-01-09,2018-01-10,2018-01-11,2018-01-12,2018-01-13",1008.0,960.7329939050005,0.5416666666666666,-0.17857142857142858,False
fold_05,rolling_7d,paired,pair_hour_hier_tau_scale_cv,all,5.0,,0.8,7,"2018-01-07,2018-01-08,2018-01-09,2018-01-10,2018-01-11,2018-01-12,2018-01-13",1010.0,950.2532304042096,0.5496031746031745,-0.14484126984126983,False
fold_05,rolling_7d,paired,pair_hour_hier_tau_scale_cv,all,5.0,,0.85,7,"2018-01-07,2018-01-08,2018-01-09,2018-01-10,2018-01-11,2018-01-12,2018-01-13",992.0,942.5490548499448,0.5555555555555555,-0.10119047619047618,False
fold_05,rolling_7d,paired,pair_hour_hier_tau_scale_cv,all,5.0,,0.9,7,"2018-01-07,2018-01-08,2018-01-09,2018-01-10,2018-01-11,2018-01-12,2018-01-13",992.0,937.620467242206,0.5634920634920635,-0.06547619047619048,False
fold_05,rolling_7d,paired,pair_hour_hier_tau_scale_cv,all,5.0,,0.95,7,"2018-01-07,2018-01-08,2018-01-09,2018-01-10,2018-01-11,2018-01-12,2018-01-13",986.0,935.4674675809936,0.5694444444444444,-0.03968253968253969,True
fold_05,rolling_7d,paired,pair_hour_hier_tau_scale_cv,all,5.0,,1.0,7,"2018-01-07,2018-01-08,2018-01-09,2018-01-10,2018-01-11,2018-01-12,2018-01-13",1019.0,936.0900558663071,0.5902777777777778,-0.016865079365079364,False
fold_05,rolling_7d,paired,pair_hour_hier_tau_scale_cv,all,5.0,,1.05,7,"2018-01-07,2018-01-08,2018-01-09,2018-01-10,2018-01-11,2018-01-12,2018-01-13",1048.0,939.4882320981467,0.6091269841269842,0.007936507936507938,False
fold_05,rolling_7d,paired,pair_hour_hier_tau_scale_cv,all,10.0,,0.7,7,"2018-01-07,2018-01-08,2018-01-09,2018-01-10,2018-01-11,2018-01-12,2018-01-13",1014.0,974.9452390911096,0.5456349206349206,-0.1845238095238095,False
fold_05,rolling_7d,paired,pair_hour_hier_tau_scale_cv,all,10.0,,0.75,7,"2018-01-07,2018-01-08,2018-01-09,2018-01-10,2018-01-11,2018-01-12,2018-01-13",1010.0,959.975172966451,0.5496031746031745,-0.16071428571428573,False
fold_05,rolling_7d,paired,pair_hour_hier_tau_scale_cv,all,10.0,,0.8,7,"2018-01-07,2018-01-08,2018-01-09,2018-01-10,2018-01-11,2018-01-12,2018-01-13",999.0,947.5429528909704,0.558531746031746,-0.13194444444444445,False
fold_05,rolling_7d,paired,pair_hour_hier_tau_scale_cv,all,10.0,,0.85,7,"2018-01-07,2018-01-08,2018-01-09,2018-01-10,2018-01-11,2018-01-12,2018-01-13",1011.0,937.6485788646678,0.568452380952381,-0.11011904761904763,False
fold_05,rolling_7d,paired,pair_hour_hier_tau_scale_cv,all,10.0,,0.9,7,"2018-01-07,2018-01-08,2018-01-09,2018-01-10,2018-01-11,2018-01-12,2018-01-13",1018.0,930.2920508875429,0.5833333333333334,-0.07936507936507937,False
fold_05,rolling_7d,paired,pair_hour_hier_tau_scale_cv,all,10.0,,0.95,7,"2018-01-07,2018-01-08,2018-01-09,2018-01-10,2018-01-11,2018-01-12,2018-01-13",1007.0,925.473368959596,0.5843253968253969,-0.04662698412698412,False
fold_05,rolling_7d,paired,pair_hour_hier_tau_scale_cv,all,10.0,,1.0,7,"2018-01-07,2018-01-08,2018-01-09,2018-01-10,2018-01-11,2018-01-12,2018-01-13",996.0,923.1925330808267,0.5912698412698413,-0.011904761904761906,False
fold_05,rolling_7d,paired,pair_hour_hier_tau_scale_cv,all,10.0,,1.05,7,"2018-01-07,2018-01-08,2018-01-09,2018-01-10,2018-01-11,2018-01-12,2018-01-13",1018.0,923.4495432512354,0.6051587301587301,0.011904761904761908,False
fold_05,rolling_7d,paired,pair_hour_hier_tau_scale_cv,all,20.0,,0.7,7,"2018-01-07,2018-01-08,2018-01-09,2018-01-10,2018-01-11,2018-01-12,2018-01-13",1006.0,983.3227840632095,0.5456349206349207,-0.1904761904761905,False
fold_05,rolling_7d,paired,pair_hour_hier_tau_scale_cv,all,20.0,,0.75,7,"2018-01-07,2018-01-08,2018-01-09,2018-01-10,2018-01-11,2018-01-12,2018-01-13",996.0,967.7662671043436,0.5436507936507936,-0.17460317460317462,False
fold_05,rolling_7d,paired,pair_hour_hier_tau_scale_cv,all,20.0,,0.8,7,"2018-01-07,2018-01-08,2018-01-09,2018-01-10,2018-01-11,2018-01-12,2018-01-13",1011.0,954.5896166075033,0.558531746031746,-0.15376984126984125,False
fold_05,rolling_7d,paired,pair_hour_hier_tau_scale_cv,all,20.0,,0.85,7,"2018-01-07,2018-01-08,2018-01-09,2018-01-10,2018-01-11,2018-01-12,2018-01-13",1007.0,943.7928325726882,0.566468253968254,-0.1259920634920635,False
fold_05,rolling_7d,paired,pair_hour_hier_tau_scale_cv,all,20.0,,0.9,7,"2018-01-07,2018-01-08,2018-01-09,2018-01-10,2018-01-11,2018-01-12,2018-01-13",1008.0,935.3759149998987,0.5793650793650793,-0.09523809523809525,False
fold_05,rolling_7d,paired,pair_hour_hier_tau_scale_cv,all,20.0,,0.95,7,"2018-01-07,2018-01-08,2018-01-09,2018-01-10,2018-01-11,2018-01-12,2018-01-13",1013.0,929.3388638891346,0.5902777777777778,-0.0625,False
fold_05,rolling_7d,paired,pair_hour_hier_tau_scale_cv,all,20.0,,1.0,7,"2018-01-07,2018-01-08,2018-01-09,2018-01-10,2018-01-11,2018-01-12,2018-01-13",1014.0,925.6816792403957,0.5992063492063492,-0.02976190476190476,False
fold_05,rolling_7d,paired,pair_hour_hier_tau_scale_cv,all,20.0,,1.05,7,"2018-01-07,2018-01-08,2018-01-09,2018-01-10,2018-01-11,2018-01-12,2018-01-13",1035.0,924.4043610536825,0.6259920634920635,0.020833333333333332,False
fold_05,rolling_7d,paired,pair_hour_hier_tau_scale_cv,all,50.0,,0.7,7,"2018-01-07,2018-01-08,2018-01-09,2018-01-10,2018-01-11,2018-01-12,2018-01-13",1025.0,998.1360108018364,0.5426587301587301,-0.22123015873015875,False
fold_05,rolling_7d,paired,pair_hour_hier_tau_scale_cv,all,50.0,,0.75,7,"2018-01-07,2018-01-08,2018-01-09,2018-01-10,2018-01-11,2018-01-12,2018-01-13",1010.0,982.9638449744657,0.5436507936507936,-0.20238095238095236,False
fold_05,rolling_7d,paired,pair_hour_hier_tau_scale_cv,all,50.0,,0.8,7,"2018-01-07,2018-01-08,2018-01-09,2018-01-10,2018-01-11,2018-01-12,2018-01-13",1006.0,970.0817140767612,0.5456349206349206,-0.18452380952380953,False
fold_05,rolling_7d,paired,pair_hour_hier_tau_scale_cv,all,50.0,,0.85,7,"2018-01-07,2018-01-08,2018-01-09,2018-01-10,2018-01-11,2018-01-12,2018-01-13",1027.0,959.4896181087231,0.568452380952381,-0.1478174603174603,False
fold_05,rolling_7d,paired,pair_hour_hier_tau_scale_cv,all,50.0,,0.9,7,"2018-01-07,2018-01-08,2018-01-09,2018-01-10,2018-01-11,2018-01-12,2018-01-13",1018.0,951.1875570703514,0.5793650793650793,-0.10714285714285714,False
fold_05,rolling_7d,paired,pair_hour_hier_tau_scale_cv,all,50.0,,0.95,7,"2018-01-07,2018-01-08,2018-01-09,2018-01-10,2018-01-11,2018-01-12,2018-01-13",1035.0,945.1755309616461,0.6081349206349207,-0.05853174603174603,False
fold_05,rolling_7d,paired,pair_hour_hier_tau_scale_cv,all,50.0,,1.0,7,"2018-01-07,2018-01-08,2018-01-09,2018-01-10,2018-01-11,2018-01-12,2018-01-13",1063.0,941.4535397826072,0.6418650793650793,-0.002976190476190475,False
fold_05,rolling_7d,paired,pair_hour_hier_tau_scale_cv,all,50.0,,1.05,7,"2018-01-07,2018-01-08,2018-01-09,2018-01-10,2018-01-11,2018-01-12,2018-01-13",1063.0,940.0215835332348,0.6577380952380952,0.04067460317460318,False
fold_05,rolling_7d,paired,pair_hour_hier_tau_scale_cv,all,100.0,,0.7,7,"2018-01-07,2018-01-08,2018-01-09,2018-01-10,2018-01-11,2018-01-12,2018-01-13",1033.0,1006.8304641720688,0.5426587301587302,-0.23511904761904764,False
fold_05,rolling_7d,paired,pair_hour_hier_tau_scale_cv,all,100.0,,0.75,7,"2018-01-07,2018-01-08,2018-01-09,2018-01-10,2018-01-11,2018-01-12,2018-01-13",1033.0,992.1264844216003,0.5426587301587301,-0.2251984126984127,False
fold_05,rolling_7d,paired,pair_hour_hier_tau_scale_cv,all,100.0,,0.8,7,"2018-01-07,2018-01-08,2018-01-09,2018-01-10,2018-01-11,2018-01-12,2018-01-13",1014.0,979.6921600932399,0.5476190476190477,-0.19642857142857145,False
fold_05,rolling_7d,paired,pair_hour_hier_tau_scale_cv,all,100.0,,0.85,7,"2018-01-07,2018-01-08,2018-01-09,2018-01-10,2018-01-11,2018-01-12,2018-01-13",1030.0,969.5274911869877,0.5714285714285714,-0.1468253968253968,False
fold_05,rolling_7d,paired,pair_hour_hier_tau_scale_cv,all,100.0,,0.9,7,"2018-01-07,2018-01-08,2018-01-09,2018-01-10,2018-01-11,2018-01-12,2018-01-13",1048.0,961.6324777028442,0.6011904761904762,-0.08730158730158731,False
fold_05,rolling_7d,paired,pair_hour_hier_tau_scale_cv,all,100.0,,0.95,7,"2018-01-07,2018-01-08,2018-01-09,2018-01-10,2018-01-11,2018-01-12,2018-01-13",1065.0,956.0071196408087,0.6240079365079365,-0.05456349206349207,False
fold_05,rolling_7d,paired,pair_hour_hier_tau_scale_cv,all,100.0,,1.0,7,"2018-01-07,2018-01-08,2018-01-09,2018-01-10,2018-01-11,2018-01-12,2018-01-13",1070.0,952.6514170008816,0.6468253968253969,-0.015873015873015872,False
fold_05,rolling_7d,paired,pair_hour_hier_tau_scale_cv,all,100.0,,1.05,7,"2018-01-07,2018-01-08,2018-01-09,2018-01-10,2018-01-11,2018-01-12,2018-01-13",1087.0,951.5653697830628,0.6716269841269842,0.04265873015873016,False
fold_05,rolling_7d,independent,pair_hour_circular_cv,all,,raw,,7,"2018-01-07,2018-01-08,2018-01-09,2018-01-10,2018-01-11,2018-01-12,2018-01-13",1123.0,1023.7088534450359,0.5882936507936508,-0.07242063492063491,False
fold_05,rolling_7d,independent,pair_hour_circular_cv,all,,triangular3,,7,"2018-01-07,2018-01-08,2018-01-09,2018-01-10,2018-01-11,2018-01-12,2018-01-13",989.0,927.2885961704567,0.550595238095238,-0.09821428571428571,True
fold_05,rolling_7d,independent,pair_hour_circular_cv,all,,triangular5,,7,"2018-01-07,2018-01-08,2018-01-09,2018-01-10,2018-01-11,2018-01-12,2018-01-13",1032.0,949.3652070628376,0.5813492063492064,-0.09523809523809525,False
fold_05,rolling_7d,paired,pair_hour_circular_cv,all,,raw,,7,"2018-01-07,2018-01-08,2018-01-09,2018-01-10,2018-01-11,2018-01-12,2018-01-13",1133.0,1023.7088534450359,0.6081349206349207,-0.018849206349206348,False
fold_05,rolling_7d,paired,pair_hour_circular_cv,all,,triangular3,,7,"2018-01-07,2018-01-08,2018-01-09,2018-01-10,2018-01-11,2018-01-12,2018-01-13",1010.0,927.2885961704567,0.5892857142857143,-0.011904761904761902,True
fold_05,rolling_7d,paired,pair_hour_circular_cv,all,,triangular5,,7,"2018-01-07,2018-01-08,2018-01-09,2018-01-10,2018-01-11,2018-01-12,2018-01-13",1047.0,949.3652070628376,0.6259920634920634,0.006944444444444443,False
fold_05,rolling_7d,independent,pair_hour_circular_scale_cv,all,,raw,0.7,7,"2018-01-07,2018-01-08,2018-01-09,2018-01-10,2018-01-11,2018-01-12,2018-01-13",1110.0,1001.7836109153404,0.5416666666666666,-0.2698412698412699,False
fold_05,rolling_7d,independent,pair_hour_circular_scale_cv,all,,raw,0.75,7,"2018-01-07,2018-01-08,2018-01-09,2018-01-10,2018-01-11,2018-01-12,2018-01-13",1125.0,996.5025449978975,0.556547619047619,-0.2410714285714286,False
fold_05,rolling_7d,independent,pair_hour_circular_scale_cv,all,,raw,0.8,7,"2018-01-07,2018-01-08,2018-01-09,2018-01-10,2018-01-11,2018-01-12,2018-01-13",1109.0,994.795588282745,0.5625,-0.20337301587301584,False
fold_05,rolling_7d,independent,pair_hour_circular_scale_cv,all,,raw,0.85,7,"2018-01-07,2018-01-08,2018-01-09,2018-01-10,2018-01-11,2018-01-12,2018-01-13",1106.0,996.6627407698825,0.5714285714285715,-0.1587301587301587,False
fold_05,rolling_7d,independent,pair_hour_circular_scale_cv,all,,raw,0.9,7,"2018-01-07,2018-01-08,2018-01-09,2018-01-10,2018-01-11,2018-01-12,2018-01-13",1096.0,1002.1040024593101,0.5694444444444444,-0.11507936507936509,False
fold_05,rolling_7d,independent,pair_hour_circular_scale_cv,all,,raw,0.95,7,"2018-01-07,2018-01-08,2018-01-09,2018-01-10,2018-01-11,2018-01-12,2018-01-13",1111.0,1011.1193733510279,0.5823412698412699,-0.0882936507936508,False
fold_05,rolling_7d,independent,pair_hour_circular_scale_cv,all,,raw,1.0,7,"2018-01-07,2018-01-08,2018-01-09,2018-01-10,2018-01-11,2018-01-12,2018-01-13",1123.0,1023.7088534450359,0.5882936507936508,-0.07242063492063491,False
fold_05,rolling_7d,independent,pair_hour_circular_scale_cv,all,,raw,1.05,7,"2018-01-07,2018-01-08,2018-01-09,2018-01-10,2018-01-11,2018-01-12,2018-01-13",1094.0,1039.8724427413338,0.5912698412698413,-0.021825396825396824,False
fold_05,rolling_7d,independent,pair_hour_circular_scale_cv,all,,triangular3,0.7,7,"2018-01-07,2018-01-08,2018-01-09,2018-01-10,2018-01-11,2018-01-12,2018-01-13",1051.0,971.0567568204935,0.5188492063492063,-0.2787698412698412,False
fold_05,rolling_7d,independent,pair_hour_circular_scale_cv,all,,triangular3,0.75,7,"2018-01-07,2018-01-08,2018-01-09,2018-01-10,2018-01-11,2018-01-12,2018-01-13",1051.0,957.015321682462,0.5267857142857142,-0.24702380952380953,False
fold_05,rolling_7d,independent,pair_hour_circular_scale_cv,all,,triangular3,0.8,7,"2018-01-07,2018-01-08,2018-01-09,2018-01-10,2018-01-11,2018-01-12,2018-01-13",1023.0,945.6725832229738,0.5307539682539681,-0.20535714285714285,False
fold_05,rolling_7d,independent,pair_hour_circular_scale_cv,all,,triangular3,0.85,7,"2018-01-07,2018-01-08,2018-01-09,2018-01-10,2018-01-11,2018-01-12,2018-01-13",1035.0,937.0285414420293,0.5446428571428571,-0.16964285714285715,False
fold_05,rolling_7d,independent,pair_hour_circular_scale_cv,all,,triangular3,0.9,7,"2018-01-07,2018-01-08,2018-01-09,2018-01-10,2018-01-11,2018-01-12,2018-01-13",1011.0,931.0831963396283,0.5426587301587301,-0.14583333333333331,False
fold_05,rolling_7d,independent,pair_hour_circular_scale_cv,all,,triangular3,0.95,7,"2018-01-07,2018-01-08,2018-01-09,2018-01-10,2018-01-11,2018-01-12,2018-01-13",990.0,927.8365479157708,0.5476190476190477,-0.11507936507936509,False
fold_05,rolling_7d,independent,pair_hour_circular_scale_cv,all,,triangular3,1.0,7,"2018-01-07,2018-01-08,2018-01-09,2018-01-10,2018-01-11,2018-01-12,2018-01-13",989.0,927.2885961704567,0.550595238095238,-0.09821428571428571,False
fold_05,rolling_7d,independent,pair_hour_circular_scale_cv,all,,triangular3,1.05,7,"2018-01-07,2018-01-08,2018-01-09,2018-01-10,2018-01-11,2018-01-12,2018-01-13",981.0,929.4393411036859,0.560515873015873,-0.05257936507936508,True
fold_05,rolling_7d,independent,pair_hour_circular_scale_cv,all,,triangular5,0.7,7,"2018-01-07,2018-01-08,2018-01-09,2018-01-10,2018-01-11,2018-01-12,2018-01-13",1056.0,995.4534666123058,0.5158730158730159,-0.2996031746031746,False
fold_05,rolling_7d,independent,pair_hour_circular_scale_cv,all,,triangular5,0.75,7,"2018-01-07,2018-01-08,2018-01-09,2018-01-10,2018-01-11,2018-01-12,2018-01-13",1040.0,981.5576746438417,0.5238095238095238,-0.27380952380952384,False
fold_05,rolling_7d,independent,pair_hour_circular_scale_cv,all,,triangular5,0.8,7,"2018-01-07,2018-01-08,2018-01-09,2018-01-10,2018-01-11,2018-01-12,2018-01-13",1028.0,970.1476488261321,0.5297619047619048,-0.2380952380952381,False
fold_05,rolling_7d,independent,pair_hour_circular_scale_cv,all,,triangular5,0.85,7,"2018-01-07,2018-01-08,2018-01-09,2018-01-10,2018-01-11,2018-01-12,2018-01-13",1025.0,961.2233891591773,0.5446428571428571,-0.19146825396825395,False
fold_05,rolling_7d,independent,pair_hour_circular_scale_cv,all,,triangular5,0.9,7,"2018-01-07,2018-01-08,2018-01-09,2018-01-10,2018-01-11,2018-01-12,2018-01-13",1031.0,954.7848956429762,0.558531746031746,-0.16170634920634921,False
fold_05,rolling_7d,independent,pair_hour_circular_scale_cv,all,,triangular5,0.95,7,"2018-01-07,2018-01-08,2018-01-09,2018-01-10,2018-01-11,2018-01-12,2018-01-13",1039.0,950.83216827753,0.5763888888888887,-0.12797619047619047,False
fold_05,rolling_7d,independent,pair_hour_circular_scale_cv,all,,triangular5,1.0,7,"2018-01-07,2018-01-08,2018-01-09,2018-01-10,2018-01-11,2018-01-12,2018-01-13",1032.0,949.3652070628376,0.5813492063492064,-0.09523809523809525,False
fold_05,rolling_7d,independent,pair_hour_circular_scale_cv,all,,triangular5,1.05,7,"2018-01-07,2018-01-08,2018-01-09,2018-01-10,2018-01-11,2018-01-12,2018-01-13",1021.0,950.3840119988995,0.5863095238095237,-0.05853174603174603,False
fold_05,rolling_7d,paired,pair_hour_circular_scale_cv,all,,raw,0.7,7,"2018-01-07,2018-01-08,2018-01-09,2018-01-10,2018-01-11,2018-01-12,2018-01-13",1046.0,1001.7836109153404,0.5297619047619048,-0.20833333333333331,False
fold_05,rolling_7d,paired,pair_hour_circular_scale_cv,all,,raw,0.75,7,"2018-01-07,2018-01-08,2018-01-09,2018-01-10,2018-01-11,2018-01-12,2018-01-13",1055.0,996.5025449978975,0.5466269841269842,-0.17162698412698413,False
fold_05,rolling_7d,paired,pair_hour_circular_scale_cv,all,,raw,0.8,7,"2018-01-07,2018-01-08,2018-01-09,2018-01-10,2018-01-11,2018-01-12,2018-01-13",1073.0,994.795588282745,0.5545634920634921,-0.13988095238095238,False
fold_05,rolling_7d,paired,pair_hour_circular_scale_cv,all,,raw,0.85,7,"2018-01-07,2018-01-08,2018-01-09,2018-01-10,2018-01-11,2018-01-12,2018-01-13",1063.0,996.6627407698825,0.5585317460317459,-0.10813492063492065,False
fold_05,rolling_7d,paired,pair_hour_circular_scale_cv,all,,raw,0.9,7,"2018-01-07,2018-01-08,2018-01-09,2018-01-10,2018-01-11,2018-01-12,2018-01-13",1076.0,1002.1040024593101,0.5714285714285714,-0.0734126984126984,False
fold_05,rolling_7d,paired,pair_hour_circular_scale_cv,all,,raw,0.95,7,"2018-01-07,2018-01-08,2018-01-09,2018-01-10,2018-01-11,2018-01-12,2018-01-13",1097.0,1011.1193733510279,0.5882936507936509,-0.048611111111111105,False
fold_05,rolling_7d,paired,pair_hour_circular_scale_cv,all,,raw,1.0,7,"2018-01-07,2018-01-08,2018-01-09,2018-01-10,2018-01-11,2018-01-12,2018-01-13",1133.0,1023.7088534450359,0.6081349206349207,-0.018849206349206348,False
fold_05,rolling_7d,paired,pair_hour_circular_scale_cv,all,,raw,1.05,7,"2018-01-07,2018-01-08,2018-01-09,2018-01-10,2018-01-11,2018-01-12,2018-01-13",1141.0,1039.8724427413338,0.6121031746031746,0.01091269841269841,False
fold_05,rolling_7d,paired,pair_hour_circular_scale_cv,all,,triangular3,0.7,7,"2018-01-07,2018-01-08,2018-01-09,2018-01-10,2018-01-11,2018-01-12,2018-01-13",1019.0,971.0567568204935,0.5406746031746031,-0.1875,False
fold_05,rolling_7d,paired,pair_hour_circular_scale_cv,all,,triangular3,0.75,7,"2018-01-07,2018-01-08,2018-01-09,2018-01-10,2018-01-11,2018-01-12,2018-01-13",1006.0,957.015321682462,0.5476190476190477,-0.1626984126984127,False
fold_05,rolling_7d,paired,pair_hour_circular_scale_cv,all,,triangular3,0.8,7,"2018-01-07,2018-01-08,2018-01-09,2018-01-10,2018-01-11,2018-01-12,2018-01-13",1010.0,945.6725832229738,0.5535714285714286,-0.13293650793650794,False
fold_05,rolling_7d,paired,pair_hour_circular_scale_cv,all,,triangular3,0.85,7,"2018-01-07,2018-01-08,2018-01-09,2018-01-10,2018-01-11,2018-01-12,2018-01-13",999.0,937.0285414420293,0.556547619047619,-0.10813492063492063,False
fold_05,rolling_7d,paired,pair_hour_circular_scale_cv,all,,triangular3,0.9,7,"2018-01-07,2018-01-08,2018-01-09,2018-01-10,2018-01-11,2018-01-12,2018-01-13",994.0,931.0831963396283,0.5595238095238095,-0.07341269841269842,True
fold_05,rolling_7d,paired,pair_hour_circular_scale_cv,all,,triangular3,0.95,7,"2018-01-07,2018-01-08,2018-01-09,2018-01-10,2018-01-11,2018-01-12,2018-01-13",1003.0,927.8365479157708,0.574404761904762,-0.040674603174603176,False
fold_05,rolling_7d,paired,pair_hour_circular_scale_cv,all,,triangular3,1.0,7,"2018-01-07,2018-01-08,2018-01-09,2018-01-10,2018-01-11,2018-01-12,2018-01-13",1010.0,927.2885961704567,0.5892857142857143,-0.011904761904761902,False
fold_05,rolling_7d,paired,pair_hour_circular_scale_cv,all,,triangular3,1.05,7,"2018-01-07,2018-01-08,2018-01-09,2018-01-10,2018-01-11,2018-01-12,2018-01-13",1021.0,929.4393411036859,0.6021825396825397,0.016865079365079368,False
fold_05,rolling_7d,paired,pair_hour_circular_scale_cv,all,,triangular5,0.7,7,"2018-01-07,2018-01-08,2018-01-09,2018-01-10,2018-01-11,2018-01-12,2018-01-13",1008.0,995.4534666123058,0.5396825396825397,-0.1984126984126984,False
fold_05,rolling_7d,paired,pair_hour_circular_scale_cv,all,,triangular5,0.75,7,"2018-01-07,2018-01-08,2018-01-09,2018-01-10,2018-01-11,2018-01-12,2018-01-13",1006.0,981.5576746438417,0.5535714285714286,-0.15674603174603177,False
fold_05,rolling_7d,paired,pair_hour_circular_scale_cv,all,,triangular5,0.8,7,"2018-01-07,2018-01-08,2018-01-09,2018-01-10,2018-01-11,2018-01-12,2018-01-13",1008.0,970.1476488261321,0.5773809523809523,-0.11111111111111112,False
fold_05,rolling_7d,paired,pair_hour_circular_scale_cv,all,,triangular5,0.85,7,"2018-01-07,2018-01-08,2018-01-09,2018-01-10,2018-01-11,2018-01-12,2018-01-13",1017.0,961.2233891591773,0.5882936507936508,-0.08234126984126984,False
fold_05,rolling_7d,paired,pair_hour_circular_scale_cv,all,,triangular5,0.9,7,"2018-01-07,2018-01-08,2018-01-09,2018-01-10,2018-01-11,2018-01-12,2018-01-13",1029.0,954.7848956429762,0.6021825396825397,-0.040674603174603176,False
fold_05,rolling_7d,paired,pair_hour_circular_scale_cv,all,,triangular5,0.95,7,"2018-01-07,2018-01-08,2018-01-09,2018-01-10,2018-01-11,2018-01-12,2018-01-13",1043.0,950.83216827753,0.6180555555555556,-0.01488095238095238,False
fold_05,rolling_7d,paired,pair_hour_circular_scale_cv,all,,triangular5,1.0,7,"2018-01-07,2018-01-08,2018-01-09,2018-01-10,2018-01-11,2018-01-12,2018-01-13",1047.0,949.3652070628376,0.6259920634920634,0.006944444444444443,False
fold_05,rolling_7d,paired,pair_hour_circular_scale_cv,all,,triangular5,1.05,7,"2018-01-07,2018-01-08,2018-01-09,2018-01-10,2018-01-11,2018-01-12,2018-01-13",1057.0,950.3840119988995,0.6299603174603174,0.022817460317460313,False
fold_05,rolling_7d,independent,present_shrunk20_scale_cv,all,,,0.7,7,"2018-01-07,2018-01-08,2018-01-09,2018-01-10,2018-01-11,2018-01-12,2018-01-13",1101.0,989.4372177251689,0.5426587301587301,-0.26686507936507936,False
fold_05,rolling_7d,independent,present_shrunk20_scale_cv,all,,,0.75,7,"2018-01-07,2018-01-08,2018-01-09,2018-01-10,2018-01-11,2018-01-12,2018-01-13",1095.0,980.8409978201237,0.550595238095238,-0.2390873015873016,False
fold_05,rolling_7d,independent,present_shrunk20_scale_cv,all,,,0.8,7,"2018-01-07,2018-01-08,2018-01-09,2018-01-10,2018-01-11,2018-01-12,2018-01-13",1080.0,975.4944512827374,0.5535714285714286,-0.2103174603174603,False
fold_05,rolling_7d,independent,present_shrunk20_scale_cv,all,,,0.85,7,"2018-01-07,2018-01-08,2018-01-09,2018-01-10,2018-01-11,2018-01-12,2018-01-13",1081.0,973.3975781130098,0.5565476190476191,-0.1755952380952381,False
fold_05,rolling_7d,independent,present_shrunk20_scale_cv,all,,,0.9,7,"2018-01-07,2018-01-08,2018-01-09,2018-01-10,2018-01-11,2018-01-12,2018-01-13",1056.0,974.5503783109416,0.5575396825396826,-0.13888888888888887,True
fold_05,rolling_7d,independent,present_shrunk20_scale_cv,all,,,0.95,7,"2018-01-07,2018-01-08,2018-01-09,2018-01-10,2018-01-11,2018-01-12,2018-01-13",1073.0,978.9528518765321,0.572420634920635,-0.10218253968253967,False
fold_05,rolling_7d,independent,present_shrunk20_scale_cv,all,,,1.0,7,"2018-01-07,2018-01-08,2018-01-09,2018-01-10,2018-01-11,2018-01-12,2018-01-13",1076.0,986.604998809782,0.5734126984126985,-0.08134920634920635,False
fold_05,rolling_7d,independent,present_shrunk20_scale_cv,all,,,1.05,7,"2018-01-07,2018-01-08,2018-01-09,2018-01-10,2018-01-11,2018-01-12,2018-01-13",1067.0,997.5068191106907,0.5803571428571429,-0.04265873015873016,False
fold_05,rolling_7d,paired,present_shrunk20_scale_cv,all,,,0.7,7,"2018-01-07,2018-01-08,2018-01-09,2018-01-10,2018-01-11,2018-01-12,2018-01-13",1044.0,989.4372177251689,0.5317460317460317,-0.21031746031746032,False
fold_05,rolling_7d,paired,present_shrunk20_scale_cv,all,,,0.75,7,"2018-01-07,2018-01-08,2018-01-09,2018-01-10,2018-01-11,2018-01-12,2018-01-13",1035.0,980.8409978201237,0.5367063492063492,-0.1795634920634921,False
fold_05,rolling_7d,paired,present_shrunk20_scale_cv,all,,,0.8,7,"2018-01-07,2018-01-08,2018-01-09,2018-01-10,2018-01-11,2018-01-12,2018-01-13",1030.0,975.4944512827374,0.5476190476190476,-0.14285714285714285,True
fold_05,rolling_7d,paired,present_shrunk20_scale_cv,all,,,0.85,7,"2018-01-07,2018-01-08,2018-01-09,2018-01-10,2018-01-11,2018-01-12,2018-01-13",1044.0,973.3975781130098,0.5515873015873016,-0.10912698412698411,False
fold_05,rolling_7d,paired,present_shrunk20_scale_cv,all,,,0.9,7,"2018-01-07,2018-01-08,2018-01-09,2018-01-10,2018-01-11,2018-01-12,2018-01-13",1056.0,974.5503783109416,0.5674603174603174,-0.08333333333333334,False
fold_05,rolling_7d,paired,present_shrunk20_scale_cv,all,,,0.95,7,"2018-01-07,2018-01-08,2018-01-09,2018-01-10,2018-01-11,2018-01-12,2018-01-13",1057.0,978.9528518765321,0.5783730158730158,-0.05456349206349206,False
fold_05,rolling_7d,paired,present_shrunk20_scale_cv,all,,,1.0,7,"2018-01-07,2018-01-08,2018-01-09,2018-01-10,2018-01-11,2018-01-12,2018-01-13",1055.0,986.604998809782,0.5843253968253969,-0.020833333333333336,False
fold_05,rolling_7d,paired,present_shrunk20_scale_cv,all,,,1.05,7,"2018-01-07,2018-01-08,2018-01-09,2018-01-10,2018-01-11,2018-01-12,2018-01-13",1090.0,997.5068191106907,0.6011904761904762,0.001984126984126986,False
fold_05,rolling_7d,independent,pair_hour_direction_scale_cv,core->near,,,0.7,7,"2018-01-07,2018-01-08,2018-01-09,2018-01-10,2018-01-11,2018-01-12,2018-01-13",387.0,351.23790000829,1.0,-0.5,False
fold_05,rolling_7d,independent,pair_hour_direction_scale_cv,core->near,,,0.75,7,"2018-01-07,2018-01-08,2018-01-09,2018-01-10,2018-01-11,2018-01-12,2018-01-13",391.0,349.6562936860781,0.9583333333333334,-0.4583333333333333,False
fold_05,rolling_7d,independent,pair_hour_direction_scale_cv,core->near,,,0.8,7,"2018-01-07,2018-01-08,2018-01-09,2018-01-10,2018-01-11,2018-01-12,2018-01-13",375.0,349.6234455684447,0.9166666666666666,-0.4166666666666667,True
fold_05,rolling_7d,independent,pair_hour_direction_scale_cv,core->near,,,0.85,7,"2018-01-07,2018-01-08,2018-01-09,2018-01-10,2018-01-11,2018-01-12,2018-01-13",381.0,351.13935565538986,0.9583333333333334,-0.375,False
fold_05,rolling_7d,independent,pair_hour_direction_scale_cv,core->near,,,0.9,7,"2018-01-07,2018-01-08,2018-01-09,2018-01-10,2018-01-11,2018-01-12,2018-01-13",387.0,354.2040239469134,0.8333333333333334,-0.08333333333333333,False
fold_05,rolling_7d,independent,pair_hour_direction_scale_cv,core->near,,,0.95,7,"2018-01-07,2018-01-08,2018-01-09,2018-01-10,2018-01-11,2018-01-12,2018-01-13",388.0,358.8174504430156,0.875,-0.041666666666666664,False
fold_05,rolling_7d,independent,pair_hour_direction_scale_cv,core->near,,,1.0,7,"2018-01-07,2018-01-08,2018-01-09,2018-01-10,2018-01-11,2018-01-12,2018-01-13",390.0,364.97963514369627,0.9166666666666666,0.0,False
fold_05,rolling_7d,independent,pair_hour_direction_scale_cv,core->near,,,1.05,7,"2018-01-07,2018-01-08,2018-01-09,2018-01-10,2018-01-11,2018-01-12,2018-01-13",395.0,372.69057804895544,0.9583333333333334,0.041666666666666664,False
fold_05,rolling_7d,independent,pair_hour_direction_scale_cv,core->outer,,,0.7,7,"2018-01-07,2018-01-08,2018-01-09,2018-01-10,2018-01-11,2018-01-12,2018-01-13",67.0,58.1390486825324,0.375,-0.2916666666666667,False
fold_05,rolling_7d,independent,pair_hour_direction_scale_cv,core->outer,,,0.75,7,"2018-01-07,2018-01-08,2018-01-09,2018-01-10,2018-01-11,2018-01-12,2018-01-13",67.0,57.6088762318805,0.375,-0.2916666666666667,False
fold_05,rolling_7d,independent,pair_hour_direction_scale_cv,core->outer,,,0.8,7,"2018-01-07,2018-01-08,2018-01-09,2018-01-10,2018-01-11,2018-01-12,2018-01-13",68.0,57.159070800355636,0.375,-0.2916666666666667,False
fold_05,rolling_7d,independent,pair_hour_direction_scale_cv,core->outer,,,0.85,7,"2018-01-07,2018-01-08,2018-01-09,2018-01-10,2018-01-11,2018-01-12,2018-01-13",65.0,56.78963238795786,0.375,-0.2916666666666667,False
fold_05,rolling_7d,independent,pair_hour_direction_scale_cv,core->outer,,,0.9,7,"2018-01-07,2018-01-08,2018-01-09,2018-01-10,2018-01-11,2018-01-12,2018-01-13",65.0,56.50056099468713,0.375,-0.2916666666666667,False
fold_05,rolling_7d,independent,pair_hour_direction_scale_cv,core->outer,,,0.95,7,"2018-01-07,2018-01-08,2018-01-09,2018-01-10,2018-01-11,2018-01-12,2018-01-13",65.0,56.29185662054346,0.375,-0.2916666666666667,False
fold_05,rolling_7d,independent,pair_hour_direction_scale_cv,core->outer,,,1.0,7,"2018-01-07,2018-01-08,2018-01-09,2018-01-10,2018-01-11,2018-01-12,2018-01-13",65.0,56.163519265526844,0.375,-0.2916666666666667,True
fold_05,rolling_7d,independent,pair_hour_direction_scale_cv,core->outer,,,1.05,7,"2018-01-07,2018-01-08,2018-01-09,2018-01-10,2018-01-11,2018-01-12,2018-01-13",65.0,56.115548929637285,0.375,-0.20833333333333334,False
fold_05,rolling_7d,independent,pair_hour_direction_scale_cv,near->core,,,0.7,7,"2018-01-07,2018-01-08,2018-01-09,2018-01-10,2018-01-11,2018-01-12,2018-01-13",380.0,352.8556613547088,1.0416666666666667,-0.375,False
fold_05,rolling_7d,independent,pair_hour_direction_scale_cv,near->core,,,0.75,7,"2018-01-07,2018-01-08,2018-01-09,2018-01-10,2018-01-11,2018-01-12,2018-01-13",390.0,348.82213753226847,1.0416666666666667,-0.375,False
fold_05,rolling_7d,independent,pair_hour_direction_scale_cv,near->core,,,0.8,7,"2018-01-07,2018-01-08,2018-01-09,2018-01-10,2018-01-11,2018-01-12,2018-01-13",386.0,346.1569470920293,1.0416666666666667,-0.375,False
fold_05,rolling_7d,independent,pair_hour_direction_scale_cv,near->core,,,0.85,7,"2018-01-07,2018-01-08,2018-01-09,2018-01-10,2018-01-11,2018-01-12,2018-01-13",380.0,344.86009003399147,1.0,-0.25,False
fold_05,rolling_7d,independent,pair_hour_direction_scale_cv,near->core,,,0.9,7,"2018-01-07,2018-01-08,2018-01-09,2018-01-10,2018-01-11,2018-01-12,2018-01-13",355.0,344.93156635815484,0.9166666666666666,-0.08333333333333333,False
fold_05,rolling_7d,independent,pair_hour_direction_scale_cv,near->core,,,0.95,7,"2018-01-07,2018-01-08,2018-01-09,2018-01-10,2018-01-11,2018-01-12,2018-01-13",364.0,346.3713760645194,0.9166666666666666,-0.08333333333333333,False
fold_05,rolling_7d,independent,pair_hour_direction_scale_cv,near->core,,,1.0,7,"2018-01-07,2018-01-08,2018-01-09,2018-01-10,2018-01-11,2018-01-12,2018-01-13",368.0,349.17951915308515,0.9166666666666666,-0.08333333333333333,False
fold_05,rolling_7d,independent,pair_hour_direction_scale_cv,near->core,,,1.05,7,"2018-01-07,2018-01-08,2018-01-09,2018-01-10,2018-01-11,2018-01-12,2018-01-13",348.0,353.3559956238521,0.8333333333333334,0.0,True
fold_05,rolling_7d,independent,pair_hour_direction_scale_cv,near->outer,,,0.7,7,"2018-01-07,2018-01-08,2018-01-09,2018-01-10,2018-01-11,2018-01-12,2018-01-13",125.0,106.7858318755739,0.4583333333333333,-0.20833333333333334,True
fold_05,rolling_7d,independent,pair_hour_direction_scale_cv,near->outer,,,0.75,7,"2018-01-07,2018-01-08,2018-01-09,2018-01-10,2018-01-11,2018-01-12,2018-01-13",126.0,108.0429578967434,0.4583333333333333,-0.20833333333333334,False
fold_05,rolling_7d,independent,pair_hour_direction_scale_cv,near->outer,,,0.8,7,"2018-01-07,2018-01-08,2018-01-09,2018-01-10,2018-01-11,2018-01-12,2018-01-13",130.0,109.54593089334907,0.4583333333333333,-0.20833333333333334,False
fold_05,rolling_7d,independent,pair_hour_direction_scale_cv,near->outer,,,0.85,7,"2018-01-07,2018-01-08,2018-01-09,2018-01-10,2018-01-11,2018-01-12,2018-01-13",131.0,111.29475086539091,0.4583333333333333,-0.20833333333333334,False
fold_05,rolling_7d,independent,pair_hour_direction_scale_cv,near->outer,,,0.9,7,"2018-01-07,2018-01-08,2018-01-09,2018-01-10,2018-01-11,2018-01-12,2018-01-13",136.0,113.28941781286895,0.5,-0.16666666666666666,False
fold_05,rolling_7d,independent,pair_hour_direction_scale_cv,near->outer,,,0.95,7,"2018-01-07,2018-01-08,2018-01-09,2018-01-10,2018-01-11,2018-01-12,2018-01-13",139.0,115.52993173578315,0.5,-0.16666666666666666,False
fold_05,rolling_7d,independent,pair_hour_direction_scale_cv,near->outer,,,1.0,7,"2018-01-07,2018-01-08,2018-01-09,2018-01-10,2018-01-11,2018-01-12,2018-01-13",145.0,118.01629263413355,0.5,-0.16666666666666666,False
fold_05,rolling_7d,independent,pair_hour_direction_scale_cv,near->outer,,,1.05,7,"2018-01-07,2018-01-08,2018-01-09,2018-01-10,2018-01-11,2018-01-12,2018-01-13",134.0,120.74850050792011,0.5,0.0,False
fold_05,rolling_7d,independent,pair_hour_direction_scale_cv,outer->core,,,0.7,7,"2018-01-07,2018-01-08,2018-01-09,2018-01-10,2018-01-11,2018-01-12,2018-01-13",40.0,37.02472660761657,0.16666666666666666,-0.16666666666666666,False
fold_05,rolling_7d,independent,pair_hour_direction_scale_cv,outer->core,,,0.75,7,"2018-01-07,2018-01-08,2018-01-09,2018-01-10,2018-01-11,2018-01-12,2018-01-13",40.0,37.16735004043801,0.16666666666666666,-0.16666666666666666,True
fold_05,rolling_7d,independent,pair_hour_direction_scale_cv,outer->core,,,0.8,7,"2018-01-07,2018-01-08,2018-01-09,2018-01-10,2018-01-11,2018-01-12,2018-01-13",42.0,37.35732586803929,0.16666666666666666,-0.16666666666666666,False
fold_05,rolling_7d,independent,pair_hour_direction_scale_cv,outer->core,,,0.85,7,"2018-01-07,2018-01-08,2018-01-09,2018-01-10,2018-01-11,2018-01-12,2018-01-13",43.0,37.59465409042041,0.16666666666666666,-0.16666666666666666,False
fold_05,rolling_7d,independent,pair_hour_direction_scale_cv,outer->core,,,0.9,7,"2018-01-07,2018-01-08,2018-01-09,2018-01-10,2018-01-11,2018-01-12,2018-01-13",43.0,37.87933470758138,0.16666666666666666,-0.16666666666666666,False
fold_05,rolling_7d,independent,pair_hour_direction_scale_cv,outer->core,,,0.95,7,"2018-01-07,2018-01-08,2018-01-09,2018-01-10,2018-01-11,2018-01-12,2018-01-13",45.0,38.21136771952219,0.16666666666666666,-0.16666666666666666,False
fold_05,rolling_7d,independent,pair_hour_direction_scale_cv,outer->core,,,1.0,7,"2018-01-07,2018-01-08,2018-01-09,2018-01-10,2018-01-11,2018-01-12,2018-01-13",45.0,38.590753126242845,0.16666666666666666,-0.16666666666666666,False
fold_05,rolling_7d,independent,pair_hour_direction_scale_cv,outer->core,,,1.05,7,"2018-01-07,2018-01-08,2018-01-09,2018-01-10,2018-01-11,2018-01-12,2018-01-13",49.0,39.017490927743346,0.20833333333333334,-0.125,False
fold_05,rolling_7d,independent,pair_hour_direction_scale_cv,outer->near,,,0.7,7,"2018-01-07,2018-01-08,2018-01-09,2018-01-10,2018-01-11,2018-01-12,2018-01-13",111.0,95.74044238661871,0.4166666666666667,-0.25,False
fold_05,rolling_7d,independent,pair_hour_direction_scale_cv,outer->near,,,0.75,7,"2018-01-07,2018-01-08,2018-01-09,2018-01-10,2018-01-11,2018-01-12,2018-01-13",111.0,95.20492961048919,0.4166666666666667,-0.25,False
fold_05,rolling_7d,independent,pair_hour_direction_scale_cv,outer->near,,,0.8,7,"2018-01-07,2018-01-08,2018-01-09,2018-01-10,2018-01-11,2018-01-12,2018-01-13",108.0,94.95286806052692,0.3333333333333333,-0.16666666666666666,False
fold_05,rolling_7d,independent,pair_hour_direction_scale_cv,outer->near,,,0.85,7,"2018-01-07,2018-01-08,2018-01-09,2018-01-10,2018-01-11,2018-01-12,2018-01-13",106.0,94.984257736732,0.3333333333333333,-0.16666666666666666,False
fold_05,rolling_7d,independent,pair_hour_direction_scale_cv,outer->near,,,0.9,7,"2018-01-07,2018-01-08,2018-01-09,2018-01-10,2018-01-11,2018-01-12,2018-01-13",110.0,95.29909863910439,0.375,-0.125,False
fold_05,rolling_7d,independent,pair_hour_direction_scale_cv,outer->near,,,0.95,7,"2018-01-07,2018-01-08,2018-01-09,2018-01-10,2018-01-11,2018-01-12,2018-01-13",110.0,95.8973907676441,0.375,-0.125,False
fold_05,rolling_7d,independent,pair_hour_direction_scale_cv,outer->near,,,1.0,7,"2018-01-07,2018-01-08,2018-01-09,2018-01-10,2018-01-11,2018-01-12,2018-01-13",110.0,96.77913412235111,0.375,-0.125,False
fold_05,rolling_7d,independent,pair_hour_direction_scale_cv,outer->near,,,1.05,7,"2018-01-07,2018-01-08,2018-01-09,2018-01-10,2018-01-11,2018-01-12,2018-01-13",103.0,97.94432870322544,0.4166666666666667,-0.08333333333333333,True
fold_05,rolling_7d,paired,pair_hour_direction_scale_cv,core->near,,,0.7,7,"2018-01-07,2018-01-08,2018-01-09,2018-01-10,2018-01-11,2018-01-12,2018-01-13",360.0,351.23790000829,1.0,-0.3333333333333333,False
fold_05,rolling_7d,paired,pair_hour_direction_scale_cv,core->near,,,0.75,7,"2018-01-07,2018-01-08,2018-01-09,2018-01-10,2018-01-11,2018-01-12,2018-01-13",352.0,349.6562936860781,0.875,-0.20833333333333334,True
fold_05,rolling_7d,paired,pair_hour_direction_scale_cv,core->near,,,0.8,7,"2018-01-07,2018-01-08,2018-01-09,2018-01-10,2018-01-11,2018-01-12,2018-01-13",361.0,349.6234455684447,0.8333333333333334,-0.16666666666666666,False
fold_05,rolling_7d,paired,pair_hour_direction_scale_cv,core->near,,,0.85,7,"2018-01-07,2018-01-08,2018-01-09,2018-01-10,2018-01-11,2018-01-12,2018-01-13",376.0,351.13935565538986,0.875,-0.125,False
fold_05,rolling_7d,paired,pair_hour_direction_scale_cv,core->near,,,0.9,7,"2018-01-07,2018-01-08,2018-01-09,2018-01-10,2018-01-11,2018-01-12,2018-01-13",371.0,354.2040239469134,0.875,-0.041666666666666664,False
fold_05,rolling_7d,paired,pair_hour_direction_scale_cv,core->near,,,0.95,7,"2018-01-07,2018-01-08,2018-01-09,2018-01-10,2018-01-11,2018-01-12,2018-01-13",375.0,358.8174504430156,0.9166666666666666,0.0,False
fold_05,rolling_7d,paired,pair_hour_direction_scale_cv,core->near,,,1.0,7,"2018-01-07,2018-01-08,2018-01-09,2018-01-10,2018-01-11,2018-01-12,2018-01-13",386.0,364.97963514369627,0.9583333333333334,0.041666666666666664,False
fold_05,rolling_7d,paired,pair_hour_direction_scale_cv,core->near,,,1.05,7,"2018-01-07,2018-01-08,2018-01-09,2018-01-10,2018-01-11,2018-01-12,2018-01-13",390.0,372.69057804895544,0.9583333333333334,0.041666666666666664,False
fold_05,rolling_7d,paired,pair_hour_direction_scale_cv,core->outer,,,0.7,7,"2018-01-07,2018-01-08,2018-01-09,2018-01-10,2018-01-11,2018-01-12,2018-01-13",73.0,58.1390486825324,0.375,-0.2916666666666667,False
fold_05,rolling_7d,paired,pair_hour_direction_scale_cv,core->outer,,,0.75,7,"2018-01-07,2018-01-08,2018-01-09,2018-01-10,2018-01-11,2018-01-12,2018-01-13",73.0,57.6088762318805,0.375,-0.2916666666666667,False
fold_05,rolling_7d,paired,pair_hour_direction_scale_cv,core->outer,,,0.8,7,"2018-01-07,2018-01-08,2018-01-09,2018-01-10,2018-01-11,2018-01-12,2018-01-13",71.0,57.159070800355636,0.3333333333333333,-0.25,False
fold_05,rolling_7d,paired,pair_hour_direction_scale_cv,core->outer,,,0.85,7,"2018-01-07,2018-01-08,2018-01-09,2018-01-10,2018-01-11,2018-01-12,2018-01-13",66.0,56.78963238795786,0.2916666666666667,-0.20833333333333334,False
fold_05,rolling_7d,paired,pair_hour_direction_scale_cv,core->outer,,,0.9,7,"2018-01-07,2018-01-08,2018-01-09,2018-01-10,2018-01-11,2018-01-12,2018-01-13",66.0,56.50056099468713,0.2916666666666667,-0.20833333333333334,False
fold_05,rolling_7d,paired,pair_hour_direction_scale_cv,core->outer,,,0.95,7,"2018-01-07,2018-01-08,2018-01-09,2018-01-10,2018-01-11,2018-01-12,2018-01-13",66.0,56.29185662054346,0.2916666666666667,-0.20833333333333334,False
fold_05,rolling_7d,paired,pair_hour_direction_scale_cv,core->outer,,,1.0,7,"2018-01-07,2018-01-08,2018-01-09,2018-01-10,2018-01-11,2018-01-12,2018-01-13",67.0,56.163519265526844,0.3333333333333333,-0.16666666666666666,False
fold_05,rolling_7d,paired,pair_hour_direction_scale_cv,core->outer,,,1.05,7,"2018-01-07,2018-01-08,2018-01-09,2018-01-10,2018-01-11,2018-01-12,2018-01-13",66.0,56.115548929637285,0.3333333333333333,-0.16666666666666666,True
fold_05,rolling_7d,paired,pair_hour_direction_scale_cv,near->core,,,0.7,7,"2018-01-07,2018-01-08,2018-01-09,2018-01-10,2018-01-11,2018-01-12,2018-01-13",371.0,352.8556613547088,0.9583333333333334,-0.2916666666666667,False
fold_05,rolling_7d,paired,pair_hour_direction_scale_cv,near->core,,,0.75,7,"2018-01-07,2018-01-08,2018-01-09,2018-01-10,2018-01-11,2018-01-12,2018-01-13",376.0,348.82213753226847,0.9166666666666666,-0.25,False
fold_05,rolling_7d,paired,pair_hour_direction_scale_cv,near->core,,,0.8,7,"2018-01-07,2018-01-08,2018-01-09,2018-01-10,2018-01-11,2018-01-12,2018-01-13",364.0,346.1569470920293,0.9166666666666666,-0.25,False
fold_05,rolling_7d,paired,pair_hour_direction_scale_cv,near->core,,,0.85,7,"2018-01-07,2018-01-08,2018-01-09,2018-01-10,2018-01-11,2018-01-12,2018-01-13",352.0,344.86009003399147,0.8333333333333334,-0.16666666666666666,False
fold_05,rolling_7d,paired,pair_hour_direction_scale_cv,near->core,,,0.9,7,"2018-01-07,2018-01-08,2018-01-09,2018-01-10,2018-01-11,2018-01-12,2018-01-13",351.0,344.93156635815484,0.8333333333333334,-0.08333333333333333,True
fold_05,rolling_7d,paired,pair_hour_direction_scale_cv,near->core,,,0.95,7,"2018-01-07,2018-01-08,2018-01-09,2018-01-10,2018-01-11,2018-01-12,2018-01-13",363.0,346.3713760645194,0.9166666666666666,0.0,False
fold_05,rolling_7d,paired,pair_hour_direction_scale_cv,near->core,,,1.0,7,"2018-01-07,2018-01-08,2018-01-09,2018-01-10,2018-01-11,2018-01-12,2018-01-13",368.0,349.17951915308515,0.9583333333333334,0.041666666666666664,False
fold_05,rolling_7d,paired,pair_hour_direction_scale_cv,near->core,,,1.05,7,"2018-01-07,2018-01-08,2018-01-09,2018-01-10,2018-01-11,2018-01-12,2018-01-13",374.0,353.3559956238521,1.0,0.16666666666666666,False
fold_05,rolling_7d,paired,pair_hour_direction_scale_cv,near->outer,,,0.7,7,"2018-01-07,2018-01-08,2018-01-09,2018-01-10,2018-01-11,2018-01-12,2018-01-13",129.0,106.7858318755739,0.4583333333333333,-0.20833333333333334,True
fold_05,rolling_7d,paired,pair_hour_direction_scale_cv,near->outer,,,0.75,7,"2018-01-07,2018-01-08,2018-01-09,2018-01-10,2018-01-11,2018-01-12,2018-01-13",132.0,108.0429578967434,0.4583333333333333,-0.20833333333333334,False
fold_05,rolling_7d,paired,pair_hour_direction_scale_cv,near->outer,,,0.8,7,"2018-01-07,2018-01-08,2018-01-09,2018-01-10,2018-01-11,2018-01-12,2018-01-13",132.0,109.54593089334907,0.4583333333333333,-0.20833333333333334,False
fold_05,rolling_7d,paired,pair_hour_direction_scale_cv,near->outer,,,0.85,7,"2018-01-07,2018-01-08,2018-01-09,2018-01-10,2018-01-11,2018-01-12,2018-01-13",133.0,111.29475086539091,0.5416666666666666,-0.125,False
fold_05,rolling_7d,paired,pair_hour_direction_scale_cv,near->outer,,,0.9,7,"2018-01-07,2018-01-08,2018-01-09,2018-01-10,2018-01-11,2018-01-12,2018-01-13",136.0,113.28941781286895,0.5416666666666666,-0.125,False
fold_05,rolling_7d,paired,pair_hour_direction_scale_cv,near->outer,,,0.95,7,"2018-01-07,2018-01-08,2018-01-09,2018-01-10,2018-01-11,2018-01-12,2018-01-13",136.0,115.52993173578315,0.5416666666666666,-0.125,False
fold_05,rolling_7d,paired,pair_hour_direction_scale_cv,near->outer,,,1.0,7,"2018-01-07,2018-01-08,2018-01-09,2018-01-10,2018-01-11,2018-01-12,2018-01-13",139.0,118.01629263413355,0.5833333333333334,-0.08333333333333333,False
fold_05,rolling_7d,paired,pair_hour_direction_scale_cv,near->outer,,,1.05,7,"2018-01-07,2018-01-08,2018-01-09,2018-01-10,2018-01-11,2018-01-12,2018-01-13",145.0,120.74850050792011,0.5833333333333334,-0.08333333333333333,False
fold_05,rolling_7d,paired,pair_hour_direction_scale_cv,outer->core,,,0.7,7,"2018-01-07,2018-01-08,2018-01-09,2018-01-10,2018-01-11,2018-01-12,2018-01-13",42.0,37.02472660761657,0.20833333333333334,-0.125,False
fold_05,rolling_7d,paired,pair_hour_direction_scale_cv,outer->core,,,0.75,7,"2018-01-07,2018-01-08,2018-01-09,2018-01-10,2018-01-11,2018-01-12,2018-01-13",43.0,37.16735004043801,0.20833333333333334,-0.125,False
fold_05,rolling_7d,paired,pair_hour_direction_scale_cv,outer->core,,,0.8,7,"2018-01-07,2018-01-08,2018-01-09,2018-01-10,2018-01-11,2018-01-12,2018-01-13",42.0,37.35732586803929,0.20833333333333334,-0.125,False
fold_05,rolling_7d,paired,pair_hour_direction_scale_cv,outer->core,,,0.85,7,"2018-01-07,2018-01-08,2018-01-09,2018-01-10,2018-01-11,2018-01-12,2018-01-13",40.0,37.59465409042041,0.20833333333333334,-0.125,False
fold_05,rolling_7d,paired,pair_hour_direction_scale_cv,outer->core,,,0.9,7,"2018-01-07,2018-01-08,2018-01-09,2018-01-10,2018-01-11,2018-01-12,2018-01-13",39.0,37.87933470758138,0.20833333333333334,-0.125,True
fold_05,rolling_7d,paired,pair_hour_direction_scale_cv,outer->core,,,0.95,7,"2018-01-07,2018-01-08,2018-01-09,2018-01-10,2018-01-11,2018-01-12,2018-01-13",43.0,38.21136771952219,0.20833333333333334,-0.125,False
fold_05,rolling_7d,paired,pair_hour_direction_scale_cv,outer->core,,,1.0,7,"2018-01-07,2018-01-08,2018-01-09,2018-01-10,2018-01-11,2018-01-12,2018-01-13",47.0,38.590753126242845,0.20833333333333334,-0.125,False
fold_05,rolling_7d,paired,pair_hour_direction_scale_cv,outer->core,,,1.05,7,"2018-01-07,2018-01-08,2018-01-09,2018-01-10,2018-01-11,2018-01-12,2018-01-13",48.0,39.017490927743346,0.20833333333333334,-0.125,False
fold_05,rolling_7d,paired,pair_hour_direction_scale_cv,outer->near,,,0.7,7,"2018-01-07,2018-01-08,2018-01-09,2018-01-10,2018-01-11,2018-01-12,2018-01-13",116.0,95.74044238661871,0.375,-0.20833333333333334,False
fold_05,rolling_7d,paired,pair_hour_direction_scale_cv,outer->near,,,0.75,7,"2018-01-07,2018-01-08,2018-01-09,2018-01-10,2018-01-11,2018-01-12,2018-01-13",113.0,95.20492961048919,0.4166666666666667,-0.16666666666666666,True
fold_05,rolling_7d,paired,pair_hour_direction_scale_cv,outer->near,,,0.8,7,"2018-01-07,2018-01-08,2018-01-09,2018-01-10,2018-01-11,2018-01-12,2018-01-13",114.0,94.95286806052692,0.4166666666666667,-0.08333333333333333,False
fold_05,rolling_7d,paired,pair_hour_direction_scale_cv,outer->near,,,0.85,7,"2018-01-07,2018-01-08,2018-01-09,2018-01-10,2018-01-11,2018-01-12,2018-01-13",116.0,94.984257736732,0.4583333333333333,-0.041666666666666664,False
fold_05,rolling_7d,paired,pair_hour_direction_scale_cv,outer->near,,,0.9,7,"2018-01-07,2018-01-08,2018-01-09,2018-01-10,2018-01-11,2018-01-12,2018-01-13",120.0,95.29909863910439,0.4583333333333333,-0.041666666666666664,False
fold_05,rolling_7d,paired,pair_hour_direction_scale_cv,outer->near,,,0.95,7,"2018-01-07,2018-01-08,2018-01-09,2018-01-10,2018-01-11,2018-01-12,2018-01-13",125.0,95.8973907676441,0.5,0.0,False
fold_05,rolling_7d,paired,pair_hour_direction_scale_cv,outer->near,,,1.0,7,"2018-01-07,2018-01-08,2018-01-09,2018-01-10,2018-01-11,2018-01-12,2018-01-13",126.0,96.77913412235111,0.5,0.0,False
fold_05,rolling_7d,paired,pair_hour_direction_scale_cv,outer->near,,,1.05,7,"2018-01-07,2018-01-08,2018-01-09,2018-01-10,2018-01-11,2018-01-12,2018-01-13",120.0,97.94432870322544,0.4583333333333333,0.041666666666666664,False
fold_05,rolling_7d,independent,present_shrunk20_direction_scale_cv,core->near,,,0.7,7,"2018-01-07,2018-01-08,2018-01-09,2018-01-10,2018-01-11,2018-01-12,2018-01-13",379.0,343.17777944281687,1.0,-0.5,False
fold_05,rolling_7d,independent,present_shrunk20_direction_scale_cv,core->near,,,0.75,7,"2018-01-07,2018-01-08,2018-01-09,2018-01-10,2018-01-11,2018-01-12,2018-01-13",376.0,339.68065463387325,1.0,-0.5,False
fold_05,rolling_7d,independent,present_shrunk20_direction_scale_cv,core->near,,,0.8,7,"2018-01-07,2018-01-08,2018-01-09,2018-01-10,2018-01-11,2018-01-12,2018-01-13",359.0,337.553648617615,0.875,-0.2916666666666667,True
fold_05,rolling_7d,independent,present_shrunk20_direction_scale_cv,core->near,,,0.85,7,"2018-01-07,2018-01-08,2018-01-09,2018-01-10,2018-01-11,2018-01-12,2018-01-13",360.0,336.7967613940422,0.7916666666666666,-0.20833333333333334,False
fold_05,rolling_7d,independent,present_shrunk20_direction_scale_cv,core->near,,,0.9,7,"2018-01-07,2018-01-08,2018-01-09,2018-01-10,2018-01-11,2018-01-12,2018-01-13",364.0,337.4099929631549,0.875,-0.125,False
fold_05,rolling_7d,independent,present_shrunk20_direction_scale_cv,core->near,,,0.95,7,"2018-01-07,2018-01-08,2018-01-09,2018-01-10,2018-01-11,2018-01-12,2018-01-13",375.0,339.393343324953,0.8333333333333334,-0.08333333333333333,False
fold_05,rolling_7d,independent,present_shrunk20_direction_scale_cv,core->near,,,1.0,7,"2018-01-07,2018-01-08,2018-01-09,2018-01-10,2018-01-11,2018-01-12,2018-01-13",373.0,342.74681247943664,0.9166666666666666,0.0,False
fold_05,rolling_7d,independent,present_shrunk20_direction_scale_cv,core->near,,,1.05,7,"2018-01-07,2018-01-08,2018-01-09,2018-01-10,2018-01-11,2018-01-12,2018-01-13",383.0,347.4704004266056,0.9583333333333334,0.041666666666666664,False
fold_05,rolling_7d,independent,present_shrunk20_direction_scale_cv,core->outer,,,0.7,7,"2018-01-07,2018-01-08,2018-01-09,2018-01-10,2018-01-11,2018-01-12,2018-01-13",67.0,58.38446612491185,0.3333333333333333,-0.3333333333333333,False
fold_05,rolling_7d,independent,present_shrunk20_direction_scale_cv,core->outer,,,0.75,7,"2018-01-07,2018-01-08,2018-01-09,2018-01-10,2018-01-11,2018-01-12,2018-01-13",68.0,57.769867759715474,0.375,-0.2916666666666667,False
fold_05,rolling_7d,independent,present_shrunk20_direction_scale_cv,core->outer,,,0.8,7,"2018-01-07,2018-01-08,2018-01-09,2018-01-10,2018-01-11,2018-01-12,2018-01-13",67.0,57.2220423160652,0.375,-0.2916666666666667,False
fold_05,rolling_7d,independent,present_shrunk20_direction_scale_cv,core->outer,,,0.85,7,"2018-01-07,2018-01-08,2018-01-09,2018-01-10,2018-01-11,2018-01-12,2018-01-13",67.0,56.740989793961006,0.375,-0.2916666666666667,False
fold_05,rolling_7d,independent,present_shrunk20_direction_scale_cv,core->outer,,,0.9,7,"2018-01-07,2018-01-08,2018-01-09,2018-01-10,2018-01-11,2018-01-12,2018-01-13",68.0,56.32671019340289,0.375,-0.2916666666666667,False
fold_05,rolling_7d,independent,present_shrunk20_direction_scale_cv,core->outer,,,0.95,7,"2018-01-07,2018-01-08,2018-01-09,2018-01-10,2018-01-11,2018-01-12,2018-01-13",65.0,55.97920351439086,0.375,-0.2916666666666667,False
fold_05,rolling_7d,independent,present_shrunk20_direction_scale_cv,core->outer,,,1.0,7,"2018-01-07,2018-01-08,2018-01-09,2018-01-10,2018-01-11,2018-01-12,2018-01-13",65.0,55.69846975692493,0.375,-0.2916666666666667,True
fold_05,rolling_7d,independent,present_shrunk20_direction_scale_cv,core->outer,,,1.05,7,"2018-01-07,2018-01-08,2018-01-09,2018-01-10,2018-01-11,2018-01-12,2018-01-13",65.0,55.48450892100507,0.375,-0.2916666666666667,False
fold_05,rolling_7d,independent,present_shrunk20_direction_scale_cv,near->core,,,0.7,7,"2018-01-07,2018-01-08,2018-01-09,2018-01-10,2018-01-11,2018-01-12,2018-01-13",381.0,350.1004912793456,1.0416666666666667,-0.375,False
fold_05,rolling_7d,independent,present_shrunk20_direction_scale_cv,near->core,,,0.75,7,"2018-01-07,2018-01-08,2018-01-09,2018-01-10,2018-01-11,2018-01-12,2018-01-13",377.0,345.5147687862196,1.0416666666666667,-0.375,False
fold_05,rolling_7d,independent,present_shrunk20_direction_scale_cv,near->core,,,0.8,7,"2018-01-07,2018-01-08,2018-01-09,2018-01-10,2018-01-11,2018-01-12,2018-01-13",373.0,342.24999290087356,1.0416666666666667,-0.375,False
fold_05,rolling_7d,independent,present_shrunk20_direction_scale_cv,near->core,,,0.85,7,"2018-01-07,2018-01-08,2018-01-09,2018-01-10,2018-01-11,2018-01-12,2018-01-13",373.0,340.3061636233073,1.0,-0.16666666666666666,False
fold_05,rolling_7d,independent,present_shrunk20_direction_scale_cv,near->core,,,0.9,7,"2018-01-07,2018-01-08,2018-01-09,2018-01-10,2018-01-11,2018-01-12,2018-01-13",343.0,339.6832809535211,0.9166666666666666,-0.08333333333333333,False
fold_05,rolling_7d,independent,present_shrunk20_direction_scale_cv,near->core,,,0.95,7,"2018-01-07,2018-01-08,2018-01-09,2018-01-10,2018-01-11,2018-01-12,2018-01-13",341.0,340.3813448915147,0.8333333333333334,0.0,False
fold_05,rolling_7d,independent,present_shrunk20_direction_scale_cv,near->core,,,1.0,7,"2018-01-07,2018-01-08,2018-01-09,2018-01-10,2018-01-11,2018-01-12,2018-01-13",348.0,342.4003554372882,0.8333333333333334,0.0,False
fold_05,rolling_7d,independent,present_shrunk20_direction_scale_cv,near->core,,,1.05,7,"2018-01-07,2018-01-08,2018-01-09,2018-01-10,2018-01-11,2018-01-12,2018-01-13",338.0,345.74031259084165,0.8333333333333334,0.0,True
fold_05,rolling_7d,independent,present_shrunk20_direction_scale_cv,near->outer,,,0.7,7,"2018-01-07,2018-01-08,2018-01-09,2018-01-10,2018-01-11,2018-01-12,2018-01-13",127.0,105.12747680388176,0.4166666666666667,-0.25,False
fold_05,rolling_7d,independent,present_shrunk20_direction_scale_cv,near->outer,,,0.75,7,"2018-01-07,2018-01-08,2018-01-09,2018-01-10,2018-01-11,2018-01-12,2018-01-13",126.0,106.11942644992601,0.4583333333333333,-0.20833333333333334,True
fold_05,rolling_7d,independent,present_shrunk20_direction_scale_cv,near->outer,,,0.8,7,"2018-01-07,2018-01-08,2018-01-09,2018-01-10,2018-01-11,2018-01-12,2018-01-13",129.0,107.33766007921537,0.4583333333333333,-0.20833333333333334,False
fold_05,rolling_7d,independent,present_shrunk20_direction_scale_cv,near->outer,,,0.85,7,"2018-01-07,2018-01-08,2018-01-09,2018-01-10,2018-01-11,2018-01-12,2018-01-13",131.0,108.7821776917499,0.4583333333333333,-0.20833333333333334,False
fold_05,rolling_7d,independent,present_shrunk20_direction_scale_cv,near->outer,,,0.9,7,"2018-01-07,2018-01-08,2018-01-09,2018-01-10,2018-01-11,2018-01-12,2018-01-13",132.0,110.45297928752953,0.5,-0.16666666666666666,False
fold_05,rolling_7d,independent,present_shrunk20_direction_scale_cv,near->outer,,,0.95,7,"2018-01-07,2018-01-08,2018-01-09,2018-01-10,2018-01-11,2018-01-12,2018-01-13",140.0,112.35006486655426,0.5,-0.16666666666666666,False
fold_05,rolling_7d,independent,present_shrunk20_direction_scale_cv,near->outer,,,1.0,7,"2018-01-07,2018-01-08,2018-01-09,2018-01-10,2018-01-11,2018-01-12,2018-01-13",139.0,114.47343442882416,0.5,-0.16666666666666666,False
fold_05,rolling_7d,independent,present_shrunk20_direction_scale_cv,near->outer,,,1.05,7,"2018-01-07,2018-01-08,2018-01-09,2018-01-10,2018-01-11,2018-01-12,2018-01-13",128.0,116.82308797433919,0.5,0.0,False
fold_05,rolling_7d,independent,present_shrunk20_direction_scale_cv,outer->core,,,0.7,7,"2018-01-07,2018-01-08,2018-01-09,2018-01-10,2018-01-11,2018-01-12,2018-01-13",40.0,36.11000302647176,0.16666666666666666,-0.16666666666666666,False
fold_05,rolling_7d,independent,present_shrunk20_direction_scale_cv,outer->core,,,0.75,7,"2018-01-07,2018-01-08,2018-01-09,2018-01-10,2018-01-11,2018-01-12,2018-01-13",40.0,36.10209974500776,0.16666666666666666,-0.16666666666666666,False
fold_05,rolling_7d,independent,present_shrunk20_direction_scale_cv,outer->core,,,0.8,7,"2018-01-07,2018-01-08,2018-01-09,2018-01-10,2018-01-11,2018-01-12,2018-01-13",40.0,36.13019028290599,0.16666666666666666,-0.16666666666666666,False
fold_05,rolling_7d,independent,present_shrunk20_direction_scale_cv,outer->core,,,0.85,7,"2018-01-07,2018-01-08,2018-01-09,2018-01-10,2018-01-11,2018-01-12,2018-01-13",40.0,36.194274640166434,0.16666666666666666,-0.16666666666666666,False
fold_05,rolling_7d,independent,present_shrunk20_direction_scale_cv,outer->core,,,0.9,7,"2018-01-07,2018-01-08,2018-01-09,2018-01-10,2018-01-11,2018-01-12,2018-01-13",40.0,36.294352816789086,0.16666666666666666,-0.16666666666666666,True
fold_05,rolling_7d,independent,present_shrunk20_direction_scale_cv,outer->core,,,0.95,7,"2018-01-07,2018-01-08,2018-01-09,2018-01-10,2018-01-11,2018-01-12,2018-01-13",42.0,36.43042481277396,0.16666666666666666,-0.16666666666666666,False
fold_05,rolling_7d,independent,present_shrunk20_direction_scale_cv,outer->core,,,1.0,7,"2018-01-07,2018-01-08,2018-01-09,2018-01-10,2018-01-11,2018-01-12,2018-01-13",42.0,36.60249062812104,0.16666666666666666,-0.16666666666666666,False
fold_05,rolling_7d,independent,present_shrunk20_direction_scale_cv,outer->core,,,1.05,7,"2018-01-07,2018-01-08,2018-01-09,2018-01-10,2018-01-11,2018-01-12,2018-01-13",43.0,36.81055026283033,0.16666666666666666,-0.16666666666666666,False
fold_05,rolling_7d,independent,present_shrunk20_direction_scale_cv,outer->near,,,0.7,7,"2018-01-07,2018-01-08,2018-01-09,2018-01-10,2018-01-11,2018-01-12,2018-01-13",107.0,96.5370010477412,0.4166666666666667,-0.25,True
fold_05,rolling_7d,independent,present_shrunk20_direction_scale_cv,outer->near,,,0.75,7,"2018-01-07,2018-01-08,2018-01-09,2018-01-10,2018-01-11,2018-01-12,2018-01-13",108.0,95.65418044538157,0.4166666666666667,-0.25,False
fold_05,rolling_7d,independent,present_shrunk20_direction_scale_cv,outer->near,,,0.8,7,"2018-01-07,2018-01-08,2018-01-09,2018-01-10,2018-01-11,2018-01-12,2018-01-13",112.0,95.0009170860622,0.4166666666666667,-0.25,False
fold_05,rolling_7d,independent,present_shrunk20_direction_scale_cv,outer->near,,,0.85,7,"2018-01-07,2018-01-08,2018-01-09,2018-01-10,2018-01-11,2018-01-12,2018-01-13",110.0,94.57721096978304,0.3333333333333333,-0.16666666666666666,False
fold_05,rolling_7d,independent,present_shrunk20_direction_scale_cv,outer->near,,,0.9,7,"2018-01-07,2018-01-08,2018-01-09,2018-01-10,2018-01-11,2018-01-12,2018-01-13",109.0,94.38306209654411,0.3333333333333333,-0.16666666666666666,False
fold_05,rolling_7d,independent,present_shrunk20_direction_scale_cv,outer->near,,,0.95,7,"2018-01-07,2018-01-08,2018-01-09,2018-01-10,2018-01-11,2018-01-12,2018-01-13",110.0,94.41847046634541,0.375,-0.125,False
fold_05,rolling_7d,independent,present_shrunk20_direction_scale_cv,outer->near,,,1.0,7,"2018-01-07,2018-01-08,2018-01-09,2018-01-10,2018-01-11,2018-01-12,2018-01-13",109.0,94.68343607918695,0.4166666666666667,-0.08333333333333333,False
fold_05,rolling_7d,independent,present_shrunk20_direction_scale_cv,outer->near,,,1.05,7,"2018-01-07,2018-01-08,2018-01-09,2018-01-10,2018-01-11,2018-01-12,2018-01-13",110.0,95.1779589350687,0.4166666666666667,-0.08333333333333333,False
fold_05,rolling_7d,paired,present_shrunk20_direction_scale_cv,core->near,,,0.7,7,"2018-01-07,2018-01-08,2018-01-09,2018-01-10,2018-01-11,2018-01-12,2018-01-13",357.0,343.17777944281687,0.875,-0.2916666666666667,False
fold_05,rolling_7d,paired,present_shrunk20_direction_scale_cv,core->near,,,0.75,7,"2018-01-07,2018-01-08,2018-01-09,2018-01-10,2018-01-11,2018-01-12,2018-01-13",339.0,339.68065463387325,0.875,-0.125,True
fold_05,rolling_7d,paired,present_shrunk20_direction_scale_cv,core->near,,,0.8,7,"2018-01-07,2018-01-08,2018-01-09,2018-01-10,2018-01-11,2018-01-12,2018-01-13",345.0,337.553648617615,0.875,-0.125,False
fold_05,rolling_7d,paired,present_shrunk20_direction_scale_cv,core->near,,,0.85,7,"2018-01-07,2018-01-08,2018-01-09,2018-01-10,2018-01-11,2018-01-12,2018-01-13",349.0,336.7967613940422,0.8333333333333334,-0.08333333333333333,False
fold_05,rolling_7d,paired,present_shrunk20_direction_scale_cv,core->near,,,0.9,7,"2018-01-07,2018-01-08,2018-01-09,2018-01-10,2018-01-11,2018-01-12,2018-01-13",349.0,337.4099929631549,0.8333333333333334,-0.08333333333333333,False
fold_05,rolling_7d,paired,present_shrunk20_direction_scale_cv,core->near,,,0.95,7,"2018-01-07,2018-01-08,2018-01-09,2018-01-10,2018-01-11,2018-01-12,2018-01-13",351.0,339.393343324953,0.9166666666666666,0.0,False
fold_05,rolling_7d,paired,present_shrunk20_direction_scale_cv,core->near,,,1.0,7,"2018-01-07,2018-01-08,2018-01-09,2018-01-10,2018-01-11,2018-01-12,2018-01-13",342.0,342.74681247943664,0.9166666666666666,0.0,False
fold_05,rolling_7d,paired,present_shrunk20_direction_scale_cv,core->near,,,1.05,7,"2018-01-07,2018-01-08,2018-01-09,2018-01-10,2018-01-11,2018-01-12,2018-01-13",360.0,347.4704004266056,1.0,0.08333333333333333,False
fold_05,rolling_7d,paired,present_shrunk20_direction_scale_cv,core->outer,,,0.7,7,"2018-01-07,2018-01-08,2018-01-09,2018-01-10,2018-01-11,2018-01-12,2018-01-13",66.0,58.38446612491185,0.3333333333333333,-0.25,False
fold_05,rolling_7d,paired,present_shrunk20_direction_scale_cv,core->outer,,,0.75,7,"2018-01-07,2018-01-08,2018-01-09,2018-01-10,2018-01-11,2018-01-12,2018-01-13",66.0,57.769867759715474,0.3333333333333333,-0.25,False
fold_05,rolling_7d,paired,present_shrunk20_direction_scale_cv,core->outer,,,0.8,7,"2018-01-07,2018-01-08,2018-01-09,2018-01-10,2018-01-11,2018-01-12,2018-01-13",68.0,57.2220423160652,0.3333333333333333,-0.25,False
fold_05,rolling_7d,paired,present_shrunk20_direction_scale_cv,core->outer,,,0.85,7,"2018-01-07,2018-01-08,2018-01-09,2018-01-10,2018-01-11,2018-01-12,2018-01-13",68.0,56.740989793961006,0.3333333333333333,-0.25,False
fold_05,rolling_7d,paired,present_shrunk20_direction_scale_cv,core->outer,,,0.9,7,"2018-01-07,2018-01-08,2018-01-09,2018-01-10,2018-01-11,2018-01-12,2018-01-13",61.0,56.32671019340289,0.3333333333333333,-0.25,False
fold_05,rolling_7d,paired,present_shrunk20_direction_scale_cv,core->outer,,,0.95,7,"2018-01-07,2018-01-08,2018-01-09,2018-01-10,2018-01-11,2018-01-12,2018-01-13",61.0,55.97920351439086,0.3333333333333333,-0.25,True
fold_05,rolling_7d,paired,present_shrunk20_direction_scale_cv,core->outer,,,1.0,7,"2018-01-07,2018-01-08,2018-01-09,2018-01-10,2018-01-11,2018-01-12,2018-01-13",62.0,55.69846975692493,0.3333333333333333,-0.25,False
fold_05,rolling_7d,paired,present_shrunk20_direction_scale_cv,core->outer,,,1.05,7,"2018-01-07,2018-01-08,2018-01-09,2018-01-10,2018-01-11,2018-01-12,2018-01-13",63.0,55.48450892100507,0.375,-0.20833333333333334,False
fold_05,rolling_7d,paired,present_shrunk20_direction_scale_cv,near->core,,,0.7,7,"2018-01-07,2018-01-08,2018-01-09,2018-01-10,2018-01-11,2018-01-12,2018-01-13",370.0,350.1004912793456,0.9583333333333334,-0.2916666666666667,False
fold_05,rolling_7d,paired,present_shrunk20_direction_scale_cv,near->core,,,0.75,7,"2018-01-07,2018-01-08,2018-01-09,2018-01-10,2018-01-11,2018-01-12,2018-01-13",363.0,345.5147687862196,0.9166666666666666,-0.25,False
fold_05,rolling_7d,paired,present_shrunk20_direction_scale_cv,near->core,,,0.8,7,"2018-01-07,2018-01-08,2018-01-09,2018-01-10,2018-01-11,2018-01-12,2018-01-13",368.0,342.24999290087356,0.9583333333333334,-0.20833333333333334,False
fold_05,rolling_7d,paired,present_shrunk20_direction_scale_cv,near->core,,,0.85,7,"2018-01-07,2018-01-08,2018-01-09,2018-01-10,2018-01-11,2018-01-12,2018-01-13",352.0,340.3061636233073,0.9166666666666666,-0.16666666666666666,False
fold_05,rolling_7d,paired,present_shrunk20_direction_scale_cv,near->core,,,0.9,7,"2018-01-07,2018-01-08,2018-01-09,2018-01-10,2018-01-11,2018-01-12,2018-01-13",351.0,339.6832809535211,0.7916666666666666,-0.041666666666666664,False
fold_05,rolling_7d,paired,present_shrunk20_direction_scale_cv,near->core,,,0.95,7,"2018-01-07,2018-01-08,2018-01-09,2018-01-10,2018-01-11,2018-01-12,2018-01-13",346.0,340.3813448915147,0.8333333333333334,0.0,True
fold_05,rolling_7d,paired,present_shrunk20_direction_scale_cv,near->core,,,1.0,7,"2018-01-07,2018-01-08,2018-01-09,2018-01-10,2018-01-11,2018-01-12,2018-01-13",357.0,342.4003554372882,0.9166666666666666,0.08333333333333333,False
fold_05,rolling_7d,paired,present_shrunk20_direction_scale_cv,near->core,,,1.05,7,"2018-01-07,2018-01-08,2018-01-09,2018-01-10,2018-01-11,2018-01-12,2018-01-13",365.0,345.74031259084165,1.0,0.16666666666666666,False
fold_05,rolling_7d,paired,present_shrunk20_direction_scale_cv,near->outer,,,0.7,7,"2018-01-07,2018-01-08,2018-01-09,2018-01-10,2018-01-11,2018-01-12,2018-01-13",130.0,105.12747680388176,0.4166666666666667,-0.25,True
fold_05,rolling_7d,paired,present_shrunk20_direction_scale_cv,near->outer,,,0.75,7,"2018-01-07,2018-01-08,2018-01-09,2018-01-10,2018-01-11,2018-01-12,2018-01-13",135.0,106.11942644992601,0.4583333333333333,-0.20833333333333334,False
fold_05,rolling_7d,paired,present_shrunk20_direction_scale_cv,near->outer,,,0.8,7,"2018-01-07,2018-01-08,2018-01-09,2018-01-10,2018-01-11,2018-01-12,2018-01-13",131.0,107.33766007921537,0.4583333333333333,-0.20833333333333334,False
fold_05,rolling_7d,paired,present_shrunk20_direction_scale_cv,near->outer,,,0.85,7,"2018-01-07,2018-01-08,2018-01-09,2018-01-10,2018-01-11,2018-01-12,2018-01-13",135.0,108.7821776917499,0.5,-0.16666666666666666,False
fold_05,rolling_7d,paired,present_shrunk20_direction_scale_cv,near->outer,,,0.9,7,"2018-01-07,2018-01-08,2018-01-09,2018-01-10,2018-01-11,2018-01-12,2018-01-13",135.0,110.45297928752953,0.5416666666666666,-0.125,False
fold_05,rolling_7d,paired,present_shrunk20_direction_scale_cv,near->outer,,,0.95,7,"2018-01-07,2018-01-08,2018-01-09,2018-01-10,2018-01-11,2018-01-12,2018-01-13",137.0,112.35006486655426,0.5416666666666666,-0.125,False
fold_05,rolling_7d,paired,present_shrunk20_direction_scale_cv,near->outer,,,1.0,7,"2018-01-07,2018-01-08,2018-01-09,2018-01-10,2018-01-11,2018-01-12,2018-01-13",139.0,114.47343442882416,0.5833333333333334,-0.08333333333333333,False
fold_05,rolling_7d,paired,present_shrunk20_direction_scale_cv,near->outer,,,1.05,7,"2018-01-07,2018-01-08,2018-01-09,2018-01-10,2018-01-11,2018-01-12,2018-01-13",143.0,116.82308797433919,0.5833333333333334,-0.08333333333333333,False
fold_05,rolling_7d,paired,present_shrunk20_direction_scale_cv,outer->core,,,0.7,7,"2018-01-07,2018-01-08,2018-01-09,2018-01-10,2018-01-11,2018-01-12,2018-01-13",40.0,36.11000302647176,0.16666666666666666,-0.16666666666666666,False
fold_05,rolling_7d,paired,present_shrunk20_direction_scale_cv,outer->core,,,0.75,7,"2018-01-07,2018-01-08,2018-01-09,2018-01-10,2018-01-11,2018-01-12,2018-01-13",40.0,36.10209974500776,0.16666666666666666,-0.16666666666666666,True
fold_05,rolling_7d,paired,present_shrunk20_direction_scale_cv,outer->core,,,0.8,7,"2018-01-07,2018-01-08,2018-01-09,2018-01-10,2018-01-11,2018-01-12,2018-01-13",41.0,36.13019028290599,0.20833333333333334,-0.125,False
fold_05,rolling_7d,paired,present_shrunk20_direction_scale_cv,outer->core,,,0.85,7,"2018-01-07,2018-01-08,2018-01-09,2018-01-10,2018-01-11,2018-01-12,2018-01-13",44.0,36.194274640166434,0.25,-0.08333333333333333,False
fold_05,rolling_7d,paired,present_shrunk20_direction_scale_cv,outer->core,,,0.9,7,"2018-01-07,2018-01-08,2018-01-09,2018-01-10,2018-01-11,2018-01-12,2018-01-13",46.0,36.294352816789086,0.25,-0.08333333333333333,False
fold_05,rolling_7d,paired,present_shrunk20_direction_scale_cv,outer->core,,,0.95,7,"2018-01-07,2018-01-08,2018-01-09,2018-01-10,2018-01-11,2018-01-12,2018-01-13",45.0,36.43042481277396,0.25,-0.08333333333333333,False
fold_05,rolling_7d,paired,present_shrunk20_direction_scale_cv,outer->core,,,1.0,7,"2018-01-07,2018-01-08,2018-01-09,2018-01-10,2018-01-11,2018-01-12,2018-01-13",45.0,36.60249062812104,0.25,-0.08333333333333333,False
fold_05,rolling_7d,paired,present_shrunk20_direction_scale_cv,outer->core,,,1.05,7,"2018-01-07,2018-01-08,2018-01-09,2018-01-10,2018-01-11,2018-01-12,2018-01-13",46.0,36.81055026283033,0.25,-0.08333333333333333,False
fold_05,rolling_7d,paired,present_shrunk20_direction_scale_cv,outer->near,,,0.7,7,"2018-01-07,2018-01-08,2018-01-09,2018-01-10,2018-01-11,2018-01-12,2018-01-13",111.0,96.5370010477412,0.375,-0.20833333333333334,False
fold_05,rolling_7d,paired,present_shrunk20_direction_scale_cv,outer->near,,,0.75,7,"2018-01-07,2018-01-08,2018-01-09,2018-01-10,2018-01-11,2018-01-12,2018-01-13",120.0,95.65418044538157,0.4583333333333333,-0.125,False
fold_05,rolling_7d,paired,present_shrunk20_direction_scale_cv,outer->near,,,0.8,7,"2018-01-07,2018-01-08,2018-01-09,2018-01-10,2018-01-11,2018-01-12,2018-01-13",117.0,95.0009170860622,0.4583333333333333,-0.041666666666666664,False
fold_05,rolling_7d,paired,present_shrunk20_direction_scale_cv,outer->near,,,0.85,7,"2018-01-07,2018-01-08,2018-01-09,2018-01-10,2018-01-11,2018-01-12,2018-01-13",119.0,94.57721096978304,0.4583333333333333,-0.041666666666666664,False
fold_05,rolling_7d,paired,present_shrunk20_direction_scale_cv,outer->near,,,0.9,7,"2018-01-07,2018-01-08,2018-01-09,2018-01-10,2018-01-11,2018-01-12,2018-01-13",120.0,94.38306209654411,0.4583333333333333,-0.041666666666666664,False
fold_05,rolling_7d,paired,present_shrunk20_direction_scale_cv,outer->near,,,0.95,7,"2018-01-07,2018-01-08,2018-01-09,2018-01-10,2018-01-11,2018-01-12,2018-01-13",118.0,94.41847046634541,0.4166666666666667,0.0,False
fold_05,rolling_7d,paired,present_shrunk20_direction_scale_cv,outer->near,,,1.0,7,"2018-01-07,2018-01-08,2018-01-09,2018-01-10,2018-01-11,2018-01-12,2018-01-13",110.0,94.68343607918695,0.4166666666666667,0.0,True
fold_05,rolling_7d,paired,present_shrunk20_direction_scale_cv,outer->near,,,1.05,7,"2018-01-07,2018-01-08,2018-01-09,2018-01-10,2018-01-11,2018-01-12,2018-01-13",117.0,95.1779589350687,0.4583333333333333,0.041666666666666664,False
fold_06,rolling_7d,independent,pair_hour_hier_tau_cv,all,0.0,,,8,"2018-01-07,2018-01-08,2018-01-09,2018-01-10,2018-01-11,2018-01-12,2018-01-13,2018-01-14",1282.0,1161.4989175475998,0.5920138888888888,-0.048611111111111105,False
fold_06,rolling_7d,independent,pair_hour_hier_tau_cv,all,5.0,,,8,"2018-01-07,2018-01-08,2018-01-09,2018-01-10,2018-01-11,2018-01-12,2018-01-13,2018-01-14",1170.0,1063.918102297875,0.5694444444444444,-0.06597222222222221,False
fold_06,rolling_7d,independent,pair_hour_hier_tau_cv,all,10.0,,,8,"2018-01-07,2018-01-08,2018-01-09,2018-01-10,2018-01-11,2018-01-12,2018-01-13,2018-01-14",1164.0,1047.3792933542527,0.5746527777777778,-0.08333333333333333,False
fold_06,rolling_7d,independent,pair_hour_hier_tau_cv,all,20.0,,,8,"2018-01-07,2018-01-08,2018-01-09,2018-01-10,2018-01-11,2018-01-12,2018-01-13,2018-01-14",1152.0,1047.5333675761442,0.560763888888889,-0.12152777777777776,False
fold_06,rolling_7d,independent,pair_hour_hier_tau_cv,all,50.0,,,8,"2018-01-07,2018-01-08,2018-01-09,2018-01-10,2018-01-11,2018-01-12,2018-01-13,2018-01-14",1145.0,1062.7066783524429,0.5477430555555556,-0.1831597222222222,True
fold_06,rolling_7d,independent,pair_hour_hier_tau_cv,all,100.0,,,8,"2018-01-07,2018-01-08,2018-01-09,2018-01-10,2018-01-11,2018-01-12,2018-01-13,2018-01-14",1159.0,1074.3537964992322,0.5407986111111112,-0.2092013888888889,False
fold_06,rolling_7d,paired,pair_hour_hier_tau_cv,all,0.0,,,8,"2018-01-07,2018-01-08,2018-01-09,2018-01-10,2018-01-11,2018-01-12,2018-01-13,2018-01-14",1302.0,1161.4989175475998,0.6145833333333334,0.006944444444444444,False
fold_06,rolling_7d,paired,pair_hour_hier_tau_cv,all,5.0,,,8,"2018-01-07,2018-01-08,2018-01-09,2018-01-10,2018-01-11,2018-01-12,2018-01-13,2018-01-14",1173.0,1063.918102297875,0.5963541666666667,0.006076388888888888,False
fold_06,rolling_7d,paired,pair_hour_hier_tau_cv,all,10.0,,,8,"2018-01-07,2018-01-08,2018-01-09,2018-01-10,2018-01-11,2018-01-12,2018-01-13,2018-01-14",1150.0,1047.3792933542527,0.5989583333333334,0.012152777777777776,True
fold_06,rolling_7d,paired,pair_hour_hier_tau_cv,all,20.0,,,8,"2018-01-07,2018-01-08,2018-01-09,2018-01-10,2018-01-11,2018-01-12,2018-01-13,2018-01-14",1166.0,1047.5333675761442,0.6041666666666667,-0.005208333333333332,False
fold_06,rolling_7d,paired,pair_hour_hier_tau_cv,all,50.0,,,8,"2018-01-07,2018-01-08,2018-01-09,2018-01-10,2018-01-11,2018-01-12,2018-01-13,2018-01-14",1209.0,1062.7066783524429,0.6432291666666666,0.01996527777777778,False
fold_06,rolling_7d,paired,pair_hour_hier_tau_cv,all,100.0,,,8,"2018-01-07,2018-01-08,2018-01-09,2018-01-10,2018-01-11,2018-01-12,2018-01-13,2018-01-14",1208.0,1074.3537964992322,0.6458333333333333,0.008680555555555556,False
fold_06,rolling_7d,independent,pair_hour_hier_tau_scale_cv,all,0.0,,0.7,8,"2018-01-07,2018-01-08,2018-01-09,2018-01-10,2018-01-11,2018-01-12,2018-01-13,2018-01-14",1239.0,1120.0238192486738,0.5338541666666666,-0.24565972222222224,False
fold_06,rolling_7d,independent,pair_hour_hier_tau_scale_cv,all,0.0,,0.75,8,"2018-01-07,2018-01-08,2018-01-09,2018-01-10,2018-01-11,2018-01-12,2018-01-13,2018-01-14",1251.0,1116.7979175940513,0.5477430555555555,-0.21440972222222224,False
fold_06,rolling_7d,independent,pair_hour_hier_tau_scale_cv,all,0.0,,0.8,8,"2018-01-07,2018-01-08,2018-01-09,2018-01-10,2018-01-11,2018-01-12,2018-01-13,2018-01-14",1237.0,1117.62738315454,0.5546875,-0.17968749999999997,False
fold_06,rolling_7d,independent,pair_hour_hier_tau_scale_cv,all,0.0,,0.85,8,"2018-01-07,2018-01-08,2018-01-09,2018-01-10,2018-01-11,2018-01-12,2018-01-13,2018-01-14",1243.0,1122.5122159301388,0.5668402777777779,-0.13454861111111108,False
fold_06,rolling_7d,independent,pair_hour_hier_tau_scale_cv,all,0.0,,0.9,8,"2018-01-07,2018-01-08,2018-01-09,2018-01-10,2018-01-11,2018-01-12,2018-01-13,2018-01-14",1239.0,1131.4524159208486,0.5668402777777778,-0.09461805555555555,False
fold_06,rolling_7d,independent,pair_hour_hier_tau_scale_cv,all,0.0,,0.95,8,"2018-01-07,2018-01-08,2018-01-09,2018-01-10,2018-01-11,2018-01-12,2018-01-13,2018-01-14",1270.0,1144.447983126669,0.5868055555555556,-0.0625,False
fold_06,rolling_7d,independent,pair_hour_hier_tau_scale_cv,all,0.0,,1.0,8,"2018-01-07,2018-01-08,2018-01-09,2018-01-10,2018-01-11,2018-01-12,2018-01-13,2018-01-14",1282.0,1161.4989175475998,0.5920138888888888,-0.048611111111111105,False
fold_06,rolling_7d,independent,pair_hour_hier_tau_scale_cv,all,0.0,,1.05,8,"2018-01-07,2018-01-08,2018-01-09,2018-01-10,2018-01-11,2018-01-12,2018-01-13,2018-01-14",1252.0,1182.6052191836416,0.59375,-0.0034722222222222203,False
fold_06,rolling_7d,independent,pair_hour_hier_tau_scale_cv,all,5.0,,0.7,8,"2018-01-07,2018-01-08,2018-01-09,2018-01-10,2018-01-11,2018-01-12,2018-01-13,2018-01-14",1169.0,1088.1791256171834,0.525173611111111,-0.22829861111111113,False
fold_06,rolling_7d,independent,pair_hour_hier_tau_scale_cv,all,5.0,,0.75,8,"2018-01-07,2018-01-08,2018-01-09,2018-01-10,2018-01-11,2018-01-12,2018-01-13,2018-01-14",1141.0,1076.1675535168624,0.5251736111111112,-0.19878472222222224,False
fold_06,rolling_7d,independent,pair_hour_hier_tau_scale_cv,all,5.0,,0.8,8,"2018-01-07,2018-01-08,2018-01-09,2018-01-10,2018-01-11,2018-01-12,2018-01-13,2018-01-14",1151.0,1067.3432087020494,0.5355902777777777,-0.17621527777777776,False
fold_06,rolling_7d,independent,pair_hour_hier_tau_scale_cv,all,5.0,,0.85,8,"2018-01-07,2018-01-08,2018-01-09,2018-01-10,2018-01-11,2018-01-12,2018-01-13,2018-01-14",1166.0,1061.706091172744,0.546875,-0.15625,False
fold_06,rolling_7d,independent,pair_hour_hier_tau_scale_cv,all,5.0,,0.9,8,"2018-01-07,2018-01-08,2018-01-09,2018-01-10,2018-01-11,2018-01-12,2018-01-13,2018-01-14",1162.0,1059.2562009289466,0.5538194444444444,-0.13020833333333334,False
fold_06,rolling_7d,independent,pair_hour_hier_tau_scale_cv,all,5.0,,0.95,8,"2018-01-07,2018-01-08,2018-01-09,2018-01-10,2018-01-11,2018-01-12,2018-01-13,2018-01-14",1168.0,1059.993537970657,0.5607638888888888,-0.10069444444444445,False
fold_06,rolling_7d,independent,pair_hour_hier_tau_scale_cv,all,5.0,,1.0,8,"2018-01-07,2018-01-08,2018-01-09,2018-01-10,2018-01-11,2018-01-12,2018-01-13,2018-01-14",1170.0,1063.918102297875,0.5694444444444444,-0.06597222222222221,False
fold_06,rolling_7d,independent,pair_hour_hier_tau_scale_cv,all,5.0,,1.05,8,"2018-01-07,2018-01-08,2018-01-09,2018-01-10,2018-01-11,2018-01-12,2018-01-13,2018-01-14",1181.0,1071.029893910601,0.5824652777777778,-0.035590277777777776,False
fold_06,rolling_7d,independent,pair_hour_hier_tau_scale_cv,all,10.0,,0.7,8,"2018-01-07,2018-01-08,2018-01-09,2018-01-10,2018-01-11,2018-01-12,2018-01-13,2018-01-14",1157.0,1087.8220277330151,0.5269097222222222,-0.23350694444444442,False
fold_06,rolling_7d,independent,pair_hour_hier_tau_scale_cv,all,10.0,,0.75,8,"2018-01-07,2018-01-08,2018-01-09,2018-01-10,2018-01-11,2018-01-12,2018-01-13,2018-01-14",1148.0,1073.7813650023306,0.5364583333333334,-0.2048611111111111,False
fold_06,rolling_7d,independent,pair_hour_hier_tau_scale_cv,all,10.0,,0.8,8,"2018-01-07,2018-01-08,2018-01-09,2018-01-10,2018-01-11,2018-01-12,2018-01-13,2018-01-14",1145.0,1062.6607850720025,0.5425347222222222,-0.17274305555555555,False
fold_06,rolling_7d,independent,pair_hour_hier_tau_scale_cv,all,10.0,,0.85,8,"2018-01-07,2018-01-08,2018-01-09,2018-01-10,2018-01-11,2018-01-12,2018-01-13,2018-01-14",1144.0,1054.4602879420308,0.546875,-0.15104166666666669,False
fold_06,rolling_7d,independent,pair_hour_hier_tau_scale_cv,all,10.0,,0.9,8,"2018-01-07,2018-01-08,2018-01-09,2018-01-10,2018-01-11,2018-01-12,2018-01-13,2018-01-14",1141.0,1049.1798736124151,0.5512152777777777,-0.1345486111111111,True
fold_06,rolling_7d,independent,pair_hour_hier_tau_scale_cv,all,10.0,,0.95,8,"2018-01-07,2018-01-08,2018-01-09,2018-01-10,2018-01-11,2018-01-12,2018-01-13,2018-01-14",1153.0,1046.819542083156,0.5598958333333333,-0.11197916666666666,False
fold_06,rolling_7d,independent,pair_hour_hier_tau_scale_cv,all,10.0,,1.0,8,"2018-01-07,2018-01-08,2018-01-09,2018-01-10,2018-01-11,2018-01-12,2018-01-13,2018-01-14",1164.0,1047.3792933542527,0.5746527777777778,-0.08333333333333333,False
fold_06,rolling_7d,independent,pair_hour_hier_tau_scale_cv,all,10.0,,1.05,8,"2018-01-07,2018-01-08,2018-01-09,2018-01-10,2018-01-11,2018-01-12,2018-01-13,2018-01-14",1167.0,1050.8591274257058,0.5807291666666667,-0.04947916666666667,False
fold_06,rolling_7d,independent,pair_hour_hier_tau_scale_cv,all,20.0,,0.7,8,"2018-01-07,2018-01-08,2018-01-09,2018-01-10,2018-01-11,2018-01-12,2018-01-13,2018-01-14",1152.0,1095.568375013321,0.5347222222222222,-0.21875000000000003,False
fold_06,rolling_7d,independent,pair_hour_hier_tau_scale_cv,all,20.0,,0.75,8,"2018-01-07,2018-01-08,2018-01-09,2018-01-10,2018-01-11,2018-01-12,2018-01-13,2018-01-14",1152.0,1080.7170057803403,0.5399305555555556,-0.2048611111111111,False
fold_06,rolling_7d,independent,pair_hour_hier_tau_scale_cv,all,20.0,,0.8,8,"2018-01-07,2018-01-08,2018-01-09,2018-01-10,2018-01-11,2018-01-12,2018-01-13,2018-01-14",1162.0,1068.603850411407,0.548611111111111,-0.19444444444444442,False
fold_06,rolling_7d,independent,pair_hour_hier_tau_scale_cv,all,20.0,,0.85,8,"2018-01-07,2018-01-08,2018-01-09,2018-01-10,2018-01-11,2018-01-12,2018-01-13,2018-01-14",1146.0,1059.2289089065205,0.5486111111111112,-0.17881944444444445,False
fold_06,rolling_7d,independent,pair_hour_hier_tau_scale_cv,all,20.0,,0.9,8,"2018-01-07,2018-01-08,2018-01-09,2018-01-10,2018-01-11,2018-01-12,2018-01-13,2018-01-14",1146.0,1052.5921812656811,0.5520833333333334,-0.15798611111111113,False
fold_06,rolling_7d,independent,pair_hour_hier_tau_scale_cv,all,20.0,,0.95,8,"2018-01-07,2018-01-08,2018-01-09,2018-01-10,2018-01-11,2018-01-12,2018-01-13,2018-01-14",1149.0,1048.693667488889,0.5564236111111112,-0.14496527777777776,False
fold_06,rolling_7d,independent,pair_hour_hier_tau_scale_cv,all,20.0,,1.0,8,"2018-01-07,2018-01-08,2018-01-09,2018-01-10,2018-01-11,2018-01-12,2018-01-13,2018-01-14",1152.0,1047.5333675761442,0.560763888888889,-0.12152777777777776,False
fold_06,rolling_7d,independent,pair_hour_hier_tau_scale_cv,all,20.0,,1.05,8,"2018-01-07,2018-01-08,2018-01-09,2018-01-10,2018-01-11,2018-01-12,2018-01-13,2018-01-14",1152.0,1049.1112815274464,0.5625,-0.10590277777777776,False
fold_06,rolling_7d,independent,pair_hour_hier_tau_scale_cv,all,50.0,,0.7,8,"2018-01-07,2018-01-08,2018-01-09,2018-01-10,2018-01-11,2018-01-12,2018-01-13,2018-01-14",1159.0,1110.650155882192,0.5407986111111112,-0.21440972222222224,False
fold_06,rolling_7d,independent,pair_hour_hier_tau_scale_cv,all,50.0,,0.75,8,"2018-01-07,2018-01-08,2018-01-09,2018-01-10,2018-01-11,2018-01-12,2018-01-13,2018-01-14",1159.0,1096.0795454031556,0.5407986111111112,-0.21440972222222224,False
fold_06,rolling_7d,independent,pair_hour_hier_tau_scale_cv,all,50.0,,0.8,8,"2018-01-07,2018-01-08,2018-01-09,2018-01-10,2018-01-11,2018-01-12,2018-01-13,2018-01-14",1159.0,1084.1409472804169,0.5407986111111112,-0.21440972222222224,False
fold_06,rolling_7d,independent,pair_hour_hier_tau_scale_cv,all,50.0,,0.85,8,"2018-01-07,2018-01-08,2018-01-09,2018-01-10,2018-01-11,2018-01-12,2018-01-13,2018-01-14",1160.0,1074.8343615139763,0.5416666666666667,-0.21180555555555558,False
fold_06,rolling_7d,independent,pair_hour_hier_tau_scale_cv,all,50.0,,0.9,8,"2018-01-07,2018-01-08,2018-01-09,2018-01-10,2018-01-11,2018-01-12,2018-01-13,2018-01-14",1152.0,1068.1597881038338,0.5381944444444444,-0.20833333333333331,False
fold_06,rolling_7d,independent,pair_hour_hier_tau_scale_cv,all,50.0,,0.95,8,"2018-01-07,2018-01-08,2018-01-09,2018-01-10,2018-01-11,2018-01-12,2018-01-13,2018-01-14",1156.0,1064.1172270499894,0.5434027777777778,-0.19791666666666666,False
fold_06,rolling_7d,independent,pair_hour_hier_tau_scale_cv,all,50.0,,1.0,8,"2018-01-07,2018-01-08,2018-01-09,2018-01-10,2018-01-11,2018-01-12,2018-01-13,2018-01-14",1145.0,1062.7066783524429,0.5477430555555556,-0.1831597222222222,False
fold_06,rolling_7d,independent,pair_hour_hier_tau_scale_cv,all,50.0,,1.05,8,"2018-01-07,2018-01-08,2018-01-09,2018-01-10,2018-01-11,2018-01-12,2018-01-13,2018-01-14",1144.0,1063.9281420111947,0.5538194444444444,-0.15972222222222224,False
fold_06,rolling_7d,independent,pair_hour_hier_tau_scale_cv,all,100.0,,0.7,8,"2018-01-07,2018-01-08,2018-01-09,2018-01-10,2018-01-11,2018-01-12,2018-01-13,2018-01-14",1159.0,1119.8382009654035,0.5407986111111112,-0.21440972222222224,False
fold_06,rolling_7d,independent,pair_hour_hier_tau_scale_cv,all,100.0,,0.75,8,"2018-01-07,2018-01-08,2018-01-09,2018-01-10,2018-01-11,2018-01-12,2018-01-13,2018-01-14",1159.0,1105.739046852943,0.5407986111111112,-0.21440972222222224,False
fold_06,rolling_7d,independent,pair_hour_hier_tau_scale_cv,all,100.0,,0.8,8,"2018-01-07,2018-01-08,2018-01-09,2018-01-10,2018-01-11,2018-01-12,2018-01-13,2018-01-14",1159.0,1094.2472607543884,0.5407986111111112,-0.21440972222222224,False
fold_06,rolling_7d,independent,pair_hour_hier_tau_scale_cv,all,100.0,,0.85,8,"2018-01-07,2018-01-08,2018-01-09,2018-01-10,2018-01-11,2018-01-12,2018-01-13,2018-01-14",1159.0,1085.36284266974,0.5407986111111112,-0.21440972222222224,False
fold_06,rolling_7d,independent,pair_hour_hier_tau_scale_cv,all,100.0,,0.9,8,"2018-01-07,2018-01-08,2018-01-09,2018-01-10,2018-01-11,2018-01-12,2018-01-13,2018-01-14",1159.0,1079.085792598998,0.5407986111111112,-0.21440972222222224,False
fold_06,rolling_7d,independent,pair_hour_hier_tau_scale_cv,all,100.0,,0.95,8,"2018-01-07,2018-01-08,2018-01-09,2018-01-10,2018-01-11,2018-01-12,2018-01-13,2018-01-14",1160.0,1075.416110542162,0.5416666666666667,-0.21354166666666669,False
fold_06,rolling_7d,independent,pair_hour_hier_tau_scale_cv,all,100.0,,1.0,8,"2018-01-07,2018-01-08,2018-01-09,2018-01-10,2018-01-11,2018-01-12,2018-01-13,2018-01-14",1159.0,1074.3537964992322,0.5407986111111112,-0.2092013888888889,False
fold_06,rolling_7d,independent,pair_hour_hier_tau_scale_cv,all,100.0,,1.05,8,"2018-01-07,2018-01-08,2018-01-09,2018-01-10,2018-01-11,2018-01-12,2018-01-13,2018-01-14",1153.0,1075.8988504702088,0.5460069444444444,-0.19184027777777776,False
fold_06,rolling_7d,paired,pair_hour_hier_tau_scale_cv,all,0.0,,0.7,8,"2018-01-07,2018-01-08,2018-01-09,2018-01-10,2018-01-11,2018-01-12,2018-01-13,2018-01-14",1176.0,1120.0238192486738,0.5277777777777777,-0.18229166666666666,False
fold_06,rolling_7d,paired,pair_hour_hier_tau_scale_cv,all,0.0,,0.75,8,"2018-01-07,2018-01-08,2018-01-09,2018-01-10,2018-01-11,2018-01-12,2018-01-13,2018-01-14",1186.0,1116.7979175940513,0.5434027777777778,-0.14756944444444445,False
fold_06,rolling_7d,paired,pair_hour_hier_tau_scale_cv,all,0.0,,0.8,8,"2018-01-07,2018-01-08,2018-01-09,2018-01-10,2018-01-11,2018-01-12,2018-01-13,2018-01-14",1210.0,1117.62738315454,0.5520833333333334,-0.11805555555555557,False
fold_06,rolling_7d,paired,pair_hour_hier_tau_scale_cv,all,0.0,,0.85,8,"2018-01-07,2018-01-08,2018-01-09,2018-01-10,2018-01-11,2018-01-12,2018-01-13,2018-01-14",1208.0,1122.5122159301388,0.5607638888888888,-0.08333333333333334,False
fold_06,rolling_7d,paired,pair_hour_hier_tau_scale_cv,all,0.0,,0.9,8,"2018-01-07,2018-01-08,2018-01-09,2018-01-10,2018-01-11,2018-01-12,2018-01-13,2018-01-14",1222.0,1131.4524159208486,0.5729166666666666,-0.05208333333333333,False
fold_06,rolling_7d,paired,pair_hour_hier_tau_scale_cv,all,0.0,,0.95,8,"2018-01-07,2018-01-08,2018-01-09,2018-01-10,2018-01-11,2018-01-12,2018-01-13,2018-01-14",1256.0,1144.447983126669,0.5937500000000001,-0.02256944444444444,False
fold_06,rolling_7d,paired,pair_hour_hier_tau_scale_cv,all,0.0,,1.0,8,"2018-01-07,2018-01-08,2018-01-09,2018-01-10,2018-01-11,2018-01-12,2018-01-13,2018-01-14",1302.0,1161.4989175475998,0.6145833333333334,0.006944444444444444,False
fold_06,rolling_7d,paired,pair_hour_hier_tau_scale_cv,all,0.0,,1.05,8,"2018-01-07,2018-01-08,2018-01-09,2018-01-10,2018-01-11,2018-01-12,2018-01-13,2018-01-14",1310.0,1182.6052191836416,0.6180555555555556,0.03645833333333333,False
fold_06,rolling_7d,paired,pair_hour_hier_tau_scale_cv,all,5.0,,0.7,8,"2018-01-07,2018-01-08,2018-01-09,2018-01-10,2018-01-11,2018-01-12,2018-01-13,2018-01-14",1135.0,1088.1791256171834,0.5303819444444445,-0.17100694444444445,False
fold_06,rolling_7d,paired,pair_hour_hier_tau_scale_cv,all,5.0,,0.75,8,"2018-01-07,2018-01-08,2018-01-09,2018-01-10,2018-01-11,2018-01-12,2018-01-13,2018-01-14",1140.0,1076.1675535168624,0.5416666666666666,-0.1545138888888889,False
fold_06,rolling_7d,paired,pair_hour_hier_tau_scale_cv,all,5.0,,0.8,8,"2018-01-07,2018-01-08,2018-01-09,2018-01-10,2018-01-11,2018-01-12,2018-01-13,2018-01-14",1148.0,1067.3432087020494,0.5503472222222222,-0.12152777777777778,False
fold_06,rolling_7d,paired,pair_hour_hier_tau_scale_cv,all,5.0,,0.85,8,"2018-01-07,2018-01-08,2018-01-09,2018-01-10,2018-01-11,2018-01-12,2018-01-13,2018-01-14",1129.0,1061.706091172744,0.556423611111111,-0.07899305555555555,False
fold_06,rolling_7d,paired,pair_hour_hier_tau_scale_cv,all,5.0,,0.9,8,"2018-01-07,2018-01-08,2018-01-09,2018-01-10,2018-01-11,2018-01-12,2018-01-13,2018-01-14",1138.0,1059.2562009289466,0.5677083333333334,-0.041666666666666664,False
fold_06,rolling_7d,paired,pair_hour_hier_tau_scale_cv,all,5.0,,0.95,8,"2018-01-07,2018-01-08,2018-01-09,2018-01-10,2018-01-11,2018-01-12,2018-01-13,2018-01-14",1138.0,1059.993537970657,0.5763888888888888,-0.015625,False
fold_06,rolling_7d,paired,pair_hour_hier_tau_scale_cv,all,5.0,,1.0,8,"2018-01-07,2018-01-08,2018-01-09,2018-01-10,2018-01-11,2018-01-12,2018-01-13,2018-01-14",1173.0,1063.918102297875,0.5963541666666667,0.006076388888888888,False
fold_06,rolling_7d,paired,pair_hour_hier_tau_scale_cv,all,5.0,,1.05,8,"2018-01-07,2018-01-08,2018-01-09,2018-01-10,2018-01-11,2018-01-12,2018-01-13,2018-01-14",1200.0,1071.029893910601,0.6128472222222223,0.03125,False
fold_06,rolling_7d,paired,pair_hour_hier_tau_scale_cv,all,10.0,,0.7,8,"2018-01-07,2018-01-08,2018-01-09,2018-01-10,2018-01-11,2018-01-12,2018-01-13,2018-01-14",1141.0,1087.8220277330151,0.5442708333333333,-0.16059027777777776,False
fold_06,rolling_7d,paired,pair_hour_hier_tau_scale_cv,all,10.0,,0.75,8,"2018-01-07,2018-01-08,2018-01-09,2018-01-10,2018-01-11,2018-01-12,2018-01-13,2018-01-14",1140.0,1073.7813650023306,0.548611111111111,-0.1371527777777778,False
fold_06,rolling_7d,paired,pair_hour_hier_tau_scale_cv,all,10.0,,0.8,8,"2018-01-07,2018-01-08,2018-01-09,2018-01-10,2018-01-11,2018-01-12,2018-01-13,2018-01-14",1133.0,1062.6607850720025,0.5581597222222222,-0.11024305555555555,False
fold_06,rolling_7d,paired,pair_hour_hier_tau_scale_cv,all,10.0,,0.85,8,"2018-01-07,2018-01-08,2018-01-09,2018-01-10,2018-01-11,2018-01-12,2018-01-13,2018-01-14",1150.0,1054.4602879420308,0.5694444444444444,-0.08506944444444445,False
fold_06,rolling_7d,paired,pair_hour_hier_tau_scale_cv,all,10.0,,0.9,8,"2018-01-07,2018-01-08,2018-01-09,2018-01-10,2018-01-11,2018-01-12,2018-01-13,2018-01-14",1159.0,1049.1798736124151,0.584201388888889,-0.0546875,False
fold_06,rolling_7d,paired,pair_hour_hier_tau_scale_cv,all,10.0,,0.95,8,"2018-01-07,2018-01-08,2018-01-09,2018-01-10,2018-01-11,2018-01-12,2018-01-13,2018-01-14",1157.0,1046.819542083156,0.5894097222222222,-0.02170138888888888,False
fold_06,rolling_7d,paired,pair_hour_hier_tau_scale_cv,all,10.0,,1.0,8,"2018-01-07,2018-01-08,2018-01-09,2018-01-10,2018-01-11,2018-01-12,2018-01-13,2018-01-14",1150.0,1047.3792933542527,0.5989583333333334,0.012152777777777776,False
fold_06,rolling_7d,paired,pair_hour_hier_tau_scale_cv,all,10.0,,1.05,8,"2018-01-07,2018-01-08,2018-01-09,2018-01-10,2018-01-11,2018-01-12,2018-01-13,2018-01-14",1170.0,1050.8591274257058,0.611111111111111,0.034722222222222224,False
fold_06,rolling_7d,paired,pair_hour_hier_tau_scale_cv,all,20.0,,0.7,8,"2018-01-07,2018-01-08,2018-01-09,2018-01-10,2018-01-11,2018-01-12,2018-01-13,2018-01-14",1136.0,1095.568375013321,0.546875,-0.16666666666666669,False
fold_06,rolling_7d,paired,pair_hour_hier_tau_scale_cv,all,20.0,,0.75,8,"2018-01-07,2018-01-08,2018-01-09,2018-01-10,2018-01-11,2018-01-12,2018-01-13,2018-01-14",1124.0,1080.7170057803403,0.5434027777777778,-0.15104166666666669,True
fold_06,rolling_7d,paired,pair_hour_hier_tau_scale_cv,all,20.0,,0.8,8,"2018-01-07,2018-01-08,2018-01-09,2018-01-10,2018-01-11,2018-01-12,2018-01-13,2018-01-14",1144.0,1068.603850411407,0.5590277777777778,-0.1284722222222222,False
fold_06,rolling_7d,paired,pair_hour_hier_tau_scale_cv,all,20.0,,0.85,8,"2018-01-07,2018-01-08,2018-01-09,2018-01-10,2018-01-11,2018-01-12,2018-01-13,2018-01-14",1141.0,1059.2289089065205,0.5668402777777778,-0.1015625,False
fold_06,rolling_7d,paired,pair_hour_hier_tau_scale_cv,all,20.0,,0.9,8,"2018-01-07,2018-01-08,2018-01-09,2018-01-10,2018-01-11,2018-01-12,2018-01-13,2018-01-14",1148.0,1052.5921812656811,0.5815972222222222,-0.07118055555555557,False
fold_06,rolling_7d,paired,pair_hour_hier_tau_scale_cv,all,20.0,,0.95,8,"2018-01-07,2018-01-08,2018-01-09,2018-01-10,2018-01-11,2018-01-12,2018-01-13,2018-01-14",1158.0,1048.693667488889,0.59375,-0.03819444444444445,False
fold_06,rolling_7d,paired,pair_hour_hier_tau_scale_cv,all,20.0,,1.0,8,"2018-01-07,2018-01-08,2018-01-09,2018-01-10,2018-01-11,2018-01-12,2018-01-13,2018-01-14",1166.0,1047.5333675761442,0.6041666666666667,-0.005208333333333332,False
fold_06,rolling_7d,paired,pair_hour_hier_tau_scale_cv,all,20.0,,1.05,8,"2018-01-07,2018-01-08,2018-01-09,2018-01-10,2018-01-11,2018-01-12,2018-01-13,2018-01-14",1187.0,1049.1112815274464,0.6293402777777778,0.042534722222222224,False
fold_06,rolling_7d,paired,pair_hour_hier_tau_scale_cv,all,50.0,,0.7,8,"2018-01-07,2018-01-08,2018-01-09,2018-01-10,2018-01-11,2018-01-12,2018-01-13,2018-01-14",1153.0,1110.650155882192,0.5425347222222222,-0.19878472222222224,False
fold_06,rolling_7d,paired,pair_hour_hier_tau_scale_cv,all,50.0,,0.75,8,"2018-01-07,2018-01-08,2018-01-09,2018-01-10,2018-01-11,2018-01-12,2018-01-13,2018-01-14",1138.0,1096.0795454031556,0.5434027777777778,-0.17881944444444442,False
fold_06,rolling_7d,paired,pair_hour_hier_tau_scale_cv,all,50.0,,0.8,8,"2018-01-07,2018-01-08,2018-01-09,2018-01-10,2018-01-11,2018-01-12,2018-01-13,2018-01-14",1133.0,1084.1409472804169,0.5442708333333333,-0.1623263888888889,False
fold_06,rolling_7d,paired,pair_hour_hier_tau_scale_cv,all,50.0,,0.85,8,"2018-01-07,2018-01-08,2018-01-09,2018-01-10,2018-01-11,2018-01-12,2018-01-13,2018-01-14",1157.0,1074.8343615139763,0.5668402777777778,-0.12413194444444443,False
fold_06,rolling_7d,paired,pair_hour_hier_tau_scale_cv,all,50.0,,0.9,8,"2018-01-07,2018-01-08,2018-01-09,2018-01-10,2018-01-11,2018-01-12,2018-01-13,2018-01-14",1152.0,1068.1597881038338,0.579861111111111,-0.08333333333333333,False
fold_06,rolling_7d,paired,pair_hour_hier_tau_scale_cv,all,50.0,,0.95,8,"2018-01-07,2018-01-08,2018-01-09,2018-01-10,2018-01-11,2018-01-12,2018-01-13,2018-01-14",1176.0,1064.1172270499894,0.609375,-0.03645833333333333,False
fold_06,rolling_7d,paired,pair_hour_hier_tau_scale_cv,all,50.0,,1.0,8,"2018-01-07,2018-01-08,2018-01-09,2018-01-10,2018-01-11,2018-01-12,2018-01-13,2018-01-14",1209.0,1062.7066783524429,0.6432291666666666,0.01996527777777778,False
fold_06,rolling_7d,paired,pair_hour_hier_tau_scale_cv,all,50.0,,1.05,8,"2018-01-07,2018-01-08,2018-01-09,2018-01-10,2018-01-11,2018-01-12,2018-01-13,2018-01-14",1201.0,1063.9281420111947,0.6571180555555556,0.06510416666666667,False
fold_06,rolling_7d,paired,pair_hour_hier_tau_scale_cv,all,100.0,,0.7,8,"2018-01-07,2018-01-08,2018-01-09,2018-01-10,2018-01-11,2018-01-12,2018-01-13,2018-01-14",1160.0,1119.8382009654035,0.5416666666666667,-0.21180555555555558,False
fold_06,rolling_7d,paired,pair_hour_hier_tau_scale_cv,all,100.0,,0.75,8,"2018-01-07,2018-01-08,2018-01-09,2018-01-10,2018-01-11,2018-01-12,2018-01-13,2018-01-14",1161.0,1105.739046852943,0.5425347222222222,-0.20225694444444445,False
fold_06,rolling_7d,paired,pair_hour_hier_tau_scale_cv,all,100.0,,0.8,8,"2018-01-07,2018-01-08,2018-01-09,2018-01-10,2018-01-11,2018-01-12,2018-01-13,2018-01-14",1141.0,1094.2472607543884,0.5460069444444444,-0.17274305555555558,False
fold_06,rolling_7d,paired,pair_hour_hier_tau_scale_cv,all,100.0,,0.85,8,"2018-01-07,2018-01-08,2018-01-09,2018-01-10,2018-01-11,2018-01-12,2018-01-13,2018-01-14",1161.0,1085.36284266974,0.5703125,-0.12413194444444443,False
fold_06,rolling_7d,paired,pair_hour_hier_tau_scale_cv,all,100.0,,0.9,8,"2018-01-07,2018-01-08,2018-01-09,2018-01-10,2018-01-11,2018-01-12,2018-01-13,2018-01-14",1181.0,1079.085792598998,0.5998263888888888,-0.06510416666666667,False
fold_06,rolling_7d,paired,pair_hour_hier_tau_scale_cv,all,100.0,,0.95,8,"2018-01-07,2018-01-08,2018-01-09,2018-01-10,2018-01-11,2018-01-12,2018-01-13,2018-01-14",1199.0,1075.416110542162,0.6223958333333333,-0.028645833333333336,False
fold_06,rolling_7d,paired,pair_hour_hier_tau_scale_cv,all,100.0,,1.0,8,"2018-01-07,2018-01-08,2018-01-09,2018-01-10,2018-01-11,2018-01-12,2018-01-13,2018-01-14",1208.0,1074.3537964992322,0.6458333333333333,0.008680555555555556,False
fold_06,rolling_7d,paired,pair_hour_hier_tau_scale_cv,all,100.0,,1.05,8,"2018-01-07,2018-01-08,2018-01-09,2018-01-10,2018-01-11,2018-01-12,2018-01-13,2018-01-14",1225.0,1075.8988504702088,0.6710069444444445,0.06684027777777778,False
fold_06,rolling_7d,independent,pair_hour_circular_cv,all,,raw,,8,"2018-01-07,2018-01-08,2018-01-09,2018-01-10,2018-01-11,2018-01-12,2018-01-13,2018-01-14",1282.0,1161.4989175475998,0.5920138888888888,-0.048611111111111105,False
fold_06,rolling_7d,independent,pair_hour_circular_cv,all,,triangular3,,8,"2018-01-07,2018-01-08,2018-01-09,2018-01-10,2018-01-11,2018-01-12,2018-01-13,2018-01-14",1138.0,1045.3152079801214,0.5572916666666666,-0.07118055555555555,True
fold_06,rolling_7d,independent,pair_hour_circular_cv,all,,triangular5,,8,"2018-01-07,2018-01-08,2018-01-09,2018-01-10,2018-01-11,2018-01-12,2018-01-13,2018-01-14",1150.0,1065.5717399846483,0.576388888888889,-0.07291666666666667,False
fold_06,rolling_7d,paired,pair_hour_circular_cv,all,,raw,,8,"2018-01-07,2018-01-08,2018-01-09,2018-01-10,2018-01-11,2018-01-12,2018-01-13,2018-01-14",1302.0,1161.4989175475998,0.6145833333333334,0.006944444444444444,False
fold_06,rolling_7d,paired,pair_hour_circular_cv,all,,triangular3,,8,"2018-01-07,2018-01-08,2018-01-09,2018-01-10,2018-01-11,2018-01-12,2018-01-13,2018-01-14",1150.0,1045.3152079801214,0.5920138888888888,0.01215277777777778,True
fold_06,rolling_7d,paired,pair_hour_circular_cv,all,,triangular5,,8,"2018-01-07,2018-01-08,2018-01-09,2018-01-10,2018-01-11,2018-01-12,2018-01-13,2018-01-14",1182.0,1065.5717399846483,0.6232638888888888,0.027777777777777776,False
fold_06,rolling_7d,independent,pair_hour_circular_scale_cv,all,,raw,0.7,8,"2018-01-07,2018-01-08,2018-01-09,2018-01-10,2018-01-11,2018-01-12,2018-01-13,2018-01-14",1239.0,1120.0238192486738,0.5338541666666666,-0.24565972222222224,False
fold_06,rolling_7d,independent,pair_hour_circular_scale_cv,all,,raw,0.75,8,"2018-01-07,2018-01-08,2018-01-09,2018-01-10,2018-01-11,2018-01-12,2018-01-13,2018-01-14",1251.0,1116.7979175940513,0.5477430555555555,-0.21440972222222224,False
fold_06,rolling_7d,independent,pair_hour_circular_scale_cv,all,,raw,0.8,8,"2018-01-07,2018-01-08,2018-01-09,2018-01-10,2018-01-11,2018-01-12,2018-01-13,2018-01-14",1237.0,1117.62738315454,0.5546875,-0.17968749999999997,False
fold_06,rolling_7d,independent,pair_hour_circular_scale_cv,all,,raw,0.85,8,"2018-01-07,2018-01-08,2018-01-09,2018-01-10,2018-01-11,2018-01-12,2018-01-13,2018-01-14",1243.0,1122.5122159301388,0.5668402777777779,-0.13454861111111108,False
fold_06,rolling_7d,independent,pair_hour_circular_scale_cv,all,,raw,0.9,8,"2018-01-07,2018-01-08,2018-01-09,2018-01-10,2018-01-11,2018-01-12,2018-01-13,2018-01-14",1239.0,1131.4524159208486,0.5668402777777778,-0.09461805555555555,False
fold_06,rolling_7d,independent,pair_hour_circular_scale_cv,all,,raw,0.95,8,"2018-01-07,2018-01-08,2018-01-09,2018-01-10,2018-01-11,2018-01-12,2018-01-13,2018-01-14",1270.0,1144.447983126669,0.5868055555555556,-0.0625,False
fold_06,rolling_7d,independent,pair_hour_circular_scale_cv,all,,raw,1.0,8,"2018-01-07,2018-01-08,2018-01-09,2018-01-10,2018-01-11,2018-01-12,2018-01-13,2018-01-14",1282.0,1161.4989175475998,0.5920138888888888,-0.048611111111111105,False
fold_06,rolling_7d,independent,pair_hour_circular_scale_cv,all,,raw,1.05,8,"2018-01-07,2018-01-08,2018-01-09,2018-01-10,2018-01-11,2018-01-12,2018-01-13,2018-01-14",1252.0,1182.6052191836416,0.59375,-0.0034722222222222203,False
fold_06,rolling_7d,independent,pair_hour_circular_scale_cv,all,,triangular3,0.7,8,"2018-01-07,2018-01-08,2018-01-09,2018-01-10,2018-01-11,2018-01-12,2018-01-13,2018-01-14",1171.0,1079.409604299537,0.5164930555555556,-0.25434027777777773,False
fold_06,rolling_7d,independent,pair_hour_circular_scale_cv,all,,triangular3,0.75,8,"2018-01-07,2018-01-08,2018-01-09,2018-01-10,2018-01-11,2018-01-12,2018-01-13,2018-01-14",1173.0,1066.0122619792446,0.525173611111111,-0.2248263888888889,False
fold_06,rolling_7d,independent,pair_hour_circular_scale_cv,all,,triangular3,0.8,8,"2018-01-07,2018-01-08,2018-01-09,2018-01-10,2018-01-11,2018-01-12,2018-01-13,2018-01-14",1146.0,1055.7008968324412,0.5295138888888888,-0.18229166666666666,False
fold_06,rolling_7d,independent,pair_hour_circular_scale_cv,all,,triangular3,0.85,8,"2018-01-07,2018-01-08,2018-01-09,2018-01-10,2018-01-11,2018-01-12,2018-01-13,2018-01-14",1160.0,1048.4755088591273,0.5434027777777778,-0.14756944444444445,False
fold_06,rolling_7d,independent,pair_hour_circular_scale_cv,all,,triangular3,0.9,8,"2018-01-07,2018-01-08,2018-01-09,2018-01-10,2018-01-11,2018-01-12,2018-01-13,2018-01-14",1143.0,1044.336098059303,0.5442708333333333,-0.12239583333333333,False
fold_06,rolling_7d,independent,pair_hour_circular_scale_cv,all,,triangular3,0.95,8,"2018-01-07,2018-01-08,2018-01-09,2018-01-10,2018-01-11,2018-01-12,2018-01-13,2018-01-14",1129.0,1043.2826644329675,0.5512152777777779,-0.09288194444444445,False
fold_06,rolling_7d,independent,pair_hour_circular_scale_cv,all,,triangular3,1.0,8,"2018-01-07,2018-01-08,2018-01-09,2018-01-10,2018-01-11,2018-01-12,2018-01-13,2018-01-14",1138.0,1045.3152079801214,0.5572916666666666,-0.07118055555555555,False
fold_06,rolling_7d,independent,pair_hour_circular_scale_cv,all,,triangular3,1.05,8,"2018-01-07,2018-01-08,2018-01-09,2018-01-10,2018-01-11,2018-01-12,2018-01-13,2018-01-14",1115.0,1050.4337287007643,0.5651041666666666,-0.026909722222222224,True
fold_06,rolling_7d,independent,pair_hour_circular_scale_cv,all,,triangular5,0.7,8,"2018-01-07,2018-01-08,2018-01-09,2018-01-10,2018-01-11,2018-01-12,2018-01-13,2018-01-14",1179.0,1103.546120735446,0.5147569444444445,-0.2734375,False
fold_06,rolling_7d,independent,pair_hour_circular_scale_cv,all,,triangular5,0.75,8,"2018-01-07,2018-01-08,2018-01-09,2018-01-10,2018-01-11,2018-01-12,2018-01-13,2018-01-14",1167.0,1090.0947895833003,0.5251736111111112,-0.24739583333333334,False
fold_06,rolling_7d,independent,pair_hour_circular_scale_cv,all,,triangular5,0.8,8,"2018-01-07,2018-01-08,2018-01-09,2018-01-10,2018-01-11,2018-01-12,2018-01-13,2018-01-14",1156.0,1079.4923655086266,0.53125,-0.21180555555555555,False
fold_06,rolling_7d,independent,pair_hour_circular_scale_cv,all,,triangular5,0.85,8,"2018-01-07,2018-01-08,2018-01-09,2018-01-10,2018-01-11,2018-01-12,2018-01-13,2018-01-14",1152.0,1071.7388485114247,0.5451388888888888,-0.16666666666666666,False
fold_06,rolling_7d,independent,pair_hour_circular_scale_cv,all,,triangular5,0.9,8,"2018-01-07,2018-01-08,2018-01-09,2018-01-10,2018-01-11,2018-01-12,2018-01-13,2018-01-14",1153.0,1066.8342385916942,0.5564236111111112,-0.13802083333333334,False
fold_06,rolling_7d,independent,pair_hour_circular_scale_cv,all,,triangular5,0.95,8,"2018-01-07,2018-01-08,2018-01-09,2018-01-10,2018-01-11,2018-01-12,2018-01-13,2018-01-14",1159.0,1064.7785357494356,0.572048611111111,-0.1032986111111111,False
fold_06,rolling_7d,independent,pair_hour_circular_scale_cv,all,,triangular5,1.0,8,"2018-01-07,2018-01-08,2018-01-09,2018-01-10,2018-01-11,2018-01-12,2018-01-13,2018-01-14",1150.0,1065.5717399846483,0.576388888888889,-0.07291666666666667,False
fold_06,rolling_7d,independent,pair_hour_circular_scale_cv,all,,triangular5,1.05,8,"2018-01-07,2018-01-08,2018-01-09,2018-01-10,2018-01-11,2018-01-12,2018-01-13,2018-01-14",1146.0,1069.2138512973324,0.5850694444444444,-0.03645833333333333,False
fold_06,rolling_7d,paired,pair_hour_circular_scale_cv,all,,raw,0.7,8,"2018-01-07,2018-01-08,2018-01-09,2018-01-10,2018-01-11,2018-01-12,2018-01-13,2018-01-14",1176.0,1120.0238192486738,0.5277777777777777,-0.18229166666666666,False
fold_06,rolling_7d,paired,pair_hour_circular_scale_cv,all,,raw,0.75,8,"2018-01-07,2018-01-08,2018-01-09,2018-01-10,2018-01-11,2018-01-12,2018-01-13,2018-01-14",1186.0,1116.7979175940513,0.5434027777777778,-0.14756944444444445,False
fold_06,rolling_7d,paired,pair_hour_circular_scale_cv,all,,raw,0.8,8,"2018-01-07,2018-01-08,2018-01-09,2018-01-10,2018-01-11,2018-01-12,2018-01-13,2018-01-14",1210.0,1117.62738315454,0.5520833333333334,-0.11805555555555557,False
fold_06,rolling_7d,paired,pair_hour_circular_scale_cv,all,,raw,0.85,8,"2018-01-07,2018-01-08,2018-01-09,2018-01-10,2018-01-11,2018-01-12,2018-01-13,2018-01-14",1208.0,1122.5122159301388,0.5607638888888888,-0.08333333333333334,False
fold_06,rolling_7d,paired,pair_hour_circular_scale_cv,all,,raw,0.9,8,"2018-01-07,2018-01-08,2018-01-09,2018-01-10,2018-01-11,2018-01-12,2018-01-13,2018-01-14",1222.0,1131.4524159208486,0.5729166666666666,-0.05208333333333333,False
fold_06,rolling_7d,paired,pair_hour_circular_scale_cv,all,,raw,0.95,8,"2018-01-07,2018-01-08,2018-01-09,2018-01-10,2018-01-11,2018-01-12,2018-01-13,2018-01-14",1256.0,1144.447983126669,0.5937500000000001,-0.02256944444444444,False
fold_06,rolling_7d,paired,pair_hour_circular_scale_cv,all,,raw,1.0,8,"2018-01-07,2018-01-08,2018-01-09,2018-01-10,2018-01-11,2018-01-12,2018-01-13,2018-01-14",1302.0,1161.4989175475998,0.6145833333333334,0.006944444444444444,False
fold_06,rolling_7d,paired,pair_hour_circular_scale_cv,all,,raw,1.05,8,"2018-01-07,2018-01-08,2018-01-09,2018-01-10,2018-01-11,2018-01-12,2018-01-13,2018-01-14",1310.0,1182.6052191836416,0.6180555555555556,0.03645833333333333,False
fold_06,rolling_7d,paired,pair_hour_circular_scale_cv,all,,triangular3,0.7,8,"2018-01-07,2018-01-08,2018-01-09,2018-01-10,2018-01-11,2018-01-12,2018-01-13,2018-01-14",1141.0,1079.409604299537,0.5373263888888888,-0.1657986111111111,False
fold_06,rolling_7d,paired,pair_hour_circular_scale_cv,all,,triangular3,0.75,8,"2018-01-07,2018-01-08,2018-01-09,2018-01-10,2018-01-11,2018-01-12,2018-01-13,2018-01-14",1130.0,1066.0122619792446,0.546875,-0.13715277777777776,False
fold_06,rolling_7d,paired,pair_hour_circular_scale_cv,all,,triangular3,0.8,8,"2018-01-07,2018-01-08,2018-01-09,2018-01-10,2018-01-11,2018-01-12,2018-01-13,2018-01-14",1141.0,1055.7008968324412,0.5546875,-0.10850694444444445,False
fold_06,rolling_7d,paired,pair_hour_circular_scale_cv,all,,triangular3,0.85,8,"2018-01-07,2018-01-08,2018-01-09,2018-01-10,2018-01-11,2018-01-12,2018-01-13,2018-01-14",1137.0,1048.4755088591273,0.5598958333333333,-0.08246527777777778,False
fold_06,rolling_7d,paired,pair_hour_circular_scale_cv,all,,triangular3,0.9,8,"2018-01-07,2018-01-08,2018-01-09,2018-01-10,2018-01-11,2018-01-12,2018-01-13,2018-01-14",1128.0,1044.336098059303,0.5625,-0.04687500000000001,False
fold_06,rolling_7d,paired,pair_hour_circular_scale_cv,all,,triangular3,0.95,8,"2018-01-07,2018-01-08,2018-01-09,2018-01-10,2018-01-11,2018-01-12,2018-01-13,2018-01-14",1139.0,1043.2826644329675,0.5772569444444445,-0.016493055555555552,False
fold_06,rolling_7d,paired,pair_hour_circular_scale_cv,all,,triangular3,1.0,8,"2018-01-07,2018-01-08,2018-01-09,2018-01-10,2018-01-11,2018-01-12,2018-01-13,2018-01-14",1150.0,1045.3152079801214,0.5920138888888888,0.01215277777777778,False
fold_06,rolling_7d,paired,pair_hour_circular_scale_cv,all,,triangular3,1.05,8,"2018-01-07,2018-01-08,2018-01-09,2018-01-10,2018-01-11,2018-01-12,2018-01-13,2018-01-14",1163.0,1050.4337287007643,0.6050347222222222,0.0390625,False
fold_06,rolling_7d,paired,pair_hour_circular_scale_cv,all,,triangular5,0.7,8,"2018-01-07,2018-01-08,2018-01-09,2018-01-10,2018-01-11,2018-01-12,2018-01-13,2018-01-14",1133.0,1103.546120735446,0.5390625,-0.17274305555555555,False
fold_06,rolling_7d,paired,pair_hour_circular_scale_cv,all,,triangular5,0.75,8,"2018-01-07,2018-01-08,2018-01-09,2018-01-10,2018-01-11,2018-01-12,2018-01-13,2018-01-14",1133.0,1090.0947895833003,0.5529513888888888,-0.13454861111111113,False
fold_06,rolling_7d,paired,pair_hour_circular_scale_cv,all,,triangular5,0.8,8,"2018-01-07,2018-01-08,2018-01-09,2018-01-10,2018-01-11,2018-01-12,2018-01-13,2018-01-14",1126.0,1079.4923655086266,0.5729166666666666,-0.08854166666666667,True
fold_06,rolling_7d,paired,pair_hour_circular_scale_cv,all,,triangular5,0.85,8,"2018-01-07,2018-01-08,2018-01-09,2018-01-10,2018-01-11,2018-01-12,2018-01-13,2018-01-14",1139.0,1071.7388485114247,0.5859375,-0.05815972222222222,False
fold_06,rolling_7d,paired,pair_hour_circular_scale_cv,all,,triangular5,0.9,8,"2018-01-07,2018-01-08,2018-01-09,2018-01-10,2018-01-11,2018-01-12,2018-01-13,2018-01-14",1158.0,1066.8342385916942,0.6024305555555556,-0.01736111111111111,False
fold_06,rolling_7d,paired,pair_hour_circular_scale_cv,all,,triangular5,0.95,8,"2018-01-07,2018-01-08,2018-01-09,2018-01-10,2018-01-11,2018-01-12,2018-01-13,2018-01-14",1174.0,1064.7785357494356,0.6163194444444445,0.006944444444444444,False
fold_06,rolling_7d,paired,pair_hour_circular_scale_cv,all,,triangular5,1.0,8,"2018-01-07,2018-01-08,2018-01-09,2018-01-10,2018-01-11,2018-01-12,2018-01-13,2018-01-14",1182.0,1065.5717399846483,0.6232638888888888,0.027777777777777776,False
fold_06,rolling_7d,paired,pair_hour_circular_scale_cv,all,,triangular5,1.05,8,"2018-01-07,2018-01-08,2018-01-09,2018-01-10,2018-01-11,2018-01-12,2018-01-13,2018-01-14",1199.0,1069.2138512973324,0.6310763888888888,0.04600694444444444,False
fold_06,rolling_7d,independent,present_shrunk20_scale_cv,all,,,0.7,8,"2018-01-07,2018-01-08,2018-01-09,2018-01-10,2018-01-11,2018-01-12,2018-01-13,2018-01-14",1223.0,1106.2318417221327,0.5338541666666666,-0.2421875,False
fold_06,rolling_7d,independent,present_shrunk20_scale_cv,all,,,0.75,8,"2018-01-07,2018-01-08,2018-01-09,2018-01-10,2018-01-11,2018-01-12,2018-01-13,2018-01-14",1221.0,1099.3914544175013,0.5425347222222222,-0.21614583333333334,False
fold_06,rolling_7d,independent,present_shrunk20_scale_cv,all,,,0.8,8,"2018-01-07,2018-01-08,2018-01-09,2018-01-10,2018-01-11,2018-01-12,2018-01-13,2018-01-14",1212.0,1096.2558550748988,0.5503472222222222,-0.18229166666666666,False
fold_06,rolling_7d,independent,present_shrunk20_scale_cv,all,,,0.85,8,"2018-01-07,2018-01-08,2018-01-09,2018-01-10,2018-01-11,2018-01-12,2018-01-13,2018-01-14",1216.0,1096.825043694325,0.5538194444444444,-0.14930555555555555,False
fold_06,rolling_7d,independent,present_shrunk20_scale_cv,all,,,0.9,8,"2018-01-07,2018-01-08,2018-01-09,2018-01-10,2018-01-11,2018-01-12,2018-01-13,2018-01-14",1196.0,1101.0990202757803,0.5572916666666666,-0.11458333333333331,True
fold_06,rolling_7d,independent,present_shrunk20_scale_cv,all,,,0.95,8,"2018-01-07,2018-01-08,2018-01-09,2018-01-10,2018-01-11,2018-01-12,2018-01-13,2018-01-14",1221.0,1109.077784819264,0.5737847222222222,-0.07899305555555554,False
fold_06,rolling_7d,independent,present_shrunk20_scale_cv,all,,,1.0,8,"2018-01-07,2018-01-08,2018-01-09,2018-01-10,2018-01-11,2018-01-12,2018-01-13,2018-01-14",1235.0,1120.761337324777,0.5789930555555556,-0.056423611111111105,False
fold_06,rolling_7d,independent,present_shrunk20_scale_cv,all,,,1.05,8,"2018-01-07,2018-01-08,2018-01-09,2018-01-10,2018-01-11,2018-01-12,2018-01-13,2018-01-14",1225.0,1136.1496777923187,0.5842013888888888,-0.019965277777777776,False
fold_06,rolling_7d,paired,present_shrunk20_scale_cv,all,,,0.7,8,"2018-01-07,2018-01-08,2018-01-09,2018-01-10,2018-01-11,2018-01-12,2018-01-13,2018-01-14",1172.0,1106.2318417221327,0.5295138888888888,-0.1857638888888889,False
fold_06,rolling_7d,paired,present_shrunk20_scale_cv,all,,,0.75,8,"2018-01-07,2018-01-08,2018-01-09,2018-01-10,2018-01-11,2018-01-12,2018-01-13,2018-01-14",1169.0,1099.3914544175013,0.5355902777777778,-0.15538194444444448,False
fold_06,rolling_7d,paired,present_shrunk20_scale_cv,all,,,0.8,8,"2018-01-07,2018-01-08,2018-01-09,2018-01-10,2018-01-11,2018-01-12,2018-01-13,2018-01-14",1164.0,1096.2558550748988,0.5451388888888888,-0.12152777777777778,True
fold_06,rolling_7d,paired,present_shrunk20_scale_cv,all,,,0.85,8,"2018-01-07,2018-01-08,2018-01-09,2018-01-10,2018-01-11,2018-01-12,2018-01-13,2018-01-14",1189.0,1096.825043694325,0.5546875,-0.08420138888888888,False
fold_06,rolling_7d,paired,present_shrunk20_scale_cv,all,,,0.9,8,"2018-01-07,2018-01-08,2018-01-09,2018-01-10,2018-01-11,2018-01-12,2018-01-13,2018-01-14",1206.0,1101.0990202757803,0.5729166666666667,-0.05729166666666667,False
fold_06,rolling_7d,paired,present_shrunk20_scale_cv,all,,,0.95,8,"2018-01-07,2018-01-08,2018-01-09,2018-01-10,2018-01-11,2018-01-12,2018-01-13,2018-01-14",1207.0,1109.077784819264,0.5824652777777777,-0.03038194444444444,False
fold_06,rolling_7d,paired,present_shrunk20_scale_cv,all,,,1.0,8,"2018-01-07,2018-01-08,2018-01-09,2018-01-10,2018-01-11,2018-01-12,2018-01-13,2018-01-14",1217.0,1120.761337324777,0.5911458333333333,0.0026041666666666644,False
fold_06,rolling_7d,paired,present_shrunk20_scale_cv,all,,,1.05,8,"2018-01-07,2018-01-08,2018-01-09,2018-01-10,2018-01-11,2018-01-12,2018-01-13,2018-01-14",1254.0,1136.1496777923187,0.609375,0.029513888888888888,False
fold_06,rolling_7d,independent,pair_hour_direction_scale_cv,core->near,,,0.7,8,"2018-01-07,2018-01-08,2018-01-09,2018-01-10,2018-01-11,2018-01-12,2018-01-13,2018-01-14",447.0,407.2045079142729,1.0,-0.08333333333333333,False
fold_06,rolling_7d,independent,pair_hour_direction_scale_cv,core->near,,,0.75,8,"2018-01-07,2018-01-08,2018-01-09,2018-01-10,2018-01-11,2018-01-12,2018-01-13,2018-01-14",446.0,406.1674114745396,0.9583333333333334,0.041666666666666664,False
fold_06,rolling_7d,independent,pair_hour_direction_scale_cv,core->near,,,0.8,8,"2018-01-07,2018-01-08,2018-01-09,2018-01-10,2018-01-11,2018-01-12,2018-01-13,2018-01-14",430.0,406.88532591032504,0.9583333333333334,0.041666666666666664,True
fold_06,rolling_7d,independent,pair_hour_direction_scale_cv,core->near,,,0.85,8,"2018-01-07,2018-01-08,2018-01-09,2018-01-10,2018-01-11,2018-01-12,2018-01-13,2018-01-14",438.0,409.3582512216292,1.0416666666666667,0.125,False
fold_06,rolling_7d,independent,pair_hour_direction_scale_cv,core->near,,,0.9,8,"2018-01-07,2018-01-08,2018-01-09,2018-01-10,2018-01-11,2018-01-12,2018-01-13,2018-01-14",450.0,413.5861874084519,1.125,0.20833333333333334,False
fold_06,rolling_7d,independent,pair_hour_direction_scale_cv,core->near,,,0.95,8,"2018-01-07,2018-01-08,2018-01-09,2018-01-10,2018-01-11,2018-01-12,2018-01-13,2018-01-14",460.0,419.5691344707934,1.25,0.3333333333333333,False
fold_06,rolling_7d,independent,pair_hour_direction_scale_cv,core->near,,,1.0,8,"2018-01-07,2018-01-08,2018-01-09,2018-01-10,2018-01-11,2018-01-12,2018-01-13,2018-01-14",462.0,427.30709240865355,1.25,0.3333333333333333,False
fold_06,rolling_7d,independent,pair_hour_direction_scale_cv,core->near,,,1.05,8,"2018-01-07,2018-01-08,2018-01-09,2018-01-10,2018-01-11,2018-01-12,2018-01-13,2018-01-14",466.0,436.80006122203235,1.2083333333333333,0.375,False
fold_06,rolling_7d,independent,pair_hour_direction_scale_cv,core->outer,,,0.7,8,"2018-01-07,2018-01-08,2018-01-09,2018-01-10,2018-01-11,2018-01-12,2018-01-13,2018-01-14",73.0,62.261031341966984,0.16666666666666666,-0.08333333333333333,False
fold_06,rolling_7d,independent,pair_hour_direction_scale_cv,core->outer,,,0.75,8,"2018-01-07,2018-01-08,2018-01-09,2018-01-10,2018-01-11,2018-01-12,2018-01-13,2018-01-14",70.0,61.7740250854308,0.125,-0.041666666666666664,False
fold_06,rolling_7d,independent,pair_hour_direction_scale_cv,core->outer,,,0.8,8,"2018-01-07,2018-01-08,2018-01-09,2018-01-10,2018-01-11,2018-01-12,2018-01-13,2018-01-14",71.0,61.381503410480555,0.125,-0.041666666666666664,False
fold_06,rolling_7d,independent,pair_hour_direction_scale_cv,core->outer,,,0.85,8,"2018-01-07,2018-01-08,2018-01-09,2018-01-10,2018-01-11,2018-01-12,2018-01-13,2018-01-14",68.0,61.083466317116304,0.125,-0.041666666666666664,False
fold_06,rolling_7d,independent,pair_hour_direction_scale_cv,core->outer,,,0.9,8,"2018-01-07,2018-01-08,2018-01-09,2018-01-10,2018-01-11,2018-01-12,2018-01-13,2018-01-14",68.0,60.87991380533801,0.125,-0.041666666666666664,True
fold_06,rolling_7d,independent,pair_hour_direction_scale_cv,core->outer,,,0.95,8,"2018-01-07,2018-01-08,2018-01-09,2018-01-10,2018-01-11,2018-01-12,2018-01-13,2018-01-14",69.0,60.770845875145696,0.16666666666666666,0.0,False
fold_06,rolling_7d,independent,pair_hour_direction_scale_cv,core->outer,,,1.0,8,"2018-01-07,2018-01-08,2018-01-09,2018-01-10,2018-01-11,2018-01-12,2018-01-13,2018-01-14",69.0,60.75626252653934,0.16666666666666666,0.0,False
fold_06,rolling_7d,independent,pair_hour_direction_scale_cv,core->outer,,,1.05,8,"2018-01-07,2018-01-08,2018-01-09,2018-01-10,2018-01-11,2018-01-12,2018-01-13,2018-01-14",69.0,60.83616375951894,0.16666666666666666,0.0,False
fold_06,rolling_7d,independent,pair_hour_direction_scale_cv,near->core,,,0.7,8,"2018-01-07,2018-01-08,2018-01-09,2018-01-10,2018-01-11,2018-01-12,2018-01-13,2018-01-14",406.0,378.47751704175676,0.75,0.25,False
fold_06,rolling_7d,independent,pair_hour_direction_scale_cv,near->core,,,0.75,8,"2018-01-07,2018-01-08,2018-01-09,2018-01-10,2018-01-11,2018-01-12,2018-01-13,2018-01-14",419.0,375.6254844257596,0.7916666666666666,0.2916666666666667,False
fold_06,rolling_7d,independent,pair_hour_direction_scale_cv,near->core,,,0.8,8,"2018-01-07,2018-01-08,2018-01-09,2018-01-10,2018-01-11,2018-01-12,2018-01-13,2018-01-14",416.0,374.3314901558032,0.8333333333333334,0.3333333333333333,False
fold_06,rolling_7d,independent,pair_hour_direction_scale_cv,near->core,,,0.85,8,"2018-01-07,2018-01-08,2018-01-09,2018-01-10,2018-01-11,2018-01-12,2018-01-13,2018-01-14",417.0,374.5955342318876,0.9583333333333334,0.5416666666666666,False
fold_06,rolling_7d,independent,pair_hour_direction_scale_cv,near->core,,,0.9,8,"2018-01-07,2018-01-08,2018-01-09,2018-01-10,2018-01-11,2018-01-12,2018-01-13,2018-01-14",392.0,376.4176166540128,0.9583333333333334,0.5416666666666666,False
fold_06,rolling_7d,independent,pair_hour_direction_scale_cv,near->core,,,0.95,8,"2018-01-07,2018-01-08,2018-01-09,2018-01-10,2018-01-11,2018-01-12,2018-01-13,2018-01-14",403.0,379.7977374221788,1.0416666666666667,0.625,False
fold_06,rolling_7d,independent,pair_hour_direction_scale_cv,near->core,,,1.0,8,"2018-01-07,2018-01-08,2018-01-09,2018-01-10,2018-01-11,2018-01-12,2018-01-13,2018-01-14",407.0,384.7358965363856,1.0416666666666667,0.625,False
fold_06,rolling_7d,independent,pair_hour_direction_scale_cv,near->core,,,1.05,8,"2018-01-07,2018-01-08,2018-01-09,2018-01-10,2018-01-11,2018-01-12,2018-01-13,2018-01-14",387.0,391.2320939966332,1.0416666666666667,0.625,True
fold_06,rolling_7d,independent,pair_hour_direction_scale_cv,near->outer,,,0.7,8,"2018-01-07,2018-01-08,2018-01-09,2018-01-10,2018-01-11,2018-01-12,2018-01-13,2018-01-14",141.0,120.71804752317416,0.3333333333333333,-0.16666666666666666,True
fold_06,rolling_7d,independent,pair_hour_direction_scale_cv,near->outer,,,0.75,8,"2018-01-07,2018-01-08,2018-01-09,2018-01-10,2018-01-11,2018-01-12,2018-01-13,2018-01-14",142.0,122.03186322218718,0.3333333333333333,-0.16666666666666666,False
fold_06,rolling_7d,independent,pair_hour_direction_scale_cv,near->outer,,,0.8,8,"2018-01-07,2018-01-08,2018-01-09,2018-01-10,2018-01-11,2018-01-12,2018-01-13,2018-01-14",147.0,123.61877770465742,0.375,-0.125,False
fold_06,rolling_7d,independent,pair_hour_direction_scale_cv,near->outer,,,0.85,8,"2018-01-07,2018-01-08,2018-01-09,2018-01-10,2018-01-11,2018-01-12,2018-01-13,2018-01-14",148.0,125.47879097058487,0.375,-0.125,False
fold_06,rolling_7d,independent,pair_hour_direction_scale_cv,near->outer,,,0.9,8,"2018-01-07,2018-01-08,2018-01-09,2018-01-10,2018-01-11,2018-01-12,2018-01-13,2018-01-14",153.0,127.61190301996955,0.375,-0.125,False
fold_06,rolling_7d,independent,pair_hour_direction_scale_cv,near->outer,,,0.95,8,"2018-01-07,2018-01-08,2018-01-09,2018-01-10,2018-01-11,2018-01-12,2018-01-13,2018-01-14",158.0,130.0181138528114,0.4583333333333333,-0.041666666666666664,False
fold_06,rolling_7d,independent,pair_hour_direction_scale_cv,near->outer,,,1.0,8,"2018-01-07,2018-01-08,2018-01-09,2018-01-10,2018-01-11,2018-01-12,2018-01-13,2018-01-14",164.0,132.69742346911053,0.4583333333333333,-0.041666666666666664,False
fold_06,rolling_7d,independent,pair_hour_direction_scale_cv,near->outer,,,1.05,8,"2018-01-07,2018-01-08,2018-01-09,2018-01-10,2018-01-11,2018-01-12,2018-01-13,2018-01-14",153.0,135.64983186886687,0.4583333333333333,-0.041666666666666664,False
fold_06,rolling_7d,independent,pair_hour_direction_scale_cv,outer->core,,,0.7,8,"2018-01-07,2018-01-08,2018-01-09,2018-01-10,2018-01-11,2018-01-12,2018-01-13,2018-01-14",47.0,42.752657245354904,0.20833333333333334,-0.20833333333333334,False
fold_06,rolling_7d,independent,pair_hour_direction_scale_cv,outer->core,,,0.75,8,"2018-01-07,2018-01-08,2018-01-09,2018-01-10,2018-01-11,2018-01-12,2018-01-13,2018-01-14",47.0,42.847176223869965,0.20833333333333334,-0.20833333333333334,True
fold_06,rolling_7d,independent,pair_hour_direction_scale_cv,outer->core,,,0.8,8,"2018-01-07,2018-01-08,2018-01-09,2018-01-10,2018-01-11,2018-01-12,2018-01-13,2018-01-14",49.0,42.99474861623127,0.20833333333333334,-0.20833333333333334,False
fold_06,rolling_7d,independent,pair_hour_direction_scale_cv,outer->core,,,0.85,8,"2018-01-07,2018-01-08,2018-01-09,2018-01-10,2018-01-11,2018-01-12,2018-01-13,2018-01-14",50.0,43.195374422438825,0.20833333333333334,-0.20833333333333334,False
fold_06,rolling_7d,independent,pair_hour_direction_scale_cv,outer->core,,,0.9,8,"2018-01-07,2018-01-08,2018-01-09,2018-01-10,2018-01-11,2018-01-12,2018-01-13,2018-01-14",50.0,43.44905364249262,0.20833333333333334,-0.20833333333333334,False
fold_06,rolling_7d,independent,pair_hour_direction_scale_cv,outer->core,,,0.95,8,"2018-01-07,2018-01-08,2018-01-09,2018-01-10,2018-01-11,2018-01-12,2018-01-13,2018-01-14",52.0,43.75578627639267,0.20833333333333334,-0.20833333333333334,False
fold_06,rolling_7d,independent,pair_hour_direction_scale_cv,outer->core,,,1.0,8,"2018-01-07,2018-01-08,2018-01-09,2018-01-10,2018-01-11,2018-01-12,2018-01-13,2018-01-14",52.0,44.11557232413897,0.20833333333333334,-0.20833333333333334,False
fold_06,rolling_7d,independent,pair_hour_direction_scale_cv,outer->core,,,1.05,8,"2018-01-07,2018-01-08,2018-01-09,2018-01-10,2018-01-11,2018-01-12,2018-01-13,2018-01-14",56.0,44.528411785731514,0.20833333333333334,-0.20833333333333334,False
fold_06,rolling_7d,independent,pair_hour_direction_scale_cv,outer->near,,,0.7,8,"2018-01-07,2018-01-08,2018-01-09,2018-01-10,2018-01-11,2018-01-12,2018-01-13,2018-01-14",125.0,108.61005818214797,0.4166666666666667,-0.16666666666666666,False
fold_06,rolling_7d,independent,pair_hour_direction_scale_cv,outer->near,,,0.75,8,"2018-01-07,2018-01-08,2018-01-09,2018-01-10,2018-01-11,2018-01-12,2018-01-13,2018-01-14",127.0,108.35195716226434,0.5,-0.08333333333333333,False
fold_06,rolling_7d,independent,pair_hour_direction_scale_cv,outer->near,,,0.8,8,"2018-01-07,2018-01-08,2018-01-09,2018-01-10,2018-01-11,2018-01-12,2018-01-13,2018-01-14",124.0,108.41553735704238,0.5,-0.08333333333333333,False
fold_06,rolling_7d,independent,pair_hour_direction_scale_cv,outer->near,,,0.85,8,"2018-01-07,2018-01-08,2018-01-09,2018-01-10,2018-01-11,2018-01-12,2018-01-13,2018-01-14",122.0,108.80079876648217,0.5,-0.08333333333333333,False
fold_06,rolling_7d,independent,pair_hour_direction_scale_cv,outer->near,,,0.9,8,"2018-01-07,2018-01-08,2018-01-09,2018-01-10,2018-01-11,2018-01-12,2018-01-13,2018-01-14",126.0,109.50774139058367,0.5,-0.08333333333333333,False
fold_06,rolling_7d,independent,pair_hour_direction_scale_cv,outer->near,,,0.95,8,"2018-01-07,2018-01-08,2018-01-09,2018-01-10,2018-01-11,2018-01-12,2018-01-13,2018-01-14",128.0,110.53636522934693,0.5833333333333334,0.0,False
fold_06,rolling_7d,independent,pair_hour_direction_scale_cv,outer->near,,,1.0,8,"2018-01-07,2018-01-08,2018-01-09,2018-01-10,2018-01-11,2018-01-12,2018-01-13,2018-01-14",128.0,111.88667028277189,0.5833333333333334,0.0,False
fold_06,rolling_7d,independent,pair_hour_direction_scale_cv,outer->near,,,1.05,8,"2018-01-07,2018-01-08,2018-01-09,2018-01-10,2018-01-11,2018-01-12,2018-01-13,2018-01-14",121.0,113.55865655085857,0.5833333333333334,0.0,True
fold_06,rolling_7d,paired,pair_hour_direction_scale_cv,core->near,,,0.7,8,"2018-01-07,2018-01-08,2018-01-09,2018-01-10,2018-01-11,2018-01-12,2018-01-13,2018-01-14",417.0,407.2045079142729,1.0416666666666667,0.125,False
fold_06,rolling_7d,paired,pair_hour_direction_scale_cv,core->near,,,0.75,8,"2018-01-07,2018-01-08,2018-01-09,2018-01-10,2018-01-11,2018-01-12,2018-01-13,2018-01-14",413.0,406.1674114745396,1.125,0.20833333333333334,True
fold_06,rolling_7d,paired,pair_hour_direction_scale_cv,core->near,,,0.8,8,"2018-01-07,2018-01-08,2018-01-09,2018-01-10,2018-01-11,2018-01-12,2018-01-13,2018-01-14",425.0,406.88532591032504,1.1666666666666667,0.25,False
fold_06,rolling_7d,paired,pair_hour_direction_scale_cv,core->near,,,0.85,8,"2018-01-07,2018-01-08,2018-01-09,2018-01-10,2018-01-11,2018-01-12,2018-01-13,2018-01-14",440.0,409.3582512216292,1.1666666666666667,0.25,False
fold_06,rolling_7d,paired,pair_hour_direction_scale_cv,core->near,,,0.9,8,"2018-01-07,2018-01-08,2018-01-09,2018-01-10,2018-01-11,2018-01-12,2018-01-13,2018-01-14",443.0,413.5861874084519,1.25,0.3333333333333333,False
fold_06,rolling_7d,paired,pair_hour_direction_scale_cv,core->near,,,0.95,8,"2018-01-07,2018-01-08,2018-01-09,2018-01-10,2018-01-11,2018-01-12,2018-01-13,2018-01-14",448.0,419.5691344707934,1.2916666666666667,0.375,False
fold_06,rolling_7d,paired,pair_hour_direction_scale_cv,core->near,,,1.0,8,"2018-01-07,2018-01-08,2018-01-09,2018-01-10,2018-01-11,2018-01-12,2018-01-13,2018-01-14",459.0,427.30709240865355,1.2916666666666667,0.375,False
fold_06,rolling_7d,paired,pair_hour_direction_scale_cv,core->near,,,1.05,8,"2018-01-07,2018-01-08,2018-01-09,2018-01-10,2018-01-11,2018-01-12,2018-01-13,2018-01-14",462.0,436.80006122203235,1.25,0.4166666666666667,False
fold_06,rolling_7d,paired,pair_hour_direction_scale_cv,core->outer,,,0.7,8,"2018-01-07,2018-01-08,2018-01-09,2018-01-10,2018-01-11,2018-01-12,2018-01-13,2018-01-14",78.0,62.261031341966984,0.20833333333333334,0.041666666666666664,False
fold_06,rolling_7d,paired,pair_hour_direction_scale_cv,core->outer,,,0.75,8,"2018-01-07,2018-01-08,2018-01-09,2018-01-10,2018-01-11,2018-01-12,2018-01-13,2018-01-14",78.0,61.7740250854308,0.20833333333333334,0.041666666666666664,False
fold_06,rolling_7d,paired,pair_hour_direction_scale_cv,core->outer,,,0.8,8,"2018-01-07,2018-01-08,2018-01-09,2018-01-10,2018-01-11,2018-01-12,2018-01-13,2018-01-14",76.0,61.381503410480555,0.20833333333333334,0.041666666666666664,False
fold_06,rolling_7d,paired,pair_hour_direction_scale_cv,core->outer,,,0.85,8,"2018-01-07,2018-01-08,2018-01-09,2018-01-10,2018-01-11,2018-01-12,2018-01-13,2018-01-14",71.0,61.083466317116304,0.20833333333333334,0.041666666666666664,False
fold_06,rolling_7d,paired,pair_hour_direction_scale_cv,core->outer,,,0.9,8,"2018-01-07,2018-01-08,2018-01-09,2018-01-10,2018-01-11,2018-01-12,2018-01-13,2018-01-14",71.0,60.87991380533801,0.20833333333333334,0.041666666666666664,False
fold_06,rolling_7d,paired,pair_hour_direction_scale_cv,core->outer,,,0.95,8,"2018-01-07,2018-01-08,2018-01-09,2018-01-10,2018-01-11,2018-01-12,2018-01-13,2018-01-14",71.0,60.770845875145696,0.20833333333333334,0.041666666666666664,False
fold_06,rolling_7d,paired,pair_hour_direction_scale_cv,core->outer,,,1.0,8,"2018-01-07,2018-01-08,2018-01-09,2018-01-10,2018-01-11,2018-01-12,2018-01-13,2018-01-14",72.0,60.75626252653934,0.20833333333333334,0.041666666666666664,False
fold_06,rolling_7d,paired,pair_hour_direction_scale_cv,core->outer,,,1.05,8,"2018-01-07,2018-01-08,2018-01-09,2018-01-10,2018-01-11,2018-01-12,2018-01-13,2018-01-14",71.0,60.83616375951894,0.20833333333333334,0.041666666666666664,True
fold_06,rolling_7d,paired,pair_hour_direction_scale_cv,near->core,,,0.7,8,"2018-01-07,2018-01-08,2018-01-09,2018-01-10,2018-01-11,2018-01-12,2018-01-13,2018-01-14",402.0,378.47751704175676,0.875,0.375,False
fold_06,rolling_7d,paired,pair_hour_direction_scale_cv,near->core,,,0.75,8,"2018-01-07,2018-01-08,2018-01-09,2018-01-10,2018-01-11,2018-01-12,2018-01-13,2018-01-14",407.0,375.6254844257596,0.875,0.375,False
fold_06,rolling_7d,paired,pair_hour_direction_scale_cv,near->core,,,0.8,8,"2018-01-07,2018-01-08,2018-01-09,2018-01-10,2018-01-11,2018-01-12,2018-01-13,2018-01-14",398.0,374.3314901558032,0.9166666666666666,0.4166666666666667,False
fold_06,rolling_7d,paired,pair_hour_direction_scale_cv,near->core,,,0.85,8,"2018-01-07,2018-01-08,2018-01-09,2018-01-10,2018-01-11,2018-01-12,2018-01-13,2018-01-14",387.0,374.5955342318876,0.9583333333333334,0.4583333333333333,False
fold_06,rolling_7d,paired,pair_hour_direction_scale_cv,near->core,,,0.9,8,"2018-01-07,2018-01-08,2018-01-09,2018-01-10,2018-01-11,2018-01-12,2018-01-13,2018-01-14",385.0,376.4176166540128,0.9166666666666666,0.5,True
fold_06,rolling_7d,paired,pair_hour_direction_scale_cv,near->core,,,0.95,8,"2018-01-07,2018-01-08,2018-01-09,2018-01-10,2018-01-11,2018-01-12,2018-01-13,2018-01-14",399.0,379.7977374221788,1.0,0.5833333333333334,False
fold_06,rolling_7d,paired,pair_hour_direction_scale_cv,near->core,,,1.0,8,"2018-01-07,2018-01-08,2018-01-09,2018-01-10,2018-01-11,2018-01-12,2018-01-13,2018-01-14",410.0,384.7358965363856,1.0833333333333333,0.6666666666666666,False
fold_06,rolling_7d,paired,pair_hour_direction_scale_cv,near->core,,,1.05,8,"2018-01-07,2018-01-08,2018-01-09,2018-01-10,2018-01-11,2018-01-12,2018-01-13,2018-01-14",411.0,391.2320939966332,1.0416666666666667,0.7083333333333334,False
fold_06,rolling_7d,paired,pair_hour_direction_scale_cv,near->outer,,,0.7,8,"2018-01-07,2018-01-08,2018-01-09,2018-01-10,2018-01-11,2018-01-12,2018-01-13,2018-01-14",148.0,120.71804752317416,0.4583333333333333,-0.125,True
fold_06,rolling_7d,paired,pair_hour_direction_scale_cv,near->outer,,,0.75,8,"2018-01-07,2018-01-08,2018-01-09,2018-01-10,2018-01-11,2018-01-12,2018-01-13,2018-01-14",152.0,122.03186322218718,0.5,-0.08333333333333333,False
fold_06,rolling_7d,paired,pair_hour_direction_scale_cv,near->outer,,,0.8,8,"2018-01-07,2018-01-08,2018-01-09,2018-01-10,2018-01-11,2018-01-12,2018-01-13,2018-01-14",152.0,123.61877770465742,0.5,-0.08333333333333333,False
fold_06,rolling_7d,paired,pair_hour_direction_scale_cv,near->outer,,,0.85,8,"2018-01-07,2018-01-08,2018-01-09,2018-01-10,2018-01-11,2018-01-12,2018-01-13,2018-01-14",153.0,125.47879097058487,0.5,-0.08333333333333333,False
fold_06,rolling_7d,paired,pair_hour_direction_scale_cv,near->outer,,,0.9,8,"2018-01-07,2018-01-08,2018-01-09,2018-01-10,2018-01-11,2018-01-12,2018-01-13,2018-01-14",157.0,127.61190301996955,0.5416666666666666,-0.041666666666666664,False
fold_06,rolling_7d,paired,pair_hour_direction_scale_cv,near->outer,,,0.95,8,"2018-01-07,2018-01-08,2018-01-09,2018-01-10,2018-01-11,2018-01-12,2018-01-13,2018-01-14",158.0,130.0181138528114,0.5833333333333334,0.0,False
fold_06,rolling_7d,paired,pair_hour_direction_scale_cv,near->outer,,,1.0,8,"2018-01-07,2018-01-08,2018-01-09,2018-01-10,2018-01-11,2018-01-12,2018-01-13,2018-01-14",160.0,132.69742346911053,0.5416666666666666,0.041666666666666664,False
fold_06,rolling_7d,paired,pair_hour_direction_scale_cv,near->outer,,,1.05,8,"2018-01-07,2018-01-08,2018-01-09,2018-01-10,2018-01-11,2018-01-12,2018-01-13,2018-01-14",166.0,135.64983186886687,0.5416666666666666,0.041666666666666664,False
fold_06,rolling_7d,paired,pair_hour_direction_scale_cv,outer->core,,,0.7,8,"2018-01-07,2018-01-08,2018-01-09,2018-01-10,2018-01-11,2018-01-12,2018-01-13,2018-01-14",49.0,42.752657245354904,0.20833333333333334,-0.20833333333333334,False
fold_06,rolling_7d,paired,pair_hour_direction_scale_cv,outer->core,,,0.75,8,"2018-01-07,2018-01-08,2018-01-09,2018-01-10,2018-01-11,2018-01-12,2018-01-13,2018-01-14",49.0,42.847176223869965,0.16666666666666666,-0.16666666666666666,False
fold_06,rolling_7d,paired,pair_hour_direction_scale_cv,outer->core,,,0.8,8,"2018-01-07,2018-01-08,2018-01-09,2018-01-10,2018-01-11,2018-01-12,2018-01-13,2018-01-14",48.0,42.99474861623127,0.16666666666666666,-0.16666666666666666,False
fold_06,rolling_7d,paired,pair_hour_direction_scale_cv,outer->core,,,0.85,8,"2018-01-07,2018-01-08,2018-01-09,2018-01-10,2018-01-11,2018-01-12,2018-01-13,2018-01-14",46.0,43.195374422438825,0.16666666666666666,-0.16666666666666666,False
fold_06,rolling_7d,paired,pair_hour_direction_scale_cv,outer->core,,,0.9,8,"2018-01-07,2018-01-08,2018-01-09,2018-01-10,2018-01-11,2018-01-12,2018-01-13,2018-01-14",45.0,43.44905364249262,0.16666666666666666,-0.16666666666666666,True
fold_06,rolling_7d,paired,pair_hour_direction_scale_cv,outer->core,,,0.95,8,"2018-01-07,2018-01-08,2018-01-09,2018-01-10,2018-01-11,2018-01-12,2018-01-13,2018-01-14",49.0,43.75578627639267,0.16666666666666666,-0.16666666666666666,False
fold_06,rolling_7d,paired,pair_hour_direction_scale_cv,outer->core,,,1.0,8,"2018-01-07,2018-01-08,2018-01-09,2018-01-10,2018-01-11,2018-01-12,2018-01-13,2018-01-14",53.0,44.11557232413897,0.16666666666666666,-0.16666666666666666,False
fold_06,rolling_7d,paired,pair_hour_direction_scale_cv,outer->core,,,1.05,8,"2018-01-07,2018-01-08,2018-01-09,2018-01-10,2018-01-11,2018-01-12,2018-01-13,2018-01-14",55.0,44.528411785731514,0.20833333333333334,-0.125,False
fold_06,rolling_7d,paired,pair_hour_direction_scale_cv,outer->near,,,0.7,8,"2018-01-07,2018-01-08,2018-01-09,2018-01-10,2018-01-11,2018-01-12,2018-01-13,2018-01-14",131.0,108.61005818214797,0.4583333333333333,-0.125,False
fold_06,rolling_7d,paired,pair_hour_direction_scale_cv,outer->near,,,0.75,8,"2018-01-07,2018-01-08,2018-01-09,2018-01-10,2018-01-11,2018-01-12,2018-01-13,2018-01-14",129.0,108.35195716226434,0.5,-0.08333333333333333,True
fold_06,rolling_7d,paired,pair_hour_direction_scale_cv,outer->near,,,0.8,8,"2018-01-07,2018-01-08,2018-01-09,2018-01-10,2018-01-11,2018-01-12,2018-01-13,2018-01-14",132.0,108.41553735704238,0.5833333333333334,0.0,False
fold_06,rolling_7d,paired,pair_hour_direction_scale_cv,outer->near,,,0.85,8,"2018-01-07,2018-01-08,2018-01-09,2018-01-10,2018-01-11,2018-01-12,2018-01-13,2018-01-14",133.0,108.80079876648217,0.5416666666666666,0.041666666666666664,False
fold_06,rolling_7d,paired,pair_hour_direction_scale_cv,outer->near,,,0.9,8,"2018-01-07,2018-01-08,2018-01-09,2018-01-10,2018-01-11,2018-01-12,2018-01-13,2018-01-14",138.0,109.50774139058367,0.5833333333333334,0.08333333333333333,False
fold_06,rolling_7d,paired,pair_hour_direction_scale_cv,outer->near,,,0.95,8,"2018-01-07,2018-01-08,2018-01-09,2018-01-10,2018-01-11,2018-01-12,2018-01-13,2018-01-14",144.0,110.53636522934693,0.625,0.125,False
fold_06,rolling_7d,paired,pair_hour_direction_scale_cv,outer->near,,,1.0,8,"2018-01-07,2018-01-08,2018-01-09,2018-01-10,2018-01-11,2018-01-12,2018-01-13,2018-01-14",148.0,111.88667028277189,0.6666666666666666,0.16666666666666666,False
fold_06,rolling_7d,paired,pair_hour_direction_scale_cv,outer->near,,,1.05,8,"2018-01-07,2018-01-08,2018-01-09,2018-01-10,2018-01-11,2018-01-12,2018-01-13,2018-01-14",142.0,113.55865655085857,0.6666666666666666,0.16666666666666666,False
fold_06,rolling_7d,independent,present_shrunk20_direction_scale_cv,core->near,,,0.7,8,"2018-01-07,2018-01-08,2018-01-09,2018-01-10,2018-01-11,2018-01-12,2018-01-13,2018-01-14",435.0,398.8518902610131,1.0,0.0,False
fold_06,rolling_7d,independent,present_shrunk20_direction_scale_cv,core->near,,,0.75,8,"2018-01-07,2018-01-08,2018-01-09,2018-01-10,2018-01-11,2018-01-12,2018-01-13,2018-01-14",433.0,395.77154864105273,1.0416666666666667,0.041666666666666664,False
fold_06,rolling_7d,independent,present_shrunk20_direction_scale_cv,core->near,,,0.8,8,"2018-01-07,2018-01-08,2018-01-09,2018-01-10,2018-01-11,2018-01-12,2018-01-13,2018-01-14",416.0,394.25333394546885,1.0416666666666667,0.125,True
fold_06,rolling_7d,independent,present_shrunk20_direction_scale_cv,core->near,,,0.85,8,"2018-01-07,2018-01-08,2018-01-09,2018-01-10,2018-01-11,2018-01-12,2018-01-13,2018-01-14",418.0,394.29724617426155,1.0833333333333333,0.16666666666666666,False
fold_06,rolling_7d,independent,present_shrunk20_direction_scale_cv,core->near,,,0.9,8,"2018-01-07,2018-01-08,2018-01-09,2018-01-10,2018-01-11,2018-01-12,2018-01-13,2018-01-14",422.0,395.90328532743086,1.0833333333333333,0.16666666666666666,False
fold_06,rolling_7d,independent,present_shrunk20_direction_scale_cv,core->near,,,0.95,8,"2018-01-07,2018-01-08,2018-01-09,2018-01-10,2018-01-11,2018-01-12,2018-01-13,2018-01-14",439.0,399.0714514049767,1.1666666666666667,0.25,False
fold_06,rolling_7d,independent,present_shrunk20_direction_scale_cv,core->near,,,1.0,8,"2018-01-07,2018-01-08,2018-01-09,2018-01-10,2018-01-11,2018-01-12,2018-01-13,2018-01-14",446.0,403.8017444068993,1.2916666666666667,0.375,False
fold_06,rolling_7d,independent,present_shrunk20_direction_scale_cv,core->near,,,1.05,8,"2018-01-07,2018-01-08,2018-01-09,2018-01-10,2018-01-11,2018-01-12,2018-01-13,2018-01-14",455.0,410.09416433319825,1.25,0.4166666666666667,False
fold_06,rolling_7d,independent,present_shrunk20_direction_scale_cv,core->outer,,,0.7,8,"2018-01-07,2018-01-08,2018-01-09,2018-01-10,2018-01-11,2018-01-12,2018-01-13,2018-01-14",73.0,62.51484074343384,0.16666666666666666,-0.08333333333333333,False
fold_06,rolling_7d,independent,present_shrunk20_direction_scale_cv,core->outer,,,0.75,8,"2018-01-07,2018-01-08,2018-01-09,2018-01-10,2018-01-11,2018-01-12,2018-01-13,2018-01-14",74.0,61.93115844446968,0.16666666666666666,-0.08333333333333333,False
fold_06,rolling_7d,independent,present_shrunk20_direction_scale_cv,core->outer,,,0.8,8,"2018-01-07,2018-01-08,2018-01-09,2018-01-10,2018-01-11,2018-01-12,2018-01-13,2018-01-14",70.0,61.42665335570619,0.125,-0.041666666666666664,False
fold_06,rolling_7d,independent,present_shrunk20_direction_scale_cv,core->outer,,,0.85,8,"2018-01-07,2018-01-08,2018-01-09,2018-01-10,2018-01-11,2018-01-12,2018-01-13,2018-01-14",70.0,61.00132547714335,0.125,-0.041666666666666664,False
fold_06,rolling_7d,independent,present_shrunk20_direction_scale_cv,core->outer,,,0.9,8,"2018-01-07,2018-01-08,2018-01-09,2018-01-10,2018-01-11,2018-01-12,2018-01-13,2018-01-14",71.0,60.65517480878114,0.125,-0.041666666666666664,False
fold_06,rolling_7d,independent,present_shrunk20_direction_scale_cv,core->outer,,,0.95,8,"2018-01-07,2018-01-08,2018-01-09,2018-01-10,2018-01-11,2018-01-12,2018-01-13,2018-01-14",68.0,60.38820135061959,0.125,-0.041666666666666664,False
fold_06,rolling_7d,independent,present_shrunk20_direction_scale_cv,core->outer,,,1.0,8,"2018-01-07,2018-01-08,2018-01-09,2018-01-10,2018-01-11,2018-01-12,2018-01-13,2018-01-14",68.0,60.20040510265869,0.125,-0.041666666666666664,True
fold_06,rolling_7d,independent,present_shrunk20_direction_scale_cv,core->outer,,,1.05,8,"2018-01-07,2018-01-08,2018-01-09,2018-01-10,2018-01-11,2018-01-12,2018-01-13,2018-01-14",69.0,60.09178606489844,0.16666666666666666,0.0,False
fold_06,rolling_7d,independent,present_shrunk20_direction_scale_cv,near->core,,,0.7,8,"2018-01-07,2018-01-08,2018-01-09,2018-01-10,2018-01-11,2018-01-12,2018-01-13,2018-01-14",404.0,375.4538414150978,0.7083333333333334,0.20833333333333334,False
fold_06,rolling_7d,independent,present_shrunk20_direction_scale_cv,near->core,,,0.75,8,"2018-01-07,2018-01-08,2018-01-09,2018-01-10,2018-01-11,2018-01-12,2018-01-13,2018-01-14",403.0,372.0049973974835,0.75,0.25,False
fold_06,rolling_7d,independent,present_shrunk20_direction_scale_cv,near->core,,,0.8,8,"2018-01-07,2018-01-08,2018-01-09,2018-01-10,2018-01-11,2018-01-12,2018-01-13,2018-01-14",405.0,370.0634137830912,0.9166666666666666,0.4166666666666667,False
fold_06,rolling_7d,independent,present_shrunk20_direction_scale_cv,near->core,,,0.85,8,"2018-01-07,2018-01-08,2018-01-09,2018-01-10,2018-01-11,2018-01-12,2018-01-13,2018-01-14",407.0,369.62909057192076,0.9166666666666666,0.5,False
fold_06,rolling_7d,independent,present_shrunk20_direction_scale_cv,near->core,,,0.9,8,"2018-01-07,2018-01-08,2018-01-09,2018-01-10,2018-01-11,2018-01-12,2018-01-13,2018-01-14",382.0,370.70202776397224,1.0416666666666667,0.625,False
fold_06,rolling_7d,independent,present_shrunk20_direction_scale_cv,near->core,,,0.95,8,"2018-01-07,2018-01-08,2018-01-09,2018-01-10,2018-01-11,2018-01-12,2018-01-13,2018-01-14",380.0,373.2822253592456,1.0416666666666667,0.625,False
fold_06,rolling_7d,independent,present_shrunk20_direction_scale_cv,near->core,,,1.0,8,"2018-01-07,2018-01-08,2018-01-09,2018-01-10,2018-01-11,2018-01-12,2018-01-13,2018-01-14",387.0,377.36968335774094,1.0416666666666667,0.625,False
fold_06,rolling_7d,independent,present_shrunk20_direction_scale_cv,near->core,,,1.05,8,"2018-01-07,2018-01-08,2018-01-09,2018-01-10,2018-01-11,2018-01-12,2018-01-13,2018-01-14",377.0,382.96440175945816,1.0416666666666667,0.625,True
fold_06,rolling_7d,independent,present_shrunk20_direction_scale_cv,near->outer,,,0.7,8,"2018-01-07,2018-01-08,2018-01-09,2018-01-10,2018-01-11,2018-01-12,2018-01-13,2018-01-14",143.0,118.98121207353417,0.3333333333333333,-0.16666666666666666,False
fold_06,rolling_7d,independent,present_shrunk20_direction_scale_cv,near->outer,,,0.75,8,"2018-01-07,2018-01-08,2018-01-09,2018-01-10,2018-01-11,2018-01-12,2018-01-13,2018-01-14",142.0,120.0157776286333,0.3333333333333333,-0.16666666666666666,True
fold_06,rolling_7d,independent,present_shrunk20_direction_scale_cv,near->outer,,,0.8,8,"2018-01-07,2018-01-08,2018-01-09,2018-01-10,2018-01-11,2018-01-12,2018-01-13,2018-01-14",146.0,121.30274990466437,0.375,-0.125,False
fold_06,rolling_7d,independent,present_shrunk20_direction_scale_cv,near->outer,,,0.85,8,"2018-01-07,2018-01-08,2018-01-09,2018-01-10,2018-01-11,2018-01-12,2018-01-13,2018-01-14",148.0,122.8421289016274,0.375,-0.125,False
fold_06,rolling_7d,independent,present_shrunk20_direction_scale_cv,near->outer,,,0.9,8,"2018-01-07,2018-01-08,2018-01-09,2018-01-10,2018-01-11,2018-01-12,2018-01-13,2018-01-14",149.0,124.63391461952239,0.375,-0.125,False
fold_06,rolling_7d,independent,present_shrunk20_direction_scale_cv,near->outer,,,0.95,8,"2018-01-07,2018-01-08,2018-01-09,2018-01-10,2018-01-11,2018-01-12,2018-01-13,2018-01-14",159.0,126.67810705834927,0.4583333333333333,-0.041666666666666664,False
fold_06,rolling_7d,independent,present_shrunk20_direction_scale_cv,near->outer,,,1.0,8,"2018-01-07,2018-01-08,2018-01-09,2018-01-10,2018-01-11,2018-01-12,2018-01-13,2018-01-14",158.0,128.97470621810814,0.4583333333333333,-0.041666666666666664,False
fold_06,rolling_7d,independent,present_shrunk20_direction_scale_cv,near->outer,,,1.05,8,"2018-01-07,2018-01-08,2018-01-09,2018-01-10,2018-01-11,2018-01-12,2018-01-13,2018-01-14",147.0,131.52371209879897,0.4583333333333333,-0.041666666666666664,False
fold_06,rolling_7d,independent,present_shrunk20_direction_scale_cv,outer->core,,,0.7,8,"2018-01-07,2018-01-08,2018-01-09,2018-01-10,2018-01-11,2018-01-12,2018-01-13,2018-01-14",47.0,41.89624505347569,0.20833333333333334,-0.20833333333333334,False
fold_06,rolling_7d,independent,present_shrunk20_direction_scale_cv,outer->core,,,0.75,8,"2018-01-07,2018-01-08,2018-01-09,2018-01-10,2018-01-11,2018-01-12,2018-01-13,2018-01-14",47.0,41.83978735290975,0.20833333333333334,-0.20833333333333334,False
fold_06,rolling_7d,independent,present_shrunk20_direction_scale_cv,outer->core,,,0.8,8,"2018-01-07,2018-01-08,2018-01-09,2018-01-10,2018-01-11,2018-01-12,2018-01-13,2018-01-14",47.0,41.82440914890195,0.20833333333333334,-0.20833333333333334,False
fold_06,rolling_7d,independent,present_shrunk20_direction_scale_cv,outer->core,,,0.85,8,"2018-01-07,2018-01-08,2018-01-09,2018-01-10,2018-01-11,2018-01-12,2018-01-13,2018-01-14",47.0,41.850110441452244,0.20833333333333334,-0.20833333333333334,False
fold_06,rolling_7d,independent,present_shrunk20_direction_scale_cv,outer->core,,,0.9,8,"2018-01-07,2018-01-08,2018-01-09,2018-01-10,2018-01-11,2018-01-12,2018-01-13,2018-01-14",47.0,41.91689123056065,0.20833333333333334,-0.20833333333333334,True
fold_06,rolling_7d,independent,present_shrunk20_direction_scale_cv,outer->core,,,0.95,8,"2018-01-07,2018-01-08,2018-01-09,2018-01-10,2018-01-11,2018-01-12,2018-01-13,2018-01-14",49.0,42.02475151622716,0.20833333333333334,-0.20833333333333334,False
fold_06,rolling_7d,independent,present_shrunk20_direction_scale_cv,outer->core,,,1.0,8,"2018-01-07,2018-01-08,2018-01-09,2018-01-10,2018-01-11,2018-01-12,2018-01-13,2018-01-14",49.0,42.173691298451786,0.20833333333333334,-0.20833333333333334,False
fold_06,rolling_7d,independent,present_shrunk20_direction_scale_cv,outer->core,,,1.05,8,"2018-01-07,2018-01-08,2018-01-09,2018-01-10,2018-01-11,2018-01-12,2018-01-13,2018-01-14",50.0,42.36371057723452,0.20833333333333334,-0.20833333333333334,False
fold_06,rolling_7d,independent,present_shrunk20_direction_scale_cv,outer->near,,,0.7,8,"2018-01-07,2018-01-08,2018-01-09,2018-01-10,2018-01-11,2018-01-12,2018-01-13,2018-01-14",121.0,108.53381217557805,0.4166666666666667,-0.16666666666666666,True
fold_06,rolling_7d,independent,present_shrunk20_direction_scale_cv,outer->near,,,0.75,8,"2018-01-07,2018-01-08,2018-01-09,2018-01-10,2018-01-11,2018-01-12,2018-01-13,2018-01-14",122.0,107.8281849529523,0.4166666666666667,-0.16666666666666666,False
fold_06,rolling_7d,independent,present_shrunk20_direction_scale_cv,outer->near,,,0.8,8,"2018-01-07,2018-01-08,2018-01-09,2018-01-10,2018-01-11,2018-01-12,2018-01-13,2018-01-14",128.0,107.3852949370662,0.5,-0.08333333333333333,False
fold_06,rolling_7d,independent,present_shrunk20_direction_scale_cv,outer->near,,,0.85,8,"2018-01-07,2018-01-08,2018-01-09,2018-01-10,2018-01-11,2018-01-12,2018-01-13,2018-01-14",126.0,107.20514212791973,0.5,-0.08333333333333333,False
fold_06,rolling_7d,independent,present_shrunk20_direction_scale_cv,outer->near,,,0.9,8,"2018-01-07,2018-01-08,2018-01-09,2018-01-10,2018-01-11,2018-01-12,2018-01-13,2018-01-14",125.0,107.2877265255129,0.5,-0.08333333333333333,False
fold_06,rolling_7d,independent,present_shrunk20_direction_scale_cv,outer->near,,,0.95,8,"2018-01-07,2018-01-08,2018-01-09,2018-01-10,2018-01-11,2018-01-12,2018-01-13,2018-01-14",126.0,107.63304812984569,0.5,-0.08333333333333333,False
fold_06,rolling_7d,independent,present_shrunk20_direction_scale_cv,outer->near,,,1.0,8,"2018-01-07,2018-01-08,2018-01-09,2018-01-10,2018-01-11,2018-01-12,2018-01-13,2018-01-14",127.0,108.24110694091813,0.5833333333333334,0.0,False
fold_06,rolling_7d,independent,present_shrunk20_direction_scale_cv,outer->near,,,1.05,8,"2018-01-07,2018-01-08,2018-01-09,2018-01-10,2018-01-11,2018-01-12,2018-01-13,2018-01-14",127.0,109.11190295873018,0.5416666666666666,0.041666666666666664,False
fold_06,rolling_7d,paired,present_shrunk20_direction_scale_cv,core->near,,,0.7,8,"2018-01-07,2018-01-08,2018-01-09,2018-01-10,2018-01-11,2018-01-12,2018-01-13,2018-01-14",415.0,398.8518902610131,1.0833333333333333,0.16666666666666666,False
fold_06,rolling_7d,paired,present_shrunk20_direction_scale_cv,core->near,,,0.75,8,"2018-01-07,2018-01-08,2018-01-09,2018-01-10,2018-01-11,2018-01-12,2018-01-13,2018-01-14",397.0,395.77154864105273,1.0833333333333333,0.16666666666666666,True
fold_06,rolling_7d,paired,present_shrunk20_direction_scale_cv,core->near,,,0.8,8,"2018-01-07,2018-01-08,2018-01-09,2018-01-10,2018-01-11,2018-01-12,2018-01-13,2018-01-14",407.0,394.25333394546885,1.1666666666666667,0.25,False
fold_06,rolling_7d,paired,present_shrunk20_direction_scale_cv,core->near,,,0.85,8,"2018-01-07,2018-01-08,2018-01-09,2018-01-10,2018-01-11,2018-01-12,2018-01-13,2018-01-14",414.0,394.29724617426155,1.2083333333333333,0.2916666666666667,False
fold_06,rolling_7d,paired,present_shrunk20_direction_scale_cv,core->near,,,0.9,8,"2018-01-07,2018-01-08,2018-01-09,2018-01-10,2018-01-11,2018-01-12,2018-01-13,2018-01-14",414.0,395.90328532743086,1.2083333333333333,0.2916666666666667,False
fold_06,rolling_7d,paired,present_shrunk20_direction_scale_cv,core->near,,,0.95,8,"2018-01-07,2018-01-08,2018-01-09,2018-01-10,2018-01-11,2018-01-12,2018-01-13,2018-01-14",416.0,399.0714514049767,1.2083333333333333,0.2916666666666667,False
fold_06,rolling_7d,paired,present_shrunk20_direction_scale_cv,core->near,,,1.0,8,"2018-01-07,2018-01-08,2018-01-09,2018-01-10,2018-01-11,2018-01-12,2018-01-13,2018-01-14",415.0,403.8017444068993,1.2916666666666667,0.375,False
fold_06,rolling_7d,paired,present_shrunk20_direction_scale_cv,core->near,,,1.05,8,"2018-01-07,2018-01-08,2018-01-09,2018-01-10,2018-01-11,2018-01-12,2018-01-13,2018-01-14",433.0,410.09416433319825,1.2916666666666667,0.4583333333333333,False
fold_06,rolling_7d,paired,present_shrunk20_direction_scale_cv,core->outer,,,0.7,8,"2018-01-07,2018-01-08,2018-01-09,2018-01-10,2018-01-11,2018-01-12,2018-01-13,2018-01-14",70.0,62.51484074343384,0.16666666666666666,0.0,False
fold_06,rolling_7d,paired,present_shrunk20_direction_scale_cv,core->outer,,,0.75,8,"2018-01-07,2018-01-08,2018-01-09,2018-01-10,2018-01-11,2018-01-12,2018-01-13,2018-01-14",70.0,61.93115844446968,0.16666666666666666,0.0,False
fold_06,rolling_7d,paired,present_shrunk20_direction_scale_cv,core->outer,,,0.8,8,"2018-01-07,2018-01-08,2018-01-09,2018-01-10,2018-01-11,2018-01-12,2018-01-13,2018-01-14",72.0,61.42665335570619,0.16666666666666666,0.0,False
fold_06,rolling_7d,paired,present_shrunk20_direction_scale_cv,core->outer,,,0.85,8,"2018-01-07,2018-01-08,2018-01-09,2018-01-10,2018-01-11,2018-01-12,2018-01-13,2018-01-14",72.0,61.00132547714335,0.16666666666666666,0.0,False
fold_06,rolling_7d,paired,present_shrunk20_direction_scale_cv,core->outer,,,0.9,8,"2018-01-07,2018-01-08,2018-01-09,2018-01-10,2018-01-11,2018-01-12,2018-01-13,2018-01-14",66.0,60.65517480878114,0.20833333333333334,0.041666666666666664,False
fold_06,rolling_7d,paired,present_shrunk20_direction_scale_cv,core->outer,,,0.95,8,"2018-01-07,2018-01-08,2018-01-09,2018-01-10,2018-01-11,2018-01-12,2018-01-13,2018-01-14",66.0,60.38820135061959,0.20833333333333334,0.041666666666666664,True
fold_06,rolling_7d,paired,present_shrunk20_direction_scale_cv,core->outer,,,1.0,8,"2018-01-07,2018-01-08,2018-01-09,2018-01-10,2018-01-11,2018-01-12,2018-01-13,2018-01-14",67.0,60.20040510265869,0.20833333333333334,0.041666666666666664,False
fold_06,rolling_7d,paired,present_shrunk20_direction_scale_cv,core->outer,,,1.05,8,"2018-01-07,2018-01-08,2018-01-09,2018-01-10,2018-01-11,2018-01-12,2018-01-13,2018-01-14",68.0,60.09178606489844,0.20833333333333334,0.041666666666666664,False
fold_06,rolling_7d,paired,present_shrunk20_direction_scale_cv,near->core,,,0.7,8,"2018-01-07,2018-01-08,2018-01-09,2018-01-10,2018-01-11,2018-01-12,2018-01-13,2018-01-14",401.0,375.4538414150978,0.875,0.375,False
fold_06,rolling_7d,paired,present_shrunk20_direction_scale_cv,near->core,,,0.75,8,"2018-01-07,2018-01-08,2018-01-09,2018-01-10,2018-01-11,2018-01-12,2018-01-13,2018-01-14",394.0,372.0049973974835,0.875,0.375,False
fold_06,rolling_7d,paired,present_shrunk20_direction_scale_cv,near->core,,,0.8,8,"2018-01-07,2018-01-08,2018-01-09,2018-01-10,2018-01-11,2018-01-12,2018-01-13,2018-01-14",402.0,370.0634137830912,0.9166666666666666,0.4166666666666667,False
fold_06,rolling_7d,paired,present_shrunk20_direction_scale_cv,near->core,,,0.85,8,"2018-01-07,2018-01-08,2018-01-09,2018-01-10,2018-01-11,2018-01-12,2018-01-13,2018-01-14",388.0,369.62909057192076,1.0,0.5,False
fold_06,rolling_7d,paired,present_shrunk20_direction_scale_cv,near->core,,,0.9,8,"2018-01-07,2018-01-08,2018-01-09,2018-01-10,2018-01-11,2018-01-12,2018-01-13,2018-01-14",387.0,370.70202776397224,1.0,0.5833333333333334,False
fold_06,rolling_7d,paired,present_shrunk20_direction_scale_cv,near->core,,,0.95,8,"2018-01-07,2018-01-08,2018-01-09,2018-01-10,2018-01-11,2018-01-12,2018-01-13,2018-01-14",382.0,373.2822253592456,1.0,0.5833333333333334,True
fold_06,rolling_7d,paired,present_shrunk20_direction_scale_cv,near->core,,,1.0,8,"2018-01-07,2018-01-08,2018-01-09,2018-01-10,2018-01-11,2018-01-12,2018-01-13,2018-01-14",396.0,377.36968335774094,1.0416666666666667,0.625,False
fold_06,rolling_7d,paired,present_shrunk20_direction_scale_cv,near->core,,,1.05,8,"2018-01-07,2018-01-08,2018-01-09,2018-01-10,2018-01-11,2018-01-12,2018-01-13,2018-01-14",402.0,382.96440175945816,1.0416666666666667,0.7083333333333334,False
fold_06,rolling_7d,paired,present_shrunk20_direction_scale_cv,near->outer,,,0.7,8,"2018-01-07,2018-01-08,2018-01-09,2018-01-10,2018-01-11,2018-01-12,2018-01-13,2018-01-14",149.0,118.98121207353417,0.4583333333333333,-0.125,True
fold_06,rolling_7d,paired,present_shrunk20_direction_scale_cv,near->outer,,,0.75,8,"2018-01-07,2018-01-08,2018-01-09,2018-01-10,2018-01-11,2018-01-12,2018-01-13,2018-01-14",154.0,120.0157776286333,0.4583333333333333,-0.125,False
fold_06,rolling_7d,paired,present_shrunk20_direction_scale_cv,near->outer,,,0.8,8,"2018-01-07,2018-01-08,2018-01-09,2018-01-10,2018-01-11,2018-01-12,2018-01-13,2018-01-14",151.0,121.30274990466437,0.5,-0.08333333333333333,False
fold_06,rolling_7d,paired,present_shrunk20_direction_scale_cv,near->outer,,,0.85,8,"2018-01-07,2018-01-08,2018-01-09,2018-01-10,2018-01-11,2018-01-12,2018-01-13,2018-01-14",155.0,122.8421289016274,0.5,-0.08333333333333333,False
fold_06,rolling_7d,paired,present_shrunk20_direction_scale_cv,near->outer,,,0.9,8,"2018-01-07,2018-01-08,2018-01-09,2018-01-10,2018-01-11,2018-01-12,2018-01-13,2018-01-14",156.0,124.63391461952239,0.5416666666666666,-0.041666666666666664,False
fold_06,rolling_7d,paired,present_shrunk20_direction_scale_cv,near->outer,,,0.95,8,"2018-01-07,2018-01-08,2018-01-09,2018-01-10,2018-01-11,2018-01-12,2018-01-13,2018-01-14",158.0,126.67810705834927,0.5416666666666666,-0.041666666666666664,False
fold_06,rolling_7d,paired,present_shrunk20_direction_scale_cv,near->outer,,,1.0,8,"2018-01-07,2018-01-08,2018-01-09,2018-01-10,2018-01-11,2018-01-12,2018-01-13,2018-01-14",159.0,128.97470621810814,0.5,0.0,False
fold_06,rolling_7d,paired,present_shrunk20_direction_scale_cv,near->outer,,,1.05,8,"2018-01-07,2018-01-08,2018-01-09,2018-01-10,2018-01-11,2018-01-12,2018-01-13,2018-01-14",164.0,131.52371209879897,0.5416666666666666,0.041666666666666664,False
fold_06,rolling_7d,paired,present_shrunk20_direction_scale_cv,outer->core,,,0.7,8,"2018-01-07,2018-01-08,2018-01-09,2018-01-10,2018-01-11,2018-01-12,2018-01-13,2018-01-14",47.0,41.89624505347569,0.20833333333333334,-0.20833333333333334,False
fold_06,rolling_7d,paired,present_shrunk20_direction_scale_cv,outer->core,,,0.75,8,"2018-01-07,2018-01-08,2018-01-09,2018-01-10,2018-01-11,2018-01-12,2018-01-13,2018-01-14",47.0,41.83978735290975,0.20833333333333334,-0.20833333333333334,False
fold_06,rolling_7d,paired,present_shrunk20_direction_scale_cv,outer->core,,,0.8,8,"2018-01-07,2018-01-08,2018-01-09,2018-01-10,2018-01-11,2018-01-12,2018-01-13,2018-01-14",47.0,41.82440914890195,0.16666666666666666,-0.16666666666666666,True
fold_06,rolling_7d,paired,present_shrunk20_direction_scale_cv,outer->core,,,0.85,8,"2018-01-07,2018-01-08,2018-01-09,2018-01-10,2018-01-11,2018-01-12,2018-01-13,2018-01-14",50.0,41.850110441452244,0.16666666666666666,-0.16666666666666666,False
fold_06,rolling_7d,paired,present_shrunk20_direction_scale_cv,outer->core,,,0.9,8,"2018-01-07,2018-01-08,2018-01-09,2018-01-10,2018-01-11,2018-01-12,2018-01-13,2018-01-14",52.0,41.91689123056065,0.16666666666666666,-0.16666666666666666,False
fold_06,rolling_7d,paired,present_shrunk20_direction_scale_cv,outer->core,,,0.95,8,"2018-01-07,2018-01-08,2018-01-09,2018-01-10,2018-01-11,2018-01-12,2018-01-13,2018-01-14",51.0,42.02475151622716,0.16666666666666666,-0.16666666666666666,False
fold_06,rolling_7d,paired,present_shrunk20_direction_scale_cv,outer->core,,,1.0,8,"2018-01-07,2018-01-08,2018-01-09,2018-01-10,2018-01-11,2018-01-12,2018-01-13,2018-01-14",51.0,42.173691298451786,0.16666666666666666,-0.16666666666666666,False
fold_06,rolling_7d,paired,present_shrunk20_direction_scale_cv,outer->core,,,1.05,8,"2018-01-07,2018-01-08,2018-01-09,2018-01-10,2018-01-11,2018-01-12,2018-01-13,2018-01-14",52.0,42.36371057723452,0.16666666666666666,-0.16666666666666666,False
fold_06,rolling_7d,paired,present_shrunk20_direction_scale_cv,outer->near,,,0.7,8,"2018-01-07,2018-01-08,2018-01-09,2018-01-10,2018-01-11,2018-01-12,2018-01-13,2018-01-14",126.0,108.53381217557805,0.4583333333333333,-0.125,True
fold_06,rolling_7d,paired,present_shrunk20_direction_scale_cv,outer->near,,,0.75,8,"2018-01-07,2018-01-08,2018-01-09,2018-01-10,2018-01-11,2018-01-12,2018-01-13,2018-01-14",136.0,107.8281849529523,0.5,-0.08333333333333333,False
fold_06,rolling_7d,paired,present_shrunk20_direction_scale_cv,outer->near,,,0.8,8,"2018-01-07,2018-01-08,2018-01-09,2018-01-10,2018-01-11,2018-01-12,2018-01-13,2018-01-14",134.0,107.3852949370662,0.5416666666666666,0.041666666666666664,False
fold_06,rolling_7d,paired,present_shrunk20_direction_scale_cv,outer->near,,,0.85,8,"2018-01-07,2018-01-08,2018-01-09,2018-01-10,2018-01-11,2018-01-12,2018-01-13,2018-01-14",137.0,107.20514212791973,0.5833333333333334,0.08333333333333333,False
fold_06,rolling_7d,paired,present_shrunk20_direction_scale_cv,outer->near,,,0.9,8,"2018-01-07,2018-01-08,2018-01-09,2018-01-10,2018-01-11,2018-01-12,2018-01-13,2018-01-14",139.0,107.2877265255129,0.625,0.125,False
fold_06,rolling_7d,paired,present_shrunk20_direction_scale_cv,outer->near,,,0.95,8,"2018-01-07,2018-01-08,2018-01-09,2018-01-10,2018-01-11,2018-01-12,2018-01-13,2018-01-14",137.0,107.63304812984569,0.625,0.125,False
fold_06,rolling_7d,paired,present_shrunk20_direction_scale_cv,outer->near,,,1.0,8,"2018-01-07,2018-01-08,2018-01-09,2018-01-10,2018-01-11,2018-01-12,2018-01-13,2018-01-14",129.0,108.24110694091813,0.625,0.125,False
fold_06,rolling_7d,paired,present_shrunk20_direction_scale_cv,outer->near,,,1.05,8,"2018-01-07,2018-01-08,2018-01-09,2018-01-10,2018-01-11,2018-01-12,2018-01-13,2018-01-14",136.0,109.11190295873018,0.625,0.125,False
fold_07,rolling_7d,independent,pair_hour_hier_tau_cv,all,0.0,,,9,"2018-01-07,2018-01-08,2018-01-09,2018-01-10,2018-01-11,2018-01-12,2018-01-13,2018-01-14,2018-01-15",1446.0,1303.7562536181226,0.5910493827160493,-0.046296296296296294,False
fold_07,rolling_7d,independent,pair_hour_hier_tau_cv,all,5.0,,,9,"2018-01-07,2018-01-08,2018-01-09,2018-01-10,2018-01-11,2018-01-12,2018-01-13,2018-01-14,2018-01-15",1319.0,1204.6671208872858,0.5671296296296295,-0.062499999999999986,False
fold_07,rolling_7d,independent,pair_hour_hier_tau_cv,all,10.0,,,9,"2018-01-07,2018-01-08,2018-01-09,2018-01-10,2018-01-11,2018-01-12,2018-01-13,2018-01-14,2018-01-15",1302.0,1188.9503620724183,0.5694444444444444,-0.07716049382716049,False
fold_07,rolling_7d,independent,pair_hour_hier_tau_cv,all,20.0,,,9,"2018-01-07,2018-01-08,2018-01-09,2018-01-10,2018-01-11,2018-01-12,2018-01-13,2018-01-14,2018-01-15",1304.0,1191.5061701008617,0.558641975308642,-0.11574074074074073,False
fold_07,rolling_7d,independent,pair_hour_hier_tau_cv,all,50.0,,,9,"2018-01-07,2018-01-08,2018-01-09,2018-01-10,2018-01-11,2018-01-12,2018-01-13,2018-01-14,2018-01-15",1302.0,1211.2514678521925,0.5447530864197531,-0.17746913580246912,True
fold_07,rolling_7d,independent,pair_hour_hier_tau_cv,all,100.0,,,9,"2018-01-07,2018-01-08,2018-01-09,2018-01-10,2018-01-11,2018-01-12,2018-01-13,2018-01-14,2018-01-15",1317.0,1225.9075990462745,0.5393518518518519,-0.20293209876543208,False
fold_07,rolling_7d,paired,pair_hour_hier_tau_cv,all,0.0,,,9,"2018-01-07,2018-01-08,2018-01-09,2018-01-10,2018-01-11,2018-01-12,2018-01-13,2018-01-14,2018-01-15",1458.0,1303.7562536181226,0.6141975308641976,0.009259259259259259,False
fold_07,rolling_7d,paired,pair_hour_hier_tau_cv,all,5.0,,,9,"2018-01-07,2018-01-08,2018-01-09,2018-01-10,2018-01-11,2018-01-12,2018-01-13,2018-01-14,2018-01-15",1315.0,1204.6671208872858,0.5949074074074074,0.011574074074074073,False
fold_07,rolling_7d,paired,pair_hour_hier_tau_cv,all,10.0,,,9,"2018-01-07,2018-01-08,2018-01-09,2018-01-10,2018-01-11,2018-01-12,2018-01-13,2018-01-14,2018-01-15",1297.0,1188.9503620724183,0.5995370370370371,0.017746913580246913,True
fold_07,rolling_7d,paired,pair_hour_hier_tau_cv,all,20.0,,,9,"2018-01-07,2018-01-08,2018-01-09,2018-01-10,2018-01-11,2018-01-12,2018-01-13,2018-01-14,2018-01-15",1321.0,1191.5061701008617,0.6041666666666667,0.0007716049382716061,False
fold_07,rolling_7d,paired,pair_hour_hier_tau_cv,all,50.0,,,9,"2018-01-07,2018-01-08,2018-01-09,2018-01-10,2018-01-11,2018-01-12,2018-01-13,2018-01-14,2018-01-15",1372.0,1211.2514678521925,0.6435185185185185,0.02469135802469136,False
fold_07,rolling_7d,paired,pair_hour_hier_tau_cv,all,100.0,,,9,"2018-01-07,2018-01-08,2018-01-09,2018-01-10,2018-01-11,2018-01-12,2018-01-13,2018-01-14,2018-01-15",1381.0,1225.9075990462745,0.6458333333333333,0.013117283950617283,False
fold_07,rolling_7d,independent,pair_hour_hier_tau_scale_cv,all,0.0,,0.7,9,"2018-01-07,2018-01-08,2018-01-09,2018-01-10,2018-01-11,2018-01-12,2018-01-13,2018-01-14,2018-01-15",1402.0,1267.176067769384,0.5339506172839505,-0.24074074074074078,False
fold_07,rolling_7d,independent,pair_hour_hier_tau_scale_cv,all,0.0,,0.75,9,"2018-01-07,2018-01-08,2018-01-09,2018-01-10,2018-01-11,2018-01-12,2018-01-13,2018-01-14,2018-01-15",1405.0,1262.0017350677863,0.5455246913580246,-0.20910493827160495,False
fold_07,rolling_7d,independent,pair_hour_hier_tau_scale_cv,all,0.0,,0.8,9,"2018-01-07,2018-01-08,2018-01-09,2018-01-10,2018-01-11,2018-01-12,2018-01-13,2018-01-14,2018-01-15",1385.0,1261.3358145034108,0.5501543209876544,-0.1751543209876543,False
fold_07,rolling_7d,independent,pair_hour_hier_tau_scale_cv,all,0.0,,0.85,9,"2018-01-07,2018-01-08,2018-01-09,2018-01-10,2018-01-11,2018-01-12,2018-01-13,2018-01-14,2018-01-15",1389.0,1265.1783060762564,0.5625000000000001,-0.13194444444444442,False
fold_07,rolling_7d,independent,pair_hour_hier_tau_scale_cv,all,0.0,,0.9,9,"2018-01-07,2018-01-08,2018-01-09,2018-01-10,2018-01-11,2018-01-12,2018-01-13,2018-01-14,2018-01-15",1390.0,1273.5292097863237,0.5648148148148149,-0.09259259259259259,False
fold_07,rolling_7d,independent,pair_hour_hier_tau_scale_cv,all,0.0,,0.95,9,"2018-01-07,2018-01-08,2018-01-09,2018-01-10,2018-01-11,2018-01-12,2018-01-13,2018-01-14,2018-01-15",1427.0,1286.3885256336125,0.5841049382716049,-0.0625,False
fold_07,rolling_7d,independent,pair_hour_hier_tau_scale_cv,all,0.0,,1.0,9,"2018-01-07,2018-01-08,2018-01-09,2018-01-10,2018-01-11,2018-01-12,2018-01-13,2018-01-14,2018-01-15",1446.0,1303.7562536181226,0.5910493827160493,-0.046296296296296294,False
fold_07,rolling_7d,independent,pair_hour_hier_tau_scale_cv,all,0.0,,1.05,9,"2018-01-07,2018-01-08,2018-01-09,2018-01-10,2018-01-11,2018-01-12,2018-01-13,2018-01-14,2018-01-15",1410.0,1325.6323937398547,0.5941358024691358,0.0030864197530864213,False
fold_07,rolling_7d,independent,pair_hour_hier_tau_scale_cv,all,5.0,,0.7,9,"2018-01-07,2018-01-08,2018-01-09,2018-01-10,2018-01-11,2018-01-12,2018-01-13,2018-01-14,2018-01-15",1339.0,1236.8305909160968,0.5270061728395061,-0.22608024691358025,False
fold_07,rolling_7d,independent,pair_hour_hier_tau_scale_cv,all,5.0,,0.75,9,"2018-01-07,2018-01-08,2018-01-09,2018-01-10,2018-01-11,2018-01-12,2018-01-13,2018-01-14,2018-01-15",1304.0,1222.5214177145685,0.5277777777777778,-0.19444444444444445,False
fold_07,rolling_7d,independent,pair_hour_hier_tau_scale_cv,all,5.0,,0.8,9,"2018-01-07,2018-01-08,2018-01-09,2018-01-10,2018-01-11,2018-01-12,2018-01-13,2018-01-14,2018-01-15",1316.0,1211.7916824583976,0.5385802469135802,-0.17129629629629628,False
fold_07,rolling_7d,independent,pair_hour_hier_tau_scale_cv,all,5.0,,0.85,9,"2018-01-07,2018-01-08,2018-01-09,2018-01-10,2018-01-11,2018-01-12,2018-01-13,2018-01-14,2018-01-15",1327.0,1204.6413851475836,0.5486111111111112,-0.15200617283950618,False
fold_07,rolling_7d,independent,pair_hour_hier_tau_scale_cv,all,5.0,,0.9,9,"2018-01-07,2018-01-08,2018-01-09,2018-01-10,2018-01-11,2018-01-12,2018-01-13,2018-01-14,2018-01-15",1314.0,1201.0705257821273,0.5524691358024691,-0.125,False
fold_07,rolling_7d,independent,pair_hour_hier_tau_scale_cv,all,5.0,,0.95,9,"2018-01-07,2018-01-08,2018-01-09,2018-01-10,2018-01-11,2018-01-12,2018-01-13,2018-01-14,2018-01-15",1314.0,1201.079104362028,0.558641975308642,-0.0941358024691358,False
fold_07,rolling_7d,independent,pair_hour_hier_tau_scale_cv,all,5.0,,1.0,9,"2018-01-07,2018-01-08,2018-01-09,2018-01-10,2018-01-11,2018-01-12,2018-01-13,2018-01-14,2018-01-15",1319.0,1204.6671208872858,0.5671296296296295,-0.062499999999999986,False
fold_07,rolling_7d,independent,pair_hour_hier_tau_scale_cv,all,5.0,,1.05,9,"2018-01-07,2018-01-08,2018-01-09,2018-01-10,2018-01-11,2018-01-12,2018-01-13,2018-01-14,2018-01-15",1329.0,1211.8345753579006,0.5810185185185186,-0.02854938271604938,False
fold_07,rolling_7d,independent,pair_hour_hier_tau_scale_cv,all,10.0,,0.7,9,"2018-01-07,2018-01-08,2018-01-09,2018-01-10,2018-01-11,2018-01-12,2018-01-13,2018-01-14,2018-01-15",1325.0,1238.1813711972588,0.5285493827160495,-0.22916666666666666,False
fold_07,rolling_7d,independent,pair_hour_hier_tau_scale_cv,all,10.0,,0.75,9,"2018-01-07,2018-01-08,2018-01-09,2018-01-10,2018-01-11,2018-01-12,2018-01-13,2018-01-14,2018-01-15",1318.0,1221.7628766851763,0.5385802469135803,-0.2006172839506173,False
fold_07,rolling_7d,independent,pair_hour_hier_tau_scale_cv,all,10.0,,0.8,9,"2018-01-07,2018-01-08,2018-01-09,2018-01-10,2018-01-11,2018-01-12,2018-01-13,2018-01-14,2018-01-15",1305.0,1208.629712702937,0.5424382716049383,-0.16743827160493827,False
fold_07,rolling_7d,independent,pair_hour_hier_tau_scale_cv,all,10.0,,0.85,9,"2018-01-07,2018-01-08,2018-01-09,2018-01-10,2018-01-11,2018-01-12,2018-01-13,2018-01-14,2018-01-15",1297.0,1198.781879250542,0.5455246913580247,-0.14583333333333337,False
fold_07,rolling_7d,independent,pair_hour_hier_tau_scale_cv,all,10.0,,0.9,9,"2018-01-07,2018-01-08,2018-01-09,2018-01-10,2018-01-11,2018-01-12,2018-01-13,2018-01-14,2018-01-15",1289.0,1192.2193763279904,0.548611111111111,-0.13040123456790123,True
fold_07,rolling_7d,independent,pair_hour_hier_tau_scale_cv,all,10.0,,0.95,9,"2018-01-07,2018-01-08,2018-01-09,2018-01-10,2018-01-11,2018-01-12,2018-01-13,2018-01-14,2018-01-15",1292.0,1188.9422039352826,0.5540123456790123,-0.10648148148148147,False
fold_07,rolling_7d,independent,pair_hour_hier_tau_scale_cv,all,10.0,,1.0,9,"2018-01-07,2018-01-08,2018-01-09,2018-01-10,2018-01-11,2018-01-12,2018-01-13,2018-01-14,2018-01-15",1302.0,1188.9503620724183,0.5694444444444444,-0.07716049382716049,False
fold_07,rolling_7d,independent,pair_hour_hier_tau_scale_cv,all,10.0,,1.05,9,"2018-01-07,2018-01-08,2018-01-09,2018-01-10,2018-01-11,2018-01-12,2018-01-13,2018-01-14,2018-01-15",1310.0,1192.2438507393977,0.5771604938271605,-0.04475308641975309,False
fold_07,rolling_7d,independent,pair_hour_hier_tau_scale_cv,all,20.0,,0.7,9,"2018-01-07,2018-01-08,2018-01-09,2018-01-10,2018-01-11,2018-01-12,2018-01-13,2018-01-14,2018-01-15",1306.0,1248.5626817407351,0.5308641975308642,-0.2145061728395062,False
fold_07,rolling_7d,independent,pair_hour_hier_tau_scale_cv,all,20.0,,0.75,9,"2018-01-07,2018-01-08,2018-01-09,2018-01-10,2018-01-11,2018-01-12,2018-01-13,2018-01-14,2018-01-15",1308.0,1231.3513799596926,0.5370370370370371,-0.2006172839506173,False
fold_07,rolling_7d,independent,pair_hour_hier_tau_scale_cv,all,20.0,,0.8,9,"2018-01-07,2018-01-08,2018-01-09,2018-01-10,2018-01-11,2018-01-12,2018-01-13,2018-01-14,2018-01-15",1320.0,1217.220831448409,0.5462962962962963,-0.18981481481481477,False
fold_07,rolling_7d,independent,pair_hour_hier_tau_scale_cv,all,20.0,,0.85,9,"2018-01-07,2018-01-08,2018-01-09,2018-01-10,2018-01-11,2018-01-12,2018-01-13,2018-01-14,2018-01-15",1306.0,1206.1710362068839,0.5478395061728396,-0.1728395061728395,False
fold_07,rolling_7d,independent,pair_hour_hier_tau_scale_cv,all,20.0,,0.9,9,"2018-01-07,2018-01-08,2018-01-09,2018-01-10,2018-01-11,2018-01-12,2018-01-13,2018-01-14,2018-01-15",1309.0,1198.2019942351176,0.5516975308641976,-0.1520061728395062,False
fold_07,rolling_7d,independent,pair_hour_hier_tau_scale_cv,all,20.0,,0.95,9,"2018-01-07,2018-01-08,2018-01-09,2018-01-10,2018-01-11,2018-01-12,2018-01-13,2018-01-14,2018-01-15",1305.0,1193.3137055331104,0.5563271604938271,-0.13811728395061726,False
fold_07,rolling_7d,independent,pair_hour_hier_tau_scale_cv,all,20.0,,1.0,9,"2018-01-07,2018-01-08,2018-01-09,2018-01-10,2018-01-11,2018-01-12,2018-01-13,2018-01-14,2018-01-15",1304.0,1191.5061701008617,0.558641975308642,-0.11574074074074073,False
fold_07,rolling_7d,independent,pair_hour_hier_tau_scale_cv,all,20.0,,1.05,9,"2018-01-07,2018-01-08,2018-01-09,2018-01-10,2018-01-11,2018-01-12,2018-01-13,2018-01-14,2018-01-15",1293.0,1192.7793879383717,0.5578703703703703,-0.09953703703703703,False
fold_07,rolling_7d,independent,pair_hour_hier_tau_scale_cv,all,50.0,,0.7,9,"2018-01-07,2018-01-08,2018-01-09,2018-01-10,2018-01-11,2018-01-12,2018-01-13,2018-01-14,2018-01-15",1317.0,1267.524509453487,0.5393518518518519,-0.20910493827160495,False
fold_07,rolling_7d,independent,pair_hour_hier_tau_scale_cv,all,50.0,,0.75,9,"2018-01-07,2018-01-08,2018-01-09,2018-01-10,2018-01-11,2018-01-12,2018-01-13,2018-01-14,2018-01-15",1317.0,1250.7497454935665,0.5393518518518519,-0.20910493827160495,False
fold_07,rolling_7d,independent,pair_hour_hier_tau_scale_cv,all,50.0,,0.8,9,"2018-01-07,2018-01-08,2018-01-09,2018-01-10,2018-01-11,2018-01-12,2018-01-13,2018-01-14,2018-01-15",1317.0,1236.9333510108606,0.5393518518518519,-0.20910493827160495,False
fold_07,rolling_7d,independent,pair_hour_hier_tau_scale_cv,all,50.0,,0.85,9,"2018-01-07,2018-01-08,2018-01-09,2018-01-10,2018-01-11,2018-01-12,2018-01-13,2018-01-14,2018-01-15",1317.0,1226.0753260053705,0.5393518518518519,-0.20601851851851855,False
fold_07,rolling_7d,independent,pair_hour_hier_tau_scale_cv,all,50.0,,0.9,9,"2018-01-07,2018-01-08,2018-01-09,2018-01-10,2018-01-11,2018-01-12,2018-01-13,2018-01-14,2018-01-15",1310.0,1218.1756704770958,0.537037037037037,-0.20216049382716048,False
fold_07,rolling_7d,independent,pair_hour_hier_tau_scale_cv,all,50.0,,0.95,9,"2018-01-07,2018-01-08,2018-01-09,2018-01-10,2018-01-11,2018-01-12,2018-01-13,2018-01-14,2018-01-15",1315.0,1213.2343844260365,0.5424382716049383,-0.19212962962962962,False
fold_07,rolling_7d,independent,pair_hour_hier_tau_scale_cv,all,50.0,,1.0,9,"2018-01-07,2018-01-08,2018-01-09,2018-01-10,2018-01-11,2018-01-12,2018-01-13,2018-01-14,2018-01-15",1302.0,1211.2514678521925,0.5447530864197531,-0.17746913580246912,False
fold_07,rolling_7d,independent,pair_hour_hier_tau_scale_cv,all,50.0,,1.05,9,"2018-01-07,2018-01-08,2018-01-09,2018-01-10,2018-01-11,2018-01-12,2018-01-13,2018-01-14,2018-01-15",1303.0,1212.2269207555642,0.5516975308641975,-0.15509259259259262,False
fold_07,rolling_7d,independent,pair_hour_hier_tau_scale_cv,all,100.0,,0.7,9,"2018-01-07,2018-01-08,2018-01-09,2018-01-10,2018-01-11,2018-01-12,2018-01-13,2018-01-14,2018-01-15",1317.0,1279.0018325642943,0.5393518518518519,-0.20910493827160495,False
fold_07,rolling_7d,independent,pair_hour_hier_tau_scale_cv,all,100.0,,0.75,9,"2018-01-07,2018-01-08,2018-01-09,2018-01-10,2018-01-11,2018-01-12,2018-01-13,2018-01-14,2018-01-15",1317.0,1262.82937181319,0.5393518518518519,-0.20910493827160495,False
fold_07,rolling_7d,independent,pair_hour_hier_tau_scale_cv,all,100.0,,0.8,9,"2018-01-07,2018-01-08,2018-01-09,2018-01-10,2018-01-11,2018-01-12,2018-01-13,2018-01-14,2018-01-15",1317.0,1249.5862797946595,0.5393518518518519,-0.20910493827160495,False
fold_07,rolling_7d,independent,pair_hour_hier_tau_scale_cv,all,100.0,,0.85,9,"2018-01-07,2018-01-08,2018-01-09,2018-01-10,2018-01-11,2018-01-12,2018-01-13,2018-01-14,2018-01-15",1317.0,1239.2725565087026,0.5393518518518519,-0.20910493827160495,False
fold_07,rolling_7d,independent,pair_hour_hier_tau_scale_cv,all,100.0,,0.9,9,"2018-01-07,2018-01-08,2018-01-09,2018-01-10,2018-01-11,2018-01-12,2018-01-13,2018-01-14,2018-01-15",1317.0,1231.8882019553196,0.5393518518518519,-0.20910493827160495,False
fold_07,rolling_7d,independent,pair_hour_hier_tau_scale_cv,all,100.0,,0.95,9,"2018-01-07,2018-01-08,2018-01-09,2018-01-10,2018-01-11,2018-01-12,2018-01-13,2018-01-14,2018-01-15",1318.0,1227.43321613451,0.5401234567901235,-0.20833333333333337,False
fold_07,rolling_7d,independent,pair_hour_hier_tau_scale_cv,all,100.0,,1.0,9,"2018-01-07,2018-01-08,2018-01-09,2018-01-10,2018-01-11,2018-01-12,2018-01-13,2018-01-14,2018-01-15",1317.0,1225.9075990462745,0.5393518518518519,-0.20293209876543208,False
fold_07,rolling_7d,independent,pair_hour_hier_tau_scale_cv,all,100.0,,1.05,9,"2018-01-07,2018-01-08,2018-01-09,2018-01-10,2018-01-11,2018-01-12,2018-01-13,2018-01-14,2018-01-15",1312.0,1227.311350690613,0.5447530864197531,-0.18672839506172836,False
fold_07,rolling_7d,paired,pair_hour_hier_tau_scale_cv,all,0.0,,0.7,9,"2018-01-07,2018-01-08,2018-01-09,2018-01-10,2018-01-11,2018-01-12,2018-01-13,2018-01-14,2018-01-15",1332.0,1267.176067769384,0.5277777777777777,-0.17746913580246912,False
fold_07,rolling_7d,paired,pair_hour_hier_tau_scale_cv,all,0.0,,0.75,9,"2018-01-07,2018-01-08,2018-01-09,2018-01-10,2018-01-11,2018-01-12,2018-01-13,2018-01-14,2018-01-15",1338.0,1262.0017350677863,0.5447530864197531,-0.14197530864197533,False
fold_07,rolling_7d,paired,pair_hour_hier_tau_scale_cv,all,0.0,,0.8,9,"2018-01-07,2018-01-08,2018-01-09,2018-01-10,2018-01-11,2018-01-12,2018-01-13,2018-01-14,2018-01-15",1363.0,1261.3358145034108,0.5532407407407408,-0.11342592592592594,False
fold_07,rolling_7d,paired,pair_hour_hier_tau_scale_cv,all,0.0,,0.85,9,"2018-01-07,2018-01-08,2018-01-09,2018-01-10,2018-01-11,2018-01-12,2018-01-13,2018-01-14,2018-01-15",1363.0,1265.1783060762564,0.5625,-0.07947530864197533,False
fold_07,rolling_7d,paired,pair_hour_hier_tau_scale_cv,all,0.0,,0.9,9,"2018-01-07,2018-01-08,2018-01-09,2018-01-10,2018-01-11,2018-01-12,2018-01-13,2018-01-14,2018-01-15",1373.0,1273.5292097863237,0.5748456790123456,-0.047067901234567895,False
fold_07,rolling_7d,paired,pair_hour_hier_tau_scale_cv,all,0.0,,0.95,9,"2018-01-07,2018-01-08,2018-01-09,2018-01-10,2018-01-11,2018-01-12,2018-01-13,2018-01-14,2018-01-15",1410.0,1286.3885256336125,0.5941358024691359,-0.020061728395061724,False
fold_07,rolling_7d,paired,pair_hour_hier_tau_scale_cv,all,0.0,,1.0,9,"2018-01-07,2018-01-08,2018-01-09,2018-01-10,2018-01-11,2018-01-12,2018-01-13,2018-01-14,2018-01-15",1458.0,1303.7562536181226,0.6141975308641976,0.009259259259259259,False
fold_07,rolling_7d,paired,pair_hour_hier_tau_scale_cv,all,0.0,,1.05,9,"2018-01-07,2018-01-08,2018-01-09,2018-01-10,2018-01-11,2018-01-12,2018-01-13,2018-01-14,2018-01-15",1479.0,1325.6323937398547,0.6242283950617283,0.04398148148148148,False
fold_07,rolling_7d,paired,pair_hour_hier_tau_scale_cv,all,5.0,,0.7,9,"2018-01-07,2018-01-08,2018-01-09,2018-01-10,2018-01-11,2018-01-12,2018-01-13,2018-01-14,2018-01-15",1289.0,1236.8305909160968,0.5316358024691359,-0.16589506172839508,False
fold_07,rolling_7d,paired,pair_hour_hier_tau_scale_cv,all,5.0,,0.75,9,"2018-01-07,2018-01-08,2018-01-09,2018-01-10,2018-01-11,2018-01-12,2018-01-13,2018-01-14,2018-01-15",1298.0,1222.5214177145685,0.5432098765432098,-0.14814814814814817,False
fold_07,rolling_7d,paired,pair_hour_hier_tau_scale_cv,all,5.0,,0.8,9,"2018-01-07,2018-01-08,2018-01-09,2018-01-10,2018-01-11,2018-01-12,2018-01-13,2018-01-14,2018-01-15",1292.0,1211.7916824583976,0.5478395061728395,-0.11574074074074076,False
fold_07,rolling_7d,paired,pair_hour_hier_tau_scale_cv,all,5.0,,0.85,9,"2018-01-07,2018-01-08,2018-01-09,2018-01-10,2018-01-11,2018-01-12,2018-01-13,2018-01-14,2018-01-15",1271.0,1204.6413851475836,0.5547839506172839,-0.07484567901234568,True
fold_07,rolling_7d,paired,pair_hour_hier_tau_scale_cv,all,5.0,,0.9,9,"2018-01-07,2018-01-08,2018-01-09,2018-01-10,2018-01-11,2018-01-12,2018-01-13,2018-01-14,2018-01-15",1285.0,1201.0705257821273,0.5686728395061729,-0.037808641975308636,False
fold_07,rolling_7d,paired,pair_hour_hier_tau_scale_cv,all,5.0,,0.95,9,"2018-01-07,2018-01-08,2018-01-09,2018-01-10,2018-01-11,2018-01-12,2018-01-13,2018-01-14,2018-01-15",1280.0,1201.079104362028,0.5756172839506173,-0.010802469135802469,False
fold_07,rolling_7d,paired,pair_hour_hier_tau_scale_cv,all,5.0,,1.0,9,"2018-01-07,2018-01-08,2018-01-09,2018-01-10,2018-01-11,2018-01-12,2018-01-13,2018-01-14,2018-01-15",1315.0,1204.6671208872858,0.5949074074074074,0.011574074074074073,False
fold_07,rolling_7d,paired,pair_hour_hier_tau_scale_cv,all,5.0,,1.05,9,"2018-01-07,2018-01-08,2018-01-09,2018-01-10,2018-01-11,2018-01-12,2018-01-13,2018-01-14,2018-01-15",1352.0,1211.8345753579006,0.6141975308641976,0.038580246913580245,False
fold_07,rolling_7d,paired,pair_hour_hier_tau_scale_cv,all,10.0,,0.7,9,"2018-01-07,2018-01-08,2018-01-09,2018-01-10,2018-01-11,2018-01-12,2018-01-13,2018-01-14,2018-01-15",1301.0,1238.1813711972588,0.5439814814814814,-0.1550925925925926,False
fold_07,rolling_7d,paired,pair_hour_hier_tau_scale_cv,all,10.0,,0.75,9,"2018-01-07,2018-01-08,2018-01-09,2018-01-10,2018-01-11,2018-01-12,2018-01-13,2018-01-14,2018-01-15",1291.0,1221.7628766851763,0.5470679012345678,-0.13194444444444445,False
fold_07,rolling_7d,paired,pair_hour_hier_tau_scale_cv,all,10.0,,0.8,9,"2018-01-07,2018-01-08,2018-01-09,2018-01-10,2018-01-11,2018-01-12,2018-01-13,2018-01-14,2018-01-15",1287.0,1208.629712702937,0.5563271604938271,-0.10570987654320987,False
fold_07,rolling_7d,paired,pair_hour_hier_tau_scale_cv,all,10.0,,0.85,9,"2018-01-07,2018-01-08,2018-01-09,2018-01-10,2018-01-11,2018-01-12,2018-01-13,2018-01-14,2018-01-15",1293.0,1198.781879250542,0.5640432098765431,-0.08101851851851853,False
fold_07,rolling_7d,paired,pair_hour_hier_tau_scale_cv,all,10.0,,0.9,9,"2018-01-07,2018-01-08,2018-01-09,2018-01-10,2018-01-11,2018-01-12,2018-01-13,2018-01-14,2018-01-15",1310.0,1192.2193763279904,0.5817901234567902,-0.04938271604938271,False
fold_07,rolling_7d,paired,pair_hour_hier_tau_scale_cv,all,10.0,,0.95,9,"2018-01-07,2018-01-08,2018-01-09,2018-01-10,2018-01-11,2018-01-12,2018-01-13,2018-01-14,2018-01-15",1305.0,1188.9422039352826,0.5902777777777778,-0.014660493827160488,False
fold_07,rolling_7d,paired,pair_hour_hier_tau_scale_cv,all,10.0,,1.0,9,"2018-01-07,2018-01-08,2018-01-09,2018-01-10,2018-01-11,2018-01-12,2018-01-13,2018-01-14,2018-01-15",1297.0,1188.9503620724183,0.5995370370370371,0.017746913580246913,False
fold_07,rolling_7d,paired,pair_hour_hier_tau_scale_cv,all,10.0,,1.05,9,"2018-01-07,2018-01-08,2018-01-09,2018-01-10,2018-01-11,2018-01-12,2018-01-13,2018-01-14,2018-01-15",1321.0,1192.2438507393977,0.6134259259259259,0.04089506172839506,False
fold_07,rolling_7d,paired,pair_hour_hier_tau_scale_cv,all,20.0,,0.7,9,"2018-01-07,2018-01-08,2018-01-09,2018-01-10,2018-01-11,2018-01-12,2018-01-13,2018-01-14,2018-01-15",1293.0,1248.5626817407351,0.5439814814814814,-0.16126543209876545,False
fold_07,rolling_7d,paired,pair_hour_hier_tau_scale_cv,all,20.0,,0.75,9,"2018-01-07,2018-01-08,2018-01-09,2018-01-10,2018-01-11,2018-01-12,2018-01-13,2018-01-14,2018-01-15",1283.0,1231.3513799596926,0.5424382716049383,-0.14583333333333337,False
fold_07,rolling_7d,paired,pair_hour_hier_tau_scale_cv,all,20.0,,0.8,9,"2018-01-07,2018-01-08,2018-01-09,2018-01-10,2018-01-11,2018-01-12,2018-01-13,2018-01-14,2018-01-15",1306.0,1217.220831448409,0.558641975308642,-0.12345679012345677,False
fold_07,rolling_7d,paired,pair_hour_hier_tau_scale_cv,all,20.0,,0.85,9,"2018-01-07,2018-01-08,2018-01-09,2018-01-10,2018-01-11,2018-01-12,2018-01-13,2018-01-14,2018-01-15",1291.0,1206.1710362068839,0.5640432098765432,-0.09645061728395062,False
fold_07,rolling_7d,paired,pair_hour_hier_tau_scale_cv,all,20.0,,0.9,9,"2018-01-07,2018-01-08,2018-01-09,2018-01-10,2018-01-11,2018-01-12,2018-01-13,2018-01-14,2018-01-15",1306.0,1198.2019942351176,0.58179012345679,-0.06481481481481483,False
fold_07,rolling_7d,paired,pair_hour_hier_tau_scale_cv,all,20.0,,0.95,9,"2018-01-07,2018-01-08,2018-01-09,2018-01-10,2018-01-11,2018-01-12,2018-01-13,2018-01-14,2018-01-15",1312.0,1193.3137055331104,0.5941358024691358,-0.0308641975308642,False
fold_07,rolling_7d,paired,pair_hour_hier_tau_scale_cv,all,20.0,,1.0,9,"2018-01-07,2018-01-08,2018-01-09,2018-01-10,2018-01-11,2018-01-12,2018-01-13,2018-01-14,2018-01-15",1321.0,1191.5061701008617,0.6041666666666667,0.0007716049382716061,False
fold_07,rolling_7d,paired,pair_hour_hier_tau_scale_cv,all,20.0,,1.05,9,"2018-01-07,2018-01-08,2018-01-09,2018-01-10,2018-01-11,2018-01-12,2018-01-13,2018-01-14,2018-01-15",1338.0,1192.7793879383717,0.6296296296296297,0.04783950617283951,False
fold_07,rolling_7d,paired,pair_hour_hier_tau_scale_cv,all,50.0,,0.7,9,"2018-01-07,2018-01-08,2018-01-09,2018-01-10,2018-01-11,2018-01-12,2018-01-13,2018-01-14,2018-01-15",1309.0,1267.524509453487,0.5393518518518517,-0.19212962962962965,False
fold_07,rolling_7d,paired,pair_hour_hier_tau_scale_cv,all,50.0,,0.75,9,"2018-01-07,2018-01-08,2018-01-09,2018-01-10,2018-01-11,2018-01-12,2018-01-13,2018-01-14,2018-01-15",1294.0,1250.7497454935665,0.5401234567901234,-0.1728395061728395,False
fold_07,rolling_7d,paired,pair_hour_hier_tau_scale_cv,all,50.0,,0.8,9,"2018-01-07,2018-01-08,2018-01-09,2018-01-10,2018-01-11,2018-01-12,2018-01-13,2018-01-14,2018-01-15",1290.0,1236.9333510108606,0.5416666666666665,-0.1574074074074074,False
fold_07,rolling_7d,paired,pair_hour_hier_tau_scale_cv,all,50.0,,0.85,9,"2018-01-07,2018-01-08,2018-01-09,2018-01-10,2018-01-11,2018-01-12,2018-01-13,2018-01-14,2018-01-15",1316.0,1226.0753260053705,0.5648148148148149,-0.11882716049382716,False
fold_07,rolling_7d,paired,pair_hour_hier_tau_scale_cv,all,50.0,,0.9,9,"2018-01-07,2018-01-08,2018-01-09,2018-01-10,2018-01-11,2018-01-12,2018-01-13,2018-01-14,2018-01-15",1317.0,1218.1756704770958,0.5810185185185185,-0.0779320987654321,False
fold_07,rolling_7d,paired,pair_hour_hier_tau_scale_cv,all,50.0,,0.95,9,"2018-01-07,2018-01-08,2018-01-09,2018-01-10,2018-01-11,2018-01-12,2018-01-13,2018-01-14,2018-01-15",1344.0,1213.2343844260365,0.6095679012345678,-0.032407407407407406,False
fold_07,rolling_7d,paired,pair_hour_hier_tau_scale_cv,all,50.0,,1.0,9,"2018-01-07,2018-01-08,2018-01-09,2018-01-10,2018-01-11,2018-01-12,2018-01-13,2018-01-14,2018-01-15",1372.0,1211.2514678521925,0.6435185185185185,0.02469135802469136,False
fold_07,rolling_7d,paired,pair_hour_hier_tau_scale_cv,all,50.0,,1.05,9,"2018-01-07,2018-01-08,2018-01-09,2018-01-10,2018-01-11,2018-01-12,2018-01-13,2018-01-14,2018-01-15",1363.0,1212.2269207555642,0.6581790123456791,0.07175925925925926,False
fold_07,rolling_7d,paired,pair_hour_hier_tau_scale_cv,all,100.0,,0.7,9,"2018-01-07,2018-01-08,2018-01-09,2018-01-10,2018-01-11,2018-01-12,2018-01-13,2018-01-14,2018-01-15",1318.0,1279.0018325642943,0.5401234567901235,-0.20679012345679015,False
fold_07,rolling_7d,paired,pair_hour_hier_tau_scale_cv,all,100.0,,0.75,9,"2018-01-07,2018-01-08,2018-01-09,2018-01-10,2018-01-11,2018-01-12,2018-01-13,2018-01-14,2018-01-15",1317.0,1262.82937181319,0.5393518518518517,-0.19675925925925927,False
fold_07,rolling_7d,paired,pair_hour_hier_tau_scale_cv,all,100.0,,0.8,9,"2018-01-07,2018-01-08,2018-01-09,2018-01-10,2018-01-11,2018-01-12,2018-01-13,2018-01-14,2018-01-15",1298.0,1249.5862797946595,0.5432098765432098,-0.16666666666666669,False
fold_07,rolling_7d,paired,pair_hour_hier_tau_scale_cv,all,100.0,,0.85,9,"2018-01-07,2018-01-08,2018-01-09,2018-01-10,2018-01-11,2018-01-12,2018-01-13,2018-01-14,2018-01-15",1318.0,1239.2725565087026,0.566358024691358,-0.12037037037037036,False
fold_07,rolling_7d,paired,pair_hour_hier_tau_scale_cv,all,100.0,,0.9,9,"2018-01-07,2018-01-08,2018-01-09,2018-01-10,2018-01-11,2018-01-12,2018-01-13,2018-01-14,2018-01-15",1345.0,1231.8882019553196,0.5979938271604938,-0.0625,False
fold_07,rolling_7d,paired,pair_hour_hier_tau_scale_cv,all,100.0,,0.95,9,"2018-01-07,2018-01-08,2018-01-09,2018-01-10,2018-01-11,2018-01-12,2018-01-13,2018-01-14,2018-01-15",1370.0,1227.43321613451,0.6234567901234568,-0.02314814814814815,False
fold_07,rolling_7d,paired,pair_hour_hier_tau_scale_cv,all,100.0,,1.0,9,"2018-01-07,2018-01-08,2018-01-09,2018-01-10,2018-01-11,2018-01-12,2018-01-13,2018-01-14,2018-01-15",1381.0,1225.9075990462745,0.6458333333333333,0.013117283950617283,False
fold_07,rolling_7d,paired,pair_hour_hier_tau_scale_cv,all,100.0,,1.05,9,"2018-01-07,2018-01-08,2018-01-09,2018-01-10,2018-01-11,2018-01-12,2018-01-13,2018-01-14,2018-01-15",1392.0,1227.311350690613,0.6712962962962964,0.07098765432098765,False
fold_07,rolling_7d,independent,pair_hour_circular_cv,all,,raw,,9,"2018-01-07,2018-01-08,2018-01-09,2018-01-10,2018-01-11,2018-01-12,2018-01-13,2018-01-14,2018-01-15",1446.0,1303.7562536181226,0.5910493827160493,-0.046296296296296294,False
fold_07,rolling_7d,independent,pair_hour_circular_cv,all,,triangular3,,9,"2018-01-07,2018-01-08,2018-01-09,2018-01-10,2018-01-11,2018-01-12,2018-01-13,2018-01-14,2018-01-15",1280.0,1189.8015736062534,0.5570987654320987,-0.06327160493827161,True
fold_07,rolling_7d,independent,pair_hour_circular_cv,all,,triangular5,,9,"2018-01-07,2018-01-08,2018-01-09,2018-01-10,2018-01-11,2018-01-12,2018-01-13,2018-01-14,2018-01-15",1319.0,1219.292528760382,0.5794753086419754,-0.07021604938271606,False
fold_07,rolling_7d,paired,pair_hour_circular_cv,all,,raw,,9,"2018-01-07,2018-01-08,2018-01-09,2018-01-10,2018-01-11,2018-01-12,2018-01-13,2018-01-14,2018-01-15",1458.0,1303.7562536181226,0.6141975308641976,0.009259259259259259,False
fold_07,rolling_7d,paired,pair_hour_circular_cv,all,,triangular3,,9,"2018-01-07,2018-01-08,2018-01-09,2018-01-10,2018-01-11,2018-01-12,2018-01-13,2018-01-14,2018-01-15",1299.0,1189.8015736062534,0.5918209876543209,0.016203703703703706,True
fold_07,rolling_7d,paired,pair_hour_circular_cv,all,,triangular5,,9,"2018-01-07,2018-01-08,2018-01-09,2018-01-10,2018-01-11,2018-01-12,2018-01-13,2018-01-14,2018-01-15",1345.0,1219.292528760382,0.6242283950617283,0.031635802469135804,False
fold_07,rolling_7d,independent,pair_hour_circular_scale_cv,all,,raw,0.7,9,"2018-01-07,2018-01-08,2018-01-09,2018-01-10,2018-01-11,2018-01-12,2018-01-13,2018-01-14,2018-01-15",1402.0,1267.176067769384,0.5339506172839505,-0.24074074074074078,False
fold_07,rolling_7d,independent,pair_hour_circular_scale_cv,all,,raw,0.75,9,"2018-01-07,2018-01-08,2018-01-09,2018-01-10,2018-01-11,2018-01-12,2018-01-13,2018-01-14,2018-01-15",1405.0,1262.0017350677863,0.5455246913580246,-0.20910493827160495,False
fold_07,rolling_7d,independent,pair_hour_circular_scale_cv,all,,raw,0.8,9,"2018-01-07,2018-01-08,2018-01-09,2018-01-10,2018-01-11,2018-01-12,2018-01-13,2018-01-14,2018-01-15",1385.0,1261.3358145034108,0.5501543209876544,-0.1751543209876543,False
fold_07,rolling_7d,independent,pair_hour_circular_scale_cv,all,,raw,0.85,9,"2018-01-07,2018-01-08,2018-01-09,2018-01-10,2018-01-11,2018-01-12,2018-01-13,2018-01-14,2018-01-15",1389.0,1265.1783060762564,0.5625000000000001,-0.13194444444444442,False
fold_07,rolling_7d,independent,pair_hour_circular_scale_cv,all,,raw,0.9,9,"2018-01-07,2018-01-08,2018-01-09,2018-01-10,2018-01-11,2018-01-12,2018-01-13,2018-01-14,2018-01-15",1390.0,1273.5292097863237,0.5648148148148149,-0.09259259259259259,False
fold_07,rolling_7d,independent,pair_hour_circular_scale_cv,all,,raw,0.95,9,"2018-01-07,2018-01-08,2018-01-09,2018-01-10,2018-01-11,2018-01-12,2018-01-13,2018-01-14,2018-01-15",1427.0,1286.3885256336125,0.5841049382716049,-0.0625,False
fold_07,rolling_7d,independent,pair_hour_circular_scale_cv,all,,raw,1.0,9,"2018-01-07,2018-01-08,2018-01-09,2018-01-10,2018-01-11,2018-01-12,2018-01-13,2018-01-14,2018-01-15",1446.0,1303.7562536181226,0.5910493827160493,-0.046296296296296294,False
fold_07,rolling_7d,independent,pair_hour_circular_scale_cv,all,,raw,1.05,9,"2018-01-07,2018-01-08,2018-01-09,2018-01-10,2018-01-11,2018-01-12,2018-01-13,2018-01-14,2018-01-15",1410.0,1325.6323937398547,0.5941358024691358,0.0030864197530864213,False
fold_07,rolling_7d,independent,pair_hour_circular_scale_cv,all,,triangular3,0.7,9,"2018-01-07,2018-01-08,2018-01-09,2018-01-10,2018-01-11,2018-01-12,2018-01-13,2018-01-14,2018-01-15",1331.0,1231.6163849948032,0.5177469135802469,-0.24922839506172836,False
fold_07,rolling_7d,independent,pair_hour_circular_scale_cv,all,,triangular3,0.75,9,"2018-01-07,2018-01-08,2018-01-09,2018-01-10,2018-01-11,2018-01-12,2018-01-13,2018-01-14,2018-01-15",1335.0,1216.0076833032845,0.5270061728395061,-0.22145061728395063,False
fold_07,rolling_7d,independent,pair_hour_circular_scale_cv,all,,triangular3,0.8,9,"2018-01-07,2018-01-08,2018-01-09,2018-01-10,2018-01-11,2018-01-12,2018-01-13,2018-01-14,2018-01-15",1308.0,1203.8548081958031,0.5308641975308642,-0.17901234567901236,False
fold_07,rolling_7d,independent,pair_hour_circular_scale_cv,all,,triangular3,0.85,9,"2018-01-07,2018-01-08,2018-01-09,2018-01-10,2018-01-11,2018-01-12,2018-01-13,2018-01-14,2018-01-15",1326.0,1195.1577596723594,0.5462962962962963,-0.14197530864197533,False
fold_07,rolling_7d,independent,pair_hour_circular_scale_cv,all,,triangular3,0.9,9,"2018-01-07,2018-01-08,2018-01-09,2018-01-10,2018-01-11,2018-01-12,2018-01-13,2018-01-14,2018-01-15",1307.0,1189.9165377329534,0.5470679012345678,-0.11805555555555555,False
fold_07,rolling_7d,independent,pair_hour_circular_scale_cv,all,,triangular3,0.95,9,"2018-01-07,2018-01-08,2018-01-09,2018-01-10,2018-01-11,2018-01-12,2018-01-13,2018-01-14,2018-01-15",1291.0,1188.1311423775846,0.554783950617284,-0.08719135802469136,False
fold_07,rolling_7d,independent,pair_hour_circular_scale_cv,all,,triangular3,1.0,9,"2018-01-07,2018-01-08,2018-01-09,2018-01-10,2018-01-11,2018-01-12,2018-01-13,2018-01-14,2018-01-15",1280.0,1189.8015736062534,0.5570987654320987,-0.06327160493827161,False
fold_07,rolling_7d,independent,pair_hour_circular_scale_cv,all,,triangular3,1.05,9,"2018-01-07,2018-01-08,2018-01-09,2018-01-10,2018-01-11,2018-01-12,2018-01-13,2018-01-14,2018-01-15",1262.0,1194.9278314189596,0.5648148148148148,-0.02006172839506173,True
fold_07,rolling_7d,independent,pair_hour_circular_scale_cv,all,,triangular5,0.7,9,"2018-01-07,2018-01-08,2018-01-09,2018-01-10,2018-01-11,2018-01-12,2018-01-13,2018-01-14,2018-01-15",1335.0,1263.1523841586325,0.5146604938271605,-0.2662037037037037,False
fold_07,rolling_7d,independent,pair_hour_circular_scale_cv,all,,triangular5,0.75,9,"2018-01-07,2018-01-08,2018-01-09,2018-01-10,2018-01-11,2018-01-12,2018-01-13,2018-01-14,2018-01-15",1323.0,1247.8511948081123,0.5239197530864198,-0.24151234567901236,False
fold_07,rolling_7d,independent,pair_hour_circular_scale_cv,all,,triangular5,0.8,9,"2018-01-07,2018-01-08,2018-01-09,2018-01-10,2018-01-11,2018-01-12,2018-01-13,2018-01-14,2018-01-15",1315.0,1235.7464908379168,0.5316358024691358,-0.20293209876543208,False
fold_07,rolling_7d,independent,pair_hour_circular_scale_cv,all,,triangular5,0.85,9,"2018-01-07,2018-01-08,2018-01-09,2018-01-10,2018-01-11,2018-01-12,2018-01-13,2018-01-14,2018-01-15",1316.0,1226.8382722480462,0.5478395061728395,-0.15895061728395063,False
fold_07,rolling_7d,independent,pair_hour_circular_scale_cv,all,,triangular5,0.9,9,"2018-01-07,2018-01-08,2018-01-09,2018-01-10,2018-01-11,2018-01-12,2018-01-13,2018-01-14,2018-01-15",1321.0,1221.1265390385001,0.5609567901234569,-0.12885802469135804,False
fold_07,rolling_7d,independent,pair_hour_circular_scale_cv,all,,triangular5,0.95,9,"2018-01-07,2018-01-08,2018-01-09,2018-01-10,2018-01-11,2018-01-12,2018-01-13,2018-01-14,2018-01-15",1327.0,1218.611291209279,0.5748456790123456,-0.09799382716049382,False
fold_07,rolling_7d,independent,pair_hour_circular_scale_cv,all,,triangular5,1.0,9,"2018-01-07,2018-01-08,2018-01-09,2018-01-10,2018-01-11,2018-01-12,2018-01-13,2018-01-14,2018-01-15",1319.0,1219.292528760382,0.5794753086419754,-0.07021604938271606,False
fold_07,rolling_7d,independent,pair_hour_circular_scale_cv,all,,triangular5,1.05,9,"2018-01-07,2018-01-08,2018-01-09,2018-01-10,2018-01-11,2018-01-12,2018-01-13,2018-01-14,2018-01-15",1315.0,1223.1702516918099,0.5887345679012346,-0.03317901234567901,False
fold_07,rolling_7d,paired,pair_hour_circular_scale_cv,all,,raw,0.7,9,"2018-01-07,2018-01-08,2018-01-09,2018-01-10,2018-01-11,2018-01-12,2018-01-13,2018-01-14,2018-01-15",1332.0,1267.176067769384,0.5277777777777777,-0.17746913580246912,False
fold_07,rolling_7d,paired,pair_hour_circular_scale_cv,all,,raw,0.75,9,"2018-01-07,2018-01-08,2018-01-09,2018-01-10,2018-01-11,2018-01-12,2018-01-13,2018-01-14,2018-01-15",1338.0,1262.0017350677863,0.5447530864197531,-0.14197530864197533,False
fold_07,rolling_7d,paired,pair_hour_circular_scale_cv,all,,raw,0.8,9,"2018-01-07,2018-01-08,2018-01-09,2018-01-10,2018-01-11,2018-01-12,2018-01-13,2018-01-14,2018-01-15",1363.0,1261.3358145034108,0.5532407407407408,-0.11342592592592594,False
fold_07,rolling_7d,paired,pair_hour_circular_scale_cv,all,,raw,0.85,9,"2018-01-07,2018-01-08,2018-01-09,2018-01-10,2018-01-11,2018-01-12,2018-01-13,2018-01-14,2018-01-15",1363.0,1265.1783060762564,0.5625,-0.07947530864197533,False
fold_07,rolling_7d,paired,pair_hour_circular_scale_cv,all,,raw,0.9,9,"2018-01-07,2018-01-08,2018-01-09,2018-01-10,2018-01-11,2018-01-12,2018-01-13,2018-01-14,2018-01-15",1373.0,1273.5292097863237,0.5748456790123456,-0.047067901234567895,False
fold_07,rolling_7d,paired,pair_hour_circular_scale_cv,all,,raw,0.95,9,"2018-01-07,2018-01-08,2018-01-09,2018-01-10,2018-01-11,2018-01-12,2018-01-13,2018-01-14,2018-01-15",1410.0,1286.3885256336125,0.5941358024691359,-0.020061728395061724,False
fold_07,rolling_7d,paired,pair_hour_circular_scale_cv,all,,raw,1.0,9,"2018-01-07,2018-01-08,2018-01-09,2018-01-10,2018-01-11,2018-01-12,2018-01-13,2018-01-14,2018-01-15",1458.0,1303.7562536181226,0.6141975308641976,0.009259259259259259,False
fold_07,rolling_7d,paired,pair_hour_circular_scale_cv,all,,raw,1.05,9,"2018-01-07,2018-01-08,2018-01-09,2018-01-10,2018-01-11,2018-01-12,2018-01-13,2018-01-14,2018-01-15",1479.0,1325.6323937398547,0.6242283950617283,0.04398148148148148,False
fold_07,rolling_7d,paired,pair_hour_circular_scale_cv,all,,triangular3,0.7,9,"2018-01-07,2018-01-08,2018-01-09,2018-01-10,2018-01-11,2018-01-12,2018-01-13,2018-01-14,2018-01-15",1306.0,1231.6163849948032,0.5401234567901234,-0.16203703703703703,False
fold_07,rolling_7d,paired,pair_hour_circular_scale_cv,all,,triangular3,0.75,9,"2018-01-07,2018-01-08,2018-01-09,2018-01-10,2018-01-11,2018-01-12,2018-01-13,2018-01-14,2018-01-15",1295.0,1216.0076833032845,0.5501543209876544,-0.13348765432098764,False
fold_07,rolling_7d,paired,pair_hour_circular_scale_cv,all,,triangular3,0.8,9,"2018-01-07,2018-01-08,2018-01-09,2018-01-10,2018-01-11,2018-01-12,2018-01-13,2018-01-14,2018-01-15",1300.0,1203.8548081958031,0.5555555555555556,-0.10339506172839506,False
fold_07,rolling_7d,paired,pair_hour_circular_scale_cv,all,,triangular3,0.85,9,"2018-01-07,2018-01-08,2018-01-09,2018-01-10,2018-01-11,2018-01-12,2018-01-13,2018-01-14,2018-01-15",1290.0,1195.1577596723594,0.5617283950617283,-0.07561728395061729,False
fold_07,rolling_7d,paired,pair_hour_circular_scale_cv,all,,triangular3,0.9,9,"2018-01-07,2018-01-08,2018-01-09,2018-01-10,2018-01-11,2018-01-12,2018-01-13,2018-01-14,2018-01-15",1269.0,1189.9165377329534,0.5625,-0.04243827160493827,True
fold_07,rolling_7d,paired,pair_hour_circular_scale_cv,all,,triangular3,0.95,9,"2018-01-07,2018-01-08,2018-01-09,2018-01-10,2018-01-11,2018-01-12,2018-01-13,2018-01-14,2018-01-15",1283.0,1188.1311423775846,0.576388888888889,-0.011574074074074072,False
fold_07,rolling_7d,paired,pair_hour_circular_scale_cv,all,,triangular3,1.0,9,"2018-01-07,2018-01-08,2018-01-09,2018-01-10,2018-01-11,2018-01-12,2018-01-13,2018-01-14,2018-01-15",1299.0,1189.8015736062534,0.5918209876543209,0.016203703703703706,False
fold_07,rolling_7d,paired,pair_hour_circular_scale_cv,all,,triangular3,1.05,9,"2018-01-07,2018-01-08,2018-01-09,2018-01-10,2018-01-11,2018-01-12,2018-01-13,2018-01-14,2018-01-15",1316.0,1194.9278314189596,0.6064814814814814,0.043209876543209874,False
fold_07,rolling_7d,paired,pair_hour_circular_scale_cv,all,,triangular5,0.7,9,"2018-01-07,2018-01-08,2018-01-09,2018-01-10,2018-01-11,2018-01-12,2018-01-13,2018-01-14,2018-01-15",1293.0,1263.1523841586325,0.5393518518518519,-0.16589506172839508,False
fold_07,rolling_7d,paired,pair_hour_circular_scale_cv,all,,triangular5,0.75,9,"2018-01-07,2018-01-08,2018-01-09,2018-01-10,2018-01-11,2018-01-12,2018-01-13,2018-01-14,2018-01-15",1299.0,1247.8511948081123,0.5563271604938271,-0.12731481481481483,False
fold_07,rolling_7d,paired,pair_hour_circular_scale_cv,all,,triangular5,0.8,9,"2018-01-07,2018-01-08,2018-01-09,2018-01-10,2018-01-11,2018-01-12,2018-01-13,2018-01-14,2018-01-15",1293.0,1235.7464908379168,0.5748456790123456,-0.08564814814814815,False
fold_07,rolling_7d,paired,pair_hour_circular_scale_cv,all,,triangular5,0.85,9,"2018-01-07,2018-01-08,2018-01-09,2018-01-10,2018-01-11,2018-01-12,2018-01-13,2018-01-14,2018-01-15",1304.0,1226.8382722480462,0.587962962962963,-0.054012345679012336,False
fold_07,rolling_7d,paired,pair_hour_circular_scale_cv,all,,triangular5,0.9,9,"2018-01-07,2018-01-08,2018-01-09,2018-01-10,2018-01-11,2018-01-12,2018-01-13,2018-01-14,2018-01-15",1325.0,1221.1265390385001,0.6041666666666666,-0.014660493827160491,False
fold_07,rolling_7d,paired,pair_hour_circular_scale_cv,all,,triangular5,0.95,9,"2018-01-07,2018-01-08,2018-01-09,2018-01-10,2018-01-11,2018-01-12,2018-01-13,2018-01-14,2018-01-15",1340.0,1218.611291209279,0.617283950617284,0.010802469135802469,False
fold_07,rolling_7d,paired,pair_hour_circular_scale_cv,all,,triangular5,1.0,9,"2018-01-07,2018-01-08,2018-01-09,2018-01-10,2018-01-11,2018-01-12,2018-01-13,2018-01-14,2018-01-15",1345.0,1219.292528760382,0.6242283950617283,0.031635802469135804,False
fold_07,rolling_7d,paired,pair_hour_circular_scale_cv,all,,triangular5,1.05,9,"2018-01-07,2018-01-08,2018-01-09,2018-01-10,2018-01-11,2018-01-12,2018-01-13,2018-01-14,2018-01-15",1363.0,1223.1702516918099,0.6334876543209876,0.051697530864197525,False
fold_07,rolling_7d,independent,present_shrunk20_scale_cv,all,,,0.7,9,"2018-01-07,2018-01-08,2018-01-09,2018-01-10,2018-01-11,2018-01-12,2018-01-13,2018-01-14,2018-01-15",1388.0,1253.966348792016,0.5354938271604939,-0.2361111111111111,False
fold_07,rolling_7d,independent,present_shrunk20_scale_cv,all,,,0.75,9,"2018-01-07,2018-01-08,2018-01-09,2018-01-10,2018-01-11,2018-01-12,2018-01-13,2018-01-14,2018-01-15",1378.0,1245.0331123863257,0.5416666666666666,-0.21141975308641978,False
fold_07,rolling_7d,independent,present_shrunk20_scale_cv,all,,,0.8,9,"2018-01-07,2018-01-08,2018-01-09,2018-01-10,2018-01-11,2018-01-12,2018-01-13,2018-01-14,2018-01-15",1365.0,1240.2329078047146,0.5486111111111112,-0.17824074074074073,False
fold_07,rolling_7d,independent,present_shrunk20_scale_cv,all,,,0.85,9,"2018-01-07,2018-01-08,2018-01-09,2018-01-10,2018-01-11,2018-01-12,2018-01-13,2018-01-14,2018-01-15",1364.0,1239.5657350471824,0.5524691358024691,-0.14351851851851852,False
fold_07,rolling_7d,independent,present_shrunk20_scale_cv,all,,,0.9,9,"2018-01-07,2018-01-08,2018-01-09,2018-01-10,2018-01-11,2018-01-12,2018-01-13,2018-01-14,2018-01-15",1348.0,1243.03159411373,0.5570987654320987,-0.10956790123456789,True
fold_07,rolling_7d,independent,present_shrunk20_scale_cv,all,,,0.95,9,"2018-01-07,2018-01-08,2018-01-09,2018-01-10,2018-01-11,2018-01-12,2018-01-13,2018-01-14,2018-01-15",1376.0,1250.6304850043562,0.5725308641975309,-0.07561728395061727,False
fold_07,rolling_7d,independent,present_shrunk20_scale_cv,all,,,1.0,9,"2018-01-07,2018-01-08,2018-01-09,2018-01-10,2018-01-11,2018-01-12,2018-01-13,2018-01-14,2018-01-15",1389.0,1262.3624077190623,0.5779320987654322,-0.053240740740740734,False
fold_07,rolling_7d,independent,present_shrunk20_scale_cv,all,,,1.05,9,"2018-01-07,2018-01-08,2018-01-09,2018-01-10,2018-01-11,2018-01-12,2018-01-13,2018-01-14,2018-01-15",1390.0,1278.227362257847,0.5864197530864197,-0.013888888888888888,False
fold_07,rolling_7d,paired,present_shrunk20_scale_cv,all,,,0.7,9,"2018-01-07,2018-01-08,2018-01-09,2018-01-10,2018-01-11,2018-01-12,2018-01-13,2018-01-14,2018-01-15",1336.0,1253.966348792016,0.5324074074074073,-0.17901234567901236,False
fold_07,rolling_7d,paired,present_shrunk20_scale_cv,all,,,0.75,9,"2018-01-07,2018-01-08,2018-01-09,2018-01-10,2018-01-11,2018-01-12,2018-01-13,2018-01-14,2018-01-15",1327.0,1245.0331123863257,0.5378086419753086,-0.1489197530864198,False
fold_07,rolling_7d,paired,present_shrunk20_scale_cv,all,,,0.8,9,"2018-01-07,2018-01-08,2018-01-09,2018-01-10,2018-01-11,2018-01-12,2018-01-13,2018-01-14,2018-01-15",1319.0,1240.2329078047146,0.5470679012345678,-0.11805555555555555,True
fold_07,rolling_7d,paired,present_shrunk20_scale_cv,all,,,0.85,9,"2018-01-07,2018-01-08,2018-01-09,2018-01-10,2018-01-11,2018-01-12,2018-01-13,2018-01-14,2018-01-15",1343.0,1239.5657350471824,0.5563271604938271,-0.08256172839506172,False
fold_07,rolling_7d,paired,present_shrunk20_scale_cv,all,,,0.9,9,"2018-01-07,2018-01-08,2018-01-09,2018-01-10,2018-01-11,2018-01-12,2018-01-13,2018-01-14,2018-01-15",1357.0,1243.03159411373,0.5748456790123457,-0.05169753086419753,False
fold_07,rolling_7d,paired,present_shrunk20_scale_cv,all,,,0.95,9,"2018-01-07,2018-01-08,2018-01-09,2018-01-10,2018-01-11,2018-01-12,2018-01-13,2018-01-14,2018-01-15",1362.0,1250.6304850043562,0.5848765432098765,-0.024691358024691353,False
fold_07,rolling_7d,paired,present_shrunk20_scale_cv,all,,,1.0,9,"2018-01-07,2018-01-08,2018-01-09,2018-01-10,2018-01-11,2018-01-12,2018-01-13,2018-01-14,2018-01-15",1375.0,1262.3624077190623,0.5949074074074073,0.006944444444444442,False
fold_07,rolling_7d,paired,present_shrunk20_scale_cv,all,,,1.05,9,"2018-01-07,2018-01-08,2018-01-09,2018-01-10,2018-01-11,2018-01-12,2018-01-13,2018-01-14,2018-01-15",1418.0,1278.227362257847,0.6141975308641975,0.035493827160493825,False
fold_07,rolling_7d,independent,pair_hour_direction_scale_cv,core->near,,,0.7,9,"2018-01-07,2018-01-08,2018-01-09,2018-01-10,2018-01-11,2018-01-12,2018-01-13,2018-01-14,2018-01-15",520.0,471.09200791427287,1.2916666666666667,-0.5416666666666666,False
fold_07,rolling_7d,independent,pair_hour_direction_scale_cv,core->near,,,0.75,9,"2018-01-07,2018-01-08,2018-01-09,2018-01-10,2018-01-11,2018-01-12,2018-01-13,2018-01-14,2018-01-15",512.0,468.65816402556004,1.25,-0.4166666666666667,False
fold_07,rolling_7d,independent,pair_hour_direction_scale_cv,core->near,,,0.8,9,"2018-01-07,2018-01-08,2018-01-09,2018-01-10,2018-01-11,2018-01-12,2018-01-13,2018-01-14,2018-01-15",493.0,468.1751218286924,1.2083333333333333,-0.375,True
fold_07,rolling_7d,independent,pair_hour_direction_scale_cv,core->near,,,0.85,9,"2018-01-07,2018-01-08,2018-01-09,2018-01-10,2018-01-11,2018-01-12,2018-01-13,2018-01-14,2018-01-15",501.0,469.64288132367,1.2083333333333333,-0.375,False
fold_07,rolling_7d,independent,pair_hour_direction_scale_cv,core->near,,,0.9,9,"2018-01-07,2018-01-08,2018-01-09,2018-01-10,2018-01-11,2018-01-12,2018-01-13,2018-01-14,2018-01-15",513.0,473.0614425104927,1.2083333333333333,-0.2916666666666667,False
fold_07,rolling_7d,independent,pair_hour_direction_scale_cv,core->near,,,0.95,9,"2018-01-07,2018-01-08,2018-01-09,2018-01-10,2018-01-11,2018-01-12,2018-01-13,2018-01-14,2018-01-15",526.0,478.43080538916075,1.25,-0.25,False
fold_07,rolling_7d,independent,pair_hour_direction_scale_cv,core->near,,,1.0,9,"2018-01-07,2018-01-08,2018-01-09,2018-01-10,2018-01-11,2018-01-12,2018-01-13,2018-01-14,2018-01-15",534.0,485.75096995967397,1.3333333333333333,-0.08333333333333333,False
fold_07,rolling_7d,independent,pair_hour_direction_scale_cv,core->near,,,1.05,9,"2018-01-07,2018-01-08,2018-01-09,2018-01-10,2018-01-11,2018-01-12,2018-01-13,2018-01-14,2018-01-15",531.0,495.02193622203237,1.2916666666666667,0.041666666666666664,False
fold_07,rolling_7d,independent,pair_hour_direction_scale_cv,core->outer,,,0.7,9,"2018-01-07,2018-01-08,2018-01-09,2018-01-10,2018-01-11,2018-01-12,2018-01-13,2018-01-14,2018-01-15",77.0,65.39462601652319,0.16666666666666666,0.0,False
fold_07,rolling_7d,independent,pair_hour_direction_scale_cv,core->outer,,,0.75,9,"2018-01-07,2018-01-08,2018-01-09,2018-01-10,2018-01-11,2018-01-12,2018-01-13,2018-01-14,2018-01-15",74.0,65.09065162509992,0.16666666666666666,0.0,False
fold_07,rolling_7d,independent,pair_hour_direction_scale_cv,core->outer,,,0.8,9,"2018-01-07,2018-01-08,2018-01-09,2018-01-10,2018-01-11,2018-01-12,2018-01-13,2018-01-14,2018-01-15",75.0,64.89476992418663,0.16666666666666666,0.0,False
fold_07,rolling_7d,independent,pair_hour_direction_scale_cv,core->outer,,,0.85,9,"2018-01-07,2018-01-08,2018-01-09,2018-01-10,2018-01-11,2018-01-12,2018-01-13,2018-01-14,2018-01-15",72.0,64.80698091378338,0.16666666666666666,0.0,False
fold_07,rolling_7d,independent,pair_hour_direction_scale_cv,core->outer,,,0.9,9,"2018-01-07,2018-01-08,2018-01-09,2018-01-10,2018-01-11,2018-01-12,2018-01-13,2018-01-14,2018-01-15",72.0,64.82728459389013,0.16666666666666666,0.0,True
fold_07,rolling_7d,independent,pair_hour_direction_scale_cv,core->outer,,,0.95,9,"2018-01-07,2018-01-08,2018-01-09,2018-01-10,2018-01-11,2018-01-12,2018-01-13,2018-01-14,2018-01-15",73.0,64.95568096450688,0.16666666666666666,0.0,False
fold_07,rolling_7d,independent,pair_hour_direction_scale_cv,core->outer,,,1.0,9,"2018-01-07,2018-01-08,2018-01-09,2018-01-10,2018-01-11,2018-01-12,2018-01-13,2018-01-14,2018-01-15",73.0,65.19217002563364,0.16666666666666666,0.0,False
fold_07,rolling_7d,independent,pair_hour_direction_scale_cv,core->outer,,,1.05,9,"2018-01-07,2018-01-08,2018-01-09,2018-01-10,2018-01-11,2018-01-12,2018-01-13,2018-01-14,2018-01-15",74.0,65.53675177727042,0.20833333333333334,0.041666666666666664,False
fold_07,rolling_7d,independent,pair_hour_direction_scale_cv,near->core,,,0.7,9,"2018-01-07,2018-01-08,2018-01-09,2018-01-10,2018-01-11,2018-01-12,2018-01-13,2018-01-14,2018-01-15",469.0,442.221111716313,1.0416666666666667,-0.4583333333333333,False
fold_07,rolling_7d,independent,pair_hour_direction_scale_cv,near->core,,,0.75,9,"2018-01-07,2018-01-08,2018-01-09,2018-01-10,2018-01-11,2018-01-12,2018-01-13,2018-01-14,2018-01-15",480.0,438.3882451883487,1.0416666666666667,-0.375,False
fold_07,rolling_7d,independent,pair_hour_direction_scale_cv,near->core,,,0.8,9,"2018-01-07,2018-01-08,2018-01-09,2018-01-10,2018-01-11,2018-01-12,2018-01-13,2018-01-14,2018-01-15",477.0,436.28984301173847,1.0416666666666667,-0.375,False
fold_07,rolling_7d,independent,pair_hour_direction_scale_cv,near->core,,,0.85,9,"2018-01-07,2018-01-08,2018-01-09,2018-01-10,2018-01-11,2018-01-12,2018-01-13,2018-01-14,2018-01-15",475.0,435.92590518648245,1.0833333333333333,-0.25,False
fold_07,rolling_7d,independent,pair_hour_direction_scale_cv,near->core,,,0.9,9,"2018-01-07,2018-01-08,2018-01-09,2018-01-10,2018-01-11,2018-01-12,2018-01-13,2018-01-14,2018-01-15",455.0,437.2964317125806,1.2083333333333333,-0.125,False
fold_07,rolling_7d,independent,pair_hour_direction_scale_cv,near->core,,,0.95,9,"2018-01-07,2018-01-08,2018-01-09,2018-01-10,2018-01-11,2018-01-12,2018-01-13,2018-01-14,2018-01-15",469.0,440.4014225900329,1.25,-0.08333333333333333,False
fold_07,rolling_7d,independent,pair_hour_direction_scale_cv,near->core,,,1.0,9,"2018-01-07,2018-01-08,2018-01-09,2018-01-10,2018-01-11,2018-01-12,2018-01-13,2018-01-14,2018-01-15",474.0,445.2408778188394,1.2916666666666667,-0.041666666666666664,False
fold_07,rolling_7d,independent,pair_hour_direction_scale_cv,near->core,,,1.05,9,"2018-01-07,2018-01-08,2018-01-09,2018-01-10,2018-01-11,2018-01-12,2018-01-13,2018-01-14,2018-01-15",454.0,451.81479739900004,1.2916666666666667,0.041666666666666664,True
fold_07,rolling_7d,independent,pair_hour_direction_scale_cv,near->outer,,,0.7,9,"2018-01-07,2018-01-08,2018-01-09,2018-01-10,2018-01-11,2018-01-12,2018-01-13,2018-01-14,2018-01-15",150.0,126.17860965335167,0.2916666666666667,0.041666666666666664,True
fold_07,rolling_7d,independent,pair_hour_direction_scale_cv,near->outer,,,0.75,9,"2018-01-07,2018-01-08,2018-01-09,2018-01-10,2018-01-11,2018-01-12,2018-01-13,2018-01-14,2018-01-15",151.0,127.72128403489097,0.2916666666666667,0.041666666666666664,False
fold_07,rolling_7d,independent,pair_hour_direction_scale_cv,near->outer,,,0.8,9,"2018-01-07,2018-01-08,2018-01-09,2018-01-10,2018-01-11,2018-01-12,2018-01-13,2018-01-14,2018-01-15",157.0,129.56318538488927,0.3333333333333333,0.08333333333333333,False
fold_07,rolling_7d,independent,pair_hour_direction_scale_cv,near->outer,,,0.85,9,"2018-01-07,2018-01-08,2018-01-09,2018-01-10,2018-01-11,2018-01-12,2018-01-13,2018-01-14,2018-01-15",159.0,131.7043137033466,0.375,0.125,False
fold_07,rolling_7d,independent,pair_hour_direction_scale_cv,near->outer,,,0.9,9,"2018-01-07,2018-01-08,2018-01-09,2018-01-10,2018-01-11,2018-01-12,2018-01-13,2018-01-14,2018-01-15",164.0,134.144668990263,0.375,0.125,False
fold_07,rolling_7d,independent,pair_hour_direction_scale_cv,near->outer,,,0.95,9,"2018-01-07,2018-01-08,2018-01-09,2018-01-10,2018-01-11,2018-01-12,2018-01-13,2018-01-14,2018-01-15",169.0,136.88425124563835,0.375,0.125,False
fold_07,rolling_7d,independent,pair_hour_direction_scale_cv,near->outer,,,1.0,9,"2018-01-07,2018-01-08,2018-01-09,2018-01-10,2018-01-11,2018-01-12,2018-01-13,2018-01-14,2018-01-15",175.0,139.9230604694728,0.375,0.125,False
fold_07,rolling_7d,independent,pair_hour_direction_scale_cv,near->outer,,,1.05,9,"2018-01-07,2018-01-08,2018-01-09,2018-01-10,2018-01-11,2018-01-12,2018-01-13,2018-01-14,2018-01-15",160.0,143.2610966617663,0.2916666666666667,0.20833333333333334,False
fold_07,rolling_7d,independent,pair_hour_direction_scale_cv,outer->core,,,0.7,9,"2018-01-07,2018-01-08,2018-01-09,2018-01-10,2018-01-11,2018-01-12,2018-01-13,2018-01-14,2018-01-15",53.0,48.136754878491,0.16666666666666666,-0.16666666666666666,False
fold_07,rolling_7d,independent,pair_hour_direction_scale_cv,outer->core,,,0.75,9,"2018-01-07,2018-01-08,2018-01-09,2018-01-10,2018-01-11,2018-01-12,2018-01-13,2018-01-14,2018-01-15",53.0,48.2319821802762,0.16666666666666666,-0.16666666666666666,True
fold_07,rolling_7d,independent,pair_hour_direction_scale_cv,outer->core,,,0.8,9,"2018-01-07,2018-01-08,2018-01-09,2018-01-10,2018-01-11,2018-01-12,2018-01-13,2018-01-14,2018-01-15",55.0,48.3862230758376,0.16666666666666666,-0.16666666666666666,False
fold_07,rolling_7d,independent,pair_hour_direction_scale_cv,outer->core,,,0.85,9,"2018-01-07,2018-01-08,2018-01-09,2018-01-10,2018-01-11,2018-01-12,2018-01-13,2018-01-14,2018-01-15",56.0,48.59947756517521,0.16666666666666666,-0.16666666666666666,False
fold_07,rolling_7d,independent,pair_hour_direction_scale_cv,outer->core,,,0.9,9,"2018-01-07,2018-01-08,2018-01-09,2018-01-10,2018-01-11,2018-01-12,2018-01-13,2018-01-14,2018-01-15",56.0,48.87174564828902,0.16666666666666666,-0.16666666666666666,False
fold_07,rolling_7d,independent,pair_hour_direction_scale_cv,outer->core,,,0.95,9,"2018-01-07,2018-01-08,2018-01-09,2018-01-10,2018-01-11,2018-01-12,2018-01-13,2018-01-14,2018-01-15",58.0,49.20302732517905,0.16666666666666666,-0.16666666666666666,False
fold_07,rolling_7d,independent,pair_hour_direction_scale_cv,outer->core,,,1.0,9,"2018-01-07,2018-01-08,2018-01-09,2018-01-10,2018-01-11,2018-01-12,2018-01-13,2018-01-14,2018-01-15",58.0,49.59332259584528,0.16666666666666666,-0.16666666666666666,False
fold_07,rolling_7d,independent,pair_hour_direction_scale_cv,outer->core,,,1.05,9,"2018-01-07,2018-01-08,2018-01-09,2018-01-10,2018-01-11,2018-01-12,2018-01-13,2018-01-14,2018-01-15",63.0,50.04263146028773,0.20833333333333334,-0.125,False
fold_07,rolling_7d,independent,pair_hour_direction_scale_cv,outer->near,,,0.7,9,"2018-01-07,2018-01-08,2018-01-09,2018-01-10,2018-01-11,2018-01-12,2018-01-13,2018-01-14,2018-01-15",133.0,114.152957590432,0.25,-0.08333333333333333,False
fold_07,rolling_7d,independent,pair_hour_direction_scale_cv,outer->near,,,0.75,9,"2018-01-07,2018-01-08,2018-01-09,2018-01-10,2018-01-11,2018-01-12,2018-01-13,2018-01-14,2018-01-15",135.0,113.9114080136108,0.25,-0.08333333333333333,False
fold_07,rolling_7d,independent,pair_hour_direction_scale_cv,outer->near,,,0.8,9,"2018-01-07,2018-01-08,2018-01-09,2018-01-10,2018-01-11,2018-01-12,2018-01-13,2018-01-14,2018-01-15",128.0,114.02667127806642,0.16666666666666666,0.0,False
fold_07,rolling_7d,independent,pair_hour_direction_scale_cv,outer->near,,,0.85,9,"2018-01-07,2018-01-08,2018-01-09,2018-01-10,2018-01-11,2018-01-12,2018-01-13,2018-01-14,2018-01-15",126.0,114.49874738379893,0.16666666666666666,0.0,True
fold_07,rolling_7d,independent,pair_hour_direction_scale_cv,outer->near,,,0.9,9,"2018-01-07,2018-01-08,2018-01-09,2018-01-10,2018-01-11,2018-01-12,2018-01-13,2018-01-14,2018-01-15",130.0,115.32763633080829,0.16666666666666666,0.0,False
fold_07,rolling_7d,independent,pair_hour_direction_scale_cv,outer->near,,,0.95,9,"2018-01-07,2018-01-08,2018-01-09,2018-01-10,2018-01-11,2018-01-12,2018-01-13,2018-01-14,2018-01-15",132.0,116.51333811909454,0.16666666666666666,0.0,False
fold_07,rolling_7d,independent,pair_hour_direction_scale_cv,outer->near,,,1.0,9,"2018-01-07,2018-01-08,2018-01-09,2018-01-10,2018-01-11,2018-01-12,2018-01-13,2018-01-14,2018-01-15",132.0,118.05585274865766,0.16666666666666666,0.0,False
fold_07,rolling_7d,independent,pair_hour_direction_scale_cv,outer->near,,,1.05,9,"2018-01-07,2018-01-08,2018-01-09,2018-01-10,2018-01-11,2018-01-12,2018-01-13,2018-01-14,2018-01-15",128.0,119.95518021949762,0.2916666666666667,0.125,False
fold_07,rolling_7d,paired,pair_hour_direction_scale_cv,core->near,,,0.7,9,"2018-01-07,2018-01-08,2018-01-09,2018-01-10,2018-01-11,2018-01-12,2018-01-13,2018-01-14,2018-01-15",482.0,471.09200791427287,1.2916666666666667,-0.2916666666666667,False
fold_07,rolling_7d,paired,pair_hour_direction_scale_cv,core->near,,,0.75,9,"2018-01-07,2018-01-08,2018-01-09,2018-01-10,2018-01-11,2018-01-12,2018-01-13,2018-01-14,2018-01-15",477.0,468.65816402556004,1.25,-0.25,True
fold_07,rolling_7d,paired,pair_hour_direction_scale_cv,core->near,,,0.8,9,"2018-01-07,2018-01-08,2018-01-09,2018-01-10,2018-01-11,2018-01-12,2018-01-13,2018-01-14,2018-01-15",489.0,468.1751218286924,1.25,-0.25,False
fold_07,rolling_7d,paired,pair_hour_direction_scale_cv,core->near,,,0.85,9,"2018-01-07,2018-01-08,2018-01-09,2018-01-10,2018-01-11,2018-01-12,2018-01-13,2018-01-14,2018-01-15",507.0,469.64288132367,1.2916666666666667,-0.20833333333333334,False
fold_07,rolling_7d,paired,pair_hour_direction_scale_cv,core->near,,,0.9,9,"2018-01-07,2018-01-08,2018-01-09,2018-01-10,2018-01-11,2018-01-12,2018-01-13,2018-01-14,2018-01-15",505.0,473.0614425104927,1.25,-0.16666666666666666,False
fold_07,rolling_7d,paired,pair_hour_direction_scale_cv,core->near,,,0.95,9,"2018-01-07,2018-01-08,2018-01-09,2018-01-10,2018-01-11,2018-01-12,2018-01-13,2018-01-14,2018-01-15",510.0,478.43080538916075,1.25,-0.16666666666666666,False
fold_07,rolling_7d,paired,pair_hour_direction_scale_cv,core->near,,,1.0,9,"2018-01-07,2018-01-08,2018-01-09,2018-01-10,2018-01-11,2018-01-12,2018-01-13,2018-01-14,2018-01-15",522.0,485.75096995967397,1.2916666666666667,-0.041666666666666664,False
fold_07,rolling_7d,paired,pair_hour_direction_scale_cv,core->near,,,1.05,9,"2018-01-07,2018-01-08,2018-01-09,2018-01-10,2018-01-11,2018-01-12,2018-01-13,2018-01-14,2018-01-15",528.0,495.02193622203237,1.3333333333333333,0.08333333333333333,False
fold_07,rolling_7d,paired,pair_hour_direction_scale_cv,core->outer,,,0.7,9,"2018-01-07,2018-01-08,2018-01-09,2018-01-10,2018-01-11,2018-01-12,2018-01-13,2018-01-14,2018-01-15",82.0,65.39462601652319,0.16666666666666666,0.0,False
fold_07,rolling_7d,paired,pair_hour_direction_scale_cv,core->outer,,,0.75,9,"2018-01-07,2018-01-08,2018-01-09,2018-01-10,2018-01-11,2018-01-12,2018-01-13,2018-01-14,2018-01-15",82.0,65.09065162509992,0.16666666666666666,0.0,False
fold_07,rolling_7d,paired,pair_hour_direction_scale_cv,core->outer,,,0.8,9,"2018-01-07,2018-01-08,2018-01-09,2018-01-10,2018-01-11,2018-01-12,2018-01-13,2018-01-14,2018-01-15",80.0,64.89476992418663,0.16666666666666666,0.0,False
fold_07,rolling_7d,paired,pair_hour_direction_scale_cv,core->outer,,,0.85,9,"2018-01-07,2018-01-08,2018-01-09,2018-01-10,2018-01-11,2018-01-12,2018-01-13,2018-01-14,2018-01-15",76.0,64.80698091378338,0.20833333333333334,0.041666666666666664,True
fold_07,rolling_7d,paired,pair_hour_direction_scale_cv,core->outer,,,0.9,9,"2018-01-07,2018-01-08,2018-01-09,2018-01-10,2018-01-11,2018-01-12,2018-01-13,2018-01-14,2018-01-15",77.0,64.82728459389013,0.25,0.08333333333333333,False
fold_07,rolling_7d,paired,pair_hour_direction_scale_cv,core->outer,,,0.95,9,"2018-01-07,2018-01-08,2018-01-09,2018-01-10,2018-01-11,2018-01-12,2018-01-13,2018-01-14,2018-01-15",77.0,64.95568096450688,0.25,0.08333333333333333,False
fold_07,rolling_7d,paired,pair_hour_direction_scale_cv,core->outer,,,1.0,9,"2018-01-07,2018-01-08,2018-01-09,2018-01-10,2018-01-11,2018-01-12,2018-01-13,2018-01-14,2018-01-15",78.0,65.19217002563364,0.25,0.08333333333333333,False
fold_07,rolling_7d,paired,pair_hour_direction_scale_cv,core->outer,,,1.05,9,"2018-01-07,2018-01-08,2018-01-09,2018-01-10,2018-01-11,2018-01-12,2018-01-13,2018-01-14,2018-01-15",77.0,65.53675177727042,0.25,0.08333333333333333,False
fold_07,rolling_7d,paired,pair_hour_direction_scale_cv,near->core,,,0.7,9,"2018-01-07,2018-01-08,2018-01-09,2018-01-10,2018-01-11,2018-01-12,2018-01-13,2018-01-14,2018-01-15",473.0,442.221111716313,1.2083333333333333,-0.375,False
fold_07,rolling_7d,paired,pair_hour_direction_scale_cv,near->core,,,0.75,9,"2018-01-07,2018-01-08,2018-01-09,2018-01-10,2018-01-11,2018-01-12,2018-01-13,2018-01-14,2018-01-15",478.0,438.3882451883487,1.2083333333333333,-0.375,False
fold_07,rolling_7d,paired,pair_hour_direction_scale_cv,near->core,,,0.8,9,"2018-01-07,2018-01-08,2018-01-09,2018-01-10,2018-01-11,2018-01-12,2018-01-13,2018-01-14,2018-01-15",469.0,436.28984301173847,1.2083333333333333,-0.2916666666666667,False
fold_07,rolling_7d,paired,pair_hour_direction_scale_cv,near->core,,,0.85,9,"2018-01-07,2018-01-08,2018-01-09,2018-01-10,2018-01-11,2018-01-12,2018-01-13,2018-01-14,2018-01-15",447.0,435.92590518648245,1.1666666666666667,-0.16666666666666666,True
fold_07,rolling_7d,paired,pair_hour_direction_scale_cv,near->core,,,0.9,9,"2018-01-07,2018-01-08,2018-01-09,2018-01-10,2018-01-11,2018-01-12,2018-01-13,2018-01-14,2018-01-15",449.0,437.2964317125806,1.25,-0.08333333333333333,False
fold_07,rolling_7d,paired,pair_hour_direction_scale_cv,near->core,,,0.95,9,"2018-01-07,2018-01-08,2018-01-09,2018-01-10,2018-01-11,2018-01-12,2018-01-13,2018-01-14,2018-01-15",463.0,440.4014225900329,1.25,-0.08333333333333333,False
fold_07,rolling_7d,paired,pair_hour_direction_scale_cv,near->core,,,1.0,9,"2018-01-07,2018-01-08,2018-01-09,2018-01-10,2018-01-11,2018-01-12,2018-01-13,2018-01-14,2018-01-15",474.0,445.2408778188394,1.25,-0.08333333333333333,False
fold_07,rolling_7d,paired,pair_hour_direction_scale_cv,near->core,,,1.05,9,"2018-01-07,2018-01-08,2018-01-09,2018-01-10,2018-01-11,2018-01-12,2018-01-13,2018-01-14,2018-01-15",478.0,451.81479739900004,1.2916666666666667,0.041666666666666664,False
fold_07,rolling_7d,paired,pair_hour_direction_scale_cv,near->outer,,,0.7,9,"2018-01-07,2018-01-08,2018-01-09,2018-01-10,2018-01-11,2018-01-12,2018-01-13,2018-01-14,2018-01-15",154.0,126.17860965335167,0.25,0.08333333333333333,True
fold_07,rolling_7d,paired,pair_hour_direction_scale_cv,near->outer,,,0.75,9,"2018-01-07,2018-01-08,2018-01-09,2018-01-10,2018-01-11,2018-01-12,2018-01-13,2018-01-14,2018-01-15",158.0,127.72128403489097,0.25,0.08333333333333333,False
fold_07,rolling_7d,paired,pair_hour_direction_scale_cv,near->outer,,,0.8,9,"2018-01-07,2018-01-08,2018-01-09,2018-01-10,2018-01-11,2018-01-12,2018-01-13,2018-01-14,2018-01-15",159.0,129.56318538488927,0.2916666666666667,0.125,False
fold_07,rolling_7d,paired,pair_hour_direction_scale_cv,near->outer,,,0.85,9,"2018-01-07,2018-01-08,2018-01-09,2018-01-10,2018-01-11,2018-01-12,2018-01-13,2018-01-14,2018-01-15",161.0,131.7043137033466,0.3333333333333333,0.16666666666666666,False
fold_07,rolling_7d,paired,pair_hour_direction_scale_cv,near->outer,,,0.9,9,"2018-01-07,2018-01-08,2018-01-09,2018-01-10,2018-01-11,2018-01-12,2018-01-13,2018-01-14,2018-01-15",165.0,134.144668990263,0.3333333333333333,0.16666666666666666,False
fold_07,rolling_7d,paired,pair_hour_direction_scale_cv,near->outer,,,0.95,9,"2018-01-07,2018-01-08,2018-01-09,2018-01-10,2018-01-11,2018-01-12,2018-01-13,2018-01-14,2018-01-15",166.0,136.88425124563835,0.3333333333333333,0.16666666666666666,False
fold_07,rolling_7d,paired,pair_hour_direction_scale_cv,near->outer,,,1.0,9,"2018-01-07,2018-01-08,2018-01-09,2018-01-10,2018-01-11,2018-01-12,2018-01-13,2018-01-14,2018-01-15",168.0,139.9230604694728,0.3333333333333333,0.16666666666666666,False
fold_07,rolling_7d,paired,pair_hour_direction_scale_cv,near->outer,,,1.05,9,"2018-01-07,2018-01-08,2018-01-09,2018-01-10,2018-01-11,2018-01-12,2018-01-13,2018-01-14,2018-01-15",174.0,143.2610966617663,0.3333333333333333,0.16666666666666666,False
fold_07,rolling_7d,paired,pair_hour_direction_scale_cv,outer->core,,,0.7,9,"2018-01-07,2018-01-08,2018-01-09,2018-01-10,2018-01-11,2018-01-12,2018-01-13,2018-01-14,2018-01-15",56.0,48.136754878491,0.20833333333333334,-0.125,False
fold_07,rolling_7d,paired,pair_hour_direction_scale_cv,outer->core,,,0.75,9,"2018-01-07,2018-01-08,2018-01-09,2018-01-10,2018-01-11,2018-01-12,2018-01-13,2018-01-14,2018-01-15",56.0,48.2319821802762,0.20833333333333334,-0.125,False
fold_07,rolling_7d,paired,pair_hour_direction_scale_cv,outer->core,,,0.8,9,"2018-01-07,2018-01-08,2018-01-09,2018-01-10,2018-01-11,2018-01-12,2018-01-13,2018-01-14,2018-01-15",55.0,48.3862230758376,0.20833333333333334,-0.125,False
fold_07,rolling_7d,paired,pair_hour_direction_scale_cv,outer->core,,,0.85,9,"2018-01-07,2018-01-08,2018-01-09,2018-01-10,2018-01-11,2018-01-12,2018-01-13,2018-01-14,2018-01-15",53.0,48.59947756517521,0.20833333333333334,-0.125,False
fold_07,rolling_7d,paired,pair_hour_direction_scale_cv,outer->core,,,0.9,9,"2018-01-07,2018-01-08,2018-01-09,2018-01-10,2018-01-11,2018-01-12,2018-01-13,2018-01-14,2018-01-15",52.0,48.87174564828902,0.20833333333333334,-0.125,True
fold_07,rolling_7d,paired,pair_hour_direction_scale_cv,outer->core,,,0.95,9,"2018-01-07,2018-01-08,2018-01-09,2018-01-10,2018-01-11,2018-01-12,2018-01-13,2018-01-14,2018-01-15",56.0,49.20302732517905,0.20833333333333334,-0.125,False
fold_07,rolling_7d,paired,pair_hour_direction_scale_cv,outer->core,,,1.0,9,"2018-01-07,2018-01-08,2018-01-09,2018-01-10,2018-01-11,2018-01-12,2018-01-13,2018-01-14,2018-01-15",61.0,49.59332259584528,0.25,-0.08333333333333333,False
fold_07,rolling_7d,paired,pair_hour_direction_scale_cv,outer->core,,,1.05,9,"2018-01-07,2018-01-08,2018-01-09,2018-01-10,2018-01-11,2018-01-12,2018-01-13,2018-01-14,2018-01-15",63.0,50.04263146028773,0.25,-0.08333333333333333,False
fold_07,rolling_7d,paired,pair_hour_direction_scale_cv,outer->near,,,0.7,9,"2018-01-07,2018-01-08,2018-01-09,2018-01-10,2018-01-11,2018-01-12,2018-01-13,2018-01-14,2018-01-15",138.0,114.152957590432,0.20833333333333334,-0.041666666666666664,False
fold_07,rolling_7d,paired,pair_hour_direction_scale_cv,outer->near,,,0.75,9,"2018-01-07,2018-01-08,2018-01-09,2018-01-10,2018-01-11,2018-01-12,2018-01-13,2018-01-14,2018-01-15",137.0,113.9114080136108,0.25,0.0,False
fold_07,rolling_7d,paired,pair_hour_direction_scale_cv,outer->near,,,0.8,9,"2018-01-07,2018-01-08,2018-01-09,2018-01-10,2018-01-11,2018-01-12,2018-01-13,2018-01-14,2018-01-15",137.0,114.02667127806642,0.20833333333333334,0.041666666666666664,True
fold_07,rolling_7d,paired,pair_hour_direction_scale_cv,outer->near,,,0.85,9,"2018-01-07,2018-01-08,2018-01-09,2018-01-10,2018-01-11,2018-01-12,2018-01-13,2018-01-14,2018-01-15",138.0,114.49874738379893,0.20833333333333334,0.041666666666666664,False
fold_07,rolling_7d,paired,pair_hour_direction_scale_cv,outer->near,,,0.9,9,"2018-01-07,2018-01-08,2018-01-09,2018-01-10,2018-01-11,2018-01-12,2018-01-13,2018-01-14,2018-01-15",145.0,115.32763633080829,0.2916666666666667,0.125,False
fold_07,rolling_7d,paired,pair_hour_direction_scale_cv,outer->near,,,0.95,9,"2018-01-07,2018-01-08,2018-01-09,2018-01-10,2018-01-11,2018-01-12,2018-01-13,2018-01-14,2018-01-15",151.0,116.51333811909454,0.2916666666666667,0.125,False
fold_07,rolling_7d,paired,pair_hour_direction_scale_cv,outer->near,,,1.0,9,"2018-01-07,2018-01-08,2018-01-09,2018-01-10,2018-01-11,2018-01-12,2018-01-13,2018-01-14,2018-01-15",155.0,118.05585274865766,0.2916666666666667,0.125,False
fold_07,rolling_7d,paired,pair_hour_direction_scale_cv,outer->near,,,1.05,9,"2018-01-07,2018-01-08,2018-01-09,2018-01-10,2018-01-11,2018-01-12,2018-01-13,2018-01-14,2018-01-15",152.0,119.95518021949762,0.4166666666666667,0.25,False
fold_07,rolling_7d,independent,present_shrunk20_direction_scale_cv,core->near,,,0.7,9,"2018-01-07,2018-01-08,2018-01-09,2018-01-10,2018-01-11,2018-01-12,2018-01-13,2018-01-14,2018-01-15",509.0,463.4687775079597,1.3333333333333333,-0.5,False
fold_07,rolling_7d,independent,present_shrunk20_direction_scale_cv,core->near,,,0.75,9,"2018-01-07,2018-01-08,2018-01-09,2018-01-10,2018-01-11,2018-01-12,2018-01-13,2018-01-14,2018-01-15",499.0,458.9406074762551,1.25,-0.4166666666666667,False
fold_07,rolling_7d,independent,present_shrunk20_direction_scale_cv,core->near,,,0.8,9,"2018-01-07,2018-01-08,2018-01-09,2018-01-10,2018-01-11,2018-01-12,2018-01-13,2018-01-14,2018-01-15",480.0,456.1565978450092,1.25,-0.3333333333333333,True
fold_07,rolling_7d,independent,present_shrunk20_direction_scale_cv,core->near,,,0.85,9,"2018-01-07,2018-01-08,2018-01-09,2018-01-10,2018-01-11,2018-01-12,2018-01-13,2018-01-14,2018-01-15",481.0,455.11674861422205,1.2083333333333333,-0.2916666666666667,False
fold_07,rolling_7d,independent,present_shrunk20_direction_scale_cv,core->near,,,0.9,9,"2018-01-07,2018-01-08,2018-01-09,2018-01-10,2018-01-11,2018-01-12,2018-01-13,2018-01-14,2018-01-15",486.0,455.8210597838938,1.25,-0.25,False
fold_07,rolling_7d,independent,present_shrunk20_direction_scale_cv,core->near,,,0.95,9,"2018-01-07,2018-01-08,2018-01-09,2018-01-10,2018-01-11,2018-01-12,2018-01-13,2018-01-14,2018-01-15",503.0,458.2695313540243,1.25,-0.25,False
fold_07,rolling_7d,independent,present_shrunk20_direction_scale_cv,core->near,,,1.0,9,"2018-01-07,2018-01-08,2018-01-09,2018-01-10,2018-01-11,2018-01-12,2018-01-13,2018-01-14,2018-01-15",508.0,462.46216332461375,1.25,-0.16666666666666666,False
fold_07,rolling_7d,independent,present_shrunk20_direction_scale_cv,core->near,,,1.05,9,"2018-01-07,2018-01-08,2018-01-09,2018-01-10,2018-01-11,2018-01-12,2018-01-13,2018-01-14,2018-01-15",529.0,468.3989556956618,1.4166666666666667,0.0,False
fold_07,rolling_7d,independent,present_shrunk20_direction_scale_cv,core->outer,,,0.7,9,"2018-01-07,2018-01-08,2018-01-09,2018-01-10,2018-01-11,2018-01-12,2018-01-13,2018-01-14,2018-01-15",77.0,65.45145830561262,0.16666666666666666,0.0,False
fold_07,rolling_7d,independent,present_shrunk20_direction_scale_cv,core->outer,,,0.75,9,"2018-01-07,2018-01-08,2018-01-09,2018-01-10,2018-01-11,2018-01-12,2018-01-13,2018-01-14,2018-01-15",78.0,65.02505542126111,0.16666666666666666,0.0,False
fold_07,rolling_7d,independent,present_shrunk20_direction_scale_cv,core->outer,,,0.8,9,"2018-01-07,2018-01-08,2018-01-09,2018-01-10,2018-01-11,2018-01-12,2018-01-13,2018-01-14,2018-01-15",74.0,64.68988016846644,0.16666666666666666,0.0,False
fold_07,rolling_7d,independent,present_shrunk20_direction_scale_cv,core->outer,,,0.85,9,"2018-01-07,2018-01-08,2018-01-09,2018-01-10,2018-01-11,2018-01-12,2018-01-13,2018-01-14,2018-01-15",74.0,64.4459325472286,0.16666666666666666,0.0,False
fold_07,rolling_7d,independent,present_shrunk20_direction_scale_cv,core->outer,,,0.9,9,"2018-01-07,2018-01-08,2018-01-09,2018-01-10,2018-01-11,2018-01-12,2018-01-13,2018-01-14,2018-01-15",75.0,64.29321255754756,0.16666666666666666,0.0,False
fold_07,rolling_7d,independent,present_shrunk20_direction_scale_cv,core->outer,,,0.95,9,"2018-01-07,2018-01-08,2018-01-09,2018-01-10,2018-01-11,2018-01-12,2018-01-13,2018-01-14,2018-01-15",72.0,64.23172019942336,0.16666666666666666,0.0,False
fold_07,rolling_7d,independent,present_shrunk20_direction_scale_cv,core->outer,,,1.0,9,"2018-01-07,2018-01-08,2018-01-09,2018-01-10,2018-01-11,2018-01-12,2018-01-13,2018-01-14,2018-01-15",72.0,64.26145547285599,0.16666666666666666,0.0,True
fold_07,rolling_7d,independent,present_shrunk20_direction_scale_cv,core->outer,,,1.05,9,"2018-01-07,2018-01-08,2018-01-09,2018-01-10,2018-01-11,2018-01-12,2018-01-13,2018-01-14,2018-01-15",73.0,64.38241837784543,0.16666666666666666,0.0,False
fold_07,rolling_7d,independent,present_shrunk20_direction_scale_cv,near->core,,,0.7,9,"2018-01-07,2018-01-08,2018-01-09,2018-01-10,2018-01-11,2018-01-12,2018-01-13,2018-01-14,2018-01-15",468.0,439.3678867813203,1.0833333333333333,-0.4166666666666667,False
fold_07,rolling_7d,independent,present_shrunk20_direction_scale_cv,near->core,,,0.75,9,"2018-01-07,2018-01-08,2018-01-09,2018-01-10,2018-01-11,2018-01-12,2018-01-13,2018-01-14,2018-01-15",467.0,434.9219665962044,1.0833333333333333,-0.4166666666666667,False
fold_07,rolling_7d,independent,present_shrunk20_direction_scale_cv,near->core,,,0.8,9,"2018-01-07,2018-01-08,2018-01-09,2018-01-10,2018-01-11,2018-01-12,2018-01-13,2018-01-14,2018-01-15",466.0,432.155943845632,1.0416666666666667,-0.375,False
fold_07,rolling_7d,independent,present_shrunk20_direction_scale_cv,near->core,,,0.85,9,"2018-01-07,2018-01-08,2018-01-09,2018-01-10,2018-01-11,2018-01-12,2018-01-13,2018-01-14,2018-01-15",467.0,431.0698185296029,1.1666666666666667,-0.16666666666666666,False
fold_07,rolling_7d,independent,present_shrunk20_direction_scale_cv,near->core,,,0.9,9,"2018-01-07,2018-01-08,2018-01-09,2018-01-10,2018-01-11,2018-01-12,2018-01-13,2018-01-14,2018-01-15",445.0,431.66359064811724,1.2083333333333333,-0.125,False
fold_07,rolling_7d,independent,present_shrunk20_direction_scale_cv,near->core,,,0.95,9,"2018-01-07,2018-01-08,2018-01-09,2018-01-10,2018-01-11,2018-01-12,2018-01-13,2018-01-14,2018-01-15",446.0,433.937260201175,1.25,0.0,False
fold_07,rolling_7d,independent,present_shrunk20_direction_scale_cv,near->core,,,1.0,9,"2018-01-07,2018-01-08,2018-01-09,2018-01-10,2018-01-11,2018-01-12,2018-01-13,2018-01-14,2018-01-15",453.0,437.8908271887761,1.25,0.0,False
fold_07,rolling_7d,independent,present_shrunk20_direction_scale_cv,near->core,,,1.05,9,"2018-01-07,2018-01-08,2018-01-09,2018-01-10,2018-01-11,2018-01-12,2018-01-13,2018-01-14,2018-01-15",444.0,443.52429161092056,1.2916666666666667,0.041666666666666664,True
fold_07,rolling_7d,independent,present_shrunk20_direction_scale_cv,near->outer,,,0.7,9,"2018-01-07,2018-01-08,2018-01-09,2018-01-10,2018-01-11,2018-01-12,2018-01-13,2018-01-14,2018-01-15",152.0,124.35520358518667,0.2916666666666667,0.041666666666666664,False
fold_07,rolling_7d,independent,present_shrunk20_direction_scale_cv,near->outer,,,0.75,9,"2018-01-07,2018-01-08,2018-01-09,2018-01-10,2018-01-11,2018-01-12,2018-01-13,2018-01-14,2018-01-15",151.0,125.60362878078223,0.2916666666666667,0.041666666666666664,True
fold_07,rolling_7d,independent,present_shrunk20_direction_scale_cv,near->outer,,,0.8,9,"2018-01-07,2018-01-08,2018-01-09,2018-01-10,2018-01-11,2018-01-12,2018-01-13,2018-01-14,2018-01-15",156.0,127.12941349212208,0.3333333333333333,0.08333333333333333,False
fold_07,rolling_7d,independent,present_shrunk20_direction_scale_cv,near->outer,,,0.85,9,"2018-01-07,2018-01-08,2018-01-09,2018-01-10,2018-01-11,2018-01-12,2018-01-13,2018-01-14,2018-01-15",158.0,128.93255771920627,0.3333333333333333,0.08333333333333333,False
fold_07,rolling_7d,independent,present_shrunk20_direction_scale_cv,near->outer,,,0.9,9,"2018-01-07,2018-01-08,2018-01-09,2018-01-10,2018-01-11,2018-01-12,2018-01-13,2018-01-14,2018-01-15",160.0,131.01306146203473,0.375,0.125,False
fold_07,rolling_7d,independent,present_shrunk20_direction_scale_cv,near->outer,,,0.95,9,"2018-01-07,2018-01-08,2018-01-09,2018-01-10,2018-01-11,2018-01-12,2018-01-13,2018-01-14,2018-01-15",170.0,133.3709247206075,0.375,0.125,False
fold_07,rolling_7d,independent,present_shrunk20_direction_scale_cv,near->outer,,,1.0,9,"2018-01-07,2018-01-08,2018-01-09,2018-01-10,2018-01-11,2018-01-12,2018-01-13,2018-01-14,2018-01-15",169.0,136.00614749492456,0.375,0.125,False
fold_07,rolling_7d,independent,present_shrunk20_direction_scale_cv,near->outer,,,1.05,9,"2018-01-07,2018-01-08,2018-01-09,2018-01-10,2018-01-11,2018-01-12,2018-01-13,2018-01-14,2018-01-15",154.0,138.91872978498594,0.2916666666666667,0.20833333333333334,False
fold_07,rolling_7d,independent,present_shrunk20_direction_scale_cv,outer->core,,,0.7,9,"2018-01-07,2018-01-08,2018-01-09,2018-01-10,2018-01-11,2018-01-12,2018-01-13,2018-01-14,2018-01-15",53.0,47.2172922042928,0.16666666666666666,-0.16666666666666666,False
fold_07,rolling_7d,independent,present_shrunk20_direction_scale_cv,outer->core,,,0.75,9,"2018-01-07,2018-01-08,2018-01-09,2018-01-10,2018-01-11,2018-01-12,2018-01-13,2018-01-14,2018-01-15",53.0,47.152218503282384,0.16666666666666666,-0.16666666666666666,False
fold_07,rolling_7d,independent,present_shrunk20_direction_scale_cv,outer->core,,,0.8,9,"2018-01-07,2018-01-08,2018-01-09,2018-01-10,2018-01-11,2018-01-12,2018-01-13,2018-01-14,2018-01-15",53.0,47.13354171638212,0.16666666666666666,-0.16666666666666666,False
fold_07,rolling_7d,independent,present_shrunk20_direction_scale_cv,outer->core,,,0.85,9,"2018-01-07,2018-01-08,2018-01-09,2018-01-10,2018-01-11,2018-01-12,2018-01-13,2018-01-14,2018-01-15",53.0,47.16126184359195,0.16666666666666666,-0.16666666666666666,False
fold_07,rolling_7d,independent,present_shrunk20_direction_scale_cv,outer->core,,,0.9,9,"2018-01-07,2018-01-08,2018-01-09,2018-01-10,2018-01-11,2018-01-12,2018-01-13,2018-01-14,2018-01-15",53.0,47.235378884911896,0.16666666666666666,-0.16666666666666666,True
fold_07,rolling_7d,independent,present_shrunk20_direction_scale_cv,outer->core,,,0.95,9,"2018-01-07,2018-01-08,2018-01-09,2018-01-10,2018-01-11,2018-01-12,2018-01-13,2018-01-14,2018-01-15",55.0,47.355892840341944,0.16666666666666666,-0.16666666666666666,False
fold_07,rolling_7d,independent,present_shrunk20_direction_scale_cv,outer->core,,,1.0,9,"2018-01-07,2018-01-08,2018-01-09,2018-01-10,2018-01-11,2018-01-12,2018-01-13,2018-01-14,2018-01-15",55.0,47.52280370988211,0.16666666666666666,-0.16666666666666666,False
fold_07,rolling_7d,independent,present_shrunk20_direction_scale_cv,outer->core,,,1.05,9,"2018-01-07,2018-01-08,2018-01-09,2018-01-10,2018-01-11,2018-01-12,2018-01-13,2018-01-14,2018-01-15",56.0,47.7361114935324,0.16666666666666666,-0.16666666666666666,False
fold_07,rolling_7d,independent,present_shrunk20_direction_scale_cv,outer->near,,,0.7,9,"2018-01-07,2018-01-08,2018-01-09,2018-01-10,2018-01-11,2018-01-12,2018-01-13,2018-01-14,2018-01-15",129.0,114.10573040764396,0.25,-0.08333333333333333,False
fold_07,rolling_7d,independent,present_shrunk20_direction_scale_cv,outer->near,,,0.75,9,"2018-01-07,2018-01-08,2018-01-09,2018-01-10,2018-01-11,2018-01-12,2018-01-13,2018-01-14,2018-01-15",130.0,113.38963560854044,0.25,-0.08333333333333333,False
fold_07,rolling_7d,independent,present_shrunk20_direction_scale_cv,outer->near,,,0.8,9,"2018-01-07,2018-01-08,2018-01-09,2018-01-10,2018-01-11,2018-01-12,2018-01-13,2018-01-14,2018-01-15",136.0,112.96753073710273,0.25,-0.08333333333333333,False
fold_07,rolling_7d,independent,present_shrunk20_direction_scale_cv,outer->near,,,0.85,9,"2018-01-07,2018-01-08,2018-01-09,2018-01-10,2018-01-11,2018-01-12,2018-01-13,2018-01-14,2018-01-15",131.0,112.83941579333079,0.20833333333333334,-0.041666666666666664,False
fold_07,rolling_7d,independent,present_shrunk20_direction_scale_cv,outer->near,,,0.9,9,"2018-01-07,2018-01-08,2018-01-09,2018-01-10,2018-01-11,2018-01-12,2018-01-13,2018-01-14,2018-01-15",129.0,113.00529077722462,0.16666666666666666,0.0,True
fold_07,rolling_7d,independent,present_shrunk20_direction_scale_cv,outer->near,,,0.95,9,"2018-01-07,2018-01-08,2018-01-09,2018-01-10,2018-01-11,2018-01-12,2018-01-13,2018-01-14,2018-01-15",130.0,113.46515568878424,0.16666666666666666,0.0,False
fold_07,rolling_7d,independent,present_shrunk20_direction_scale_cv,outer->near,,,1.0,9,"2018-01-07,2018-01-08,2018-01-09,2018-01-10,2018-01-11,2018-01-12,2018-01-13,2018-01-14,2018-01-15",132.0,114.21901052800965,0.20833333333333334,0.041666666666666664,False
fold_07,rolling_7d,independent,present_shrunk20_direction_scale_cv,outer->near,,,1.05,9,"2018-01-07,2018-01-08,2018-01-09,2018-01-10,2018-01-11,2018-01-12,2018-01-13,2018-01-14,2018-01-15",134.0,115.26685529490081,0.2916666666666667,0.125,False
fold_07,rolling_7d,paired,present_shrunk20_direction_scale_cv,core->near,,,0.7,9,"2018-01-07,2018-01-08,2018-01-09,2018-01-10,2018-01-11,2018-01-12,2018-01-13,2018-01-14,2018-01-15",479.0,463.4687775079597,1.25,-0.25,False
fold_07,rolling_7d,paired,present_shrunk20_direction_scale_cv,core->near,,,0.75,9,"2018-01-07,2018-01-08,2018-01-09,2018-01-10,2018-01-11,2018-01-12,2018-01-13,2018-01-14,2018-01-15",461.0,458.9406074762551,1.25,-0.25,True
fold_07,rolling_7d,paired,present_shrunk20_direction_scale_cv,core->near,,,0.8,9,"2018-01-07,2018-01-08,2018-01-09,2018-01-10,2018-01-11,2018-01-12,2018-01-13,2018-01-14,2018-01-15",471.0,456.1565978450092,1.25,-0.25,False
fold_07,rolling_7d,paired,present_shrunk20_direction_scale_cv,core->near,,,0.85,9,"2018-01-07,2018-01-08,2018-01-09,2018-01-10,2018-01-11,2018-01-12,2018-01-13,2018-01-14,2018-01-15",479.0,455.11674861422205,1.2916666666666667,-0.20833333333333334,False
fold_07,rolling_7d,paired,present_shrunk20_direction_scale_cv,core->near,,,0.9,9,"2018-01-07,2018-01-08,2018-01-09,2018-01-10,2018-01-11,2018-01-12,2018-01-13,2018-01-14,2018-01-15",477.0,455.8210597838938,1.2916666666666667,-0.125,False
fold_07,rolling_7d,paired,present_shrunk20_direction_scale_cv,core->near,,,0.95,9,"2018-01-07,2018-01-08,2018-01-09,2018-01-10,2018-01-11,2018-01-12,2018-01-13,2018-01-14,2018-01-15",479.0,458.2695313540243,1.2916666666666667,-0.125,False
fold_07,rolling_7d,paired,present_shrunk20_direction_scale_cv,core->near,,,1.0,9,"2018-01-07,2018-01-08,2018-01-09,2018-01-10,2018-01-11,2018-01-12,2018-01-13,2018-01-14,2018-01-15",478.0,462.46216332461375,1.2916666666666667,-0.125,False
fold_07,rolling_7d,paired,present_shrunk20_direction_scale_cv,core->near,,,1.05,9,"2018-01-07,2018-01-08,2018-01-09,2018-01-10,2018-01-11,2018-01-12,2018-01-13,2018-01-14,2018-01-15",492.0,468.3989556956618,1.2916666666666667,-0.041666666666666664,False
fold_07,rolling_7d,paired,present_shrunk20_direction_scale_cv,core->outer,,,0.7,9,"2018-01-07,2018-01-08,2018-01-09,2018-01-10,2018-01-11,2018-01-12,2018-01-13,2018-01-14,2018-01-15",73.0,65.45145830561262,0.125,-0.041666666666666664,False
fold_07,rolling_7d,paired,present_shrunk20_direction_scale_cv,core->outer,,,0.75,9,"2018-01-07,2018-01-08,2018-01-09,2018-01-10,2018-01-11,2018-01-12,2018-01-13,2018-01-14,2018-01-15",73.0,65.02505542126111,0.125,-0.041666666666666664,False
fold_07,rolling_7d,paired,present_shrunk20_direction_scale_cv,core->outer,,,0.8,9,"2018-01-07,2018-01-08,2018-01-09,2018-01-10,2018-01-11,2018-01-12,2018-01-13,2018-01-14,2018-01-15",76.0,64.68988016846644,0.16666666666666666,0.0,False
fold_07,rolling_7d,paired,present_shrunk20_direction_scale_cv,core->outer,,,0.85,9,"2018-01-07,2018-01-08,2018-01-09,2018-01-10,2018-01-11,2018-01-12,2018-01-13,2018-01-14,2018-01-15",77.0,64.4459325472286,0.20833333333333334,0.041666666666666664,False
fold_07,rolling_7d,paired,present_shrunk20_direction_scale_cv,core->outer,,,0.9,9,"2018-01-07,2018-01-08,2018-01-09,2018-01-10,2018-01-11,2018-01-12,2018-01-13,2018-01-14,2018-01-15",72.0,64.29321255754756,0.25,0.08333333333333333,False
fold_07,rolling_7d,paired,present_shrunk20_direction_scale_cv,core->outer,,,0.95,9,"2018-01-07,2018-01-08,2018-01-09,2018-01-10,2018-01-11,2018-01-12,2018-01-13,2018-01-14,2018-01-15",72.0,64.23172019942336,0.25,0.08333333333333333,True
fold_07,rolling_7d,paired,present_shrunk20_direction_scale_cv,core->outer,,,1.0,9,"2018-01-07,2018-01-08,2018-01-09,2018-01-10,2018-01-11,2018-01-12,2018-01-13,2018-01-14,2018-01-15",73.0,64.26145547285599,0.25,0.08333333333333333,False
fold_07,rolling_7d,paired,present_shrunk20_direction_scale_cv,core->outer,,,1.05,9,"2018-01-07,2018-01-08,2018-01-09,2018-01-10,2018-01-11,2018-01-12,2018-01-13,2018-01-14,2018-01-15",74.0,64.38241837784543,0.25,0.08333333333333333,False
fold_07,rolling_7d,paired,present_shrunk20_direction_scale_cv,near->core,,,0.7,9,"2018-01-07,2018-01-08,2018-01-09,2018-01-10,2018-01-11,2018-01-12,2018-01-13,2018-01-14,2018-01-15",472.0,439.3678867813203,1.2083333333333333,-0.375,False
fold_07,rolling_7d,paired,present_shrunk20_direction_scale_cv,near->core,,,0.75,9,"2018-01-07,2018-01-08,2018-01-09,2018-01-10,2018-01-11,2018-01-12,2018-01-13,2018-01-14,2018-01-15",465.0,434.9219665962044,1.2083333333333333,-0.375,False
fold_07,rolling_7d,paired,present_shrunk20_direction_scale_cv,near->core,,,0.8,9,"2018-01-07,2018-01-08,2018-01-09,2018-01-10,2018-01-11,2018-01-12,2018-01-13,2018-01-14,2018-01-15",468.0,432.155943845632,1.1666666666666667,-0.25,False
fold_07,rolling_7d,paired,present_shrunk20_direction_scale_cv,near->core,,,0.85,9,"2018-01-07,2018-01-08,2018-01-09,2018-01-10,2018-01-11,2018-01-12,2018-01-13,2018-01-14,2018-01-15",447.0,431.0698185296029,1.125,-0.20833333333333334,False
fold_07,rolling_7d,paired,present_shrunk20_direction_scale_cv,near->core,,,0.9,9,"2018-01-07,2018-01-08,2018-01-09,2018-01-10,2018-01-11,2018-01-12,2018-01-13,2018-01-14,2018-01-15",448.0,431.66359064811724,1.2083333333333333,-0.125,False
fold_07,rolling_7d,paired,present_shrunk20_direction_scale_cv,near->core,,,0.95,9,"2018-01-07,2018-01-08,2018-01-09,2018-01-10,2018-01-11,2018-01-12,2018-01-13,2018-01-14,2018-01-15",446.0,433.937260201175,1.25,0.0,True
fold_07,rolling_7d,paired,present_shrunk20_direction_scale_cv,near->core,,,1.0,9,"2018-01-07,2018-01-08,2018-01-09,2018-01-10,2018-01-11,2018-01-12,2018-01-13,2018-01-14,2018-01-15",460.0,437.8908271887761,1.25,0.0,False
fold_07,rolling_7d,paired,present_shrunk20_direction_scale_cv,near->core,,,1.05,9,"2018-01-07,2018-01-08,2018-01-09,2018-01-10,2018-01-11,2018-01-12,2018-01-13,2018-01-14,2018-01-15",466.0,443.52429161092056,1.25,0.0,False
fold_07,rolling_7d,paired,present_shrunk20_direction_scale_cv,near->outer,,,0.7,9,"2018-01-07,2018-01-08,2018-01-09,2018-01-10,2018-01-11,2018-01-12,2018-01-13,2018-01-14,2018-01-15",154.0,124.35520358518667,0.20833333333333334,0.041666666666666664,True
fold_07,rolling_7d,paired,present_shrunk20_direction_scale_cv,near->outer,,,0.75,9,"2018-01-07,2018-01-08,2018-01-09,2018-01-10,2018-01-11,2018-01-12,2018-01-13,2018-01-14,2018-01-15",160.0,125.60362878078223,0.25,0.08333333333333333,False
fold_07,rolling_7d,paired,present_shrunk20_direction_scale_cv,near->outer,,,0.8,9,"2018-01-07,2018-01-08,2018-01-09,2018-01-10,2018-01-11,2018-01-12,2018-01-13,2018-01-14,2018-01-15",157.0,127.12941349212208,0.25,0.08333333333333333,False
fold_07,rolling_7d,paired,present_shrunk20_direction_scale_cv,near->outer,,,0.85,9,"2018-01-07,2018-01-08,2018-01-09,2018-01-10,2018-01-11,2018-01-12,2018-01-13,2018-01-14,2018-01-15",163.0,128.93255771920627,0.3333333333333333,0.16666666666666666,False
fold_07,rolling_7d,paired,present_shrunk20_direction_scale_cv,near->outer,,,0.9,9,"2018-01-07,2018-01-08,2018-01-09,2018-01-10,2018-01-11,2018-01-12,2018-01-13,2018-01-14,2018-01-15",164.0,131.01306146203473,0.3333333333333333,0.16666666666666666,False
fold_07,rolling_7d,paired,present_shrunk20_direction_scale_cv,near->outer,,,0.95,9,"2018-01-07,2018-01-08,2018-01-09,2018-01-10,2018-01-11,2018-01-12,2018-01-13,2018-01-14,2018-01-15",166.0,133.3709247206075,0.3333333333333333,0.16666666666666666,False
fold_07,rolling_7d,paired,present_shrunk20_direction_scale_cv,near->outer,,,1.0,9,"2018-01-07,2018-01-08,2018-01-09,2018-01-10,2018-01-11,2018-01-12,2018-01-13,2018-01-14,2018-01-15",167.0,136.00614749492456,0.3333333333333333,0.16666666666666666,False
fold_07,rolling_7d,paired,present_shrunk20_direction_scale_cv,near->outer,,,1.05,9,"2018-01-07,2018-01-08,2018-01-09,2018-01-10,2018-01-11,2018-01-12,2018-01-13,2018-01-14,2018-01-15",172.0,138.91872978498594,0.3333333333333333,0.16666666666666666,False
fold_07,rolling_7d,paired,present_shrunk20_direction_scale_cv,outer->core,,,0.7,9,"2018-01-07,2018-01-08,2018-01-09,2018-01-10,2018-01-11,2018-01-12,2018-01-13,2018-01-14,2018-01-15",53.0,47.2172922042928,0.16666666666666666,-0.16666666666666666,False
fold_07,rolling_7d,paired,present_shrunk20_direction_scale_cv,outer->core,,,0.75,9,"2018-01-07,2018-01-08,2018-01-09,2018-01-10,2018-01-11,2018-01-12,2018-01-13,2018-01-14,2018-01-15",53.0,47.152218503282384,0.16666666666666666,-0.16666666666666666,False
fold_07,rolling_7d,paired,present_shrunk20_direction_scale_cv,outer->core,,,0.8,9,"2018-01-07,2018-01-08,2018-01-09,2018-01-10,2018-01-11,2018-01-12,2018-01-13,2018-01-14,2018-01-15",53.0,47.13354171638212,0.16666666666666666,-0.16666666666666666,True
fold_07,rolling_7d,paired,present_shrunk20_direction_scale_cv,outer->core,,,0.85,9,"2018-01-07,2018-01-08,2018-01-09,2018-01-10,2018-01-11,2018-01-12,2018-01-13,2018-01-14,2018-01-15",57.0,47.16126184359195,0.20833333333333334,-0.125,False
fold_07,rolling_7d,paired,present_shrunk20_direction_scale_cv,outer->core,,,0.9,9,"2018-01-07,2018-01-08,2018-01-09,2018-01-10,2018-01-11,2018-01-12,2018-01-13,2018-01-14,2018-01-15",59.0,47.235378884911896,0.20833333333333334,-0.125,False
fold_07,rolling_7d,paired,present_shrunk20_direction_scale_cv,outer->core,,,0.95,9,"2018-01-07,2018-01-08,2018-01-09,2018-01-10,2018-01-11,2018-01-12,2018-01-13,2018-01-14,2018-01-15",58.0,47.355892840341944,0.20833333333333334,-0.125,False
fold_07,rolling_7d,paired,present_shrunk20_direction_scale_cv,outer->core,,,1.0,9,"2018-01-07,2018-01-08,2018-01-09,2018-01-10,2018-01-11,2018-01-12,2018-01-13,2018-01-14,2018-01-15",58.0,47.52280370988211,0.20833333333333334,-0.125,False
fold_07,rolling_7d,paired,present_shrunk20_direction_scale_cv,outer->core,,,1.05,9,"2018-01-07,2018-01-08,2018-01-09,2018-01-10,2018-01-11,2018-01-12,2018-01-13,2018-01-14,2018-01-15",59.0,47.7361114935324,0.20833333333333334,-0.125,False
fold_07,rolling_7d,paired,present_shrunk20_direction_scale_cv,outer->near,,,0.7,9,"2018-01-07,2018-01-08,2018-01-09,2018-01-10,2018-01-11,2018-01-12,2018-01-13,2018-01-14,2018-01-15",134.0,114.10573040764396,0.25,0.0,True
fold_07,rolling_7d,paired,present_shrunk20_direction_scale_cv,outer->near,,,0.75,9,"2018-01-07,2018-01-08,2018-01-09,2018-01-10,2018-01-11,2018-01-12,2018-01-13,2018-01-14,2018-01-15",144.0,113.38963560854044,0.25,0.0,False
fold_07,rolling_7d,paired,present_shrunk20_direction_scale_cv,outer->near,,,0.8,9,"2018-01-07,2018-01-08,2018-01-09,2018-01-10,2018-01-11,2018-01-12,2018-01-13,2018-01-14,2018-01-15",139.0,112.96753073710273,0.20833333333333334,0.041666666666666664,False
fold_07,rolling_7d,paired,present_shrunk20_direction_scale_cv,outer->near,,,0.85,9,"2018-01-07,2018-01-08,2018-01-09,2018-01-10,2018-01-11,2018-01-12,2018-01-13,2018-01-14,2018-01-15",142.0,112.83941579333079,0.20833333333333334,0.041666666666666664,False
fold_07,rolling_7d,paired,present_shrunk20_direction_scale_cv,outer->near,,,0.9,9,"2018-01-07,2018-01-08,2018-01-09,2018-01-10,2018-01-11,2018-01-12,2018-01-13,2018-01-14,2018-01-15",146.0,113.00529077722462,0.2916666666666667,0.125,False
fold_07,rolling_7d,paired,present_shrunk20_direction_scale_cv,outer->near,,,0.95,9,"2018-01-07,2018-01-08,2018-01-09,2018-01-10,2018-01-11,2018-01-12,2018-01-13,2018-01-14,2018-01-15",145.0,113.46515568878424,0.3333333333333333,0.16666666666666666,False
fold_07,rolling_7d,paired,present_shrunk20_direction_scale_cv,outer->near,,,1.0,9,"2018-01-07,2018-01-08,2018-01-09,2018-01-10,2018-01-11,2018-01-12,2018-01-13,2018-01-14,2018-01-15",139.0,114.21901052800965,0.4166666666666667,0.25,False
fold_07,rolling_7d,paired,present_shrunk20_direction_scale_cv,outer->near,,,1.05,9,"2018-01-07,2018-01-08,2018-01-09,2018-01-10,2018-01-11,2018-01-12,2018-01-13,2018-01-14,2018-01-15",146.0,115.26685529490081,0.4166666666666667,0.25,False
fold_08,rolling_7d,independent,pair_hour_hier_tau_cv,all,0.0,,,10,"2018-01-07,2018-01-08,2018-01-09,2018-01-10,2018-01-11,2018-01-12,2018-01-13,2018-01-14,2018-01-15,2018-01-16",1570.0,1414.713056339211,0.5847222222222221,-0.049999999999999996,False
fold_08,rolling_7d,independent,pair_hour_hier_tau_cv,all,5.0,,,10,"2018-01-07,2018-01-08,2018-01-09,2018-01-10,2018-01-11,2018-01-12,2018-01-13,2018-01-14,2018-01-15,2018-01-16",1440.0,1318.1688813435967,0.5624999999999999,-0.06388888888888888,False
fold_08,rolling_7d,independent,pair_hour_hier_tau_cv,all,10.0,,,10,"2018-01-07,2018-01-08,2018-01-09,2018-01-10,2018-01-11,2018-01-12,2018-01-13,2018-01-14,2018-01-15,2018-01-16",1424.0,1305.5584294747118,0.5652777777777778,-0.08055555555555556,False
fold_08,rolling_7d,independent,pair_hour_hier_tau_cv,all,20.0,,,10,"2018-01-07,2018-01-08,2018-01-09,2018-01-10,2018-01-11,2018-01-12,2018-01-13,2018-01-14,2018-01-15,2018-01-16",1424.0,1313.113914273065,0.5569444444444446,-0.11527777777777777,True
fold_08,rolling_7d,independent,pair_hour_hier_tau_cv,all,50.0,,,10,"2018-01-07,2018-01-08,2018-01-09,2018-01-10,2018-01-11,2018-01-12,2018-01-13,2018-01-14,2018-01-15,2018-01-16",1454.0,1340.5485669097056,0.548611111111111,-0.17916666666666664,False
fold_08,rolling_7d,independent,pair_hour_hier_tau_cv,all,100.0,,,10,"2018-01-07,2018-01-08,2018-01-09,2018-01-10,2018-01-11,2018-01-12,2018-01-13,2018-01-14,2018-01-15,2018-01-16",1473.0,1359.8913829145567,0.5423611111111112,-0.2048611111111111,False
fold_08,rolling_7d,paired,pair_hour_hier_tau_cv,all,0.0,,,10,"2018-01-07,2018-01-08,2018-01-09,2018-01-10,2018-01-11,2018-01-12,2018-01-13,2018-01-14,2018-01-15,2018-01-16",1583.0,1414.713056339211,0.607638888888889,0.00625,False
fold_08,rolling_7d,paired,pair_hour_hier_tau_cv,all,5.0,,,10,"2018-01-07,2018-01-08,2018-01-09,2018-01-10,2018-01-11,2018-01-12,2018-01-13,2018-01-14,2018-01-15,2018-01-16",1437.0,1318.1688813435967,0.5909722222222222,0.009027777777777777,False
fold_08,rolling_7d,paired,pair_hour_hier_tau_cv,all,10.0,,,10,"2018-01-07,2018-01-08,2018-01-09,2018-01-10,2018-01-11,2018-01-12,2018-01-13,2018-01-14,2018-01-15,2018-01-16",1426.0,1305.5584294747118,0.5986111111111112,0.016666666666666666,True
fold_08,rolling_7d,paired,pair_hour_hier_tau_cv,all,20.0,,,10,"2018-01-07,2018-01-08,2018-01-09,2018-01-10,2018-01-11,2018-01-12,2018-01-13,2018-01-14,2018-01-15,2018-01-16",1455.0,1313.113914273065,0.6048611111111113,0.0006944444444444454,False
fold_08,rolling_7d,paired,pair_hour_hier_tau_cv,all,50.0,,,10,"2018-01-07,2018-01-08,2018-01-09,2018-01-10,2018-01-11,2018-01-12,2018-01-13,2018-01-14,2018-01-15,2018-01-16",1505.0,1340.5485669097056,0.6395833333333333,0.02291666666666667,False
fold_08,rolling_7d,paired,pair_hour_hier_tau_cv,all,100.0,,,10,"2018-01-07,2018-01-08,2018-01-09,2018-01-10,2018-01-11,2018-01-12,2018-01-13,2018-01-14,2018-01-15,2018-01-16",1518.0,1359.8913829145567,0.6430555555555555,0.009722222222222222,False
fold_08,rolling_7d,independent,pair_hour_hier_tau_scale_cv,all,0.0,,0.7,10,"2018-01-07,2018-01-08,2018-01-09,2018-01-10,2018-01-11,2018-01-12,2018-01-13,2018-01-14,2018-01-15,2018-01-16",1519.0,1383.8109011027173,0.5284722222222222,-0.24097222222222223,False
fold_08,rolling_7d,independent,pair_hour_hier_tau_scale_cv,all,0.0,,0.75,10,"2018-01-07,2018-01-08,2018-01-09,2018-01-10,2018-01-11,2018-01-12,2018-01-13,2018-01-14,2018-01-15,2018-01-16",1525.0,1376.563150884113,0.5395833333333332,-0.2104166666666667,False
fold_08,rolling_7d,independent,pair_hour_hier_tau_scale_cv,all,0.0,,0.8,10,"2018-01-07,2018-01-08,2018-01-09,2018-01-10,2018-01-11,2018-01-12,2018-01-13,2018-01-14,2018-01-15,2018-01-16",1506.0,1374.2746444353836,0.5444444444444445,-0.17777777777777776,False
fold_08,rolling_7d,independent,pair_hour_hier_tau_scale_cv,all,0.0,,0.85,10,"2018-01-07,2018-01-08,2018-01-09,2018-01-10,2018-01-11,2018-01-12,2018-01-13,2018-01-14,2018-01-15,2018-01-16",1512.0,1376.9453817565286,0.5569444444444446,-0.1361111111111111,False
fold_08,rolling_7d,independent,pair_hour_hier_tau_scale_cv,all,0.0,,0.9,10,"2018-01-07,2018-01-08,2018-01-09,2018-01-10,2018-01-11,2018-01-12,2018-01-13,2018-01-14,2018-01-15,2018-01-16",1514.0,1384.5753628475481,0.5583333333333333,-0.09861111111111111,False
fold_08,rolling_7d,independent,pair_hour_hier_tau_scale_cv,all,0.0,,0.95,10,"2018-01-07,2018-01-08,2018-01-09,2018-01-10,2018-01-11,2018-01-12,2018-01-13,2018-01-14,2018-01-15,2018-01-16",1547.0,1397.1645877084425,0.5770833333333334,-0.06597222222222222,False
fold_08,rolling_7d,independent,pair_hour_hier_tau_scale_cv,all,0.0,,1.0,10,"2018-01-07,2018-01-08,2018-01-09,2018-01-10,2018-01-11,2018-01-12,2018-01-13,2018-01-14,2018-01-15,2018-01-16",1570.0,1414.713056339211,0.5847222222222221,-0.049999999999999996,False
fold_08,rolling_7d,independent,pair_hour_hier_tau_scale_cv,all,0.0,,1.05,10,"2018-01-07,2018-01-08,2018-01-09,2018-01-10,2018-01-11,2018-01-12,2018-01-13,2018-01-14,2018-01-15,2018-01-16",1533.0,1437.2207687398547,0.5881944444444445,-0.002083333333333332,False
fold_08,rolling_7d,independent,pair_hour_hier_tau_scale_cv,all,5.0,,0.7,10,"2018-01-07,2018-01-08,2018-01-09,2018-01-10,2018-01-11,2018-01-12,2018-01-13,2018-01-14,2018-01-15,2018-01-16",1471.0,1357.665887933473,0.5243055555555556,-0.23125,False
fold_08,rolling_7d,independent,pair_hour_hier_tau_scale_cv,all,5.0,,0.75,10,"2018-01-07,2018-01-08,2018-01-09,2018-01-10,2018-01-11,2018-01-12,2018-01-13,2018-01-14,2018-01-15,2018-01-16",1423.0,1341.1513672514077,0.5256944444444445,-0.19791666666666669,False
fold_08,rolling_7d,independent,pair_hour_hier_tau_scale_cv,all,5.0,,0.8,10,"2018-01-07,2018-01-08,2018-01-09,2018-01-10,2018-01-11,2018-01-12,2018-01-13,2018-01-14,2018-01-15,2018-01-16",1436.0,1328.60952106951,0.5361111111111111,-0.1736111111111111,False
fold_08,rolling_7d,independent,pair_hour_hier_tau_scale_cv,all,5.0,,0.85,10,"2018-01-07,2018-01-08,2018-01-09,2018-01-10,2018-01-11,2018-01-12,2018-01-13,2018-01-14,2018-01-15,2018-01-16",1449.0,1320.0403493877798,0.5465277777777777,-0.15069444444444444,False
fold_08,rolling_7d,independent,pair_hour_hier_tau_scale_cv,all,5.0,,0.9,10,"2018-01-07,2018-01-08,2018-01-09,2018-01-10,2018-01-11,2018-01-12,2018-01-13,2018-01-14,2018-01-15,2018-01-16",1436.0,1315.443852206218,0.55,-0.125,False
fold_08,rolling_7d,independent,pair_hour_hier_tau_scale_cv,all,5.0,,0.95,10,"2018-01-07,2018-01-08,2018-01-09,2018-01-10,2018-01-11,2018-01-12,2018-01-13,2018-01-14,2018-01-15,2018-01-16",1437.0,1314.8200295248234,0.55625,-0.09513888888888888,False
fold_08,rolling_7d,independent,pair_hour_hier_tau_scale_cv,all,5.0,,1.0,10,"2018-01-07,2018-01-08,2018-01-09,2018-01-10,2018-01-11,2018-01-12,2018-01-13,2018-01-14,2018-01-15,2018-01-16",1440.0,1318.1688813435967,0.5624999999999999,-0.06388888888888888,False
fold_08,rolling_7d,independent,pair_hour_hier_tau_scale_cv,all,5.0,,1.05,10,"2018-01-07,2018-01-08,2018-01-09,2018-01-10,2018-01-11,2018-01-12,2018-01-13,2018-01-14,2018-01-15,2018-01-16",1448.0,1325.4904076625373,0.575,-0.03194444444444444,False
fold_08,rolling_7d,independent,pair_hour_hier_tau_scale_cv,all,10.0,,0.7,10,"2018-01-07,2018-01-08,2018-01-09,2018-01-10,2018-01-11,2018-01-12,2018-01-13,2018-01-14,2018-01-15,2018-01-16",1473.0,1362.3103977619871,0.5298611111111111,-0.2326388888888889,False
fold_08,rolling_7d,independent,pair_hour_hier_tau_scale_cv,all,10.0,,0.75,10,"2018-01-07,2018-01-08,2018-01-09,2018-01-10,2018-01-11,2018-01-12,2018-01-13,2018-01-14,2018-01-15,2018-01-16",1457.0,1343.721944543256,0.5395833333333334,-0.20347222222222222,False
fold_08,rolling_7d,independent,pair_hour_hier_tau_scale_cv,all,10.0,,0.8,10,"2018-01-07,2018-01-08,2018-01-09,2018-01-10,2018-01-11,2018-01-12,2018-01-13,2018-01-14,2018-01-15,2018-01-16",1439.0,1328.785408059532,0.5423611111111112,-0.1701388888888889,False
fold_08,rolling_7d,independent,pair_hour_hier_tau_scale_cv,all,10.0,,0.85,10,"2018-01-07,2018-01-08,2018-01-09,2018-01-10,2018-01-11,2018-01-12,2018-01-13,2018-01-14,2018-01-15,2018-01-16",1414.0,1317.5007883108162,0.5430555555555555,-0.14722222222222223,False
fold_08,rolling_7d,independent,pair_hour_hier_tau_scale_cv,all,10.0,,0.9,10,"2018-01-07,2018-01-08,2018-01-09,2018-01-10,2018-01-11,2018-01-12,2018-01-13,2018-01-14,2018-01-15,2018-01-16",1406.0,1309.8680852971072,0.5458333333333332,-0.13055555555555556,True
fold_08,rolling_7d,independent,pair_hour_hier_tau_scale_cv,all,10.0,,0.95,10,"2018-01-07,2018-01-08,2018-01-09,2018-01-10,2018-01-11,2018-01-12,2018-01-13,2018-01-14,2018-01-15,2018-01-16",1411.0,1305.8872990184059,0.5506944444444444,-0.10763888888888888,False
fold_08,rolling_7d,independent,pair_hour_hier_tau_scale_cv,all,10.0,,1.0,10,"2018-01-07,2018-01-08,2018-01-09,2018-01-10,2018-01-11,2018-01-12,2018-01-13,2018-01-14,2018-01-15,2018-01-16",1424.0,1305.5584294747118,0.5652777777777778,-0.08055555555555556,False
fold_08,rolling_7d,independent,pair_hour_hier_tau_scale_cv,all,10.0,,1.05,10,"2018-01-07,2018-01-08,2018-01-09,2018-01-10,2018-01-11,2018-01-12,2018-01-13,2018-01-14,2018-01-15,2018-01-16",1432.0,1308.8814766660253,0.5722222222222222,-0.04861111111111111,False
fold_08,rolling_7d,independent,pair_hour_hier_tau_scale_cv,all,20.0,,0.7,10,"2018-01-07,2018-01-08,2018-01-09,2018-01-10,2018-01-11,2018-01-12,2018-01-13,2018-01-14,2018-01-15,2018-01-16",1459.0,1377.1659084676971,0.5326388888888889,-0.21736111111111112,False
fold_08,rolling_7d,independent,pair_hour_hier_tau_scale_cv,all,20.0,,0.75,10,"2018-01-07,2018-01-08,2018-01-09,2018-01-10,2018-01-11,2018-01-12,2018-01-13,2018-01-14,2018-01-15,2018-01-16",1461.0,1357.930228987434,0.5381944444444444,-0.2048611111111111,False
fold_08,rolling_7d,independent,pair_hour_hier_tau_scale_cv,all,20.0,,0.8,10,"2018-01-07,2018-01-08,2018-01-09,2018-01-10,2018-01-11,2018-01-12,2018-01-13,2018-01-14,2018-01-15,2018-01-16",1468.0,1342.1186883529674,0.5472222222222222,-0.19305555555555554,False
fold_08,rolling_7d,independent,pair_hour_hier_tau_scale_cv,all,20.0,,0.85,10,"2018-01-07,2018-01-08,2018-01-09,2018-01-10,2018-01-11,2018-01-12,2018-01-13,2018-01-14,2018-01-15,2018-01-16",1445.0,1329.731286564297,0.5493055555555556,-0.17430555555555555,False
fold_08,rolling_7d,independent,pair_hour_hier_tau_scale_cv,all,20.0,,0.9,10,"2018-01-07,2018-01-08,2018-01-09,2018-01-10,2018-01-11,2018-01-12,2018-01-13,2018-01-14,2018-01-15,2018-01-16",1448.0,1320.7680236214233,0.5527777777777778,-0.1541666666666667,False
fold_08,rolling_7d,independent,pair_hour_hier_tau_scale_cv,all,20.0,,0.95,10,"2018-01-07,2018-01-08,2018-01-09,2018-01-10,2018-01-11,2018-01-12,2018-01-13,2018-01-14,2018-01-15,2018-01-16",1431.0,1315.228899524346,0.55625,-0.1395833333333333,False
fold_08,rolling_7d,independent,pair_hour_hier_tau_scale_cv,all,20.0,,1.0,10,"2018-01-07,2018-01-08,2018-01-09,2018-01-10,2018-01-11,2018-01-12,2018-01-13,2018-01-14,2018-01-15,2018-01-16",1424.0,1313.113914273065,0.5569444444444446,-0.11527777777777777,False
fold_08,rolling_7d,independent,pair_hour_hier_tau_scale_cv,all,20.0,,1.05,10,"2018-01-07,2018-01-08,2018-01-09,2018-01-10,2018-01-11,2018-01-12,2018-01-13,2018-01-14,2018-01-15,2018-01-16",1416.0,1314.4230678675801,0.5569444444444445,-0.09999999999999999,False
fold_08,rolling_7d,independent,pair_hour_hier_tau_scale_cv,all,50.0,,0.7,10,"2018-01-07,2018-01-08,2018-01-09,2018-01-10,2018-01-11,2018-01-12,2018-01-13,2018-01-14,2018-01-15,2018-01-16",1472.0,1402.230842785969,0.5416666666666667,-0.2111111111111111,False
fold_08,rolling_7d,independent,pair_hour_hier_tau_scale_cv,all,50.0,,0.75,10,"2018-01-07,2018-01-08,2018-01-09,2018-01-10,2018-01-11,2018-01-12,2018-01-13,2018-01-14,2018-01-15,2018-01-16",1472.0,1383.7389662083287,0.5416666666666667,-0.2111111111111111,False
fold_08,rolling_7d,independent,pair_hour_hier_tau_scale_cv,all,50.0,,0.8,10,"2018-01-07,2018-01-08,2018-01-09,2018-01-10,2018-01-11,2018-01-12,2018-01-13,2018-01-14,2018-01-15,2018-01-16",1472.0,1368.5316885366599,0.5416666666666667,-0.2111111111111111,False
fold_08,rolling_7d,independent,pair_hour_hier_tau_scale_cv,all,50.0,,0.85,10,"2018-01-07,2018-01-08,2018-01-09,2018-01-10,2018-01-11,2018-01-12,2018-01-13,2018-01-14,2018-01-15,2018-01-16",1473.0,1356.6090097709634,0.5423611111111112,-0.20763888888888893,False
fold_08,rolling_7d,independent,pair_hour_hier_tau_scale_cv,all,50.0,,0.9,10,"2018-01-07,2018-01-08,2018-01-09,2018-01-10,2018-01-11,2018-01-12,2018-01-13,2018-01-14,2018-01-15,2018-01-16",1466.0,1347.9709299112387,0.5402777777777777,-0.20416666666666666,False
fold_08,rolling_7d,independent,pair_hour_hier_tau_scale_cv,all,50.0,,0.95,10,"2018-01-07,2018-01-08,2018-01-09,2018-01-10,2018-01-11,2018-01-12,2018-01-13,2018-01-14,2018-01-15,2018-01-16",1464.0,1342.6174489574864,0.5444444444444445,-0.19444444444444442,False
fold_08,rolling_7d,independent,pair_hour_hier_tau_scale_cv,all,50.0,,1.0,10,"2018-01-07,2018-01-08,2018-01-09,2018-01-10,2018-01-11,2018-01-12,2018-01-13,2018-01-14,2018-01-15,2018-01-16",1454.0,1340.5485669097056,0.548611111111111,-0.17916666666666664,False
fold_08,rolling_7d,independent,pair_hour_hier_tau_scale_cv,all,50.0,,1.05,10,"2018-01-07,2018-01-08,2018-01-09,2018-01-10,2018-01-11,2018-01-12,2018-01-13,2018-01-14,2018-01-15,2018-01-16",1444.0,1341.7642837678975,0.5541666666666666,-0.15694444444444447,False
fold_08,rolling_7d,independent,pair_hour_hier_tau_scale_cv,all,100.0,,0.7,10,"2018-01-07,2018-01-08,2018-01-09,2018-01-10,2018-01-11,2018-01-12,2018-01-13,2018-01-14,2018-01-15,2018-01-16",1472.0,1417.189036790742,0.5416666666666667,-0.2111111111111111,False
fold_08,rolling_7d,independent,pair_hour_hier_tau_scale_cv,all,100.0,,0.75,10,"2018-01-07,2018-01-08,2018-01-09,2018-01-10,2018-01-11,2018-01-12,2018-01-13,2018-01-14,2018-01-15,2018-01-16",1472.0,1399.512348570339,0.5416666666666667,-0.2111111111111111,False
fold_08,rolling_7d,independent,pair_hour_hier_tau_scale_cv,all,100.0,,0.8,10,"2018-01-07,2018-01-08,2018-01-09,2018-01-10,2018-01-11,2018-01-12,2018-01-13,2018-01-14,2018-01-15,2018-01-16",1472.0,1385.0864920463519,0.5416666666666667,-0.2111111111111111,False
fold_08,rolling_7d,independent,pair_hour_hier_tau_scale_cv,all,100.0,,0.85,10,"2018-01-07,2018-01-08,2018-01-09,2018-01-10,2018-01-11,2018-01-12,2018-01-13,2018-01-14,2018-01-15,2018-01-16",1472.0,1373.91146721878,0.5416666666666667,-0.2111111111111111,False
fold_08,rolling_7d,independent,pair_hour_hier_tau_scale_cv,all,100.0,,0.9,10,"2018-01-07,2018-01-08,2018-01-09,2018-01-10,2018-01-11,2018-01-12,2018-01-13,2018-01-14,2018-01-15,2018-01-16",1472.0,1365.9872740876235,0.5416666666666667,-0.2111111111111111,False
fold_08,rolling_7d,independent,pair_hour_hier_tau_scale_cv,all,100.0,,0.95,10,"2018-01-07,2018-01-08,2018-01-09,2018-01-10,2018-01-11,2018-01-12,2018-01-13,2018-01-14,2018-01-15,2018-01-16",1473.0,1361.3139126528822,0.5423611111111112,-0.2104166666666667,False
fold_08,rolling_7d,independent,pair_hour_hier_tau_scale_cv,all,100.0,,1.0,10,"2018-01-07,2018-01-08,2018-01-09,2018-01-10,2018-01-11,2018-01-12,2018-01-13,2018-01-14,2018-01-15,2018-01-16",1473.0,1359.8913829145567,0.5423611111111112,-0.2048611111111111,False
fold_08,rolling_7d,independent,pair_hour_hier_tau_scale_cv,all,100.0,,1.05,10,"2018-01-07,2018-01-08,2018-01-09,2018-01-10,2018-01-11,2018-01-12,2018-01-13,2018-01-14,2018-01-15,2018-01-16",1461.0,1361.7196848726467,0.5465277777777777,-0.1895833333333333,False
fold_08,rolling_7d,paired,pair_hour_hier_tau_scale_cv,all,0.0,,0.7,10,"2018-01-07,2018-01-08,2018-01-09,2018-01-10,2018-01-11,2018-01-12,2018-01-13,2018-01-14,2018-01-15,2018-01-16",1460.0,1383.8109011027173,0.5277777777777777,-0.17777777777777776,False
fold_08,rolling_7d,paired,pair_hour_hier_tau_scale_cv,all,0.0,,0.75,10,"2018-01-07,2018-01-08,2018-01-09,2018-01-10,2018-01-11,2018-01-12,2018-01-13,2018-01-14,2018-01-15,2018-01-16",1466.0,1376.563150884113,0.5430555555555555,-0.14583333333333334,False
fold_08,rolling_7d,paired,pair_hour_hier_tau_scale_cv,all,0.0,,0.8,10,"2018-01-07,2018-01-08,2018-01-09,2018-01-10,2018-01-11,2018-01-12,2018-01-13,2018-01-14,2018-01-15,2018-01-16",1490.0,1374.2746444353836,0.5527777777777778,-0.11666666666666667,False
fold_08,rolling_7d,paired,pair_hour_hier_tau_scale_cv,all,0.0,,0.85,10,"2018-01-07,2018-01-08,2018-01-09,2018-01-10,2018-01-11,2018-01-12,2018-01-13,2018-01-14,2018-01-15,2018-01-16",1489.0,1376.9453817565286,0.5604166666666667,-0.08402777777777778,False
fold_08,rolling_7d,paired,pair_hour_hier_tau_scale_cv,all,0.0,,0.9,10,"2018-01-07,2018-01-08,2018-01-09,2018-01-10,2018-01-11,2018-01-12,2018-01-13,2018-01-14,2018-01-15,2018-01-16",1502.0,1384.5753628475481,0.5722222222222222,-0.05138888888888889,False
fold_08,rolling_7d,paired,pair_hour_hier_tau_scale_cv,all,0.0,,0.95,10,"2018-01-07,2018-01-08,2018-01-09,2018-01-10,2018-01-11,2018-01-12,2018-01-13,2018-01-14,2018-01-15,2018-01-16",1538.0,1397.1645877084425,0.5902777777777779,-0.02222222222222222,False
fold_08,rolling_7d,paired,pair_hour_hier_tau_scale_cv,all,0.0,,1.0,10,"2018-01-07,2018-01-08,2018-01-09,2018-01-10,2018-01-11,2018-01-12,2018-01-13,2018-01-14,2018-01-15,2018-01-16",1583.0,1414.713056339211,0.607638888888889,0.00625,False
fold_08,rolling_7d,paired,pair_hour_hier_tau_scale_cv,all,0.0,,1.05,10,"2018-01-07,2018-01-08,2018-01-09,2018-01-10,2018-01-11,2018-01-12,2018-01-13,2018-01-14,2018-01-15,2018-01-16",1601.0,1437.2207687398547,0.617361111111111,0.03958333333333333,False
fold_08,rolling_7d,paired,pair_hour_hier_tau_scale_cv,all,5.0,,0.7,10,"2018-01-07,2018-01-08,2018-01-09,2018-01-10,2018-01-11,2018-01-12,2018-01-13,2018-01-14,2018-01-15,2018-01-16",1420.0,1357.665887933473,0.5333333333333334,-0.16805555555555557,False
fold_08,rolling_7d,paired,pair_hour_hier_tau_scale_cv,all,5.0,,0.75,10,"2018-01-07,2018-01-08,2018-01-09,2018-01-10,2018-01-11,2018-01-12,2018-01-13,2018-01-14,2018-01-15,2018-01-16",1428.0,1341.1513672514077,0.5430555555555555,-0.14722222222222223,False
fold_08,rolling_7d,paired,pair_hour_hier_tau_scale_cv,all,5.0,,0.8,10,"2018-01-07,2018-01-08,2018-01-09,2018-01-10,2018-01-11,2018-01-12,2018-01-13,2018-01-14,2018-01-15,2018-01-16",1421.0,1328.60952106951,0.5479166666666666,-0.11736111111111111,False
fold_08,rolling_7d,paired,pair_hour_hier_tau_scale_cv,all,5.0,,0.85,10,"2018-01-07,2018-01-08,2018-01-09,2018-01-10,2018-01-11,2018-01-12,2018-01-13,2018-01-14,2018-01-15,2018-01-16",1402.0,1320.0403493877798,0.5555555555555556,-0.07916666666666666,True
fold_08,rolling_7d,paired,pair_hour_hier_tau_scale_cv,all,5.0,,0.9,10,"2018-01-07,2018-01-08,2018-01-09,2018-01-10,2018-01-11,2018-01-12,2018-01-13,2018-01-14,2018-01-15,2018-01-16",1409.0,1315.443852206218,0.5673611111111111,-0.042361111111111106,False
fold_08,rolling_7d,paired,pair_hour_hier_tau_scale_cv,all,5.0,,0.95,10,"2018-01-07,2018-01-08,2018-01-09,2018-01-10,2018-01-11,2018-01-12,2018-01-13,2018-01-14,2018-01-15,2018-01-16",1408.0,1314.8200295248234,0.575,-0.01388888888888889,False
fold_08,rolling_7d,paired,pair_hour_hier_tau_scale_cv,all,5.0,,1.0,10,"2018-01-07,2018-01-08,2018-01-09,2018-01-10,2018-01-11,2018-01-12,2018-01-13,2018-01-14,2018-01-15,2018-01-16",1437.0,1318.1688813435967,0.5909722222222222,0.009027777777777777,False
fold_08,rolling_7d,paired,pair_hour_hier_tau_scale_cv,all,5.0,,1.05,10,"2018-01-07,2018-01-08,2018-01-09,2018-01-10,2018-01-11,2018-01-12,2018-01-13,2018-01-14,2018-01-15,2018-01-16",1472.0,1325.4904076625373,0.6083333333333334,0.03611111111111111,False
fold_08,rolling_7d,paired,pair_hour_hier_tau_scale_cv,all,10.0,,0.7,10,"2018-01-07,2018-01-08,2018-01-09,2018-01-10,2018-01-11,2018-01-12,2018-01-13,2018-01-14,2018-01-15,2018-01-16",1438.0,1362.3103977619871,0.5458333333333333,-0.15694444444444444,False
fold_08,rolling_7d,paired,pair_hour_hier_tau_scale_cv,all,10.0,,0.75,10,"2018-01-07,2018-01-08,2018-01-09,2018-01-10,2018-01-11,2018-01-12,2018-01-13,2018-01-14,2018-01-15,2018-01-16",1420.0,1343.721944543256,0.548611111111111,-0.13333333333333333,False
fold_08,rolling_7d,paired,pair_hour_hier_tau_scale_cv,all,10.0,,0.8,10,"2018-01-07,2018-01-08,2018-01-09,2018-01-10,2018-01-11,2018-01-12,2018-01-13,2018-01-14,2018-01-15,2018-01-16",1415.0,1328.785408059532,0.55625,-0.10763888888888888,False
fold_08,rolling_7d,paired,pair_hour_hier_tau_scale_cv,all,10.0,,0.85,10,"2018-01-07,2018-01-08,2018-01-09,2018-01-10,2018-01-11,2018-01-12,2018-01-13,2018-01-14,2018-01-15,2018-01-16",1421.0,1317.5007883108162,0.5631944444444443,-0.08402777777777778,False
fold_08,rolling_7d,paired,pair_hour_hier_tau_scale_cv,all,10.0,,0.9,10,"2018-01-07,2018-01-08,2018-01-09,2018-01-10,2018-01-11,2018-01-12,2018-01-13,2018-01-14,2018-01-15,2018-01-16",1439.0,1309.8680852971072,0.5798611111111112,-0.054861111111111104,False
fold_08,rolling_7d,paired,pair_hour_hier_tau_scale_cv,all,10.0,,0.95,10,"2018-01-07,2018-01-08,2018-01-09,2018-01-10,2018-01-11,2018-01-12,2018-01-13,2018-01-14,2018-01-15,2018-01-16",1436.0,1305.8872990184059,0.5902777777777778,-0.016666666666666663,False
fold_08,rolling_7d,paired,pair_hour_hier_tau_scale_cv,all,10.0,,1.0,10,"2018-01-07,2018-01-08,2018-01-09,2018-01-10,2018-01-11,2018-01-12,2018-01-13,2018-01-14,2018-01-15,2018-01-16",1426.0,1305.5584294747118,0.5986111111111112,0.016666666666666666,False
fold_08,rolling_7d,paired,pair_hour_hier_tau_scale_cv,all,10.0,,1.05,10,"2018-01-07,2018-01-08,2018-01-09,2018-01-10,2018-01-11,2018-01-12,2018-01-13,2018-01-14,2018-01-15,2018-01-16",1453.0,1308.8814766660253,0.6104166666666666,0.03819444444444445,False
fold_08,rolling_7d,paired,pair_hour_hier_tau_scale_cv,all,20.0,,0.7,10,"2018-01-07,2018-01-08,2018-01-09,2018-01-10,2018-01-11,2018-01-12,2018-01-13,2018-01-14,2018-01-15,2018-01-16",1441.0,1377.1659084676971,0.5479166666666666,-0.16319444444444448,False
fold_08,rolling_7d,paired,pair_hour_hier_tau_scale_cv,all,20.0,,0.75,10,"2018-01-07,2018-01-08,2018-01-09,2018-01-10,2018-01-11,2018-01-12,2018-01-13,2018-01-14,2018-01-15,2018-01-16",1425.0,1357.930228987434,0.5465277777777777,-0.1479166666666667,False
fold_08,rolling_7d,paired,pair_hour_hier_tau_scale_cv,all,20.0,,0.8,10,"2018-01-07,2018-01-08,2018-01-09,2018-01-10,2018-01-11,2018-01-12,2018-01-13,2018-01-14,2018-01-15,2018-01-16",1437.0,1342.1186883529674,0.5604166666666666,-0.12430555555555553,False
fold_08,rolling_7d,paired,pair_hour_hier_tau_scale_cv,all,20.0,,0.85,10,"2018-01-07,2018-01-08,2018-01-09,2018-01-10,2018-01-11,2018-01-12,2018-01-13,2018-01-14,2018-01-15,2018-01-16",1422.0,1329.731286564297,0.5652777777777779,-0.09861111111111112,False
fold_08,rolling_7d,paired,pair_hour_hier_tau_scale_cv,all,20.0,,0.9,10,"2018-01-07,2018-01-08,2018-01-09,2018-01-10,2018-01-11,2018-01-12,2018-01-13,2018-01-14,2018-01-15,2018-01-16",1436.0,1320.7680236214233,0.5805555555555555,-0.06666666666666668,False
fold_08,rolling_7d,paired,pair_hour_hier_tau_scale_cv,all,20.0,,0.95,10,"2018-01-07,2018-01-08,2018-01-09,2018-01-10,2018-01-11,2018-01-12,2018-01-13,2018-01-14,2018-01-15,2018-01-16",1440.0,1315.228899524346,0.5916666666666667,-0.03333333333333334,False
fold_08,rolling_7d,paired,pair_hour_hier_tau_scale_cv,all,20.0,,1.0,10,"2018-01-07,2018-01-08,2018-01-09,2018-01-10,2018-01-11,2018-01-12,2018-01-13,2018-01-14,2018-01-15,2018-01-16",1455.0,1313.113914273065,0.6048611111111113,0.0006944444444444454,False
fold_08,rolling_7d,paired,pair_hour_hier_tau_scale_cv,all,20.0,,1.05,10,"2018-01-07,2018-01-08,2018-01-09,2018-01-10,2018-01-11,2018-01-12,2018-01-13,2018-01-14,2018-01-15,2018-01-16",1463.0,1314.4230678675801,0.6256944444444444,0.04513888888888889,False
fold_08,rolling_7d,paired,pair_hour_hier_tau_scale_cv,all,50.0,,0.7,10,"2018-01-07,2018-01-08,2018-01-09,2018-01-10,2018-01-11,2018-01-12,2018-01-13,2018-01-14,2018-01-15,2018-01-16",1467.0,1402.230842785969,0.54375,-0.19375,False
fold_08,rolling_7d,paired,pair_hour_hier_tau_scale_cv,all,50.0,,0.75,10,"2018-01-07,2018-01-08,2018-01-09,2018-01-10,2018-01-11,2018-01-12,2018-01-13,2018-01-14,2018-01-15,2018-01-16",1447.0,1383.7389662083287,0.5451388888888888,-0.17430555555555555,False
fold_08,rolling_7d,paired,pair_hour_hier_tau_scale_cv,all,50.0,,0.8,10,"2018-01-07,2018-01-08,2018-01-09,2018-01-10,2018-01-11,2018-01-12,2018-01-13,2018-01-14,2018-01-15,2018-01-16",1444.0,1368.5316885366599,0.5472222222222222,-0.15972222222222224,False
fold_08,rolling_7d,paired,pair_hour_hier_tau_scale_cv,all,50.0,,0.85,10,"2018-01-07,2018-01-08,2018-01-09,2018-01-10,2018-01-11,2018-01-12,2018-01-13,2018-01-14,2018-01-15,2018-01-16",1465.0,1356.6090097709634,0.5687500000000001,-0.12291666666666665,False
fold_08,rolling_7d,paired,pair_hour_hier_tau_scale_cv,all,50.0,,0.9,10,"2018-01-07,2018-01-08,2018-01-09,2018-01-10,2018-01-11,2018-01-12,2018-01-13,2018-01-14,2018-01-15,2018-01-16",1453.0,1347.9709299112387,0.5826388888888888,-0.0798611111111111,False
fold_08,rolling_7d,paired,pair_hour_hier_tau_scale_cv,all,50.0,,0.95,10,"2018-01-07,2018-01-08,2018-01-09,2018-01-10,2018-01-11,2018-01-12,2018-01-13,2018-01-14,2018-01-15,2018-01-16",1472.0,1342.6174489574864,0.6069444444444444,-0.03611111111111111,False
fold_08,rolling_7d,paired,pair_hour_hier_tau_scale_cv,all,50.0,,1.0,10,"2018-01-07,2018-01-08,2018-01-09,2018-01-10,2018-01-11,2018-01-12,2018-01-13,2018-01-14,2018-01-15,2018-01-16",1505.0,1340.5485669097056,0.6395833333333333,0.02291666666666667,False
fold_08,rolling_7d,paired,pair_hour_hier_tau_scale_cv,all,50.0,,1.05,10,"2018-01-07,2018-01-08,2018-01-09,2018-01-10,2018-01-11,2018-01-12,2018-01-13,2018-01-14,2018-01-15,2018-01-16",1492.0,1341.7642837678975,0.6527777777777779,0.06944444444444445,False
fold_08,rolling_7d,paired,pair_hour_hier_tau_scale_cv,all,100.0,,0.7,10,"2018-01-07,2018-01-08,2018-01-09,2018-01-10,2018-01-11,2018-01-12,2018-01-13,2018-01-14,2018-01-15,2018-01-16",1473.0,1417.189036790742,0.5423611111111112,-0.2090277777777778,False
fold_08,rolling_7d,paired,pair_hour_hier_tau_scale_cv,all,100.0,,0.75,10,"2018-01-07,2018-01-08,2018-01-09,2018-01-10,2018-01-11,2018-01-12,2018-01-13,2018-01-14,2018-01-15,2018-01-16",1475.0,1399.512348570339,0.54375,-0.19791666666666669,False
fold_08,rolling_7d,paired,pair_hour_hier_tau_scale_cv,all,100.0,,0.8,10,"2018-01-07,2018-01-08,2018-01-09,2018-01-10,2018-01-11,2018-01-12,2018-01-13,2018-01-14,2018-01-15,2018-01-16",1451.0,1385.0864920463519,0.5479166666666666,-0.16875,False
fold_08,rolling_7d,paired,pair_hour_hier_tau_scale_cv,all,100.0,,0.85,10,"2018-01-07,2018-01-08,2018-01-09,2018-01-10,2018-01-11,2018-01-12,2018-01-13,2018-01-14,2018-01-15,2018-01-16",1474.0,1373.91146721878,0.5708333333333334,-0.125,False
fold_08,rolling_7d,paired,pair_hour_hier_tau_scale_cv,all,100.0,,0.9,10,"2018-01-07,2018-01-08,2018-01-09,2018-01-10,2018-01-11,2018-01-12,2018-01-13,2018-01-14,2018-01-15,2018-01-16",1501.0,1365.9872740876235,0.6006944444444444,-0.06875,False
fold_08,rolling_7d,paired,pair_hour_hier_tau_scale_cv,all,100.0,,0.95,10,"2018-01-07,2018-01-08,2018-01-09,2018-01-10,2018-01-11,2018-01-12,2018-01-13,2018-01-14,2018-01-15,2018-01-16",1519.0,1361.3139126528822,0.6243055555555556,-0.025694444444444447,False
fold_08,rolling_7d,paired,pair_hour_hier_tau_scale_cv,all,100.0,,1.0,10,"2018-01-07,2018-01-08,2018-01-09,2018-01-10,2018-01-11,2018-01-12,2018-01-13,2018-01-14,2018-01-15,2018-01-16",1518.0,1359.8913829145567,0.6430555555555555,0.009722222222222222,False
fold_08,rolling_7d,paired,pair_hour_hier_tau_scale_cv,all,100.0,,1.05,10,"2018-01-07,2018-01-08,2018-01-09,2018-01-10,2018-01-11,2018-01-12,2018-01-13,2018-01-14,2018-01-15,2018-01-16",1523.0,1361.7196848726467,0.6659722222222223,0.06736111111111111,False
fold_08,rolling_7d,independent,pair_hour_circular_cv,all,,raw,,10,"2018-01-07,2018-01-08,2018-01-09,2018-01-10,2018-01-11,2018-01-12,2018-01-13,2018-01-14,2018-01-15,2018-01-16",1570.0,1414.713056339211,0.5847222222222221,-0.049999999999999996,False
fold_08,rolling_7d,independent,pair_hour_circular_cv,all,,triangular3,,10,"2018-01-07,2018-01-08,2018-01-09,2018-01-10,2018-01-11,2018-01-12,2018-01-13,2018-01-14,2018-01-15,2018-01-16",1397.0,1307.3669222457092,0.5534722222222221,-0.06458333333333333,True
fold_08,rolling_7d,independent,pair_hour_circular_cv,all,,triangular5,,10,"2018-01-07,2018-01-08,2018-01-09,2018-01-10,2018-01-11,2018-01-12,2018-01-13,2018-01-14,2018-01-15,2018-01-16",1452.0,1345.0989040018367,0.5777777777777778,-0.07361111111111111,False
fold_08,rolling_7d,paired,pair_hour_circular_cv,all,,raw,,10,"2018-01-07,2018-01-08,2018-01-09,2018-01-10,2018-01-11,2018-01-12,2018-01-13,2018-01-14,2018-01-15,2018-01-16",1583.0,1414.713056339211,0.607638888888889,0.00625,False
fold_08,rolling_7d,paired,pair_hour_circular_cv,all,,triangular3,,10,"2018-01-07,2018-01-08,2018-01-09,2018-01-10,2018-01-11,2018-01-12,2018-01-13,2018-01-14,2018-01-15,2018-01-16",1429.0,1307.3669222457092,0.5895833333333333,0.013194444444444444,True
fold_08,rolling_7d,paired,pair_hour_circular_cv,all,,triangular5,,10,"2018-01-07,2018-01-08,2018-01-09,2018-01-10,2018-01-11,2018-01-12,2018-01-13,2018-01-14,2018-01-15,2018-01-16",1481.0,1345.0989040018367,0.6243055555555556,0.02986111111111111,False
fold_08,rolling_7d,independent,pair_hour_circular_scale_cv,all,,raw,0.7,10,"2018-01-07,2018-01-08,2018-01-09,2018-01-10,2018-01-11,2018-01-12,2018-01-13,2018-01-14,2018-01-15,2018-01-16",1519.0,1383.8109011027173,0.5284722222222222,-0.24097222222222223,False
fold_08,rolling_7d,independent,pair_hour_circular_scale_cv,all,,raw,0.75,10,"2018-01-07,2018-01-08,2018-01-09,2018-01-10,2018-01-11,2018-01-12,2018-01-13,2018-01-14,2018-01-15,2018-01-16",1525.0,1376.563150884113,0.5395833333333332,-0.2104166666666667,False
fold_08,rolling_7d,independent,pair_hour_circular_scale_cv,all,,raw,0.8,10,"2018-01-07,2018-01-08,2018-01-09,2018-01-10,2018-01-11,2018-01-12,2018-01-13,2018-01-14,2018-01-15,2018-01-16",1506.0,1374.2746444353836,0.5444444444444445,-0.17777777777777776,False
fold_08,rolling_7d,independent,pair_hour_circular_scale_cv,all,,raw,0.85,10,"2018-01-07,2018-01-08,2018-01-09,2018-01-10,2018-01-11,2018-01-12,2018-01-13,2018-01-14,2018-01-15,2018-01-16",1512.0,1376.9453817565286,0.5569444444444446,-0.1361111111111111,False
fold_08,rolling_7d,independent,pair_hour_circular_scale_cv,all,,raw,0.9,10,"2018-01-07,2018-01-08,2018-01-09,2018-01-10,2018-01-11,2018-01-12,2018-01-13,2018-01-14,2018-01-15,2018-01-16",1514.0,1384.5753628475481,0.5583333333333333,-0.09861111111111111,False
fold_08,rolling_7d,independent,pair_hour_circular_scale_cv,all,,raw,0.95,10,"2018-01-07,2018-01-08,2018-01-09,2018-01-10,2018-01-11,2018-01-12,2018-01-13,2018-01-14,2018-01-15,2018-01-16",1547.0,1397.1645877084425,0.5770833333333334,-0.06597222222222222,False
fold_08,rolling_7d,independent,pair_hour_circular_scale_cv,all,,raw,1.0,10,"2018-01-07,2018-01-08,2018-01-09,2018-01-10,2018-01-11,2018-01-12,2018-01-13,2018-01-14,2018-01-15,2018-01-16",1570.0,1414.713056339211,0.5847222222222221,-0.049999999999999996,False
fold_08,rolling_7d,independent,pair_hour_circular_scale_cv,all,,raw,1.05,10,"2018-01-07,2018-01-08,2018-01-09,2018-01-10,2018-01-11,2018-01-12,2018-01-13,2018-01-14,2018-01-15,2018-01-16",1533.0,1437.2207687398547,0.5881944444444445,-0.002083333333333332,False
fold_08,rolling_7d,independent,pair_hour_circular_scale_cv,all,,triangular3,0.7,10,"2018-01-07,2018-01-08,2018-01-09,2018-01-10,2018-01-11,2018-01-12,2018-01-13,2018-01-14,2018-01-15,2018-01-16",1474.0,1356.3414058281364,0.5180555555555555,-0.2513888888888889,False
fold_08,rolling_7d,independent,pair_hour_circular_scale_cv,all,,triangular3,0.75,10,"2018-01-07,2018-01-08,2018-01-09,2018-01-10,2018-01-11,2018-01-12,2018-01-13,2018-01-14,2018-01-15,2018-01-16",1478.0,1338.6185490558355,0.5263888888888888,-0.225,False
fold_08,rolling_7d,independent,pair_hour_circular_scale_cv,all,,triangular3,0.8,10,"2018-01-07,2018-01-08,2018-01-09,2018-01-10,2018-01-11,2018-01-12,2018-01-13,2018-01-14,2018-01-15,2018-01-16",1451.0,1324.719869420293,0.53125,-0.18263888888888888,False
fold_08,rolling_7d,independent,pair_hour_circular_scale_cv,all,,triangular3,0.85,10,"2018-01-07,2018-01-08,2018-01-09,2018-01-10,2018-01-11,2018-01-12,2018-01-13,2018-01-14,2018-01-15,2018-01-16",1470.0,1314.645366921509,0.5458333333333334,-0.14722222222222223,False
fold_08,rolling_7d,independent,pair_hour_circular_scale_cv,all,,triangular3,0.9,10,"2018-01-07,2018-01-08,2018-01-09,2018-01-10,2018-01-11,2018-01-12,2018-01-13,2018-01-14,2018-01-15,2018-01-16",1437.0,1308.395041559484,0.5451388888888888,-0.12152777777777776,False
fold_08,rolling_7d,independent,pair_hour_circular_scale_cv,all,,triangular3,0.95,10,"2018-01-07,2018-01-08,2018-01-09,2018-01-10,2018-01-11,2018-01-12,2018-01-13,2018-01-14,2018-01-15,2018-01-16",1404.0,1305.9688933342172,0.55,-0.08888888888888888,False
fold_08,rolling_7d,independent,pair_hour_circular_scale_cv,all,,triangular3,1.0,10,"2018-01-07,2018-01-08,2018-01-09,2018-01-10,2018-01-11,2018-01-12,2018-01-13,2018-01-14,2018-01-15,2018-01-16",1397.0,1307.3669222457092,0.5534722222222221,-0.06458333333333333,False
fold_08,rolling_7d,independent,pair_hour_circular_scale_cv,all,,triangular3,1.05,10,"2018-01-07,2018-01-08,2018-01-09,2018-01-10,2018-01-11,2018-01-12,2018-01-13,2018-01-14,2018-01-15,2018-01-16",1378.0,1312.5891282939597,0.5611111111111111,-0.022222222222222223,True
fold_08,rolling_7d,independent,pair_hour_circular_scale_cv,all,,triangular5,0.7,10,"2018-01-07,2018-01-08,2018-01-09,2018-01-10,2018-01-11,2018-01-12,2018-01-13,2018-01-14,2018-01-15,2018-01-16",1492.0,1394.5970635825008,0.5180555555555555,-0.2666666666666667,False
fold_08,rolling_7d,independent,pair_hour_circular_scale_cv,all,,triangular5,0.75,10,"2018-01-07,2018-01-08,2018-01-09,2018-01-10,2018-01-11,2018-01-12,2018-01-13,2018-01-14,2018-01-15,2018-01-16",1483.0,1377.4918840560335,0.5284722222222223,-0.2423611111111111,False
fold_08,rolling_7d,independent,pair_hour_circular_scale_cv,all,,triangular5,0.8,10,"2018-01-07,2018-01-08,2018-01-09,2018-01-10,2018-01-11,2018-01-12,2018-01-13,2018-01-14,2018-01-15,2018-01-16",1471.0,1363.928899034776,0.5354166666666667,-0.2048611111111111,False
fold_08,rolling_7d,independent,pair_hour_circular_scale_cv,all,,triangular5,0.85,10,"2018-01-07,2018-01-08,2018-01-09,2018-01-10,2018-01-11,2018-01-12,2018-01-13,2018-01-14,2018-01-15,2018-01-16",1456.0,1353.9081085187274,0.548611111111111,-0.16111111111111112,False
fold_08,rolling_7d,independent,pair_hour_circular_scale_cv,all,,triangular5,0.9,10,"2018-01-07,2018-01-08,2018-01-09,2018-01-10,2018-01-11,2018-01-12,2018-01-13,2018-01-14,2018-01-15,2018-01-16",1452.0,1347.429512507888,0.5597222222222223,-0.12916666666666668,False
fold_08,rolling_7d,independent,pair_hour_circular_scale_cv,all,,triangular5,0.95,10,"2018-01-07,2018-01-08,2018-01-09,2018-01-10,2018-01-11,2018-01-12,2018-01-13,2018-01-14,2018-01-15,2018-01-16",1459.0,1344.4931110022578,0.5729166666666666,-0.10069444444444445,False
fold_08,rolling_7d,independent,pair_hour_circular_scale_cv,all,,triangular5,1.0,10,"2018-01-07,2018-01-08,2018-01-09,2018-01-10,2018-01-11,2018-01-12,2018-01-13,2018-01-14,2018-01-15,2018-01-16",1452.0,1345.0989040018367,0.5777777777777778,-0.07361111111111111,False
fold_08,rolling_7d,independent,pair_hour_circular_scale_cv,all,,triangular5,1.05,10,"2018-01-07,2018-01-08,2018-01-09,2018-01-10,2018-01-11,2018-01-12,2018-01-13,2018-01-14,2018-01-15,2018-01-16",1449.0,1349.2468915066247,0.5868055555555556,-0.039583333333333325,False
fold_08,rolling_7d,paired,pair_hour_circular_scale_cv,all,,raw,0.7,10,"2018-01-07,2018-01-08,2018-01-09,2018-01-10,2018-01-11,2018-01-12,2018-01-13,2018-01-14,2018-01-15,2018-01-16",1460.0,1383.8109011027173,0.5277777777777777,-0.17777777777777776,False
fold_08,rolling_7d,paired,pair_hour_circular_scale_cv,all,,raw,0.75,10,"2018-01-07,2018-01-08,2018-01-09,2018-01-10,2018-01-11,2018-01-12,2018-01-13,2018-01-14,2018-01-15,2018-01-16",1466.0,1376.563150884113,0.5430555555555555,-0.14583333333333334,False
fold_08,rolling_7d,paired,pair_hour_circular_scale_cv,all,,raw,0.8,10,"2018-01-07,2018-01-08,2018-01-09,2018-01-10,2018-01-11,2018-01-12,2018-01-13,2018-01-14,2018-01-15,2018-01-16",1490.0,1374.2746444353836,0.5527777777777778,-0.11666666666666667,False
fold_08,rolling_7d,paired,pair_hour_circular_scale_cv,all,,raw,0.85,10,"2018-01-07,2018-01-08,2018-01-09,2018-01-10,2018-01-11,2018-01-12,2018-01-13,2018-01-14,2018-01-15,2018-01-16",1489.0,1376.9453817565286,0.5604166666666667,-0.08402777777777778,False
fold_08,rolling_7d,paired,pair_hour_circular_scale_cv,all,,raw,0.9,10,"2018-01-07,2018-01-08,2018-01-09,2018-01-10,2018-01-11,2018-01-12,2018-01-13,2018-01-14,2018-01-15,2018-01-16",1502.0,1384.5753628475481,0.5722222222222222,-0.05138888888888889,False
fold_08,rolling_7d,paired,pair_hour_circular_scale_cv,all,,raw,0.95,10,"2018-01-07,2018-01-08,2018-01-09,2018-01-10,2018-01-11,2018-01-12,2018-01-13,2018-01-14,2018-01-15,2018-01-16",1538.0,1397.1645877084425,0.5902777777777779,-0.02222222222222222,False
fold_08,rolling_7d,paired,pair_hour_circular_scale_cv,all,,raw,1.0,10,"2018-01-07,2018-01-08,2018-01-09,2018-01-10,2018-01-11,2018-01-12,2018-01-13,2018-01-14,2018-01-15,2018-01-16",1583.0,1414.713056339211,0.607638888888889,0.00625,False
fold_08,rolling_7d,paired,pair_hour_circular_scale_cv,all,,raw,1.05,10,"2018-01-07,2018-01-08,2018-01-09,2018-01-10,2018-01-11,2018-01-12,2018-01-13,2018-01-14,2018-01-15,2018-01-16",1601.0,1437.2207687398547,0.617361111111111,0.03958333333333333,False
fold_08,rolling_7d,paired,pair_hour_circular_scale_cv,all,,triangular3,0.7,10,"2018-01-07,2018-01-08,2018-01-09,2018-01-10,2018-01-11,2018-01-12,2018-01-13,2018-01-14,2018-01-15,2018-01-16",1442.0,1356.3414058281364,0.5402777777777777,-0.1638888888888889,False
fold_08,rolling_7d,paired,pair_hour_circular_scale_cv,all,,triangular3,0.75,10,"2018-01-07,2018-01-08,2018-01-09,2018-01-10,2018-01-11,2018-01-12,2018-01-13,2018-01-14,2018-01-15,2018-01-16",1430.0,1338.6185490558355,0.55,-0.13611111111111113,False
fold_08,rolling_7d,paired,pair_hour_circular_scale_cv,all,,triangular3,0.8,10,"2018-01-07,2018-01-08,2018-01-09,2018-01-10,2018-01-11,2018-01-12,2018-01-13,2018-01-14,2018-01-15,2018-01-16",1430.0,1324.719869420293,0.5555555555555556,-0.10555555555555556,False
fold_08,rolling_7d,paired,pair_hour_circular_scale_cv,all,,triangular3,0.85,10,"2018-01-07,2018-01-08,2018-01-09,2018-01-10,2018-01-11,2018-01-12,2018-01-13,2018-01-14,2018-01-15,2018-01-16",1416.0,1314.645366921509,0.5611111111111111,-0.0763888888888889,False
fold_08,rolling_7d,paired,pair_hour_circular_scale_cv,all,,triangular3,0.9,10,"2018-01-07,2018-01-08,2018-01-09,2018-01-10,2018-01-11,2018-01-12,2018-01-13,2018-01-14,2018-01-15,2018-01-16",1392.0,1308.395041559484,0.5611111111111111,-0.044444444444444446,True
fold_08,rolling_7d,paired,pair_hour_circular_scale_cv,all,,triangular3,0.95,10,"2018-01-07,2018-01-08,2018-01-09,2018-01-10,2018-01-11,2018-01-12,2018-01-13,2018-01-14,2018-01-15,2018-01-16",1410.0,1305.9688933342172,0.5736111111111113,-0.015277777777777776,False
fold_08,rolling_7d,paired,pair_hour_circular_scale_cv,all,,triangular3,1.0,10,"2018-01-07,2018-01-08,2018-01-09,2018-01-10,2018-01-11,2018-01-12,2018-01-13,2018-01-14,2018-01-15,2018-01-16",1429.0,1307.3669222457092,0.5895833333333333,0.013194444444444444,False
fold_08,rolling_7d,paired,pair_hour_circular_scale_cv,all,,triangular3,1.05,10,"2018-01-07,2018-01-08,2018-01-09,2018-01-10,2018-01-11,2018-01-12,2018-01-13,2018-01-14,2018-01-15,2018-01-16",1440.0,1312.5891282939597,0.6027777777777777,0.03888888888888889,False
fold_08,rolling_7d,paired,pair_hour_circular_scale_cv,all,,triangular5,0.7,10,"2018-01-07,2018-01-08,2018-01-09,2018-01-10,2018-01-11,2018-01-12,2018-01-13,2018-01-14,2018-01-15,2018-01-16",1449.0,1394.5970635825008,0.54375,-0.16875,False
fold_08,rolling_7d,paired,pair_hour_circular_scale_cv,all,,triangular5,0.75,10,"2018-01-07,2018-01-08,2018-01-09,2018-01-10,2018-01-11,2018-01-12,2018-01-13,2018-01-14,2018-01-15,2018-01-16",1443.0,1377.4918840560335,0.5576388888888888,-0.13125000000000003,False
fold_08,rolling_7d,paired,pair_hour_circular_scale_cv,all,,triangular5,0.8,10,"2018-01-07,2018-01-08,2018-01-09,2018-01-10,2018-01-11,2018-01-12,2018-01-13,2018-01-14,2018-01-15,2018-01-16",1425.0,1363.928899034776,0.5729166666666666,-0.08958333333333333,False
fold_08,rolling_7d,paired,pair_hour_circular_scale_cv,all,,triangular5,0.85,10,"2018-01-07,2018-01-08,2018-01-09,2018-01-10,2018-01-11,2018-01-12,2018-01-13,2018-01-14,2018-01-15,2018-01-16",1439.0,1353.9081085187274,0.5868055555555556,-0.05902777777777777,False
fold_08,rolling_7d,paired,pair_hour_circular_scale_cv,all,,triangular5,0.9,10,"2018-01-07,2018-01-08,2018-01-09,2018-01-10,2018-01-11,2018-01-12,2018-01-13,2018-01-14,2018-01-15,2018-01-16",1455.0,1347.429512507888,0.6020833333333333,-0.018749999999999996,False
fold_08,rolling_7d,paired,pair_hour_circular_scale_cv,all,,triangular5,0.95,10,"2018-01-07,2018-01-08,2018-01-09,2018-01-10,2018-01-11,2018-01-12,2018-01-13,2018-01-14,2018-01-15,2018-01-16",1475.0,1344.4931110022578,0.6159722222222224,0.007638888888888888,False
fold_08,rolling_7d,paired,pair_hour_circular_scale_cv,all,,triangular5,1.0,10,"2018-01-07,2018-01-08,2018-01-09,2018-01-10,2018-01-11,2018-01-12,2018-01-13,2018-01-14,2018-01-15,2018-01-16",1481.0,1345.0989040018367,0.6243055555555556,0.02986111111111111,False
fold_08,rolling_7d,paired,pair_hour_circular_scale_cv,all,,triangular5,1.05,10,"2018-01-07,2018-01-08,2018-01-09,2018-01-10,2018-01-11,2018-01-12,2018-01-13,2018-01-14,2018-01-15,2018-01-16",1501.0,1349.2468915066247,0.6326388888888889,0.049305555555555554,False
fold_08,rolling_7d,independent,present_shrunk20_scale_cv,all,,,0.7,10,"2018-01-07,2018-01-08,2018-01-09,2018-01-10,2018-01-11,2018-01-12,2018-01-13,2018-01-14,2018-01-15,2018-01-16",1505.0,1371.8133168728864,0.5298611111111111,-0.23819444444444446,False
fold_08,rolling_7d,independent,present_shrunk20_scale_cv,all,,,0.75,10,"2018-01-07,2018-01-08,2018-01-09,2018-01-10,2018-01-11,2018-01-12,2018-01-13,2018-01-14,2018-01-15,2018-01-16",1495.0,1360.731028444526,0.5354166666666667,-0.21180555555555558,False
fold_08,rolling_7d,independent,present_shrunk20_scale_cv,all,,,0.8,10,"2018-01-07,2018-01-08,2018-01-09,2018-01-10,2018-01-11,2018-01-12,2018-01-13,2018-01-14,2018-01-15,2018-01-16",1486.0,1354.2109747316904,0.5430555555555555,-0.18055555555555552,False
fold_08,rolling_7d,independent,present_shrunk20_scale_cv,all,,,0.85,10,"2018-01-07,2018-01-08,2018-01-09,2018-01-10,2018-01-11,2018-01-12,2018-01-13,2018-01-14,2018-01-15,2018-01-16",1488.0,1352.2531557343789,0.548611111111111,-0.14583333333333334,False
fold_08,rolling_7d,independent,present_shrunk20_scale_cv,all,,,0.9,10,"2018-01-07,2018-01-08,2018-01-09,2018-01-10,2018-01-11,2018-01-12,2018-01-13,2018-01-14,2018-01-15,2018-01-16",1473.0,1354.8575714525923,0.5534722222222221,-0.11041666666666665,True
fold_08,rolling_7d,independent,present_shrunk20_scale_cv,all,,,0.95,10,"2018-01-07,2018-01-08,2018-01-09,2018-01-10,2018-01-11,2018-01-12,2018-01-13,2018-01-14,2018-01-15,2018-01-16",1502.0,1362.0242218863295,0.5680555555555555,-0.07916666666666665,False
fold_08,rolling_7d,independent,present_shrunk20_scale_cv,all,,,1.0,10,"2018-01-07,2018-01-08,2018-01-09,2018-01-10,2018-01-11,2018-01-12,2018-01-13,2018-01-14,2018-01-15,2018-01-16",1511.0,1373.7531070355922,0.5729166666666667,-0.05625,False
fold_08,rolling_7d,independent,present_shrunk20_scale_cv,all,,,1.05,10,"2018-01-07,2018-01-08,2018-01-09,2018-01-10,2018-01-11,2018-01-12,2018-01-13,2018-01-14,2018-01-15,2018-01-16",1520.0,1390.0442269003786,0.5833333333333333,-0.016666666666666666,False
fold_08,rolling_7d,paired,present_shrunk20_scale_cv,all,,,0.7,10,"2018-01-07,2018-01-08,2018-01-09,2018-01-10,2018-01-11,2018-01-12,2018-01-13,2018-01-14,2018-01-15,2018-01-16",1467.0,1371.8133168728864,0.5326388888888889,-0.1798611111111111,False
fold_08,rolling_7d,paired,present_shrunk20_scale_cv,all,,,0.75,10,"2018-01-07,2018-01-08,2018-01-09,2018-01-10,2018-01-11,2018-01-12,2018-01-13,2018-01-14,2018-01-15,2018-01-16",1457.0,1360.731028444526,0.5381944444444444,-0.1506944444444445,False
fold_08,rolling_7d,paired,present_shrunk20_scale_cv,all,,,0.8,10,"2018-01-07,2018-01-08,2018-01-09,2018-01-10,2018-01-11,2018-01-12,2018-01-13,2018-01-14,2018-01-15,2018-01-16",1445.0,1354.2109747316904,0.5465277777777777,-0.12152777777777776,True
fold_08,rolling_7d,paired,present_shrunk20_scale_cv,all,,,0.85,10,"2018-01-07,2018-01-08,2018-01-09,2018-01-10,2018-01-11,2018-01-12,2018-01-13,2018-01-14,2018-01-15,2018-01-16",1469.0,1352.2531557343789,0.5548611111111111,-0.08680555555555555,False
fold_08,rolling_7d,paired,present_shrunk20_scale_cv,all,,,0.9,10,"2018-01-07,2018-01-08,2018-01-09,2018-01-10,2018-01-11,2018-01-12,2018-01-13,2018-01-14,2018-01-15,2018-01-16",1489.0,1354.8575714525923,0.5729166666666667,-0.05486111111111112,False
fold_08,rolling_7d,paired,present_shrunk20_scale_cv,all,,,0.95,10,"2018-01-07,2018-01-08,2018-01-09,2018-01-10,2018-01-11,2018-01-12,2018-01-13,2018-01-14,2018-01-15,2018-01-16",1487.0,1362.0242218863295,0.58125,-0.02708333333333333,False
fold_08,rolling_7d,paired,present_shrunk20_scale_cv,all,,,1.0,10,"2018-01-07,2018-01-08,2018-01-09,2018-01-10,2018-01-11,2018-01-12,2018-01-13,2018-01-14,2018-01-15,2018-01-16",1499.0,1373.7531070355922,0.5909722222222221,0.0048611111111111095,False
fold_08,rolling_7d,paired,present_shrunk20_scale_cv,all,,,1.05,10,"2018-01-07,2018-01-08,2018-01-09,2018-01-10,2018-01-11,2018-01-12,2018-01-13,2018-01-14,2018-01-15,2018-01-16",1543.0,1390.0442269003786,0.6090277777777777,0.034027777777777775,False
fold_08,rolling_7d,independent,pair_hour_direction_scale_cv,core->near,,,0.7,10,"2018-01-07,2018-01-08,2018-01-09,2018-01-10,2018-01-11,2018-01-12,2018-01-13,2018-01-14,2018-01-15,2018-01-16",548.0,501.10477458093953,0.6666666666666666,-0.25,False
fold_08,rolling_7d,independent,pair_hour_direction_scale_cv,core->near,,,0.75,10,"2018-01-07,2018-01-08,2018-01-09,2018-01-10,2018-01-11,2018-01-12,2018-01-13,2018-01-14,2018-01-15,2018-01-16",543.0,497.66567678066207,0.7083333333333334,-0.20833333333333334,False
fold_08,rolling_7d,independent,pair_hour_direction_scale_cv,core->near,,,0.8,10,"2018-01-07,2018-01-08,2018-01-09,2018-01-10,2018-01-11,2018-01-12,2018-01-13,2018-01-14,2018-01-15,2018-01-16",523.0,496.37655856338625,0.6666666666666666,-0.16666666666666666,True
fold_08,rolling_7d,independent,pair_hour_direction_scale_cv,core->near,,,0.85,10,"2018-01-07,2018-01-08,2018-01-09,2018-01-10,2018-01-11,2018-01-12,2018-01-13,2018-01-14,2018-01-15,2018-01-16",532.0,497.23741992911215,0.7083333333333334,-0.125,False
fold_08,rolling_7d,independent,pair_hour_direction_scale_cv,core->near,,,0.9,10,"2018-01-07,2018-01-08,2018-01-09,2018-01-10,2018-01-11,2018-01-12,2018-01-13,2018-01-14,2018-01-15,2018-01-16",547.0,500.24826087783964,0.75,-0.08333333333333333,False
fold_08,rolling_7d,independent,pair_hour_direction_scale_cv,core->near,,,0.95,10,"2018-01-07,2018-01-08,2018-01-09,2018-01-10,2018-01-11,2018-01-12,2018-01-13,2018-01-14,2018-01-15,2018-01-16",559.0,505.4090814095689,0.7916666666666666,0.041666666666666664,False
fold_08,rolling_7d,independent,pair_hour_direction_scale_cv,core->near,,,1.0,10,"2018-01-07,2018-01-08,2018-01-09,2018-01-10,2018-01-11,2018-01-12,2018-01-13,2018-01-14,2018-01-15,2018-01-16",570.0,512.7198815242998,0.8333333333333334,0.08333333333333333,False
fold_08,rolling_7d,independent,pair_hour_direction_scale_cv,core->near,,,1.05,10,"2018-01-07,2018-01-08,2018-01-09,2018-01-10,2018-01-11,2018-01-12,2018-01-13,2018-01-14,2018-01-15,2018-01-16",560.0,522.1806612220323,0.7916666666666666,0.20833333333333334,False
fold_08,rolling_7d,independent,pair_hour_direction_scale_cv,core->outer,,,0.7,10,"2018-01-07,2018-01-08,2018-01-09,2018-01-10,2018-01-11,2018-01-12,2018-01-13,2018-01-14,2018-01-15,2018-01-16",82.0,72.62250379430097,0.125,-0.125,False
fold_08,rolling_7d,independent,pair_hour_direction_scale_cv,core->outer,,,0.75,10,"2018-01-07,2018-01-08,2018-01-09,2018-01-10,2018-01-11,2018-01-12,2018-01-13,2018-01-14,2018-01-15,2018-01-16",79.0,72.13898070673258,0.125,-0.125,False
fold_08,rolling_7d,independent,pair_hour_direction_scale_cv,core->outer,,,0.8,10,"2018-01-07,2018-01-08,2018-01-09,2018-01-10,2018-01-11,2018-01-12,2018-01-13,2018-01-14,2018-01-15,2018-01-16",80.0,71.77553545706645,0.125,-0.125,False
fold_08,rolling_7d,independent,pair_hour_direction_scale_cv,core->outer,,,0.85,10,"2018-01-07,2018-01-08,2018-01-09,2018-01-10,2018-01-11,2018-01-12,2018-01-13,2018-01-14,2018-01-15,2018-01-16",77.0,71.53216804530265,0.125,-0.125,False
fold_08,rolling_7d,independent,pair_hour_direction_scale_cv,core->outer,,,0.9,10,"2018-01-07,2018-01-08,2018-01-09,2018-01-10,2018-01-11,2018-01-12,2018-01-13,2018-01-14,2018-01-15,2018-01-16",77.0,71.40887847144114,0.125,-0.125,True
fold_08,rolling_7d,independent,pair_hour_direction_scale_cv,core->outer,,,0.95,10,"2018-01-07,2018-01-08,2018-01-09,2018-01-10,2018-01-11,2018-01-12,2018-01-13,2018-01-14,2018-01-15,2018-01-16",78.0,71.40566673548194,0.125,-0.125,False
fold_08,rolling_7d,independent,pair_hour_direction_scale_cv,core->outer,,,1.0,10,"2018-01-07,2018-01-08,2018-01-09,2018-01-10,2018-01-11,2018-01-12,2018-01-13,2018-01-14,2018-01-15,2018-01-16",78.0,71.52253283742503,0.125,-0.125,False
fold_08,rolling_7d,independent,pair_hour_direction_scale_cv,core->outer,,,1.05,10,"2018-01-07,2018-01-08,2018-01-09,2018-01-10,2018-01-11,2018-01-12,2018-01-13,2018-01-14,2018-01-15,2018-01-16",79.0,71.75947677727042,0.125,-0.125,False
fold_08,rolling_7d,independent,pair_hour_direction_scale_cv,near->core,,,0.7,10,"2018-01-07,2018-01-08,2018-01-09,2018-01-10,2018-01-11,2018-01-12,2018-01-13,2018-01-14,2018-01-15,2018-01-16",492.0,462.67075616075743,0.7083333333333334,-0.125,False
fold_08,rolling_7d,independent,pair_hour_direction_scale_cv,near->core,,,0.75,10,"2018-01-07,2018-01-08,2018-01-09,2018-01-10,2018-01-11,2018-01-12,2018-01-13,2018-01-14,2018-01-15,2018-01-16",503.0,458.9054390658997,0.7083333333333334,-0.041666666666666664,False
fold_08,rolling_7d,independent,pair_hour_direction_scale_cv,near->core,,,0.8,10,"2018-01-07,2018-01-08,2018-01-09,2018-01-10,2018-01-11,2018-01-12,2018-01-13,2018-01-14,2018-01-15,2018-01-16",501.0,457.0507391568632,0.75,0.0,False
fold_08,rolling_7d,independent,pair_hour_direction_scale_cv,near->core,,,0.85,10,"2018-01-07,2018-01-08,2018-01-09,2018-01-10,2018-01-11,2018-01-12,2018-01-13,2018-01-14,2018-01-15,2018-01-16",502.0,457.10665643364797,0.7916666666666666,0.041666666666666664,False
fold_08,rolling_7d,independent,pair_hour_direction_scale_cv,near->core,,,0.9,10,"2018-01-07,2018-01-08,2018-01-09,2018-01-10,2018-01-11,2018-01-12,2018-01-13,2018-01-14,2018-01-15,2018-01-16",481.0,459.07319089625406,0.75,0.08333333333333333,True
fold_08,rolling_7d,independent,pair_hour_direction_scale_cv,near->core,,,0.95,10,"2018-01-07,2018-01-08,2018-01-09,2018-01-10,2018-01-11,2018-01-12,2018-01-13,2018-01-14,2018-01-15,2018-01-16",491.0,462.9503425446814,0.75,0.25,False
fold_08,rolling_7d,independent,pair_hour_direction_scale_cv,near->core,,,1.0,10,"2018-01-07,2018-01-08,2018-01-09,2018-01-10,2018-01-11,2018-01-12,2018-01-13,2018-01-14,2018-01-15,2018-01-16",497.0,468.7381113789301,0.7916666666666666,0.2916666666666667,False
fold_08,rolling_7d,independent,pair_hour_direction_scale_cv,near->core,,,1.05,10,"2018-01-07,2018-01-08,2018-01-09,2018-01-10,2018-01-11,2018-01-12,2018-01-13,2018-01-14,2018-01-15,2018-01-16",483.0,476.436497399,0.875,0.375,False
fold_08,rolling_7d,independent,pair_hour_direction_scale_cv,near->outer,,,0.7,10,"2018-01-07,2018-01-08,2018-01-09,2018-01-10,2018-01-11,2018-01-12,2018-01-13,2018-01-14,2018-01-15,2018-01-16",175.0,154.80318743112946,0.4583333333333333,-0.4583333333333333,True
fold_08,rolling_7d,independent,pair_hour_direction_scale_cv,near->outer,,,0.75,10,"2018-01-07,2018-01-08,2018-01-09,2018-01-10,2018-01-11,2018-01-12,2018-01-13,2018-01-14,2018-01-15,2018-01-16",176.0,155.64031464713588,0.4583333333333333,-0.4583333333333333,False
fold_08,rolling_7d,independent,pair_hour_direction_scale_cv,near->outer,,,0.8,10,"2018-01-07,2018-01-08,2018-01-09,2018-01-10,2018-01-11,2018-01-12,2018-01-13,2018-01-14,2018-01-15,2018-01-16",182.0,156.80045704021808,0.4583333333333333,-0.4583333333333333,False
fold_08,rolling_7d,independent,pair_hour_direction_scale_cv,near->outer,,,0.85,10,"2018-01-07,2018-01-08,2018-01-09,2018-01-10,2018-01-11,2018-01-12,2018-01-13,2018-01-14,2018-01-15,2018-01-16",182.0,158.28361461037608,0.4583333333333333,-0.375,False
fold_08,rolling_7d,independent,pair_hour_direction_scale_cv,near->outer,,,0.9,10,"2018-01-07,2018-01-08,2018-01-09,2018-01-10,2018-01-11,2018-01-12,2018-01-13,2018-01-14,2018-01-15,2018-01-16",186.0,160.08978735760994,0.4166666666666667,-0.3333333333333333,False
fold_08,rolling_7d,independent,pair_hour_direction_scale_cv,near->outer,,,0.95,10,"2018-01-07,2018-01-08,2018-01-09,2018-01-10,2018-01-11,2018-01-12,2018-01-13,2018-01-14,2018-01-15,2018-01-16",192.0,162.21897528191954,0.4583333333333333,-0.2916666666666667,False
fold_08,rolling_7d,independent,pair_hour_direction_scale_cv,near->outer,,,1.0,10,"2018-01-07,2018-01-08,2018-01-09,2018-01-10,2018-01-11,2018-01-12,2018-01-13,2018-01-14,2018-01-15,2018-01-16",198.0,164.671178383305,0.4583333333333333,-0.2916666666666667,False
fold_08,rolling_7d,independent,pair_hour_direction_scale_cv,near->outer,,,1.05,10,"2018-01-07,2018-01-08,2018-01-09,2018-01-10,2018-01-11,2018-01-12,2018-01-13,2018-01-14,2018-01-15,2018-01-16",183.0,167.4463966617663,0.4583333333333333,-0.2916666666666667,False
fold_08,rolling_7d,independent,pair_hour_direction_scale_cv,outer->core,,,0.7,10,"2018-01-07,2018-01-08,2018-01-09,2018-01-10,2018-01-11,2018-01-12,2018-01-13,2018-01-14,2018-01-15,2018-01-16",64.0,56.350799322935444,0.2916666666666667,-0.2916666666666667,False
fold_08,rolling_7d,independent,pair_hour_direction_scale_cv,outer->core,,,0.75,10,"2018-01-07,2018-01-08,2018-01-09,2018-01-10,2018-01-11,2018-01-12,2018-01-13,2018-01-14,2018-01-15,2018-01-16",64.0,56.29096177211294,0.2916666666666667,-0.2916666666666667,True
fold_08,rolling_7d,independent,pair_hour_direction_scale_cv,outer->core,,,0.8,10,"2018-01-07,2018-01-08,2018-01-09,2018-01-10,2018-01-11,2018-01-12,2018-01-13,2018-01-14,2018-01-15,2018-01-16",66.0,56.295995411438504,0.2916666666666667,-0.2916666666666667,False
fold_08,rolling_7d,independent,pair_hour_direction_scale_cv,outer->core,,,0.85,10,"2018-01-07,2018-01-08,2018-01-09,2018-01-10,2018-01-11,2018-01-12,2018-01-13,2018-01-14,2018-01-15,2018-01-16",67.0,56.36590024091217,0.2916666666666667,-0.2916666666666667,False
fold_08,rolling_7d,independent,pair_hour_direction_scale_cv,outer->core,,,0.9,10,"2018-01-07,2018-01-08,2018-01-09,2018-01-10,2018-01-11,2018-01-12,2018-01-13,2018-01-14,2018-01-15,2018-01-16",67.0,56.50067626053392,0.2916666666666667,-0.2916666666666667,False
fold_08,rolling_7d,independent,pair_hour_direction_scale_cv,outer->core,,,0.95,10,"2018-01-07,2018-01-08,2018-01-09,2018-01-10,2018-01-11,2018-01-12,2018-01-13,2018-01-14,2018-01-15,2018-01-16",69.0,56.700323470303765,0.2916666666666667,-0.2916666666666667,False
fold_08,rolling_7d,independent,pair_hour_direction_scale_cv,outer->core,,,1.0,10,"2018-01-07,2018-01-08,2018-01-09,2018-01-10,2018-01-11,2018-01-12,2018-01-13,2018-01-14,2018-01-15,2018-01-16",69.0,56.9648418702217,0.2916666666666667,-0.2916666666666667,False
fold_08,rolling_7d,independent,pair_hour_direction_scale_cv,outer->core,,,1.05,10,"2018-01-07,2018-01-08,2018-01-09,2018-01-10,2018-01-11,2018-01-12,2018-01-13,2018-01-14,2018-01-15,2018-01-16",74.0,57.29423146028773,0.2916666666666667,-0.2916666666666667,False
fold_08,rolling_7d,independent,pair_hour_direction_scale_cv,outer->near,,,0.7,10,"2018-01-07,2018-01-08,2018-01-09,2018-01-10,2018-01-11,2018-01-12,2018-01-13,2018-01-14,2018-01-15,2018-01-16",158.0,136.25887981265421,0.625,-0.20833333333333334,False
fold_08,rolling_7d,independent,pair_hour_direction_scale_cv,outer->near,,,0.75,10,"2018-01-07,2018-01-08,2018-01-09,2018-01-10,2018-01-11,2018-01-12,2018-01-13,2018-01-14,2018-01-15,2018-01-16",160.0,135.92177791157,0.625,-0.20833333333333334,False
fold_08,rolling_7d,independent,pair_hour_direction_scale_cv,outer->near,,,0.8,10,"2018-01-07,2018-01-08,2018-01-09,2018-01-10,2018-01-11,2018-01-12,2018-01-13,2018-01-14,2018-01-15,2018-01-16",154.0,135.9753588064111,0.6666666666666666,-0.16666666666666666,False
fold_08,rolling_7d,independent,pair_hour_direction_scale_cv,outer->near,,,0.85,10,"2018-01-07,2018-01-08,2018-01-09,2018-01-10,2018-01-11,2018-01-12,2018-01-13,2018-01-14,2018-01-15,2018-01-16",152.0,136.4196224971776,0.6666666666666666,-0.16666666666666666,True
fold_08,rolling_7d,independent,pair_hour_direction_scale_cv,outer->near,,,0.9,10,"2018-01-07,2018-01-08,2018-01-09,2018-01-10,2018-01-11,2018-01-12,2018-01-13,2018-01-14,2018-01-15,2018-01-16",156.0,137.25456898386952,0.6666666666666666,-0.16666666666666666,False
fold_08,rolling_7d,independent,pair_hour_direction_scale_cv,outer->near,,,0.95,10,"2018-01-07,2018-01-08,2018-01-09,2018-01-10,2018-01-11,2018-01-12,2018-01-13,2018-01-14,2018-01-15,2018-01-16",158.0,138.48019826648684,0.6666666666666666,-0.16666666666666666,False
fold_08,rolling_7d,independent,pair_hour_direction_scale_cv,outer->near,,,1.0,10,"2018-01-07,2018-01-08,2018-01-09,2018-01-10,2018-01-11,2018-01-12,2018-01-13,2018-01-14,2018-01-15,2018-01-16",158.0,140.09651034502954,0.6666666666666666,-0.16666666666666666,False
fold_08,rolling_7d,independent,pair_hour_direction_scale_cv,outer->near,,,1.05,10,"2018-01-07,2018-01-08,2018-01-09,2018-01-10,2018-01-11,2018-01-12,2018-01-13,2018-01-14,2018-01-15,2018-01-16",154.0,142.1035052194976,0.6666666666666666,-0.16666666666666666,False
fold_08,rolling_7d,paired,pair_hour_direction_scale_cv,core->near,,,0.7,10,"2018-01-07,2018-01-08,2018-01-09,2018-01-10,2018-01-11,2018-01-12,2018-01-13,2018-01-14,2018-01-15,2018-01-16",515.0,501.10477458093953,0.7916666666666666,-0.041666666666666664,False
fold_08,rolling_7d,paired,pair_hour_direction_scale_cv,core->near,,,0.75,10,"2018-01-07,2018-01-08,2018-01-09,2018-01-10,2018-01-11,2018-01-12,2018-01-13,2018-01-14,2018-01-15,2018-01-16",511.0,497.66567678066207,0.8333333333333334,0.0,True
fold_08,rolling_7d,paired,pair_hour_direction_scale_cv,core->near,,,0.8,10,"2018-01-07,2018-01-08,2018-01-09,2018-01-10,2018-01-11,2018-01-12,2018-01-13,2018-01-14,2018-01-15,2018-01-16",526.0,496.37655856338625,0.875,0.041666666666666664,False
fold_08,rolling_7d,paired,pair_hour_direction_scale_cv,core->near,,,0.85,10,"2018-01-07,2018-01-08,2018-01-09,2018-01-10,2018-01-11,2018-01-12,2018-01-13,2018-01-14,2018-01-15,2018-01-16",544.0,497.23741992911215,0.875,0.041666666666666664,False
fold_08,rolling_7d,paired,pair_hour_direction_scale_cv,core->near,,,0.9,10,"2018-01-07,2018-01-08,2018-01-09,2018-01-10,2018-01-11,2018-01-12,2018-01-13,2018-01-14,2018-01-15,2018-01-16",536.0,500.24826087783964,0.7916666666666666,0.125,False
fold_08,rolling_7d,paired,pair_hour_direction_scale_cv,core->near,,,0.95,10,"2018-01-07,2018-01-08,2018-01-09,2018-01-10,2018-01-11,2018-01-12,2018-01-13,2018-01-14,2018-01-15,2018-01-16",540.0,505.4090814095689,0.75,0.16666666666666666,False
fold_08,rolling_7d,paired,pair_hour_direction_scale_cv,core->near,,,1.0,10,"2018-01-07,2018-01-08,2018-01-09,2018-01-10,2018-01-11,2018-01-12,2018-01-13,2018-01-14,2018-01-15,2018-01-16",552.0,512.7198815242998,0.75,0.16666666666666666,False
fold_08,rolling_7d,paired,pair_hour_direction_scale_cv,core->near,,,1.05,10,"2018-01-07,2018-01-08,2018-01-09,2018-01-10,2018-01-11,2018-01-12,2018-01-13,2018-01-14,2018-01-15,2018-01-16",560.0,522.1806612220323,0.8333333333333334,0.25,False
fold_08,rolling_7d,paired,pair_hour_direction_scale_cv,core->outer,,,0.7,10,"2018-01-07,2018-01-08,2018-01-09,2018-01-10,2018-01-11,2018-01-12,2018-01-13,2018-01-14,2018-01-15,2018-01-16",88.0,72.62250379430097,0.16666666666666666,-0.16666666666666666,False
fold_08,rolling_7d,paired,pair_hour_direction_scale_cv,core->outer,,,0.75,10,"2018-01-07,2018-01-08,2018-01-09,2018-01-10,2018-01-11,2018-01-12,2018-01-13,2018-01-14,2018-01-15,2018-01-16",87.0,72.13898070673258,0.125,-0.125,False
fold_08,rolling_7d,paired,pair_hour_direction_scale_cv,core->outer,,,0.8,10,"2018-01-07,2018-01-08,2018-01-09,2018-01-10,2018-01-11,2018-01-12,2018-01-13,2018-01-14,2018-01-15,2018-01-16",85.0,71.77553545706645,0.125,-0.125,False
fold_08,rolling_7d,paired,pair_hour_direction_scale_cv,core->outer,,,0.85,10,"2018-01-07,2018-01-08,2018-01-09,2018-01-10,2018-01-11,2018-01-12,2018-01-13,2018-01-14,2018-01-15,2018-01-16",81.0,71.53216804530265,0.125,-0.125,True
fold_08,rolling_7d,paired,pair_hour_direction_scale_cv,core->outer,,,0.9,10,"2018-01-07,2018-01-08,2018-01-09,2018-01-10,2018-01-11,2018-01-12,2018-01-13,2018-01-14,2018-01-15,2018-01-16",82.0,71.40887847144114,0.125,-0.125,False
fold_08,rolling_7d,paired,pair_hour_direction_scale_cv,core->outer,,,0.95,10,"2018-01-07,2018-01-08,2018-01-09,2018-01-10,2018-01-11,2018-01-12,2018-01-13,2018-01-14,2018-01-15,2018-01-16",82.0,71.40566673548194,0.125,-0.125,False
fold_08,rolling_7d,paired,pair_hour_direction_scale_cv,core->outer,,,1.0,10,"2018-01-07,2018-01-08,2018-01-09,2018-01-10,2018-01-11,2018-01-12,2018-01-13,2018-01-14,2018-01-15,2018-01-16",84.0,71.52253283742503,0.16666666666666666,-0.08333333333333333,False
fold_08,rolling_7d,paired,pair_hour_direction_scale_cv,core->outer,,,1.05,10,"2018-01-07,2018-01-08,2018-01-09,2018-01-10,2018-01-11,2018-01-12,2018-01-13,2018-01-14,2018-01-15,2018-01-16",83.0,71.75947677727042,0.16666666666666666,-0.08333333333333333,False
fold_08,rolling_7d,paired,pair_hour_direction_scale_cv,near->core,,,0.7,10,"2018-01-07,2018-01-08,2018-01-09,2018-01-10,2018-01-11,2018-01-12,2018-01-13,2018-01-14,2018-01-15,2018-01-16",495.0,462.67075616075743,0.75,0.0,False
fold_08,rolling_7d,paired,pair_hour_direction_scale_cv,near->core,,,0.75,10,"2018-01-07,2018-01-08,2018-01-09,2018-01-10,2018-01-11,2018-01-12,2018-01-13,2018-01-14,2018-01-15,2018-01-16",501.0,458.9054390658997,0.7916666666666666,0.041666666666666664,False
fold_08,rolling_7d,paired,pair_hour_direction_scale_cv,near->core,,,0.8,10,"2018-01-07,2018-01-08,2018-01-09,2018-01-10,2018-01-11,2018-01-12,2018-01-13,2018-01-14,2018-01-15,2018-01-16",491.0,457.0507391568632,0.75,0.08333333333333333,False
fold_08,rolling_7d,paired,pair_hour_direction_scale_cv,near->core,,,0.85,10,"2018-01-07,2018-01-08,2018-01-09,2018-01-10,2018-01-11,2018-01-12,2018-01-13,2018-01-14,2018-01-15,2018-01-16",466.0,457.10665643364797,0.7083333333333334,0.125,True
fold_08,rolling_7d,paired,pair_hour_direction_scale_cv,near->core,,,0.9,10,"2018-01-07,2018-01-08,2018-01-09,2018-01-10,2018-01-11,2018-01-12,2018-01-13,2018-01-14,2018-01-15,2018-01-16",474.0,459.07319089625406,0.7916666666666666,0.20833333333333334,False
fold_08,rolling_7d,paired,pair_hour_direction_scale_cv,near->core,,,0.95,10,"2018-01-07,2018-01-08,2018-01-09,2018-01-10,2018-01-11,2018-01-12,2018-01-13,2018-01-14,2018-01-15,2018-01-16",492.0,462.9503425446814,0.875,0.2916666666666667,False
fold_08,rolling_7d,paired,pair_hour_direction_scale_cv,near->core,,,1.0,10,"2018-01-07,2018-01-08,2018-01-09,2018-01-10,2018-01-11,2018-01-12,2018-01-13,2018-01-14,2018-01-15,2018-01-16",502.0,468.7381113789301,0.8333333333333334,0.3333333333333333,False
fold_08,rolling_7d,paired,pair_hour_direction_scale_cv,near->core,,,1.05,10,"2018-01-07,2018-01-08,2018-01-09,2018-01-10,2018-01-11,2018-01-12,2018-01-13,2018-01-14,2018-01-15,2018-01-16",506.0,476.436497399,0.8333333333333334,0.3333333333333333,False
fold_08,rolling_7d,paired,pair_hour_direction_scale_cv,near->outer,,,0.7,10,"2018-01-07,2018-01-08,2018-01-09,2018-01-10,2018-01-11,2018-01-12,2018-01-13,2018-01-14,2018-01-15,2018-01-16",188.0,154.80318743112946,0.5833333333333334,-0.5,True
fold_08,rolling_7d,paired,pair_hour_direction_scale_cv,near->outer,,,0.75,10,"2018-01-07,2018-01-08,2018-01-09,2018-01-10,2018-01-11,2018-01-12,2018-01-13,2018-01-14,2018-01-15,2018-01-16",192.0,155.64031464713588,0.5833333333333334,-0.4166666666666667,False
fold_08,rolling_7d,paired,pair_hour_direction_scale_cv,near->outer,,,0.8,10,"2018-01-07,2018-01-08,2018-01-09,2018-01-10,2018-01-11,2018-01-12,2018-01-13,2018-01-14,2018-01-15,2018-01-16",193.0,156.80045704021808,0.5833333333333334,-0.4166666666666667,False
fold_08,rolling_7d,paired,pair_hour_direction_scale_cv,near->outer,,,0.85,10,"2018-01-07,2018-01-08,2018-01-09,2018-01-10,2018-01-11,2018-01-12,2018-01-13,2018-01-14,2018-01-15,2018-01-16",195.0,158.28361461037608,0.5833333333333334,-0.3333333333333333,False
fold_08,rolling_7d,paired,pair_hour_direction_scale_cv,near->outer,,,0.9,10,"2018-01-07,2018-01-08,2018-01-09,2018-01-10,2018-01-11,2018-01-12,2018-01-13,2018-01-14,2018-01-15,2018-01-16",199.0,160.08978735760994,0.5833333333333334,-0.3333333333333333,False
fold_08,rolling_7d,paired,pair_hour_direction_scale_cv,near->outer,,,0.95,10,"2018-01-07,2018-01-08,2018-01-09,2018-01-10,2018-01-11,2018-01-12,2018-01-13,2018-01-14,2018-01-15,2018-01-16",190.0,162.21897528191954,0.5,-0.25,False
fold_08,rolling_7d,paired,pair_hour_direction_scale_cv,near->outer,,,1.0,10,"2018-01-07,2018-01-08,2018-01-09,2018-01-10,2018-01-11,2018-01-12,2018-01-13,2018-01-14,2018-01-15,2018-01-16",192.0,164.671178383305,0.5,-0.25,False
fold_08,rolling_7d,paired,pair_hour_direction_scale_cv,near->outer,,,1.05,10,"2018-01-07,2018-01-08,2018-01-09,2018-01-10,2018-01-11,2018-01-12,2018-01-13,2018-01-14,2018-01-15,2018-01-16",198.0,167.4463966617663,0.5,-0.25,False
fold_08,rolling_7d,paired,pair_hour_direction_scale_cv,outer->core,,,0.7,10,"2018-01-07,2018-01-08,2018-01-09,2018-01-10,2018-01-11,2018-01-12,2018-01-13,2018-01-14,2018-01-15,2018-01-16",68.0,56.350799322935444,0.3333333333333333,-0.25,False
fold_08,rolling_7d,paired,pair_hour_direction_scale_cv,outer->core,,,0.75,10,"2018-01-07,2018-01-08,2018-01-09,2018-01-10,2018-01-11,2018-01-12,2018-01-13,2018-01-14,2018-01-15,2018-01-16",68.0,56.29096177211294,0.3333333333333333,-0.25,False
fold_08,rolling_7d,paired,pair_hour_direction_scale_cv,outer->core,,,0.8,10,"2018-01-07,2018-01-08,2018-01-09,2018-01-10,2018-01-11,2018-01-12,2018-01-13,2018-01-14,2018-01-15,2018-01-16",67.0,56.295995411438504,0.3333333333333333,-0.25,False
fold_08,rolling_7d,paired,pair_hour_direction_scale_cv,outer->core,,,0.85,10,"2018-01-07,2018-01-08,2018-01-09,2018-01-10,2018-01-11,2018-01-12,2018-01-13,2018-01-14,2018-01-15,2018-01-16",65.0,56.36590024091217,0.3333333333333333,-0.25,False
fold_08,rolling_7d,paired,pair_hour_direction_scale_cv,outer->core,,,0.9,10,"2018-01-07,2018-01-08,2018-01-09,2018-01-10,2018-01-11,2018-01-12,2018-01-13,2018-01-14,2018-01-15,2018-01-16",64.0,56.50067626053392,0.3333333333333333,-0.25,True
fold_08,rolling_7d,paired,pair_hour_direction_scale_cv,outer->core,,,0.95,10,"2018-01-07,2018-01-08,2018-01-09,2018-01-10,2018-01-11,2018-01-12,2018-01-13,2018-01-14,2018-01-15,2018-01-16",68.0,56.700323470303765,0.3333333333333333,-0.25,False
fold_08,rolling_7d,paired,pair_hour_direction_scale_cv,outer->core,,,1.0,10,"2018-01-07,2018-01-08,2018-01-09,2018-01-10,2018-01-11,2018-01-12,2018-01-13,2018-01-14,2018-01-15,2018-01-16",73.0,56.9648418702217,0.3333333333333333,-0.25,False
fold_08,rolling_7d,paired,pair_hour_direction_scale_cv,outer->core,,,1.05,10,"2018-01-07,2018-01-08,2018-01-09,2018-01-10,2018-01-11,2018-01-12,2018-01-13,2018-01-14,2018-01-15,2018-01-16",75.0,57.29423146028773,0.3333333333333333,-0.25,False
fold_08,rolling_7d,paired,pair_hour_direction_scale_cv,outer->near,,,0.7,10,"2018-01-07,2018-01-08,2018-01-09,2018-01-10,2018-01-11,2018-01-12,2018-01-13,2018-01-14,2018-01-15,2018-01-16",164.0,136.25887981265421,0.6666666666666666,-0.16666666666666666,False
fold_08,rolling_7d,paired,pair_hour_direction_scale_cv,outer->near,,,0.75,10,"2018-01-07,2018-01-08,2018-01-09,2018-01-10,2018-01-11,2018-01-12,2018-01-13,2018-01-14,2018-01-15,2018-01-16",164.0,135.92177791157,0.7083333333333334,-0.125,False
fold_08,rolling_7d,paired,pair_hour_direction_scale_cv,outer->near,,,0.8,10,"2018-01-07,2018-01-08,2018-01-09,2018-01-10,2018-01-11,2018-01-12,2018-01-13,2018-01-14,2018-01-15,2018-01-16",164.0,135.9753588064111,0.7083333333333334,-0.125,True
fold_08,rolling_7d,paired,pair_hour_direction_scale_cv,outer->near,,,0.85,10,"2018-01-07,2018-01-08,2018-01-09,2018-01-10,2018-01-11,2018-01-12,2018-01-13,2018-01-14,2018-01-15,2018-01-16",165.0,136.4196224971776,0.7083333333333334,-0.125,False
fold_08,rolling_7d,paired,pair_hour_direction_scale_cv,outer->near,,,0.9,10,"2018-01-07,2018-01-08,2018-01-09,2018-01-10,2018-01-11,2018-01-12,2018-01-13,2018-01-14,2018-01-15,2018-01-16",172.0,137.25456898386952,0.7083333333333334,-0.125,False
fold_08,rolling_7d,paired,pair_hour_direction_scale_cv,outer->near,,,0.95,10,"2018-01-07,2018-01-08,2018-01-09,2018-01-10,2018-01-11,2018-01-12,2018-01-13,2018-01-14,2018-01-15,2018-01-16",176.0,138.48019826648684,0.7083333333333334,-0.041666666666666664,False
fold_08,rolling_7d,paired,pair_hour_direction_scale_cv,outer->near,,,1.0,10,"2018-01-07,2018-01-08,2018-01-09,2018-01-10,2018-01-11,2018-01-12,2018-01-13,2018-01-14,2018-01-15,2018-01-16",180.0,140.09651034502954,0.7083333333333334,-0.041666666666666664,False
fold_08,rolling_7d,paired,pair_hour_direction_scale_cv,outer->near,,,1.05,10,"2018-01-07,2018-01-08,2018-01-09,2018-01-10,2018-01-11,2018-01-12,2018-01-13,2018-01-14,2018-01-15,2018-01-16",177.0,142.1035052194976,0.7083333333333334,-0.041666666666666664,False
fold_08,rolling_7d,independent,present_shrunk20_direction_scale_cv,core->near,,,0.7,10,"2018-01-07,2018-01-08,2018-01-09,2018-01-10,2018-01-11,2018-01-12,2018-01-13,2018-01-14,2018-01-15,2018-01-16",537.0,494.2634321402022,0.6666666666666666,-0.25,False
fold_08,rolling_7d,independent,present_shrunk20_direction_scale_cv,core->near,,,0.75,10,"2018-01-07,2018-01-08,2018-01-09,2018-01-10,2018-01-11,2018-01-12,2018-01-13,2018-01-14,2018-01-15,2018-01-16",526.0,488.6919037488211,0.625,-0.20833333333333334,False
fold_08,rolling_7d,independent,present_shrunk20_direction_scale_cv,core->near,,,0.8,10,"2018-01-07,2018-01-08,2018-01-09,2018-01-10,2018-01-11,2018-01-12,2018-01-13,2018-01-14,2018-01-15,2018-01-16",511.0,485.0511865039205,0.7083333333333334,-0.125,True
fold_08,rolling_7d,independent,present_shrunk20_direction_scale_cv,core->near,,,0.85,10,"2018-01-07,2018-01-08,2018-01-09,2018-01-10,2018-01-11,2018-01-12,2018-01-13,2018-01-14,2018-01-15,2018-01-16",513.0,483.34128040550047,0.75,-0.08333333333333333,False
fold_08,rolling_7d,independent,present_shrunk20_direction_scale_cv,core->near,,,0.9,10,"2018-01-07,2018-01-08,2018-01-09,2018-01-10,2018-01-11,2018-01-12,2018-01-13,2018-01-14,2018-01-15,2018-01-16",522.0,483.5621854535611,0.8333333333333334,0.0,False
fold_08,rolling_7d,independent,present_shrunk20_direction_scale_cv,core->near,,,0.95,10,"2018-01-07,2018-01-08,2018-01-09,2018-01-10,2018-01-11,2018-01-12,2018-01-13,2018-01-14,2018-01-15,2018-01-16",540.0,485.7139016481022,0.875,0.041666666666666664,False
fold_08,rolling_7d,independent,present_shrunk20_direction_scale_cv,core->near,,,1.0,10,"2018-01-07,2018-01-08,2018-01-09,2018-01-10,2018-01-11,2018-01-12,2018-01-13,2018-01-14,2018-01-15,2018-01-16",542.0,489.7964289891241,0.8333333333333334,0.08333333333333333,False
fold_08,rolling_7d,independent,present_shrunk20_direction_scale_cv,core->near,,,1.05,10,"2018-01-07,2018-01-08,2018-01-09,2018-01-10,2018-01-11,2018-01-12,2018-01-13,2018-01-14,2018-01-15,2018-01-16",566.0,495.8097674766263,0.875,0.125,False
fold_08,rolling_7d,independent,present_shrunk20_direction_scale_cv,core->outer,,,0.7,10,"2018-01-07,2018-01-08,2018-01-09,2018-01-10,2018-01-11,2018-01-12,2018-01-13,2018-01-14,2018-01-15,2018-01-16",83.0,72.89188343415574,0.16666666666666666,-0.16666666666666666,False
fold_08,rolling_7d,independent,present_shrunk20_direction_scale_cv,core->outer,,,0.75,10,"2018-01-07,2018-01-08,2018-01-09,2018-01-10,2018-01-11,2018-01-12,2018-01-13,2018-01-14,2018-01-15,2018-01-16",83.0,72.29147529960409,0.125,-0.125,False
fold_08,rolling_7d,independent,present_shrunk20_direction_scale_cv,core->outer,,,0.8,10,"2018-01-07,2018-01-08,2018-01-09,2018-01-10,2018-01-11,2018-01-12,2018-01-13,2018-01-14,2018-01-15,2018-01-16",79.0,71.79299480964406,0.125,-0.125,False
fold_08,rolling_7d,independent,present_shrunk20_direction_scale_cv,core->outer,,,0.85,10,"2018-01-07,2018-01-08,2018-01-09,2018-01-10,2018-01-11,2018-01-12,2018-01-13,2018-01-14,2018-01-15,2018-01-16",79.0,71.39644196427567,0.125,-0.125,False
fold_08,rolling_7d,independent,present_shrunk20_direction_scale_cv,core->outer,,,0.9,10,"2018-01-07,2018-01-08,2018-01-09,2018-01-10,2018-01-11,2018-01-12,2018-01-13,2018-01-14,2018-01-15,2018-01-16",80.0,71.1018167634989,0.125,-0.125,False
fold_08,rolling_7d,independent,present_shrunk20_direction_scale_cv,core->outer,,,0.95,10,"2018-01-07,2018-01-08,2018-01-09,2018-01-10,2018-01-11,2018-01-12,2018-01-13,2018-01-14,2018-01-15,2018-01-16",77.0,70.90911920731378,0.125,-0.125,False
fold_08,rolling_7d,independent,present_shrunk20_direction_scale_cv,core->outer,,,1.0,10,"2018-01-07,2018-01-08,2018-01-09,2018-01-10,2018-01-11,2018-01-12,2018-01-13,2018-01-14,2018-01-15,2018-01-16",77.0,70.81834929572028,0.125,-0.125,True
fold_08,rolling_7d,independent,present_shrunk20_direction_scale_cv,core->outer,,,1.05,10,"2018-01-07,2018-01-08,2018-01-09,2018-01-10,2018-01-11,2018-01-12,2018-01-13,2018-01-14,2018-01-15,2018-01-16",78.0,70.82950702871841,0.125,-0.125,False
fold_08,rolling_7d,independent,present_shrunk20_direction_scale_cv,near->core,,,0.7,10,"2018-01-07,2018-01-08,2018-01-09,2018-01-10,2018-01-11,2018-01-12,2018-01-13,2018-01-14,2018-01-15,2018-01-16",491.0,459.7089730782728,0.7083333333333334,-0.125,False
fold_08,rolling_7d,independent,present_shrunk20_direction_scale_cv,near->core,,,0.75,10,"2018-01-07,2018-01-08,2018-01-09,2018-01-10,2018-01-11,2018-01-12,2018-01-13,2018-01-14,2018-01-15,2018-01-16",491.0,455.30219504143514,0.75,0.0,False
fold_08,rolling_7d,independent,present_shrunk20_direction_scale_cv,near->core,,,0.8,10,"2018-01-07,2018-01-08,2018-01-09,2018-01-10,2018-01-11,2018-01-12,2018-01-13,2018-01-14,2018-01-15,2018-01-16",490.0,452.74871352275,0.75,0.0,False
fold_08,rolling_7d,independent,present_shrunk20_direction_scale_cv,near->core,,,0.85,10,"2018-01-07,2018-01-08,2018-01-09,2018-01-10,2018-01-11,2018-01-12,2018-01-13,2018-01-14,2018-01-15,2018-01-16",494.0,452.0485285222171,0.7916666666666666,0.041666666666666664,False
fold_08,rolling_7d,independent,present_shrunk20_direction_scale_cv,near->core,,,0.9,10,"2018-01-07,2018-01-08,2018-01-09,2018-01-10,2018-01-11,2018-01-12,2018-01-13,2018-01-14,2018-01-15,2018-01-16",470.0,453.2016400398366,0.7916666666666666,0.20833333333333334,True
fold_08,rolling_7d,independent,present_shrunk20_direction_scale_cv,near->core,,,0.95,10,"2018-01-07,2018-01-08,2018-01-09,2018-01-10,2018-01-11,2018-01-12,2018-01-13,2018-01-14,2018-01-15,2018-01-16",471.0,456.20804807560853,0.7916666666666666,0.20833333333333334,False
fold_08,rolling_7d,independent,present_shrunk20_direction_scale_cv,near->core,,,1.0,10,"2018-01-07,2018-01-08,2018-01-09,2018-01-10,2018-01-11,2018-01-12,2018-01-13,2018-01-14,2018-01-15,2018-01-16",476.0,461.0677526295328,0.7916666666666666,0.2916666666666667,False
fold_08,rolling_7d,independent,present_shrunk20_direction_scale_cv,near->core,,,1.05,10,"2018-01-07,2018-01-08,2018-01-09,2018-01-10,2018-01-11,2018-01-12,2018-01-13,2018-01-14,2018-01-15,2018-01-16",471.0,467.7807537016094,0.875,0.4583333333333333,False
fold_08,rolling_7d,independent,present_shrunk20_direction_scale_cv,near->outer,,,0.7,10,"2018-01-07,2018-01-08,2018-01-09,2018-01-10,2018-01-11,2018-01-12,2018-01-13,2018-01-14,2018-01-15,2018-01-16",177.0,153.22684860737792,0.4583333333333333,-0.4583333333333333,False
fold_08,rolling_7d,independent,present_shrunk20_direction_scale_cv,near->outer,,,0.75,10,"2018-01-07,2018-01-08,2018-01-09,2018-01-10,2018-01-11,2018-01-12,2018-01-13,2018-01-14,2018-01-15,2018-01-16",176.0,153.78110982877837,0.4583333333333333,-0.4583333333333333,True
fold_08,rolling_7d,independent,present_shrunk20_direction_scale_cv,near->outer,,,0.8,10,"2018-01-07,2018-01-08,2018-01-09,2018-01-10,2018-01-11,2018-01-12,2018-01-13,2018-01-14,2018-01-15,2018-01-16",181.0,154.6356835120096,0.4583333333333333,-0.4583333333333333,False
fold_08,rolling_7d,independent,present_shrunk20_direction_scale_cv,near->outer,,,0.85,10,"2018-01-07,2018-01-08,2018-01-09,2018-01-10,2018-01-11,2018-01-12,2018-01-13,2018-01-14,2018-01-15,2018-01-16",181.0,155.7905696570716,0.4583333333333333,-0.375,False
fold_08,rolling_7d,independent,present_shrunk20_direction_scale_cv,near->outer,,,0.9,10,"2018-01-07,2018-01-08,2018-01-09,2018-01-10,2018-01-11,2018-01-12,2018-01-13,2018-01-14,2018-01-15,2018-01-16",182.0,157.2457682639643,0.4166666666666667,-0.3333333333333333,False
fold_08,rolling_7d,independent,present_shrunk20_direction_scale_cv,near->outer,,,0.95,10,"2018-01-07,2018-01-08,2018-01-09,2018-01-10,2018-01-11,2018-01-12,2018-01-13,2018-01-14,2018-01-15,2018-01-16",192.0,159.00127933268777,0.4166666666666667,-0.3333333333333333,False
fold_08,rolling_7d,independent,present_shrunk20_direction_scale_cv,near->outer,,,1.0,10,"2018-01-07,2018-01-08,2018-01-09,2018-01-10,2018-01-11,2018-01-12,2018-01-13,2018-01-14,2018-01-15,2018-01-16",192.0,161.05710286324202,0.4583333333333333,-0.2916666666666667,False
fold_08,rolling_7d,independent,present_shrunk20_direction_scale_cv,near->outer,,,1.05,10,"2018-01-07,2018-01-08,2018-01-09,2018-01-10,2018-01-11,2018-01-12,2018-01-13,2018-01-14,2018-01-15,2018-01-16",177.0,163.41323885562701,0.4583333333333333,-0.2916666666666667,False
fold_08,rolling_7d,independent,present_shrunk20_direction_scale_cv,outer->core,,,0.7,10,"2018-01-07,2018-01-08,2018-01-09,2018-01-10,2018-01-11,2018-01-12,2018-01-13,2018-01-14,2018-01-15,2018-01-16",64.0,55.536185585831724,0.2916666666666667,-0.2916666666666667,False
fold_08,rolling_7d,independent,present_shrunk20_direction_scale_cv,outer->core,,,0.75,10,"2018-01-07,2018-01-08,2018-01-09,2018-01-10,2018-01-11,2018-01-12,2018-01-13,2018-01-14,2018-01-15,2018-01-16",64.0,55.31920356451091,0.2916666666666667,-0.2916666666666667,False
fold_08,rolling_7d,independent,present_shrunk20_direction_scale_cv,outer->core,,,0.8,10,"2018-01-07,2018-01-08,2018-01-09,2018-01-10,2018-01-11,2018-01-12,2018-01-13,2018-01-14,2018-01-15,2018-01-16",64.0,55.15389836333943,0.2916666666666667,-0.2916666666666667,False
fold_08,rolling_7d,independent,present_shrunk20_direction_scale_cv,outer->core,,,0.85,10,"2018-01-07,2018-01-08,2018-01-09,2018-01-10,2018-01-11,2018-01-12,2018-01-13,2018-01-14,2018-01-15,2018-01-16",64.0,55.04026998231725,0.2916666666666667,-0.2916666666666667,False
fold_08,rolling_7d,independent,present_shrunk20_direction_scale_cv,outer->core,,,0.9,10,"2018-01-07,2018-01-08,2018-01-09,2018-01-10,2018-01-11,2018-01-12,2018-01-13,2018-01-14,2018-01-15,2018-01-16",64.0,54.978318421444364,0.2916666666666667,-0.2916666666666667,True
fold_08,rolling_7d,independent,present_shrunk20_direction_scale_cv,outer->core,,,0.95,10,"2018-01-07,2018-01-08,2018-01-09,2018-01-10,2018-01-11,2018-01-12,2018-01-13,2018-01-14,2018-01-15,2018-01-16",66.0,54.96804368072079,0.2916666666666667,-0.2916666666666667,False
fold_08,rolling_7d,independent,present_shrunk20_direction_scale_cv,outer->core,,,1.0,10,"2018-01-07,2018-01-08,2018-01-09,2018-01-10,2018-01-11,2018-01-12,2018-01-13,2018-01-14,2018-01-15,2018-01-16",66.0,55.00944576014652,0.2916666666666667,-0.2916666666666667,False
fold_08,rolling_7d,independent,present_shrunk20_direction_scale_cv,outer->core,,,1.05,10,"2018-01-07,2018-01-08,2018-01-09,2018-01-10,2018-01-11,2018-01-12,2018-01-13,2018-01-14,2018-01-15,2018-01-16",67.0,55.10252465972157,0.2916666666666667,-0.2916666666666667,False
fold_08,rolling_7d,independent,present_shrunk20_direction_scale_cv,outer->near,,,0.7,10,"2018-01-07,2018-01-08,2018-01-09,2018-01-10,2018-01-11,2018-01-12,2018-01-13,2018-01-14,2018-01-15,2018-01-16",153.0,136.1859940270458,0.5833333333333334,-0.25,True
fold_08,rolling_7d,independent,present_shrunk20_direction_scale_cv,outer->near,,,0.75,10,"2018-01-07,2018-01-08,2018-01-09,2018-01-10,2018-01-11,2018-01-12,2018-01-13,2018-01-14,2018-01-15,2018-01-16",155.0,135.34514096137633,0.625,-0.20833333333333334,False
fold_08,rolling_7d,independent,present_shrunk20_direction_scale_cv,outer->near,,,0.8,10,"2018-01-07,2018-01-08,2018-01-09,2018-01-10,2018-01-11,2018-01-12,2018-01-13,2018-01-14,2018-01-15,2018-01-16",161.0,134.8284980200267,0.625,-0.20833333333333334,False
fold_08,rolling_7d,independent,present_shrunk20_direction_scale_cv,outer->near,,,0.85,10,"2018-01-07,2018-01-08,2018-01-09,2018-01-10,2018-01-11,2018-01-12,2018-01-13,2018-01-14,2018-01-15,2018-01-16",157.0,134.6360652029969,0.6666666666666666,-0.16666666666666666,False
fold_08,rolling_7d,independent,present_shrunk20_direction_scale_cv,outer->near,,,0.9,10,"2018-01-07,2018-01-08,2018-01-09,2018-01-10,2018-01-11,2018-01-12,2018-01-13,2018-01-14,2018-01-15,2018-01-16",155.0,134.7678425102869,0.6666666666666666,-0.16666666666666666,False
fold_08,rolling_7d,independent,present_shrunk20_direction_scale_cv,outer->near,,,0.95,10,"2018-01-07,2018-01-08,2018-01-09,2018-01-10,2018-01-11,2018-01-12,2018-01-13,2018-01-14,2018-01-15,2018-01-16",156.0,135.22382994189672,0.6666666666666666,-0.16666666666666666,False
fold_08,rolling_7d,independent,present_shrunk20_direction_scale_cv,outer->near,,,1.0,10,"2018-01-07,2018-01-08,2018-01-09,2018-01-10,2018-01-11,2018-01-12,2018-01-13,2018-01-14,2018-01-15,2018-01-16",158.0,136.0040274978264,0.6666666666666666,-0.16666666666666666,False
fold_08,rolling_7d,independent,present_shrunk20_direction_scale_cv,outer->near,,,1.05,10,"2018-01-07,2018-01-08,2018-01-09,2018-01-10,2018-01-11,2018-01-12,2018-01-13,2018-01-14,2018-01-15,2018-01-16",161.0,137.10843517807587,0.7083333333333334,-0.125,False
fold_08,rolling_7d,paired,present_shrunk20_direction_scale_cv,core->near,,,0.7,10,"2018-01-07,2018-01-08,2018-01-09,2018-01-10,2018-01-11,2018-01-12,2018-01-13,2018-01-14,2018-01-15,2018-01-16",520.0,494.2634321402022,0.875,-0.041666666666666664,False
fold_08,rolling_7d,paired,present_shrunk20_direction_scale_cv,core->near,,,0.75,10,"2018-01-07,2018-01-08,2018-01-09,2018-01-10,2018-01-11,2018-01-12,2018-01-13,2018-01-14,2018-01-15,2018-01-16",495.0,488.6919037488211,0.8333333333333334,0.0,True
fold_08,rolling_7d,paired,present_shrunk20_direction_scale_cv,core->near,,,0.8,10,"2018-01-07,2018-01-08,2018-01-09,2018-01-10,2018-01-11,2018-01-12,2018-01-13,2018-01-14,2018-01-15,2018-01-16",504.0,485.0511865039205,0.7916666666666666,0.041666666666666664,False
fold_08,rolling_7d,paired,present_shrunk20_direction_scale_cv,core->near,,,0.85,10,"2018-01-07,2018-01-08,2018-01-09,2018-01-10,2018-01-11,2018-01-12,2018-01-13,2018-01-14,2018-01-15,2018-01-16",515.0,483.34128040550047,0.8333333333333334,0.08333333333333333,False
fold_08,rolling_7d,paired,present_shrunk20_direction_scale_cv,core->near,,,0.9,10,"2018-01-07,2018-01-08,2018-01-09,2018-01-10,2018-01-11,2018-01-12,2018-01-13,2018-01-14,2018-01-15,2018-01-16",513.0,483.5621854535611,0.8333333333333334,0.08333333333333333,False
fold_08,rolling_7d,paired,present_shrunk20_direction_scale_cv,core->near,,,0.95,10,"2018-01-07,2018-01-08,2018-01-09,2018-01-10,2018-01-11,2018-01-12,2018-01-13,2018-01-14,2018-01-15,2018-01-16",509.0,485.7139016481022,0.75,0.16666666666666666,False
fold_08,rolling_7d,paired,present_shrunk20_direction_scale_cv,core->near,,,1.0,10,"2018-01-07,2018-01-08,2018-01-09,2018-01-10,2018-01-11,2018-01-12,2018-01-13,2018-01-14,2018-01-15,2018-01-16",508.0,489.7964289891241,0.75,0.16666666666666666,False
fold_08,rolling_7d,paired,present_shrunk20_direction_scale_cv,core->near,,,1.05,10,"2018-01-07,2018-01-08,2018-01-09,2018-01-10,2018-01-11,2018-01-12,2018-01-13,2018-01-14,2018-01-15,2018-01-16",524.0,495.8097674766263,0.8333333333333334,0.25,False
fold_08,rolling_7d,paired,present_shrunk20_direction_scale_cv,core->outer,,,0.7,10,"2018-01-07,2018-01-08,2018-01-09,2018-01-10,2018-01-11,2018-01-12,2018-01-13,2018-01-14,2018-01-15,2018-01-16",78.0,72.89188343415574,0.125,-0.125,False
fold_08,rolling_7d,paired,present_shrunk20_direction_scale_cv,core->outer,,,0.75,10,"2018-01-07,2018-01-08,2018-01-09,2018-01-10,2018-01-11,2018-01-12,2018-01-13,2018-01-14,2018-01-15,2018-01-16",78.0,72.29147529960409,0.125,-0.125,False
fold_08,rolling_7d,paired,present_shrunk20_direction_scale_cv,core->outer,,,0.8,10,"2018-01-07,2018-01-08,2018-01-09,2018-01-10,2018-01-11,2018-01-12,2018-01-13,2018-01-14,2018-01-15,2018-01-16",81.0,71.79299480964406,0.125,-0.125,False
fold_08,rolling_7d,paired,present_shrunk20_direction_scale_cv,core->outer,,,0.85,10,"2018-01-07,2018-01-08,2018-01-09,2018-01-10,2018-01-11,2018-01-12,2018-01-13,2018-01-14,2018-01-15,2018-01-16",82.0,71.39644196427567,0.125,-0.125,False
fold_08,rolling_7d,paired,present_shrunk20_direction_scale_cv,core->outer,,,0.9,10,"2018-01-07,2018-01-08,2018-01-09,2018-01-10,2018-01-11,2018-01-12,2018-01-13,2018-01-14,2018-01-15,2018-01-16",77.0,71.1018167634989,0.125,-0.125,False
fold_08,rolling_7d,paired,present_shrunk20_direction_scale_cv,core->outer,,,0.95,10,"2018-01-07,2018-01-08,2018-01-09,2018-01-10,2018-01-11,2018-01-12,2018-01-13,2018-01-14,2018-01-15,2018-01-16",77.0,70.90911920731378,0.125,-0.125,True
fold_08,rolling_7d,paired,present_shrunk20_direction_scale_cv,core->outer,,,1.0,10,"2018-01-07,2018-01-08,2018-01-09,2018-01-10,2018-01-11,2018-01-12,2018-01-13,2018-01-14,2018-01-15,2018-01-16",79.0,70.81834929572028,0.16666666666666666,-0.08333333333333333,False
fold_08,rolling_7d,paired,present_shrunk20_direction_scale_cv,core->outer,,,1.05,10,"2018-01-07,2018-01-08,2018-01-09,2018-01-10,2018-01-11,2018-01-12,2018-01-13,2018-01-14,2018-01-15,2018-01-16",80.0,70.82950702871841,0.16666666666666666,-0.08333333333333333,False
fold_08,rolling_7d,paired,present_shrunk20_direction_scale_cv,near->core,,,0.7,10,"2018-01-07,2018-01-08,2018-01-09,2018-01-10,2018-01-11,2018-01-12,2018-01-13,2018-01-14,2018-01-15,2018-01-16",494.0,459.7089730782728,0.75,0.0,False
fold_08,rolling_7d,paired,present_shrunk20_direction_scale_cv,near->core,,,0.75,10,"2018-01-07,2018-01-08,2018-01-09,2018-01-10,2018-01-11,2018-01-12,2018-01-13,2018-01-14,2018-01-15,2018-01-16",487.0,455.30219504143514,0.75,0.0,False
fold_08,rolling_7d,paired,present_shrunk20_direction_scale_cv,near->core,,,0.8,10,"2018-01-07,2018-01-08,2018-01-09,2018-01-10,2018-01-11,2018-01-12,2018-01-13,2018-01-14,2018-01-15,2018-01-16",490.0,452.74871352275,0.75,0.08333333333333333,False
fold_08,rolling_7d,paired,present_shrunk20_direction_scale_cv,near->core,,,0.85,10,"2018-01-07,2018-01-08,2018-01-09,2018-01-10,2018-01-11,2018-01-12,2018-01-13,2018-01-14,2018-01-15,2018-01-16",466.0,452.0485285222171,0.7083333333333334,0.125,True
fold_08,rolling_7d,paired,present_shrunk20_direction_scale_cv,near->core,,,0.9,10,"2018-01-07,2018-01-08,2018-01-09,2018-01-10,2018-01-11,2018-01-12,2018-01-13,2018-01-14,2018-01-15,2018-01-16",474.0,453.2016400398366,0.8333333333333334,0.25,False
fold_08,rolling_7d,paired,present_shrunk20_direction_scale_cv,near->core,,,0.95,10,"2018-01-07,2018-01-08,2018-01-09,2018-01-10,2018-01-11,2018-01-12,2018-01-13,2018-01-14,2018-01-15,2018-01-16",475.0,456.20804807560853,0.875,0.2916666666666667,False
fold_08,rolling_7d,paired,present_shrunk20_direction_scale_cv,near->core,,,1.0,10,"2018-01-07,2018-01-08,2018-01-09,2018-01-10,2018-01-11,2018-01-12,2018-01-13,2018-01-14,2018-01-15,2018-01-16",487.0,461.0677526295328,0.875,0.375,False
fold_08,rolling_7d,paired,present_shrunk20_direction_scale_cv,near->core,,,1.05,10,"2018-01-07,2018-01-08,2018-01-09,2018-01-10,2018-01-11,2018-01-12,2018-01-13,2018-01-14,2018-01-15,2018-01-16",492.0,467.7807537016094,0.8333333333333334,0.4166666666666667,False
fold_08,rolling_7d,paired,present_shrunk20_direction_scale_cv,near->outer,,,0.7,10,"2018-01-07,2018-01-08,2018-01-09,2018-01-10,2018-01-11,2018-01-12,2018-01-13,2018-01-14,2018-01-15,2018-01-16",188.0,153.22684860737792,0.5833333333333334,-0.5,True
fold_08,rolling_7d,paired,present_shrunk20_direction_scale_cv,near->outer,,,0.75,10,"2018-01-07,2018-01-08,2018-01-09,2018-01-10,2018-01-11,2018-01-12,2018-01-13,2018-01-14,2018-01-15,2018-01-16",193.0,153.78110982877837,0.5416666666666666,-0.4583333333333333,False
fold_08,rolling_7d,paired,present_shrunk20_direction_scale_cv,near->outer,,,0.8,10,"2018-01-07,2018-01-08,2018-01-09,2018-01-10,2018-01-11,2018-01-12,2018-01-13,2018-01-14,2018-01-15,2018-01-16",191.0,154.6356835120096,0.5833333333333334,-0.4166666666666667,False
fold_08,rolling_7d,paired,present_shrunk20_direction_scale_cv,near->outer,,,0.85,10,"2018-01-07,2018-01-08,2018-01-09,2018-01-10,2018-01-11,2018-01-12,2018-01-13,2018-01-14,2018-01-15,2018-01-16",197.0,155.7905696570716,0.5833333333333334,-0.4166666666666667,False
fold_08,rolling_7d,paired,present_shrunk20_direction_scale_cv,near->outer,,,0.9,10,"2018-01-07,2018-01-08,2018-01-09,2018-01-10,2018-01-11,2018-01-12,2018-01-13,2018-01-14,2018-01-15,2018-01-16",197.0,157.2457682639643,0.5416666666666666,-0.375,False
fold_08,rolling_7d,paired,present_shrunk20_direction_scale_cv,near->outer,,,0.95,10,"2018-01-07,2018-01-08,2018-01-09,2018-01-10,2018-01-11,2018-01-12,2018-01-13,2018-01-14,2018-01-15,2018-01-16",190.0,159.00127933268777,0.5,-0.25,False
fold_08,rolling_7d,paired,present_shrunk20_direction_scale_cv,near->outer,,,1.0,10,"2018-01-07,2018-01-08,2018-01-09,2018-01-10,2018-01-11,2018-01-12,2018-01-13,2018-01-14,2018-01-15,2018-01-16",191.0,161.05710286324202,0.5,-0.25,False
fold_08,rolling_7d,paired,present_shrunk20_direction_scale_cv,near->outer,,,1.05,10,"2018-01-07,2018-01-08,2018-01-09,2018-01-10,2018-01-11,2018-01-12,2018-01-13,2018-01-14,2018-01-15,2018-01-16",196.0,163.41323885562701,0.5,-0.25,False
fold_08,rolling_7d,paired,present_shrunk20_direction_scale_cv,outer->core,,,0.7,10,"2018-01-07,2018-01-08,2018-01-09,2018-01-10,2018-01-11,2018-01-12,2018-01-13,2018-01-14,2018-01-15,2018-01-16",64.0,55.536185585831724,0.2916666666666667,-0.2916666666666667,False
fold_08,rolling_7d,paired,present_shrunk20_direction_scale_cv,outer->core,,,0.75,10,"2018-01-07,2018-01-08,2018-01-09,2018-01-10,2018-01-11,2018-01-12,2018-01-13,2018-01-14,2018-01-15,2018-01-16",64.0,55.31920356451091,0.2916666666666667,-0.2916666666666667,False
fold_08,rolling_7d,paired,present_shrunk20_direction_scale_cv,outer->core,,,0.8,10,"2018-01-07,2018-01-08,2018-01-09,2018-01-10,2018-01-11,2018-01-12,2018-01-13,2018-01-14,2018-01-15,2018-01-16",64.0,55.15389836333943,0.2916666666666667,-0.2916666666666667,True
fold_08,rolling_7d,paired,present_shrunk20_direction_scale_cv,outer->core,,,0.85,10,"2018-01-07,2018-01-08,2018-01-09,2018-01-10,2018-01-11,2018-01-12,2018-01-13,2018-01-14,2018-01-15,2018-01-16",69.0,55.04026998231725,0.3333333333333333,-0.25,False
fold_08,rolling_7d,paired,present_shrunk20_direction_scale_cv,outer->core,,,0.9,10,"2018-01-07,2018-01-08,2018-01-09,2018-01-10,2018-01-11,2018-01-12,2018-01-13,2018-01-14,2018-01-15,2018-01-16",71.0,54.978318421444364,0.3333333333333333,-0.25,False
fold_08,rolling_7d,paired,present_shrunk20_direction_scale_cv,outer->core,,,0.95,10,"2018-01-07,2018-01-08,2018-01-09,2018-01-10,2018-01-11,2018-01-12,2018-01-13,2018-01-14,2018-01-15,2018-01-16",70.0,54.96804368072079,0.3333333333333333,-0.25,False
fold_08,rolling_7d,paired,present_shrunk20_direction_scale_cv,outer->core,,,1.0,10,"2018-01-07,2018-01-08,2018-01-09,2018-01-10,2018-01-11,2018-01-12,2018-01-13,2018-01-14,2018-01-15,2018-01-16",70.0,55.00944576014652,0.3333333333333333,-0.25,False
fold_08,rolling_7d,paired,present_shrunk20_direction_scale_cv,outer->core,,,1.05,10,"2018-01-07,2018-01-08,2018-01-09,2018-01-10,2018-01-11,2018-01-12,2018-01-13,2018-01-14,2018-01-15,2018-01-16",71.0,55.10252465972157,0.3333333333333333,-0.25,False
fold_08,rolling_7d,paired,present_shrunk20_direction_scale_cv,outer->near,,,0.7,10,"2018-01-07,2018-01-08,2018-01-09,2018-01-10,2018-01-11,2018-01-12,2018-01-13,2018-01-14,2018-01-15,2018-01-16",160.0,136.1859940270458,0.6666666666666666,-0.16666666666666666,True
fold_08,rolling_7d,paired,present_shrunk20_direction_scale_cv,outer->near,,,0.75,10,"2018-01-07,2018-01-08,2018-01-09,2018-01-10,2018-01-11,2018-01-12,2018-01-13,2018-01-14,2018-01-15,2018-01-16",171.0,135.34514096137633,0.7083333333333334,-0.125,False
fold_08,rolling_7d,paired,present_shrunk20_direction_scale_cv,outer->near,,,0.8,10,"2018-01-07,2018-01-08,2018-01-09,2018-01-10,2018-01-11,2018-01-12,2018-01-13,2018-01-14,2018-01-15,2018-01-16",166.0,134.8284980200267,0.7083333333333334,-0.125,False
fold_08,rolling_7d,paired,present_shrunk20_direction_scale_cv,outer->near,,,0.85,10,"2018-01-07,2018-01-08,2018-01-09,2018-01-10,2018-01-11,2018-01-12,2018-01-13,2018-01-14,2018-01-15,2018-01-16",169.0,134.6360652029969,0.7083333333333334,-0.125,False
fold_08,rolling_7d,paired,present_shrunk20_direction_scale_cv,outer->near,,,0.9,10,"2018-01-07,2018-01-08,2018-01-09,2018-01-10,2018-01-11,2018-01-12,2018-01-13,2018-01-14,2018-01-15,2018-01-16",173.0,134.7678425102869,0.7083333333333334,-0.125,False
fold_08,rolling_7d,paired,present_shrunk20_direction_scale_cv,outer->near,,,0.95,10,"2018-01-07,2018-01-08,2018-01-09,2018-01-10,2018-01-11,2018-01-12,2018-01-13,2018-01-14,2018-01-15,2018-01-16",170.0,135.22382994189672,0.7083333333333334,-0.041666666666666664,False
fold_08,rolling_7d,paired,present_shrunk20_direction_scale_cv,outer->near,,,1.0,10,"2018-01-07,2018-01-08,2018-01-09,2018-01-10,2018-01-11,2018-01-12,2018-01-13,2018-01-14,2018-01-15,2018-01-16",164.0,136.0040274978264,0.7083333333333334,-0.041666666666666664,False
fold_08,rolling_7d,paired,present_shrunk20_direction_scale_cv,outer->near,,,1.05,10,"2018-01-07,2018-01-08,2018-01-09,2018-01-10,2018-01-11,2018-01-12,2018-01-13,2018-01-14,2018-01-15,2018-01-16",171.0,137.10843517807587,0.7083333333333334,0.041666666666666664,False
final_analog,final_analog,independent,pair_hour_hier_tau_cv,all,0.0,,,11,"2018-01-07,2018-01-08,2018-01-09,2018-01-10,2018-01-11,2018-01-12,2018-01-13,2018-01-14,2018-01-15,2018-01-16,2018-01-17",1699.0,1538.1914591169889,0.5814393939393938,-0.057449494949494945,False
final_analog,final_analog,independent,pair_hour_hier_tau_cv,all,5.0,,,11,"2018-01-07,2018-01-08,2018-01-09,2018-01-10,2018-01-11,2018-01-12,2018-01-13,2018-01-14,2018-01-15,2018-01-16,2018-01-17",1566.0,1441.5000714463129,0.5606060606060606,-0.06944444444444443,False
final_analog,final_analog,independent,pair_hour_hier_tau_cv,all,10.0,,,11,"2018-01-07,2018-01-08,2018-01-09,2018-01-10,2018-01-11,2018-01-12,2018-01-13,2018-01-14,2018-01-15,2018-01-16,2018-01-17",1556.0,1430.3170468612118,0.5631313131313131,-0.08712121212121213,True
final_analog,final_analog,independent,pair_hour_hier_tau_cv,all,20.0,,,11,"2018-01-07,2018-01-08,2018-01-09,2018-01-10,2018-01-11,2018-01-12,2018-01-13,2018-01-14,2018-01-15,2018-01-16,2018-01-17",1569.0,1440.9989197883128,0.5587121212121212,-0.11931818181818182,False
final_analog,final_analog,independent,pair_hour_hier_tau_cv,all,50.0,,,11,"2018-01-07,2018-01-08,2018-01-09,2018-01-10,2018-01-11,2018-01-12,2018-01-13,2018-01-14,2018-01-15,2018-01-16,2018-01-17",1608.0,1474.1560791459963,0.5517676767676767,-0.18434343434343434,False
final_analog,final_analog,independent,pair_hour_hier_tau_cv,all,100.0,,,11,"2018-01-07,2018-01-08,2018-01-09,2018-01-10,2018-01-11,2018-01-12,2018-01-13,2018-01-14,2018-01-15,2018-01-16,2018-01-17",1623.0,1497.320432893703,0.5435606060606061,-0.21022727272727273,False
final_analog,final_analog,paired,pair_hour_hier_tau_cv,all,0.0,,,11,"2018-01-07,2018-01-08,2018-01-09,2018-01-10,2018-01-11,2018-01-12,2018-01-13,2018-01-14,2018-01-15,2018-01-16,2018-01-17",1711.0,1538.1914591169889,0.6041666666666667,-0.0006313131313131316,False
final_analog,final_analog,paired,pair_hour_hier_tau_cv,all,5.0,,,11,"2018-01-07,2018-01-08,2018-01-09,2018-01-10,2018-01-11,2018-01-12,2018-01-13,2018-01-14,2018-01-15,2018-01-16,2018-01-17",1573.0,1441.5000714463129,0.5928030303030304,0.0031565656565656556,False
final_analog,final_analog,paired,pair_hour_hier_tau_cv,all,10.0,,,11,"2018-01-07,2018-01-08,2018-01-09,2018-01-10,2018-01-11,2018-01-12,2018-01-13,2018-01-14,2018-01-15,2018-01-16,2018-01-17",1554.0,1430.3170468612118,0.5972222222222222,0.011363636363636364,True
final_analog,final_analog,paired,pair_hour_hier_tau_cv,all,20.0,,,11,"2018-01-07,2018-01-08,2018-01-09,2018-01-10,2018-01-11,2018-01-12,2018-01-13,2018-01-14,2018-01-15,2018-01-16,2018-01-17",1581.0,1440.9989197883128,0.6016414141414143,-0.004419191919191918,False
final_analog,final_analog,paired,pair_hour_hier_tau_cv,all,50.0,,,11,"2018-01-07,2018-01-08,2018-01-09,2018-01-10,2018-01-11,2018-01-12,2018-01-13,2018-01-14,2018-01-15,2018-01-16,2018-01-17",1657.0,1474.1560791459963,0.639520202020202,0.014520202020202022,False
final_analog,final_analog,paired,pair_hour_hier_tau_cv,all,100.0,,,11,"2018-01-07,2018-01-08,2018-01-09,2018-01-10,2018-01-11,2018-01-12,2018-01-13,2018-01-14,2018-01-15,2018-01-16,2018-01-17",1683.0,1497.320432893703,0.6458333333333333,0.0031565656565656565,False
final_analog,final_analog,independent,pair_hour_hier_tau_scale_cv,all,0.0,,0.7,11,"2018-01-07,2018-01-08,2018-01-09,2018-01-10,2018-01-11,2018-01-12,2018-01-13,2018-01-14,2018-01-15,2018-01-16,2018-01-17",1674.0,1523.8820684638283,0.5303030303030304,-0.24621212121212122,False
final_analog,final_analog,independent,pair_hour_hier_tau_scale_cv,all,0.0,,0.75,11,"2018-01-07,2018-01-08,2018-01-09,2018-01-10,2018-01-11,2018-01-12,2018-01-13,2018-01-14,2018-01-15,2018-01-16,2018-01-17",1675.0,1512.7400649466128,0.5397727272727272,-0.2152777777777778,False
final_analog,final_analog,independent,pair_hour_hier_tau_scale_cv,all,0.0,,0.8,11,"2018-01-07,2018-01-08,2018-01-09,2018-01-10,2018-01-11,2018-01-12,2018-01-13,2018-01-14,2018-01-15,2018-01-16,2018-01-17",1649.0,1507.0088222131615,0.5435606060606061,-0.18497474747474743,False
final_analog,final_analog,independent,pair_hour_hier_tau_scale_cv,all,0.0,,0.85,11,"2018-01-07,2018-01-08,2018-01-09,2018-01-10,2018-01-11,2018-01-12,2018-01-13,2018-01-14,2018-01-15,2018-01-16,2018-01-17",1650.0,1506.688340263473,0.5542929292929294,-0.1452020202020202,False
final_analog,final_analog,independent,pair_hour_hier_tau_scale_cv,all,0.0,,0.9,11,"2018-01-07,2018-01-08,2018-01-09,2018-01-10,2018-01-11,2018-01-12,2018-01-13,2018-01-14,2018-01-15,2018-01-16,2018-01-17",1642.0,1511.7786190975482,0.5555555555555556,-0.10479797979797979,False
final_analog,final_analog,independent,pair_hour_hier_tau_scale_cv,all,0.0,,0.95,11,"2018-01-07,2018-01-08,2018-01-09,2018-01-10,2018-01-11,2018-01-12,2018-01-13,2018-01-14,2018-01-15,2018-01-16,2018-01-17",1671.0,1522.2796587153869,0.5726010101010102,-0.07386363636363637,False
final_analog,final_analog,independent,pair_hour_hier_tau_scale_cv,all,0.0,,1.0,11,"2018-01-07,2018-01-08,2018-01-09,2018-01-10,2018-01-11,2018-01-12,2018-01-13,2018-01-14,2018-01-15,2018-01-16,2018-01-17",1699.0,1538.1914591169889,0.5814393939393938,-0.057449494949494945,False
final_analog,final_analog,independent,pair_hour_hier_tau_scale_cv,all,0.0,,1.05,11,"2018-01-07,2018-01-08,2018-01-09,2018-01-10,2018-01-11,2018-01-12,2018-01-13,2018-01-14,2018-01-15,2018-01-16,2018-01-17",1661.0,1559.5140203023548,0.586489898989899,-0.009469696969696968,False
final_analog,final_analog,independent,pair_hour_hier_tau_scale_cv,all,5.0,,0.7,11,"2018-01-07,2018-01-08,2018-01-09,2018-01-10,2018-01-11,2018-01-12,2018-01-13,2018-01-14,2018-01-15,2018-01-16,2018-01-17",1623.0,1500.009040535501,0.5258838383838383,-0.2380050505050505,False
final_analog,final_analog,independent,pair_hour_hier_tau_scale_cv,all,5.0,,0.75,11,"2018-01-07,2018-01-08,2018-01-09,2018-01-10,2018-01-11,2018-01-12,2018-01-13,2018-01-14,2018-01-15,2018-01-16,2018-01-17",1574.0,1479.3384379803438,0.5277777777777778,-0.2058080808080808,False
final_analog,final_analog,independent,pair_hour_hier_tau_scale_cv,all,5.0,,0.8,11,"2018-01-07,2018-01-08,2018-01-09,2018-01-10,2018-01-11,2018-01-12,2018-01-13,2018-01-14,2018-01-15,2018-01-16,2018-01-17",1577.0,1463.0354785079699,0.5359848484848485,-0.1799242424242424,False
final_analog,final_analog,independent,pair_hour_hier_tau_scale_cv,all,5.0,,0.85,11,"2018-01-07,2018-01-08,2018-01-09,2018-01-10,2018-01-11,2018-01-12,2018-01-13,2018-01-14,2018-01-15,2018-01-16,2018-01-17",1590.0,1451.1001621183798,0.5467171717171717,-0.1553030303030303,False
final_analog,final_analog,independent,pair_hour_hier_tau_scale_cv,all,5.0,,0.9,11,"2018-01-07,2018-01-08,2018-01-09,2018-01-10,2018-01-11,2018-01-12,2018-01-13,2018-01-14,2018-01-15,2018-01-16,2018-01-17",1568.0,1443.532488811574,0.5492424242424243,-0.12878787878787878,False
final_analog,final_analog,independent,pair_hour_hier_tau_scale_cv,all,5.0,,0.95,11,"2018-01-07,2018-01-08,2018-01-09,2018-01-10,2018-01-11,2018-01-12,2018-01-13,2018-01-14,2018-01-15,2018-01-16,2018-01-17",1572.0,1440.3324585875514,0.5555555555555555,-0.09974747474747474,False
final_analog,final_analog,independent,pair_hour_hier_tau_scale_cv,all,5.0,,1.0,11,"2018-01-07,2018-01-08,2018-01-09,2018-01-10,2018-01-11,2018-01-12,2018-01-13,2018-01-14,2018-01-15,2018-01-16,2018-01-17",1566.0,1441.5000714463129,0.5606060606060606,-0.06944444444444443,False
final_analog,final_analog,independent,pair_hour_hier_tau_scale_cv,all,5.0,,1.05,11,"2018-01-07,2018-01-08,2018-01-09,2018-01-10,2018-01-11,2018-01-12,2018-01-13,2018-01-14,2018-01-15,2018-01-16,2018-01-17",1570.0,1447.0353273878575,0.571969696969697,-0.03787878787878787,False
final_analog,final_analog,independent,pair_hour_hier_tau_scale_cv,all,10.0,,0.7,11,"2018-01-07,2018-01-08,2018-01-09,2018-01-10,2018-01-11,2018-01-12,2018-01-13,2018-01-14,2018-01-15,2018-01-16,2018-01-17",1626.0,1506.7949351437942,0.5303030303030304,-0.2398989898989899,False
final_analog,final_analog,independent,pair_hour_hier_tau_scale_cv,all,10.0,,0.75,11,"2018-01-07,2018-01-08,2018-01-09,2018-01-10,2018-01-11,2018-01-12,2018-01-13,2018-01-14,2018-01-15,2018-01-16,2018-01-17",1602.0,1483.9993943788963,0.5404040404040404,-0.20833333333333337,False
final_analog,final_analog,independent,pair_hour_hier_tau_scale_cv,all,10.0,,0.8,11,"2018-01-07,2018-01-08,2018-01-09,2018-01-10,2018-01-11,2018-01-12,2018-01-13,2018-01-14,2018-01-15,2018-01-16,2018-01-17",1586.0,1465.2235440344518,0.5441919191919192,-0.1755050505050505,False
final_analog,final_analog,independent,pair_hour_hier_tau_scale_cv,all,10.0,,0.85,11,"2018-01-07,2018-01-08,2018-01-09,2018-01-10,2018-01-11,2018-01-12,2018-01-13,2018-01-14,2018-01-15,2018-01-16,2018-01-17",1556.0,1450.4673841104616,0.5441919191919191,-0.1527777777777778,False
final_analog,final_analog,independent,pair_hour_hier_tau_scale_cv,all,10.0,,0.9,11,"2018-01-07,2018-01-08,2018-01-09,2018-01-10,2018-01-11,2018-01-12,2018-01-13,2018-01-14,2018-01-15,2018-01-16,2018-01-17",1549.0,1439.7309146069244,0.5473484848484848,-0.13573232323232323,False
final_analog,final_analog,independent,pair_hour_hier_tau_scale_cv,all,10.0,,0.95,11,"2018-01-07,2018-01-08,2018-01-09,2018-01-10,2018-01-11,2018-01-12,2018-01-13,2018-01-14,2018-01-15,2018-01-16,2018-01-17",1544.0,1433.0141355238413,0.5505050505050505,-0.11237373737373738,True
final_analog,final_analog,independent,pair_hour_hier_tau_scale_cv,all,10.0,,1.0,11,"2018-01-07,2018-01-08,2018-01-09,2018-01-10,2018-01-11,2018-01-12,2018-01-13,2018-01-14,2018-01-15,2018-01-16,2018-01-17",1556.0,1430.3170468612118,0.5631313131313131,-0.08712121212121213,False
final_analog,final_analog,independent,pair_hour_hier_tau_scale_cv,all,10.0,,1.05,11,"2018-01-07,2018-01-08,2018-01-09,2018-01-10,2018-01-11,2018-01-12,2018-01-13,2018-01-14,2018-01-15,2018-01-16,2018-01-17",1558.0,1431.6396486190358,0.5694444444444445,-0.05555555555555556,False
final_analog,final_analog,independent,pair_hour_hier_tau_scale_cv,all,20.0,,0.7,11,"2018-01-07,2018-01-08,2018-01-09,2018-01-10,2018-01-11,2018-01-12,2018-01-13,2018-01-14,2018-01-15,2018-01-16,2018-01-17",1606.0,1524.8640981588544,0.5328282828282829,-0.2234848484848485,False
final_analog,final_analog,independent,pair_hour_hier_tau_scale_cv,all,20.0,,0.75,11,"2018-01-07,2018-01-08,2018-01-09,2018-01-10,2018-01-11,2018-01-12,2018-01-13,2018-01-14,2018-01-15,2018-01-16,2018-01-17",1609.0,1501.4678097582305,0.5385101010101011,-0.21148989898989898,False
final_analog,final_analog,independent,pair_hour_hier_tau_scale_cv,all,20.0,,0.8,11,"2018-01-07,2018-01-08,2018-01-09,2018-01-10,2018-01-11,2018-01-12,2018-01-13,2018-01-14,2018-01-15,2018-01-16,2018-01-17",1618.0,1481.8390248264868,0.5479797979797979,-0.19949494949494948,False
final_analog,final_analog,independent,pair_hour_hier_tau_scale_cv,all,20.0,,0.85,11,"2018-01-07,2018-01-08,2018-01-09,2018-01-10,2018-01-11,2018-01-12,2018-01-13,2018-01-14,2018-01-15,2018-01-16,2018-01-17",1594.0,1465.977743363623,0.5517676767676768,-0.1792929292929293,False
final_analog,final_analog,independent,pair_hour_hier_tau_scale_cv,all,20.0,,0.9,11,"2018-01-07,2018-01-08,2018-01-09,2018-01-10,2018-01-11,2018-01-12,2018-01-13,2018-01-14,2018-01-15,2018-01-16,2018-01-17",1599.0,1453.8839653696393,0.5561868686868687,-0.158459595959596,False
final_analog,final_analog,independent,pair_hour_hier_tau_scale_cv,all,20.0,,0.95,11,"2018-01-07,2018-01-08,2018-01-09,2018-01-10,2018-01-11,2018-01-12,2018-01-13,2018-01-14,2018-01-15,2018-01-16,2018-01-17",1575.0,1445.5576908445362,0.5574494949494949,-0.14330808080808077,False
final_analog,final_analog,independent,pair_hour_hier_tau_scale_cv,all,20.0,,1.0,11,"2018-01-07,2018-01-08,2018-01-09,2018-01-10,2018-01-11,2018-01-12,2018-01-13,2018-01-14,2018-01-15,2018-01-16,2018-01-17",1569.0,1440.9989197883128,0.5587121212121212,-0.11931818181818182,False
final_analog,final_analog,independent,pair_hour_hier_tau_scale_cv,all,20.0,,1.05,11,"2018-01-07,2018-01-08,2018-01-09,2018-01-10,2018-01-11,2018-01-12,2018-01-13,2018-01-14,2018-01-15,2018-01-16,2018-01-17",1550.0,1440.2076522009695,0.5568181818181818,-0.10353535353535354,False
final_analog,final_analog,independent,pair_hour_hier_tau_scale_cv,all,50.0,,0.7,11,"2018-01-07,2018-01-08,2018-01-09,2018-01-10,2018-01-11,2018-01-12,2018-01-13,2018-01-14,2018-01-15,2018-01-16,2018-01-17",1620.0,1554.719815424834,0.5416666666666667,-0.21717171717171715,False
final_analog,final_analog,independent,pair_hour_hier_tau_scale_cv,all,50.0,,0.75,11,"2018-01-07,2018-01-08,2018-01-09,2018-01-10,2018-01-11,2018-01-12,2018-01-13,2018-01-14,2018-01-15,2018-01-16,2018-01-17",1620.0,1532.2693450939946,0.5416666666666667,-0.21717171717171715,False
final_analog,final_analog,independent,pair_hour_hier_tau_scale_cv,all,50.0,,0.8,11,"2018-01-07,2018-01-08,2018-01-09,2018-01-10,2018-01-11,2018-01-12,2018-01-13,2018-01-14,2018-01-15,2018-01-16,2018-01-17",1620.0,1513.428147143568,0.5416666666666667,-0.21717171717171715,False
final_analog,final_analog,independent,pair_hour_hier_tau_scale_cv,all,50.0,,0.85,11,"2018-01-07,2018-01-08,2018-01-09,2018-01-10,2018-01-11,2018-01-12,2018-01-13,2018-01-14,2018-01-15,2018-01-16,2018-01-17",1622.0,1498.1962215735552,0.542929292929293,-0.21338383838383843,False
final_analog,final_analog,independent,pair_hour_hier_tau_scale_cv,all,50.0,,0.9,11,"2018-01-07,2018-01-08,2018-01-09,2018-01-10,2018-01-11,2018-01-12,2018-01-13,2018-01-14,2018-01-15,2018-01-16,2018-01-17",1616.0,1486.5735683839553,0.5416666666666666,-0.20959595959595959,False
final_analog,final_analog,independent,pair_hour_hier_tau_scale_cv,all,50.0,,0.95,11,"2018-01-07,2018-01-08,2018-01-09,2018-01-10,2018-01-11,2018-01-12,2018-01-13,2018-01-14,2018-01-15,2018-01-16,2018-01-17",1615.0,1478.5601875747693,0.5460858585858586,-0.20012626262626257,False
final_analog,final_analog,independent,pair_hour_hier_tau_scale_cv,all,50.0,,1.0,11,"2018-01-07,2018-01-08,2018-01-09,2018-01-10,2018-01-11,2018-01-12,2018-01-13,2018-01-14,2018-01-15,2018-01-16,2018-01-17",1608.0,1474.1560791459963,0.5517676767676767,-0.18434343434343434,False
final_analog,final_analog,independent,pair_hour_hier_tau_scale_cv,all,50.0,,1.05,11,"2018-01-07,2018-01-08,2018-01-09,2018-01-10,2018-01-11,2018-01-12,2018-01-13,2018-01-14,2018-01-15,2018-01-16,2018-01-17",1594.0,1473.3612430976373,0.5568181818181818,-0.16161616161616163,False
final_analog,final_analog,independent,pair_hour_hier_tau_scale_cv,all,100.0,,0.7,11,"2018-01-07,2018-01-08,2018-01-09,2018-01-10,2018-01-11,2018-01-12,2018-01-13,2018-01-14,2018-01-15,2018-01-16,2018-01-17",1620.0,1572.577891551328,0.5416666666666667,-0.21717171717171715,False
final_analog,final_analog,independent,pair_hour_hier_tau_scale_cv,all,100.0,,0.75,11,"2018-01-07,2018-01-08,2018-01-09,2018-01-10,2018-01-11,2018-01-12,2018-01-13,2018-01-14,2018-01-15,2018-01-16,2018-01-17",1620.0,1551.1096001396843,0.5416666666666667,-0.21717171717171715,False
final_analog,final_analog,independent,pair_hour_hier_tau_scale_cv,all,100.0,,0.8,11,"2018-01-07,2018-01-08,2018-01-09,2018-01-10,2018-01-11,2018-01-12,2018-01-13,2018-01-14,2018-01-15,2018-01-16,2018-01-17",1620.0,1533.2114613821898,0.5416666666666667,-0.21717171717171715,False
final_analog,final_analog,independent,pair_hour_hier_tau_scale_cv,all,100.0,,0.85,11,"2018-01-07,2018-01-08,2018-01-09,2018-01-10,2018-01-11,2018-01-12,2018-01-13,2018-01-14,2018-01-15,2018-01-16,2018-01-17",1620.0,1518.8834752788443,0.5416666666666667,-0.21717171717171715,False
final_analog,final_analog,independent,pair_hour_hier_tau_scale_cv,all,100.0,,0.9,11,"2018-01-07,2018-01-08,2018-01-09,2018-01-10,2018-01-11,2018-01-12,2018-01-13,2018-01-14,2018-01-15,2018-01-16,2018-01-17",1620.0,1508.1256418296482,0.5416666666666667,-0.21717171717171715,False
final_analog,final_analog,independent,pair_hour_hier_tau_scale_cv,all,100.0,,0.95,11,"2018-01-07,2018-01-08,2018-01-09,2018-01-10,2018-01-11,2018-01-12,2018-01-13,2018-01-14,2018-01-15,2018-01-16,2018-01-17",1621.0,1500.937961034601,0.5422979797979799,-0.21654040404040406,False
final_analog,final_analog,independent,pair_hour_hier_tau_scale_cv,all,100.0,,1.0,11,"2018-01-07,2018-01-08,2018-01-09,2018-01-10,2018-01-11,2018-01-12,2018-01-13,2018-01-14,2018-01-15,2018-01-16,2018-01-17",1623.0,1497.320432893703,0.5435606060606061,-0.21022727272727273,False
final_analog,final_analog,independent,pair_hour_hier_tau_scale_cv,all,100.0,,1.05,11,"2018-01-07,2018-01-08,2018-01-09,2018-01-10,2018-01-11,2018-01-12,2018-01-13,2018-01-14,2018-01-15,2018-01-16,2018-01-17",1611.0,1497.2730574069542,0.5473484848484849,-0.1963383838383838,False
final_analog,final_analog,paired,pair_hour_hier_tau_scale_cv,all,0.0,,0.7,11,"2018-01-07,2018-01-08,2018-01-09,2018-01-10,2018-01-11,2018-01-12,2018-01-13,2018-01-14,2018-01-15,2018-01-16,2018-01-17",1600.0,1523.8820684638283,0.5277777777777777,-0.18434343434343434,False
final_analog,final_analog,paired,pair_hour_hier_tau_scale_cv,all,0.0,,0.75,11,"2018-01-07,2018-01-08,2018-01-09,2018-01-10,2018-01-11,2018-01-12,2018-01-13,2018-01-14,2018-01-15,2018-01-16,2018-01-17",1600.0,1512.7400649466128,0.5416666666666666,-0.1527777777777778,False
final_analog,final_analog,paired,pair_hour_hier_tau_scale_cv,all,0.0,,0.8,11,"2018-01-07,2018-01-08,2018-01-09,2018-01-10,2018-01-11,2018-01-12,2018-01-13,2018-01-14,2018-01-15,2018-01-16,2018-01-17",1621.0,1507.0088222131615,0.5511363636363638,-0.12436868686868686,False
final_analog,final_analog,paired,pair_hour_hier_tau_scale_cv,all,0.0,,0.85,11,"2018-01-07,2018-01-08,2018-01-09,2018-01-10,2018-01-11,2018-01-12,2018-01-13,2018-01-14,2018-01-15,2018-01-16,2018-01-17",1617.0,1506.688340263473,0.5574494949494949,-0.09154040404040406,False
final_analog,final_analog,paired,pair_hour_hier_tau_scale_cv,all,0.0,,0.9,11,"2018-01-07,2018-01-08,2018-01-09,2018-01-10,2018-01-11,2018-01-12,2018-01-13,2018-01-14,2018-01-15,2018-01-16,2018-01-17",1629.0,1511.7786190975482,0.5700757575757575,-0.057449494949494945,False
final_analog,final_analog,paired,pair_hour_hier_tau_scale_cv,all,0.0,,0.95,11,"2018-01-07,2018-01-08,2018-01-09,2018-01-10,2018-01-11,2018-01-12,2018-01-13,2018-01-14,2018-01-15,2018-01-16,2018-01-17",1671.0,1522.2796587153869,0.5890151515151516,-0.028409090909090905,False
final_analog,final_analog,paired,pair_hour_hier_tau_scale_cv,all,0.0,,1.0,11,"2018-01-07,2018-01-08,2018-01-09,2018-01-10,2018-01-11,2018-01-12,2018-01-13,2018-01-14,2018-01-15,2018-01-16,2018-01-17",1711.0,1538.1914591169889,0.6041666666666667,-0.0006313131313131316,False
final_analog,final_analog,paired,pair_hour_hier_tau_scale_cv,all,0.0,,1.05,11,"2018-01-07,2018-01-08,2018-01-09,2018-01-10,2018-01-11,2018-01-12,2018-01-13,2018-01-14,2018-01-15,2018-01-16,2018-01-17",1732.0,1559.5140203023548,0.6148989898989898,0.032828282828282825,False
final_analog,final_analog,paired,pair_hour_hier_tau_scale_cv,all,5.0,,0.7,11,"2018-01-07,2018-01-08,2018-01-09,2018-01-10,2018-01-11,2018-01-12,2018-01-13,2018-01-14,2018-01-15,2018-01-16,2018-01-17",1571.0,1500.009040535501,0.5372474747474748,-0.17361111111111113,False
final_analog,final_analog,paired,pair_hour_hier_tau_scale_cv,all,5.0,,0.75,11,"2018-01-07,2018-01-08,2018-01-09,2018-01-10,2018-01-11,2018-01-12,2018-01-13,2018-01-14,2018-01-15,2018-01-16,2018-01-17",1572.0,1479.3384379803438,0.5441919191919191,-0.1527777777777778,False
final_analog,final_analog,paired,pair_hour_hier_tau_scale_cv,all,5.0,,0.8,11,"2018-01-07,2018-01-08,2018-01-09,2018-01-10,2018-01-11,2018-01-12,2018-01-13,2018-01-14,2018-01-15,2018-01-16,2018-01-17",1551.0,1463.0354785079699,0.5460858585858586,-0.12310606060606061,False
final_analog,final_analog,paired,pair_hour_hier_tau_scale_cv,all,5.0,,0.85,11,"2018-01-07,2018-01-08,2018-01-09,2018-01-10,2018-01-11,2018-01-12,2018-01-13,2018-01-14,2018-01-15,2018-01-16,2018-01-17",1528.0,1451.1001621183798,0.553030303030303,-0.08585858585858586,True
final_analog,final_analog,paired,pair_hour_hier_tau_scale_cv,all,5.0,,0.9,11,"2018-01-07,2018-01-08,2018-01-09,2018-01-10,2018-01-11,2018-01-12,2018-01-13,2018-01-14,2018-01-15,2018-01-16,2018-01-17",1538.0,1443.532488811574,0.5656565656565656,-0.0505050505050505,False
final_analog,final_analog,paired,pair_hour_hier_tau_scale_cv,all,5.0,,0.95,11,"2018-01-07,2018-01-08,2018-01-09,2018-01-10,2018-01-11,2018-01-12,2018-01-13,2018-01-14,2018-01-15,2018-01-16,2018-01-17",1534.0,1440.3324585875514,0.5744949494949495,-0.01893939393939394,False
final_analog,final_analog,paired,pair_hour_hier_tau_scale_cv,all,5.0,,1.0,11,"2018-01-07,2018-01-08,2018-01-09,2018-01-10,2018-01-11,2018-01-12,2018-01-13,2018-01-14,2018-01-15,2018-01-16,2018-01-17",1573.0,1441.5000714463129,0.5928030303030304,0.0031565656565656556,False
final_analog,final_analog,paired,pair_hour_hier_tau_scale_cv,all,5.0,,1.05,11,"2018-01-07,2018-01-08,2018-01-09,2018-01-10,2018-01-11,2018-01-12,2018-01-13,2018-01-14,2018-01-15,2018-01-16,2018-01-17",1606.0,1447.0353273878575,0.6073232323232324,0.0303030303030303,False
final_analog,final_analog,paired,pair_hour_hier_tau_scale_cv,all,10.0,,0.7,11,"2018-01-07,2018-01-08,2018-01-09,2018-01-10,2018-01-11,2018-01-12,2018-01-13,2018-01-14,2018-01-15,2018-01-16,2018-01-17",1586.0,1506.7949351437942,0.547979797979798,-0.16287878787878787,False
final_analog,final_analog,paired,pair_hour_hier_tau_scale_cv,all,10.0,,0.75,11,"2018-01-07,2018-01-08,2018-01-09,2018-01-10,2018-01-11,2018-01-12,2018-01-13,2018-01-14,2018-01-15,2018-01-16,2018-01-17",1571.0,1483.9993943788963,0.5523989898989898,-0.13952020202020202,False
final_analog,final_analog,paired,pair_hour_hier_tau_scale_cv,all,10.0,,0.8,11,"2018-01-07,2018-01-08,2018-01-09,2018-01-10,2018-01-11,2018-01-12,2018-01-13,2018-01-14,2018-01-15,2018-01-16,2018-01-17",1559.0,1465.2235440344518,0.5574494949494949,-0.11426767676767677,False
final_analog,final_analog,paired,pair_hour_hier_tau_scale_cv,all,10.0,,0.85,11,"2018-01-07,2018-01-08,2018-01-09,2018-01-10,2018-01-11,2018-01-12,2018-01-13,2018-01-14,2018-01-15,2018-01-16,2018-01-17",1551.0,1450.4673841104616,0.5599747474747474,-0.09027777777777779,False
final_analog,final_analog,paired,pair_hour_hier_tau_scale_cv,all,10.0,,0.9,11,"2018-01-07,2018-01-08,2018-01-09,2018-01-10,2018-01-11,2018-01-12,2018-01-13,2018-01-14,2018-01-15,2018-01-16,2018-01-17",1565.0,1439.7309146069244,0.5751262626262627,-0.0625,False
final_analog,final_analog,paired,pair_hour_hier_tau_scale_cv,all,10.0,,0.95,11,"2018-01-07,2018-01-08,2018-01-09,2018-01-10,2018-01-11,2018-01-12,2018-01-13,2018-01-14,2018-01-15,2018-01-16,2018-01-17",1568.0,1433.0141355238413,0.5883838383838383,-0.023989898989898985,False
final_analog,final_analog,paired,pair_hour_hier_tau_scale_cv,all,10.0,,1.0,11,"2018-01-07,2018-01-08,2018-01-09,2018-01-10,2018-01-11,2018-01-12,2018-01-13,2018-01-14,2018-01-15,2018-01-16,2018-01-17",1554.0,1430.3170468612118,0.5972222222222222,0.011363636363636364,False
final_analog,final_analog,paired,pair_hour_hier_tau_scale_cv,all,10.0,,1.05,11,"2018-01-07,2018-01-08,2018-01-09,2018-01-10,2018-01-11,2018-01-12,2018-01-13,2018-01-14,2018-01-15,2018-01-16,2018-01-17",1587.0,1431.6396486190358,0.6104797979797979,0.03345959595959596,False
final_analog,final_analog,paired,pair_hour_hier_tau_scale_cv,all,20.0,,0.7,11,"2018-01-07,2018-01-08,2018-01-09,2018-01-10,2018-01-11,2018-01-12,2018-01-13,2018-01-14,2018-01-15,2018-01-16,2018-01-17",1595.0,1524.8640981588544,0.5511363636363635,-0.16856060606060608,False
final_analog,final_analog,paired,pair_hour_hier_tau_scale_cv,all,20.0,,0.75,11,"2018-01-07,2018-01-08,2018-01-09,2018-01-10,2018-01-11,2018-01-12,2018-01-13,2018-01-14,2018-01-15,2018-01-16,2018-01-17",1581.0,1501.4678097582305,0.5511363636363636,-0.15340909090909094,False
final_analog,final_analog,paired,pair_hour_hier_tau_scale_cv,all,20.0,,0.8,11,"2018-01-07,2018-01-08,2018-01-09,2018-01-10,2018-01-11,2018-01-12,2018-01-13,2018-01-14,2018-01-15,2018-01-16,2018-01-17",1589.0,1481.8390248264868,0.5637626262626262,-0.1294191919191919,False
final_analog,final_analog,paired,pair_hour_hier_tau_scale_cv,all,20.0,,0.85,11,"2018-01-07,2018-01-08,2018-01-09,2018-01-10,2018-01-11,2018-01-12,2018-01-13,2018-01-14,2018-01-15,2018-01-16,2018-01-17",1571.0,1465.977743363623,0.5662878787878789,-0.10416666666666669,False
final_analog,final_analog,paired,pair_hour_hier_tau_scale_cv,all,20.0,,0.9,11,"2018-01-07,2018-01-08,2018-01-09,2018-01-10,2018-01-11,2018-01-12,2018-01-13,2018-01-14,2018-01-15,2018-01-16,2018-01-17",1580.0,1453.8839653696393,0.5795454545454546,-0.07323232323232323,False
final_analog,final_analog,paired,pair_hour_hier_tau_scale_cv,all,20.0,,0.95,11,"2018-01-07,2018-01-08,2018-01-09,2018-01-10,2018-01-11,2018-01-12,2018-01-13,2018-01-14,2018-01-15,2018-01-16,2018-01-17",1574.0,1445.5576908445362,0.5896464646464646,-0.039141414141414144,False
final_analog,final_analog,paired,pair_hour_hier_tau_scale_cv,all,20.0,,1.0,11,"2018-01-07,2018-01-08,2018-01-09,2018-01-10,2018-01-11,2018-01-12,2018-01-13,2018-01-14,2018-01-15,2018-01-16,2018-01-17",1581.0,1440.9989197883128,0.6016414141414143,-0.004419191919191918,False
final_analog,final_analog,paired,pair_hour_hier_tau_scale_cv,all,20.0,,1.05,11,"2018-01-07,2018-01-08,2018-01-09,2018-01-10,2018-01-11,2018-01-12,2018-01-13,2018-01-14,2018-01-15,2018-01-16,2018-01-17",1588.0,1440.2076522009695,0.6212121212121212,0.039141414141414144,False
final_analog,final_analog,paired,pair_hour_hier_tau_scale_cv,all,50.0,,0.7,11,"2018-01-07,2018-01-08,2018-01-09,2018-01-10,2018-01-11,2018-01-12,2018-01-13,2018-01-14,2018-01-15,2018-01-16,2018-01-17",1619.0,1554.719815424834,0.5460858585858586,-0.19886363636363635,False
final_analog,final_analog,paired,pair_hour_hier_tau_scale_cv,all,50.0,,0.75,11,"2018-01-07,2018-01-08,2018-01-09,2018-01-10,2018-01-11,2018-01-12,2018-01-13,2018-01-14,2018-01-15,2018-01-16,2018-01-17",1600.0,1532.2693450939946,0.5479797979797979,-0.18055555555555555,False
final_analog,final_analog,paired,pair_hour_hier_tau_scale_cv,all,50.0,,0.8,11,"2018-01-07,2018-01-08,2018-01-09,2018-01-10,2018-01-11,2018-01-12,2018-01-13,2018-01-14,2018-01-15,2018-01-16,2018-01-17",1597.0,1513.428147143568,0.5498737373737373,-0.16603535353535356,False
final_analog,final_analog,paired,pair_hour_hier_tau_scale_cv,all,50.0,,0.85,11,"2018-01-07,2018-01-08,2018-01-09,2018-01-10,2018-01-11,2018-01-12,2018-01-13,2018-01-14,2018-01-15,2018-01-16,2018-01-17",1618.0,1498.1962215735552,0.5694444444444445,-0.12878787878787878,False
final_analog,final_analog,paired,pair_hour_hier_tau_scale_cv,all,50.0,,0.9,11,"2018-01-07,2018-01-08,2018-01-09,2018-01-10,2018-01-11,2018-01-12,2018-01-13,2018-01-14,2018-01-15,2018-01-16,2018-01-17",1609.0,1486.5735683839553,0.5852272727272727,-0.08522727272727272,False
final_analog,final_analog,paired,pair_hour_hier_tau_scale_cv,all,50.0,,0.95,11,"2018-01-07,2018-01-08,2018-01-09,2018-01-10,2018-01-11,2018-01-12,2018-01-13,2018-01-14,2018-01-15,2018-01-16,2018-01-17",1624.0,1478.5601875747693,0.6073232323232323,-0.04292929292929292,False
final_analog,final_analog,paired,pair_hour_hier_tau_scale_cv,all,50.0,,1.0,11,"2018-01-07,2018-01-08,2018-01-09,2018-01-10,2018-01-11,2018-01-12,2018-01-13,2018-01-14,2018-01-15,2018-01-16,2018-01-17",1657.0,1474.1560791459963,0.639520202020202,0.014520202020202022,False
final_analog,final_analog,paired,pair_hour_hier_tau_scale_cv,all,50.0,,1.05,11,"2018-01-07,2018-01-08,2018-01-09,2018-01-10,2018-01-11,2018-01-12,2018-01-13,2018-01-14,2018-01-15,2018-01-16,2018-01-17",1635.0,1473.3612430976373,0.6521464646464646,0.06376262626262627,False
final_analog,final_analog,paired,pair_hour_hier_tau_scale_cv,all,100.0,,0.7,11,"2018-01-07,2018-01-08,2018-01-09,2018-01-10,2018-01-11,2018-01-12,2018-01-13,2018-01-14,2018-01-15,2018-01-16,2018-01-17",1621.0,1572.577891551328,0.5422979797979799,-0.2152777777777778,False
final_analog,final_analog,paired,pair_hour_hier_tau_scale_cv,all,100.0,,0.75,11,"2018-01-07,2018-01-08,2018-01-09,2018-01-10,2018-01-11,2018-01-12,2018-01-13,2018-01-14,2018-01-15,2018-01-16,2018-01-17",1627.0,1551.1096001396843,0.5460858585858586,-0.20265151515151517,False
final_analog,final_analog,paired,pair_hour_hier_tau_scale_cv,all,100.0,,0.8,11,"2018-01-07,2018-01-08,2018-01-09,2018-01-10,2018-01-11,2018-01-12,2018-01-13,2018-01-14,2018-01-15,2018-01-16,2018-01-17",1604.0,1533.2114613821898,0.5505050505050505,-0.17424242424242428,False
final_analog,final_analog,paired,pair_hour_hier_tau_scale_cv,all,100.0,,0.85,11,"2018-01-07,2018-01-08,2018-01-09,2018-01-10,2018-01-11,2018-01-12,2018-01-13,2018-01-14,2018-01-15,2018-01-16,2018-01-17",1625.0,1518.8834752788443,0.5700757575757577,-0.13194444444444445,False
final_analog,final_analog,paired,pair_hour_hier_tau_scale_cv,all,100.0,,0.9,11,"2018-01-07,2018-01-08,2018-01-09,2018-01-10,2018-01-11,2018-01-12,2018-01-13,2018-01-14,2018-01-15,2018-01-16,2018-01-17",1655.0,1508.1256418296482,0.6003787878787878,-0.0763888888888889,False
final_analog,final_analog,paired,pair_hour_hier_tau_scale_cv,all,100.0,,0.95,11,"2018-01-07,2018-01-08,2018-01-09,2018-01-10,2018-01-11,2018-01-12,2018-01-13,2018-01-14,2018-01-15,2018-01-16,2018-01-17",1683.0,1500.937961034601,0.6281565656565656,-0.030934343434343436,False
final_analog,final_analog,paired,pair_hour_hier_tau_scale_cv,all,100.0,,1.0,11,"2018-01-07,2018-01-08,2018-01-09,2018-01-10,2018-01-11,2018-01-12,2018-01-13,2018-01-14,2018-01-15,2018-01-16,2018-01-17",1683.0,1497.320432893703,0.6458333333333333,0.0031565656565656565,False
final_analog,final_analog,paired,pair_hour_hier_tau_scale_cv,all,100.0,,1.05,11,"2018-01-07,2018-01-08,2018-01-09,2018-01-10,2018-01-11,2018-01-12,2018-01-13,2018-01-14,2018-01-15,2018-01-16,2018-01-17",1680.0,1497.2730574069542,0.6666666666666667,0.0606060606060606,False
final_analog,final_analog,independent,pair_hour_circular_cv,all,,raw,,11,"2018-01-07,2018-01-08,2018-01-09,2018-01-10,2018-01-11,2018-01-12,2018-01-13,2018-01-14,2018-01-15,2018-01-16,2018-01-17",1699.0,1538.1914591169889,0.5814393939393938,-0.057449494949494945,False
final_analog,final_analog,independent,pair_hour_circular_cv,all,,triangular3,,11,"2018-01-07,2018-01-08,2018-01-09,2018-01-10,2018-01-11,2018-01-12,2018-01-13,2018-01-14,2018-01-15,2018-01-16,2018-01-17",1528.0,1432.704917037376,0.5542929292929292,-0.06944444444444443,True
final_analog,final_analog,independent,pair_hour_circular_cv,all,,triangular5,,11,"2018-01-07,2018-01-08,2018-01-09,2018-01-10,2018-01-11,2018-01-12,2018-01-13,2018-01-14,2018-01-15,2018-01-16,2018-01-17",1611.0,1480.8297690567065,0.581439393939394,-0.08143939393939394,False
final_analog,final_analog,paired,pair_hour_circular_cv,all,,raw,,11,"2018-01-07,2018-01-08,2018-01-09,2018-01-10,2018-01-11,2018-01-12,2018-01-13,2018-01-14,2018-01-15,2018-01-16,2018-01-17",1711.0,1538.1914591169889,0.6041666666666667,-0.0006313131313131316,False
final_analog,final_analog,paired,pair_hour_circular_cv,all,,triangular3,,11,"2018-01-07,2018-01-08,2018-01-09,2018-01-10,2018-01-11,2018-01-12,2018-01-13,2018-01-14,2018-01-15,2018-01-16,2018-01-17",1559.0,1432.704917037376,0.5890151515151515,0.006944444444444445,True
final_analog,final_analog,paired,pair_hour_circular_cv,all,,triangular5,,11,"2018-01-07,2018-01-08,2018-01-09,2018-01-10,2018-01-11,2018-01-12,2018-01-13,2018-01-14,2018-01-15,2018-01-16,2018-01-17",1619.0,1480.8297690567065,0.6243686868686869,0.023358585858585856,False
final_analog,final_analog,independent,pair_hour_circular_scale_cv,all,,raw,0.7,11,"2018-01-07,2018-01-08,2018-01-09,2018-01-10,2018-01-11,2018-01-12,2018-01-13,2018-01-14,2018-01-15,2018-01-16,2018-01-17",1674.0,1523.8820684638283,0.5303030303030304,-0.24621212121212122,False
final_analog,final_analog,independent,pair_hour_circular_scale_cv,all,,raw,0.75,11,"2018-01-07,2018-01-08,2018-01-09,2018-01-10,2018-01-11,2018-01-12,2018-01-13,2018-01-14,2018-01-15,2018-01-16,2018-01-17",1675.0,1512.7400649466128,0.5397727272727272,-0.2152777777777778,False
final_analog,final_analog,independent,pair_hour_circular_scale_cv,all,,raw,0.8,11,"2018-01-07,2018-01-08,2018-01-09,2018-01-10,2018-01-11,2018-01-12,2018-01-13,2018-01-14,2018-01-15,2018-01-16,2018-01-17",1649.0,1507.0088222131615,0.5435606060606061,-0.18497474747474743,False
final_analog,final_analog,independent,pair_hour_circular_scale_cv,all,,raw,0.85,11,"2018-01-07,2018-01-08,2018-01-09,2018-01-10,2018-01-11,2018-01-12,2018-01-13,2018-01-14,2018-01-15,2018-01-16,2018-01-17",1650.0,1506.688340263473,0.5542929292929294,-0.1452020202020202,False
final_analog,final_analog,independent,pair_hour_circular_scale_cv,all,,raw,0.9,11,"2018-01-07,2018-01-08,2018-01-09,2018-01-10,2018-01-11,2018-01-12,2018-01-13,2018-01-14,2018-01-15,2018-01-16,2018-01-17",1642.0,1511.7786190975482,0.5555555555555556,-0.10479797979797979,False
final_analog,final_analog,independent,pair_hour_circular_scale_cv,all,,raw,0.95,11,"2018-01-07,2018-01-08,2018-01-09,2018-01-10,2018-01-11,2018-01-12,2018-01-13,2018-01-14,2018-01-15,2018-01-16,2018-01-17",1671.0,1522.2796587153869,0.5726010101010102,-0.07386363636363637,False
final_analog,final_analog,independent,pair_hour_circular_scale_cv,all,,raw,1.0,11,"2018-01-07,2018-01-08,2018-01-09,2018-01-10,2018-01-11,2018-01-12,2018-01-13,2018-01-14,2018-01-15,2018-01-16,2018-01-17",1699.0,1538.1914591169889,0.5814393939393938,-0.057449494949494945,False
final_analog,final_analog,independent,pair_hour_circular_scale_cv,all,,raw,1.05,11,"2018-01-07,2018-01-08,2018-01-09,2018-01-10,2018-01-11,2018-01-12,2018-01-13,2018-01-14,2018-01-15,2018-01-16,2018-01-17",1661.0,1559.5140203023548,0.586489898989899,-0.009469696969696968,False
final_analog,final_analog,independent,pair_hour_circular_scale_cv,all,,triangular3,0.7,11,"2018-01-07,2018-01-08,2018-01-09,2018-01-10,2018-01-11,2018-01-12,2018-01-13,2018-01-14,2018-01-15,2018-01-16,2018-01-17",1624.0,1501.224523276053,0.5189393939393939,-0.25757575757575757,False
final_analog,final_analog,independent,pair_hour_circular_scale_cv,all,,triangular3,0.75,11,"2018-01-07,2018-01-08,2018-01-09,2018-01-10,2018-01-11,2018-01-12,2018-01-13,2018-01-14,2018-01-15,2018-01-16,2018-01-17",1629.0,1479.324296126148,0.5271464646464646,-0.2316919191919192,False
final_analog,final_analog,independent,pair_hour_circular_scale_cv,all,,triangular3,0.8,11,"2018-01-07,2018-01-08,2018-01-09,2018-01-10,2018-01-11,2018-01-12,2018-01-13,2018-01-14,2018-01-15,2018-01-16,2018-01-17",1608.0,1461.6161860869597,0.5353535353535354,-0.18813131313131312,False
final_analog,final_analog,independent,pair_hour_circular_scale_cv,all,,triangular3,0.85,11,"2018-01-07,2018-01-08,2018-01-09,2018-01-10,2018-01-11,2018-01-12,2018-01-13,2018-01-14,2018-01-15,2018-01-16,2018-01-17",1630.0,1448.1001931584883,0.5505050505050506,-0.15404040404040406,False
final_analog,final_analog,independent,pair_hour_circular_scale_cv,all,,triangular3,0.9,11,"2018-01-07,2018-01-08,2018-01-09,2018-01-10,2018-01-11,2018-01-12,2018-01-13,2018-01-14,2018-01-15,2018-01-16,2018-01-17",1579.0,1438.776317340734,0.5460858585858586,-0.1268939393939394,False
final_analog,final_analog,independent,pair_hour_circular_scale_cv,all,,triangular3,0.95,11,"2018-01-07,2018-01-08,2018-01-09,2018-01-10,2018-01-11,2018-01-12,2018-01-13,2018-01-14,2018-01-15,2018-01-16,2018-01-17",1547.0,1433.6445586336963,0.55239898989899,-0.09406565656565656,False
final_analog,final_analog,independent,pair_hour_circular_scale_cv,all,,triangular3,1.0,11,"2018-01-07,2018-01-08,2018-01-09,2018-01-10,2018-01-11,2018-01-12,2018-01-13,2018-01-14,2018-01-15,2018-01-16,2018-01-17",1528.0,1432.704917037376,0.5542929292929292,-0.06944444444444443,False
final_analog,final_analog,independent,pair_hour_circular_scale_cv,all,,triangular3,1.05,11,"2018-01-07,2018-01-08,2018-01-09,2018-01-10,2018-01-11,2018-01-12,2018-01-13,2018-01-14,2018-01-15,2018-01-16,2018-01-17",1511.0,1435.957392551772,0.5625,-0.02714646464646465,True
final_analog,final_analog,independent,pair_hour_circular_scale_cv,all,,triangular5,0.7,11,"2018-01-07,2018-01-08,2018-01-09,2018-01-10,2018-01-11,2018-01-12,2018-01-13,2018-01-14,2018-01-15,2018-01-16,2018-01-17",1641.0,1547.722298570498,0.5183080808080808,-0.2720959595959596,False
final_analog,final_analog,independent,pair_hour_circular_scale_cv,all,,triangular5,0.75,11,"2018-01-07,2018-01-08,2018-01-09,2018-01-10,2018-01-11,2018-01-12,2018-01-13,2018-01-14,2018-01-15,2018-01-16,2018-01-17",1636.0,1526.8557734271756,0.5303030303030304,-0.2474747474747475,False
final_analog,final_analog,independent,pair_hour_circular_scale_cv,all,,triangular5,0.8,11,"2018-01-07,2018-01-08,2018-01-09,2018-01-10,2018-01-11,2018-01-12,2018-01-13,2018-01-14,2018-01-15,2018-01-16,2018-01-17",1624.0,1509.876356373596,0.5391414141414141,-0.20833333333333331,False
final_analog,final_analog,independent,pair_hour_circular_scale_cv,all,,triangular5,0.85,11,"2018-01-07,2018-01-08,2018-01-09,2018-01-10,2018-01-11,2018-01-12,2018-01-13,2018-01-14,2018-01-15,2018-01-16,2018-01-17",1610.0,1496.7840474097598,0.5517676767676767,-0.16540404040404041,False
final_analog,final_analog,independent,pair_hour_circular_scale_cv,all,,triangular5,0.9,11,"2018-01-07,2018-01-08,2018-01-09,2018-01-10,2018-01-11,2018-01-12,2018-01-13,2018-01-14,2018-01-15,2018-01-16,2018-01-17",1607.0,1487.5788465356657,0.5625000000000001,-0.134469696969697,False
final_analog,final_analog,independent,pair_hour_circular_scale_cv,all,,triangular5,0.95,11,"2018-01-07,2018-01-08,2018-01-09,2018-01-10,2018-01-11,2018-01-12,2018-01-13,2018-01-14,2018-01-15,2018-01-16,2018-01-17",1618.0,1482.2607537513147,0.577020202020202,-0.10606060606060605,False
final_analog,final_analog,independent,pair_hour_circular_scale_cv,all,,triangular5,1.0,11,"2018-01-07,2018-01-08,2018-01-09,2018-01-10,2018-01-11,2018-01-12,2018-01-13,2018-01-14,2018-01-15,2018-01-16,2018-01-17",1611.0,1480.8297690567065,0.581439393939394,-0.08143939393939394,False
final_analog,final_analog,independent,pair_hour_circular_scale_cv,all,,triangular5,1.05,11,"2018-01-07,2018-01-08,2018-01-09,2018-01-10,2018-01-11,2018-01-12,2018-01-13,2018-01-14,2018-01-15,2018-01-16,2018-01-17",1603.0,1483.2858924518407,0.5890151515151515,-0.04734848484848484,False
final_analog,final_analog,paired,pair_hour_circular_scale_cv,all,,raw,0.7,11,"2018-01-07,2018-01-08,2018-01-09,2018-01-10,2018-01-11,2018-01-12,2018-01-13,2018-01-14,2018-01-15,2018-01-16,2018-01-17",1600.0,1523.8820684638283,0.5277777777777777,-0.18434343434343434,False
final_analog,final_analog,paired,pair_hour_circular_scale_cv,all,,raw,0.75,11,"2018-01-07,2018-01-08,2018-01-09,2018-01-10,2018-01-11,2018-01-12,2018-01-13,2018-01-14,2018-01-15,2018-01-16,2018-01-17",1600.0,1512.7400649466128,0.5416666666666666,-0.1527777777777778,False
final_analog,final_analog,paired,pair_hour_circular_scale_cv,all,,raw,0.8,11,"2018-01-07,2018-01-08,2018-01-09,2018-01-10,2018-01-11,2018-01-12,2018-01-13,2018-01-14,2018-01-15,2018-01-16,2018-01-17",1621.0,1507.0088222131615,0.5511363636363638,-0.12436868686868686,False
final_analog,final_analog,paired,pair_hour_circular_scale_cv,all,,raw,0.85,11,"2018-01-07,2018-01-08,2018-01-09,2018-01-10,2018-01-11,2018-01-12,2018-01-13,2018-01-14,2018-01-15,2018-01-16,2018-01-17",1617.0,1506.688340263473,0.5574494949494949,-0.09154040404040406,False
final_analog,final_analog,paired,pair_hour_circular_scale_cv,all,,raw,0.9,11,"2018-01-07,2018-01-08,2018-01-09,2018-01-10,2018-01-11,2018-01-12,2018-01-13,2018-01-14,2018-01-15,2018-01-16,2018-01-17",1629.0,1511.7786190975482,0.5700757575757575,-0.057449494949494945,False
final_analog,final_analog,paired,pair_hour_circular_scale_cv,all,,raw,0.95,11,"2018-01-07,2018-01-08,2018-01-09,2018-01-10,2018-01-11,2018-01-12,2018-01-13,2018-01-14,2018-01-15,2018-01-16,2018-01-17",1671.0,1522.2796587153869,0.5890151515151516,-0.028409090909090905,False
final_analog,final_analog,paired,pair_hour_circular_scale_cv,all,,raw,1.0,11,"2018-01-07,2018-01-08,2018-01-09,2018-01-10,2018-01-11,2018-01-12,2018-01-13,2018-01-14,2018-01-15,2018-01-16,2018-01-17",1711.0,1538.1914591169889,0.6041666666666667,-0.0006313131313131316,False
final_analog,final_analog,paired,pair_hour_circular_scale_cv,all,,raw,1.05,11,"2018-01-07,2018-01-08,2018-01-09,2018-01-10,2018-01-11,2018-01-12,2018-01-13,2018-01-14,2018-01-15,2018-01-16,2018-01-17",1732.0,1559.5140203023548,0.6148989898989898,0.032828282828282825,False
final_analog,final_analog,paired,pair_hour_circular_scale_cv,all,,triangular3,0.7,11,"2018-01-07,2018-01-08,2018-01-09,2018-01-10,2018-01-11,2018-01-12,2018-01-13,2018-01-14,2018-01-15,2018-01-16,2018-01-17",1599.0,1501.224523276053,0.5448232323232323,-0.16982323232323232,False
final_analog,final_analog,paired,pair_hour_circular_scale_cv,all,,triangular3,0.75,11,"2018-01-07,2018-01-08,2018-01-09,2018-01-10,2018-01-11,2018-01-12,2018-01-13,2018-01-14,2018-01-15,2018-01-16,2018-01-17",1588.0,1479.324296126148,0.5542929292929293,-0.14267676767676768,False
final_analog,final_analog,paired,pair_hour_circular_scale_cv,all,,triangular3,0.8,11,"2018-01-07,2018-01-08,2018-01-09,2018-01-10,2018-01-11,2018-01-12,2018-01-13,2018-01-14,2018-01-15,2018-01-16,2018-01-17",1586.0,1461.6161860869597,0.5593434343434344,-0.11237373737373738,False
final_analog,final_analog,paired,pair_hour_circular_scale_cv,all,,triangular3,0.85,11,"2018-01-07,2018-01-08,2018-01-09,2018-01-10,2018-01-11,2018-01-12,2018-01-13,2018-01-14,2018-01-15,2018-01-16,2018-01-17",1557.0,1448.1001931584883,0.5625,-0.08143939393939394,False
final_analog,final_analog,paired,pair_hour_circular_scale_cv,all,,triangular3,0.9,11,"2018-01-07,2018-01-08,2018-01-09,2018-01-10,2018-01-11,2018-01-12,2018-01-13,2018-01-14,2018-01-15,2018-01-16,2018-01-17",1519.0,1438.776317340734,0.5612373737373737,-0.049873737373737376,True
final_analog,final_analog,paired,pair_hour_circular_scale_cv,all,,triangular3,0.95,11,"2018-01-07,2018-01-08,2018-01-09,2018-01-10,2018-01-11,2018-01-12,2018-01-13,2018-01-14,2018-01-15,2018-01-16,2018-01-17",1539.0,1433.6445586336963,0.5738636363636366,-0.020833333333333332,False
final_analog,final_analog,paired,pair_hour_circular_scale_cv,all,,triangular3,1.0,11,"2018-01-07,2018-01-08,2018-01-09,2018-01-10,2018-01-11,2018-01-12,2018-01-13,2018-01-14,2018-01-15,2018-01-16,2018-01-17",1559.0,1432.704917037376,0.5890151515151515,0.006944444444444445,False
final_analog,final_analog,paired,pair_hour_circular_scale_cv,all,,triangular3,1.05,11,"2018-01-07,2018-01-08,2018-01-09,2018-01-10,2018-01-11,2018-01-12,2018-01-13,2018-01-14,2018-01-15,2018-01-16,2018-01-17",1571.0,1435.957392551772,0.6016414141414141,0.030934343434343436,False
final_analog,final_analog,paired,pair_hour_circular_scale_cv,all,,triangular5,0.7,11,"2018-01-07,2018-01-08,2018-01-09,2018-01-10,2018-01-11,2018-01-12,2018-01-13,2018-01-14,2018-01-15,2018-01-16,2018-01-17",1602.0,1547.722298570498,0.5467171717171717,-0.17424242424242425,False
final_analog,final_analog,paired,pair_hour_circular_scale_cv,all,,triangular5,0.75,11,"2018-01-07,2018-01-08,2018-01-09,2018-01-10,2018-01-11,2018-01-12,2018-01-13,2018-01-14,2018-01-15,2018-01-16,2018-01-17",1600.0,1526.8557734271756,0.5618686868686869,-0.13762626262626265,False
final_analog,final_analog,paired,pair_hour_circular_scale_cv,all,,triangular5,0.8,11,"2018-01-07,2018-01-08,2018-01-09,2018-01-10,2018-01-11,2018-01-12,2018-01-13,2018-01-14,2018-01-15,2018-01-16,2018-01-17",1585.0,1509.876356373596,0.5776515151515151,-0.09659090909090909,False
final_analog,final_analog,paired,pair_hour_circular_scale_cv,all,,triangular5,0.85,11,"2018-01-07,2018-01-08,2018-01-09,2018-01-10,2018-01-11,2018-01-12,2018-01-13,2018-01-14,2018-01-15,2018-01-16,2018-01-17",1597.0,1496.7840474097598,0.5902777777777778,-0.06628787878787877,False
final_analog,final_analog,paired,pair_hour_circular_scale_cv,all,,triangular5,0.9,11,"2018-01-07,2018-01-08,2018-01-09,2018-01-10,2018-01-11,2018-01-12,2018-01-13,2018-01-14,2018-01-15,2018-01-16,2018-01-17",1614.0,1487.5788465356657,0.6047979797979798,-0.027777777777777776,False
final_analog,final_analog,paired,pair_hour_circular_scale_cv,all,,triangular5,0.95,11,"2018-01-07,2018-01-08,2018-01-09,2018-01-10,2018-01-11,2018-01-12,2018-01-13,2018-01-14,2018-01-15,2018-01-16,2018-01-17",1628.0,1482.2607537513147,0.6174242424242425,-1.261617073437678e-18,False
final_analog,final_analog,paired,pair_hour_circular_scale_cv,all,,triangular5,1.0,11,"2018-01-07,2018-01-08,2018-01-09,2018-01-10,2018-01-11,2018-01-12,2018-01-13,2018-01-14,2018-01-15,2018-01-16,2018-01-17",1619.0,1480.8297690567065,0.6243686868686869,0.023358585858585856,False
final_analog,final_analog,paired,pair_hour_circular_scale_cv,all,,triangular5,1.05,11,"2018-01-07,2018-01-08,2018-01-09,2018-01-10,2018-01-11,2018-01-12,2018-01-13,2018-01-14,2018-01-15,2018-01-16,2018-01-17",1642.0,1483.2858924518407,0.6325757575757576,0.041666666666666664,False
final_analog,final_analog,independent,present_shrunk20_scale_cv,all,,,0.7,11,"2018-01-07,2018-01-08,2018-01-09,2018-01-10,2018-01-11,2018-01-12,2018-01-13,2018-01-14,2018-01-15,2018-01-16,2018-01-17",1661.0,1512.4540434398957,0.5309343434343435,-0.24431818181818182,False
final_analog,final_analog,independent,present_shrunk20_scale_cv,all,,,0.75,11,"2018-01-07,2018-01-08,2018-01-09,2018-01-10,2018-01-11,2018-01-12,2018-01-13,2018-01-14,2018-01-15,2018-01-16,2018-01-17",1649.0,1497.3627061083507,0.5372474747474748,-0.2178030303030303,False
final_analog,final_analog,independent,present_shrunk20_scale_cv,all,,,0.8,11,"2018-01-07,2018-01-08,2018-01-09,2018-01-10,2018-01-11,2018-01-12,2018-01-13,2018-01-14,2018-01-15,2018-01-16,2018-01-17",1632.0,1487.2643900522203,0.5429292929292929,-0.18686868686868685,False
final_analog,final_analog,independent,present_shrunk20_scale_cv,all,,,0.85,11,"2018-01-07,2018-01-08,2018-01-09,2018-01-10,2018-01-11,2018-01-12,2018-01-13,2018-01-14,2018-01-15,2018-01-16,2018-01-17",1628.0,1482.1590952715032,0.547979797979798,-0.15404040404040406,False
final_analog,final_analog,independent,present_shrunk20_scale_cv,all,,,0.9,11,"2018-01-07,2018-01-08,2018-01-09,2018-01-10,2018-01-11,2018-01-12,2018-01-13,2018-01-14,2018-01-15,2018-01-16,2018-01-17",1612.0,1482.046821766201,0.5517676767676767,-0.11994949494949493,True
final_analog,final_analog,independent,present_shrunk20_scale_cv,all,,,0.95,11,"2018-01-07,2018-01-08,2018-01-09,2018-01-10,2018-01-11,2018-01-12,2018-01-13,2018-01-14,2018-01-15,2018-01-16,2018-01-17",1618.0,1486.9275695363121,0.5618686868686869,-0.08585858585858584,False
final_analog,final_analog,independent,present_shrunk20_scale_cv,all,,,1.0,11,"2018-01-07,2018-01-08,2018-01-09,2018-01-10,2018-01-11,2018-01-12,2018-01-13,2018-01-14,2018-01-15,2018-01-16,2018-01-17",1631.0,1496.801338581838,0.5688131313131314,-0.0625,False
final_analog,final_analog,independent,present_shrunk20_scale_cv,all,,,1.05,11,"2018-01-07,2018-01-08,2018-01-09,2018-01-10,2018-01-11,2018-01-12,2018-01-13,2018-01-14,2018-01-15,2018-01-16,2018-01-17",1645.0,1511.6681289027774,0.5814393939393939,-0.022095959595959596,False
final_analog,final_analog,paired,present_shrunk20_scale_cv,all,,,0.7,11,"2018-01-07,2018-01-08,2018-01-09,2018-01-10,2018-01-11,2018-01-12,2018-01-13,2018-01-14,2018-01-15,2018-01-16,2018-01-17",1607.0,1512.4540434398957,0.5321969696969696,-0.18623737373737373,False
final_analog,final_analog,paired,present_shrunk20_scale_cv,all,,,0.75,11,"2018-01-07,2018-01-08,2018-01-09,2018-01-10,2018-01-11,2018-01-12,2018-01-13,2018-01-14,2018-01-15,2018-01-16,2018-01-17",1593.0,1497.3627061083507,0.5385101010101011,-0.15719696969696972,False
final_analog,final_analog,paired,present_shrunk20_scale_cv,all,,,0.8,11,"2018-01-07,2018-01-08,2018-01-09,2018-01-10,2018-01-11,2018-01-12,2018-01-13,2018-01-14,2018-01-15,2018-01-16,2018-01-17",1572.0,1487.2643900522203,0.5441919191919191,-0.1275252525252525,True
final_analog,final_analog,paired,present_shrunk20_scale_cv,all,,,0.85,11,"2018-01-07,2018-01-08,2018-01-09,2018-01-10,2018-01-11,2018-01-12,2018-01-13,2018-01-14,2018-01-15,2018-01-16,2018-01-17",1598.0,1482.1590952715032,0.5530303030303031,-0.09343434343434343,False
final_analog,final_analog,paired,present_shrunk20_scale_cv,all,,,0.9,11,"2018-01-07,2018-01-08,2018-01-09,2018-01-10,2018-01-11,2018-01-12,2018-01-13,2018-01-14,2018-01-15,2018-01-16,2018-01-17",1619.0,1482.046821766201,0.5713383838383839,-0.06123737373737374,False
final_analog,final_analog,paired,present_shrunk20_scale_cv,all,,,0.95,11,"2018-01-07,2018-01-08,2018-01-09,2018-01-10,2018-01-11,2018-01-12,2018-01-13,2018-01-14,2018-01-15,2018-01-16,2018-01-17",1622.0,1486.9275695363121,0.5820707070707071,-0.03156565656565657,False
final_analog,final_analog,paired,present_shrunk20_scale_cv,all,,,1.0,11,"2018-01-07,2018-01-08,2018-01-09,2018-01-10,2018-01-11,2018-01-12,2018-01-13,2018-01-14,2018-01-15,2018-01-16,2018-01-17",1627.0,1496.801338581838,0.5902777777777777,-0.0006313131313131329,False
final_analog,final_analog,paired,present_shrunk20_scale_cv,all,,,1.05,11,"2018-01-07,2018-01-08,2018-01-09,2018-01-10,2018-01-11,2018-01-12,2018-01-13,2018-01-14,2018-01-15,2018-01-16,2018-01-17",1672.0,1511.6681289027774,0.6073232323232323,0.029040404040404037,False
final_analog,final_analog,independent,pair_hour_direction_scale_cv,core->near,,,0.7,11,"2018-01-07,2018-01-08,2018-01-09,2018-01-10,2018-01-11,2018-01-12,2018-01-13,2018-01-14,2018-01-15,2018-01-16,2018-01-17",619.0,571.604772150384,1.2083333333333333,-0.875,False
final_analog,final_analog,independent,pair_hour_direction_scale_cv,core->near,,,0.75,11,"2018-01-07,2018-01-08,2018-01-09,2018-01-10,2018-01-11,2018-01-12,2018-01-13,2018-01-14,2018-01-15,2018-01-16,2018-01-17",611.0,565.408977561912,1.1666666666666667,-0.8333333333333334,False
final_analog,final_analog,independent,pair_hour_direction_scale_cv,core->near,,,0.8,11,"2018-01-07,2018-01-08,2018-01-09,2018-01-10,2018-01-11,2018-01-12,2018-01-13,2018-01-14,2018-01-15,2018-01-16,2018-01-17",584.0,561.5622696744974,1.125,-0.7916666666666666,True
final_analog,final_analog,independent,pair_hour_direction_scale_cv,core->near,,,0.85,11,"2018-01-07,2018-01-08,2018-01-09,2018-01-10,2018-01-11,2018-01-12,2018-01-13,2018-01-14,2018-01-15,2018-01-16,2018-01-17",593.0,560.0646484881399,1.125,-0.7916666666666666,False
final_analog,final_analog,independent,pair_hour_direction_scale_cv,core->near,,,0.9,11,"2018-01-07,2018-01-08,2018-01-09,2018-01-10,2018-01-11,2018-01-12,2018-01-13,2018-01-14,2018-01-15,2018-01-16,2018-01-17",606.0,560.9161140028397,1.125,-0.7083333333333334,False
final_analog,final_analog,independent,pair_hour_direction_scale_cv,core->near,,,0.95,11,"2018-01-07,2018-01-08,2018-01-09,2018-01-10,2018-01-11,2018-01-12,2018-01-13,2018-01-14,2018-01-15,2018-01-16,2018-01-17",613.0,564.1166662185967,1.0833333333333333,-0.6666666666666666,False
final_analog,final_analog,independent,pair_hour_direction_scale_cv,core->near,,,1.0,11,"2018-01-07,2018-01-08,2018-01-09,2018-01-10,2018-01-11,2018-01-12,2018-01-13,2018-01-14,2018-01-15,2018-01-16,2018-01-17",628.0,569.6663051354109,1.1666666666666667,-0.5833333333333334,False
final_analog,final_analog,independent,pair_hour_direction_scale_cv,core->near,,,1.05,11,"2018-01-07,2018-01-08,2018-01-09,2018-01-10,2018-01-11,2018-01-12,2018-01-13,2018-01-14,2018-01-15,2018-01-16,2018-01-17",616.0,577.5650307532824,1.25,-0.4166666666666667,False
final_analog,final_analog,independent,pair_hour_direction_scale_cv,core->outer,,,0.7,11,"2018-01-07,2018-01-08,2018-01-09,2018-01-10,2018-01-11,2018-01-12,2018-01-13,2018-01-14,2018-01-15,2018-01-16,2018-01-17",86.0,75.26608816930097,0.16666666666666666,0.0,False
final_analog,final_analog,independent,pair_hour_direction_scale_cv,core->outer,,,0.75,11,"2018-01-07,2018-01-08,2018-01-09,2018-01-10,2018-01-11,2018-01-12,2018-01-13,2018-01-14,2018-01-15,2018-01-16,2018-01-17",83.0,74.92466430048258,0.16666666666666666,0.0,False
final_analog,final_analog,independent,pair_hour_direction_scale_cv,core->outer,,,0.8,11,"2018-01-07,2018-01-08,2018-01-09,2018-01-10,2018-01-11,2018-01-12,2018-01-13,2018-01-14,2018-01-15,2018-01-16,2018-01-17",84.0,74.71613545706646,0.16666666666666666,0.0,False
final_analog,final_analog,independent,pair_hour_direction_scale_cv,core->outer,,,0.85,11,"2018-01-07,2018-01-08,2018-01-09,2018-01-10,2018-01-11,2018-01-12,2018-01-13,2018-01-14,2018-01-15,2018-01-16,2018-01-17",81.0,74.64050163905266,0.16666666666666666,0.0,False
final_analog,final_analog,independent,pair_hour_direction_scale_cv,core->outer,,,0.9,11,"2018-01-07,2018-01-08,2018-01-09,2018-01-10,2018-01-11,2018-01-12,2018-01-13,2018-01-14,2018-01-15,2018-01-16,2018-01-17",81.0,74.69776284644114,0.16666666666666666,0.0,True
final_analog,final_analog,independent,pair_hour_direction_scale_cv,core->outer,,,0.95,11,"2018-01-07,2018-01-08,2018-01-09,2018-01-10,2018-01-11,2018-01-12,2018-01-13,2018-01-14,2018-01-15,2018-01-16,2018-01-17",82.0,74.88791907923195,0.16666666666666666,0.0,False
final_analog,final_analog,independent,pair_hour_direction_scale_cv,core->outer,,,1.0,11,"2018-01-07,2018-01-08,2018-01-09,2018-01-10,2018-01-11,2018-01-12,2018-01-13,2018-01-14,2018-01-15,2018-01-16,2018-01-17",82.0,75.21097033742504,0.16666666666666666,0.0,False
final_analog,final_analog,independent,pair_hour_direction_scale_cv,core->outer,,,1.05,11,"2018-01-07,2018-01-08,2018-01-09,2018-01-10,2018-01-11,2018-01-12,2018-01-13,2018-01-14,2018-01-15,2018-01-16,2018-01-17",83.0,75.66691662102042,0.16666666666666666,0.0,False
final_analog,final_analog,independent,pair_hour_direction_scale_cv,near->core,,,0.7,11,"2018-01-07,2018-01-08,2018-01-09,2018-01-10,2018-01-11,2018-01-12,2018-01-13,2018-01-14,2018-01-15,2018-01-16,2018-01-17",540.0,505.37202022325744,1.0,-0.6666666666666666,False
final_analog,final_analog,independent,pair_hour_direction_scale_cv,near->core,,,0.75,11,"2018-01-07,2018-01-08,2018-01-09,2018-01-10,2018-01-11,2018-01-12,2018-01-13,2018-01-14,2018-01-15,2018-01-16,2018-01-17",549.0,499.8723238315247,1.0,-0.5833333333333334,False
final_analog,final_analog,independent,pair_hour_direction_scale_cv,near->core,,,0.8,11,"2018-01-07,2018-01-08,2018-01-09,2018-01-10,2018-01-11,2018-01-12,2018-01-13,2018-01-14,2018-01-15,2018-01-16,2018-01-17",547.0,496.45483915686316,1.0,-0.5833333333333334,False
final_analog,final_analog,independent,pair_hour_direction_scale_cv,near->core,,,0.85,11,"2018-01-07,2018-01-08,2018-01-09,2018-01-10,2018-01-11,2018-01-12,2018-01-13,2018-01-14,2018-01-15,2018-01-16,2018-01-17",544.0,495.119566199273,1.0,-0.5,False
final_analog,final_analog,independent,pair_hour_direction_scale_cv,near->core,,,0.9,11,"2018-01-07,2018-01-08,2018-01-09,2018-01-10,2018-01-11,2018-01-12,2018-01-13,2018-01-14,2018-01-15,2018-01-16,2018-01-17",513.0,495.86650495875404,0.9166666666666666,-0.3333333333333333,True
final_analog,final_analog,independent,pair_hour_direction_scale_cv,near->core,,,0.95,11,"2018-01-07,2018-01-08,2018-01-09,2018-01-10,2018-01-11,2018-01-12,2018-01-13,2018-01-14,2018-01-15,2018-01-16,2018-01-17",523.0,498.69565543530643,0.9166666666666666,-0.3333333333333333,False
final_analog,final_analog,independent,pair_hour_direction_scale_cv,near->core,,,1.0,11,"2018-01-07,2018-01-08,2018-01-09,2018-01-10,2018-01-11,2018-01-12,2018-01-13,2018-01-14,2018-01-15,2018-01-16,2018-01-17",530.0,503.6070176289301,0.9583333333333334,-0.2916666666666667,False
final_analog,final_analog,independent,pair_hour_direction_scale_cv,near->core,,,1.05,11,"2018-01-07,2018-01-08,2018-01-09,2018-01-10,2018-01-11,2018-01-12,2018-01-13,2018-01-14,2018-01-15,2018-01-16,2018-01-17",516.0,510.60059153962504,0.9583333333333334,-0.20833333333333334,False
final_analog,final_analog,independent,pair_hour_direction_scale_cv,near->outer,,,0.7,11,"2018-01-07,2018-01-08,2018-01-09,2018-01-10,2018-01-11,2018-01-12,2018-01-13,2018-01-14,2018-01-15,2018-01-16,2018-01-17",189.0,166.52283864640725,0.3333333333333333,-0.08333333333333333,True
final_analog,final_analog,independent,pair_hour_direction_scale_cv,near->outer,,,0.75,11,"2018-01-07,2018-01-08,2018-01-09,2018-01-10,2018-01-11,2018-01-12,2018-01-13,2018-01-14,2018-01-15,2018-01-16,2018-01-17",191.0,167.54616425651088,0.375,-0.041666666666666664,False
final_analog,final_analog,independent,pair_hour_direction_scale_cv,near->outer,,,0.8,11,"2018-01-07,2018-01-08,2018-01-09,2018-01-10,2018-01-11,2018-01-12,2018-01-13,2018-01-14,2018-01-15,2018-01-16,2018-01-17",197.0,168.92000148466252,0.375,-0.041666666666666664,False
final_analog,final_analog,independent,pair_hour_direction_scale_cv,near->outer,,,0.85,11,"2018-01-07,2018-01-08,2018-01-09,2018-01-10,2018-01-11,2018-01-12,2018-01-13,2018-01-14,2018-01-15,2018-01-16,2018-01-17",197.0,170.64435033086218,0.375,-0.041666666666666664,False
final_analog,final_analog,independent,pair_hour_direction_scale_cv,near->outer,,,0.9,11,"2018-01-07,2018-01-08,2018-01-09,2018-01-10,2018-01-11,2018-01-12,2018-01-13,2018-01-14,2018-01-15,2018-01-16,2018-01-17",202.0,172.71921079510994,0.4166666666666667,0.0,False
final_analog,final_analog,independent,pair_hour_direction_scale_cv,near->outer,,,0.95,11,"2018-01-07,2018-01-08,2018-01-09,2018-01-10,2018-01-11,2018-01-12,2018-01-13,2018-01-14,2018-01-15,2018-01-16,2018-01-17",209.0,175.14458287740564,0.4583333333333333,0.041666666666666664,False
final_analog,final_analog,independent,pair_hour_direction_scale_cv,near->outer,,,1.0,11,"2018-01-07,2018-01-08,2018-01-09,2018-01-10,2018-01-11,2018-01-12,2018-01-13,2018-01-14,2018-01-15,2018-01-16,2018-01-17",215.0,177.92046657774944,0.4583333333333333,0.041666666666666664,False
final_analog,final_analog,independent,pair_hour_direction_scale_cv,near->outer,,,1.05,11,"2018-01-07,2018-01-08,2018-01-09,2018-01-10,2018-01-11,2018-01-12,2018-01-13,2018-01-14,2018-01-15,2018-01-16,2018-01-17",201.0,181.0468618961413,0.5,0.08333333333333333,False
final_analog,final_analog,independent,pair_hour_direction_scale_cv,outer->core,,,0.7,11,"2018-01-07,2018-01-08,2018-01-09,2018-01-10,2018-01-11,2018-01-12,2018-01-13,2018-01-14,2018-01-15,2018-01-16,2018-01-17",69.0,61.40161980904656,0.125,-0.125,False
final_analog,final_analog,independent,pair_hour_direction_scale_cv,outer->core,,,0.75,11,"2018-01-07,2018-01-08,2018-01-09,2018-01-10,2018-01-11,2018-01-12,2018-01-13,2018-01-14,2018-01-15,2018-01-16,2018-01-17",69.0,61.396176615862935,0.125,-0.125,True
final_analog,final_analog,independent,pair_hour_direction_scale_cv,outer->core,,,0.8,11,"2018-01-07,2018-01-08,2018-01-09,2018-01-10,2018-01-11,2018-01-12,2018-01-13,2018-01-14,2018-01-15,2018-01-16,2018-01-17",71.0,61.46237318921628,0.125,-0.125,False
final_analog,final_analog,independent,pair_hour_direction_scale_cv,outer->core,,,0.85,11,"2018-01-07,2018-01-08,2018-01-09,2018-01-10,2018-01-11,2018-01-12,2018-01-13,2018-01-14,2018-01-15,2018-01-16,2018-01-17",72.0,61.600209529106614,0.125,-0.125,False
final_analog,final_analog,independent,pair_hour_direction_scale_cv,outer->core,,,0.9,11,"2018-01-07,2018-01-08,2018-01-09,2018-01-10,2018-01-11,2018-01-12,2018-01-13,2018-01-14,2018-01-15,2018-01-16,2018-01-17",74.0,61.809685635533924,0.20833333333333334,-0.041666666666666664,False
final_analog,final_analog,independent,pair_hour_direction_scale_cv,outer->core,,,0.95,11,"2018-01-07,2018-01-08,2018-01-09,2018-01-10,2018-01-11,2018-01-12,2018-01-13,2018-01-14,2018-01-15,2018-01-16,2018-01-17",76.0,62.09080150849821,0.20833333333333334,-0.041666666666666664,False
final_analog,final_analog,independent,pair_hour_direction_scale_cv,outer->core,,,1.0,11,"2018-01-07,2018-01-08,2018-01-09,2018-01-10,2018-01-11,2018-01-12,2018-01-13,2018-01-14,2018-01-15,2018-01-16,2018-01-17",76.0,62.44355714799948,0.20833333333333334,-0.041666666666666664,False
final_analog,final_analog,independent,pair_hour_direction_scale_cv,outer->core,,,1.05,11,"2018-01-07,2018-01-08,2018-01-09,2018-01-10,2018-01-11,2018-01-12,2018-01-13,2018-01-14,2018-01-15,2018-01-16,2018-01-17",81.0,62.867952554037736,0.20833333333333334,-0.041666666666666664,False
final_analog,final_analog,independent,pair_hour_direction_scale_cv,outer->near,,,0.7,11,"2018-01-07,2018-01-08,2018-01-09,2018-01-10,2018-01-11,2018-01-12,2018-01-13,2018-01-14,2018-01-15,2018-01-16,2018-01-17",171.0,143.714729465432,0.4583333333333333,-0.041666666666666664,False
final_analog,final_analog,independent,pair_hour_direction_scale_cv,outer->near,,,0.75,11,"2018-01-07,2018-01-08,2018-01-09,2018-01-10,2018-01-11,2018-01-12,2018-01-13,2018-01-14,2018-01-15,2018-01-16,2018-01-17",172.0,143.59175838032,0.4166666666666667,0.0,False
final_analog,final_analog,independent,pair_hour_direction_scale_cv,outer->near,,,0.8,11,"2018-01-07,2018-01-08,2018-01-09,2018-01-10,2018-01-11,2018-01-12,2018-01-13,2018-01-14,2018-01-15,2018-01-16,2018-01-17",166.0,143.89320325085555,0.4166666666666667,0.0,False
final_analog,final_analog,independent,pair_hour_direction_scale_cv,outer->near,,,0.85,11,"2018-01-07,2018-01-08,2018-01-09,2018-01-10,2018-01-11,2018-01-12,2018-01-13,2018-01-14,2018-01-15,2018-01-16,2018-01-17",163.0,144.61906407703873,0.375,0.041666666666666664,True
final_analog,final_analog,independent,pair_hour_direction_scale_cv,outer->near,,,0.9,11,"2018-01-07,2018-01-08,2018-01-09,2018-01-10,2018-01-11,2018-01-12,2018-01-13,2018-01-14,2018-01-15,2018-01-16,2018-01-17",166.0,145.76934085886953,0.3333333333333333,0.08333333333333333,False
final_analog,final_analog,independent,pair_hour_direction_scale_cv,outer->near,,,0.95,11,"2018-01-07,2018-01-08,2018-01-09,2018-01-10,2018-01-11,2018-01-12,2018-01-13,2018-01-14,2018-01-15,2018-01-16,2018-01-17",168.0,147.34403359634794,0.3333333333333333,0.08333333333333333,False
final_analog,final_analog,independent,pair_hour_direction_scale_cv,outer->near,,,1.0,11,"2018-01-07,2018-01-08,2018-01-09,2018-01-10,2018-01-11,2018-01-12,2018-01-13,2018-01-14,2018-01-15,2018-01-16,2018-01-17",168.0,149.34314228947397,0.3333333333333333,0.08333333333333333,False
final_analog,final_analog,independent,pair_hour_direction_scale_cv,outer->near,,,1.05,11,"2018-01-07,2018-01-08,2018-01-09,2018-01-10,2018-01-11,2018-01-12,2018-01-13,2018-01-14,2018-01-15,2018-01-16,2018-01-17",164.0,151.7666669382476,0.3333333333333333,0.08333333333333333,False
final_analog,final_analog,paired,pair_hour_direction_scale_cv,core->near,,,0.7,11,"2018-01-07,2018-01-08,2018-01-09,2018-01-10,2018-01-11,2018-01-12,2018-01-13,2018-01-14,2018-01-15,2018-01-16,2018-01-17",578.0,571.604772150384,1.2083333333333333,-0.7083333333333334,False
final_analog,final_analog,paired,pair_hour_direction_scale_cv,core->near,,,0.75,11,"2018-01-07,2018-01-08,2018-01-09,2018-01-10,2018-01-11,2018-01-12,2018-01-13,2018-01-14,2018-01-15,2018-01-16,2018-01-17",569.0,565.408977561912,1.1666666666666667,-0.6666666666666666,True
final_analog,final_analog,paired,pair_hour_direction_scale_cv,core->near,,,0.8,11,"2018-01-07,2018-01-08,2018-01-09,2018-01-10,2018-01-11,2018-01-12,2018-01-13,2018-01-14,2018-01-15,2018-01-16,2018-01-17",585.0,561.5622696744974,1.2083333333333333,-0.625,False
final_analog,final_analog,paired,pair_hour_direction_scale_cv,core->near,,,0.85,11,"2018-01-07,2018-01-08,2018-01-09,2018-01-10,2018-01-11,2018-01-12,2018-01-13,2018-01-14,2018-01-15,2018-01-16,2018-01-17",601.0,560.0646484881399,1.2083333333333333,-0.5416666666666666,False
final_analog,final_analog,paired,pair_hour_direction_scale_cv,core->near,,,0.9,11,"2018-01-07,2018-01-08,2018-01-09,2018-01-10,2018-01-11,2018-01-12,2018-01-13,2018-01-14,2018-01-15,2018-01-16,2018-01-17",591.0,560.9161140028397,1.2083333333333333,-0.4583333333333333,False
final_analog,final_analog,paired,pair_hour_direction_scale_cv,core->near,,,0.95,11,"2018-01-07,2018-01-08,2018-01-09,2018-01-10,2018-01-11,2018-01-12,2018-01-13,2018-01-14,2018-01-15,2018-01-16,2018-01-17",595.0,564.1166662185967,1.2083333333333333,-0.4583333333333333,False
final_analog,final_analog,paired,pair_hour_direction_scale_cv,core->near,,,1.0,11,"2018-01-07,2018-01-08,2018-01-09,2018-01-10,2018-01-11,2018-01-12,2018-01-13,2018-01-14,2018-01-15,2018-01-16,2018-01-17",609.0,569.6663051354109,1.2916666666666667,-0.375,False
final_analog,final_analog,paired,pair_hour_direction_scale_cv,core->near,,,1.05,11,"2018-01-07,2018-01-08,2018-01-09,2018-01-10,2018-01-11,2018-01-12,2018-01-13,2018-01-14,2018-01-15,2018-01-16,2018-01-17",617.0,577.5650307532824,1.2916666666666667,-0.375,False
final_analog,final_analog,paired,pair_hour_direction_scale_cv,core->outer,,,0.7,11,"2018-01-07,2018-01-08,2018-01-09,2018-01-10,2018-01-11,2018-01-12,2018-01-13,2018-01-14,2018-01-15,2018-01-16,2018-01-17",92.0,75.26608816930097,0.16666666666666666,0.0,False
final_analog,final_analog,paired,pair_hour_direction_scale_cv,core->outer,,,0.75,11,"2018-01-07,2018-01-08,2018-01-09,2018-01-10,2018-01-11,2018-01-12,2018-01-13,2018-01-14,2018-01-15,2018-01-16,2018-01-17",91.0,74.92466430048258,0.16666666666666666,0.0,False
final_analog,final_analog,paired,pair_hour_direction_scale_cv,core->outer,,,0.8,11,"2018-01-07,2018-01-08,2018-01-09,2018-01-10,2018-01-11,2018-01-12,2018-01-13,2018-01-14,2018-01-15,2018-01-16,2018-01-17",89.0,74.71613545706646,0.16666666666666666,0.0,False
final_analog,final_analog,paired,pair_hour_direction_scale_cv,core->outer,,,0.85,11,"2018-01-07,2018-01-08,2018-01-09,2018-01-10,2018-01-11,2018-01-12,2018-01-13,2018-01-14,2018-01-15,2018-01-16,2018-01-17",85.0,74.64050163905266,0.16666666666666666,0.0,True
final_analog,final_analog,paired,pair_hour_direction_scale_cv,core->outer,,,0.9,11,"2018-01-07,2018-01-08,2018-01-09,2018-01-10,2018-01-11,2018-01-12,2018-01-13,2018-01-14,2018-01-15,2018-01-16,2018-01-17",86.0,74.69776284644114,0.16666666666666666,0.0,False
final_analog,final_analog,paired,pair_hour_direction_scale_cv,core->outer,,,0.95,11,"2018-01-07,2018-01-08,2018-01-09,2018-01-10,2018-01-11,2018-01-12,2018-01-13,2018-01-14,2018-01-15,2018-01-16,2018-01-17",86.0,74.88791907923195,0.16666666666666666,0.0,False
final_analog,final_analog,paired,pair_hour_direction_scale_cv,core->outer,,,1.0,11,"2018-01-07,2018-01-08,2018-01-09,2018-01-10,2018-01-11,2018-01-12,2018-01-13,2018-01-14,2018-01-15,2018-01-16,2018-01-17",88.0,75.21097033742504,0.16666666666666666,0.0,False
final_analog,final_analog,paired,pair_hour_direction_scale_cv,core->outer,,,1.05,11,"2018-01-07,2018-01-08,2018-01-09,2018-01-10,2018-01-11,2018-01-12,2018-01-13,2018-01-14,2018-01-15,2018-01-16,2018-01-17",88.0,75.66691662102042,0.20833333333333334,0.041666666666666664,False
final_analog,final_analog,paired,pair_hour_direction_scale_cv,near->core,,,0.7,11,"2018-01-07,2018-01-08,2018-01-09,2018-01-10,2018-01-11,2018-01-12,2018-01-13,2018-01-14,2018-01-15,2018-01-16,2018-01-17",540.0,505.37202022325744,1.0416666666666667,-0.625,False
final_analog,final_analog,paired,pair_hour_direction_scale_cv,near->core,,,0.75,11,"2018-01-07,2018-01-08,2018-01-09,2018-01-10,2018-01-11,2018-01-12,2018-01-13,2018-01-14,2018-01-15,2018-01-16,2018-01-17",538.0,499.8723238315247,0.9583333333333334,-0.4583333333333333,False
final_analog,final_analog,paired,pair_hour_direction_scale_cv,near->core,,,0.8,11,"2018-01-07,2018-01-08,2018-01-09,2018-01-10,2018-01-11,2018-01-12,2018-01-13,2018-01-14,2018-01-15,2018-01-16,2018-01-17",524.0,496.45483915686316,0.875,-0.375,False
final_analog,final_analog,paired,pair_hour_direction_scale_cv,near->core,,,0.85,11,"2018-01-07,2018-01-08,2018-01-09,2018-01-10,2018-01-11,2018-01-12,2018-01-13,2018-01-14,2018-01-15,2018-01-16,2018-01-17",499.0,495.119566199273,0.875,-0.375,True
final_analog,final_analog,paired,pair_hour_direction_scale_cv,near->core,,,0.9,11,"2018-01-07,2018-01-08,2018-01-09,2018-01-10,2018-01-11,2018-01-12,2018-01-13,2018-01-14,2018-01-15,2018-01-16,2018-01-17",510.0,495.86650495875404,0.9166666666666666,-0.3333333333333333,False
final_analog,final_analog,paired,pair_hour_direction_scale_cv,near->core,,,0.95,11,"2018-01-07,2018-01-08,2018-01-09,2018-01-10,2018-01-11,2018-01-12,2018-01-13,2018-01-14,2018-01-15,2018-01-16,2018-01-17",530.0,498.69565543530643,1.0,-0.25,False
final_analog,final_analog,paired,pair_hour_direction_scale_cv,near->core,,,1.0,11,"2018-01-07,2018-01-08,2018-01-09,2018-01-10,2018-01-11,2018-01-12,2018-01-13,2018-01-14,2018-01-15,2018-01-16,2018-01-17",535.0,503.6070176289301,0.9583333333333334,-0.20833333333333334,False
final_analog,final_analog,paired,pair_hour_direction_scale_cv,near->core,,,1.05,11,"2018-01-07,2018-01-08,2018-01-09,2018-01-10,2018-01-11,2018-01-12,2018-01-13,2018-01-14,2018-01-15,2018-01-16,2018-01-17",539.0,510.60059153962504,0.9583333333333334,-0.125,False
final_analog,final_analog,paired,pair_hour_direction_scale_cv,near->outer,,,0.7,11,"2018-01-07,2018-01-08,2018-01-09,2018-01-10,2018-01-11,2018-01-12,2018-01-13,2018-01-14,2018-01-15,2018-01-16,2018-01-17",202.0,166.52283864640725,0.3333333333333333,-0.08333333333333333,True
final_analog,final_analog,paired,pair_hour_direction_scale_cv,near->outer,,,0.75,11,"2018-01-07,2018-01-08,2018-01-09,2018-01-10,2018-01-11,2018-01-12,2018-01-13,2018-01-14,2018-01-15,2018-01-16,2018-01-17",206.0,167.54616425651088,0.3333333333333333,-0.08333333333333333,False
final_analog,final_analog,paired,pair_hour_direction_scale_cv,near->outer,,,0.8,11,"2018-01-07,2018-01-08,2018-01-09,2018-01-10,2018-01-11,2018-01-12,2018-01-13,2018-01-14,2018-01-15,2018-01-16,2018-01-17",209.0,168.92000148466252,0.4166666666666667,0.0,False
final_analog,final_analog,paired,pair_hour_direction_scale_cv,near->outer,,,0.85,11,"2018-01-07,2018-01-08,2018-01-09,2018-01-10,2018-01-11,2018-01-12,2018-01-13,2018-01-14,2018-01-15,2018-01-16,2018-01-17",212.0,170.64435033086218,0.4583333333333333,0.041666666666666664,False
final_analog,final_analog,paired,pair_hour_direction_scale_cv,near->outer,,,0.9,11,"2018-01-07,2018-01-08,2018-01-09,2018-01-10,2018-01-11,2018-01-12,2018-01-13,2018-01-14,2018-01-15,2018-01-16,2018-01-17",216.0,172.71921079510994,0.4583333333333333,0.041666666666666664,False
final_analog,final_analog,paired,pair_hour_direction_scale_cv,near->outer,,,0.95,11,"2018-01-07,2018-01-08,2018-01-09,2018-01-10,2018-01-11,2018-01-12,2018-01-13,2018-01-14,2018-01-15,2018-01-16,2018-01-17",207.0,175.14458287740564,0.4583333333333333,0.041666666666666664,False
final_analog,final_analog,paired,pair_hour_direction_scale_cv,near->outer,,,1.0,11,"2018-01-07,2018-01-08,2018-01-09,2018-01-10,2018-01-11,2018-01-12,2018-01-13,2018-01-14,2018-01-15,2018-01-16,2018-01-17",208.0,177.92046657774944,0.4166666666666667,0.08333333333333333,False
final_analog,final_analog,paired,pair_hour_direction_scale_cv,near->outer,,,1.05,11,"2018-01-07,2018-01-08,2018-01-09,2018-01-10,2018-01-11,2018-01-12,2018-01-13,2018-01-14,2018-01-15,2018-01-16,2018-01-17",215.0,181.0468618961413,0.4583333333333333,0.125,False
final_analog,final_analog,paired,pair_hour_direction_scale_cv,outer->core,,,0.7,11,"2018-01-07,2018-01-08,2018-01-09,2018-01-10,2018-01-11,2018-01-12,2018-01-13,2018-01-14,2018-01-15,2018-01-16,2018-01-17",74.0,61.40161980904656,0.16666666666666666,-0.08333333333333333,False
final_analog,final_analog,paired,pair_hour_direction_scale_cv,outer->core,,,0.75,11,"2018-01-07,2018-01-08,2018-01-09,2018-01-10,2018-01-11,2018-01-12,2018-01-13,2018-01-14,2018-01-15,2018-01-16,2018-01-17",74.0,61.396176615862935,0.16666666666666666,-0.08333333333333333,False
final_analog,final_analog,paired,pair_hour_direction_scale_cv,outer->core,,,0.8,11,"2018-01-07,2018-01-08,2018-01-09,2018-01-10,2018-01-11,2018-01-12,2018-01-13,2018-01-14,2018-01-15,2018-01-16,2018-01-17",73.0,61.46237318921628,0.16666666666666666,-0.08333333333333333,False
final_analog,final_analog,paired,pair_hour_direction_scale_cv,outer->core,,,0.85,11,"2018-01-07,2018-01-08,2018-01-09,2018-01-10,2018-01-11,2018-01-12,2018-01-13,2018-01-14,2018-01-15,2018-01-16,2018-01-17",71.0,61.600209529106614,0.16666666666666666,-0.08333333333333333,False
final_analog,final_analog,paired,pair_hour_direction_scale_cv,outer->core,,,0.9,11,"2018-01-07,2018-01-08,2018-01-09,2018-01-10,2018-01-11,2018-01-12,2018-01-13,2018-01-14,2018-01-15,2018-01-16,2018-01-17",70.0,61.809685635533924,0.16666666666666666,-0.08333333333333333,True
final_analog,final_analog,paired,pair_hour_direction_scale_cv,outer->core,,,0.95,11,"2018-01-07,2018-01-08,2018-01-09,2018-01-10,2018-01-11,2018-01-12,2018-01-13,2018-01-14,2018-01-15,2018-01-16,2018-01-17",74.0,62.09080150849821,0.16666666666666666,-0.08333333333333333,False
final_analog,final_analog,paired,pair_hour_direction_scale_cv,outer->core,,,1.0,11,"2018-01-07,2018-01-08,2018-01-09,2018-01-10,2018-01-11,2018-01-12,2018-01-13,2018-01-14,2018-01-15,2018-01-16,2018-01-17",79.0,62.44355714799948,0.16666666666666666,-0.08333333333333333,False
final_analog,final_analog,paired,pair_hour_direction_scale_cv,outer->core,,,1.05,11,"2018-01-07,2018-01-08,2018-01-09,2018-01-10,2018-01-11,2018-01-12,2018-01-13,2018-01-14,2018-01-15,2018-01-16,2018-01-17",81.0,62.867952554037736,0.16666666666666666,-0.08333333333333333,False
final_analog,final_analog,paired,pair_hour_direction_scale_cv,outer->near,,,0.7,11,"2018-01-07,2018-01-08,2018-01-09,2018-01-10,2018-01-11,2018-01-12,2018-01-13,2018-01-14,2018-01-15,2018-01-16,2018-01-17",175.0,143.714729465432,0.375,-0.041666666666666664,False
final_analog,final_analog,paired,pair_hour_direction_scale_cv,outer->near,,,0.75,11,"2018-01-07,2018-01-08,2018-01-09,2018-01-10,2018-01-11,2018-01-12,2018-01-13,2018-01-14,2018-01-15,2018-01-16,2018-01-17",174.0,143.59175838032,0.3333333333333333,0.0,False
final_analog,final_analog,paired,pair_hour_direction_scale_cv,outer->near,,,0.8,11,"2018-01-07,2018-01-08,2018-01-09,2018-01-10,2018-01-11,2018-01-12,2018-01-13,2018-01-14,2018-01-15,2018-01-16,2018-01-17",174.0,143.89320325085555,0.3333333333333333,0.08333333333333333,True
final_analog,final_analog,paired,pair_hour_direction_scale_cv,outer->near,,,0.85,11,"2018-01-07,2018-01-08,2018-01-09,2018-01-10,2018-01-11,2018-01-12,2018-01-13,2018-01-14,2018-01-15,2018-01-16,2018-01-17",175.0,144.61906407703873,0.3333333333333333,0.08333333333333333,False
final_analog,final_analog,paired,pair_hour_direction_scale_cv,outer->near,,,0.9,11,"2018-01-07,2018-01-08,2018-01-09,2018-01-10,2018-01-11,2018-01-12,2018-01-13,2018-01-14,2018-01-15,2018-01-16,2018-01-17",184.0,145.76934085886953,0.4166666666666667,0.16666666666666666,False
final_analog,final_analog,paired,pair_hour_direction_scale_cv,outer->near,,,0.95,11,"2018-01-07,2018-01-08,2018-01-09,2018-01-10,2018-01-11,2018-01-12,2018-01-13,2018-01-14,2018-01-15,2018-01-16,2018-01-17",188.0,147.34403359634794,0.4166666666666667,0.16666666666666666,False
final_analog,final_analog,paired,pair_hour_direction_scale_cv,outer->near,,,1.0,11,"2018-01-07,2018-01-08,2018-01-09,2018-01-10,2018-01-11,2018-01-12,2018-01-13,2018-01-14,2018-01-15,2018-01-16,2018-01-17",192.0,149.34314228947397,0.4166666666666667,0.16666666666666666,False
final_analog,final_analog,paired,pair_hour_direction_scale_cv,outer->near,,,1.05,11,"2018-01-07,2018-01-08,2018-01-09,2018-01-10,2018-01-11,2018-01-12,2018-01-13,2018-01-14,2018-01-15,2018-01-16,2018-01-17",191.0,151.7666669382476,0.5,0.25,False
final_analog,final_analog,independent,present_shrunk20_direction_scale_cv,core->near,,,0.7,11,"2018-01-07,2018-01-08,2018-01-09,2018-01-10,2018-01-11,2018-01-12,2018-01-13,2018-01-14,2018-01-15,2018-01-16,2018-01-17",610.0,565.6953399284657,1.2083333333333333,-0.875,False
final_analog,final_analog,independent,present_shrunk20_direction_scale_cv,core->near,,,0.75,11,"2018-01-07,2018-01-08,2018-01-09,2018-01-10,2018-01-11,2018-01-12,2018-01-13,2018-01-14,2018-01-15,2018-01-16,2018-01-17",594.0,557.3457991630872,1.1666666666666667,-0.8333333333333334,False
final_analog,final_analog,independent,present_shrunk20_direction_scale_cv,core->near,,,0.8,11,"2018-01-07,2018-01-08,2018-01-09,2018-01-10,2018-01-11,2018-01-12,2018-01-13,2018-01-14,2018-01-15,2018-01-16,2018-01-17",579.0,551.1144592487204,1.1666666666666667,-0.8333333333333334,False
final_analog,final_analog,independent,present_shrunk20_direction_scale_cv,core->near,,,0.85,11,"2018-01-07,2018-01-08,2018-01-09,2018-01-10,2018-01-11,2018-01-12,2018-01-13,2018-01-14,2018-01-15,2018-01-16,2018-01-17",575.0,547.0013201853653,1.1666666666666667,-0.75,True
final_analog,final_analog,independent,present_shrunk20_direction_scale_cv,core->near,,,0.9,11,"2018-01-07,2018-01-08,2018-01-09,2018-01-10,2018-01-11,2018-01-12,2018-01-13,2018-01-14,2018-01-15,2018-01-16,2018-01-17",584.0,545.0063819730221,1.1666666666666667,-0.75,False
final_analog,final_analog,independent,present_shrunk20_direction_scale_cv,core->near,,,0.95,11,"2018-01-07,2018-01-08,2018-01-09,2018-01-10,2018-01-11,2018-01-12,2018-01-13,2018-01-14,2018-01-15,2018-01-16,2018-01-17",590.0,545.1296446116905,1.0833333333333333,-0.5833333333333334,False
final_analog,final_analog,independent,present_shrunk20_direction_scale_cv,core->near,,,1.0,11,"2018-01-07,2018-01-08,2018-01-09,2018-01-10,2018-01-11,2018-01-12,2018-01-13,2018-01-14,2018-01-15,2018-01-16,2018-01-17",592.0,547.3711081013709,1.0833333333333333,-0.5833333333333334,False
final_analog,final_analog,independent,present_shrunk20_direction_scale_cv,core->near,,,1.05,11,"2018-01-07,2018-01-08,2018-01-09,2018-01-10,2018-01-11,2018-01-12,2018-01-13,2018-01-14,2018-01-15,2018-01-16,2018-01-17",619.0,551.7307724420626,1.2083333333333333,-0.375,False
final_analog,final_analog,independent,present_shrunk20_direction_scale_cv,core->outer,,,0.7,11,"2018-01-07,2018-01-08,2018-01-09,2018-01-10,2018-01-11,2018-01-12,2018-01-13,2018-01-14,2018-01-15,2018-01-16,2018-01-17",86.0,75.39920906034345,0.125,-0.041666666666666664,False
final_analog,final_analog,independent,present_shrunk20_direction_scale_cv,core->outer,,,0.75,11,"2018-01-07,2018-01-08,2018-01-09,2018-01-10,2018-01-11,2018-01-12,2018-01-13,2018-01-14,2018-01-15,2018-01-16,2018-01-17",87.0,74.92098902028238,0.16666666666666666,0.0,False
final_analog,final_analog,independent,present_shrunk20_direction_scale_cv,core->outer,,,0.8,11,"2018-01-07,2018-01-08,2018-01-09,2018-01-10,2018-01-11,2018-01-12,2018-01-13,2018-01-14,2018-01-15,2018-01-16,2018-01-17",83.0,74.55615669811465,0.16666666666666666,0.0,False
final_analog,final_analog,independent,present_shrunk20_direction_scale_cv,core->outer,,,0.85,11,"2018-01-07,2018-01-08,2018-01-09,2018-01-10,2018-01-11,2018-01-12,2018-01-13,2018-01-14,2018-01-15,2018-01-16,2018-01-17",83.0,74.30471209384028,0.16666666666666666,0.0,False
final_analog,final_analog,independent,present_shrunk20_direction_scale_cv,core->outer,,,0.9,11,"2018-01-07,2018-01-08,2018-01-09,2018-01-10,2018-01-11,2018-01-12,2018-01-13,2018-01-14,2018-01-15,2018-01-16,2018-01-17",84.0,74.16665520745924,0.16666666666666666,0.0,False
final_analog,final_analog,independent,present_shrunk20_direction_scale_cv,core->outer,,,0.95,11,"2018-01-07,2018-01-08,2018-01-09,2018-01-10,2018-01-11,2018-01-12,2018-01-13,2018-01-14,2018-01-15,2018-01-16,2018-01-17",81.0,74.14198603897158,0.16666666666666666,0.0,False
final_analog,final_analog,independent,present_shrunk20_direction_scale_cv,core->outer,,,1.0,11,"2018-01-07,2018-01-08,2018-01-09,2018-01-10,2018-01-11,2018-01-12,2018-01-13,2018-01-14,2018-01-15,2018-01-16,2018-01-17",81.0,74.23070458837725,0.16666666666666666,0.0,True
final_analog,final_analog,independent,present_shrunk20_direction_scale_cv,core->outer,,,1.05,11,"2018-01-07,2018-01-08,2018-01-09,2018-01-10,2018-01-11,2018-01-12,2018-01-13,2018-01-14,2018-01-15,2018-01-16,2018-01-17",82.0,74.43281085567628,0.16666666666666666,0.0,False
final_analog,final_analog,independent,present_shrunk20_direction_scale_cv,near->core,,,0.7,11,"2018-01-07,2018-01-08,2018-01-09,2018-01-10,2018-01-11,2018-01-12,2018-01-13,2018-01-14,2018-01-15,2018-01-16,2018-01-17",539.0,502.56812917305353,1.0,-0.6666666666666666,False
final_analog,final_analog,independent,present_shrunk20_direction_scale_cv,near->core,,,0.75,11,"2018-01-07,2018-01-08,2018-01-09,2018-01-10,2018-01-11,2018-01-12,2018-01-13,2018-01-14,2018-01-15,2018-01-16,2018-01-17",540.0,496.41884802722444,1.0416666666666667,-0.625,False
final_analog,final_analog,independent,present_shrunk20_direction_scale_cv,near->core,,,0.8,11,"2018-01-07,2018-01-08,2018-01-09,2018-01-10,2018-01-11,2018-01-12,2018-01-13,2018-01-14,2018-01-15,2018-01-16,2018-01-17",532.0,492.29187102220817,1.0,-0.5,False
final_analog,final_analog,independent,present_shrunk20_direction_scale_cv,near->core,,,0.85,11,"2018-01-07,2018-01-08,2018-01-09,2018-01-10,2018-01-11,2018-01-12,2018-01-13,2018-01-14,2018-01-15,2018-01-16,2018-01-17",536.0,490.18719815800455,1.0,-0.5,False
final_analog,final_analog,independent,present_shrunk20_direction_scale_cv,near->core,,,0.9,11,"2018-01-07,2018-01-08,2018-01-09,2018-01-10,2018-01-11,2018-01-12,2018-01-13,2018-01-14,2018-01-15,2018-01-16,2018-01-17",512.0,490.1048294346137,1.0,-0.4166666666666667,False
final_analog,final_analog,independent,present_shrunk20_direction_scale_cv,near->core,,,0.95,11,"2018-01-07,2018-01-08,2018-01-09,2018-01-10,2018-01-11,2018-01-12,2018-01-13,2018-01-14,2018-01-15,2018-01-16,2018-01-17",502.0,492.04476485203566,0.875,-0.2916666666666667,True
final_analog,final_analog,independent,present_shrunk20_direction_scale_cv,near->core,,,1.0,11,"2018-01-07,2018-01-08,2018-01-09,2018-01-10,2018-01-11,2018-01-12,2018-01-13,2018-01-14,2018-01-15,2018-01-16,2018-01-17",508.0,496.00700441027027,0.9166666666666666,-0.25,False
final_analog,final_analog,independent,present_shrunk20_direction_scale_cv,near->core,,,1.05,11,"2018-01-07,2018-01-08,2018-01-09,2018-01-10,2018-01-11,2018-01-12,2018-01-13,2018-01-14,2018-01-15,2018-01-16,2018-01-17",504.0,501.9915481093176,0.9583333333333334,-0.20833333333333334,False
final_analog,final_analog,independent,present_shrunk20_direction_scale_cv,near->outer,,,0.7,11,"2018-01-07,2018-01-08,2018-01-09,2018-01-10,2018-01-11,2018-01-12,2018-01-13,2018-01-14,2018-01-15,2018-01-16,2018-01-17",191.0,164.8452688222631,0.3333333333333333,-0.08333333333333333,False
final_analog,final_analog,independent,present_shrunk20_direction_scale_cv,near->outer,,,0.75,11,"2018-01-07,2018-01-08,2018-01-09,2018-01-10,2018-01-11,2018-01-12,2018-01-13,2018-01-14,2018-01-15,2018-01-16,2018-01-17",191.0,165.57095519994544,0.375,-0.041666666666666664,True
final_analog,final_analog,independent,present_shrunk20_direction_scale_cv,near->outer,,,0.8,11,"2018-01-07,2018-01-08,2018-01-09,2018-01-10,2018-01-11,2018-01-12,2018-01-13,2018-01-14,2018-01-15,2018-01-16,2018-01-17",196.0,166.62344482015433,0.375,-0.041666666666666664,False
final_analog,final_analog,independent,present_shrunk20_direction_scale_cv,near->outer,,,0.85,11,"2018-01-07,2018-01-08,2018-01-09,2018-01-10,2018-01-11,2018-01-12,2018-01-13,2018-01-14,2018-01-15,2018-01-16,2018-01-17",196.0,168.00273768288983,0.375,-0.041666666666666664,False
final_analog,final_analog,independent,present_shrunk20_direction_scale_cv,near->outer,,,0.9,11,"2018-01-07,2018-01-08,2018-01-09,2018-01-10,2018-01-11,2018-01-12,2018-01-13,2018-01-14,2018-01-15,2018-01-16,2018-01-17",197.0,169.70883378815185,0.375,-0.041666666666666664,False
final_analog,final_analog,independent,present_shrunk20_direction_scale_cv,near->outer,,,0.95,11,"2018-01-07,2018-01-08,2018-01-09,2018-01-10,2018-01-11,2018-01-12,2018-01-13,2018-01-14,2018-01-15,2018-01-16,2018-01-17",208.0,171.74173313594045,0.4166666666666667,0.0,False
final_analog,final_analog,independent,present_shrunk20_direction_scale_cv,near->outer,,,1.0,11,"2018-01-07,2018-01-08,2018-01-09,2018-01-10,2018-01-11,2018-01-12,2018-01-13,2018-01-14,2018-01-15,2018-01-16,2018-01-17",209.0,174.10143572625566,0.4583333333333333,0.041666666666666664,False
final_analog,final_analog,independent,present_shrunk20_direction_scale_cv,near->outer,,,1.05,11,"2018-01-07,2018-01-08,2018-01-09,2018-01-10,2018-01-11,2018-01-12,2018-01-13,2018-01-14,2018-01-15,2018-01-16,2018-01-17",195.0,176.7879415590974,0.5,0.08333333333333333,False
final_analog,final_analog,independent,present_shrunk20_direction_scale_cv,outer->core,,,0.7,11,"2018-01-07,2018-01-08,2018-01-09,2018-01-10,2018-01-11,2018-01-12,2018-01-13,2018-01-14,2018-01-15,2018-01-16,2018-01-17",69.0,60.51498391711485,0.125,-0.125,False
final_analog,final_analog,independent,present_shrunk20_direction_scale_cv,outer->core,,,0.75,11,"2018-01-07,2018-01-08,2018-01-09,2018-01-10,2018-01-11,2018-01-12,2018-01-13,2018-01-14,2018-01-15,2018-01-16,2018-01-17",69.0,60.34230479868274,0.125,-0.125,False
final_analog,final_analog,independent,present_shrunk20_direction_scale_cv,outer->core,,,0.8,11,"2018-01-07,2018-01-08,2018-01-09,2018-01-10,2018-01-11,2018-01-12,2018-01-13,2018-01-14,2018-01-15,2018-01-16,2018-01-17",69.0,60.227411474772914,0.125,-0.125,False
final_analog,final_analog,independent,present_shrunk20_direction_scale_cv,outer->core,,,0.85,11,"2018-01-07,2018-01-08,2018-01-09,2018-01-10,2018-01-11,2018-01-12,2018-01-13,2018-01-14,2018-01-15,2018-01-16,2018-01-17",69.0,60.17030394538532,0.125,-0.125,False
final_analog,final_analog,independent,present_shrunk20_direction_scale_cv,outer->core,,,0.9,11,"2018-01-07,2018-01-08,2018-01-09,2018-01-10,2018-01-11,2018-01-12,2018-01-13,2018-01-14,2018-01-15,2018-01-16,2018-01-17",69.0,60.170982210519966,0.125,-0.125,True
final_analog,final_analog,independent,present_shrunk20_direction_scale_cv,outer->core,,,0.95,11,"2018-01-07,2018-01-08,2018-01-09,2018-01-10,2018-01-11,2018-01-12,2018-01-13,2018-01-14,2018-01-15,2018-01-16,2018-01-17",71.0,60.22944627017687,0.125,-0.125,False
final_analog,final_analog,independent,present_shrunk20_direction_scale_cv,outer->core,,,1.0,11,"2018-01-07,2018-01-08,2018-01-09,2018-01-10,2018-01-11,2018-01-12,2018-01-13,2018-01-14,2018-01-15,2018-01-16,2018-01-17",73.0,60.34569612435602,0.20833333333333334,-0.041666666666666664,False
final_analog,final_analog,independent,present_shrunk20_direction_scale_cv,outer->core,,,1.05,11,"2018-01-07,2018-01-08,2018-01-09,2018-01-10,2018-01-11,2018-01-12,2018-01-13,2018-01-14,2018-01-15,2018-01-16,2018-01-17",74.0,60.519731773057416,0.20833333333333334,-0.041666666666666664,False
final_analog,final_analog,independent,present_shrunk20_direction_scale_cv,outer->near,,,0.7,11,"2018-01-07,2018-01-08,2018-01-09,2018-01-10,2018-01-11,2018-01-12,2018-01-13,2018-01-14,2018-01-15,2018-01-16,2018-01-17",166.0,143.43111253865482,0.4583333333333333,-0.041666666666666664,False
final_analog,final_analog,independent,present_shrunk20_direction_scale_cv,outer->near,,,0.75,11,"2018-01-07,2018-01-08,2018-01-09,2018-01-10,2018-01-11,2018-01-12,2018-01-13,2018-01-14,2018-01-15,2018-01-16,2018-01-17",168.0,142.7638098991285,0.4583333333333333,-0.041666666666666664,False
final_analog,final_analog,independent,present_shrunk20_direction_scale_cv,outer->near,,,0.8,11,"2018-01-07,2018-01-08,2018-01-09,2018-01-10,2018-01-11,2018-01-12,2018-01-13,2018-01-14,2018-01-15,2018-01-16,2018-01-17",173.0,142.4510467882496,0.4166666666666667,0.0,False
final_analog,final_analog,independent,present_shrunk20_direction_scale_cv,outer->near,,,0.85,11,"2018-01-07,2018-01-08,2018-01-09,2018-01-10,2018-01-11,2018-01-12,2018-01-13,2018-01-14,2018-01-15,2018-01-16,2018-01-17",169.0,142.4928232060181,0.4166666666666667,0.0,False
final_analog,final_analog,independent,present_shrunk20_direction_scale_cv,outer->near,,,0.9,11,"2018-01-07,2018-01-08,2018-01-09,2018-01-10,2018-01-11,2018-01-12,2018-01-13,2018-01-14,2018-01-15,2018-01-16,2018-01-17",166.0,142.88913915243398,0.375,0.041666666666666664,False
final_analog,final_analog,independent,present_shrunk20_direction_scale_cv,outer->near,,,0.95,11,"2018-01-07,2018-01-08,2018-01-09,2018-01-10,2018-01-11,2018-01-12,2018-01-13,2018-01-14,2018-01-15,2018-01-16,2018-01-17",166.0,143.63999462749726,0.3333333333333333,0.08333333333333333,True
final_analog,final_analog,independent,present_shrunk20_direction_scale_cv,outer->near,,,1.0,11,"2018-01-07,2018-01-08,2018-01-09,2018-01-10,2018-01-11,2018-01-12,2018-01-13,2018-01-14,2018-01-15,2018-01-16,2018-01-17",168.0,144.74538963120796,0.3333333333333333,0.08333333333333333,False
final_analog,final_analog,independent,present_shrunk20_direction_scale_cv,outer->near,,,1.05,11,"2018-01-07,2018-01-08,2018-01-09,2018-01-10,2018-01-11,2018-01-12,2018-01-13,2018-01-14,2018-01-15,2018-01-16,2018-01-17",171.0,146.20532416356605,0.3333333333333333,0.08333333333333333,False
final_analog,final_analog,paired,present_shrunk20_direction_scale_cv,core->near,,,0.7,11,"2018-01-07,2018-01-08,2018-01-09,2018-01-10,2018-01-11,2018-01-12,2018-01-13,2018-01-14,2018-01-15,2018-01-16,2018-01-17",586.0,565.6953399284657,1.25,-0.6666666666666666,False
final_analog,final_analog,paired,present_shrunk20_direction_scale_cv,core->near,,,0.75,11,"2018-01-07,2018-01-08,2018-01-09,2018-01-10,2018-01-11,2018-01-12,2018-01-13,2018-01-14,2018-01-15,2018-01-16,2018-01-17",555.0,557.3457991630872,1.25,-0.5833333333333334,True
final_analog,final_analog,paired,present_shrunk20_direction_scale_cv,core->near,,,0.8,11,"2018-01-07,2018-01-08,2018-01-09,2018-01-10,2018-01-11,2018-01-12,2018-01-13,2018-01-14,2018-01-15,2018-01-16,2018-01-17",564.0,551.1144592487204,1.25,-0.5833333333333334,False
final_analog,final_analog,paired,present_shrunk20_direction_scale_cv,core->near,,,0.85,11,"2018-01-07,2018-01-08,2018-01-09,2018-01-10,2018-01-11,2018-01-12,2018-01-13,2018-01-14,2018-01-15,2018-01-16,2018-01-17",575.0,547.0013201853653,1.25,-0.5833333333333334,False
final_analog,final_analog,paired,present_shrunk20_direction_scale_cv,core->near,,,0.9,11,"2018-01-07,2018-01-08,2018-01-09,2018-01-10,2018-01-11,2018-01-12,2018-01-13,2018-01-14,2018-01-15,2018-01-16,2018-01-17",571.0,545.0063819730221,1.25,-0.5,False
final_analog,final_analog,paired,present_shrunk20_direction_scale_cv,core->near,,,0.95,11,"2018-01-07,2018-01-08,2018-01-09,2018-01-10,2018-01-11,2018-01-12,2018-01-13,2018-01-14,2018-01-15,2018-01-16,2018-01-17",564.0,545.1296446116905,1.2083333333333333,-0.4583333333333333,False
final_analog,final_analog,paired,present_shrunk20_direction_scale_cv,core->near,,,1.0,11,"2018-01-07,2018-01-08,2018-01-09,2018-01-10,2018-01-11,2018-01-12,2018-01-13,2018-01-14,2018-01-15,2018-01-16,2018-01-17",560.0,547.3711081013709,1.1666666666666667,-0.4166666666666667,False
final_analog,final_analog,paired,present_shrunk20_direction_scale_cv,core->near,,,1.05,11,"2018-01-07,2018-01-08,2018-01-09,2018-01-10,2018-01-11,2018-01-12,2018-01-13,2018-01-14,2018-01-15,2018-01-16,2018-01-17",578.0,551.7307724420626,1.25,-0.3333333333333333,False
final_analog,final_analog,paired,present_shrunk20_direction_scale_cv,core->outer,,,0.7,11,"2018-01-07,2018-01-08,2018-01-09,2018-01-10,2018-01-11,2018-01-12,2018-01-13,2018-01-14,2018-01-15,2018-01-16,2018-01-17",82.0,75.39920906034345,0.16666666666666666,0.0,False
final_analog,final_analog,paired,present_shrunk20_direction_scale_cv,core->outer,,,0.75,11,"2018-01-07,2018-01-08,2018-01-09,2018-01-10,2018-01-11,2018-01-12,2018-01-13,2018-01-14,2018-01-15,2018-01-16,2018-01-17",82.0,74.92098902028238,0.16666666666666666,0.0,False
final_analog,final_analog,paired,present_shrunk20_direction_scale_cv,core->outer,,,0.8,11,"2018-01-07,2018-01-08,2018-01-09,2018-01-10,2018-01-11,2018-01-12,2018-01-13,2018-01-14,2018-01-15,2018-01-16,2018-01-17",85.0,74.55615669811465,0.16666666666666666,0.0,False
final_analog,final_analog,paired,present_shrunk20_direction_scale_cv,core->outer,,,0.85,11,"2018-01-07,2018-01-08,2018-01-09,2018-01-10,2018-01-11,2018-01-12,2018-01-13,2018-01-14,2018-01-15,2018-01-16,2018-01-17",86.0,74.30471209384028,0.16666666666666666,0.0,False
final_analog,final_analog,paired,present_shrunk20_direction_scale_cv,core->outer,,,0.9,11,"2018-01-07,2018-01-08,2018-01-09,2018-01-10,2018-01-11,2018-01-12,2018-01-13,2018-01-14,2018-01-15,2018-01-16,2018-01-17",81.0,74.16665520745924,0.16666666666666666,0.0,False
final_analog,final_analog,paired,present_shrunk20_direction_scale_cv,core->outer,,,0.95,11,"2018-01-07,2018-01-08,2018-01-09,2018-01-10,2018-01-11,2018-01-12,2018-01-13,2018-01-14,2018-01-15,2018-01-16,2018-01-17",81.0,74.14198603897158,0.16666666666666666,0.0,True
final_analog,final_analog,paired,present_shrunk20_direction_scale_cv,core->outer,,,1.0,11,"2018-01-07,2018-01-08,2018-01-09,2018-01-10,2018-01-11,2018-01-12,2018-01-13,2018-01-14,2018-01-15,2018-01-16,2018-01-17",84.0,74.23070458837725,0.20833333333333334,0.041666666666666664,False
final_analog,final_analog,paired,present_shrunk20_direction_scale_cv,core->outer,,,1.05,11,"2018-01-07,2018-01-08,2018-01-09,2018-01-10,2018-01-11,2018-01-12,2018-01-13,2018-01-14,2018-01-15,2018-01-16,2018-01-17",85.0,74.43281085567628,0.20833333333333334,0.041666666666666664,False
final_analog,final_analog,paired,present_shrunk20_direction_scale_cv,near->core,,,0.7,11,"2018-01-07,2018-01-08,2018-01-09,2018-01-10,2018-01-11,2018-01-12,2018-01-13,2018-01-14,2018-01-15,2018-01-16,2018-01-17",539.0,502.56812917305353,1.0416666666666667,-0.5416666666666666,False
final_analog,final_analog,paired,present_shrunk20_direction_scale_cv,near->core,,,0.75,11,"2018-01-07,2018-01-08,2018-01-09,2018-01-10,2018-01-11,2018-01-12,2018-01-13,2018-01-14,2018-01-15,2018-01-16,2018-01-17",528.0,496.41884802722444,0.9583333333333334,-0.4583333333333333,False
final_analog,final_analog,paired,present_shrunk20_direction_scale_cv,near->core,,,0.8,11,"2018-01-07,2018-01-08,2018-01-09,2018-01-10,2018-01-11,2018-01-12,2018-01-13,2018-01-14,2018-01-15,2018-01-16,2018-01-17",523.0,492.29187102220817,0.875,-0.375,False
final_analog,final_analog,paired,present_shrunk20_direction_scale_cv,near->core,,,0.85,11,"2018-01-07,2018-01-08,2018-01-09,2018-01-10,2018-01-11,2018-01-12,2018-01-13,2018-01-14,2018-01-15,2018-01-16,2018-01-17",499.0,490.18719815800455,0.875,-0.375,True
final_analog,final_analog,paired,present_shrunk20_direction_scale_cv,near->core,,,0.9,11,"2018-01-07,2018-01-08,2018-01-09,2018-01-10,2018-01-11,2018-01-12,2018-01-13,2018-01-14,2018-01-15,2018-01-16,2018-01-17",510.0,490.1048294346137,0.9166666666666666,-0.3333333333333333,False
final_analog,final_analog,paired,present_shrunk20_direction_scale_cv,near->core,,,0.95,11,"2018-01-07,2018-01-08,2018-01-09,2018-01-10,2018-01-11,2018-01-12,2018-01-13,2018-01-14,2018-01-15,2018-01-16,2018-01-17",514.0,492.04476485203566,1.0416666666666667,-0.20833333333333334,False
final_analog,final_analog,paired,present_shrunk20_direction_scale_cv,near->core,,,1.0,11,"2018-01-07,2018-01-08,2018-01-09,2018-01-10,2018-01-11,2018-01-12,2018-01-13,2018-01-14,2018-01-15,2018-01-16,2018-01-17",521.0,496.00700441027027,1.0,-0.16666666666666666,False
final_analog,final_analog,paired,present_shrunk20_direction_scale_cv,near->core,,,1.05,11,"2018-01-07,2018-01-08,2018-01-09,2018-01-10,2018-01-11,2018-01-12,2018-01-13,2018-01-14,2018-01-15,2018-01-16,2018-01-17",526.0,501.9915481093176,1.0,-0.08333333333333333,False
final_analog,final_analog,paired,present_shrunk20_direction_scale_cv,near->outer,,,0.7,11,"2018-01-07,2018-01-08,2018-01-09,2018-01-10,2018-01-11,2018-01-12,2018-01-13,2018-01-14,2018-01-15,2018-01-16,2018-01-17",202.0,164.8452688222631,0.3333333333333333,-0.08333333333333333,True
final_analog,final_analog,paired,present_shrunk20_direction_scale_cv,near->outer,,,0.75,11,"2018-01-07,2018-01-08,2018-01-09,2018-01-10,2018-01-11,2018-01-12,2018-01-13,2018-01-14,2018-01-15,2018-01-16,2018-01-17",208.0,165.57095519994544,0.375,-0.041666666666666664,False
final_analog,final_analog,paired,present_shrunk20_direction_scale_cv,near->outer,,,0.8,11,"2018-01-07,2018-01-08,2018-01-09,2018-01-10,2018-01-11,2018-01-12,2018-01-13,2018-01-14,2018-01-15,2018-01-16,2018-01-17",207.0,166.62344482015433,0.4166666666666667,0.0,False
final_analog,final_analog,paired,present_shrunk20_direction_scale_cv,near->outer,,,0.85,11,"2018-01-07,2018-01-08,2018-01-09,2018-01-10,2018-01-11,2018-01-12,2018-01-13,2018-01-14,2018-01-15,2018-01-16,2018-01-17",214.0,168.00273768288983,0.4583333333333333,0.041666666666666664,False
final_analog,final_analog,paired,present_shrunk20_direction_scale_cv,near->outer,,,0.9,11,"2018-01-07,2018-01-08,2018-01-09,2018-01-10,2018-01-11,2018-01-12,2018-01-13,2018-01-14,2018-01-15,2018-01-16,2018-01-17",214.0,169.70883378815185,0.4583333333333333,0.041666666666666664,False
final_analog,final_analog,paired,present_shrunk20_direction_scale_cv,near->outer,,,0.95,11,"2018-01-07,2018-01-08,2018-01-09,2018-01-10,2018-01-11,2018-01-12,2018-01-13,2018-01-14,2018-01-15,2018-01-16,2018-01-17",207.0,171.74173313594045,0.4583333333333333,0.041666666666666664,False
final_analog,final_analog,paired,present_shrunk20_direction_scale_cv,near->outer,,,1.0,11,"2018-01-07,2018-01-08,2018-01-09,2018-01-10,2018-01-11,2018-01-12,2018-01-13,2018-01-14,2018-01-15,2018-01-16,2018-01-17",208.0,174.10143572625566,0.4583333333333333,0.041666666666666664,False
final_analog,final_analog,paired,present_shrunk20_direction_scale_cv,near->outer,,,1.05,11,"2018-01-07,2018-01-08,2018-01-09,2018-01-10,2018-01-11,2018-01-12,2018-01-13,2018-01-14,2018-01-15,2018-01-16,2018-01-17",212.0,176.7879415590974,0.4166666666666667,0.08333333333333333,False
final_analog,final_analog,paired,present_shrunk20_direction_scale_cv,outer->core,,,0.7,11,"2018-01-07,2018-01-08,2018-01-09,2018-01-10,2018-01-11,2018-01-12,2018-01-13,2018-01-14,2018-01-15,2018-01-16,2018-01-17",69.0,60.51498391711485,0.125,-0.125,False
final_analog,final_analog,paired,present_shrunk20_direction_scale_cv,outer->core,,,0.75,11,"2018-01-07,2018-01-08,2018-01-09,2018-01-10,2018-01-11,2018-01-12,2018-01-13,2018-01-14,2018-01-15,2018-01-16,2018-01-17",69.0,60.34230479868274,0.125,-0.125,False
final_analog,final_analog,paired,present_shrunk20_direction_scale_cv,outer->core,,,0.8,11,"2018-01-07,2018-01-08,2018-01-09,2018-01-10,2018-01-11,2018-01-12,2018-01-13,2018-01-14,2018-01-15,2018-01-16,2018-01-17",69.0,60.227411474772914,0.125,-0.125,True
final_analog,final_analog,paired,present_shrunk20_direction_scale_cv,outer->core,,,0.85,11,"2018-01-07,2018-01-08,2018-01-09,2018-01-10,2018-01-11,2018-01-12,2018-01-13,2018-01-14,2018-01-15,2018-01-16,2018-01-17",75.0,60.17030394538532,0.16666666666666666,-0.08333333333333333,False
final_analog,final_analog,paired,present_shrunk20_direction_scale_cv,outer->core,,,0.9,11,"2018-01-07,2018-01-08,2018-01-09,2018-01-10,2018-01-11,2018-01-12,2018-01-13,2018-01-14,2018-01-15,2018-01-16,2018-01-17",77.0,60.170982210519966,0.16666666666666666,-0.08333333333333333,False
final_analog,final_analog,paired,present_shrunk20_direction_scale_cv,outer->core,,,0.95,11,"2018-01-07,2018-01-08,2018-01-09,2018-01-10,2018-01-11,2018-01-12,2018-01-13,2018-01-14,2018-01-15,2018-01-16,2018-01-17",76.0,60.22944627017687,0.16666666666666666,-0.08333333333333333,False
final_analog,final_analog,paired,present_shrunk20_direction_scale_cv,outer->core,,,1.0,11,"2018-01-07,2018-01-08,2018-01-09,2018-01-10,2018-01-11,2018-01-12,2018-01-13,2018-01-14,2018-01-15,2018-01-16,2018-01-17",76.0,60.34569612435602,0.16666666666666666,-0.08333333333333333,False
final_analog,final_analog,paired,present_shrunk20_direction_scale_cv,outer->core,,,1.05,11,"2018-01-07,2018-01-08,2018-01-09,2018-01-10,2018-01-11,2018-01-12,2018-01-13,2018-01-14,2018-01-15,2018-01-16,2018-01-17",77.0,60.519731773057416,0.16666666666666666,-0.08333333333333333,False
final_analog,final_analog,paired,present_shrunk20_direction_scale_cv,outer->near,,,0.7,11,"2018-01-07,2018-01-08,2018-01-09,2018-01-10,2018-01-11,2018-01-12,2018-01-13,2018-01-14,2018-01-15,2018-01-16,2018-01-17",171.0,143.43111253865482,0.375,-0.041666666666666664,True
final_analog,final_analog,paired,present_shrunk20_direction_scale_cv,outer->near,,,0.75,11,"2018-01-07,2018-01-08,2018-01-09,2018-01-10,2018-01-11,2018-01-12,2018-01-13,2018-01-14,2018-01-15,2018-01-16,2018-01-17",182.0,142.7638098991285,0.375,0.041666666666666664,False
final_analog,final_analog,paired,present_shrunk20_direction_scale_cv,outer->near,,,0.8,11,"2018-01-07,2018-01-08,2018-01-09,2018-01-10,2018-01-11,2018-01-12,2018-01-13,2018-01-14,2018-01-15,2018-01-16,2018-01-17",177.0,142.4510467882496,0.375,0.125,False
final_analog,final_analog,paired,present_shrunk20_direction_scale_cv,outer->near,,,0.85,11,"2018-01-07,2018-01-08,2018-01-09,2018-01-10,2018-01-11,2018-01-12,2018-01-13,2018-01-14,2018-01-15,2018-01-16,2018-01-17",180.0,142.4928232060181,0.375,0.125,False
final_analog,final_analog,paired,present_shrunk20_direction_scale_cv,outer->near,,,0.9,11,"2018-01-07,2018-01-08,2018-01-09,2018-01-10,2018-01-11,2018-01-12,2018-01-13,2018-01-14,2018-01-15,2018-01-16,2018-01-17",185.0,142.88913915243398,0.4166666666666667,0.16666666666666666,False
final_analog,final_analog,paired,present_shrunk20_direction_scale_cv,outer->near,,,0.95,11,"2018-01-07,2018-01-08,2018-01-09,2018-01-10,2018-01-11,2018-01-12,2018-01-13,2018-01-14,2018-01-15,2018-01-16,2018-01-17",184.0,143.63999462749726,0.5,0.25,False
final_analog,final_analog,paired,present_shrunk20_direction_scale_cv,outer->near,,,1.0,11,"2018-01-07,2018-01-08,2018-01-09,2018-01-10,2018-01-11,2018-01-12,2018-01-13,2018-01-14,2018-01-15,2018-01-16,2018-01-17",178.0,144.74538963120796,0.5,0.25,False
final_analog,final_analog,paired,present_shrunk20_direction_scale_cv,outer->near,,,1.05,11,"2018-01-07,2018-01-08,2018-01-09,2018-01-10,2018-01-11,2018-01-12,2018-01-13,2018-01-14,2018-01-15,2018-01-16,2018-01-17",185.0,146.20532416356605,0.5,0.25,False
