date,hour,hour_of_day,dayofweek,day_type,audit_quality_regime,period,pair,y_ab,y_ba,X,r,F,T_daily,p
2018-01-01,2018-01-01 00:00:00,0,0,weekday,normal,pre_outage,core_near,0,0,0,,0,58,0.0
2018-01-01,2018-01-01 01:00:00,1,0,weekday,normal,pre_outage,core_near,0,0,0,,0,58,0.0
2018-01-01,2018-01-01 02:00:00,2,0,weekday,normal,pre_outage,core_near,1,2,3,0.3333333333333333,-1,58,0.05172413793103448
2018-01-01,2018-01-01 03:00:00,3,0,weekday,normal,pre_outage,core_near,2,0,2,1.0,2,58,0.034482758620689655
2018-01-01,2018-01-01 04:00:00,4,0,weekday,normal,pre_outage,core_near,0,2,2,0.0,-2,58,0.034482758620689655
2018-01-01,2018-01-01 05:00:00,5,0,weekday,normal,pre_outage,core_near,0,0,0,,0,58,0.0
2018-01-01,2018-01-01 06:00:00,6,0,weekday,normal,pre_outage,core_near,9,0,9,1.0,9,58,0.15517241379310345
2018-01-01,2018-01-01 07:00:00,7,0,weekday,normal,pre_outage,core_near,0,8,8,0.0,-8,58,0.13793103448275862
2018-01-01,2018-01-01 08:00:00,8,0,weekday,normal,pre_outage,core_near,1,1,2,0.5,0,58,0.034482758620689655
2018-01-01,2018-01-01 09:00:00,9,0,weekday,normal,pre_outage,core_near,0,0,0,,0,58,0.0
2018-01-01,2018-01-01 10:00:00,10,0,weekday,normal,pre_outage,core_near,2,1,3,0.6666666666666666,1,58,0.05172413793103448
2018-01-01,2018-01-01 11:00:00,11,0,weekday,normal,pre_outage,core_near,0,2,2,0.0,-2,58,0.034482758620689655
2018-01-01,2018-01-01 12:00:00,12,0,weekday,normal,pre_outage,core_near,0,0,0,,0,58,0.0
2018-01-01,2018-01-01 13:00:00,13,0,weekday,normal,pre_outage,core_near,0,1,1,0.0,-1,58,0.017241379310344827
2018-01-01,2018-01-01 14:00:00,14,0,weekday,normal,pre_outage,core_near,4,1,5,0.8,3,58,0.08620689655172414
2018-01-01,2018-01-01 15:00:00,15,0,weekday,normal,pre_outage,core_near,0,1,1,0.0,-1,58,0.017241379310344827
2018-01-01,2018-01-01 16:00:00,16,0,weekday,normal,pre_outage,core_near,1,1,2,0.5,0,58,0.034482758620689655
2018-01-01,2018-01-01 17:00:00,17,0,weekday,normal,pre_outage,core_near,1,0,1,1.0,1,58,0.017241379310344827
2018-01-01,2018-01-01 18:00:00,18,0,weekday,normal,pre_outage,core_near,6,1,7,0.8571428571428571,5,58,0.1206896551724138
2018-01-01,2018-01-01 19:00:00,19,0,weekday,normal,pre_outage,core_near,0,4,4,0.0,-4,58,0.06896551724137931
2018-01-01,2018-01-01 20:00:00,20,0,weekday,normal,pre_outage,core_near,0,4,4,0.0,-4,58,0.06896551724137931
2018-01-01,2018-01-01 21:00:00,21,0,weekday,normal,pre_outage,core_near,0,1,1,0.0,-1,58,0.017241379310344827
2018-01-01,2018-01-01 22:00:00,22,0,weekday,normal,pre_outage,core_near,1,0,1,1.0,1,58,0.017241379310344827
2018-01-01,2018-01-01 23:00:00,23,0,weekday,normal,pre_outage,core_near,0,0,0,,0,58,0.0
2018-01-02,2018-01-02 00:00:00,0,1,weekday,normal,pre_outage,core_near,0,0,0,,0,46,0.0
2018-01-02,2018-01-02 01:00:00,1,1,weekday,normal,pre_outage,core_near,0,0,0,,0,46,0.0
2018-01-02,2018-01-02 02:00:00,2,1,weekday,normal,pre_outage,core_near,1,0,1,1.0,1,46,0.021739130434782608
2018-01-02,2018-01-02 03:00:00,3,1,weekday,normal,pre_outage,core_near,2,0,2,1.0,2,46,0.043478260869565216
2018-01-02,2018-01-02 04:00:00,4,1,weekday,normal,pre_outage,core_near,0,2,2,0.0,-2,46,0.043478260869565216
2018-01-02,2018-01-02 05:00:00,5,1,weekday,normal,pre_outage,core_near,2,0,2,1.0,2,46,0.043478260869565216
2018-01-02,2018-01-02 06:00:00,6,1,weekday,normal,pre_outage,core_near,2,2,4,0.5,0,46,0.08695652173913043
2018-01-02,2018-01-02 07:00:00,7,1,weekday,normal,pre_outage,core_near,1,1,2,0.5,0,46,0.043478260869565216
2018-01-02,2018-01-02 08:00:00,8,1,weekday,normal,pre_outage,core_near,0,0,0,,0,46,0.0
2018-01-02,2018-01-02 09:00:00,9,1,weekday,normal,pre_outage,core_near,0,1,1,0.0,-1,46,0.021739130434782608
2018-01-02,2018-01-02 10:00:00,10,1,weekday,normal,pre_outage,core_near,2,0,2,1.0,2,46,0.043478260869565216
2018-01-02,2018-01-02 11:00:00,11,1,weekday,normal,pre_outage,core_near,0,1,1,0.0,-1,46,0.021739130434782608
2018-01-02,2018-01-02 12:00:00,12,1,weekday,normal,pre_outage,core_near,0,0,0,,0,46,0.0
2018-01-02,2018-01-02 13:00:00,13,1,weekday,normal,pre_outage,core_near,0,1,1,0.0,-1,46,0.021739130434782608
2018-01-02,2018-01-02 14:00:00,14,1,weekday,normal,pre_outage,core_near,3,1,4,0.75,2,46,0.08695652173913043
2018-01-02,2018-01-02 15:00:00,15,1,weekday,normal,pre_outage,core_near,2,2,4,0.5,0,46,0.08695652173913043
2018-01-02,2018-01-02 16:00:00,16,1,weekday,normal,pre_outage,core_near,0,3,3,0.0,-3,46,0.06521739130434782
2018-01-02,2018-01-02 17:00:00,17,1,weekday,normal,pre_outage,core_near,1,2,3,0.3333333333333333,-1,46,0.06521739130434782
2018-01-02,2018-01-02 18:00:00,18,1,weekday,normal,pre_outage,core_near,5,3,8,0.625,2,46,0.17391304347826086
2018-01-02,2018-01-02 19:00:00,19,1,weekday,normal,pre_outage,core_near,0,3,3,0.0,-3,46,0.06521739130434782
2018-01-02,2018-01-02 20:00:00,20,1,weekday,normal,pre_outage,core_near,0,0,0,,0,46,0.0
2018-01-02,2018-01-02 21:00:00,21,1,weekday,normal,pre_outage,core_near,0,2,2,0.0,-2,46,0.043478260869565216
2018-01-02,2018-01-02 22:00:00,22,1,weekday,normal,pre_outage,core_near,1,0,1,1.0,1,46,0.021739130434782608
2018-01-02,2018-01-02 23:00:00,23,1,weekday,normal,pre_outage,core_near,0,0,0,,0,46,0.0
2018-01-03,2018-01-03 00:00:00,0,2,weekday,normal,pre_outage,core_near,0,0,0,,0,66,0.0
2018-01-03,2018-01-03 01:00:00,1,2,weekday,normal,pre_outage,core_near,2,0,2,1.0,2,66,0.030303030303030304
2018-01-03,2018-01-03 02:00:00,2,2,weekday,normal,pre_outage,core_near,3,2,5,0.6,1,66,0.07575757575757576
2018-01-03,2018-01-03 03:00:00,3,2,weekday,normal,pre_outage,core_near,0,2,2,0.0,-2,66,0.030303030303030304
2018-01-03,2018-01-03 04:00:00,4,2,weekday,normal,pre_outage,core_near,0,0,0,,0,66,0.0
2018-01-03,2018-01-03 05:00:00,5,2,weekday,normal,pre_outage,core_near,0,0,0,,0,66,0.0
2018-01-03,2018-01-03 06:00:00,6,2,weekday,normal,pre_outage,core_near,5,1,6,0.8333333333333334,4,66,0.09090909090909091
2018-01-03,2018-01-03 07:00:00,7,2,weekday,normal,pre_outage,core_near,2,1,3,0.6666666666666666,1,66,0.045454545454545456
2018-01-03,2018-01-03 08:00:00,8,2,weekday,normal,pre_outage,core_near,1,4,5,0.2,-3,66,0.07575757575757576
2018-01-03,2018-01-03 09:00:00,9,2,weekday,normal,pre_outage,core_near,2,0,2,1.0,2,66,0.030303030303030304
2018-01-03,2018-01-03 10:00:00,10,2,weekday,normal,pre_outage,core_near,2,0,2,1.0,2,66,0.030303030303030304
2018-01-03,2018-01-03 11:00:00,11,2,weekday,normal,pre_outage,core_near,1,0,1,1.0,1,66,0.015151515151515152
2018-01-03,2018-01-03 12:00:00,12,2,weekday,normal,pre_outage,core_near,1,0,1,1.0,1,66,0.015151515151515152
2018-01-03,2018-01-03 13:00:00,13,2,weekday,normal,pre_outage,core_near,1,2,3,0.3333333333333333,-1,66,0.045454545454545456
2018-01-03,2018-01-03 14:00:00,14,2,weekday,normal,pre_outage,core_near,1,2,3,0.3333333333333333,-1,66,0.045454545454545456
2018-01-03,2018-01-03 15:00:00,15,2,weekday,normal,pre_outage,core_near,2,3,5,0.4,-1,66,0.07575757575757576
2018-01-03,2018-01-03 16:00:00,16,2,weekday,normal,pre_outage,core_near,1,3,4,0.25,-2,66,0.06060606060606061
2018-01-03,2018-01-03 17:00:00,17,2,weekday,normal,pre_outage,core_near,0,0,0,,0,66,0.0
2018-01-03,2018-01-03 18:00:00,18,2,weekday,normal,pre_outage,core_near,4,0,4,1.0,4,66,0.06060606060606061
2018-01-03,2018-01-03 19:00:00,19,2,weekday,normal,pre_outage,core_near,0,4,4,0.0,-4,66,0.06060606060606061
2018-01-03,2018-01-03 20:00:00,20,2,weekday,normal,pre_outage,core_near,0,1,1,0.0,-1,66,0.015151515151515152
2018-01-03,2018-01-03 21:00:00,21,2,weekday,normal,pre_outage,core_near,0,2,2,0.0,-2,66,0.030303030303030304
2018-01-03,2018-01-03 22:00:00,22,2,weekday,normal,pre_outage,core_near,6,1,7,0.8571428571428571,5,66,0.10606060606060606
2018-01-03,2018-01-03 23:00:00,23,2,weekday,normal,pre_outage,core_near,0,4,4,0.0,-4,66,0.06060606060606061
2018-01-04,2018-01-04 00:00:00,0,3,weekday,normal,pre_outage,core_near,0,0,0,,0,54,0.0
2018-01-04,2018-01-04 01:00:00,1,3,weekday,normal,pre_outage,core_near,0,0,0,,0,54,0.0
2018-01-04,2018-01-04 02:00:00,2,3,weekday,normal,pre_outage,core_near,2,1,3,0.6666666666666666,1,54,0.05555555555555555
2018-01-04,2018-01-04 03:00:00,3,3,weekday,normal,pre_outage,core_near,2,0,2,1.0,2,54,0.037037037037037035
2018-01-04,2018-01-04 04:00:00,4,3,weekday,normal,pre_outage,core_near,0,0,0,,0,54,0.0
2018-01-04,2018-01-04 05:00:00,5,3,weekday,normal,pre_outage,core_near,0,5,5,0.0,-5,54,0.09259259259259259
2018-01-04,2018-01-04 06:00:00,6,3,weekday,normal,pre_outage,core_near,2,0,2,1.0,2,54,0.037037037037037035
2018-01-04,2018-01-04 07:00:00,7,3,weekday,normal,pre_outage,core_near,2,2,4,0.5,0,54,0.07407407407407407
2018-01-04,2018-01-04 08:00:00,8,3,weekday,normal,pre_outage,core_near,1,1,2,0.5,0,54,0.037037037037037035
2018-01-04,2018-01-04 09:00:00,9,3,weekday,normal,pre_outage,core_near,2,0,2,1.0,2,54,0.037037037037037035
2018-01-04,2018-01-04 10:00:00,10,3,weekday,normal,pre_outage,core_near,2,2,4,0.5,0,54,0.07407407407407407
2018-01-04,2018-01-04 11:00:00,11,3,weekday,normal,pre_outage,core_near,0,6,6,0.0,-6,54,0.1111111111111111
2018-01-04,2018-01-04 12:00:00,12,3,weekday,normal,pre_outage,core_near,0,0,0,,0,54,0.0
2018-01-04,2018-01-04 13:00:00,13,3,weekday,normal,pre_outage,core_near,3,0,3,1.0,3,54,0.05555555555555555
2018-01-04,2018-01-04 14:00:00,14,3,weekday,normal,pre_outage,core_near,1,3,4,0.25,-2,54,0.07407407407407407
2018-01-04,2018-01-04 15:00:00,15,3,weekday,normal,pre_outage,core_near,2,1,3,0.6666666666666666,1,54,0.05555555555555555
2018-01-04,2018-01-04 16:00:00,16,3,weekday,normal,pre_outage,core_near,0,2,2,0.0,-2,54,0.037037037037037035
2018-01-04,2018-01-04 17:00:00,17,3,weekday,normal,pre_outage,core_near,1,0,1,1.0,1,54,0.018518518518518517
2018-01-04,2018-01-04 18:00:00,18,3,weekday,normal,pre_outage,core_near,2,1,3,0.6666666666666666,1,54,0.05555555555555555
2018-01-04,2018-01-04 19:00:00,19,3,weekday,normal,pre_outage,core_near,0,2,2,0.0,-2,54,0.037037037037037035
2018-01-04,2018-01-04 20:00:00,20,3,weekday,normal,pre_outage,core_near,0,0,0,,0,54,0.0
2018-01-04,2018-01-04 21:00:00,21,3,weekday,normal,pre_outage,core_near,0,0,0,,0,54,0.0
2018-01-04,2018-01-04 22:00:00,22,3,weekday,normal,pre_outage,core_near,2,0,2,1.0,2,54,0.037037037037037035
2018-01-04,2018-01-04 23:00:00,23,3,weekday,normal,pre_outage,core_near,2,2,4,0.5,0,54,0.07407407407407407
2018-01-05,2018-01-05 00:00:00,0,4,weekday,normal,pre_outage,core_near,0,2,2,0.0,-2,52,0.038461538461538464
2018-01-05,2018-01-05 01:00:00,1,4,weekday,normal,pre_outage,core_near,0,0,0,,0,52,0.0
2018-01-05,2018-01-05 02:00:00,2,4,weekday,normal,pre_outage,core_near,0,1,1,0.0,-1,52,0.019230769230769232
2018-01-05,2018-01-05 03:00:00,3,4,weekday,normal,pre_outage,core_near,0,0,0,,0,52,0.0
2018-01-05,2018-01-05 04:00:00,4,4,weekday,normal,pre_outage,core_near,0,0,0,,0,52,0.0
2018-01-05,2018-01-05 05:00:00,5,4,weekday,normal,pre_outage,core_near,1,0,1,1.0,1,52,0.019230769230769232
2018-01-05,2018-01-05 06:00:00,6,4,weekday,normal,pre_outage,core_near,2,0,2,1.0,2,52,0.038461538461538464
2018-01-05,2018-01-05 07:00:00,7,4,weekday,normal,pre_outage,core_near,2,2,4,0.5,0,52,0.07692307692307693
2018-01-05,2018-01-05 08:00:00,8,4,weekday,normal,pre_outage,core_near,0,3,3,0.0,-3,52,0.057692307692307696
2018-01-05,2018-01-05 09:00:00,9,4,weekday,normal,pre_outage,core_near,1,2,3,0.3333333333333333,-1,52,0.057692307692307696
2018-01-05,2018-01-05 10:00:00,10,4,weekday,normal,pre_outage,core_near,6,0,6,1.0,6,52,0.11538461538461539
2018-01-05,2018-01-05 11:00:00,11,4,weekday,normal,pre_outage,core_near,0,4,4,0.0,-4,52,0.07692307692307693
2018-01-05,2018-01-05 12:00:00,12,4,weekday,normal,pre_outage,core_near,1,1,2,0.5,0,52,0.038461538461538464
2018-01-05,2018-01-05 13:00:00,13,4,weekday,normal,pre_outage,core_near,2,2,4,0.5,0,52,0.07692307692307693
2018-01-05,2018-01-05 14:00:00,14,4,weekday,normal,pre_outage,core_near,1,1,2,0.5,0,52,0.038461538461538464
2018-01-05,2018-01-05 15:00:00,15,4,weekday,normal,pre_outage,core_near,2,2,4,0.5,0,52,0.07692307692307693
2018-01-05,2018-01-05 16:00:00,16,4,weekday,normal,pre_outage,core_near,0,1,1,0.0,-1,52,0.019230769230769232
2018-01-05,2018-01-05 17:00:00,17,4,weekday,normal,pre_outage,core_near,2,0,2,1.0,2,52,0.038461538461538464
2018-01-05,2018-01-05 18:00:00,18,4,weekday,normal,pre_outage,core_near,4,3,7,0.5714285714285714,1,52,0.1346153846153846
2018-01-05,2018-01-05 19:00:00,19,4,weekday,normal,pre_outage,core_near,0,3,3,0.0,-3,52,0.057692307692307696
2018-01-05,2018-01-05 20:00:00,20,4,weekday,normal,pre_outage,core_near,0,0,0,,0,52,0.0
2018-01-05,2018-01-05 21:00:00,21,4,weekday,normal,pre_outage,core_near,0,0,0,,0,52,0.0
2018-01-05,2018-01-05 22:00:00,22,4,weekday,normal,pre_outage,core_near,0,1,1,0.0,-1,52,0.019230769230769232
2018-01-05,2018-01-05 23:00:00,23,4,weekday,normal,pre_outage,core_near,0,0,0,,0,52,0.0
2018-01-06,2018-01-06 00:00:00,0,5,weekend,normal,pre_outage,core_near,0,0,0,,0,31,0.0
2018-01-06,2018-01-06 01:00:00,1,5,weekend,normal,pre_outage,core_near,0,0,0,,0,31,0.0
2018-01-06,2018-01-06 02:00:00,2,5,weekend,normal,pre_outage,core_near,1,0,1,1.0,1,31,0.03225806451612903
2018-01-06,2018-01-06 03:00:00,3,5,weekend,normal,pre_outage,core_near,0,1,1,0.0,-1,31,0.03225806451612903
2018-01-06,2018-01-06 04:00:00,4,5,weekend,normal,pre_outage,core_near,0,0,0,,0,31,0.0
2018-01-06,2018-01-06 05:00:00,5,5,weekend,normal,pre_outage,core_near,0,0,0,,0,31,0.0
2018-01-06,2018-01-06 06:00:00,6,5,weekend,normal,pre_outage,core_near,4,0,4,1.0,4,31,0.12903225806451613
2018-01-06,2018-01-06 07:00:00,7,5,weekend,normal,pre_outage,core_near,1,4,5,0.2,-3,31,0.16129032258064516
2018-01-06,2018-01-06 08:00:00,8,5,weekend,normal,pre_outage,core_near,2,0,2,1.0,2,31,0.06451612903225806
2018-01-06,2018-01-06 09:00:00,9,5,weekend,normal,pre_outage,core_near,2,2,4,0.5,0,31,0.12903225806451613
2018-01-06,2018-01-06 10:00:00,10,5,weekend,normal,pre_outage,core_near,2,0,2,1.0,2,31,0.06451612903225806
2018-01-06,2018-01-06 11:00:00,11,5,weekend,normal,pre_outage,core_near,0,0,0,,0,31,0.0
2018-01-06,2018-01-06 12:00:00,12,5,weekend,normal,pre_outage,core_near,0,2,2,0.0,-2,31,0.06451612903225806
2018-01-06,2018-01-06 13:00:00,13,5,weekend,normal,pre_outage,core_near,0,0,0,,0,31,0.0
2018-01-06,2018-01-06 14:00:00,14,5,weekend,normal,pre_outage,core_near,1,0,1,1.0,1,31,0.03225806451612903
2018-01-06,2018-01-06 15:00:00,15,5,weekend,normal,pre_outage,core_near,0,2,2,0.0,-2,31,0.06451612903225806
2018-01-06,2018-01-06 16:00:00,16,5,weekend,normal,pre_outage,core_near,0,1,1,0.0,-1,31,0.03225806451612903
2018-01-06,2018-01-06 17:00:00,17,5,weekend,normal,pre_outage,core_near,1,0,1,1.0,1,31,0.03225806451612903
2018-01-06,2018-01-06 18:00:00,18,5,weekend,normal,pre_outage,core_near,0,0,0,,0,31,0.0
2018-01-06,2018-01-06 19:00:00,19,5,weekend,normal,pre_outage,core_near,0,1,1,0.0,-1,31,0.03225806451612903
2018-01-06,2018-01-06 20:00:00,20,5,weekend,normal,pre_outage,core_near,0,1,1,0.0,-1,31,0.03225806451612903
2018-01-06,2018-01-06 21:00:00,21,5,weekend,normal,pre_outage,core_near,0,0,0,,0,31,0.0
2018-01-06,2018-01-06 22:00:00,22,5,weekend,normal,pre_outage,core_near,2,0,2,1.0,2,31,0.06451612903225806
2018-01-06,2018-01-06 23:00:00,23,5,weekend,normal,pre_outage,core_near,0,1,1,0.0,-1,31,0.03225806451612903
2018-01-07,2018-01-07 00:00:00,0,6,weekend,normal,pre_outage,core_near,0,0,0,,0,59,0.0
2018-01-07,2018-01-07 01:00:00,1,6,weekend,normal,pre_outage,core_near,0,0,0,,0,59,0.0
2018-01-07,2018-01-07 02:00:00,2,6,weekend,normal,pre_outage,core_near,6,1,7,0.8571428571428571,5,59,0.11864406779661017
2018-01-07,2018-01-07 03:00:00,3,6,weekend,normal,pre_outage,core_near,1,6,7,0.14285714285714285,-5,59,0.11864406779661017
2018-01-07,2018-01-07 04:00:00,4,6,weekend,normal,pre_outage,core_near,0,0,0,,0,59,0.0
2018-01-07,2018-01-07 05:00:00,5,6,weekend,normal,pre_outage,core_near,2,0,2,1.0,2,59,0.03389830508474576
2018-01-07,2018-01-07 06:00:00,6,6,weekend,normal,pre_outage,core_near,1,2,3,0.3333333333333333,-1,59,0.05084745762711865
2018-01-07,2018-01-07 07:00:00,7,6,weekend,normal,pre_outage,core_near,2,1,3,0.6666666666666666,1,59,0.05084745762711865
2018-01-07,2018-01-07 08:00:00,8,6,weekend,normal,pre_outage,core_near,0,4,4,0.0,-4,59,0.06779661016949153
2018-01-07,2018-01-07 09:00:00,9,6,weekend,normal,pre_outage,core_near,2,1,3,0.6666666666666666,1,59,0.05084745762711865
2018-01-07,2018-01-07 10:00:00,10,6,weekend,normal,pre_outage,core_near,0,0,0,,0,59,0.0
2018-01-07,2018-01-07 11:00:00,11,6,weekend,normal,pre_outage,core_near,2,0,2,1.0,2,59,0.03389830508474576
2018-01-07,2018-01-07 12:00:00,12,6,weekend,normal,pre_outage,core_near,3,1,4,0.75,2,59,0.06779661016949153
2018-01-07,2018-01-07 13:00:00,13,6,weekend,normal,pre_outage,core_near,0,4,4,0.0,-4,59,0.06779661016949153
2018-01-07,2018-01-07 14:00:00,14,6,weekend,normal,pre_outage,core_near,0,0,0,,0,59,0.0
2018-01-07,2018-01-07 15:00:00,15,6,weekend,normal,pre_outage,core_near,1,0,1,1.0,1,59,0.01694915254237288
2018-01-07,2018-01-07 16:00:00,16,6,weekend,normal,pre_outage,core_near,3,1,4,0.75,2,59,0.06779661016949153
2018-01-07,2018-01-07 17:00:00,17,6,weekend,normal,pre_outage,core_near,1,1,2,0.5,0,59,0.03389830508474576
2018-01-07,2018-01-07 18:00:00,18,6,weekend,normal,pre_outage,core_near,0,0,0,,0,59,0.0
2018-01-07,2018-01-07 19:00:00,19,6,weekend,normal,pre_outage,core_near,0,2,2,0.0,-2,59,0.03389830508474576
2018-01-07,2018-01-07 20:00:00,20,6,weekend,normal,pre_outage,core_near,0,3,3,0.0,-3,59,0.05084745762711865
2018-01-07,2018-01-07 21:00:00,21,6,weekend,normal,pre_outage,core_near,2,0,2,1.0,2,59,0.03389830508474576
2018-01-07,2018-01-07 22:00:00,22,6,weekend,normal,pre_outage,core_near,4,0,4,1.0,4,59,0.06779661016949153
2018-01-07,2018-01-07 23:00:00,23,6,weekend,normal,pre_outage,core_near,0,2,2,0.0,-2,59,0.03389830508474576
2018-01-08,2018-01-08 00:00:00,0,0,weekday,normal,pre_outage,core_near,0,0,0,,0,37,0.0
2018-01-08,2018-01-08 01:00:00,1,0,weekday,normal,pre_outage,core_near,0,0,0,,0,37,0.0
2018-01-08,2018-01-08 02:00:00,2,0,weekday,normal,pre_outage,core_near,0,0,0,,0,37,0.0
2018-01-08,2018-01-08 03:00:00,3,0,weekday,normal,pre_outage,core_near,0,0,0,,0,37,0.0
2018-01-08,2018-01-08 04:00:00,4,0,weekday,normal,pre_outage,core_near,0,1,1,0.0,-1,37,0.02702702702702703
2018-01-08,2018-01-08 05:00:00,5,0,weekday,normal,pre_outage,core_near,1,0,1,1.0,1,37,0.02702702702702703
2018-01-08,2018-01-08 06:00:00,6,0,weekday,normal,pre_outage,core_near,2,0,2,1.0,2,37,0.05405405405405406
2018-01-08,2018-01-08 07:00:00,7,0,weekday,normal,pre_outage,core_near,0,1,1,0.0,-1,37,0.02702702702702703
2018-01-08,2018-01-08 08:00:00,8,0,weekday,normal,pre_outage,core_near,0,1,1,0.0,-1,37,0.02702702702702703
2018-01-08,2018-01-08 09:00:00,9,0,weekday,normal,pre_outage,core_near,1,1,2,0.5,0,37,0.05405405405405406
2018-01-08,2018-01-08 10:00:00,10,0,weekday,normal,pre_outage,core_near,0,4,4,0.0,-4,37,0.10810810810810811
2018-01-08,2018-01-08 11:00:00,11,0,weekday,normal,pre_outage,core_near,2,1,3,0.6666666666666666,1,37,0.08108108108108109
2018-01-08,2018-01-08 12:00:00,12,0,weekday,normal,pre_outage,core_near,0,1,1,0.0,-1,37,0.02702702702702703
2018-01-08,2018-01-08 13:00:00,13,0,weekday,normal,pre_outage,core_near,0,1,1,0.0,-1,37,0.02702702702702703
2018-01-08,2018-01-08 14:00:00,14,0,weekday,normal,pre_outage,core_near,1,1,2,0.5,0,37,0.05405405405405406
2018-01-08,2018-01-08 15:00:00,15,0,weekday,normal,pre_outage,core_near,4,1,5,0.8,3,37,0.13513513513513514
2018-01-08,2018-01-08 16:00:00,16,0,weekday,normal,pre_outage,core_near,0,2,2,0.0,-2,37,0.05405405405405406
2018-01-08,2018-01-08 17:00:00,17,0,weekday,normal,pre_outage,core_near,0,0,0,,0,37,0.0
2018-01-08,2018-01-08 18:00:00,18,0,weekday,normal,pre_outage,core_near,2,0,2,1.0,2,37,0.05405405405405406
2018-01-08,2018-01-08 19:00:00,19,0,weekday,normal,pre_outage,core_near,2,2,4,0.5,0,37,0.10810810810810811
2018-01-08,2018-01-08 20:00:00,20,0,weekday,normal,pre_outage,core_near,0,1,1,0.0,-1,37,0.02702702702702703
2018-01-08,2018-01-08 21:00:00,21,0,weekday,normal,pre_outage,core_near,0,0,0,,0,37,0.0
2018-01-08,2018-01-08 22:00:00,22,0,weekday,normal,pre_outage,core_near,0,0,0,,0,37,0.0
2018-01-08,2018-01-08 23:00:00,23,0,weekday,normal,pre_outage,core_near,4,0,4,1.0,4,37,0.10810810810810811
2018-01-09,2018-01-09 00:00:00,0,1,weekday,normal,pre_outage,core_near,0,4,4,0.0,-4,51,0.0784313725490196
2018-01-09,2018-01-09 01:00:00,1,1,weekday,normal,pre_outage,core_near,0,0,0,,0,51,0.0
2018-01-09,2018-01-09 02:00:00,2,1,weekday,normal,pre_outage,core_near,0,0,0,,0,51,0.0
2018-01-09,2018-01-09 03:00:00,3,1,weekday,normal,pre_outage,core_near,1,1,2,0.5,0,51,0.0392156862745098
2018-01-09,2018-01-09 04:00:00,4,1,weekday,normal,pre_outage,core_near,5,1,6,0.8333333333333334,4,51,0.11764705882352941
2018-01-09,2018-01-09 05:00:00,5,1,weekday,normal,pre_outage,core_near,0,4,4,0.0,-4,51,0.0784313725490196
2018-01-09,2018-01-09 06:00:00,6,1,weekday,normal,pre_outage,core_near,0,0,0,,0,51,0.0
2018-01-09,2018-01-09 07:00:00,7,1,weekday,normal,pre_outage,core_near,2,0,2,1.0,2,51,0.0392156862745098
2018-01-09,2018-01-09 08:00:00,8,1,weekday,normal,pre_outage,core_near,0,5,5,0.0,-5,51,0.09803921568627451
2018-01-09,2018-01-09 09:00:00,9,1,weekday,normal,pre_outage,core_near,0,0,0,,0,51,0.0
2018-01-09,2018-01-09 10:00:00,10,1,weekday,normal,pre_outage,core_near,3,1,4,0.75,2,51,0.0784313725490196
2018-01-09,2018-01-09 11:00:00,11,1,weekday,normal,pre_outage,core_near,1,3,4,0.25,-2,51,0.0784313725490196
2018-01-09,2018-01-09 12:00:00,12,1,weekday,normal,pre_outage,core_near,1,1,2,0.5,0,51,0.0392156862745098
2018-01-09,2018-01-09 13:00:00,13,1,weekday,normal,pre_outage,core_near,0,1,1,0.0,-1,51,0.0196078431372549
2018-01-09,2018-01-09 14:00:00,14,1,weekday,normal,pre_outage,core_near,4,0,4,1.0,4,51,0.0784313725490196
2018-01-09,2018-01-09 15:00:00,15,1,weekday,normal,pre_outage,core_near,0,0,0,,0,51,0.0
2018-01-09,2018-01-09 16:00:00,16,1,weekday,normal,pre_outage,core_near,0,3,3,0.0,-3,51,0.058823529411764705
2018-01-09,2018-01-09 17:00:00,17,1,weekday,normal,pre_outage,core_near,0,0,0,,0,51,0.0
2018-01-09,2018-01-09 18:00:00,18,1,weekday,normal,pre_outage,core_near,3,0,3,1.0,3,51,0.058823529411764705
2018-01-09,2018-01-09 19:00:00,19,1,weekday,normal,pre_outage,core_near,0,3,3,0.0,-3,51,0.058823529411764705
2018-01-09,2018-01-09 20:00:00,20,1,weekday,normal,pre_outage,core_near,1,2,3,0.3333333333333333,-1,51,0.058823529411764705
2018-01-09,2018-01-09 21:00:00,21,1,weekday,normal,pre_outage,core_near,0,0,0,,0,51,0.0
2018-01-09,2018-01-09 22:00:00,22,1,weekday,normal,pre_outage,core_near,0,0,0,,0,51,0.0
2018-01-09,2018-01-09 23:00:00,23,1,weekday,normal,pre_outage,core_near,0,1,1,0.0,-1,51,0.0196078431372549
2018-01-10,2018-01-10 00:00:00,0,2,weekday,normal,pre_outage,core_near,0,0,0,,0,64,0.0
2018-01-10,2018-01-10 01:00:00,1,2,weekday,normal,pre_outage,core_near,0,0,0,,0,64,0.0
2018-01-10,2018-01-10 02:00:00,2,2,weekday,normal,pre_outage,core_near,2,0,2,1.0,2,64,0.03125
2018-01-10,2018-01-10 03:00:00,3,2,weekday,normal,pre_outage,core_near,3,4,7,0.42857142857142855,-1,64,0.109375
2018-01-10,2018-01-10 04:00:00,4,2,weekday,normal,pre_outage,core_near,2,3,5,0.4,-1,64,0.078125
2018-01-10,2018-01-10 05:00:00,5,2,weekday,normal,pre_outage,core_near,0,1,1,0.0,-1,64,0.015625
2018-01-10,2018-01-10 06:00:00,6,2,weekday,normal,pre_outage,core_near,2,0,2,1.0,2,64,0.03125
2018-01-10,2018-01-10 07:00:00,7,2,weekday,normal,pre_outage,core_near,5,0,5,1.0,5,64,0.078125
2018-01-10,2018-01-10 08:00:00,8,2,weekday,normal,pre_outage,core_near,1,1,2,0.5,0,64,0.03125
2018-01-10,2018-01-10 09:00:00,9,2,weekday,normal,pre_outage,core_near,0,2,2,0.0,-2,64,0.03125
2018-01-10,2018-01-10 10:00:00,10,2,weekday,normal,pre_outage,core_near,0,5,5,0.0,-5,64,0.078125
2018-01-10,2018-01-10 11:00:00,11,2,weekday,normal,pre_outage,core_near,4,0,4,1.0,4,64,0.0625
2018-01-10,2018-01-10 12:00:00,12,2,weekday,normal,pre_outage,core_near,1,3,4,0.25,-2,64,0.0625
2018-01-10,2018-01-10 13:00:00,13,2,weekday,normal,pre_outage,core_near,1,1,2,0.5,0,64,0.03125
2018-01-10,2018-01-10 14:00:00,14,2,weekday,normal,pre_outage,core_near,1,0,1,1.0,1,64,0.015625
2018-01-10,2018-01-10 15:00:00,15,2,weekday,normal,pre_outage,core_near,2,3,5,0.4,-1,64,0.078125
2018-01-10,2018-01-10 16:00:00,16,2,weekday,normal,pre_outage,core_near,0,2,2,0.0,-2,64,0.03125
2018-01-10,2018-01-10 17:00:00,17,2,weekday,normal,pre_outage,core_near,0,0,0,,0,64,0.0
2018-01-10,2018-01-10 18:00:00,18,2,weekday,normal,pre_outage,core_near,3,2,5,0.6,1,64,0.078125
2018-01-10,2018-01-10 19:00:00,19,2,weekday,normal,pre_outage,core_near,1,1,2,0.5,0,64,0.03125
2018-01-10,2018-01-10 20:00:00,20,2,weekday,normal,pre_outage,core_near,0,2,2,0.0,-2,64,0.03125
2018-01-10,2018-01-10 21:00:00,21,2,weekday,normal,pre_outage,core_near,1,0,1,1.0,1,64,0.015625
2018-01-10,2018-01-10 22:00:00,22,2,weekday,normal,pre_outage,core_near,2,0,2,1.0,2,64,0.03125
2018-01-10,2018-01-10 23:00:00,23,2,weekday,normal,pre_outage,core_near,1,2,3,0.3333333333333333,-1,64,0.046875
2018-01-11,2018-01-11 00:00:00,0,3,weekday,normal,pre_outage,core_near,0,2,2,0.0,-2,54,0.037037037037037035
2018-01-11,2018-01-11 01:00:00,1,3,weekday,normal,pre_outage,core_near,0,0,0,,0,54,0.0
2018-01-11,2018-01-11 02:00:00,2,3,weekday,normal,pre_outage,core_near,0,0,0,,0,54,0.0
2018-01-11,2018-01-11 03:00:00,3,3,weekday,normal,pre_outage,core_near,1,1,2,0.5,0,54,0.037037037037037035
2018-01-11,2018-01-11 04:00:00,4,3,weekday,normal,pre_outage,core_near,0,0,0,,0,54,0.0
2018-01-11,2018-01-11 05:00:00,5,3,weekday,normal,pre_outage,core_near,1,0,1,1.0,1,54,0.018518518518518517
2018-01-11,2018-01-11 06:00:00,6,3,weekday,normal,pre_outage,core_near,3,0,3,1.0,3,54,0.05555555555555555
2018-01-11,2018-01-11 07:00:00,7,3,weekday,normal,pre_outage,core_near,0,2,2,0.0,-2,54,0.037037037037037035
2018-01-11,2018-01-11 08:00:00,8,3,weekday,normal,pre_outage,core_near,1,0,1,1.0,1,54,0.018518518518518517
2018-01-11,2018-01-11 09:00:00,9,3,weekday,normal,pre_outage,core_near,0,1,1,0.0,-1,54,0.018518518518518517
2018-01-11,2018-01-11 10:00:00,10,3,weekday,normal,pre_outage,core_near,2,1,3,0.6666666666666666,1,54,0.05555555555555555
2018-01-11,2018-01-11 11:00:00,11,3,weekday,normal,pre_outage,core_near,5,2,7,0.7142857142857143,3,54,0.12962962962962962
2018-01-11,2018-01-11 12:00:00,12,3,weekday,normal,pre_outage,core_near,0,6,6,0.0,-6,54,0.1111111111111111
2018-01-11,2018-01-11 13:00:00,13,3,weekday,normal,pre_outage,core_near,0,1,1,0.0,-1,54,0.018518518518518517
2018-01-11,2018-01-11 14:00:00,14,3,weekday,normal,pre_outage,core_near,1,2,3,0.3333333333333333,-1,54,0.05555555555555555
2018-01-11,2018-01-11 15:00:00,15,3,weekday,normal,pre_outage,core_near,5,1,6,0.8333333333333334,4,54,0.1111111111111111
2018-01-11,2018-01-11 16:00:00,16,3,weekday,normal,pre_outage,core_near,1,1,2,0.5,0,54,0.037037037037037035
2018-01-11,2018-01-11 17:00:00,17,3,weekday,normal,pre_outage,core_near,0,2,2,0.0,-2,54,0.037037037037037035
2018-01-11,2018-01-11 18:00:00,18,3,weekday,normal,pre_outage,core_near,2,0,2,1.0,2,54,0.037037037037037035
2018-01-11,2018-01-11 19:00:00,19,3,weekday,normal,pre_outage,core_near,1,3,4,0.25,-2,54,0.07407407407407407
2018-01-11,2018-01-11 20:00:00,20,3,weekday,normal,pre_outage,core_near,0,1,1,0.0,-1,54,0.018518518518518517
2018-01-11,2018-01-11 21:00:00,21,3,weekday,normal,pre_outage,core_near,0,0,0,,0,54,0.0
2018-01-11,2018-01-11 22:00:00,22,3,weekday,normal,pre_outage,core_near,1,1,2,0.5,0,54,0.037037037037037035
2018-01-11,2018-01-11 23:00:00,23,3,weekday,normal,pre_outage,core_near,3,0,3,1.0,3,54,0.05555555555555555
2018-01-12,2018-01-12 00:00:00,0,4,weekday,reduced,degraded_period,core_near,0,4,4,0.0,-4,57,0.07017543859649122
2018-01-12,2018-01-12 01:00:00,1,4,weekday,reduced,degraded_period,core_near,0,0,0,,0,57,0.0
2018-01-12,2018-01-12 02:00:00,2,4,weekday,reduced,degraded_period,core_near,2,0,2,1.0,2,57,0.03508771929824561
2018-01-12,2018-01-12 03:00:00,3,4,weekday,reduced,degraded_period,core_near,1,2,3,0.3333333333333333,-1,57,0.05263157894736842
2018-01-12,2018-01-12 04:00:00,4,4,weekday,reduced,degraded_period,core_near,0,1,1,0.0,-1,57,0.017543859649122806
2018-01-12,2018-01-12 05:00:00,5,4,weekday,reduced,degraded_period,core_near,0,0,0,,0,57,0.0
2018-01-12,2018-01-12 06:00:00,6,4,weekday,reduced,degraded_period,core_near,1,1,2,0.5,0,57,0.03508771929824561
2018-01-12,2018-01-12 07:00:00,7,4,weekday,reduced,degraded_period,core_near,0,0,0,,0,57,0.0
2018-01-12,2018-01-12 08:00:00,8,4,weekday,reduced,degraded_period,core_near,0,1,1,0.0,-1,57,0.017543859649122806
2018-01-12,2018-01-12 09:00:00,9,4,weekday,reduced,degraded_period,core_near,2,0,2,1.0,2,57,0.03508771929824561
2018-01-12,2018-01-12 10:00:00,10,4,weekday,reduced,degraded_period,core_near,2,2,4,0.5,0,57,0.07017543859649122
2018-01-12,2018-01-12 11:00:00,11,4,weekday,reduced,degraded_period,core_near,0,3,3,0.0,-3,57,0.05263157894736842
2018-01-12,2018-01-12 12:00:00,12,4,weekday,reduced,degraded_period,core_near,0,0,0,,0,57,0.0
2018-01-12,2018-01-12 13:00:00,13,4,weekday,reduced,degraded_period,core_near,2,2,4,0.5,0,57,0.07017543859649122
2018-01-12,2018-01-12 14:00:00,14,4,weekday,reduced,degraded_period,core_near,6,0,6,1.0,6,57,0.10526315789473684
2018-01-12,2018-01-12 15:00:00,15,4,weekday,reduced,degraded_period,core_near,2,6,8,0.25,-4,57,0.14035087719298245
2018-01-12,2018-01-12 16:00:00,16,4,weekday,reduced,degraded_period,core_near,0,1,1,0.0,-1,57,0.017543859649122806
2018-01-12,2018-01-12 17:00:00,17,4,weekday,reduced,degraded_period,core_near,0,2,2,0.0,-2,57,0.03508771929824561
2018-01-12,2018-01-12 18:00:00,18,4,weekday,reduced,degraded_period,core_near,3,0,3,1.0,3,57,0.05263157894736842
2018-01-12,2018-01-12 19:00:00,19,4,weekday,reduced,degraded_period,core_near,0,0,0,,0,57,0.0
2018-01-12,2018-01-12 20:00:00,20,4,weekday,reduced,degraded_period,core_near,0,1,1,0.0,-1,57,0.017543859649122806
2018-01-12,2018-01-12 21:00:00,21,4,weekday,reduced,degraded_period,core_near,1,0,1,1.0,1,57,0.017543859649122806
2018-01-12,2018-01-12 22:00:00,22,4,weekday,reduced,degraded_period,core_near,1,3,4,0.25,-2,57,0.07017543859649122
2018-01-12,2018-01-12 23:00:00,23,4,weekday,reduced,degraded_period,core_near,3,2,5,0.6,1,57,0.08771929824561403
2018-01-13,2018-01-13 00:00:00,0,5,weekend,outage,degraded_period,core_near,0,2,2,0.0,-2,55,0.03636363636363636
2018-01-13,2018-01-13 01:00:00,1,5,weekend,outage,degraded_period,core_near,2,0,2,1.0,2,55,0.03636363636363636
2018-01-13,2018-01-13 02:00:00,2,5,weekend,outage,degraded_period,core_near,1,0,1,1.0,1,55,0.01818181818181818
2018-01-13,2018-01-13 03:00:00,3,5,weekend,outage,degraded_period,core_near,1,0,1,1.0,1,55,0.01818181818181818
2018-01-13,2018-01-13 04:00:00,4,5,weekend,outage,degraded_period,core_near,1,0,1,1.0,1,55,0.01818181818181818
2018-01-13,2018-01-13 05:00:00,5,5,weekend,outage,degraded_period,core_near,0,0,0,,0,55,0.0
2018-01-13,2018-01-13 06:00:00,6,5,weekend,outage,degraded_period,core_near,2,2,4,0.5,0,55,0.07272727272727272
2018-01-13,2018-01-13 07:00:00,7,5,weekend,outage,degraded_period,core_near,0,1,1,0.0,-1,55,0.01818181818181818
2018-01-13,2018-01-13 08:00:00,8,5,weekend,outage,degraded_period,core_near,1,3,4,0.25,-2,55,0.07272727272727272
2018-01-13,2018-01-13 09:00:00,9,5,weekend,outage,degraded_period,core_near,0,0,0,,0,55,0.0
2018-01-13,2018-01-13 10:00:00,10,5,weekend,outage,degraded_period,core_near,3,1,4,0.75,2,55,0.07272727272727272
2018-01-13,2018-01-13 11:00:00,11,5,weekend,outage,degraded_period,core_near,1,3,4,0.25,-2,55,0.07272727272727272
2018-01-13,2018-01-13 12:00:00,12,5,weekend,outage,degraded_period,core_near,2,1,3,0.6666666666666666,1,55,0.05454545454545454
2018-01-13,2018-01-13 13:00:00,13,5,weekend,outage,degraded_period,core_near,0,1,1,0.0,-1,55,0.01818181818181818
2018-01-13,2018-01-13 14:00:00,14,5,weekend,outage,degraded_period,core_near,6,0,6,1.0,6,55,0.10909090909090909
2018-01-13,2018-01-13 15:00:00,15,5,weekend,outage,degraded_period,core_near,0,4,4,0.0,-4,55,0.07272727272727272
2018-01-13,2018-01-13 16:00:00,16,5,weekend,outage,degraded_period,core_near,0,3,3,0.0,-3,55,0.05454545454545454
2018-01-13,2018-01-13 17:00:00,17,5,weekend,outage,degraded_period,core_near,3,1,4,0.75,2,55,0.07272727272727272
2018-01-13,2018-01-13 18:00:00,18,5,weekend,outage,degraded_period,core_near,1,3,4,0.25,-2,55,0.07272727272727272
2018-01-13,2018-01-13 19:00:00,19,5,weekend,outage,degraded_period,core_near,0,0,0,,0,55,0.0
2018-01-13,2018-01-13 20:00:00,20,5,weekend,outage,degraded_period,core_near,0,0,0,,0,55,0.0
2018-01-13,2018-01-13 21:00:00,21,5,weekend,outage,degraded_period,core_near,1,0,1,1.0,1,55,0.01818181818181818
2018-01-13,2018-01-13 22:00:00,22,5,weekend,outage,degraded_period,core_near,2,1,3,0.6666666666666666,1,55,0.05454545454545454
2018-01-13,2018-01-13 23:00:00,23,5,weekend,outage,degraded_period,core_near,0,2,2,0.0,-2,55,0.03636363636363636
2018-01-14,2018-01-14 00:00:00,0,6,weekend,outage,degraded_period,core_near,0,0,0,,0,31,0.0
2018-01-14,2018-01-14 01:00:00,1,6,weekend,outage,degraded_period,core_near,0,1,1,0.0,-1,31,0.03225806451612903
2018-01-14,2018-01-14 02:00:00,2,6,weekend,outage,degraded_period,core_near,2,0,2,1.0,2,31,0.06451612903225806
2018-01-14,2018-01-14 03:00:00,3,6,weekend,outage,degraded_period,core_near,0,1,1,0.0,-1,31,0.03225806451612903
2018-01-14,2018-01-14 04:00:00,4,6,weekend,outage,degraded_period,core_near,0,2,2,0.0,-2,31,0.06451612903225806
2018-01-14,2018-01-14 05:00:00,5,6,weekend,outage,degraded_period,core_near,0,0,0,,0,31,0.0
2018-01-14,2018-01-14 06:00:00,6,6,weekend,outage,degraded_period,core_near,1,0,1,1.0,1,31,0.03225806451612903
2018-01-14,2018-01-14 07:00:00,7,6,weekend,outage,degraded_period,core_near,6,0,6,1.0,6,31,0.1935483870967742
2018-01-14,2018-01-14 08:00:00,8,6,weekend,outage,degraded_period,core_near,0,2,2,0.0,-2,31,0.06451612903225806
2018-01-14,2018-01-14 09:00:00,9,6,weekend,outage,degraded_period,core_near,0,1,1,0.0,-1,31,0.03225806451612903
2018-01-14,2018-01-14 10:00:00,10,6,weekend,outage,degraded_period,core_near,2,4,6,0.3333333333333333,-2,31,0.1935483870967742
2018-01-14,2018-01-14 11:00:00,11,6,weekend,outage,degraded_period,core_near,4,1,5,0.8,3,31,0.16129032258064516
2018-01-14,2018-01-14 12:00:00,12,6,weekend,outage,degraded_period,core_near,3,1,4,0.75,2,31,0.12903225806451613
2018-01-14,2018-01-14 13:00:00,13,6,weekend,outage,degraded_period,core_near,0,0,0,,0,31,0.0
2018-01-14,2018-01-14 14:00:00,14,6,weekend,outage,degraded_period,core_near,0,0,0,,0,31,0.0
2018-01-14,2018-01-14 15:00:00,15,6,weekend,outage,degraded_period,core_near,0,0,0,,0,31,0.0
2018-01-14,2018-01-14 16:00:00,16,6,weekend,outage,degraded_period,core_near,0,0,0,,0,31,0.0
2018-01-14,2018-01-14 17:00:00,17,6,weekend,outage,degraded_period,core_near,0,0,0,,0,31,0.0
2018-01-14,2018-01-14 18:00:00,18,6,weekend,outage,degraded_period,core_near,0,0,0,,0,31,0.0
2018-01-14,2018-01-14 19:00:00,19,6,weekend,outage,degraded_period,core_near,0,0,0,,0,31,0.0
2018-01-14,2018-01-14 20:00:00,20,6,weekend,outage,degraded_period,core_near,0,0,0,,0,31,0.0
2018-01-14,2018-01-14 21:00:00,21,6,weekend,outage,degraded_period,core_near,0,0,0,,0,31,0.0
2018-01-14,2018-01-14 22:00:00,22,6,weekend,outage,degraded_period,core_near,0,0,0,,0,31,0.0
2018-01-14,2018-01-14 23:00:00,23,6,weekend,outage,degraded_period,core_near,0,0,0,,0,31,0.0
2018-01-15,2018-01-15 00:00:00,0,0,weekday,outage,degraded_period,core_near,0,0,0,,0,56,0.0
2018-01-15,2018-01-15 01:00:00,1,0,weekday,outage,degraded_period,core_near,1,0,1,1.0,1,56,0.017857142857142856
2018-01-15,2018-01-15 02:00:00,2,0,weekday,outage,degraded_period,core_near,0,0,0,,0,56,0.0
2018-01-15,2018-01-15 03:00:00,3,0,weekday,outage,degraded_period,core_near,0,0,0,,0,56,0.0
2018-01-15,2018-01-15 04:00:00,4,0,weekday,outage,degraded_period,core_near,0,0,0,,0,56,0.0
2018-01-15,2018-01-15 05:00:00,5,0,weekday,outage,degraded_period,core_near,0,0,0,,0,56,0.0
2018-01-15,2018-01-15 06:00:00,6,0,weekday,outage,degraded_period,core_near,0,0,0,,0,56,0.0
2018-01-15,2018-01-15 07:00:00,7,0,weekday,outage,degraded_period,core_near,0,0,0,,0,56,0.0
2018-01-15,2018-01-15 08:00:00,8,0,weekday,outage,degraded_period,core_near,1,0,1,1.0,1,56,0.017857142857142856
2018-01-15,2018-01-15 09:00:00,9,0,weekday,outage,degraded_period,core_near,0,3,3,0.0,-3,56,0.05357142857142857
2018-01-15,2018-01-15 10:00:00,10,0,weekday,outage,degraded_period,core_near,3,1,4,0.75,2,56,0.07142857142857142
2018-01-15,2018-01-15 11:00:00,11,0,weekday,outage,degraded_period,core_near,2,1,3,0.6666666666666666,1,56,0.05357142857142857
2018-01-15,2018-01-15 12:00:00,12,0,weekday,outage,degraded_period,core_near,0,0,0,,0,56,0.0
2018-01-15,2018-01-15 13:00:00,13,0,weekday,outage,degraded_period,core_near,2,1,3,0.6666666666666666,1,56,0.05357142857142857
2018-01-15,2018-01-15 14:00:00,14,0,weekday,outage,degraded_period,core_near,4,1,5,0.8,3,56,0.08928571428571429
2018-01-15,2018-01-15 15:00:00,15,0,weekday,outage,degraded_period,core_near,0,5,5,0.0,-5,56,0.08928571428571429
2018-01-15,2018-01-15 16:00:00,16,0,weekday,outage,degraded_period,core_near,0,0,0,,0,56,0.0
2018-01-15,2018-01-15 17:00:00,17,0,weekday,outage,degraded_period,core_near,0,0,0,,0,56,0.0
2018-01-15,2018-01-15 18:00:00,18,0,weekday,outage,degraded_period,core_near,6,2,8,0.75,4,56,0.14285714285714285
2018-01-15,2018-01-15 19:00:00,19,0,weekday,outage,degraded_period,core_near,4,3,7,0.5714285714285714,1,56,0.125
2018-01-15,2018-01-15 20:00:00,20,0,weekday,outage,degraded_period,core_near,0,6,6,0.0,-6,56,0.10714285714285714
2018-01-15,2018-01-15 21:00:00,21,0,weekday,outage,degraded_period,core_near,1,2,3,0.3333333333333333,-1,56,0.05357142857142857
2018-01-15,2018-01-15 22:00:00,22,0,weekday,outage,degraded_period,core_near,4,1,5,0.8,3,56,0.08928571428571429
2018-01-15,2018-01-15 23:00:00,23,0,weekday,outage,degraded_period,core_near,0,2,2,0.0,-2,56,0.03571428571428571
2018-01-16,2018-01-16 00:00:00,0,1,weekday,outage,degraded_period,core_near,0,0,0,,0,43,0.0
2018-01-16,2018-01-16 01:00:00,1,1,weekday,outage,degraded_period,core_near,2,0,2,1.0,2,43,0.046511627906976744
2018-01-16,2018-01-16 02:00:00,2,1,weekday,outage,degraded_period,core_near,1,2,3,0.3333333333333333,-1,43,0.06976744186046512
2018-01-16,2018-01-16 03:00:00,3,1,weekday,outage,degraded_period,core_near,1,0,1,1.0,1,43,0.023255813953488372
2018-01-16,2018-01-16 04:00:00,4,1,weekday,outage,degraded_period,core_near,0,2,2,0.0,-2,43,0.046511627906976744
2018-01-16,2018-01-16 05:00:00,5,1,weekday,outage,degraded_period,core_near,0,0,0,,0,43,0.0
2018-01-16,2018-01-16 06:00:00,6,1,weekday,outage,degraded_period,core_near,5,0,5,1.0,5,43,0.11627906976744186
2018-01-16,2018-01-16 07:00:00,7,1,weekday,outage,degraded_period,core_near,0,1,1,0.0,-1,43,0.023255813953488372
2018-01-16,2018-01-16 08:00:00,8,1,weekday,outage,degraded_period,core_near,0,2,2,0.0,-2,43,0.046511627906976744
2018-01-16,2018-01-16 09:00:00,9,1,weekday,outage,degraded_period,core_near,1,1,2,0.5,0,43,0.046511627906976744
2018-01-16,2018-01-16 10:00:00,10,1,weekday,outage,degraded_period,core_near,0,0,0,,0,43,0.0
2018-01-16,2018-01-16 11:00:00,11,1,weekday,outage,degraded_period,core_near,1,0,1,1.0,1,43,0.023255813953488372
2018-01-16,2018-01-16 12:00:00,12,1,weekday,outage,degraded_period,core_near,0,1,1,0.0,-1,43,0.023255813953488372
2018-01-16,2018-01-16 13:00:00,13,1,weekday,outage,degraded_period,core_near,1,2,3,0.3333333333333333,-1,43,0.06976744186046512
2018-01-16,2018-01-16 14:00:00,14,1,weekday,outage,degraded_period,core_near,2,1,3,0.6666666666666666,1,43,0.06976744186046512
2018-01-16,2018-01-16 15:00:00,15,1,weekday,outage,degraded_period,core_near,3,1,4,0.75,2,43,0.09302325581395349
2018-01-16,2018-01-16 16:00:00,16,1,weekday,outage,degraded_period,core_near,1,3,4,0.25,-2,43,0.09302325581395349
2018-01-16,2018-01-16 17:00:00,17,1,weekday,outage,degraded_period,core_near,1,2,3,0.3333333333333333,-1,43,0.06976744186046512
2018-01-16,2018-01-16 18:00:00,18,1,weekday,outage,degraded_period,core_near,4,0,4,1.0,4,43,0.09302325581395349
2018-01-16,2018-01-16 19:00:00,19,1,weekday,outage,degraded_period,core_near,0,2,2,0.0,-2,43,0.046511627906976744
2018-01-16,2018-01-16 20:00:00,20,1,weekday,outage,degraded_period,core_near,0,0,0,,0,43,0.0
2018-01-16,2018-01-16 21:00:00,21,1,weekday,outage,degraded_period,core_near,0,0,0,,0,43,0.0
2018-01-16,2018-01-16 22:00:00,22,1,weekday,outage,degraded_period,core_near,0,0,0,,0,43,0.0
2018-01-16,2018-01-16 23:00:00,23,1,weekday,outage,degraded_period,core_near,0,0,0,,0,43,0.0
2018-01-17,2018-01-17 00:00:00,0,2,weekday,severe,degraded_period,core_near,0,0,0,,0,71,0.0
2018-01-17,2018-01-17 01:00:00,1,2,weekday,severe,degraded_period,core_near,2,0,2,1.0,2,71,0.028169014084507043
2018-01-17,2018-01-17 02:00:00,2,2,weekday,severe,degraded_period,core_near,0,2,2,0.0,-2,71,0.028169014084507043
2018-01-17,2018-01-17 03:00:00,3,2,weekday,severe,degraded_period,core_near,3,0,3,1.0,3,71,0.04225352112676056
2018-01-17,2018-01-17 04:00:00,4,2,weekday,severe,degraded_period,core_near,0,2,2,0.0,-2,71,0.028169014084507043
2018-01-17,2018-01-17 05:00:00,5,2,weekday,severe,degraded_period,core_near,0,0,0,,0,71,0.0
2018-01-17,2018-01-17 06:00:00,6,2,weekday,severe,degraded_period,core_near,2,1,3,0.6666666666666666,1,71,0.04225352112676056
2018-01-17,2018-01-17 07:00:00,7,2,weekday,severe,degraded_period,core_near,1,1,2,0.5,0,71,0.028169014084507043
2018-01-17,2018-01-17 08:00:00,8,2,weekday,severe,degraded_period,core_near,0,0,0,,0,71,0.0
2018-01-17,2018-01-17 09:00:00,9,2,weekday,severe,degraded_period,core_near,3,1,4,0.75,2,71,0.056338028169014086
2018-01-17,2018-01-17 10:00:00,10,2,weekday,severe,degraded_period,core_near,5,1,6,0.8333333333333334,4,71,0.08450704225352113
2018-01-17,2018-01-17 11:00:00,11,2,weekday,severe,degraded_period,core_near,1,4,5,0.2,-3,71,0.07042253521126761
2018-01-17,2018-01-17 12:00:00,12,2,weekday,severe,degraded_period,core_near,0,2,2,0.0,-2,71,0.028169014084507043
2018-01-17,2018-01-17 13:00:00,13,2,weekday,severe,degraded_period,core_near,4,2,6,0.6666666666666666,2,71,0.08450704225352113
2018-01-17,2018-01-17 14:00:00,14,2,weekday,severe,degraded_period,core_near,4,0,4,1.0,4,71,0.056338028169014086
2018-01-17,2018-01-17 15:00:00,15,2,weekday,severe,degraded_period,core_near,0,3,3,0.0,-3,71,0.04225352112676056
2018-01-17,2018-01-17 16:00:00,16,2,weekday,severe,degraded_period,core_near,0,4,4,0.0,-4,71,0.056338028169014086
2018-01-17,2018-01-17 17:00:00,17,2,weekday,severe,degraded_period,core_near,2,3,5,0.4,-1,71,0.07042253521126761
2018-01-17,2018-01-17 18:00:00,18,2,weekday,severe,degraded_period,core_near,4,2,6,0.6666666666666666,2,71,0.08450704225352113
2018-01-17,2018-01-17 19:00:00,19,2,weekday,severe,degraded_period,core_near,3,1,4,0.75,2,71,0.056338028169014086
2018-01-17,2018-01-17 20:00:00,20,2,weekday,severe,degraded_period,core_near,0,1,1,0.0,-1,71,0.014084507042253521
2018-01-17,2018-01-17 21:00:00,21,2,weekday,severe,degraded_period,core_near,0,0,0,,0,71,0.0
2018-01-17,2018-01-17 22:00:00,22,2,weekday,severe,degraded_period,core_near,4,0,4,1.0,4,71,0.056338028169014086
2018-01-17,2018-01-17 23:00:00,23,2,weekday,severe,degraded_period,core_near,0,3,3,0.0,-3,71,0.04225352112676056
2018-01-18,2018-01-18 00:00:00,0,3,weekday,severe,degraded_period,core_near,0,2,2,0.0,-2,63,0.031746031746031744
2018-01-18,2018-01-18 01:00:00,1,3,weekday,severe,degraded_period,core_near,0,0,0,,0,63,0.0
2018-01-18,2018-01-18 02:00:00,2,3,weekday,severe,degraded_period,core_near,4,0,4,1.0,4,63,0.06349206349206349
2018-01-18,2018-01-18 03:00:00,3,3,weekday,severe,degraded_period,core_near,0,3,3,0.0,-3,63,0.047619047619047616
2018-01-18,2018-01-18 04:00:00,4,3,weekday,severe,degraded_period,core_near,0,0,0,,0,63,0.0
2018-01-18,2018-01-18 05:00:00,5,3,weekday,severe,degraded_period,core_near,0,2,2,0.0,-2,63,0.031746031746031744
2018-01-18,2018-01-18 06:00:00,6,3,weekday,severe,degraded_period,core_near,3,0,3,1.0,3,63,0.047619047619047616
2018-01-18,2018-01-18 07:00:00,7,3,weekday,severe,degraded_period,core_near,4,4,8,0.5,0,63,0.12698412698412698
2018-01-18,2018-01-18 08:00:00,8,3,weekday,severe,degraded_period,core_near,2,4,6,0.3333333333333333,-2,63,0.09523809523809523
2018-01-18,2018-01-18 09:00:00,9,3,weekday,severe,degraded_period,core_near,0,2,2,0.0,-2,63,0.031746031746031744
2018-01-18,2018-01-18 10:00:00,10,3,weekday,severe,degraded_period,core_near,1,0,1,1.0,1,63,0.015873015873015872
2018-01-18,2018-01-18 11:00:00,11,3,weekday,severe,degraded_period,core_near,4,1,5,0.8,3,63,0.07936507936507936
2018-01-18,2018-01-18 12:00:00,12,3,weekday,severe,degraded_period,core_near,0,2,2,0.0,-2,63,0.031746031746031744
2018-01-18,2018-01-18 13:00:00,13,3,weekday,severe,degraded_period,core_near,0,0,0,,0,63,0.0
2018-01-18,2018-01-18 14:00:00,14,3,weekday,severe,degraded_period,core_near,3,1,4,0.75,2,63,0.06349206349206349
2018-01-18,2018-01-18 15:00:00,15,3,weekday,severe,degraded_period,core_near,1,0,1,1.0,1,63,0.015873015873015872
2018-01-18,2018-01-18 16:00:00,16,3,weekday,severe,degraded_period,core_near,0,1,1,0.0,-1,63,0.015873015873015872
2018-01-18,2018-01-18 17:00:00,17,3,weekday,severe,degraded_period,core_near,0,1,1,0.0,-1,63,0.015873015873015872
2018-01-18,2018-01-18 18:00:00,18,3,weekday,severe,degraded_period,core_near,0,3,3,0.0,-3,63,0.047619047619047616
2018-01-18,2018-01-18 19:00:00,19,3,weekday,severe,degraded_period,core_near,3,2,5,0.6,1,63,0.07936507936507936
2018-01-18,2018-01-18 20:00:00,20,3,weekday,severe,degraded_period,core_near,0,0,0,,0,63,0.0
2018-01-18,2018-01-18 21:00:00,21,3,weekday,severe,degraded_period,core_near,0,0,0,,0,63,0.0
2018-01-18,2018-01-18 22:00:00,22,3,weekday,severe,degraded_period,core_near,4,0,4,1.0,4,63,0.06349206349206349
2018-01-18,2018-01-18 23:00:00,23,3,weekday,severe,degraded_period,core_near,3,3,6,0.5,0,63,0.09523809523809523
2018-01-19,2018-01-19 00:00:00,0,4,weekday,normal,post_recovery,core_near,0,1,1,0.0,-1,39,0.02564102564102564
2018-01-19,2018-01-19 01:00:00,1,4,weekday,normal,post_recovery,core_near,0,0,0,,0,39,0.0
2018-01-19,2018-01-19 02:00:00,2,4,weekday,normal,post_recovery,core_near,0,0,0,,0,39,0.0
2018-01-19,2018-01-19 03:00:00,3,4,weekday,normal,post_recovery,core_near,0,0,0,,0,39,0.0
2018-01-19,2018-01-19 04:00:00,4,4,weekday,normal,post_recovery,core_near,0,0,0,,0,39,0.0
2018-01-19,2018-01-19 05:00:00,5,4,weekday,normal,post_recovery,core_near,0,0,0,,0,39,0.0
2018-01-19,2018-01-19 06:00:00,6,4,weekday,normal,post_recovery,core_near,2,0,2,1.0,2,39,0.05128205128205128
2018-01-19,2018-01-19 07:00:00,7,4,weekday,normal,post_recovery,core_near,2,2,4,0.5,0,39,0.10256410256410256
2018-01-19,2018-01-19 08:00:00,8,4,weekday,normal,post_recovery,core_near,0,1,1,0.0,-1,39,0.02564102564102564
2018-01-19,2018-01-19 09:00:00,9,4,weekday,normal,post_recovery,core_near,2,1,3,0.6666666666666666,1,39,0.07692307692307693
2018-01-19,2018-01-19 10:00:00,10,4,weekday,normal,post_recovery,core_near,2,2,4,0.5,0,39,0.10256410256410256
2018-01-19,2018-01-19 11:00:00,11,4,weekday,normal,post_recovery,core_near,1,0,1,1.0,1,39,0.02564102564102564
2018-01-19,2018-01-19 12:00:00,12,4,weekday,normal,post_recovery,core_near,0,0,0,,0,39,0.0
2018-01-19,2018-01-19 13:00:00,13,4,weekday,normal,post_recovery,core_near,4,1,5,0.8,3,39,0.1282051282051282
2018-01-19,2018-01-19 14:00:00,14,4,weekday,normal,post_recovery,core_near,1,2,3,0.3333333333333333,-1,39,0.07692307692307693
2018-01-19,2018-01-19 15:00:00,15,4,weekday,normal,post_recovery,core_near,0,2,2,0.0,-2,39,0.05128205128205128
2018-01-19,2018-01-19 16:00:00,16,4,weekday,normal,post_recovery,core_near,0,1,1,0.0,-1,39,0.02564102564102564
2018-01-19,2018-01-19 17:00:00,17,4,weekday,normal,post_recovery,core_near,0,0,0,,0,39,0.0
2018-01-19,2018-01-19 18:00:00,18,4,weekday,normal,post_recovery,core_near,0,0,0,,0,39,0.0
2018-01-19,2018-01-19 19:00:00,19,4,weekday,normal,post_recovery,core_near,0,1,1,0.0,-1,39,0.02564102564102564
2018-01-19,2018-01-19 20:00:00,20,4,weekday,normal,post_recovery,core_near,0,0,0,,0,39,0.0
2018-01-19,2018-01-19 21:00:00,21,4,weekday,normal,post_recovery,core_near,2,0,2,1.0,2,39,0.05128205128205128
2018-01-19,2018-01-19 22:00:00,22,4,weekday,normal,post_recovery,core_near,4,0,4,1.0,4,39,0.10256410256410256
2018-01-19,2018-01-19 23:00:00,23,4,weekday,normal,post_recovery,core_near,0,5,5,0.0,-5,39,0.1282051282051282
2018-01-20,2018-01-20 00:00:00,0,5,weekend,normal,post_recovery,core_near,0,1,1,0.0,-1,56,0.017857142857142856
2018-01-20,2018-01-20 01:00:00,1,5,weekend,normal,post_recovery,core_near,0,1,1,0.0,-1,56,0.017857142857142856
2018-01-20,2018-01-20 02:00:00,2,5,weekend,normal,post_recovery,core_near,2,1,3,0.6666666666666666,1,56,0.05357142857142857
2018-01-20,2018-01-20 03:00:00,3,5,weekend,normal,post_recovery,core_near,0,1,1,0.0,-1,56,0.017857142857142856
2018-01-20,2018-01-20 04:00:00,4,5,weekend,normal,post_recovery,core_near,0,0,0,,0,56,0.0
2018-01-20,2018-01-20 05:00:00,5,5,weekend,normal,post_recovery,core_near,0,0,0,,0,56,0.0
2018-01-20,2018-01-20 06:00:00,6,5,weekend,normal,post_recovery,core_near,2,1,3,0.6666666666666666,1,56,0.05357142857142857
2018-01-20,2018-01-20 07:00:00,7,5,weekend,normal,post_recovery,core_near,1,2,3,0.3333333333333333,-1,56,0.05357142857142857
2018-01-20,2018-01-20 08:00:00,8,5,weekend,normal,post_recovery,core_near,0,0,0,,0,56,0.0
2018-01-20,2018-01-20 09:00:00,9,5,weekend,normal,post_recovery,core_near,0,3,3,0.0,-3,56,0.05357142857142857
2018-01-20,2018-01-20 10:00:00,10,5,weekend,normal,post_recovery,core_near,5,0,5,1.0,5,56,0.08928571428571429
2018-01-20,2018-01-20 11:00:00,11,5,weekend,normal,post_recovery,core_near,2,4,6,0.3333333333333333,-2,56,0.10714285714285714
2018-01-20,2018-01-20 12:00:00,12,5,weekend,normal,post_recovery,core_near,0,1,1,0.0,-1,56,0.017857142857142856
2018-01-20,2018-01-20 13:00:00,13,5,weekend,normal,post_recovery,core_near,0,0,0,,0,56,0.0
2018-01-20,2018-01-20 14:00:00,14,5,weekend,normal,post_recovery,core_near,1,0,1,1.0,1,56,0.017857142857142856
2018-01-20,2018-01-20 15:00:00,15,5,weekend,normal,post_recovery,core_near,2,3,5,0.4,-1,56,0.08928571428571429
2018-01-20,2018-01-20 16:00:00,16,5,weekend,normal,post_recovery,core_near,2,2,4,0.5,0,56,0.07142857142857142
2018-01-20,2018-01-20 17:00:00,17,5,weekend,normal,post_recovery,core_near,1,2,3,0.3333333333333333,-1,56,0.05357142857142857
2018-01-20,2018-01-20 18:00:00,18,5,weekend,normal,post_recovery,core_near,1,2,3,0.3333333333333333,-1,56,0.05357142857142857
2018-01-20,2018-01-20 19:00:00,19,5,weekend,normal,post_recovery,core_near,3,1,4,0.75,2,56,0.07142857142857142
2018-01-20,2018-01-20 20:00:00,20,5,weekend,normal,post_recovery,core_near,1,0,1,1.0,1,56,0.017857142857142856
2018-01-20,2018-01-20 21:00:00,21,5,weekend,normal,post_recovery,core_near,3,0,3,1.0,3,56,0.05357142857142857
2018-01-20,2018-01-20 22:00:00,22,5,weekend,normal,post_recovery,core_near,2,1,3,0.6666666666666666,1,56,0.05357142857142857
2018-01-20,2018-01-20 23:00:00,23,5,weekend,normal,post_recovery,core_near,2,0,2,1.0,2,56,0.03571428571428571
2018-01-21,2018-01-21 00:00:00,0,6,weekend,normal,post_recovery,core_near,0,4,4,0.0,-4,54,0.07407407407407407
2018-01-21,2018-01-21 01:00:00,1,6,weekend,normal,post_recovery,core_near,0,0,0,,0,54,0.0
2018-01-21,2018-01-21 02:00:00,2,6,weekend,normal,post_recovery,core_near,1,2,3,0.3333333333333333,-1,54,0.05555555555555555
2018-01-21,2018-01-21 03:00:00,3,6,weekend,normal,post_recovery,core_near,2,1,3,0.6666666666666666,1,54,0.05555555555555555
2018-01-21,2018-01-21 04:00:00,4,6,weekend,normal,post_recovery,core_near,1,1,2,0.5,0,54,0.037037037037037035
2018-01-21,2018-01-21 05:00:00,5,6,weekend,normal,post_recovery,core_near,0,1,1,0.0,-1,54,0.018518518518518517
2018-01-21,2018-01-21 06:00:00,6,6,weekend,normal,post_recovery,core_near,0,1,1,0.0,-1,54,0.018518518518518517
2018-01-21,2018-01-21 07:00:00,7,6,weekend,normal,post_recovery,core_near,0,1,1,0.0,-1,54,0.018518518518518517
2018-01-21,2018-01-21 08:00:00,8,6,weekend,normal,post_recovery,core_near,2,0,2,1.0,2,54,0.037037037037037035
2018-01-21,2018-01-21 09:00:00,9,6,weekend,normal,post_recovery,core_near,1,0,1,1.0,1,54,0.018518518518518517
2018-01-21,2018-01-21 10:00:00,10,6,weekend,normal,post_recovery,core_near,1,1,2,0.5,0,54,0.037037037037037035
2018-01-21,2018-01-21 11:00:00,11,6,weekend,normal,post_recovery,core_near,1,0,1,1.0,1,54,0.018518518518518517
2018-01-21,2018-01-21 12:00:00,12,6,weekend,normal,post_recovery,core_near,0,2,2,0.0,-2,54,0.037037037037037035
2018-01-21,2018-01-21 13:00:00,13,6,weekend,normal,post_recovery,core_near,0,0,0,,0,54,0.0
2018-01-21,2018-01-21 14:00:00,14,6,weekend,normal,post_recovery,core_near,2,0,2,1.0,2,54,0.037037037037037035
2018-01-21,2018-01-21 15:00:00,15,6,weekend,normal,post_recovery,core_near,1,3,4,0.25,-2,54,0.07407407407407407
2018-01-21,2018-01-21 16:00:00,16,6,weekend,normal,post_recovery,core_near,1,1,2,0.5,0,54,0.037037037037037035
2018-01-21,2018-01-21 17:00:00,17,6,weekend,normal,post_recovery,core_near,0,1,1,0.0,-1,54,0.018518518518518517
2018-01-21,2018-01-21 18:00:00,18,6,weekend,normal,post_recovery,core_near,0,3,3,0.0,-3,54,0.05555555555555555
2018-01-21,2018-01-21 19:00:00,19,6,weekend,normal,post_recovery,core_near,4,1,5,0.8,3,54,0.09259259259259259
2018-01-21,2018-01-21 20:00:00,20,6,weekend,normal,post_recovery,core_near,3,2,5,0.6,1,54,0.09259259259259259
2018-01-21,2018-01-21 21:00:00,21,6,weekend,normal,post_recovery,core_near,0,2,2,0.0,-2,54,0.037037037037037035
2018-01-21,2018-01-21 22:00:00,22,6,weekend,normal,post_recovery,core_near,0,4,4,0.0,-4,54,0.07407407407407407
2018-01-21,2018-01-21 23:00:00,23,6,weekend,normal,post_recovery,core_near,2,1,3,0.6666666666666666,1,54,0.05555555555555555
2018-01-22,2018-01-22 00:00:00,0,0,weekday,normal,post_recovery,core_near,0,0,0,,0,36,0.0
2018-01-22,2018-01-22 01:00:00,1,0,weekday,normal,post_recovery,core_near,0,0,0,,0,36,0.0
2018-01-22,2018-01-22 02:00:00,2,0,weekday,normal,post_recovery,core_near,0,0,0,,0,36,0.0
2018-01-22,2018-01-22 03:00:00,3,0,weekday,normal,post_recovery,core_near,0,0,0,,0,36,0.0
2018-01-22,2018-01-22 04:00:00,4,0,weekday,normal,post_recovery,core_near,0,0,0,,0,36,0.0
2018-01-22,2018-01-22 05:00:00,5,0,weekday,normal,post_recovery,core_near,0,0,0,,0,36,0.0
2018-01-22,2018-01-22 06:00:00,6,0,weekday,normal,post_recovery,core_near,1,0,1,1.0,1,36,0.027777777777777776
2018-01-22,2018-01-22 07:00:00,7,0,weekday,normal,post_recovery,core_near,3,0,3,1.0,3,36,0.08333333333333333
2018-01-22,2018-01-22 08:00:00,8,0,weekday,normal,post_recovery,core_near,0,3,3,0.0,-3,36,0.08333333333333333
2018-01-22,2018-01-22 09:00:00,9,0,weekday,normal,post_recovery,core_near,0,0,0,,0,36,0.0
2018-01-22,2018-01-22 10:00:00,10,0,weekday,normal,post_recovery,core_near,1,1,2,0.5,0,36,0.05555555555555555
2018-01-22,2018-01-22 11:00:00,11,0,weekday,normal,post_recovery,core_near,3,0,3,1.0,3,36,0.08333333333333333
2018-01-22,2018-01-22 12:00:00,12,0,weekday,normal,post_recovery,core_near,1,3,4,0.25,-2,36,0.1111111111111111
2018-01-22,2018-01-22 13:00:00,13,0,weekday,normal,post_recovery,core_near,0,0,0,,0,36,0.0
2018-01-22,2018-01-22 14:00:00,14,0,weekday,normal,post_recovery,core_near,0,1,1,0.0,-1,36,0.027777777777777776
2018-01-22,2018-01-22 15:00:00,15,0,weekday,normal,post_recovery,core_near,0,0,0,,0,36,0.0
2018-01-22,2018-01-22 16:00:00,16,0,weekday,normal,post_recovery,core_near,3,0,3,1.0,3,36,0.08333333333333333
2018-01-22,2018-01-22 17:00:00,17,0,weekday,normal,post_recovery,core_near,0,1,1,0.0,-1,36,0.027777777777777776
2018-01-22,2018-01-22 18:00:00,18,0,weekday,normal,post_recovery,core_near,3,4,7,0.42857142857142855,-1,36,0.19444444444444445
2018-01-22,2018-01-22 19:00:00,19,0,weekday,normal,post_recovery,core_near,0,2,2,0.0,-2,36,0.05555555555555555
2018-01-22,2018-01-22 20:00:00,20,0,weekday,normal,post_recovery,core_near,0,1,1,0.0,-1,36,0.027777777777777776
2018-01-22,2018-01-22 21:00:00,21,0,weekday,normal,post_recovery,core_near,0,0,0,,0,36,0.0
2018-01-22,2018-01-22 22:00:00,22,0,weekday,normal,post_recovery,core_near,1,1,2,0.5,0,36,0.05555555555555555
2018-01-22,2018-01-22 23:00:00,23,0,weekday,normal,post_recovery,core_near,2,1,3,0.6666666666666666,1,36,0.08333333333333333
2018-01-23,2018-01-23 00:00:00,0,1,weekday,normal,post_recovery,core_near,0,2,2,0.0,-2,57,0.03508771929824561
2018-01-23,2018-01-23 01:00:00,1,1,weekday,normal,post_recovery,core_near,0,0,0,,0,57,0.0
2018-01-23,2018-01-23 02:00:00,2,1,weekday,normal,post_recovery,core_near,3,0,3,1.0,3,57,0.05263157894736842
2018-01-23,2018-01-23 03:00:00,3,1,weekday,normal,post_recovery,core_near,0,3,3,0.0,-3,57,0.05263157894736842
2018-01-23,2018-01-23 04:00:00,4,1,weekday,normal,post_recovery,core_near,0,0,0,,0,57,0.0
2018-01-23,2018-01-23 05:00:00,5,1,weekday,normal,post_recovery,core_near,0,0,0,,0,57,0.0
2018-01-23,2018-01-23 06:00:00,6,1,weekday,normal,post_recovery,core_near,4,0,4,1.0,4,57,0.07017543859649122
2018-01-23,2018-01-23 07:00:00,7,1,weekday,normal,post_recovery,core_near,0,4,4,0.0,-4,57,0.07017543859649122
2018-01-23,2018-01-23 08:00:00,8,1,weekday,normal,post_recovery,core_near,2,1,3,0.6666666666666666,1,57,0.05263157894736842
2018-01-23,2018-01-23 09:00:00,9,1,weekday,normal,post_recovery,core_near,1,0,1,1.0,1,57,0.017543859649122806
2018-01-23,2018-01-23 10:00:00,10,1,weekday,normal,post_recovery,core_near,4,0,4,1.0,4,57,0.07017543859649122
2018-01-23,2018-01-23 11:00:00,11,1,weekday,normal,post_recovery,core_near,0,3,3,0.0,-3,57,0.05263157894736842
2018-01-23,2018-01-23 12:00:00,12,1,weekday,normal,post_recovery,core_near,1,1,2,0.5,0,57,0.03508771929824561
2018-01-23,2018-01-23 13:00:00,13,1,weekday,normal,post_recovery,core_near,0,1,1,0.0,-1,57,0.017543859649122806
2018-01-23,2018-01-23 14:00:00,14,1,weekday,normal,post_recovery,core_near,2,1,3,0.6666666666666666,1,57,0.05263157894736842
2018-01-23,2018-01-23 15:00:00,15,1,weekday,normal,post_recovery,core_near,1,2,3,0.3333333333333333,-1,57,0.05263157894736842
2018-01-23,2018-01-23 16:00:00,16,1,weekday,normal,post_recovery,core_near,2,1,3,0.6666666666666666,1,57,0.05263157894736842
2018-01-23,2018-01-23 17:00:00,17,1,weekday,normal,post_recovery,core_near,0,1,1,0.0,-1,57,0.017543859649122806
2018-01-23,2018-01-23 18:00:00,18,1,weekday,normal,post_recovery,core_near,2,1,3,0.6666666666666666,1,57,0.05263157894736842
2018-01-23,2018-01-23 19:00:00,19,1,weekday,normal,post_recovery,core_near,3,1,4,0.75,2,57,0.07017543859649122
2018-01-23,2018-01-23 20:00:00,20,1,weekday,normal,post_recovery,core_near,0,4,4,0.0,-4,57,0.07017543859649122
2018-01-23,2018-01-23 21:00:00,21,1,weekday,normal,post_recovery,core_near,0,1,1,0.0,-1,57,0.017543859649122806
2018-01-23,2018-01-23 22:00:00,22,1,weekday,normal,post_recovery,core_near,2,0,2,1.0,2,57,0.03508771929824561
2018-01-23,2018-01-23 23:00:00,23,1,weekday,normal,post_recovery,core_near,2,1,3,0.6666666666666666,1,57,0.05263157894736842
2018-01-24,2018-01-24 00:00:00,0,2,weekday,normal,post_recovery,core_near,0,2,2,0.0,-2,67,0.029850746268656716
2018-01-24,2018-01-24 01:00:00,1,2,weekday,normal,post_recovery,core_near,0,2,2,0.0,-2,67,0.029850746268656716
2018-01-24,2018-01-24 02:00:00,2,2,weekday,normal,post_recovery,core_near,0,2,2,0.0,-2,67,0.029850746268656716
2018-01-24,2018-01-24 03:00:00,3,2,weekday,normal,post_recovery,core_near,1,0,1,1.0,1,67,0.014925373134328358
2018-01-24,2018-01-24 04:00:00,4,2,weekday,normal,post_recovery,core_near,2,0,2,1.0,2,67,0.029850746268656716
2018-01-24,2018-01-24 05:00:00,5,2,weekday,normal,post_recovery,core_near,0,0,0,,0,67,0.0
2018-01-24,2018-01-24 06:00:00,6,2,weekday,normal,post_recovery,core_near,0,0,0,,0,67,0.0
2018-01-24,2018-01-24 07:00:00,7,2,weekday,normal,post_recovery,core_near,1,0,1,1.0,1,67,0.014925373134328358
2018-01-24,2018-01-24 08:00:00,8,2,weekday,normal,post_recovery,core_near,0,1,1,0.0,-1,67,0.014925373134328358
2018-01-24,2018-01-24 09:00:00,9,2,weekday,normal,post_recovery,core_near,2,2,4,0.5,0,67,0.05970149253731343
2018-01-24,2018-01-24 10:00:00,10,2,weekday,normal,post_recovery,core_near,1,2,3,0.3333333333333333,-1,67,0.04477611940298507
2018-01-24,2018-01-24 11:00:00,11,2,weekday,normal,post_recovery,core_near,1,1,2,0.5,0,67,0.029850746268656716
2018-01-24,2018-01-24 12:00:00,12,2,weekday,normal,post_recovery,core_near,1,0,1,1.0,1,67,0.014925373134328358
2018-01-24,2018-01-24 13:00:00,13,2,weekday,normal,post_recovery,core_near,0,1,1,0.0,-1,67,0.014925373134328358
2018-01-24,2018-01-24 14:00:00,14,2,weekday,normal,post_recovery,core_near,7,1,8,0.875,6,67,0.11940298507462686
2018-01-24,2018-01-24 15:00:00,15,2,weekday,normal,post_recovery,core_near,2,4,6,0.3333333333333333,-2,67,0.08955223880597014
2018-01-24,2018-01-24 16:00:00,16,2,weekday,normal,post_recovery,core_near,2,4,6,0.3333333333333333,-2,67,0.08955223880597014
2018-01-24,2018-01-24 17:00:00,17,2,weekday,normal,post_recovery,core_near,2,1,3,0.6666666666666666,1,67,0.04477611940298507
2018-01-24,2018-01-24 18:00:00,18,2,weekday,normal,post_recovery,core_near,4,1,5,0.8,3,67,0.07462686567164178
2018-01-24,2018-01-24 19:00:00,19,2,weekday,normal,post_recovery,core_near,6,0,6,1.0,6,67,0.08955223880597014
2018-01-24,2018-01-24 20:00:00,20,2,weekday,normal,post_recovery,core_near,0,9,9,0.0,-9,67,0.13432835820895522
2018-01-24,2018-01-24 21:00:00,21,2,weekday,normal,post_recovery,core_near,0,0,0,,0,67,0.0
2018-01-24,2018-01-24 22:00:00,22,2,weekday,normal,post_recovery,core_near,2,0,2,1.0,2,67,0.029850746268656716
2018-01-01,2018-01-01 00:00:00,0,0,weekday,normal,pre_outage,near_outer,0,0,0,,0,19,0.0
2018-01-01,2018-01-01 01:00:00,1,0,weekday,normal,pre_outage,near_outer,0,1,1,0.0,-1,19,0.05263157894736842
2018-01-01,2018-01-01 02:00:00,2,0,weekday,normal,pre_outage,near_outer,0,0,0,,0,19,0.0
2018-01-01,2018-01-01 03:00:00,3,0,weekday,normal,pre_outage,near_outer,1,0,1,1.0,1,19,0.05263157894736842
2018-01-01,2018-01-01 04:00:00,4,0,weekday,normal,pre_outage,near_outer,0,0,0,,0,19,0.0
2018-01-01,2018-01-01 05:00:00,5,0,weekday,normal,pre_outage,near_outer,0,0,0,,0,19,0.0
2018-01-01,2018-01-01 06:00:00,6,0,weekday,normal,pre_outage,near_outer,0,0,0,,0,19,0.0
2018-01-01,2018-01-01 07:00:00,7,0,weekday,normal,pre_outage,near_outer,2,0,2,1.0,2,19,0.10526315789473684
2018-01-01,2018-01-01 08:00:00,8,0,weekday,normal,pre_outage,near_outer,0,0,0,,0,19,0.0
2018-01-01,2018-01-01 09:00:00,9,0,weekday,normal,pre_outage,near_outer,1,2,3,0.3333333333333333,-1,19,0.15789473684210525
2018-01-01,2018-01-01 10:00:00,10,0,weekday,normal,pre_outage,near_outer,0,0,0,,0,19,0.0
2018-01-01,2018-01-01 11:00:00,11,0,weekday,normal,pre_outage,near_outer,1,0,1,1.0,1,19,0.05263157894736842
2018-01-01,2018-01-01 12:00:00,12,0,weekday,normal,pre_outage,near_outer,0,0,0,,0,19,0.0
2018-01-01,2018-01-01 13:00:00,13,0,weekday,normal,pre_outage,near_outer,0,2,2,0.0,-2,19,0.10526315789473684
2018-01-01,2018-01-01 14:00:00,14,0,weekday,normal,pre_outage,near_outer,0,1,1,0.0,-1,19,0.05263157894736842
2018-01-01,2018-01-01 15:00:00,15,0,weekday,normal,pre_outage,near_outer,1,0,1,1.0,1,19,0.05263157894736842
2018-01-01,2018-01-01 16:00:00,16,0,weekday,normal,pre_outage,near_outer,0,2,2,0.0,-2,19,0.10526315789473684
2018-01-01,2018-01-01 17:00:00,17,0,weekday,normal,pre_outage,near_outer,0,1,1,0.0,-1,19,0.05263157894736842
2018-01-01,2018-01-01 18:00:00,18,0,weekday,normal,pre_outage,near_outer,0,1,1,0.0,-1,19,0.05263157894736842
2018-01-01,2018-01-01 19:00:00,19,0,weekday,normal,pre_outage,near_outer,1,0,1,1.0,1,19,0.05263157894736842
2018-01-01,2018-01-01 20:00:00,20,0,weekday,normal,pre_outage,near_outer,0,1,1,0.0,-1,19,0.05263157894736842
2018-01-01,2018-01-01 21:00:00,21,0,weekday,normal,pre_outage,near_outer,0,0,0,,0,19,0.0
2018-01-01,2018-01-01 22:00:00,22,0,weekday,normal,pre_outage,near_outer,0,0,0,,0,19,0.0
2018-01-01,2018-01-01 23:00:00,23,0,weekday,normal,pre_outage,near_outer,1,0,1,1.0,1,19,0.05263157894736842
2018-01-02,2018-01-02 00:00:00,0,1,weekday,normal,pre_outage,near_outer,0,0,0,,0,27,0.0
2018-01-02,2018-01-02 01:00:00,1,1,weekday,normal,pre_outage,near_outer,0,0,0,,0,27,0.0
2018-01-02,2018-01-02 02:00:00,2,1,weekday,normal,pre_outage,near_outer,0,0,0,,0,27,0.0
2018-01-02,2018-01-02 03:00:00,3,1,weekday,normal,pre_outage,near_outer,1,0,1,1.0,1,27,0.037037037037037035
2018-01-02,2018-01-02 04:00:00,4,1,weekday,normal,pre_outage,near_outer,0,1,1,0.0,-1,27,0.037037037037037035
2018-01-02,2018-01-02 05:00:00,5,1,weekday,normal,pre_outage,near_outer,0,1,1,0.0,-1,27,0.037037037037037035
2018-01-02,2018-01-02 06:00:00,6,1,weekday,normal,pre_outage,near_outer,0,0,0,,0,27,0.0
2018-01-02,2018-01-02 07:00:00,7,1,weekday,normal,pre_outage,near_outer,1,0,1,1.0,1,27,0.037037037037037035
2018-01-02,2018-01-02 08:00:00,8,1,weekday,normal,pre_outage,near_outer,0,0,0,,0,27,0.0
2018-01-02,2018-01-02 09:00:00,9,1,weekday,normal,pre_outage,near_outer,1,1,2,0.5,0,27,0.07407407407407407
2018-01-02,2018-01-02 10:00:00,10,1,weekday,normal,pre_outage,near_outer,0,4,4,0.0,-4,27,0.14814814814814814
2018-01-02,2018-01-02 11:00:00,11,1,weekday,normal,pre_outage,near_outer,0,0,0,,0,27,0.0
2018-01-02,2018-01-02 12:00:00,12,1,weekday,normal,pre_outage,near_outer,2,1,3,0.6666666666666666,1,27,0.1111111111111111
2018-01-02,2018-01-02 13:00:00,13,1,weekday,normal,pre_outage,near_outer,0,1,1,0.0,-1,27,0.037037037037037035
2018-01-02,2018-01-02 14:00:00,14,1,weekday,normal,pre_outage,near_outer,2,0,2,1.0,2,27,0.07407407407407407
2018-01-02,2018-01-02 15:00:00,15,1,weekday,normal,pre_outage,near_outer,1,0,1,1.0,1,27,0.037037037037037035
2018-01-02,2018-01-02 16:00:00,16,1,weekday,normal,pre_outage,near_outer,1,1,2,0.5,0,27,0.07407407407407407
2018-01-02,2018-01-02 17:00:00,17,1,weekday,normal,pre_outage,near_outer,0,1,1,0.0,-1,27,0.037037037037037035
2018-01-02,2018-01-02 18:00:00,18,1,weekday,normal,pre_outage,near_outer,0,1,1,0.0,-1,27,0.037037037037037035
2018-01-02,2018-01-02 19:00:00,19,1,weekday,normal,pre_outage,near_outer,2,0,2,1.0,2,27,0.07407407407407407
2018-01-02,2018-01-02 20:00:00,20,1,weekday,normal,pre_outage,near_outer,0,0,0,,0,27,0.0
2018-01-02,2018-01-02 21:00:00,21,1,weekday,normal,pre_outage,near_outer,0,2,2,0.0,-2,27,0.07407407407407407
2018-01-02,2018-01-02 22:00:00,22,1,weekday,normal,pre_outage,near_outer,0,0,0,,0,27,0.0
2018-01-02,2018-01-02 23:00:00,23,1,weekday,normal,pre_outage,near_outer,2,0,2,1.0,2,27,0.07407407407407407
2018-01-03,2018-01-03 00:00:00,0,2,weekday,normal,pre_outage,near_outer,0,0,0,,0,16,0.0
2018-01-03,2018-01-03 01:00:00,1,2,weekday,normal,pre_outage,near_outer,0,0,0,,0,16,0.0
2018-01-03,2018-01-03 02:00:00,2,2,weekday,normal,pre_outage,near_outer,0,0,0,,0,16,0.0
2018-01-03,2018-01-03 03:00:00,3,2,weekday,normal,pre_outage,near_outer,1,0,1,1.0,1,16,0.0625
2018-01-03,2018-01-03 04:00:00,4,2,weekday,normal,pre_outage,near_outer,0,1,1,0.0,-1,16,0.0625
2018-01-03,2018-01-03 05:00:00,5,2,weekday,normal,pre_outage,near_outer,0,1,1,0.0,-1,16,0.0625
2018-01-03,2018-01-03 06:00:00,6,2,weekday,normal,pre_outage,near_outer,0,0,0,,0,16,0.0
2018-01-03,2018-01-03 07:00:00,7,2,weekday,normal,pre_outage,near_outer,0,0,0,,0,16,0.0
2018-01-03,2018-01-03 08:00:00,8,2,weekday,normal,pre_outage,near_outer,1,0,1,1.0,1,16,0.0625
2018-01-03,2018-01-03 09:00:00,9,2,weekday,normal,pre_outage,near_outer,1,0,1,1.0,1,16,0.0625
2018-01-03,2018-01-03 10:00:00,10,2,weekday,normal,pre_outage,near_outer,0,1,1,0.0,-1,16,0.0625
2018-01-03,2018-01-03 11:00:00,11,2,weekday,normal,pre_outage,near_outer,1,0,1,1.0,1,16,0.0625
2018-01-03,2018-01-03 12:00:00,12,2,weekday,normal,pre_outage,near_outer,0,0,0,,0,16,0.0
2018-01-03,2018-01-03 13:00:00,13,2,weekday,normal,pre_outage,near_outer,0,2,2,0.0,-2,16,0.125
2018-01-03,2018-01-03 14:00:00,14,2,weekday,normal,pre_outage,near_outer,0,1,1,0.0,-1,16,0.0625
2018-01-03,2018-01-03 15:00:00,15,2,weekday,normal,pre_outage,near_outer,0,0,0,,0,16,0.0
2018-01-03,2018-01-03 16:00:00,16,2,weekday,normal,pre_outage,near_outer,0,0,0,,0,16,0.0
2018-01-03,2018-01-03 17:00:00,17,2,weekday,normal,pre_outage,near_outer,1,0,1,1.0,1,16,0.0625
2018-01-03,2018-01-03 18:00:00,18,2,weekday,normal,pre_outage,near_outer,0,1,1,0.0,-1,16,0.0625
2018-01-03,2018-01-03 19:00:00,19,2,weekday,normal,pre_outage,near_outer,2,0,2,1.0,2,16,0.125
2018-01-03,2018-01-03 20:00:00,20,2,weekday,normal,pre_outage,near_outer,0,0,0,,0,16,0.0
2018-01-03,2018-01-03 21:00:00,21,2,weekday,normal,pre_outage,near_outer,0,1,1,0.0,-1,16,0.0625
2018-01-03,2018-01-03 22:00:00,22,2,weekday,normal,pre_outage,near_outer,0,0,0,,0,16,0.0
2018-01-03,2018-01-03 23:00:00,23,2,weekday,normal,pre_outage,near_outer,1,0,1,1.0,1,16,0.0625
2018-01-04,2018-01-04 00:00:00,0,3,weekday,normal,pre_outage,near_outer,0,0,0,,0,18,0.0
2018-01-04,2018-01-04 01:00:00,1,3,weekday,normal,pre_outage,near_outer,0,0,0,,0,18,0.0
2018-01-04,2018-01-04 02:00:00,2,3,weekday,normal,pre_outage,near_outer,0,0,0,,0,18,0.0
2018-01-04,2018-01-04 03:00:00,3,3,weekday,normal,pre_outage,near_outer,0,1,1,0.0,-1,18,0.05555555555555555
2018-01-04,2018-01-04 04:00:00,4,3,weekday,normal,pre_outage,near_outer,1,0,1,1.0,1,18,0.05555555555555555
2018-01-04,2018-01-04 05:00:00,5,3,weekday,normal,pre_outage,near_outer,0,2,2,0.0,-2,18,0.1111111111111111
2018-01-04,2018-01-04 06:00:00,6,3,weekday,normal,pre_outage,near_outer,0,0,0,,0,18,0.0
2018-01-04,2018-01-04 07:00:00,7,3,weekday,normal,pre_outage,near_outer,0,3,3,0.0,-3,18,0.16666666666666666
2018-01-04,2018-01-04 08:00:00,8,3,weekday,normal,pre_outage,near_outer,1,0,1,1.0,1,18,0.05555555555555555
2018-01-04,2018-01-04 09:00:00,9,3,weekday,normal,pre_outage,near_outer,1,0,1,1.0,1,18,0.05555555555555555
2018-01-04,2018-01-04 10:00:00,10,3,weekday,normal,pre_outage,near_outer,0,1,1,0.0,-1,18,0.05555555555555555
2018-01-04,2018-01-04 11:00:00,11,3,weekday,normal,pre_outage,near_outer,0,1,1,0.0,-1,18,0.05555555555555555
2018-01-04,2018-01-04 12:00:00,12,3,weekday,normal,pre_outage,near_outer,0,0,0,,0,18,0.0
2018-01-04,2018-01-04 13:00:00,13,3,weekday,normal,pre_outage,near_outer,1,1,2,0.5,0,18,0.1111111111111111
2018-01-04,2018-01-04 14:00:00,14,3,weekday,normal,pre_outage,near_outer,0,0,0,,0,18,0.0
2018-01-04,2018-01-04 15:00:00,15,3,weekday,normal,pre_outage,near_outer,0,1,1,0.0,-1,18,0.05555555555555555
2018-01-04,2018-01-04 16:00:00,16,3,weekday,normal,pre_outage,near_outer,0,0,0,,0,18,0.0
2018-01-04,2018-01-04 17:00:00,17,3,weekday,normal,pre_outage,near_outer,0,0,0,,0,18,0.0
2018-01-04,2018-01-04 18:00:00,18,3,weekday,normal,pre_outage,near_outer,0,1,1,0.0,-1,18,0.05555555555555555
2018-01-04,2018-01-04 19:00:00,19,3,weekday,normal,pre_outage,near_outer,3,0,3,1.0,3,18,0.16666666666666666
2018-01-04,2018-01-04 20:00:00,20,3,weekday,normal,pre_outage,near_outer,0,0,0,,0,18,0.0
2018-01-04,2018-01-04 21:00:00,21,3,weekday,normal,pre_outage,near_outer,0,0,0,,0,18,0.0
2018-01-04,2018-01-04 22:00:00,22,3,weekday,normal,pre_outage,near_outer,0,0,0,,0,18,0.0
2018-01-04,2018-01-04 23:00:00,23,3,weekday,normal,pre_outage,near_outer,0,0,0,,0,18,0.0
2018-01-05,2018-01-05 00:00:00,0,4,weekday,normal,pre_outage,near_outer,0,0,0,,0,18,0.0
2018-01-05,2018-01-05 01:00:00,1,4,weekday,normal,pre_outage,near_outer,0,1,1,0.0,-1,18,0.05555555555555555
2018-01-05,2018-01-05 02:00:00,2,4,weekday,normal,pre_outage,near_outer,0,0,0,,0,18,0.0
2018-01-05,2018-01-05 03:00:00,3,4,weekday,normal,pre_outage,near_outer,1,0,1,1.0,1,18,0.05555555555555555
2018-01-05,2018-01-05 04:00:00,4,4,weekday,normal,pre_outage,near_outer,0,0,0,,0,18,0.0
2018-01-05,2018-01-05 05:00:00,5,4,weekday,normal,pre_outage,near_outer,0,2,2,0.0,-2,18,0.1111111111111111
2018-01-05,2018-01-05 06:00:00,6,4,weekday,normal,pre_outage,near_outer,0,0,0,,0,18,0.0
2018-01-05,2018-01-05 07:00:00,7,4,weekday,normal,pre_outage,near_outer,1,0,1,1.0,1,18,0.05555555555555555
2018-01-05,2018-01-05 08:00:00,8,4,weekday,normal,pre_outage,near_outer,0,0,0,,0,18,0.0
2018-01-05,2018-01-05 09:00:00,9,4,weekday,normal,pre_outage,near_outer,1,0,1,1.0,1,18,0.05555555555555555
2018-01-05,2018-01-05 10:00:00,10,4,weekday,normal,pre_outage,near_outer,0,0,0,,0,18,0.0
2018-01-05,2018-01-05 11:00:00,11,4,weekday,normal,pre_outage,near_outer,2,0,2,1.0,2,18,0.1111111111111111
2018-01-05,2018-01-05 12:00:00,12,4,weekday,normal,pre_outage,near_outer,1,1,2,0.5,0,18,0.1111111111111111
2018-01-05,2018-01-05 13:00:00,13,4,weekday,normal,pre_outage,near_outer,0,1,1,0.0,-1,18,0.05555555555555555
2018-01-05,2018-01-05 14:00:00,14,4,weekday,normal,pre_outage,near_outer,0,0,0,,0,18,0.0
2018-01-05,2018-01-05 15:00:00,15,4,weekday,normal,pre_outage,near_outer,1,2,3,0.3333333333333333,-1,18,0.16666666666666666
2018-01-05,2018-01-05 16:00:00,16,4,weekday,normal,pre_outage,near_outer,0,0,0,,0,18,0.0
2018-01-05,2018-01-05 17:00:00,17,4,weekday,normal,pre_outage,near_outer,0,1,1,0.0,-1,18,0.05555555555555555
2018-01-05,2018-01-05 18:00:00,18,4,weekday,normal,pre_outage,near_outer,0,0,0,,0,18,0.0
2018-01-05,2018-01-05 19:00:00,19,4,weekday,normal,pre_outage,near_outer,1,0,1,1.0,1,18,0.05555555555555555
2018-01-05,2018-01-05 20:00:00,20,4,weekday,normal,pre_outage,near_outer,0,1,1,0.0,-1,18,0.05555555555555555
2018-01-05,2018-01-05 21:00:00,21,4,weekday,normal,pre_outage,near_outer,0,1,1,0.0,-1,18,0.05555555555555555
2018-01-05,2018-01-05 22:00:00,22,4,weekday,normal,pre_outage,near_outer,0,0,0,,0,18,0.0
2018-01-05,2018-01-05 23:00:00,23,4,weekday,normal,pre_outage,near_outer,0,0,0,,0,18,0.0
2018-01-06,2018-01-06 00:00:00,0,5,weekend,normal,pre_outage,near_outer,0,0,0,,0,26,0.0
2018-01-06,2018-01-06 01:00:00,1,5,weekend,normal,pre_outage,near_outer,0,1,1,0.0,-1,26,0.038461538461538464
2018-01-06,2018-01-06 02:00:00,2,5,weekend,normal,pre_outage,near_outer,0,0,0,,0,26,0.0
2018-01-06,2018-01-06 03:00:00,3,5,weekend,normal,pre_outage,near_outer,1,0,1,1.0,1,26,0.038461538461538464
2018-01-06,2018-01-06 04:00:00,4,5,weekend,normal,pre_outage,near_outer,0,0,0,,0,26,0.0
2018-01-06,2018-01-06 05:00:00,5,5,weekend,normal,pre_outage,near_outer,0,2,2,0.0,-2,26,0.07692307692307693
2018-01-06,2018-01-06 06:00:00,6,5,weekend,normal,pre_outage,near_outer,0,0,0,,0,26,0.0
2018-01-06,2018-01-06 07:00:00,7,5,weekend,normal,pre_outage,near_outer,1,1,2,0.5,0,26,0.07692307692307693
2018-01-06,2018-01-06 08:00:00,8,5,weekend,normal,pre_outage,near_outer,0,0,0,,0,26,0.0
2018-01-06,2018-01-06 09:00:00,9,5,weekend,normal,pre_outage,near_outer,1,3,4,0.25,-2,26,0.15384615384615385
2018-01-06,2018-01-06 10:00:00,10,5,weekend,normal,pre_outage,near_outer,0,1,1,0.0,-1,26,0.038461538461538464
2018-01-06,2018-01-06 11:00:00,11,5,weekend,normal,pre_outage,near_outer,5,0,5,1.0,5,26,0.19230769230769232
2018-01-06,2018-01-06 12:00:00,12,5,weekend,normal,pre_outage,near_outer,0,1,1,0.0,-1,26,0.038461538461538464
2018-01-06,2018-01-06 13:00:00,13,5,weekend,normal,pre_outage,near_outer,0,0,0,,0,26,0.0
2018-01-06,2018-01-06 14:00:00,14,5,weekend,normal,pre_outage,near_outer,1,0,1,1.0,1,26,0.038461538461538464
2018-01-06,2018-01-06 15:00:00,15,5,weekend,normal,pre_outage,near_outer,0,1,1,0.0,-1,26,0.038461538461538464
2018-01-06,2018-01-06 16:00:00,16,5,weekend,normal,pre_outage,near_outer,0,0,0,,0,26,0.0
2018-01-06,2018-01-06 17:00:00,17,5,weekend,normal,pre_outage,near_outer,0,1,1,0.0,-1,26,0.038461538461538464
2018-01-06,2018-01-06 18:00:00,18,5,weekend,normal,pre_outage,near_outer,1,0,1,1.0,1,26,0.038461538461538464
2018-01-06,2018-01-06 19:00:00,19,5,weekend,normal,pre_outage,near_outer,1,0,1,1.0,1,26,0.038461538461538464
2018-01-06,2018-01-06 20:00:00,20,5,weekend,normal,pre_outage,near_outer,0,0,0,,0,26,0.0
2018-01-06,2018-01-06 21:00:00,21,5,weekend,normal,pre_outage,near_outer,0,0,0,,0,26,0.0
2018-01-06,2018-01-06 22:00:00,22,5,weekend,normal,pre_outage,near_outer,0,0,0,,0,26,0.0
2018-01-06,2018-01-06 23:00:00,23,5,weekend,normal,pre_outage,near_outer,4,0,4,1.0,4,26,0.15384615384615385
2018-01-07,2018-01-07 00:00:00,0,6,weekend,normal,pre_outage,near_outer,0,0,0,,0,14,0.0
2018-01-07,2018-01-07 01:00:00,1,6,weekend,normal,pre_outage,near_outer,0,1,1,0.0,-1,14,0.07142857142857142
2018-01-07,2018-01-07 02:00:00,2,6,weekend,normal,pre_outage,near_outer,0,0,0,,0,14,0.0
2018-01-07,2018-01-07 03:00:00,3,6,weekend,normal,pre_outage,near_outer,0,0,0,,0,14,0.0
2018-01-07,2018-01-07 04:00:00,4,6,weekend,normal,pre_outage,near_outer,0,0,0,,0,14,0.0
2018-01-07,2018-01-07 05:00:00,5,6,weekend,normal,pre_outage,near_outer,0,0,0,,0,14,0.0
2018-01-07,2018-01-07 06:00:00,6,6,weekend,normal,pre_outage,near_outer,0,0,0,,0,14,0.0
2018-01-07,2018-01-07 07:00:00,7,6,weekend,normal,pre_outage,near_outer,1,0,1,1.0,1,14,0.07142857142857142
2018-01-07,2018-01-07 08:00:00,8,6,weekend,normal,pre_outage,near_outer,1,1,2,0.5,0,14,0.14285714285714285
2018-01-07,2018-01-07 09:00:00,9,6,weekend,normal,pre_outage,near_outer,0,0,0,,0,14,0.0
2018-01-07,2018-01-07 10:00:00,10,6,weekend,normal,pre_outage,near_outer,0,1,1,0.0,-1,14,0.07142857142857142
2018-01-07,2018-01-07 11:00:00,11,6,weekend,normal,pre_outage,near_outer,0,0,0,,0,14,0.0
2018-01-07,2018-01-07 12:00:00,12,6,weekend,normal,pre_outage,near_outer,1,1,2,0.5,0,14,0.14285714285714285
2018-01-07,2018-01-07 13:00:00,13,6,weekend,normal,pre_outage,near_outer,0,1,1,0.0,-1,14,0.07142857142857142
2018-01-07,2018-01-07 14:00:00,14,6,weekend,normal,pre_outage,near_outer,1,0,1,1.0,1,14,0.07142857142857142
2018-01-07,2018-01-07 15:00:00,15,6,weekend,normal,pre_outage,near_outer,0,1,1,0.0,-1,14,0.07142857142857142
2018-01-07,2018-01-07 16:00:00,16,6,weekend,normal,pre_outage,near_outer,0,0,0,,0,14,0.0
2018-01-07,2018-01-07 17:00:00,17,6,weekend,normal,pre_outage,near_outer,0,2,2,0.0,-2,14,0.14285714285714285
2018-01-07,2018-01-07 18:00:00,18,6,weekend,normal,pre_outage,near_outer,0,0,0,,0,14,0.0
2018-01-07,2018-01-07 19:00:00,19,6,weekend,normal,pre_outage,near_outer,2,0,2,1.0,2,14,0.14285714285714285
2018-01-07,2018-01-07 20:00:00,20,6,weekend,normal,pre_outage,near_outer,0,0,0,,0,14,0.0
2018-01-07,2018-01-07 21:00:00,21,6,weekend,normal,pre_outage,near_outer,0,0,0,,0,14,0.0
2018-01-07,2018-01-07 22:00:00,22,6,weekend,normal,pre_outage,near_outer,0,0,0,,0,14,0.0
2018-01-07,2018-01-07 23:00:00,23,6,weekend,normal,pre_outage,near_outer,0,0,0,,0,14,0.0
2018-01-08,2018-01-08 00:00:00,0,0,weekday,normal,pre_outage,near_outer,0,0,0,,0,15,0.0
2018-01-08,2018-01-08 01:00:00,1,0,weekday,normal,pre_outage,near_outer,0,0,0,,0,15,0.0
2018-01-08,2018-01-08 02:00:00,2,0,weekday,normal,pre_outage,near_outer,0,0,0,,0,15,0.0
2018-01-08,2018-01-08 03:00:00,3,0,weekday,normal,pre_outage,near_outer,0,0,0,,0,15,0.0
2018-01-08,2018-01-08 04:00:00,4,0,weekday,normal,pre_outage,near_outer,0,2,2,0.0,-2,15,0.13333333333333333
2018-01-08,2018-01-08 05:00:00,5,0,weekday,normal,pre_outage,near_outer,0,2,2,0.0,-2,15,0.13333333333333333
2018-01-08,2018-01-08 06:00:00,6,0,weekday,normal,pre_outage,near_outer,1,0,1,1.0,1,15,0.06666666666666667
2018-01-08,2018-01-08 07:00:00,7,0,weekday,normal,pre_outage,near_outer,0,0,0,,0,15,0.0
2018-01-08,2018-01-08 08:00:00,8,0,weekday,normal,pre_outage,near_outer,0,0,0,,0,15,0.0
2018-01-08,2018-01-08 09:00:00,9,0,weekday,normal,pre_outage,near_outer,0,1,1,0.0,-1,15,0.06666666666666667
2018-01-08,2018-01-08 10:00:00,10,0,weekday,normal,pre_outage,near_outer,0,0,0,,0,15,0.0
2018-01-08,2018-01-08 11:00:00,11,0,weekday,normal,pre_outage,near_outer,0,0,0,,0,15,0.0
2018-01-08,2018-01-08 12:00:00,12,0,weekday,normal,pre_outage,near_outer,0,0,0,,0,15,0.0
2018-01-08,2018-01-08 13:00:00,13,0,weekday,normal,pre_outage,near_outer,1,3,4,0.25,-2,15,0.26666666666666666
2018-01-08,2018-01-08 14:00:00,14,0,weekday,normal,pre_outage,near_outer,0,1,1,0.0,-1,15,0.06666666666666667
2018-01-08,2018-01-08 15:00:00,15,0,weekday,normal,pre_outage,near_outer,0,0,0,,0,15,0.0
2018-01-08,2018-01-08 16:00:00,16,0,weekday,normal,pre_outage,near_outer,2,0,2,1.0,2,15,0.13333333333333333
2018-01-08,2018-01-08 17:00:00,17,0,weekday,normal,pre_outage,near_outer,0,0,0,,0,15,0.0
2018-01-08,2018-01-08 18:00:00,18,0,weekday,normal,pre_outage,near_outer,0,1,1,0.0,-1,15,0.06666666666666667
2018-01-08,2018-01-08 19:00:00,19,0,weekday,normal,pre_outage,near_outer,0,0,0,,0,15,0.0
2018-01-08,2018-01-08 20:00:00,20,0,weekday,normal,pre_outage,near_outer,1,0,1,1.0,1,15,0.06666666666666667
2018-01-08,2018-01-08 21:00:00,21,0,weekday,normal,pre_outage,near_outer,0,0,0,,0,15,0.0
2018-01-08,2018-01-08 22:00:00,22,0,weekday,normal,pre_outage,near_outer,0,0,0,,0,15,0.0
2018-01-08,2018-01-08 23:00:00,23,0,weekday,normal,pre_outage,near_outer,0,0,0,,0,15,0.0
2018-01-09,2018-01-09 00:00:00,0,1,weekday,normal,pre_outage,near_outer,0,0,0,,0,23,0.0
2018-01-09,2018-01-09 01:00:00,1,1,weekday,normal,pre_outage,near_outer,3,0,3,1.0,3,23,0.13043478260869565
2018-01-09,2018-01-09 02:00:00,2,1,weekday,normal,pre_outage,near_outer,0,0,0,,0,23,0.0
2018-01-09,2018-01-09 03:00:00,3,1,weekday,normal,pre_outage,near_outer,0,0,0,,0,23,0.0
2018-01-09,2018-01-09 04:00:00,4,1,weekday,normal,pre_outage,near_outer,0,0,0,,0,23,0.0
2018-01-09,2018-01-09 05:00:00,5,1,weekday,normal,pre_outage,near_outer,0,0,0,,0,23,0.0
2018-01-09,2018-01-09 06:00:00,6,1,weekday,normal,pre_outage,near_outer,1,0,1,1.0,1,23,0.043478260869565216
2018-01-09,2018-01-09 07:00:00,7,1,weekday,normal,pre_outage,near_outer,0,5,5,0.0,-5,23,0.21739130434782608
2018-01-09,2018-01-09 08:00:00,8,1,weekday,normal,pre_outage,near_outer,3,0,3,1.0,3,23,0.13043478260869565
2018-01-09,2018-01-09 09:00:00,9,1,weekday,normal,pre_outage,near_outer,0,2,2,0.0,-2,23,0.08695652173913043
2018-01-09,2018-01-09 10:00:00,10,1,weekday,normal,pre_outage,near_outer,0,0,0,,0,23,0.0
2018-01-09,2018-01-09 11:00:00,11,1,weekday,normal,pre_outage,near_outer,1,0,1,1.0,1,23,0.043478260869565216
2018-01-09,2018-01-09 12:00:00,12,1,weekday,normal,pre_outage,near_outer,0,1,1,0.0,-1,23,0.043478260869565216
2018-01-09,2018-01-09 13:00:00,13,1,weekday,normal,pre_outage,near_outer,0,1,1,0.0,-1,23,0.043478260869565216
2018-01-09,2018-01-09 14:00:00,14,1,weekday,normal,pre_outage,near_outer,0,1,1,0.0,-1,23,0.043478260869565216
2018-01-09,2018-01-09 15:00:00,15,1,weekday,normal,pre_outage,near_outer,2,0,2,1.0,2,23,0.08695652173913043
2018-01-09,2018-01-09 16:00:00,16,1,weekday,normal,pre_outage,near_outer,0,0,0,,0,23,0.0
2018-01-09,2018-01-09 17:00:00,17,1,weekday,normal,pre_outage,near_outer,0,0,0,,0,23,0.0
2018-01-09,2018-01-09 18:00:00,18,1,weekday,normal,pre_outage,near_outer,0,2,2,0.0,-2,23,0.08695652173913043
2018-01-09,2018-01-09 19:00:00,19,1,weekday,normal,pre_outage,near_outer,0,0,0,,0,23,0.0
2018-01-09,2018-01-09 20:00:00,20,1,weekday,normal,pre_outage,near_outer,1,0,1,1.0,1,23,0.043478260869565216
2018-01-09,2018-01-09 21:00:00,21,1,weekday,normal,pre_outage,near_outer,0,0,0,,0,23,0.0
2018-01-09,2018-01-09 22:00:00,22,1,weekday,normal,pre_outage,near_outer,0,0,0,,0,23,0.0
2018-01-09,2018-01-09 23:00:00,23,1,weekday,normal,pre_outage,near_outer,0,0,0,,0,23,0.0
2018-01-10,2018-01-10 00:00:00,0,2,weekday,normal,pre_outage,near_outer,0,0,0,,0,9,0.0
2018-01-10,2018-01-10 01:00:00,1,2,weekday,normal,pre_outage,near_outer,0,0,0,,0,9,0.0
2018-01-10,2018-01-10 02:00:00,2,2,weekday,normal,pre_outage,near_outer,0,0,0,,0,9,0.0
2018-01-10,2018-01-10 03:00:00,3,2,weekday,normal,pre_outage,near_outer,0,0,0,,0,9,0.0
2018-01-10,2018-01-10 04:00:00,4,2,weekday,normal,pre_outage,near_outer,0,0,0,,0,9,0.0
2018-01-10,2018-01-10 05:00:00,5,2,weekday,normal,pre_outage,near_outer,0,0,0,,0,9,0.0
2018-01-10,2018-01-10 06:00:00,6,2,weekday,normal,pre_outage,near_outer,0,0,0,,0,9,0.0
2018-01-10,2018-01-10 07:00:00,7,2,weekday,normal,pre_outage,near_outer,0,2,2,0.0,-2,9,0.2222222222222222
2018-01-10,2018-01-10 08:00:00,8,2,weekday,normal,pre_outage,near_outer,0,0,0,,0,9,0.0
2018-01-10,2018-01-10 09:00:00,9,2,weekday,normal,pre_outage,near_outer,0,0,0,,0,9,0.0
2018-01-10,2018-01-10 10:00:00,10,2,weekday,normal,pre_outage,near_outer,1,0,1,1.0,1,9,0.1111111111111111
2018-01-10,2018-01-10 11:00:00,11,2,weekday,normal,pre_outage,near_outer,0,0,0,,0,9,0.0
2018-01-10,2018-01-10 12:00:00,12,2,weekday,normal,pre_outage,near_outer,1,1,2,0.5,0,9,0.2222222222222222
2018-01-10,2018-01-10 13:00:00,13,2,weekday,normal,pre_outage,near_outer,0,1,1,0.0,-1,9,0.1111111111111111
2018-01-10,2018-01-10 14:00:00,14,2,weekday,normal,pre_outage,near_outer,0,0,0,,0,9,0.0
2018-01-10,2018-01-10 15:00:00,15,2,weekday,normal,pre_outage,near_outer,1,0,1,1.0,1,9,0.1111111111111111
2018-01-10,2018-01-10 16:00:00,16,2,weekday,normal,pre_outage,near_outer,0,0,0,,0,9,0.0
2018-01-10,2018-01-10 17:00:00,17,2,weekday,normal,pre_outage,near_outer,0,0,0,,0,9,0.0
2018-01-10,2018-01-10 18:00:00,18,2,weekday,normal,pre_outage,near_outer,0,0,0,,0,9,0.0
2018-01-10,2018-01-10 19:00:00,19,2,weekday,normal,pre_outage,near_outer,0,0,0,,0,9,0.0
2018-01-10,2018-01-10 20:00:00,20,2,weekday,normal,pre_outage,near_outer,1,0,1,1.0,1,9,0.1111111111111111
2018-01-10,2018-01-10 21:00:00,21,2,weekday,normal,pre_outage,near_outer,0,0,0,,0,9,0.0
2018-01-10,2018-01-10 22:00:00,22,2,weekday,normal,pre_outage,near_outer,0,0,0,,0,9,0.0
2018-01-10,2018-01-10 23:00:00,23,2,weekday,normal,pre_outage,near_outer,0,1,1,0.0,-1,9,0.1111111111111111
2018-01-11,2018-01-11 00:00:00,0,3,weekday,normal,pre_outage,near_outer,1,0,1,1.0,1,22,0.045454545454545456
2018-01-11,2018-01-11 01:00:00,1,3,weekday,normal,pre_outage,near_outer,0,0,0,,0,22,0.0
2018-01-11,2018-01-11 02:00:00,2,3,weekday,normal,pre_outage,near_outer,0,1,1,0.0,-1,22,0.045454545454545456
2018-01-11,2018-01-11 03:00:00,3,3,weekday,normal,pre_outage,near_outer,0,0,0,,0,22,0.0
2018-01-11,2018-01-11 04:00:00,4,3,weekday,normal,pre_outage,near_outer,0,0,0,,0,22,0.0
2018-01-11,2018-01-11 05:00:00,5,3,weekday,normal,pre_outage,near_outer,0,0,0,,0,22,0.0
2018-01-11,2018-01-11 06:00:00,6,3,weekday,normal,pre_outage,near_outer,0,0,0,,0,22,0.0
2018-01-11,2018-01-11 07:00:00,7,3,weekday,normal,pre_outage,near_outer,2,0,2,1.0,2,22,0.09090909090909091
2018-01-11,2018-01-11 08:00:00,8,3,weekday,normal,pre_outage,near_outer,0,0,0,,0,22,0.0
2018-01-11,2018-01-11 09:00:00,9,3,weekday,normal,pre_outage,near_outer,0,0,0,,0,22,0.0
2018-01-11,2018-01-11 10:00:00,10,3,weekday,normal,pre_outage,near_outer,1,3,4,0.25,-2,22,0.18181818181818182
2018-01-11,2018-01-11 11:00:00,11,3,weekday,normal,pre_outage,near_outer,0,0,0,,0,22,0.0
2018-01-11,2018-01-11 12:00:00,12,3,weekday,normal,pre_outage,near_outer,2,0,2,1.0,2,22,0.09090909090909091
2018-01-11,2018-01-11 13:00:00,13,3,weekday,normal,pre_outage,near_outer,1,3,4,0.25,-2,22,0.18181818181818182
2018-01-11,2018-01-11 14:00:00,14,3,weekday,normal,pre_outage,near_outer,0,0,0,,0,22,0.0
2018-01-11,2018-01-11 15:00:00,15,3,weekday,normal,pre_outage,near_outer,0,1,1,0.0,-1,22,0.045454545454545456
2018-01-11,2018-01-11 16:00:00,16,3,weekday,normal,pre_outage,near_outer,0,1,1,0.0,-1,22,0.045454545454545456
2018-01-11,2018-01-11 17:00:00,17,3,weekday,normal,pre_outage,near_outer,3,1,4,0.75,2,22,0.18181818181818182
2018-01-11,2018-01-11 18:00:00,18,3,weekday,normal,pre_outage,near_outer,0,1,1,0.0,-1,22,0.045454545454545456
2018-01-11,2018-01-11 19:00:00,19,3,weekday,normal,pre_outage,near_outer,0,0,0,,0,22,0.0
2018-01-11,2018-01-11 20:00:00,20,3,weekday,normal,pre_outage,near_outer,1,0,1,1.0,1,22,0.045454545454545456
2018-01-11,2018-01-11 21:00:00,21,3,weekday,normal,pre_outage,near_outer,0,0,0,,0,22,0.0
2018-01-11,2018-01-11 22:00:00,22,3,weekday,normal,pre_outage,near_outer,0,0,0,,0,22,0.0
2018-01-11,2018-01-11 23:00:00,23,3,weekday,normal,pre_outage,near_outer,0,0,0,,0,22,0.0
2018-01-12,2018-01-12 00:00:00,0,4,weekday,reduced,degraded_period,near_outer,1,0,1,1.0,1,17,0.058823529411764705
2018-01-12,2018-01-12 01:00:00,1,4,weekday,reduced,degraded_period,near_outer,0,0,0,,0,17,0.0
2018-01-12,2018-01-12 02:00:00,2,4,weekday,reduced,degraded_period,near_outer,0,2,2,0.0,-2,17,0.11764705882352941
2018-01-12,2018-01-12 03:00:00,3,4,weekday,reduced,degraded_period,near_outer,1,0,1,1.0,1,17,0.058823529411764705
2018-01-12,2018-01-12 04:00:00,4,4,weekday,reduced,degraded_period,near_outer,0,0,0,,0,17,0.0
2018-01-12,2018-01-12 05:00:00,5,4,weekday,reduced,degraded_period,near_outer,0,3,3,0.0,-3,17,0.17647058823529413
2018-01-12,2018-01-12 06:00:00,6,4,weekday,reduced,degraded_period,near_outer,0,0,0,,0,17,0.0
2018-01-12,2018-01-12 07:00:00,7,4,weekday,reduced,degraded_period,near_outer,2,0,2,1.0,2,17,0.11764705882352941
2018-01-12,2018-01-12 08:00:00,8,4,weekday,reduced,degraded_period,near_outer,0,0,0,,0,17,0.0
2018-01-12,2018-01-12 09:00:00,9,4,weekday,reduced,degraded_period,near_outer,0,0,0,,0,17,0.0
2018-01-12,2018-01-12 10:00:00,10,4,weekday,reduced,degraded_period,near_outer,0,0,0,,0,17,0.0
2018-01-12,2018-01-12 11:00:00,11,4,weekday,reduced,degraded_period,near_outer,2,1,3,0.6666666666666666,1,17,0.17647058823529413
2018-01-12,2018-01-12 12:00:00,12,4,weekday,reduced,degraded_period,near_outer,0,0,0,,0,17,0.0
2018-01-12,2018-01-12 13:00:00,13,4,weekday,reduced,degraded_period,near_outer,0,1,1,0.0,-1,17,0.058823529411764705
2018-01-12,2018-01-12 14:00:00,14,4,weekday,reduced,degraded_period,near_outer,0,1,1,0.0,-1,17,0.058823529411764705
2018-01-12,2018-01-12 15:00:00,15,4,weekday,reduced,degraded_period,near_outer,0,1,1,0.0,-1,17,0.058823529411764705
2018-01-12,2018-01-12 16:00:00,16,4,weekday,reduced,degraded_period,near_outer,0,0,0,,0,17,0.0
2018-01-12,2018-01-12 17:00:00,17,4,weekday,reduced,degraded_period,near_outer,0,1,1,0.0,-1,17,0.058823529411764705
2018-01-12,2018-01-12 18:00:00,18,4,weekday,reduced,degraded_period,near_outer,0,0,0,,0,17,0.0
2018-01-12,2018-01-12 19:00:00,19,4,weekday,reduced,degraded_period,near_outer,1,0,1,1.0,1,17,0.058823529411764705
2018-01-12,2018-01-12 20:00:00,20,4,weekday,reduced,degraded_period,near_outer,0,0,0,,0,17,0.0
2018-01-12,2018-01-12 21:00:00,21,4,weekday,reduced,degraded_period,near_outer,0,0,0,,0,17,0.0
2018-01-12,2018-01-12 22:00:00,22,4,weekday,reduced,degraded_period,near_outer,0,0,0,,0,17,0.0
2018-01-12,2018-01-12 23:00:00,23,4,weekday,reduced,degraded_period,near_outer,0,0,0,,0,17,0.0
2018-01-13,2018-01-13 00:00:00,0,5,weekend,outage,degraded_period,near_outer,0,0,0,,0,20,0.0
2018-01-13,2018-01-13 01:00:00,1,5,weekend,outage,degraded_period,near_outer,0,0,0,,0,20,0.0
2018-01-13,2018-01-13 02:00:00,2,5,weekend,outage,degraded_period,near_outer,0,0,0,,0,20,0.0
2018-01-13,2018-01-13 03:00:00,3,5,weekend,outage,degraded_period,near_outer,0,0,0,,0,20,0.0
2018-01-13,2018-01-13 04:00:00,4,5,weekend,outage,degraded_period,near_outer,1,0,1,1.0,1,20,0.05
2018-01-13,2018-01-13 05:00:00,5,5,weekend,outage,degraded_period,near_outer,0,0,0,,0,20,0.0
2018-01-13,2018-01-13 06:00:00,6,5,weekend,outage,degraded_period,near_outer,0,0,0,,0,20,0.0
2018-01-13,2018-01-13 07:00:00,7,5,weekend,outage,degraded_period,near_outer,0,3,3,0.0,-3,20,0.15
2018-01-13,2018-01-13 08:00:00,8,5,weekend,outage,degraded_period,near_outer,6,0,6,1.0,6,20,0.3
2018-01-13,2018-01-13 09:00:00,9,5,weekend,outage,degraded_period,near_outer,0,1,1,0.0,-1,20,0.05
2018-01-13,2018-01-13 10:00:00,10,5,weekend,outage,degraded_period,near_outer,0,1,1,0.0,-1,20,0.05
2018-01-13,2018-01-13 11:00:00,11,5,weekend,outage,degraded_period,near_outer,0,0,0,,0,20,0.0
2018-01-13,2018-01-13 12:00:00,12,5,weekend,outage,degraded_period,near_outer,0,0,0,,0,20,0.0
2018-01-13,2018-01-13 13:00:00,13,5,weekend,outage,degraded_period,near_outer,0,0,0,,0,20,0.0
2018-01-13,2018-01-13 14:00:00,14,5,weekend,outage,degraded_period,near_outer,0,2,2,0.0,-2,20,0.1
2018-01-13,2018-01-13 15:00:00,15,5,weekend,outage,degraded_period,near_outer,1,0,1,1.0,1,20,0.05
2018-01-13,2018-01-13 16:00:00,16,5,weekend,outage,degraded_period,near_outer,0,1,1,0.0,-1,20,0.05
2018-01-13,2018-01-13 17:00:00,17,5,weekend,outage,degraded_period,near_outer,0,1,1,0.0,-1,20,0.05
2018-01-13,2018-01-13 18:00:00,18,5,weekend,outage,degraded_period,near_outer,0,1,1,0.0,-1,20,0.05
2018-01-13,2018-01-13 19:00:00,19,5,weekend,outage,degraded_period,near_outer,1,0,1,1.0,1,20,0.05
2018-01-13,2018-01-13 20:00:00,20,5,weekend,outage,degraded_period,near_outer,0,1,1,0.0,-1,20,0.05
2018-01-13,2018-01-13 21:00:00,21,5,weekend,outage,degraded_period,near_outer,0,0,0,,0,20,0.0
2018-01-13,2018-01-13 22:00:00,22,5,weekend,outage,degraded_period,near_outer,0,0,0,,0,20,0.0
2018-01-13,2018-01-13 23:00:00,23,5,weekend,outage,degraded_period,near_outer,0,0,0,,0,20,0.0
2018-01-14,2018-01-14 00:00:00,0,6,weekend,outage,degraded_period,near_outer,0,2,2,0.0,-2,17,0.11764705882352941
2018-01-14,2018-01-14 01:00:00,1,6,weekend,outage,degraded_period,near_outer,0,0,0,,0,17,0.0
2018-01-14,2018-01-14 02:00:00,2,6,weekend,outage,degraded_period,near_outer,0,1,1,0.0,-1,17,0.058823529411764705
2018-01-14,2018-01-14 03:00:00,3,6,weekend,outage,degraded_period,near_outer,0,1,1,0.0,-1,17,0.058823529411764705
2018-01-14,2018-01-14 04:00:00,4,6,weekend,outage,degraded_period,near_outer,0,0,0,,0,17,0.0
2018-01-14,2018-01-14 05:00:00,5,6,weekend,outage,degraded_period,near_outer,1,0,1,1.0,1,17,0.058823529411764705
2018-01-14,2018-01-14 06:00:00,6,6,weekend,outage,degraded_period,near_outer,0,0,0,,0,17,0.0
2018-01-14,2018-01-14 07:00:00,7,6,weekend,outage,degraded_period,near_outer,1,1,2,0.5,0,17,0.11764705882352941
2018-01-14,2018-01-14 08:00:00,8,6,weekend,outage,degraded_period,near_outer,0,2,2,0.0,-2,17,0.11764705882352941
2018-01-14,2018-01-14 09:00:00,9,6,weekend,outage,degraded_period,near_outer,3,1,4,0.75,2,17,0.23529411764705882
2018-01-14,2018-01-14 10:00:00,10,6,weekend,outage,degraded_period,near_outer,2,0,2,1.0,2,17,0.11764705882352941
2018-01-14,2018-01-14 11:00:00,11,6,weekend,outage,degraded_period,near_outer,1,0,1,1.0,1,17,0.058823529411764705
2018-01-14,2018-01-14 12:00:00,12,6,weekend,outage,degraded_period,near_outer,0,1,1,0.0,-1,17,0.058823529411764705
2018-01-14,2018-01-14 13:00:00,13,6,weekend,outage,degraded_period,near_outer,0,0,0,,0,17,0.0
2018-01-14,2018-01-14 14:00:00,14,6,weekend,outage,degraded_period,near_outer,0,0,0,,0,17,0.0
2018-01-14,2018-01-14 15:00:00,15,6,weekend,outage,degraded_period,near_outer,0,0,0,,0,17,0.0
2018-01-14,2018-01-14 16:00:00,16,6,weekend,outage,degraded_period,near_outer,0,0,0,,0,17,0.0
2018-01-14,2018-01-14 17:00:00,17,6,weekend,outage,degraded_period,near_outer,0,0,0,,0,17,0.0
2018-01-14,2018-01-14 18:00:00,18,6,weekend,outage,degraded_period,near_outer,0,0,0,,0,17,0.0
2018-01-14,2018-01-14 19:00:00,19,6,weekend,outage,degraded_period,near_outer,0,0,0,,0,17,0.0
2018-01-14,2018-01-14 20:00:00,20,6,weekend,outage,degraded_period,near_outer,0,0,0,,0,17,0.0
2018-01-14,2018-01-14 21:00:00,21,6,weekend,outage,degraded_period,near_outer,0,0,0,,0,17,0.0
2018-01-14,2018-01-14 22:00:00,22,6,weekend,outage,degraded_period,near_outer,0,0,0,,0,17,0.0
2018-01-14,2018-01-14 23:00:00,23,6,weekend,outage,degraded_period,near_outer,0,0,0,,0,17,0.0
2018-01-15,2018-01-15 00:00:00,0,0,weekday,outage,degraded_period,near_outer,0,1,1,0.0,-1,10,0.1
2018-01-15,2018-01-15 01:00:00,1,0,weekday,outage,degraded_period,near_outer,0,0,0,,0,10,0.0
2018-01-15,2018-01-15 02:00:00,2,0,weekday,outage,degraded_period,near_outer,0,0,0,,0,10,0.0
2018-01-15,2018-01-15 03:00:00,3,0,weekday,outage,degraded_period,near_outer,0,0,0,,0,10,0.0
2018-01-15,2018-01-15 04:00:00,4,0,weekday,outage,degraded_period,near_outer,0,0,0,,0,10,0.0
2018-01-15,2018-01-15 05:00:00,5,0,weekday,outage,degraded_period,near_outer,0,0,0,,0,10,0.0
2018-01-15,2018-01-15 06:00:00,6,0,weekday,outage,degraded_period,near_outer,0,0,0,,0,10,0.0
2018-01-15,2018-01-15 07:00:00,7,0,weekday,outage,degraded_period,near_outer,0,0,0,,0,10,0.0
2018-01-15,2018-01-15 08:00:00,8,0,weekday,outage,degraded_period,near_outer,0,0,0,,0,10,0.0
2018-01-15,2018-01-15 09:00:00,9,0,weekday,outage,degraded_period,near_outer,0,1,1,0.0,-1,10,0.1
2018-01-15,2018-01-15 10:00:00,10,0,weekday,outage,degraded_period,near_outer,0,1,1,0.0,-1,10,0.1
2018-01-15,2018-01-15 11:00:00,11,0,weekday,outage,degraded_period,near_outer,0,0,0,,0,10,0.0
2018-01-15,2018-01-15 12:00:00,12,0,weekday,outage,degraded_period,near_outer,2,0,2,1.0,2,10,0.2
2018-01-15,2018-01-15 13:00:00,13,0,weekday,outage,degraded_period,near_outer,0,1,1,0.0,-1,10,0.1
2018-01-15,2018-01-15 14:00:00,14,0,weekday,outage,degraded_period,near_outer,0,0,0,,0,10,0.0
2018-01-15,2018-01-15 15:00:00,15,0,weekday,outage,degraded_period,near_outer,1,0,1,1.0,1,10,0.1
2018-01-15,2018-01-15 16:00:00,16,0,weekday,outage,degraded_period,near_outer,0,0,0,,0,10,0.0
2018-01-15,2018-01-15 17:00:00,17,0,weekday,outage,degraded_period,near_outer,0,2,2,0.0,-2,10,0.2
2018-01-15,2018-01-15 18:00:00,18,0,weekday,outage,degraded_period,near_outer,0,1,1,0.0,-1,10,0.1
2018-01-15,2018-01-15 19:00:00,19,0,weekday,outage,degraded_period,near_outer,0,0,0,,0,10,0.0
2018-01-15,2018-01-15 20:00:00,20,0,weekday,outage,degraded_period,near_outer,0,0,0,,0,10,0.0
2018-01-15,2018-01-15 21:00:00,21,0,weekday,outage,degraded_period,near_outer,0,0,0,,0,10,0.0
2018-01-15,2018-01-15 22:00:00,22,0,weekday,outage,degraded_period,near_outer,0,0,0,,0,10,0.0
2018-01-15,2018-01-15 23:00:00,23,0,weekday,outage,degraded_period,near_outer,0,0,0,,0,10,0.0
2018-01-16,2018-01-16 00:00:00,0,1,weekday,outage,degraded_period,near_outer,0,0,0,,0,26,0.0
2018-01-16,2018-01-16 01:00:00,1,1,weekday,outage,degraded_period,near_outer,0,0,0,,0,26,0.0
2018-01-16,2018-01-16 02:00:00,2,1,weekday,outage,degraded_period,near_outer,1,0,1,1.0,1,26,0.038461538461538464
2018-01-16,2018-01-16 03:00:00,3,1,weekday,outage,degraded_period,near_outer,0,0,0,,0,26,0.0
2018-01-16,2018-01-16 04:00:00,4,1,weekday,outage,degraded_period,near_outer,0,1,1,0.0,-1,26,0.038461538461538464
2018-01-16,2018-01-16 05:00:00,5,1,weekday,outage,degraded_period,near_outer,0,0,0,,0,26,0.0
2018-01-16,2018-01-16 06:00:00,6,1,weekday,outage,degraded_period,near_outer,0,1,1,0.0,-1,26,0.038461538461538464
2018-01-16,2018-01-16 07:00:00,7,1,weekday,outage,degraded_period,near_outer,1,4,5,0.2,-3,26,0.19230769230769232
2018-01-16,2018-01-16 08:00:00,8,1,weekday,outage,degraded_period,near_outer,4,2,6,0.6666666666666666,2,26,0.23076923076923078
2018-01-16,2018-01-16 09:00:00,9,1,weekday,outage,degraded_period,near_outer,2,0,2,1.0,2,26,0.07692307692307693
2018-01-16,2018-01-16 10:00:00,10,1,weekday,outage,degraded_period,near_outer,0,0,0,,0,26,0.0
2018-01-16,2018-01-16 11:00:00,11,1,weekday,outage,degraded_period,near_outer,1,0,1,1.0,1,26,0.038461538461538464
2018-01-16,2018-01-16 12:00:00,12,1,weekday,outage,degraded_period,near_outer,0,0,0,,0,26,0.0
2018-01-16,2018-01-16 13:00:00,13,1,weekday,outage,degraded_period,near_outer,0,0,0,,0,26,0.0
2018-01-16,2018-01-16 14:00:00,14,1,weekday,outage,degraded_period,near_outer,0,2,2,0.0,-2,26,0.07692307692307693
2018-01-16,2018-01-16 15:00:00,15,1,weekday,outage,degraded_period,near_outer,0,0,0,,0,26,0.0
2018-01-16,2018-01-16 16:00:00,16,1,weekday,outage,degraded_period,near_outer,1,0,1,1.0,1,26,0.038461538461538464
2018-01-16,2018-01-16 17:00:00,17,1,weekday,outage,degraded_period,near_outer,0,0,0,,0,26,0.0
2018-01-16,2018-01-16 18:00:00,18,1,weekday,outage,degraded_period,near_outer,0,0,0,,0,26,0.0
2018-01-16,2018-01-16 19:00:00,19,1,weekday,outage,degraded_period,near_outer,4,0,4,1.0,4,26,0.15384615384615385
2018-01-16,2018-01-16 20:00:00,20,1,weekday,outage,degraded_period,near_outer,0,0,0,,0,26,0.0
2018-01-16,2018-01-16 21:00:00,21,1,weekday,outage,degraded_period,near_outer,0,1,1,0.0,-1,26,0.038461538461538464
2018-01-16,2018-01-16 22:00:00,22,1,weekday,outage,degraded_period,near_outer,0,0,0,,0,26,0.0
2018-01-16,2018-01-16 23:00:00,23,1,weekday,outage,degraded_period,near_outer,1,0,1,1.0,1,26,0.038461538461538464
2018-01-17,2018-01-17 00:00:00,0,2,weekday,severe,degraded_period,near_outer,0,0,0,,0,12,0.0
2018-01-17,2018-01-17 01:00:00,1,2,weekday,severe,degraded_period,near_outer,0,0,0,,0,12,0.0
2018-01-17,2018-01-17 02:00:00,2,2,weekday,severe,degraded_period,near_outer,0,1,1,0.0,-1,12,0.08333333333333333
2018-01-17,2018-01-17 03:00:00,3,2,weekday,severe,degraded_period,near_outer,1,0,1,1.0,1,12,0.08333333333333333
2018-01-17,2018-01-17 04:00:00,4,2,weekday,severe,degraded_period,near_outer,0,0,0,,0,12,0.0
2018-01-17,2018-01-17 05:00:00,5,2,weekday,severe,degraded_period,near_outer,0,0,0,,0,12,0.0
2018-01-17,2018-01-17 06:00:00,6,2,weekday,severe,degraded_period,near_outer,0,0,0,,0,12,0.0
2018-01-17,2018-01-17 07:00:00,7,2,weekday,severe,degraded_period,near_outer,1,0,1,1.0,1,12,0.08333333333333333
2018-01-17,2018-01-17 08:00:00,8,2,weekday,severe,degraded_period,near_outer,0,0,0,,0,12,0.0
2018-01-17,2018-01-17 09:00:00,9,2,weekday,severe,degraded_period,near_outer,0,0,0,,0,12,0.0
2018-01-17,2018-01-17 10:00:00,10,2,weekday,severe,degraded_period,near_outer,1,0,1,1.0,1,12,0.08333333333333333
2018-01-17,2018-01-17 11:00:00,11,2,weekday,severe,degraded_period,near_outer,0,0,0,,0,12,0.0
2018-01-17,2018-01-17 12:00:00,12,2,weekday,severe,degraded_period,near_outer,0,0,0,,0,12,0.0
2018-01-17,2018-01-17 13:00:00,13,2,weekday,severe,degraded_period,near_outer,0,0,0,,0,12,0.0
2018-01-17,2018-01-17 14:00:00,14,2,weekday,severe,degraded_period,near_outer,0,1,1,0.0,-1,12,0.08333333333333333
2018-01-17,2018-01-17 15:00:00,15,2,weekday,severe,degraded_period,near_outer,0,0,0,,0,12,0.0
2018-01-17,2018-01-17 16:00:00,16,2,weekday,severe,degraded_period,near_outer,0,2,2,0.0,-2,12,0.16666666666666666
2018-01-17,2018-01-17 17:00:00,17,2,weekday,severe,degraded_period,near_outer,0,1,1,0.0,-1,12,0.08333333333333333
2018-01-17,2018-01-17 18:00:00,18,2,weekday,severe,degraded_period,near_outer,0,1,1,0.0,-1,12,0.08333333333333333
2018-01-17,2018-01-17 19:00:00,19,2,weekday,severe,degraded_period,near_outer,0,0,0,,0,12,0.0
2018-01-17,2018-01-17 20:00:00,20,2,weekday,severe,degraded_period,near_outer,3,0,3,1.0,3,12,0.25
2018-01-17,2018-01-17 21:00:00,21,2,weekday,severe,degraded_period,near_outer,0,0,0,,0,12,0.0
2018-01-17,2018-01-17 22:00:00,22,2,weekday,severe,degraded_period,near_outer,0,0,0,,0,12,0.0
2018-01-17,2018-01-17 23:00:00,23,2,weekday,severe,degraded_period,near_outer,0,0,0,,0,12,0.0
2018-01-18,2018-01-18 00:00:00,0,3,weekday,severe,degraded_period,near_outer,0,0,0,,0,18,0.0
2018-01-18,2018-01-18 01:00:00,1,3,weekday,severe,degraded_period,near_outer,0,0,0,,0,18,0.0
2018-01-18,2018-01-18 02:00:00,2,3,weekday,severe,degraded_period,near_outer,0,0,0,,0,18,0.0
2018-01-18,2018-01-18 03:00:00,3,3,weekday,severe,degraded_period,near_outer,2,0,2,1.0,2,18,0.1111111111111111
2018-01-18,2018-01-18 04:00:00,4,3,weekday,severe,degraded_period,near_outer,0,1,1,0.0,-1,18,0.05555555555555555
2018-01-18,2018-01-18 05:00:00,5,3,weekday,severe,degraded_period,near_outer,0,1,1,0.0,-1,18,0.05555555555555555
2018-01-18,2018-01-18 06:00:00,6,3,weekday,severe,degraded_period,near_outer,0,1,1,0.0,-1,18,0.05555555555555555
2018-01-18,2018-01-18 07:00:00,7,3,weekday,severe,degraded_period,near_outer,0,1,1,0.0,-1,18,0.05555555555555555
2018-01-18,2018-01-18 08:00:00,8,3,weekday,severe,degraded_period,near_outer,0,0,0,,0,18,0.0
2018-01-18,2018-01-18 09:00:00,9,3,weekday,severe,degraded_period,near_outer,1,2,3,0.3333333333333333,-1,18,0.16666666666666666
2018-01-18,2018-01-18 10:00:00,10,3,weekday,severe,degraded_period,near_outer,0,0,0,,0,18,0.0
2018-01-18,2018-01-18 11:00:00,11,3,weekday,severe,degraded_period,near_outer,1,1,2,0.5,0,18,0.1111111111111111
2018-01-18,2018-01-18 12:00:00,12,3,weekday,severe,degraded_period,near_outer,0,0,0,,0,18,0.0
2018-01-18,2018-01-18 13:00:00,13,3,weekday,severe,degraded_period,near_outer,0,1,1,0.0,-1,18,0.05555555555555555
2018-01-18,2018-01-18 14:00:00,14,3,weekday,severe,degraded_period,near_outer,0,0,0,,0,18,0.0
2018-01-18,2018-01-18 15:00:00,15,3,weekday,severe,degraded_period,near_outer,2,0,2,1.0,2,18,0.1111111111111111
2018-01-18,2018-01-18 16:00:00,16,3,weekday,severe,degraded_period,near_outer,0,0,0,,0,18,0.0
2018-01-18,2018-01-18 17:00:00,17,3,weekday,severe,degraded_period,near_outer,1,1,2,0.5,0,18,0.1111111111111111
2018-01-18,2018-01-18 18:00:00,18,3,weekday,severe,degraded_period,near_outer,0,0,0,,0,18,0.0
2018-01-18,2018-01-18 19:00:00,19,3,weekday,severe,degraded_period,near_outer,1,0,1,1.0,1,18,0.05555555555555555
2018-01-18,2018-01-18 20:00:00,20,3,weekday,severe,degraded_period,near_outer,0,0,0,,0,18,0.0
2018-01-18,2018-01-18 21:00:00,21,3,weekday,severe,degraded_period,near_outer,0,0,0,,0,18,0.0
2018-01-18,2018-01-18 22:00:00,22,3,weekday,severe,degraded_period,near_outer,0,0,0,,0,18,0.0
2018-01-18,2018-01-18 23:00:00,23,3,weekday,severe,degraded_period,near_outer,1,0,1,1.0,1,18,0.05555555555555555
2018-01-19,2018-01-19 00:00:00,0,4,weekday,normal,post_recovery,near_outer,1,0,1,1.0,1,15,0.06666666666666667
2018-01-19,2018-01-19 01:00:00,1,4,weekday,normal,post_recovery,near_outer,0,0,0,,0,15,0.0
2018-01-19,2018-01-19 02:00:00,2,4,weekday,normal,post_recovery,near_outer,0,0,0,,0,15,0.0
2018-01-19,2018-01-19 03:00:00,3,4,weekday,normal,post_recovery,near_outer,0,0,0,,0,15,0.0
2018-01-19,2018-01-19 04:00:00,4,4,weekday,normal,post_recovery,near_outer,0,0,0,,0,15,0.0
2018-01-19,2018-01-19 05:00:00,5,4,weekday,normal,post_recovery,near_outer,0,1,1,0.0,-1,15,0.06666666666666667
2018-01-19,2018-01-19 06:00:00,6,4,weekday,normal,post_recovery,near_outer,1,0,1,1.0,1,15,0.06666666666666667
2018-01-19,2018-01-19 07:00:00,7,4,weekday,normal,post_recovery,near_outer,0,0,0,,0,15,0.0
2018-01-19,2018-01-19 08:00:00,8,4,weekday,normal,post_recovery,near_outer,0,0,0,,0,15,0.0
2018-01-19,2018-01-19 09:00:00,9,4,weekday,normal,post_recovery,near_outer,0,0,0,,0,15,0.0
2018-01-19,2018-01-19 10:00:00,10,4,weekday,normal,post_recovery,near_outer,0,1,1,0.0,-1,15,0.06666666666666667
2018-01-19,2018-01-19 11:00:00,11,4,weekday,normal,post_recovery,near_outer,2,0,2,1.0,2,15,0.13333333333333333
2018-01-19,2018-01-19 12:00:00,12,4,weekday,normal,post_recovery,near_outer,1,0,1,1.0,1,15,0.06666666666666667
2018-01-19,2018-01-19 13:00:00,13,4,weekday,normal,post_recovery,near_outer,0,0,0,,0,15,0.0
2018-01-19,2018-01-19 14:00:00,14,4,weekday,normal,post_recovery,near_outer,1,0,1,1.0,1,15,0.06666666666666667
2018-01-19,2018-01-19 15:00:00,15,4,weekday,normal,post_recovery,near_outer,0,1,1,0.0,-1,15,0.06666666666666667
2018-01-19,2018-01-19 16:00:00,16,4,weekday,normal,post_recovery,near_outer,0,0,0,,0,15,0.0
2018-01-19,2018-01-19 17:00:00,17,4,weekday,normal,post_recovery,near_outer,0,1,1,0.0,-1,15,0.06666666666666667
2018-01-19,2018-01-19 18:00:00,18,4,weekday,normal,post_recovery,near_outer,0,2,2,0.0,-2,15,0.13333333333333333
2018-01-19,2018-01-19 19:00:00,19,4,weekday,normal,post_recovery,near_outer,2,1,3,0.6666666666666666,1,15,0.2
2018-01-19,2018-01-19 20:00:00,20,4,weekday,normal,post_recovery,near_outer,0,0,0,,0,15,0.0
2018-01-19,2018-01-19 21:00:00,21,4,weekday,normal,post_recovery,near_outer,0,0,0,,0,15,0.0
2018-01-19,2018-01-19 22:00:00,22,4,weekday,normal,post_recovery,near_outer,0,0,0,,0,15,0.0
2018-01-19,2018-01-19 23:00:00,23,4,weekday,normal,post_recovery,near_outer,0,0,0,,0,15,0.0
2018-01-20,2018-01-20 00:00:00,0,5,weekend,normal,post_recovery,near_outer,0,0,0,,0,25,0.0
2018-01-20,2018-01-20 01:00:00,1,5,weekend,normal,post_recovery,near_outer,0,4,4,0.0,-4,25,0.16
2018-01-20,2018-01-20 02:00:00,2,5,weekend,normal,post_recovery,near_outer,0,0,0,,0,25,0.0
2018-01-20,2018-01-20 03:00:00,3,5,weekend,normal,post_recovery,near_outer,0,0,0,,0,25,0.0
2018-01-20,2018-01-20 04:00:00,4,5,weekend,normal,post_recovery,near_outer,0,1,1,0.0,-1,25,0.04
2018-01-20,2018-01-20 05:00:00,5,5,weekend,normal,post_recovery,near_outer,0,2,2,0.0,-2,25,0.08
2018-01-20,2018-01-20 06:00:00,6,5,weekend,normal,post_recovery,near_outer,0,1,1,0.0,-1,25,0.04
2018-01-20,2018-01-20 07:00:00,7,5,weekend,normal,post_recovery,near_outer,1,3,4,0.25,-2,25,0.16
2018-01-20,2018-01-20 08:00:00,8,5,weekend,normal,post_recovery,near_outer,3,2,5,0.6,1,25,0.2
2018-01-20,2018-01-20 09:00:00,9,5,weekend,normal,post_recovery,near_outer,0,3,3,0.0,-3,25,0.12
2018-01-20,2018-01-20 10:00:00,10,5,weekend,normal,post_recovery,near_outer,0,0,0,,0,25,0.0
2018-01-20,2018-01-20 11:00:00,11,5,weekend,normal,post_recovery,near_outer,2,0,2,1.0,2,25,0.08
2018-01-20,2018-01-20 12:00:00,12,5,weekend,normal,post_recovery,near_outer,0,0,0,,0,25,0.0
2018-01-20,2018-01-20 13:00:00,13,5,weekend,normal,post_recovery,near_outer,0,0,0,,0,25,0.0
2018-01-20,2018-01-20 14:00:00,14,5,weekend,normal,post_recovery,near_outer,0,2,2,0.0,-2,25,0.08
2018-01-20,2018-01-20 15:00:00,15,5,weekend,normal,post_recovery,near_outer,0,0,0,,0,25,0.0
2018-01-20,2018-01-20 16:00:00,16,5,weekend,normal,post_recovery,near_outer,0,0,0,,0,25,0.0
2018-01-20,2018-01-20 17:00:00,17,5,weekend,normal,post_recovery,near_outer,1,0,1,1.0,1,25,0.04
2018-01-20,2018-01-20 18:00:00,18,5,weekend,normal,post_recovery,near_outer,0,0,0,,0,25,0.0
2018-01-20,2018-01-20 19:00:00,19,5,weekend,normal,post_recovery,near_outer,0,0,0,,0,25,0.0
2018-01-20,2018-01-20 20:00:00,20,5,weekend,normal,post_recovery,near_outer,0,0,0,,0,25,0.0
2018-01-20,2018-01-20 21:00:00,21,5,weekend,normal,post_recovery,near_outer,0,0,0,,0,25,0.0
2018-01-20,2018-01-20 22:00:00,22,5,weekend,normal,post_recovery,near_outer,0,0,0,,0,25,0.0
2018-01-20,2018-01-20 23:00:00,23,5,weekend,normal,post_recovery,near_outer,0,0,0,,0,25,0.0
2018-01-21,2018-01-21 00:00:00,0,6,weekend,normal,post_recovery,near_outer,2,0,2,1.0,2,23,0.08695652173913043
2018-01-21,2018-01-21 01:00:00,1,6,weekend,normal,post_recovery,near_outer,1,0,1,1.0,1,23,0.043478260869565216
2018-01-21,2018-01-21 02:00:00,2,6,weekend,normal,post_recovery,near_outer,0,0,0,,0,23,0.0
2018-01-21,2018-01-21 03:00:00,3,6,weekend,normal,post_recovery,near_outer,0,0,0,,0,23,0.0
2018-01-21,2018-01-21 04:00:00,4,6,weekend,normal,post_recovery,near_outer,1,0,1,1.0,1,23,0.043478260869565216
2018-01-21,2018-01-21 05:00:00,5,6,weekend,normal,post_recovery,near_outer,0,2,2,0.0,-2,23,0.08695652173913043
2018-01-21,2018-01-21 06:00:00,6,6,weekend,normal,post_recovery,near_outer,0,0,0,,0,23,0.0
2018-01-21,2018-01-21 07:00:00,7,6,weekend,normal,post_recovery,near_outer,0,0,0,,0,23,0.0
2018-01-21,2018-01-21 08:00:00,8,6,weekend,normal,post_recovery,near_outer,0,1,1,0.0,-1,23,0.043478260869565216
2018-01-21,2018-01-21 09:00:00,9,6,weekend,normal,post_recovery,near_outer,0,0,0,,0,23,0.0
2018-01-21,2018-01-21 10:00:00,10,6,weekend,normal,post_recovery,near_outer,0,0,0,,0,23,0.0
2018-01-21,2018-01-21 11:00:00,11,6,weekend,normal,post_recovery,near_outer,0,0,0,,0,23,0.0
2018-01-21,2018-01-21 12:00:00,12,6,weekend,normal,post_recovery,near_outer,1,0,1,1.0,1,23,0.043478260869565216
2018-01-21,2018-01-21 13:00:00,13,6,weekend,normal,post_recovery,near_outer,0,0,0,,0,23,0.0
2018-01-21,2018-01-21 14:00:00,14,6,weekend,normal,post_recovery,near_outer,0,0,0,,0,23,0.0
2018-01-21,2018-01-21 15:00:00,15,6,weekend,normal,post_recovery,near_outer,2,3,5,0.4,-1,23,0.21739130434782608
2018-01-21,2018-01-21 16:00:00,16,6,weekend,normal,post_recovery,near_outer,0,1,1,0.0,-1,23,0.043478260869565216
2018-01-21,2018-01-21 17:00:00,17,6,weekend,normal,post_recovery,near_outer,3,1,4,0.75,2,23,0.17391304347826086
2018-01-21,2018-01-21 18:00:00,18,6,weekend,normal,post_recovery,near_outer,0,3,3,0.0,-3,23,0.13043478260869565
2018-01-21,2018-01-21 19:00:00,19,6,weekend,normal,post_recovery,near_outer,1,0,1,1.0,1,23,0.043478260869565216
2018-01-21,2018-01-21 20:00:00,20,6,weekend,normal,post_recovery,near_outer,0,0,0,,0,23,0.0
2018-01-21,2018-01-21 21:00:00,21,6,weekend,normal,post_recovery,near_outer,0,0,0,,0,23,0.0
2018-01-21,2018-01-21 22:00:00,22,6,weekend,normal,post_recovery,near_outer,0,1,1,0.0,-1,23,0.043478260869565216
2018-01-21,2018-01-21 23:00:00,23,6,weekend,normal,post_recovery,near_outer,0,0,0,,0,23,0.0
2018-01-22,2018-01-22 00:00:00,0,0,weekday,normal,post_recovery,near_outer,0,0,0,,0,5,0.0
2018-01-22,2018-01-22 01:00:00,1,0,weekday,normal,post_recovery,near_outer,0,0,0,,0,5,0.0
2018-01-22,2018-01-22 02:00:00,2,0,weekday,normal,post_recovery,near_outer,0,0,0,,0,5,0.0
2018-01-22,2018-01-22 03:00:00,3,0,weekday,normal,post_recovery,near_outer,1,0,1,1.0,1,5,0.2
2018-01-22,2018-01-22 04:00:00,4,0,weekday,normal,post_recovery,near_outer,0,0,0,,0,5,0.0
2018-01-22,2018-01-22 05:00:00,5,0,weekday,normal,post_recovery,near_outer,0,0,0,,0,5,0.0
2018-01-22,2018-01-22 06:00:00,6,0,weekday,normal,post_recovery,near_outer,0,0,0,,0,5,0.0
2018-01-22,2018-01-22 07:00:00,7,0,weekday,normal,post_recovery,near_outer,0,0,0,,0,5,0.0
2018-01-22,2018-01-22 08:00:00,8,0,weekday,normal,post_recovery,near_outer,0,0,0,,0,5,0.0
2018-01-22,2018-01-22 09:00:00,9,0,weekday,normal,post_recovery,near_outer,0,1,1,0.0,-1,5,0.2
2018-01-22,2018-01-22 10:00:00,10,0,weekday,normal,post_recovery,near_outer,0,0,0,,0,5,0.0
2018-01-22,2018-01-22 11:00:00,11,0,weekday,normal,post_recovery,near_outer,0,0,0,,0,5,0.0
2018-01-22,2018-01-22 12:00:00,12,0,weekday,normal,post_recovery,near_outer,0,0,0,,0,5,0.0
2018-01-22,2018-01-22 13:00:00,13,0,weekday,normal,post_recovery,near_outer,0,0,0,,0,5,0.0
2018-01-22,2018-01-22 14:00:00,14,0,weekday,normal,post_recovery,near_outer,0,0,0,,0,5,0.0
2018-01-22,2018-01-22 15:00:00,15,0,weekday,normal,post_recovery,near_outer,0,0,0,,0,5,0.0
2018-01-22,2018-01-22 16:00:00,16,0,weekday,normal,post_recovery,near_outer,0,1,1,0.0,-1,5,0.2
2018-01-22,2018-01-22 17:00:00,17,0,weekday,normal,post_recovery,near_outer,0,0,0,,0,5,0.0
2018-01-22,2018-01-22 18:00:00,18,0,weekday,normal,post_recovery,near_outer,0,0,0,,0,5,0.0
2018-01-22,2018-01-22 19:00:00,19,0,weekday,normal,post_recovery,near_outer,1,0,1,1.0,1,5,0.2
2018-01-22,2018-01-22 20:00:00,20,0,weekday,normal,post_recovery,near_outer,0,0,0,,0,5,0.0
2018-01-22,2018-01-22 21:00:00,21,0,weekday,normal,post_recovery,near_outer,0,0,0,,0,5,0.0
2018-01-22,2018-01-22 22:00:00,22,0,weekday,normal,post_recovery,near_outer,0,0,0,,0,5,0.0
2018-01-22,2018-01-22 23:00:00,23,0,weekday,normal,post_recovery,near_outer,1,0,1,1.0,1,5,0.2
2018-01-23,2018-01-23 00:00:00,0,1,weekday,normal,post_recovery,near_outer,0,0,0,,0,13,0.0
2018-01-23,2018-01-23 01:00:00,1,1,weekday,normal,post_recovery,near_outer,0,0,0,,0,13,0.0
2018-01-23,2018-01-23 02:00:00,2,1,weekday,normal,post_recovery,near_outer,0,0,0,,0,13,0.0
2018-01-23,2018-01-23 03:00:00,3,1,weekday,normal,post_recovery,near_outer,0,0,0,,0,13,0.0
2018-01-23,2018-01-23 04:00:00,4,1,weekday,normal,post_recovery,near_outer,0,0,0,,0,13,0.0
2018-01-23,2018-01-23 05:00:00,5,1,weekday,normal,post_recovery,near_outer,0,0,0,,0,13,0.0
2018-01-23,2018-01-23 06:00:00,6,1,weekday,normal,post_recovery,near_outer,0,0,0,,0,13,0.0
2018-01-23,2018-01-23 07:00:00,7,1,weekday,normal,post_recovery,near_outer,0,3,3,0.0,-3,13,0.23076923076923078
2018-01-23,2018-01-23 08:00:00,8,1,weekday,normal,post_recovery,near_outer,0,0,0,,0,13,0.0
2018-01-23,2018-01-23 09:00:00,9,1,weekday,normal,post_recovery,near_outer,1,0,1,1.0,1,13,0.07692307692307693
2018-01-23,2018-01-23 10:00:00,10,1,weekday,normal,post_recovery,near_outer,3,0,3,1.0,3,13,0.23076923076923078
2018-01-23,2018-01-23 11:00:00,11,1,weekday,normal,post_recovery,near_outer,0,1,1,0.0,-1,13,0.07692307692307693
2018-01-23,2018-01-23 12:00:00,12,1,weekday,normal,post_recovery,near_outer,1,0,1,1.0,1,13,0.07692307692307693
2018-01-23,2018-01-23 13:00:00,13,1,weekday,normal,post_recovery,near_outer,0,0,0,,0,13,0.0
2018-01-23,2018-01-23 14:00:00,14,1,weekday,normal,post_recovery,near_outer,0,0,0,,0,13,0.0
2018-01-23,2018-01-23 15:00:00,15,1,weekday,normal,post_recovery,near_outer,0,0,0,,0,13,0.0
2018-01-23,2018-01-23 16:00:00,16,1,weekday,normal,post_recovery,near_outer,0,0,0,,0,13,0.0
2018-01-23,2018-01-23 17:00:00,17,1,weekday,normal,post_recovery,near_outer,0,1,1,0.0,-1,13,0.07692307692307693
2018-01-23,2018-01-23 18:00:00,18,1,weekday,normal,post_recovery,near_outer,0,0,0,,0,13,0.0
2018-01-23,2018-01-23 19:00:00,19,1,weekday,normal,post_recovery,near_outer,1,0,1,1.0,1,13,0.07692307692307693
2018-01-23,2018-01-23 20:00:00,20,1,weekday,normal,post_recovery,near_outer,1,0,1,1.0,1,13,0.07692307692307693
2018-01-23,2018-01-23 21:00:00,21,1,weekday,normal,post_recovery,near_outer,0,0,0,,0,13,0.0
2018-01-23,2018-01-23 22:00:00,22,1,weekday,normal,post_recovery,near_outer,0,1,1,0.0,-1,13,0.07692307692307693
2018-01-23,2018-01-23 23:00:00,23,1,weekday,normal,post_recovery,near_outer,0,0,0,,0,13,0.0
2018-01-24,2018-01-24 00:00:00,0,2,weekday,normal,post_recovery,near_outer,0,0,0,,0,14,0.0
2018-01-24,2018-01-24 01:00:00,1,2,weekday,normal,post_recovery,near_outer,0,0,0,,0,14,0.0
2018-01-24,2018-01-24 02:00:00,2,2,weekday,normal,post_recovery,near_outer,0,0,0,,0,14,0.0
2018-01-24,2018-01-24 03:00:00,3,2,weekday,normal,post_recovery,near_outer,0,0,0,,0,14,0.0
2018-01-24,2018-01-24 04:00:00,4,2,weekday,normal,post_recovery,near_outer,1,0,1,1.0,1,14,0.07142857142857142
2018-01-24,2018-01-24 05:00:00,5,2,weekday,normal,post_recovery,near_outer,1,0,1,1.0,1,14,0.07142857142857142
2018-01-24,2018-01-24 06:00:00,6,2,weekday,normal,post_recovery,near_outer,0,0,0,,0,14,0.0
2018-01-24,2018-01-24 07:00:00,7,2,weekday,normal,post_recovery,near_outer,0,1,1,0.0,-1,14,0.07142857142857142
2018-01-24,2018-01-24 08:00:00,8,2,weekday,normal,post_recovery,near_outer,2,1,3,0.6666666666666666,1,14,0.21428571428571427
2018-01-24,2018-01-24 09:00:00,9,2,weekday,normal,post_recovery,near_outer,1,0,1,1.0,1,14,0.07142857142857142
2018-01-24,2018-01-24 10:00:00,10,2,weekday,normal,post_recovery,near_outer,1,1,2,0.5,0,14,0.14285714285714285
2018-01-24,2018-01-24 11:00:00,11,2,weekday,normal,post_recovery,near_outer,0,1,1,0.0,-1,14,0.07142857142857142
2018-01-24,2018-01-24 12:00:00,12,2,weekday,normal,post_recovery,near_outer,1,0,1,1.0,1,14,0.07142857142857142
2018-01-24,2018-01-24 13:00:00,13,2,weekday,normal,post_recovery,near_outer,0,1,1,0.0,-1,14,0.07142857142857142
2018-01-24,2018-01-24 14:00:00,14,2,weekday,normal,post_recovery,near_outer,0,1,1,0.0,-1,14,0.07142857142857142
2018-01-24,2018-01-24 15:00:00,15,2,weekday,normal,post_recovery,near_outer,0,0,0,,0,14,0.0
2018-01-24,2018-01-24 16:00:00,16,2,weekday,normal,post_recovery,near_outer,0,0,0,,0,14,0.0
2018-01-24,2018-01-24 17:00:00,17,2,weekday,normal,post_recovery,near_outer,0,0,0,,0,14,0.0
2018-01-24,2018-01-24 18:00:00,18,2,weekday,normal,post_recovery,near_outer,0,0,0,,0,14,0.0
2018-01-24,2018-01-24 19:00:00,19,2,weekday,normal,post_recovery,near_outer,1,0,1,1.0,1,14,0.07142857142857142
2018-01-24,2018-01-24 20:00:00,20,2,weekday,normal,post_recovery,near_outer,0,0,0,,0,14,0.0
2018-01-24,2018-01-24 21:00:00,21,2,weekday,normal,post_recovery,near_outer,0,0,0,,0,14,0.0
2018-01-24,2018-01-24 22:00:00,22,2,weekday,normal,post_recovery,near_outer,0,0,0,,0,14,0.0
2018-01-01,2018-01-01 00:00:00,0,0,weekday,normal,pre_outage,core_outer,0,0,0,,0,5,0.0
2018-01-01,2018-01-01 01:00:00,1,0,weekday,normal,pre_outage,core_outer,0,0,0,,0,5,0.0
2018-01-01,2018-01-01 02:00:00,2,0,weekday,normal,pre_outage,core_outer,0,0,0,,0,5,0.0
2018-01-01,2018-01-01 03:00:00,3,0,weekday,normal,pre_outage,core_outer,0,0,0,,0,5,0.0
2018-01-01,2018-01-01 04:00:00,4,0,weekday,normal,pre_outage,core_outer,0,0,0,,0,5,0.0
2018-01-01,2018-01-01 05:00:00,5,0,weekday,normal,pre_outage,core_outer,0,1,1,0.0,-1,5,0.2
2018-01-01,2018-01-01 06:00:00,6,0,weekday,normal,pre_outage,core_outer,0,0,0,,0,5,0.0
2018-01-01,2018-01-01 07:00:00,7,0,weekday,normal,pre_outage,core_outer,0,0,0,,0,5,0.0
2018-01-01,2018-01-01 08:00:00,8,0,weekday,normal,pre_outage,core_outer,1,0,1,1.0,1,5,0.2
2018-01-01,2018-01-01 09:00:00,9,0,weekday,normal,pre_outage,core_outer,0,1,1,0.0,-1,5,0.2
2018-01-01,2018-01-01 10:00:00,10,0,weekday,normal,pre_outage,core_outer,0,0,0,,0,5,0.0
2018-01-01,2018-01-01 11:00:00,11,0,weekday,normal,pre_outage,core_outer,1,0,1,1.0,1,5,0.2
2018-01-01,2018-01-01 12:00:00,12,0,weekday,normal,pre_outage,core_outer,0,0,0,,0,5,0.0
2018-01-01,2018-01-01 13:00:00,13,0,weekday,normal,pre_outage,core_outer,0,0,0,,0,5,0.0
2018-01-01,2018-01-01 14:00:00,14,0,weekday,normal,pre_outage,core_outer,0,0,0,,0,5,0.0
2018-01-01,2018-01-01 15:00:00,15,0,weekday,normal,pre_outage,core_outer,0,0,0,,0,5,0.0
2018-01-01,2018-01-01 16:00:00,16,0,weekday,normal,pre_outage,core_outer,0,0,0,,0,5,0.0
2018-01-01,2018-01-01 17:00:00,17,0,weekday,normal,pre_outage,core_outer,0,0,0,,0,5,0.0
2018-01-01,2018-01-01 18:00:00,18,0,weekday,normal,pre_outage,core_outer,0,0,0,,0,5,0.0
2018-01-01,2018-01-01 19:00:00,19,0,weekday,normal,pre_outage,core_outer,0,0,0,,0,5,0.0
2018-01-01,2018-01-01 20:00:00,20,0,weekday,normal,pre_outage,core_outer,0,0,0,,0,5,0.0
2018-01-01,2018-01-01 21:00:00,21,0,weekday,normal,pre_outage,core_outer,0,0,0,,0,5,0.0
2018-01-01,2018-01-01 22:00:00,22,0,weekday,normal,pre_outage,core_outer,1,0,1,1.0,1,5,0.2
2018-01-01,2018-01-01 23:00:00,23,0,weekday,normal,pre_outage,core_outer,0,0,0,,0,5,0.0
2018-01-02,2018-01-02 00:00:00,0,1,weekday,normal,pre_outage,core_outer,0,0,0,,0,13,0.0
2018-01-02,2018-01-02 01:00:00,1,1,weekday,normal,pre_outage,core_outer,0,0,0,,0,13,0.0
2018-01-02,2018-01-02 02:00:00,2,1,weekday,normal,pre_outage,core_outer,0,2,2,0.0,-2,13,0.15384615384615385
2018-01-02,2018-01-02 03:00:00,3,1,weekday,normal,pre_outage,core_outer,0,0,0,,0,13,0.0
2018-01-02,2018-01-02 04:00:00,4,1,weekday,normal,pre_outage,core_outer,0,0,0,,0,13,0.0
2018-01-02,2018-01-02 05:00:00,5,1,weekday,normal,pre_outage,core_outer,1,0,1,1.0,1,13,0.07692307692307693
2018-01-02,2018-01-02 06:00:00,6,1,weekday,normal,pre_outage,core_outer,2,1,3,0.6666666666666666,1,13,0.23076923076923078
2018-01-02,2018-01-02 07:00:00,7,1,weekday,normal,pre_outage,core_outer,1,0,1,1.0,1,13,0.07692307692307693
2018-01-02,2018-01-02 08:00:00,8,1,weekday,normal,pre_outage,core_outer,1,0,1,1.0,1,13,0.07692307692307693
2018-01-02,2018-01-02 09:00:00,9,1,weekday,normal,pre_outage,core_outer,0,0,0,,0,13,0.0
2018-01-02,2018-01-02 10:00:00,10,1,weekday,normal,pre_outage,core_outer,0,0,0,,0,13,0.0
2018-01-02,2018-01-02 11:00:00,11,1,weekday,normal,pre_outage,core_outer,0,0,0,,0,13,0.0
2018-01-02,2018-01-02 12:00:00,12,1,weekday,normal,pre_outage,core_outer,0,0,0,,0,13,0.0
2018-01-02,2018-01-02 13:00:00,13,1,weekday,normal,pre_outage,core_outer,0,2,2,0.0,-2,13,0.15384615384615385
2018-01-02,2018-01-02 14:00:00,14,1,weekday,normal,pre_outage,core_outer,0,0,0,,0,13,0.0
2018-01-02,2018-01-02 15:00:00,15,1,weekday,normal,pre_outage,core_outer,0,0,0,,0,13,0.0
2018-01-02,2018-01-02 16:00:00,16,1,weekday,normal,pre_outage,core_outer,0,2,2,0.0,-2,13,0.15384615384615385
2018-01-02,2018-01-02 17:00:00,17,1,weekday,normal,pre_outage,core_outer,0,0,0,,0,13,0.0
2018-01-02,2018-01-02 18:00:00,18,1,weekday,normal,pre_outage,core_outer,0,1,1,0.0,-1,13,0.07692307692307693
2018-01-02,2018-01-02 19:00:00,19,1,weekday,normal,pre_outage,core_outer,0,0,0,,0,13,0.0
2018-01-02,2018-01-02 20:00:00,20,1,weekday,normal,pre_outage,core_outer,0,0,0,,0,13,0.0
2018-01-02,2018-01-02 21:00:00,21,1,weekday,normal,pre_outage,core_outer,0,0,0,,0,13,0.0
2018-01-02,2018-01-02 22:00:00,22,1,weekday,normal,pre_outage,core_outer,0,0,0,,0,13,0.0
2018-01-02,2018-01-02 23:00:00,23,1,weekday,normal,pre_outage,core_outer,0,0,0,,0,13,0.0
2018-01-03,2018-01-03 00:00:00,0,2,weekday,normal,pre_outage,core_outer,0,0,0,,0,10,0.0
2018-01-03,2018-01-03 01:00:00,1,2,weekday,normal,pre_outage,core_outer,0,0,0,,0,10,0.0
2018-01-03,2018-01-03 02:00:00,2,2,weekday,normal,pre_outage,core_outer,0,0,0,,0,10,0.0
2018-01-03,2018-01-03 03:00:00,3,2,weekday,normal,pre_outage,core_outer,1,0,1,1.0,1,10,0.1
2018-01-03,2018-01-03 04:00:00,4,2,weekday,normal,pre_outage,core_outer,0,0,0,,0,10,0.0
2018-01-03,2018-01-03 05:00:00,5,2,weekday,normal,pre_outage,core_outer,0,1,1,0.0,-1,10,0.1
2018-01-03,2018-01-03 06:00:00,6,2,weekday,normal,pre_outage,core_outer,0,0,0,,0,10,0.0
2018-01-03,2018-01-03 07:00:00,7,2,weekday,normal,pre_outage,core_outer,1,0,1,1.0,1,10,0.1
2018-01-03,2018-01-03 08:00:00,8,2,weekday,normal,pre_outage,core_outer,0,1,1,0.0,-1,10,0.1
2018-01-03,2018-01-03 09:00:00,9,2,weekday,normal,pre_outage,core_outer,0,0,0,,0,10,0.0
2018-01-03,2018-01-03 10:00:00,10,2,weekday,normal,pre_outage,core_outer,2,1,3,0.6666666666666666,1,10,0.3
2018-01-03,2018-01-03 11:00:00,11,2,weekday,normal,pre_outage,core_outer,0,0,0,,0,10,0.0
2018-01-03,2018-01-03 12:00:00,12,2,weekday,normal,pre_outage,core_outer,0,0,0,,0,10,0.0
2018-01-03,2018-01-03 13:00:00,13,2,weekday,normal,pre_outage,core_outer,0,0,0,,0,10,0.0
2018-01-03,2018-01-03 14:00:00,14,2,weekday,normal,pre_outage,core_outer,0,0,0,,0,10,0.0
2018-01-03,2018-01-03 15:00:00,15,2,weekday,normal,pre_outage,core_outer,0,0,0,,0,10,0.0
2018-01-03,2018-01-03 16:00:00,16,2,weekday,normal,pre_outage,core_outer,0,0,0,,0,10,0.0
2018-01-03,2018-01-03 17:00:00,17,2,weekday,normal,pre_outage,core_outer,0,0,0,,0,10,0.0
2018-01-03,2018-01-03 18:00:00,18,2,weekday,normal,pre_outage,core_outer,0,0,0,,0,10,0.0
2018-01-03,2018-01-03 19:00:00,19,2,weekday,normal,pre_outage,core_outer,1,0,1,1.0,1,10,0.1
2018-01-03,2018-01-03 20:00:00,20,2,weekday,normal,pre_outage,core_outer,0,0,0,,0,10,0.0
2018-01-03,2018-01-03 21:00:00,21,2,weekday,normal,pre_outage,core_outer,0,0,0,,0,10,0.0
2018-01-03,2018-01-03 22:00:00,22,2,weekday,normal,pre_outage,core_outer,1,0,1,1.0,1,10,0.1
2018-01-03,2018-01-03 23:00:00,23,2,weekday,normal,pre_outage,core_outer,1,0,1,1.0,1,10,0.1
2018-01-04,2018-01-04 00:00:00,0,3,weekday,normal,pre_outage,core_outer,0,0,0,,0,8,0.0
2018-01-04,2018-01-04 01:00:00,1,3,weekday,normal,pre_outage,core_outer,0,1,1,0.0,-1,8,0.125
2018-01-04,2018-01-04 02:00:00,2,3,weekday,normal,pre_outage,core_outer,0,0,0,,0,8,0.0
2018-01-04,2018-01-04 03:00:00,3,3,weekday,normal,pre_outage,core_outer,0,1,1,0.0,-1,8,0.125
2018-01-04,2018-01-04 04:00:00,4,3,weekday,normal,pre_outage,core_outer,0,0,0,,0,8,0.0
2018-01-04,2018-01-04 05:00:00,5,3,weekday,normal,pre_outage,core_outer,0,0,0,,0,8,0.0
2018-01-04,2018-01-04 06:00:00,6,3,weekday,normal,pre_outage,core_outer,3,1,4,0.75,2,8,0.5
2018-01-04,2018-01-04 07:00:00,7,3,weekday,normal,pre_outage,core_outer,1,0,1,1.0,1,8,0.125
2018-01-04,2018-01-04 08:00:00,8,3,weekday,normal,pre_outage,core_outer,0,0,0,,0,8,0.0
2018-01-04,2018-01-04 09:00:00,9,3,weekday,normal,pre_outage,core_outer,0,0,0,,0,8,0.0
2018-01-04,2018-01-04 10:00:00,10,3,weekday,normal,pre_outage,core_outer,0,1,1,0.0,-1,8,0.125
2018-01-04,2018-01-04 11:00:00,11,3,weekday,normal,pre_outage,core_outer,0,0,0,,0,8,0.0
2018-01-04,2018-01-04 12:00:00,12,3,weekday,normal,pre_outage,core_outer,0,0,0,,0,8,0.0
2018-01-04,2018-01-04 13:00:00,13,3,weekday,normal,pre_outage,core_outer,0,0,0,,0,8,0.0
2018-01-04,2018-01-04 14:00:00,14,3,weekday,normal,pre_outage,core_outer,0,0,0,,0,8,0.0
2018-01-04,2018-01-04 15:00:00,15,3,weekday,normal,pre_outage,core_outer,0,0,0,,0,8,0.0
2018-01-04,2018-01-04 16:00:00,16,3,weekday,normal,pre_outage,core_outer,0,0,0,,0,8,0.0
2018-01-04,2018-01-04 17:00:00,17,3,weekday,normal,pre_outage,core_outer,0,0,0,,0,8,0.0
2018-01-04,2018-01-04 18:00:00,18,3,weekday,normal,pre_outage,core_outer,0,0,0,,0,8,0.0
2018-01-04,2018-01-04 19:00:00,19,3,weekday,normal,pre_outage,core_outer,0,0,0,,0,8,0.0
2018-01-04,2018-01-04 20:00:00,20,3,weekday,normal,pre_outage,core_outer,0,0,0,,0,8,0.0
2018-01-04,2018-01-04 21:00:00,21,3,weekday,normal,pre_outage,core_outer,0,0,0,,0,8,0.0
2018-01-04,2018-01-04 22:00:00,22,3,weekday,normal,pre_outage,core_outer,0,0,0,,0,8,0.0
2018-01-04,2018-01-04 23:00:00,23,3,weekday,normal,pre_outage,core_outer,0,0,0,,0,8,0.0
2018-01-05,2018-01-05 00:00:00,0,4,weekday,normal,pre_outage,core_outer,0,0,0,,0,6,0.0
2018-01-05,2018-01-05 01:00:00,1,4,weekday,normal,pre_outage,core_outer,0,0,0,,0,6,0.0
2018-01-05,2018-01-05 02:00:00,2,4,weekday,normal,pre_outage,core_outer,0,0,0,,0,6,0.0
2018-01-05,2018-01-05 03:00:00,3,4,weekday,normal,pre_outage,core_outer,0,0,0,,0,6,0.0
2018-01-05,2018-01-05 04:00:00,4,4,weekday,normal,pre_outage,core_outer,0,0,0,,0,6,0.0
2018-01-05,2018-01-05 05:00:00,5,4,weekday,normal,pre_outage,core_outer,0,0,0,,0,6,0.0
2018-01-05,2018-01-05 06:00:00,6,4,weekday,normal,pre_outage,core_outer,0,0,0,,0,6,0.0
2018-01-05,2018-01-05 07:00:00,7,4,weekday,normal,pre_outage,core_outer,0,0,0,,0,6,0.0
2018-01-05,2018-01-05 08:00:00,8,4,weekday,normal,pre_outage,core_outer,0,0,0,,0,6,0.0
2018-01-05,2018-01-05 09:00:00,9,4,weekday,normal,pre_outage,core_outer,0,0,0,,0,6,0.0
2018-01-05,2018-01-05 10:00:00,10,4,weekday,normal,pre_outage,core_outer,0,1,1,0.0,-1,6,0.16666666666666666
2018-01-05,2018-01-05 11:00:00,11,4,weekday,normal,pre_outage,core_outer,1,0,1,1.0,1,6,0.16666666666666666
2018-01-05,2018-01-05 12:00:00,12,4,weekday,normal,pre_outage,core_outer,0,1,1,0.0,-1,6,0.16666666666666666
2018-01-05,2018-01-05 13:00:00,13,4,weekday,normal,pre_outage,core_outer,0,0,0,,0,6,0.0
2018-01-05,2018-01-05 14:00:00,14,4,weekday,normal,pre_outage,core_outer,0,0,0,,0,6,0.0
2018-01-05,2018-01-05 15:00:00,15,4,weekday,normal,pre_outage,core_outer,1,1,2,0.5,0,6,0.3333333333333333
2018-01-05,2018-01-05 16:00:00,16,4,weekday,normal,pre_outage,core_outer,0,0,0,,0,6,0.0
2018-01-05,2018-01-05 17:00:00,17,4,weekday,normal,pre_outage,core_outer,1,0,1,1.0,1,6,0.16666666666666666
2018-01-05,2018-01-05 18:00:00,18,4,weekday,normal,pre_outage,core_outer,0,0,0,,0,6,0.0
2018-01-05,2018-01-05 19:00:00,19,4,weekday,normal,pre_outage,core_outer,0,0,0,,0,6,0.0
2018-01-05,2018-01-05 20:00:00,20,4,weekday,normal,pre_outage,core_outer,0,0,0,,0,6,0.0
2018-01-05,2018-01-05 21:00:00,21,4,weekday,normal,pre_outage,core_outer,0,0,0,,0,6,0.0
2018-01-05,2018-01-05 22:00:00,22,4,weekday,normal,pre_outage,core_outer,0,0,0,,0,6,0.0
2018-01-05,2018-01-05 23:00:00,23,4,weekday,normal,pre_outage,core_outer,0,0,0,,0,6,0.0
2018-01-06,2018-01-06 00:00:00,0,5,weekend,normal,pre_outage,core_outer,0,0,0,,0,7,0.0
2018-01-06,2018-01-06 01:00:00,1,5,weekend,normal,pre_outage,core_outer,0,0,0,,0,7,0.0
2018-01-06,2018-01-06 02:00:00,2,5,weekend,normal,pre_outage,core_outer,0,1,1,0.0,-1,7,0.14285714285714285
2018-01-06,2018-01-06 03:00:00,3,5,weekend,normal,pre_outage,core_outer,0,0,0,,0,7,0.0
2018-01-06,2018-01-06 04:00:00,4,5,weekend,normal,pre_outage,core_outer,0,0,0,,0,7,0.0
2018-01-06,2018-01-06 05:00:00,5,5,weekend,normal,pre_outage,core_outer,1,0,1,1.0,1,7,0.14285714285714285
2018-01-06,2018-01-06 06:00:00,6,5,weekend,normal,pre_outage,core_outer,2,0,2,1.0,2,7,0.2857142857142857
2018-01-06,2018-01-06 07:00:00,7,5,weekend,normal,pre_outage,core_outer,0,0,0,,0,7,0.0
2018-01-06,2018-01-06 08:00:00,8,5,weekend,normal,pre_outage,core_outer,0,0,0,,0,7,0.0
2018-01-06,2018-01-06 09:00:00,9,5,weekend,normal,pre_outage,core_outer,0,0,0,,0,7,0.0
2018-01-06,2018-01-06 10:00:00,10,5,weekend,normal,pre_outage,core_outer,0,0,0,,0,7,0.0
2018-01-06,2018-01-06 11:00:00,11,5,weekend,normal,pre_outage,core_outer,0,0,0,,0,7,0.0
2018-01-06,2018-01-06 12:00:00,12,5,weekend,normal,pre_outage,core_outer,0,3,3,0.0,-3,7,0.42857142857142855
2018-01-06,2018-01-06 13:00:00,13,5,weekend,normal,pre_outage,core_outer,0,0,0,,0,7,0.0
2018-01-06,2018-01-06 14:00:00,14,5,weekend,normal,pre_outage,core_outer,0,0,0,,0,7,0.0
2018-01-06,2018-01-06 15:00:00,15,5,weekend,normal,pre_outage,core_outer,0,0,0,,0,7,0.0
2018-01-06,2018-01-06 16:00:00,16,5,weekend,normal,pre_outage,core_outer,0,0,0,,0,7,0.0
2018-01-06,2018-01-06 17:00:00,17,5,weekend,normal,pre_outage,core_outer,0,0,0,,0,7,0.0
2018-01-06,2018-01-06 18:00:00,18,5,weekend,normal,pre_outage,core_outer,0,0,0,,0,7,0.0
2018-01-06,2018-01-06 19:00:00,19,5,weekend,normal,pre_outage,core_outer,0,0,0,,0,7,0.0
2018-01-06,2018-01-06 20:00:00,20,5,weekend,normal,pre_outage,core_outer,0,0,0,,0,7,0.0
2018-01-06,2018-01-06 21:00:00,21,5,weekend,normal,pre_outage,core_outer,0,0,0,,0,7,0.0
2018-01-06,2018-01-06 22:00:00,22,5,weekend,normal,pre_outage,core_outer,0,0,0,,0,7,0.0
2018-01-06,2018-01-06 23:00:00,23,5,weekend,normal,pre_outage,core_outer,0,0,0,,0,7,0.0
2018-01-07,2018-01-07 00:00:00,0,6,weekend,normal,pre_outage,core_outer,0,0,0,,0,6,0.0
2018-01-07,2018-01-07 01:00:00,1,6,weekend,normal,pre_outage,core_outer,0,0,0,,0,6,0.0
2018-01-07,2018-01-07 02:00:00,2,6,weekend,normal,pre_outage,core_outer,0,1,1,0.0,-1,6,0.16666666666666666
2018-01-07,2018-01-07 03:00:00,3,6,weekend,normal,pre_outage,core_outer,0,0,0,,0,6,0.0
2018-01-07,2018-01-07 04:00:00,4,6,weekend,normal,pre_outage,core_outer,0,0,0,,0,6,0.0
2018-01-07,2018-01-07 05:00:00,5,6,weekend,normal,pre_outage,core_outer,0,0,0,,0,6,0.0
2018-01-07,2018-01-07 06:00:00,6,6,weekend,normal,pre_outage,core_outer,0,0,0,,0,6,0.0
2018-01-07,2018-01-07 07:00:00,7,6,weekend,normal,pre_outage,core_outer,0,0,0,,0,6,0.0
2018-01-07,2018-01-07 08:00:00,8,6,weekend,normal,pre_outage,core_outer,1,0,1,1.0,1,6,0.16666666666666666
2018-01-07,2018-01-07 09:00:00,9,6,weekend,normal,pre_outage,core_outer,0,0,0,,0,6,0.0
2018-01-07,2018-01-07 10:00:00,10,6,weekend,normal,pre_outage,core_outer,0,0,0,,0,6,0.0
2018-01-07,2018-01-07 11:00:00,11,6,weekend,normal,pre_outage,core_outer,0,0,0,,0,6,0.0
2018-01-07,2018-01-07 12:00:00,12,6,weekend,normal,pre_outage,core_outer,1,0,1,1.0,1,6,0.16666666666666666
2018-01-07,2018-01-07 13:00:00,13,6,weekend,normal,pre_outage,core_outer,1,0,1,1.0,1,6,0.16666666666666666
2018-01-07,2018-01-07 14:00:00,14,6,weekend,normal,pre_outage,core_outer,1,0,1,1.0,1,6,0.16666666666666666
2018-01-07,2018-01-07 15:00:00,15,6,weekend,normal,pre_outage,core_outer,0,0,0,,0,6,0.0
2018-01-07,2018-01-07 16:00:00,16,6,weekend,normal,pre_outage,core_outer,0,0,0,,0,6,0.0
2018-01-07,2018-01-07 17:00:00,17,6,weekend,normal,pre_outage,core_outer,0,0,0,,0,6,0.0
2018-01-07,2018-01-07 18:00:00,18,6,weekend,normal,pre_outage,core_outer,0,0,0,,0,6,0.0
2018-01-07,2018-01-07 19:00:00,19,6,weekend,normal,pre_outage,core_outer,0,0,0,,0,6,0.0
2018-01-07,2018-01-07 20:00:00,20,6,weekend,normal,pre_outage,core_outer,0,0,0,,0,6,0.0
2018-01-07,2018-01-07 21:00:00,21,6,weekend,normal,pre_outage,core_outer,0,1,1,0.0,-1,6,0.16666666666666666
2018-01-07,2018-01-07 22:00:00,22,6,weekend,normal,pre_outage,core_outer,0,0,0,,0,6,0.0
2018-01-07,2018-01-07 23:00:00,23,6,weekend,normal,pre_outage,core_outer,0,0,0,,0,6,0.0
2018-01-08,2018-01-08 00:00:00,0,0,weekday,normal,pre_outage,core_outer,0,0,0,,0,10,0.0
2018-01-08,2018-01-08 01:00:00,1,0,weekday,normal,pre_outage,core_outer,0,0,0,,0,10,0.0
2018-01-08,2018-01-08 02:00:00,2,0,weekday,normal,pre_outage,core_outer,0,1,1,0.0,-1,10,0.1
2018-01-08,2018-01-08 03:00:00,3,0,weekday,normal,pre_outage,core_outer,0,0,0,,0,10,0.0
2018-01-08,2018-01-08 04:00:00,4,0,weekday,normal,pre_outage,core_outer,0,0,0,,0,10,0.0
2018-01-08,2018-01-08 05:00:00,5,0,weekday,normal,pre_outage,core_outer,0,0,0,,0,10,0.0
2018-01-08,2018-01-08 06:00:00,6,0,weekday,normal,pre_outage,core_outer,0,0,0,,0,10,0.0
2018-01-08,2018-01-08 07:00:00,7,0,weekday,normal,pre_outage,core_outer,2,0,2,1.0,2,10,0.2
2018-01-08,2018-01-08 08:00:00,8,0,weekday,normal,pre_outage,core_outer,1,0,1,1.0,1,10,0.1
2018-01-08,2018-01-08 09:00:00,9,0,weekday,normal,pre_outage,core_outer,0,0,0,,0,10,0.0
2018-01-08,2018-01-08 10:00:00,10,0,weekday,normal,pre_outage,core_outer,0,2,2,0.0,-2,10,0.2
2018-01-08,2018-01-08 11:00:00,11,0,weekday,normal,pre_outage,core_outer,1,0,1,1.0,1,10,0.1
2018-01-08,2018-01-08 12:00:00,12,0,weekday,normal,pre_outage,core_outer,1,0,1,1.0,1,10,0.1
2018-01-08,2018-01-08 13:00:00,13,0,weekday,normal,pre_outage,core_outer,0,0,0,,0,10,0.0
2018-01-08,2018-01-08 14:00:00,14,0,weekday,normal,pre_outage,core_outer,0,0,0,,0,10,0.0
2018-01-08,2018-01-08 15:00:00,15,0,weekday,normal,pre_outage,core_outer,0,0,0,,0,10,0.0
2018-01-08,2018-01-08 16:00:00,16,0,weekday,normal,pre_outage,core_outer,0,0,0,,0,10,0.0
2018-01-08,2018-01-08 17:00:00,17,0,weekday,normal,pre_outage,core_outer,0,0,0,,0,10,0.0
2018-01-08,2018-01-08 18:00:00,18,0,weekday,normal,pre_outage,core_outer,0,1,1,0.0,-1,10,0.1
2018-01-08,2018-01-08 19:00:00,19,0,weekday,normal,pre_outage,core_outer,0,0,0,,0,10,0.0
2018-01-08,2018-01-08 20:00:00,20,0,weekday,normal,pre_outage,core_outer,0,0,0,,0,10,0.0
2018-01-08,2018-01-08 21:00:00,21,0,weekday,normal,pre_outage,core_outer,0,0,0,,0,10,0.0
2018-01-08,2018-01-08 22:00:00,22,0,weekday,normal,pre_outage,core_outer,0,0,0,,0,10,0.0
2018-01-08,2018-01-08 23:00:00,23,0,weekday,normal,pre_outage,core_outer,0,1,1,0.0,-1,10,0.1
2018-01-09,2018-01-09 00:00:00,0,1,weekday,normal,pre_outage,core_outer,1,0,1,1.0,1,16,0.0625
2018-01-09,2018-01-09 01:00:00,1,1,weekday,normal,pre_outage,core_outer,0,0,0,,0,16,0.0
2018-01-09,2018-01-09 02:00:00,2,1,weekday,normal,pre_outage,core_outer,0,0,0,,0,16,0.0
2018-01-09,2018-01-09 03:00:00,3,1,weekday,normal,pre_outage,core_outer,1,1,2,0.5,0,16,0.125
2018-01-09,2018-01-09 04:00:00,4,1,weekday,normal,pre_outage,core_outer,1,0,1,1.0,1,16,0.0625
2018-01-09,2018-01-09 05:00:00,5,1,weekday,normal,pre_outage,core_outer,0,0,0,,0,16,0.0
2018-01-09,2018-01-09 06:00:00,6,1,weekday,normal,pre_outage,core_outer,3,0,3,1.0,3,16,0.1875
2018-01-09,2018-01-09 07:00:00,7,1,weekday,normal,pre_outage,core_outer,1,1,2,0.5,0,16,0.125
2018-01-09,2018-01-09 08:00:00,8,1,weekday,normal,pre_outage,core_outer,1,0,1,1.0,1,16,0.0625
2018-01-09,2018-01-09 09:00:00,9,1,weekday,normal,pre_outage,core_outer,0,0,0,,0,16,0.0
2018-01-09,2018-01-09 10:00:00,10,1,weekday,normal,pre_outage,core_outer,0,1,1,0.0,-1,16,0.0625
2018-01-09,2018-01-09 11:00:00,11,1,weekday,normal,pre_outage,core_outer,1,1,2,0.5,0,16,0.125
2018-01-09,2018-01-09 12:00:00,12,1,weekday,normal,pre_outage,core_outer,0,0,0,,0,16,0.0
2018-01-09,2018-01-09 13:00:00,13,1,weekday,normal,pre_outage,core_outer,0,0,0,,0,16,0.0
2018-01-09,2018-01-09 14:00:00,14,1,weekday,normal,pre_outage,core_outer,0,0,0,,0,16,0.0
2018-01-09,2018-01-09 15:00:00,15,1,weekday,normal,pre_outage,core_outer,1,0,1,1.0,1,16,0.0625
2018-01-09,2018-01-09 16:00:00,16,1,weekday,normal,pre_outage,core_outer,0,0,0,,0,16,0.0
2018-01-09,2018-01-09 17:00:00,17,1,weekday,normal,pre_outage,core_outer,0,0,0,,0,16,0.0
2018-01-09,2018-01-09 18:00:00,18,1,weekday,normal,pre_outage,core_outer,0,0,0,,0,16,0.0
2018-01-09,2018-01-09 19:00:00,19,1,weekday,normal,pre_outage,core_outer,0,0,0,,0,16,0.0
2018-01-09,2018-01-09 20:00:00,20,1,weekday,normal,pre_outage,core_outer,0,0,0,,0,16,0.0
2018-01-09,2018-01-09 21:00:00,21,1,weekday,normal,pre_outage,core_outer,0,1,1,0.0,-1,16,0.0625
2018-01-09,2018-01-09 22:00:00,22,1,weekday,normal,pre_outage,core_outer,0,0,0,,0,16,0.0
2018-01-09,2018-01-09 23:00:00,23,1,weekday,normal,pre_outage,core_outer,0,1,1,0.0,-1,16,0.0625
2018-01-10,2018-01-10 00:00:00,0,2,weekday,normal,pre_outage,core_outer,0,0,0,,0,9,0.0
2018-01-10,2018-01-10 01:00:00,1,2,weekday,normal,pre_outage,core_outer,0,0,0,,0,9,0.0
2018-01-10,2018-01-10 02:00:00,2,2,weekday,normal,pre_outage,core_outer,0,0,0,,0,9,0.0
2018-01-10,2018-01-10 03:00:00,3,2,weekday,normal,pre_outage,core_outer,2,0,2,1.0,2,9,0.2222222222222222
2018-01-10,2018-01-10 04:00:00,4,2,weekday,normal,pre_outage,core_outer,0,0,0,,0,9,0.0
2018-01-10,2018-01-10 05:00:00,5,2,weekday,normal,pre_outage,core_outer,0,0,0,,0,9,0.0
2018-01-10,2018-01-10 06:00:00,6,2,weekday,normal,pre_outage,core_outer,0,0,0,,0,9,0.0
2018-01-10,2018-01-10 07:00:00,7,2,weekday,normal,pre_outage,core_outer,0,0,0,,0,9,0.0
2018-01-10,2018-01-10 08:00:00,8,2,weekday,normal,pre_outage,core_outer,1,0,1,1.0,1,9,0.1111111111111111
2018-01-10,2018-01-10 09:00:00,9,2,weekday,normal,pre_outage,core_outer,0,0,0,,0,9,0.0
2018-01-10,2018-01-10 10:00:00,10,2,weekday,normal,pre_outage,core_outer,0,0,0,,0,9,0.0
2018-01-10,2018-01-10 11:00:00,11,2,weekday,normal,pre_outage,core_outer,0,1,1,0.0,-1,9,0.1111111111111111
2018-01-10,2018-01-10 12:00:00,12,2,weekday,normal,pre_outage,core_outer,0,1,1,0.0,-1,9,0.1111111111111111
2018-01-10,2018-01-10 13:00:00,13,2,weekday,normal,pre_outage,core_outer,0,0,0,,0,9,0.0
2018-01-10,2018-01-10 14:00:00,14,2,weekday,normal,pre_outage,core_outer,0,0,0,,0,9,0.0
2018-01-10,2018-01-10 15:00:00,15,2,weekday,normal,pre_outage,core_outer,1,0,1,1.0,1,9,0.1111111111111111
2018-01-10,2018-01-10 16:00:00,16,2,weekday,normal,pre_outage,core_outer,0,0,0,,0,9,0.0
2018-01-10,2018-01-10 17:00:00,17,2,weekday,normal,pre_outage,core_outer,0,0,0,,0,9,0.0
2018-01-10,2018-01-10 18:00:00,18,2,weekday,normal,pre_outage,core_outer,0,0,0,,0,9,0.0
2018-01-10,2018-01-10 19:00:00,19,2,weekday,normal,pre_outage,core_outer,2,0,2,1.0,2,9,0.2222222222222222
2018-01-10,2018-01-10 20:00:00,20,2,weekday,normal,pre_outage,core_outer,0,0,0,,0,9,0.0
2018-01-10,2018-01-10 21:00:00,21,2,weekday,normal,pre_outage,core_outer,0,0,0,,0,9,0.0
2018-01-10,2018-01-10 22:00:00,22,2,weekday,normal,pre_outage,core_outer,0,1,1,0.0,-1,9,0.1111111111111111
2018-01-10,2018-01-10 23:00:00,23,2,weekday,normal,pre_outage,core_outer,0,0,0,,0,9,0.0
2018-01-11,2018-01-11 00:00:00,0,3,weekday,normal,pre_outage,core_outer,0,0,0,,0,12,0.0
2018-01-11,2018-01-11 01:00:00,1,3,weekday,normal,pre_outage,core_outer,0,0,0,,0,12,0.0
2018-01-11,2018-01-11 02:00:00,2,3,weekday,normal,pre_outage,core_outer,0,0,0,,0,12,0.0
2018-01-11,2018-01-11 03:00:00,3,3,weekday,normal,pre_outage,core_outer,0,0,0,,0,12,0.0
2018-01-11,2018-01-11 04:00:00,4,3,weekday,normal,pre_outage,core_outer,0,0,0,,0,12,0.0
2018-01-11,2018-01-11 05:00:00,5,3,weekday,normal,pre_outage,core_outer,1,0,1,1.0,1,12,0.08333333333333333
2018-01-11,2018-01-11 06:00:00,6,3,weekday,normal,pre_outage,core_outer,0,0,0,,0,12,0.0
2018-01-11,2018-01-11 07:00:00,7,3,weekday,normal,pre_outage,core_outer,2,0,2,1.0,2,12,0.16666666666666666
2018-01-11,2018-01-11 08:00:00,8,3,weekday,normal,pre_outage,core_outer,0,0,0,,0,12,0.0
2018-01-11,2018-01-11 09:00:00,9,3,weekday,normal,pre_outage,core_outer,0,0,0,,0,12,0.0
2018-01-11,2018-01-11 10:00:00,10,3,weekday,normal,pre_outage,core_outer,1,0,1,1.0,1,12,0.08333333333333333
2018-01-11,2018-01-11 11:00:00,11,3,weekday,normal,pre_outage,core_outer,0,0,0,,0,12,0.0
2018-01-11,2018-01-11 12:00:00,12,3,weekday,normal,pre_outage,core_outer,1,0,1,1.0,1,12,0.08333333333333333
2018-01-11,2018-01-11 13:00:00,13,3,weekday,normal,pre_outage,core_outer,0,2,2,0.0,-2,12,0.16666666666666666
2018-01-11,2018-01-11 14:00:00,14,3,weekday,normal,pre_outage,core_outer,0,0,0,,0,12,0.0
2018-01-11,2018-01-11 15:00:00,15,3,weekday,normal,pre_outage,core_outer,0,0,0,,0,12,0.0
2018-01-11,2018-01-11 16:00:00,16,3,weekday,normal,pre_outage,core_outer,0,0,0,,0,12,0.0
2018-01-11,2018-01-11 17:00:00,17,3,weekday,normal,pre_outage,core_outer,0,0,0,,0,12,0.0
2018-01-11,2018-01-11 18:00:00,18,3,weekday,normal,pre_outage,core_outer,1,2,3,0.3333333333333333,-1,12,0.25
2018-01-11,2018-01-11 19:00:00,19,3,weekday,normal,pre_outage,core_outer,0,1,1,0.0,-1,12,0.08333333333333333
2018-01-11,2018-01-11 20:00:00,20,3,weekday,normal,pre_outage,core_outer,0,0,0,,0,12,0.0
2018-01-11,2018-01-11 21:00:00,21,3,weekday,normal,pre_outage,core_outer,0,0,0,,0,12,0.0
2018-01-11,2018-01-11 22:00:00,22,3,weekday,normal,pre_outage,core_outer,0,1,1,0.0,-1,12,0.08333333333333333
2018-01-11,2018-01-11 23:00:00,23,3,weekday,normal,pre_outage,core_outer,0,0,0,,0,12,0.0
2018-01-12,2018-01-12 00:00:00,0,4,weekday,reduced,degraded_period,core_outer,0,0,0,,0,12,0.0
2018-01-12,2018-01-12 01:00:00,1,4,weekday,reduced,degraded_period,core_outer,0,0,0,,0,12,0.0
2018-01-12,2018-01-12 02:00:00,2,4,weekday,reduced,degraded_period,core_outer,0,0,0,,0,12,0.0
2018-01-12,2018-01-12 03:00:00,3,4,weekday,reduced,degraded_period,core_outer,1,0,1,1.0,1,12,0.08333333333333333
2018-01-12,2018-01-12 04:00:00,4,4,weekday,reduced,degraded_period,core_outer,0,0,0,,0,12,0.0
2018-01-12,2018-01-12 05:00:00,5,4,weekday,reduced,degraded_period,core_outer,0,0,0,,0,12,0.0
2018-01-12,2018-01-12 06:00:00,6,4,weekday,reduced,degraded_period,core_outer,1,0,1,1.0,1,12,0.08333333333333333
2018-01-12,2018-01-12 07:00:00,7,4,weekday,reduced,degraded_period,core_outer,1,0,1,1.0,1,12,0.08333333333333333
2018-01-12,2018-01-12 08:00:00,8,4,weekday,reduced,degraded_period,core_outer,0,1,1,0.0,-1,12,0.08333333333333333
2018-01-12,2018-01-12 09:00:00,9,4,weekday,reduced,degraded_period,core_outer,0,2,2,0.0,-2,12,0.16666666666666666
2018-01-12,2018-01-12 10:00:00,10,4,weekday,reduced,degraded_period,core_outer,0,0,0,,0,12,0.0
2018-01-12,2018-01-12 11:00:00,11,4,weekday,reduced,degraded_period,core_outer,2,0,2,1.0,2,12,0.16666666666666666
2018-01-12,2018-01-12 12:00:00,12,4,weekday,reduced,degraded_period,core_outer,0,0,0,,0,12,0.0
2018-01-12,2018-01-12 13:00:00,13,4,weekday,reduced,degraded_period,core_outer,0,0,0,,0,12,0.0
2018-01-12,2018-01-12 14:00:00,14,4,weekday,reduced,degraded_period,core_outer,0,0,0,,0,12,0.0
2018-01-12,2018-01-12 15:00:00,15,4,weekday,reduced,degraded_period,core_outer,0,0,0,,0,12,0.0
2018-01-12,2018-01-12 16:00:00,16,4,weekday,reduced,degraded_period,core_outer,1,0,1,1.0,1,12,0.08333333333333333
2018-01-12,2018-01-12 17:00:00,17,4,weekday,reduced,degraded_period,core_outer,0,0,0,,0,12,0.0
2018-01-12,2018-01-12 18:00:00,18,4,weekday,reduced,degraded_period,core_outer,0,0,0,,0,12,0.0
2018-01-12,2018-01-12 19:00:00,19,4,weekday,reduced,degraded_period,core_outer,2,0,2,1.0,2,12,0.16666666666666666
2018-01-12,2018-01-12 20:00:00,20,4,weekday,reduced,degraded_period,core_outer,0,0,0,,0,12,0.0
2018-01-12,2018-01-12 21:00:00,21,4,weekday,reduced,degraded_period,core_outer,0,1,1,0.0,-1,12,0.08333333333333333
2018-01-12,2018-01-12 22:00:00,22,4,weekday,reduced,degraded_period,core_outer,0,0,0,,0,12,0.0
2018-01-12,2018-01-12 23:00:00,23,4,weekday,reduced,degraded_period,core_outer,0,0,0,,0,12,0.0
2018-01-13,2018-01-13 00:00:00,0,5,weekend,outage,degraded_period,core_outer,0,0,0,,0,13,0.0
2018-01-13,2018-01-13 01:00:00,1,5,weekend,outage,degraded_period,core_outer,0,1,1,0.0,-1,13,0.07692307692307693
2018-01-13,2018-01-13 02:00:00,2,5,weekend,outage,degraded_period,core_outer,0,0,0,,0,13,0.0
2018-01-13,2018-01-13 03:00:00,3,5,weekend,outage,degraded_period,core_outer,0,0,0,,0,13,0.0
2018-01-13,2018-01-13 04:00:00,4,5,weekend,outage,degraded_period,core_outer,1,0,1,1.0,1,13,0.07692307692307693
2018-01-13,2018-01-13 05:00:00,5,5,weekend,outage,degraded_period,core_outer,0,0,0,,0,13,0.0
2018-01-13,2018-01-13 06:00:00,6,5,weekend,outage,degraded_period,core_outer,3,0,3,1.0,3,13,0.23076923076923078
2018-01-13,2018-01-13 07:00:00,7,5,weekend,outage,degraded_period,core_outer,0,0,0,,0,13,0.0
2018-01-13,2018-01-13 08:00:00,8,5,weekend,outage,degraded_period,core_outer,0,0,0,,0,13,0.0
2018-01-13,2018-01-13 09:00:00,9,5,weekend,outage,degraded_period,core_outer,0,2,2,0.0,-2,13,0.15384615384615385
2018-01-13,2018-01-13 10:00:00,10,5,weekend,outage,degraded_period,core_outer,0,0,0,,0,13,0.0
2018-01-13,2018-01-13 11:00:00,11,5,weekend,outage,degraded_period,core_outer,1,0,1,1.0,1,13,0.07692307692307693
2018-01-13,2018-01-13 12:00:00,12,5,weekend,outage,degraded_period,core_outer,0,0,0,,0,13,0.0
2018-01-13,2018-01-13 13:00:00,13,5,weekend,outage,degraded_period,core_outer,0,0,0,,0,13,0.0
2018-01-13,2018-01-13 14:00:00,14,5,weekend,outage,degraded_period,core_outer,0,1,1,0.0,-1,13,0.07692307692307693
2018-01-13,2018-01-13 15:00:00,15,5,weekend,outage,degraded_period,core_outer,0,0,0,,0,13,0.0
2018-01-13,2018-01-13 16:00:00,16,5,weekend,outage,degraded_period,core_outer,0,0,0,,0,13,0.0
2018-01-13,2018-01-13 17:00:00,17,5,weekend,outage,degraded_period,core_outer,1,0,1,1.0,1,13,0.07692307692307693
2018-01-13,2018-01-13 18:00:00,18,5,weekend,outage,degraded_period,core_outer,0,0,0,,0,13,0.0
2018-01-13,2018-01-13 19:00:00,19,5,weekend,outage,degraded_period,core_outer,1,0,1,1.0,1,13,0.07692307692307693
2018-01-13,2018-01-13 20:00:00,20,5,weekend,outage,degraded_period,core_outer,0,0,0,,0,13,0.0
2018-01-13,2018-01-13 21:00:00,21,5,weekend,outage,degraded_period,core_outer,0,0,0,,0,13,0.0
2018-01-13,2018-01-13 22:00:00,22,5,weekend,outage,degraded_period,core_outer,0,0,0,,0,13,0.0
2018-01-13,2018-01-13 23:00:00,23,5,weekend,outage,degraded_period,core_outer,2,0,2,1.0,2,13,0.15384615384615385
2018-01-14,2018-01-14 00:00:00,0,6,weekend,outage,degraded_period,core_outer,0,0,0,,0,8,0.0
2018-01-14,2018-01-14 01:00:00,1,6,weekend,outage,degraded_period,core_outer,0,1,1,0.0,-1,8,0.125
2018-01-14,2018-01-14 02:00:00,2,6,weekend,outage,degraded_period,core_outer,0,1,1,0.0,-1,8,0.125
2018-01-14,2018-01-14 03:00:00,3,6,weekend,outage,degraded_period,core_outer,0,0,0,,0,8,0.0
2018-01-14,2018-01-14 04:00:00,4,6,weekend,outage,degraded_period,core_outer,0,0,0,,0,8,0.0
2018-01-14,2018-01-14 05:00:00,5,6,weekend,outage,degraded_period,core_outer,1,0,1,1.0,1,8,0.125
2018-01-14,2018-01-14 06:00:00,6,6,weekend,outage,degraded_period,core_outer,0,0,0,,0,8,0.0
2018-01-14,2018-01-14 07:00:00,7,6,weekend,outage,degraded_period,core_outer,2,0,2,1.0,2,8,0.25
2018-01-14,2018-01-14 08:00:00,8,6,weekend,outage,degraded_period,core_outer,0,0,0,,0,8,0.0
2018-01-14,2018-01-14 09:00:00,9,6,weekend,outage,degraded_period,core_outer,0,0,0,,0,8,0.0
2018-01-14,2018-01-14 10:00:00,10,6,weekend,outage,degraded_period,core_outer,0,1,1,0.0,-1,8,0.125
2018-01-14,2018-01-14 11:00:00,11,6,weekend,outage,degraded_period,core_outer,0,2,2,0.0,-2,8,0.25
2018-01-14,2018-01-14 12:00:00,12,6,weekend,outage,degraded_period,core_outer,0,0,0,,0,8,0.0
2018-01-14,2018-01-14 13:00:00,13,6,weekend,outage,degraded_period,core_outer,0,0,0,,0,8,0.0
2018-01-14,2018-01-14 14:00:00,14,6,weekend,outage,degraded_period,core_outer,0,0,0,,0,8,0.0
2018-01-14,2018-01-14 15:00:00,15,6,weekend,outage,degraded_period,core_outer,0,0,0,,0,8,0.0
2018-01-14,2018-01-14 16:00:00,16,6,weekend,outage,degraded_period,core_outer,0,0,0,,0,8,0.0
2018-01-14,2018-01-14 17:00:00,17,6,weekend,outage,degraded_period,core_outer,0,0,0,,0,8,0.0
2018-01-14,2018-01-14 18:00:00,18,6,weekend,outage,degraded_period,core_outer,0,0,0,,0,8,0.0
2018-01-14,2018-01-14 19:00:00,19,6,weekend,outage,degraded_period,core_outer,0,0,0,,0,8,0.0
2018-01-14,2018-01-14 20:00:00,20,6,weekend,outage,degraded_period,core_outer,0,0,0,,0,8,0.0
2018-01-14,2018-01-14 21:00:00,21,6,weekend,outage,degraded_period,core_outer,0,0,0,,0,8,0.0
2018-01-14,2018-01-14 22:00:00,22,6,weekend,outage,degraded_period,core_outer,0,0,0,,0,8,0.0
2018-01-14,2018-01-14 23:00:00,23,6,weekend,outage,degraded_period,core_outer,0,0,0,,0,8,0.0
2018-01-15,2018-01-15 00:00:00,0,0,weekday,outage,degraded_period,core_outer,0,1,1,0.0,-1,6,0.16666666666666666
2018-01-15,2018-01-15 01:00:00,1,0,weekday,outage,degraded_period,core_outer,0,0,0,,0,6,0.0
2018-01-15,2018-01-15 02:00:00,2,0,weekday,outage,degraded_period,core_outer,0,0,0,,0,6,0.0
2018-01-15,2018-01-15 03:00:00,3,0,weekday,outage,degraded_period,core_outer,0,0,0,,0,6,0.0
2018-01-15,2018-01-15 04:00:00,4,0,weekday,outage,degraded_period,core_outer,0,0,0,,0,6,0.0
2018-01-15,2018-01-15 05:00:00,5,0,weekday,outage,degraded_period,core_outer,0,0,0,,0,6,0.0
2018-01-15,2018-01-15 06:00:00,6,0,weekday,outage,degraded_period,core_outer,0,0,0,,0,6,0.0
2018-01-15,2018-01-15 07:00:00,7,0,weekday,outage,degraded_period,core_outer,0,0,0,,0,6,0.0
2018-01-15,2018-01-15 08:00:00,8,0,weekday,outage,degraded_period,core_outer,0,0,0,,0,6,0.0
2018-01-15,2018-01-15 09:00:00,9,0,weekday,outage,degraded_period,core_outer,0,2,2,0.0,-2,6,0.3333333333333333
2018-01-15,2018-01-15 10:00:00,10,0,weekday,outage,degraded_period,core_outer,0,0,0,,0,6,0.0
2018-01-15,2018-01-15 11:00:00,11,0,weekday,outage,degraded_period,core_outer,0,0,0,,0,6,0.0
2018-01-15,2018-01-15 12:00:00,12,0,weekday,outage,degraded_period,core_outer,0,0,0,,0,6,0.0
2018-01-15,2018-01-15 13:00:00,13,0,weekday,outage,degraded_period,core_outer,0,0,0,,0,6,0.0
2018-01-15,2018-01-15 14:00:00,14,0,weekday,outage,degraded_period,core_outer,1,0,1,1.0,1,6,0.16666666666666666
2018-01-15,2018-01-15 15:00:00,15,0,weekday,outage,degraded_period,core_outer,0,0,0,,0,6,0.0
2018-01-15,2018-01-15 16:00:00,16,0,weekday,outage,degraded_period,core_outer,1,0,1,1.0,1,6,0.16666666666666666
2018-01-15,2018-01-15 17:00:00,17,0,weekday,outage,degraded_period,core_outer,0,0,0,,0,6,0.0
2018-01-15,2018-01-15 18:00:00,18,0,weekday,outage,degraded_period,core_outer,0,0,0,,0,6,0.0
2018-01-15,2018-01-15 19:00:00,19,0,weekday,outage,degraded_period,core_outer,0,0,0,,0,6,0.0
2018-01-15,2018-01-15 20:00:00,20,0,weekday,outage,degraded_period,core_outer,0,0,0,,0,6,0.0
2018-01-15,2018-01-15 21:00:00,21,0,weekday,outage,degraded_period,core_outer,0,0,0,,0,6,0.0
2018-01-15,2018-01-15 22:00:00,22,0,weekday,outage,degraded_period,core_outer,0,1,1,0.0,-1,6,0.16666666666666666
2018-01-15,2018-01-15 23:00:00,23,0,weekday,outage,degraded_period,core_outer,0,0,0,,0,6,0.0
2018-01-16,2018-01-16 00:00:00,0,1,weekday,outage,degraded_period,core_outer,0,0,0,,0,12,0.0
2018-01-16,2018-01-16 01:00:00,1,1,weekday,outage,degraded_period,core_outer,0,0,0,,0,12,0.0
2018-01-16,2018-01-16 02:00:00,2,1,weekday,outage,degraded_period,core_outer,0,0,0,,0,12,0.0
2018-01-16,2018-01-16 03:00:00,3,1,weekday,outage,degraded_period,core_outer,0,0,0,,0,12,0.0
2018-01-16,2018-01-16 04:00:00,4,1,weekday,outage,degraded_period,core_outer,0,0,0,,0,12,0.0
2018-01-16,2018-01-16 05:00:00,5,1,weekday,outage,degraded_period,core_outer,0,0,0,,0,12,0.0
2018-01-16,2018-01-16 06:00:00,6,1,weekday,outage,degraded_period,core_outer,3,0,3,1.0,3,12,0.25
2018-01-16,2018-01-16 07:00:00,7,1,weekday,outage,degraded_period,core_outer,1,0,1,1.0,1,12,0.08333333333333333
2018-01-16,2018-01-16 08:00:00,8,1,weekday,outage,degraded_period,core_outer,0,1,1,0.0,-1,12,0.08333333333333333
2018-01-16,2018-01-16 09:00:00,9,1,weekday,outage,degraded_period,core_outer,1,2,3,0.3333333333333333,-1,12,0.25
2018-01-16,2018-01-16 10:00:00,10,1,weekday,outage,degraded_period,core_outer,0,2,2,0.0,-2,12,0.16666666666666666
2018-01-16,2018-01-16 11:00:00,11,1,weekday,outage,degraded_period,core_outer,0,0,0,,0,12,0.0
2018-01-16,2018-01-16 12:00:00,12,1,weekday,outage,degraded_period,core_outer,0,1,1,0.0,-1,12,0.08333333333333333
2018-01-16,2018-01-16 13:00:00,13,1,weekday,outage,degraded_period,core_outer,0,0,0,,0,12,0.0
2018-01-16,2018-01-16 14:00:00,14,1,weekday,outage,degraded_period,core_outer,0,0,0,,0,12,0.0
2018-01-16,2018-01-16 15:00:00,15,1,weekday,outage,degraded_period,core_outer,0,1,1,0.0,-1,12,0.08333333333333333
2018-01-16,2018-01-16 16:00:00,16,1,weekday,outage,degraded_period,core_outer,0,0,0,,0,12,0.0
2018-01-16,2018-01-16 17:00:00,17,1,weekday,outage,degraded_period,core_outer,0,0,0,,0,12,0.0
2018-01-16,2018-01-16 18:00:00,18,1,weekday,outage,degraded_period,core_outer,0,0,0,,0,12,0.0
2018-01-16,2018-01-16 19:00:00,19,1,weekday,outage,degraded_period,core_outer,0,0,0,,0,12,0.0
2018-01-16,2018-01-16 20:00:00,20,1,weekday,outage,degraded_period,core_outer,0,0,0,,0,12,0.0
2018-01-16,2018-01-16 21:00:00,21,1,weekday,outage,degraded_period,core_outer,0,0,0,,0,12,0.0
2018-01-16,2018-01-16 22:00:00,22,1,weekday,outage,degraded_period,core_outer,0,0,0,,0,12,0.0
2018-01-16,2018-01-16 23:00:00,23,1,weekday,outage,degraded_period,core_outer,0,0,0,,0,12,0.0
2018-01-17,2018-01-17 00:00:00,0,2,weekday,severe,degraded_period,core_outer,0,0,0,,0,5,0.0
2018-01-17,2018-01-17 01:00:00,1,2,weekday,severe,degraded_period,core_outer,0,0,0,,0,5,0.0
2018-01-17,2018-01-17 02:00:00,2,2,weekday,severe,degraded_period,core_outer,0,0,0,,0,5,0.0
2018-01-17,2018-01-17 03:00:00,3,2,weekday,severe,degraded_period,core_outer,1,0,1,1.0,1,5,0.2
2018-01-17,2018-01-17 04:00:00,4,2,weekday,severe,degraded_period,core_outer,0,0,0,,0,5,0.0
2018-01-17,2018-01-17 05:00:00,5,2,weekday,severe,degraded_period,core_outer,0,2,2,0.0,-2,5,0.4
2018-01-17,2018-01-17 06:00:00,6,2,weekday,severe,degraded_period,core_outer,0,0,0,,0,5,0.0
2018-01-17,2018-01-17 07:00:00,7,2,weekday,severe,degraded_period,core_outer,0,0,0,,0,5,0.0
2018-01-17,2018-01-17 08:00:00,8,2,weekday,severe,degraded_period,core_outer,0,0,0,,0,5,0.0
2018-01-17,2018-01-17 09:00:00,9,2,weekday,severe,degraded_period,core_outer,0,0,0,,0,5,0.0
2018-01-17,2018-01-17 10:00:00,10,2,weekday,severe,degraded_period,core_outer,0,0,0,,0,5,0.0
2018-01-17,2018-01-17 11:00:00,11,2,weekday,severe,degraded_period,core_outer,0,0,0,,0,5,0.0
2018-01-17,2018-01-17 12:00:00,12,2,weekday,severe,degraded_period,core_outer,0,0,0,,0,5,0.0
2018-01-17,2018-01-17 13:00:00,13,2,weekday,severe,degraded_period,core_outer,0,0,0,,0,5,0.0
2018-01-17,2018-01-17 14:00:00,14,2,weekday,severe,degraded_period,core_outer,0,0,0,,0,5,0.0
2018-01-17,2018-01-17 15:00:00,15,2,weekday,severe,degraded_period,core_outer,0,0,0,,0,5,0.0
2018-01-17,2018-01-17 16:00:00,16,2,weekday,severe,degraded_period,core_outer,0,0,0,,0,5,0.0
2018-01-17,2018-01-17 17:00:00,17,2,weekday,severe,degraded_period,core_outer,0,0,0,,0,5,0.0
2018-01-17,2018-01-17 18:00:00,18,2,weekday,severe,degraded_period,core_outer,0,0,0,,0,5,0.0
2018-01-17,2018-01-17 19:00:00,19,2,weekday,severe,degraded_period,core_outer,0,0,0,,0,5,0.0
2018-01-17,2018-01-17 20:00:00,20,2,weekday,severe,degraded_period,core_outer,0,0,0,,0,5,0.0
2018-01-17,2018-01-17 21:00:00,21,2,weekday,severe,degraded_period,core_outer,0,0,0,,0,5,0.0
2018-01-17,2018-01-17 22:00:00,22,2,weekday,severe,degraded_period,core_outer,1,1,2,0.5,0,5,0.4
2018-01-17,2018-01-17 23:00:00,23,2,weekday,severe,degraded_period,core_outer,0,0,0,,0,5,0.0
2018-01-18,2018-01-18 00:00:00,0,3,weekday,severe,degraded_period,core_outer,0,0,0,,0,9,0.0
2018-01-18,2018-01-18 01:00:00,1,3,weekday,severe,degraded_period,core_outer,0,0,0,,0,9,0.0
2018-01-18,2018-01-18 02:00:00,2,3,weekday,severe,degraded_period,core_outer,0,2,2,0.0,-2,9,0.2222222222222222
2018-01-18,2018-01-18 03:00:00,3,3,weekday,severe,degraded_period,core_outer,1,0,1,1.0,1,9,0.1111111111111111
2018-01-18,2018-01-18 04:00:00,4,3,weekday,severe,degraded_period,core_outer,0,0,0,,0,9,0.0
2018-01-18,2018-01-18 05:00:00,5,3,weekday,severe,degraded_period,core_outer,1,0,1,1.0,1,9,0.1111111111111111
2018-01-18,2018-01-18 06:00:00,6,3,weekday,severe,degraded_period,core_outer,0,0,0,,0,9,0.0
2018-01-18,2018-01-18 07:00:00,7,3,weekday,severe,degraded_period,core_outer,0,0,0,,0,9,0.0
2018-01-18,2018-01-18 08:00:00,8,3,weekday,severe,degraded_period,core_outer,1,0,1,1.0,1,9,0.1111111111111111
2018-01-18,2018-01-18 09:00:00,9,3,weekday,severe,degraded_period,core_outer,0,0,0,,0,9,0.0
2018-01-18,2018-01-18 10:00:00,10,3,weekday,severe,degraded_period,core_outer,0,0,0,,0,9,0.0
2018-01-18,2018-01-18 11:00:00,11,3,weekday,severe,degraded_period,core_outer,0,0,0,,0,9,0.0
2018-01-18,2018-01-18 12:00:00,12,3,weekday,severe,degraded_period,core_outer,0,0,0,,0,9,0.0
2018-01-18,2018-01-18 13:00:00,13,3,weekday,severe,degraded_period,core_outer,0,0,0,,0,9,0.0
2018-01-18,2018-01-18 14:00:00,14,3,weekday,severe,degraded_period,core_outer,0,0,0,,0,9,0.0
2018-01-18,2018-01-18 15:00:00,15,3,weekday,severe,degraded_period,core_outer,0,1,1,0.0,-1,9,0.1111111111111111
2018-01-18,2018-01-18 16:00:00,16,3,weekday,severe,degraded_period,core_outer,0,2,2,0.0,-2,9,0.2222222222222222
2018-01-18,2018-01-18 17:00:00,17,3,weekday,severe,degraded_period,core_outer,0,0,0,,0,9,0.0
2018-01-18,2018-01-18 18:00:00,18,3,weekday,severe,degraded_period,core_outer,0,0,0,,0,9,0.0
2018-01-18,2018-01-18 19:00:00,19,3,weekday,severe,degraded_period,core_outer,1,0,1,1.0,1,9,0.1111111111111111
2018-01-18,2018-01-18 20:00:00,20,3,weekday,severe,degraded_period,core_outer,0,0,0,,0,9,0.0
2018-01-18,2018-01-18 21:00:00,21,3,weekday,severe,degraded_period,core_outer,0,0,0,,0,9,0.0
2018-01-18,2018-01-18 22:00:00,22,3,weekday,severe,degraded_period,core_outer,0,0,0,,0,9,0.0
2018-01-18,2018-01-18 23:00:00,23,3,weekday,severe,degraded_period,core_outer,0,0,0,,0,9,0.0
2018-01-19,2018-01-19 00:00:00,0,4,weekday,normal,post_recovery,core_outer,0,0,0,,0,7,0.0
2018-01-19,2018-01-19 01:00:00,1,4,weekday,normal,post_recovery,core_outer,0,0,0,,0,7,0.0
2018-01-19,2018-01-19 02:00:00,2,4,weekday,normal,post_recovery,core_outer,0,0,0,,0,7,0.0
2018-01-19,2018-01-19 03:00:00,3,4,weekday,normal,post_recovery,core_outer,0,0,0,,0,7,0.0
2018-01-19,2018-01-19 04:00:00,4,4,weekday,normal,post_recovery,core_outer,0,0,0,,0,7,0.0
2018-01-19,2018-01-19 05:00:00,5,4,weekday,normal,post_recovery,core_outer,0,0,0,,0,7,0.0
2018-01-19,2018-01-19 06:00:00,6,4,weekday,normal,post_recovery,core_outer,1,0,1,1.0,1,7,0.14285714285714285
2018-01-19,2018-01-19 07:00:00,7,4,weekday,normal,post_recovery,core_outer,0,0,0,,0,7,0.0
2018-01-19,2018-01-19 08:00:00,8,4,weekday,normal,post_recovery,core_outer,0,0,0,,0,7,0.0
2018-01-19,2018-01-19 09:00:00,9,4,weekday,normal,post_recovery,core_outer,0,0,0,,0,7,0.0
2018-01-19,2018-01-19 10:00:00,10,4,weekday,normal,post_recovery,core_outer,0,2,2,0.0,-2,7,0.2857142857142857
2018-01-19,2018-01-19 11:00:00,11,4,weekday,normal,post_recovery,core_outer,0,0,0,,0,7,0.0
2018-01-19,2018-01-19 12:00:00,12,4,weekday,normal,post_recovery,core_outer,0,0,0,,0,7,0.0
2018-01-19,2018-01-19 13:00:00,13,4,weekday,normal,post_recovery,core_outer,0,0,0,,0,7,0.0
2018-01-19,2018-01-19 14:00:00,14,4,weekday,normal,post_recovery,core_outer,0,0,0,,0,7,0.0
2018-01-19,2018-01-19 15:00:00,15,4,weekday,normal,post_recovery,core_outer,1,0,1,1.0,1,7,0.14285714285714285
2018-01-19,2018-01-19 16:00:00,16,4,weekday,normal,post_recovery,core_outer,0,0,0,,0,7,0.0
2018-01-19,2018-01-19 17:00:00,17,4,weekday,normal,post_recovery,core_outer,0,0,0,,0,7,0.0
2018-01-19,2018-01-19 18:00:00,18,4,weekday,normal,post_recovery,core_outer,0,0,0,,0,7,0.0
2018-01-19,2018-01-19 19:00:00,19,4,weekday,normal,post_recovery,core_outer,0,1,1,0.0,-1,7,0.14285714285714285
2018-01-19,2018-01-19 20:00:00,20,4,weekday,normal,post_recovery,core_outer,1,0,1,1.0,1,7,0.14285714285714285
2018-01-19,2018-01-19 21:00:00,21,4,weekday,normal,post_recovery,core_outer,0,0,0,,0,7,0.0
2018-01-19,2018-01-19 22:00:00,22,4,weekday,normal,post_recovery,core_outer,0,0,0,,0,7,0.0
2018-01-19,2018-01-19 23:00:00,23,4,weekday,normal,post_recovery,core_outer,1,0,1,1.0,1,7,0.14285714285714285
2018-01-20,2018-01-20 00:00:00,0,5,weekend,normal,post_recovery,core_outer,0,0,0,,0,12,0.0
2018-01-20,2018-01-20 01:00:00,1,5,weekend,normal,post_recovery,core_outer,0,1,1,0.0,-1,12,0.08333333333333333
2018-01-20,2018-01-20 02:00:00,2,5,weekend,normal,post_recovery,core_outer,0,0,0,,0,12,0.0
2018-01-20,2018-01-20 03:00:00,3,5,weekend,normal,post_recovery,core_outer,0,0,0,,0,12,0.0
2018-01-20,2018-01-20 04:00:00,4,5,weekend,normal,post_recovery,core_outer,0,0,0,,0,12,0.0
2018-01-20,2018-01-20 05:00:00,5,5,weekend,normal,post_recovery,core_outer,0,0,0,,0,12,0.0
2018-01-20,2018-01-20 06:00:00,6,5,weekend,normal,post_recovery,core_outer,3,0,3,1.0,3,12,0.25
2018-01-20,2018-01-20 07:00:00,7,5,weekend,normal,post_recovery,core_outer,1,0,1,1.0,1,12,0.08333333333333333
2018-01-20,2018-01-20 08:00:00,8,5,weekend,normal,post_recovery,core_outer,0,0,0,,0,12,0.0
2018-01-20,2018-01-20 09:00:00,9,5,weekend,normal,post_recovery,core_outer,0,0,0,,0,12,0.0
2018-01-20,2018-01-20 10:00:00,10,5,weekend,normal,post_recovery,core_outer,1,0,1,1.0,1,12,0.08333333333333333
2018-01-20,2018-01-20 11:00:00,11,5,weekend,normal,post_recovery,core_outer,0,1,1,0.0,-1,12,0.08333333333333333
2018-01-20,2018-01-20 12:00:00,12,5,weekend,normal,post_recovery,core_outer,1,0,1,1.0,1,12,0.08333333333333333
2018-01-20,2018-01-20 13:00:00,13,5,weekend,normal,post_recovery,core_outer,0,0,0,,0,12,0.0
2018-01-20,2018-01-20 14:00:00,14,5,weekend,normal,post_recovery,core_outer,0,0,0,,0,12,0.0
2018-01-20,2018-01-20 15:00:00,15,5,weekend,normal,post_recovery,core_outer,0,0,0,,0,12,0.0
2018-01-20,2018-01-20 16:00:00,16,5,weekend,normal,post_recovery,core_outer,0,0,0,,0,12,0.0
2018-01-20,2018-01-20 17:00:00,17,5,weekend,normal,post_recovery,core_outer,0,0,0,,0,12,0.0
2018-01-20,2018-01-20 18:00:00,18,5,weekend,normal,post_recovery,core_outer,0,2,2,0.0,-2,12,0.16666666666666666
2018-01-20,2018-01-20 19:00:00,19,5,weekend,normal,post_recovery,core_outer,1,1,2,0.5,0,12,0.16666666666666666
2018-01-20,2018-01-20 20:00:00,20,5,weekend,normal,post_recovery,core_outer,0,0,0,,0,12,0.0
2018-01-20,2018-01-20 21:00:00,21,5,weekend,normal,post_recovery,core_outer,0,0,0,,0,12,0.0
2018-01-20,2018-01-20 22:00:00,22,5,weekend,normal,post_recovery,core_outer,0,0,0,,0,12,0.0
2018-01-20,2018-01-20 23:00:00,23,5,weekend,normal,post_recovery,core_outer,0,0,0,,0,12,0.0
2018-01-21,2018-01-21 00:00:00,0,6,weekend,normal,post_recovery,core_outer,0,0,0,,0,12,0.0
2018-01-21,2018-01-21 01:00:00,1,6,weekend,normal,post_recovery,core_outer,0,0,0,,0,12,0.0
2018-01-21,2018-01-21 02:00:00,2,6,weekend,normal,post_recovery,core_outer,0,1,1,0.0,-1,12,0.08333333333333333
2018-01-21,2018-01-21 03:00:00,3,6,weekend,normal,post_recovery,core_outer,1,0,1,1.0,1,12,0.08333333333333333
2018-01-21,2018-01-21 04:00:00,4,6,weekend,normal,post_recovery,core_outer,0,0,0,,0,12,0.0
2018-01-21,2018-01-21 05:00:00,5,6,weekend,normal,post_recovery,core_outer,0,1,1,0.0,-1,12,0.08333333333333333
2018-01-21,2018-01-21 06:00:00,6,6,weekend,normal,post_recovery,core_outer,0,0,0,,0,12,0.0
2018-01-21,2018-01-21 07:00:00,7,6,weekend,normal,post_recovery,core_outer,0,0,0,,0,12,0.0
2018-01-21,2018-01-21 08:00:00,8,6,weekend,normal,post_recovery,core_outer,0,0,0,,0,12,0.0
2018-01-21,2018-01-21 09:00:00,9,6,weekend,normal,post_recovery,core_outer,0,1,1,0.0,-1,12,0.08333333333333333
2018-01-21,2018-01-21 10:00:00,10,6,weekend,normal,post_recovery,core_outer,1,0,1,1.0,1,12,0.08333333333333333
2018-01-21,2018-01-21 11:00:00,11,6,weekend,normal,post_recovery,core_outer,0,0,0,,0,12,0.0
2018-01-21,2018-01-21 12:00:00,12,6,weekend,normal,post_recovery,core_outer,0,0,0,,0,12,0.0
2018-01-21,2018-01-21 13:00:00,13,6,weekend,normal,post_recovery,core_outer,3,0,3,1.0,3,12,0.25
2018-01-21,2018-01-21 14:00:00,14,6,weekend,normal,post_recovery,core_outer,1,0,1,1.0,1,12,0.08333333333333333
2018-01-21,2018-01-21 15:00:00,15,6,weekend,normal,post_recovery,core_outer,0,0,0,,0,12,0.0
2018-01-21,2018-01-21 16:00:00,16,6,weekend,normal,post_recovery,core_outer,0,1,1,0.0,-1,12,0.08333333333333333
2018-01-21,2018-01-21 17:00:00,17,6,weekend,normal,post_recovery,core_outer,0,0,0,,0,12,0.0
2018-01-21,2018-01-21 18:00:00,18,6,weekend,normal,post_recovery,core_outer,0,0,0,,0,12,0.0
2018-01-21,2018-01-21 19:00:00,19,6,weekend,normal,post_recovery,core_outer,1,0,1,1.0,1,12,0.08333333333333333
2018-01-21,2018-01-21 20:00:00,20,6,weekend,normal,post_recovery,core_outer,0,0,0,,0,12,0.0
2018-01-21,2018-01-21 21:00:00,21,6,weekend,normal,post_recovery,core_outer,0,0,0,,0,12,0.0
2018-01-21,2018-01-21 22:00:00,22,6,weekend,normal,post_recovery,core_outer,0,1,1,0.0,-1,12,0.08333333333333333
2018-01-21,2018-01-21 23:00:00,23,6,weekend,normal,post_recovery,core_outer,0,0,0,,0,12,0.0
2018-01-22,2018-01-22 00:00:00,0,0,weekday,normal,post_recovery,core_outer,0,0,0,,0,11,0.0
2018-01-22,2018-01-22 01:00:00,1,0,weekday,normal,post_recovery,core_outer,0,0,0,,0,11,0.0
2018-01-22,2018-01-22 02:00:00,2,0,weekday,normal,post_recovery,core_outer,1,0,1,1.0,1,11,0.09090909090909091
2018-01-22,2018-01-22 03:00:00,3,0,weekday,normal,post_recovery,core_outer,0,0,0,,0,11,0.0
2018-01-22,2018-01-22 04:00:00,4,0,weekday,normal,post_recovery,core_outer,0,0,0,,0,11,0.0
2018-01-22,2018-01-22 05:00:00,5,0,weekday,normal,post_recovery,core_outer,0,0,0,,0,11,0.0
2018-01-22,2018-01-22 06:00:00,6,0,weekday,normal,post_recovery,core_outer,0,2,2,0.0,-2,11,0.18181818181818182
2018-01-22,2018-01-22 07:00:00,7,0,weekday,normal,post_recovery,core_outer,0,0,0,,0,11,0.0
2018-01-22,2018-01-22 08:00:00,8,0,weekday,normal,post_recovery,core_outer,1,0,1,1.0,1,11,0.09090909090909091
2018-01-22,2018-01-22 09:00:00,9,0,weekday,normal,post_recovery,core_outer,0,0,0,,0,11,0.0
2018-01-22,2018-01-22 10:00:00,10,0,weekday,normal,post_recovery,core_outer,0,0,0,,0,11,0.0
2018-01-22,2018-01-22 11:00:00,11,0,weekday,normal,post_recovery,core_outer,1,0,1,1.0,1,11,0.09090909090909091
2018-01-22,2018-01-22 12:00:00,12,0,weekday,normal,post_recovery,core_outer,1,0,1,1.0,1,11,0.09090909090909091
2018-01-22,2018-01-22 13:00:00,13,0,weekday,normal,post_recovery,core_outer,0,0,0,,0,11,0.0
2018-01-22,2018-01-22 14:00:00,14,0,weekday,normal,post_recovery,core_outer,0,0,0,,0,11,0.0
2018-01-22,2018-01-22 15:00:00,15,0,weekday,normal,post_recovery,core_outer,0,0,0,,0,11,0.0
2018-01-22,2018-01-22 16:00:00,16,0,weekday,normal,post_recovery,core_outer,0,2,2,0.0,-2,11,0.18181818181818182
2018-01-22,2018-01-22 17:00:00,17,0,weekday,normal,post_recovery,core_outer,0,0,0,,0,11,0.0
2018-01-22,2018-01-22 18:00:00,18,0,weekday,normal,post_recovery,core_outer,0,0,0,,0,11,0.0
2018-01-22,2018-01-22 19:00:00,19,0,weekday,normal,post_recovery,core_outer,1,0,1,1.0,1,11,0.09090909090909091
2018-01-22,2018-01-22 20:00:00,20,0,weekday,normal,post_recovery,core_outer,0,0,0,,0,11,0.0
2018-01-22,2018-01-22 21:00:00,21,0,weekday,normal,post_recovery,core_outer,0,0,0,,0,11,0.0
2018-01-22,2018-01-22 22:00:00,22,0,weekday,normal,post_recovery,core_outer,0,1,1,0.0,-1,11,0.09090909090909091
2018-01-22,2018-01-22 23:00:00,23,0,weekday,normal,post_recovery,core_outer,1,0,1,1.0,1,11,0.09090909090909091
2018-01-23,2018-01-23 00:00:00,0,1,weekday,normal,post_recovery,core_outer,0,0,0,,0,17,0.0
2018-01-23,2018-01-23 01:00:00,1,1,weekday,normal,post_recovery,core_outer,0,1,1,0.0,-1,17,0.058823529411764705
2018-01-23,2018-01-23 02:00:00,2,1,weekday,normal,post_recovery,core_outer,0,0,0,,0,17,0.0
2018-01-23,2018-01-23 03:00:00,3,1,weekday,normal,post_recovery,core_outer,1,0,1,1.0,1,17,0.058823529411764705
2018-01-23,2018-01-23 04:00:00,4,1,weekday,normal,post_recovery,core_outer,0,0,0,,0,17,0.0
2018-01-23,2018-01-23 05:00:00,5,1,weekday,normal,post_recovery,core_outer,0,0,0,,0,17,0.0
2018-01-23,2018-01-23 06:00:00,6,1,weekday,normal,post_recovery,core_outer,3,1,4,0.75,2,17,0.23529411764705882
2018-01-23,2018-01-23 07:00:00,7,1,weekday,normal,post_recovery,core_outer,2,0,2,1.0,2,17,0.11764705882352941
2018-01-23,2018-01-23 08:00:00,8,1,weekday,normal,post_recovery,core_outer,0,0,0,,0,17,0.0
2018-01-23,2018-01-23 09:00:00,9,1,weekday,normal,post_recovery,core_outer,0,1,1,0.0,-1,17,0.058823529411764705
2018-01-23,2018-01-23 10:00:00,10,1,weekday,normal,post_recovery,core_outer,0,1,1,0.0,-1,17,0.058823529411764705
2018-01-23,2018-01-23 11:00:00,11,1,weekday,normal,post_recovery,core_outer,1,1,2,0.5,0,17,0.11764705882352941
2018-01-23,2018-01-23 12:00:00,12,1,weekday,normal,post_recovery,core_outer,0,0,0,,0,17,0.0
2018-01-23,2018-01-23 13:00:00,13,1,weekday,normal,post_recovery,core_outer,0,0,0,,0,17,0.0
2018-01-23,2018-01-23 14:00:00,14,1,weekday,normal,post_recovery,core_outer,0,1,1,0.0,-1,17,0.058823529411764705
2018-01-23,2018-01-23 15:00:00,15,1,weekday,normal,post_recovery,core_outer,2,0,2,1.0,2,17,0.11764705882352941
2018-01-23,2018-01-23 16:00:00,16,1,weekday,normal,post_recovery,core_outer,0,0,0,,0,17,0.0
2018-01-23,2018-01-23 17:00:00,17,1,weekday,normal,post_recovery,core_outer,0,1,1,0.0,-1,17,0.058823529411764705
2018-01-23,2018-01-23 18:00:00,18,1,weekday,normal,post_recovery,core_outer,0,0,0,,0,17,0.0
2018-01-23,2018-01-23 19:00:00,19,1,weekday,normal,post_recovery,core_outer,0,0,0,,0,17,0.0
2018-01-23,2018-01-23 20:00:00,20,1,weekday,normal,post_recovery,core_outer,0,0,0,,0,17,0.0
2018-01-23,2018-01-23 21:00:00,21,1,weekday,normal,post_recovery,core_outer,0,0,0,,0,17,0.0
2018-01-23,2018-01-23 22:00:00,22,1,weekday,normal,post_recovery,core_outer,0,0,0,,0,17,0.0
2018-01-23,2018-01-23 23:00:00,23,1,weekday,normal,post_recovery,core_outer,0,1,1,0.0,-1,17,0.058823529411764705
2018-01-24,2018-01-24 00:00:00,0,2,weekday,normal,post_recovery,core_outer,0,0,0,,0,5,0.0
2018-01-24,2018-01-24 01:00:00,1,2,weekday,normal,post_recovery,core_outer,0,0,0,,0,5,0.0
2018-01-24,2018-01-24 02:00:00,2,2,weekday,normal,post_recovery,core_outer,0,0,0,,0,5,0.0
2018-01-24,2018-01-24 03:00:00,3,2,weekday,normal,post_recovery,core_outer,0,0,0,,0,5,0.0
2018-01-24,2018-01-24 04:00:00,4,2,weekday,normal,post_recovery,core_outer,0,0,0,,0,5,0.0
2018-01-24,2018-01-24 05:00:00,5,2,weekday,normal,post_recovery,core_outer,0,0,0,,0,5,0.0
2018-01-24,2018-01-24 06:00:00,6,2,weekday,normal,post_recovery,core_outer,0,0,0,,0,5,0.0
2018-01-24,2018-01-24 07:00:00,7,2,weekday,normal,post_recovery,core_outer,0,0,0,,0,5,0.0
2018-01-24,2018-01-24 08:00:00,8,2,weekday,normal,post_recovery,core_outer,0,1,1,0.0,-1,5,0.2
2018-01-24,2018-01-24 09:00:00,9,2,weekday,normal,post_recovery,core_outer,0,0,0,,0,5,0.0
2018-01-24,2018-01-24 10:00:00,10,2,weekday,normal,post_recovery,core_outer,0,0,0,,0,5,0.0
2018-01-24,2018-01-24 11:00:00,11,2,weekday,normal,post_recovery,core_outer,1,0,1,1.0,1,5,0.2
2018-01-24,2018-01-24 12:00:00,12,2,weekday,normal,post_recovery,core_outer,0,0,0,,0,5,0.0
2018-01-24,2018-01-24 13:00:00,13,2,weekday,normal,post_recovery,core_outer,0,0,0,,0,5,0.0
2018-01-24,2018-01-24 14:00:00,14,2,weekday,normal,post_recovery,core_outer,0,1,1,0.0,-1,5,0.2
2018-01-24,2018-01-24 15:00:00,15,2,weekday,normal,post_recovery,core_outer,0,0,0,,0,5,0.0
2018-01-24,2018-01-24 16:00:00,16,2,weekday,normal,post_recovery,core_outer,0,0,0,,0,5,0.0
2018-01-24,2018-01-24 17:00:00,17,2,weekday,normal,post_recovery,core_outer,0,0,0,,0,5,0.0
2018-01-24,2018-01-24 18:00:00,18,2,weekday,normal,post_recovery,core_outer,0,1,1,0.0,-1,5,0.2
2018-01-24,2018-01-24 19:00:00,19,2,weekday,normal,post_recovery,core_outer,1,0,1,1.0,1,5,0.2
2018-01-24,2018-01-24 20:00:00,20,2,weekday,normal,post_recovery,core_outer,0,0,0,,0,5,0.0
2018-01-24,2018-01-24 21:00:00,21,2,weekday,normal,post_recovery,core_outer,0,0,0,,0,5,0.0
2018-01-24,2018-01-24 22:00:00,22,2,weekday,normal,post_recovery,core_outer,0,0,0,,0,5,0.0
