mmsi,date,hour,hour_of_day,region,n_records,qualified_active
000000190,2018-01-12,2018-01-12 01:00:00,1,outer,150,1
000000190,2018-01-12,2018-01-12 02:00:00,2,core,75,1
000000190,2018-01-12,2018-01-12 02:00:00,2,near,10,1
000000190,2018-01-12,2018-01-12 03:00:00,3,core,23,1
000000190,2018-01-12,2018-01-12 03:00:00,3,near,12,1
000000190,2018-01-12,2018-01-12 04:00:00,4,near,4,1
000000190,2018-01-12,2018-01-12 05:00:00,5,near,1,0
000000190,2018-01-12,2018-01-12 07:00:00,7,near,1,0
000000190,2018-01-12,2018-01-12 08:00:00,8,near,1,0
000000190,2018-01-13,2018-01-13 09:00:00,9,core,2,0
000000190,2018-01-13,2018-01-13 10:00:00,10,outer,2,0
000000886,2018-01-20,2018-01-20 05:00:00,5,outer,7,1
000000886,2018-01-20,2018-01-20 06:00:00,6,outer,11,1
000000886,2018-01-20,2018-01-20 07:00:00,7,near,1,0
000000886,2018-01-20,2018-01-20 07:00:00,7,outer,4,1
000000886,2018-01-20,2018-01-20 08:00:00,8,near,1,0
000000886,2018-01-20,2018-01-20 08:00:00,8,outer,2,0
000000966,2018-01-16,2018-01-16 07:00:00,7,outer,1,0
000000966,2018-01-16,2018-01-16 08:00:00,8,near,4,1
000000966,2018-01-16,2018-01-16 08:00:00,8,outer,1,0
000000966,2018-01-16,2018-01-16 09:00:00,9,near,1,0
000001004,2018-01-07,2018-01-07 12:00:00,12,core,50,1
000001004,2018-01-07,2018-01-07 12:00:00,12,near,127,1
000001004,2018-01-07,2018-01-07 13:00:00,13,near,14,1
000001004,2018-01-07,2018-01-07 13:00:00,13,outer,223,1
000001004,2018-01-07,2018-01-07 14:00:00,14,outer,278,1
000001004,2018-01-08,2018-01-08 14:00:00,14,outer,1,0
000001004,2018-01-11,2018-01-11 04:00:00,4,outer,1,0
000001004,2018-01-15,2018-01-15 08:00:00,8,outer,3,1
000001004,2018-01-15,2018-01-15 09:00:00,9,outer,14,1
000001004,2018-01-15,2018-01-15 10:00:00,10,outer,9,1
000001004,2018-01-15,2018-01-15 11:00:00,11,near,2,0
000001004,2018-01-15,2018-01-15 11:00:00,11,outer,3,1
000001004,2018-01-15,2018-01-15 13:00:00,13,near,8,1
000001004,2018-01-15,2018-01-15 14:00:00,14,core,3,1
000001004,2018-01-15,2018-01-15 14:00:00,14,near,1,0
000001004,2018-01-15,2018-01-15 15:00:00,15,near,2,0
000001008,2018-01-07,2018-01-07 08:00:00,8,core,71,1
000001008,2018-01-07,2018-01-07 08:00:00,8,near,41,1
000001008,2018-01-07,2018-01-07 09:00:00,9,near,34,1
000001008,2018-01-07,2018-01-07 10:00:00,10,outer,229,1
000001008,2018-01-07,2018-01-07 11:00:00,11,outer,30,1
000001008,2018-01-07,2018-01-07 12:00:00,12,outer,38,1
000001008,2018-01-07,2018-01-07 13:00:00,13,core,35,1
000001008,2018-01-07,2018-01-07 13:00:00,13,near,57,1
000001008,2018-01-07,2018-01-07 13:00:00,13,outer,2,0
000001008,2018-01-07,2018-01-07 14:00:00,14,near,3,1
000001008,2018-01-12,2018-01-12 10:00:00,10,near,3,1
000001008,2018-01-12,2018-01-12 11:00:00,11,core,7,1
000001008,2018-01-12,2018-01-12 12:00:00,12,near,4,1
000001008,2018-01-12,2018-01-12 12:00:00,12,outer,3,1
000001008,2018-01-12,2018-01-12 14:00:00,14,outer,5,1
000001008,2018-01-12,2018-01-12 15:00:00,15,outer,9,1
000001045,2018-01-01,2018-01-01 03:00:00,3,core,1,0
000001045,2018-01-01,2018-01-01 04:00:00,4,outer,80,1
000001045,2018-01-01,2018-01-01 05:00:00,5,outer,38,1
000001045,2018-01-01,2018-01-01 06:00:00,6,core,17,1
000001045,2018-01-01,2018-01-01 11:00:00,11,core,7,1
000001045,2018-01-01,2018-01-01 12:00:00,12,outer,32,1
000001045,2018-01-01,2018-01-01 13:00:00,13,outer,139,1
000001045,2018-01-01,2018-01-01 14:00:00,14,outer,17,1
000001045,2018-01-01,2018-01-01 15:00:00,15,outer,9,1
000001045,2018-01-01,2018-01-01 16:00:00,16,outer,46,1
000001045,2018-01-01,2018-01-01 18:00:00,18,core,19,1
000001045,2018-01-02,2018-01-02 03:00:00,3,core,38,1
000001045,2018-01-02,2018-01-02 04:00:00,4,outer,74,1
000001045,2018-01-02,2018-01-02 05:00:00,5,outer,136,1
000001045,2018-01-02,2018-01-02 06:00:00,6,outer,37,1
000001045,2018-01-02,2018-01-02 07:00:00,7,core,29,1
000001045,2018-01-02,2018-01-02 08:00:00,8,outer,17,1
000001045,2018-01-02,2018-01-02 09:00:00,9,outer,167,1
000001045,2018-01-02,2018-01-02 10:00:00,10,outer,47,1
000001045,2018-01-02,2018-01-02 12:00:00,12,outer,79,1
000001045,2018-01-02,2018-01-02 13:00:00,13,outer,138,1
000001045,2018-01-02,2018-01-02 14:00:00,14,outer,69,1
000001045,2018-01-02,2018-01-02 17:00:00,17,outer,80,1
000001045,2018-01-02,2018-01-02 18:00:00,18,outer,23,1
000001045,2018-01-02,2018-01-02 19:00:00,19,core,16,1
000001045,2018-01-03,2018-01-03 03:00:00,3,core,75,1
000001045,2018-01-03,2018-01-03 03:00:00,3,near,133,1
000001045,2018-01-03,2018-01-03 03:00:00,3,outer,37,1
000001045,2018-01-03,2018-01-03 04:00:00,4,outer,189,1
000001045,2018-01-03,2018-01-03 05:00:00,5,outer,111,1
000001045,2018-01-03,2018-01-03 06:00:00,6,core,11,1
000001045,2018-01-03,2018-01-03 07:00:00,7,core,6,1
000001045,2018-01-03,2018-01-03 08:00:00,8,outer,35,1
000001045,2018-01-03,2018-01-03 09:00:00,9,outer,105,1
000001045,2018-01-03,2018-01-03 11:00:00,11,core,9,1
000001045,2018-01-03,2018-01-03 11:00:00,11,near,13,1
000001045,2018-01-03,2018-01-03 12:00:00,12,core,16,1
000001045,2018-01-03,2018-01-03 12:00:00,12,near,1,0
000001045,2018-01-03,2018-01-03 17:00:00,17,core,44,1
000001045,2018-01-03,2018-01-03 17:00:00,17,near,94,1
000001045,2018-01-03,2018-01-03 18:00:00,18,near,70,1
000001045,2018-01-03,2018-01-03 18:00:00,18,outer,170,1
000001045,2018-01-03,2018-01-03 19:00:00,19,outer,47,1
000001045,2018-01-03,2018-01-03 20:00:00,20,outer,81,1
000001045,2018-01-03,2018-01-03 21:00:00,21,outer,142,1
000001045,2018-01-03,2018-01-03 22:00:00,22,outer,28,1
000001045,2018-01-03,2018-01-03 23:00:00,23,outer,16,1
000001045,2018-01-04,2018-01-04 00:00:00,0,outer,136,1
000001045,2018-01-04,2018-01-04 01:00:00,1,outer,31,1
000001045,2018-01-04,2018-01-04 02:00:00,2,core,7,1
000001045,2018-01-04,2018-01-04 19:00:00,19,core,13,1
000001045,2018-01-04,2018-01-04 20:00:00,20,outer,67,1
000001045,2018-01-05,2018-01-05 00:00:00,0,outer,142,1
000001045,2018-01-05,2018-01-05 01:00:00,1,outer,112,1
000001045,2018-01-05,2018-01-05 02:00:00,2,core,12,1
000001045,2018-01-05,2018-01-05 17:00:00,17,core,8,1
000001045,2018-01-05,2018-01-05 18:00:00,18,core,68,1
000001045,2018-01-05,2018-01-05 18:00:00,18,near,58,1
000001045,2018-01-05,2018-01-05 18:00:00,18,outer,40,1
000001045,2018-01-05,2018-01-05 19:00:00,19,outer,177,1
000001045,2018-01-05,2018-01-05 20:00:00,20,outer,240,1
000001045,2018-01-05,2018-01-05 21:00:00,21,outer,117,1
000001045,2018-01-06,2018-01-06 00:00:00,0,outer,91,1
000001045,2018-01-06,2018-01-06 01:00:00,1,outer,180,1
000001045,2018-01-06,2018-01-06 02:00:00,2,core,13,1
000001045,2018-01-07,2018-01-07 14:00:00,14,core,73,1
000001045,2018-01-07,2018-01-07 14:00:00,14,near,6,1
000001045,2018-01-07,2018-01-07 15:00:00,15,outer,9,1
000001045,2018-01-07,2018-01-07 16:00:00,16,outer,6,1
000001045,2018-01-07,2018-01-07 19:00:00,19,outer,34,1
000001045,2018-01-07,2018-01-07 20:00:00,20,outer,37,1
000001045,2018-01-08,2018-01-08 01:00:00,1,outer,40,1
000001045,2018-01-08,2018-01-08 02:00:00,2,core,16,1
000001045,2018-01-08,2018-01-08 07:00:00,7,core,12,1
000001045,2018-01-08,2018-01-08 08:00:00,8,outer,13,1
000001045,2018-01-08,2018-01-08 09:00:00,9,outer,64,1
000001045,2018-01-08,2018-01-08 11:00:00,11,core,7,1
000001045,2018-01-08,2018-01-08 12:00:00,12,outer,16,1
000001045,2018-01-08,2018-01-08 13:00:00,13,outer,29,1
000001045,2018-01-08,2018-01-08 14:00:00,14,near,8,1
000001045,2018-01-08,2018-01-08 16:00:00,16,near,6,1
000001045,2018-01-08,2018-01-08 17:00:00,17,outer,114,1
000001045,2018-01-08,2018-01-08 18:00:00,18,outer,12,1
000001045,2018-01-08,2018-01-08 19:00:00,19,core,12,1
000001045,2018-01-09,2018-01-09 04:00:00,4,core,2,0
000001045,2018-01-09,2018-01-09 04:00:00,4,near,2,0
000001045,2018-01-09,2018-01-09 05:00:00,5,near,2,0
000001045,2018-01-09,2018-01-09 05:00:00,5,outer,3,1
000001045,2018-01-09,2018-01-09 06:00:00,6,outer,12,1
000001045,2018-01-09,2018-01-09 07:00:00,7,outer,1,0
000001045,2018-01-09,2018-01-09 11:00:00,11,core,6,1
000001045,2018-01-09,2018-01-09 12:00:00,12,outer,28,1
000001045,2018-01-09,2018-01-09 13:00:00,13,outer,46,1
000001045,2018-01-09,2018-01-09 14:00:00,14,outer,21,1
000001045,2018-01-09,2018-01-09 15:00:00,15,core,18,1
000001045,2018-01-09,2018-01-09 16:00:00,16,outer,30,1
000001045,2018-01-09,2018-01-09 17:00:00,17,outer,16,1
000001045,2018-01-09,2018-01-09 21:00:00,21,outer,35,1
000001045,2018-01-09,2018-01-09 22:00:00,22,core,5,1
000001045,2018-01-10,2018-01-10 08:00:00,8,core,1,0
000001045,2018-01-10,2018-01-10 09:00:00,9,outer,21,1
000001045,2018-01-10,2018-01-10 10:00:00,10,outer,21,1
000001045,2018-01-10,2018-01-10 11:00:00,11,outer,17,1
000001045,2018-01-10,2018-01-10 12:00:00,12,core,44,1
000001045,2018-01-10,2018-01-10 12:00:00,12,near,5,1
000001045,2018-01-10,2018-01-10 16:00:00,16,core,9,1
000001045,2018-01-10,2018-01-10 17:00:00,17,outer,97,1
000001045,2018-01-10,2018-01-10 18:00:00,18,outer,9,1
000001045,2018-01-10,2018-01-10 20:00:00,20,outer,1,0
000001045,2018-01-10,2018-01-10 21:00:00,21,outer,80,1
000001045,2018-01-10,2018-01-10 22:00:00,22,core,10,1
000001045,2018-01-10,2018-01-10 23:00:00,23,core,3,1
000001045,2018-01-11,2018-01-11 08:00:00,8,outer,4,1
000001045,2018-01-11,2018-01-11 09:00:00,9,outer,7,1
000001045,2018-01-11,2018-01-11 10:00:00,10,outer,2,0
000001045,2018-01-11,2018-01-11 11:00:00,11,outer,7,1
000001045,2018-01-11,2018-01-11 12:00:00,12,outer,4,1
000001045,2018-01-11,2018-01-11 13:00:00,13,outer,7,1
000001045,2018-01-11,2018-01-11 14:00:00,14,outer,6,1
000001045,2018-01-11,2018-01-11 15:00:00,15,near,4,1
000001045,2018-01-11,2018-01-11 15:00:00,15,outer,14,1
000001045,2018-01-11,2018-01-11 16:00:00,16,core,8,1
000001045,2018-01-12,2018-01-12 03:00:00,3,core,58,1
000001045,2018-01-12,2018-01-12 04:00:00,4,outer,85,1
000001045,2018-01-12,2018-01-12 05:00:00,5,outer,105,1
000001045,2018-01-12,2018-01-12 06:00:00,6,core,17,1
000001045,2018-01-12,2018-01-12 19:00:00,19,core,1,0
000001045,2018-01-12,2018-01-12 21:00:00,21,outer,7,1
000001045,2018-01-13,2018-01-13 00:00:00,0,outer,6,1
000001045,2018-01-13,2018-01-13 01:00:00,1,outer,1,0
000001045,2018-01-13,2018-01-13 02:00:00,2,core,3,1
000001045,2018-01-13,2018-01-13 17:00:00,17,core,3,1
000001045,2018-01-13,2018-01-13 17:00:00,17,near,1,0
000001045,2018-01-13,2018-01-13 18:00:00,18,outer,7,1
000001045,2018-01-13,2018-01-13 19:00:00,19,outer,9,1
000001045,2018-01-13,2018-01-13 21:00:00,21,outer,10,1
000001045,2018-01-13,2018-01-13 22:00:00,22,outer,2,0
000001045,2018-01-14,2018-01-14 00:00:00,0,outer,7,1
000001045,2018-01-14,2018-01-14 01:00:00,1,outer,2,0
000001045,2018-01-14,2018-01-14 02:00:00,2,core,1,0
000001045,2018-01-14,2018-01-14 10:00:00,10,core,1,0
000001045,2018-01-14,2018-01-14 11:00:00,11,core,3,1
000001045,2018-01-14,2018-01-14 11:00:00,11,near,1,0
000001045,2018-01-15,2018-01-15 17:00:00,17,outer,6,1
000001045,2018-01-15,2018-01-15 18:00:00,18,outer,1,0
000001045,2018-01-15,2018-01-15 20:00:00,20,outer,5,1
000001045,2018-01-15,2018-01-15 21:00:00,21,outer,9,1
000001045,2018-01-15,2018-01-15 22:00:00,22,core,2,0
000001045,2018-01-17,2018-01-17 04:00:00,4,core,2,0
000001045,2018-01-17,2018-01-17 05:00:00,5,outer,11,1
000001045,2018-01-17,2018-01-17 06:00:00,6,core,2,0
000001045,2018-01-17,2018-01-17 11:00:00,11,core,2,0
000001045,2018-01-17,2018-01-17 13:00:00,13,outer,4,1
000001045,2018-01-17,2018-01-17 14:00:00,14,near,2,0
000001045,2018-01-17,2018-01-17 14:00:00,14,outer,5,1
000001045,2018-01-17,2018-01-17 15:00:00,15,near,6,1
000001045,2018-01-17,2018-01-17 16:00:00,16,core,1,0
000001045,2018-01-17,2018-01-17 20:00:00,20,core,3,1
000001045,2018-01-17,2018-01-17 21:00:00,21,outer,8,1
000001045,2018-01-17,2018-01-17 22:00:00,22,outer,3,1
000001045,2018-01-18,2018-01-18 19:00:00,19,core,37,1
000001045,2018-01-18,2018-01-18 19:00:00,19,near,7,1
000001045,2018-01-18,2018-01-18 20:00:00,20,outer,8,1
000001045,2018-01-18,2018-01-18 21:00:00,21,outer,3,1
000001045,2018-01-19,2018-01-19 01:00:00,1,outer,3,1
000001045,2018-01-19,2018-01-19 17:00:00,17,outer,1,0
000001045,2018-01-19,2018-01-19 20:00:00,20,core,21,1
000001045,2018-01-19,2018-01-19 20:00:00,20,near,44,1
000001045,2018-01-19,2018-01-19 20:00:00,20,outer,43,1
000001045,2018-01-19,2018-01-19 21:00:00,21,outer,120,1
000001045,2018-01-20,2018-01-20 00:00:00,0,outer,64,1
000001045,2018-01-20,2018-01-20 01:00:00,1,outer,148,1
000001045,2018-01-20,2018-01-20 02:00:00,2,core,34,1
000001045,2018-01-20,2018-01-20 11:00:00,11,core,53,1
000001045,2018-01-20,2018-01-20 11:00:00,11,outer,13,1
000001045,2018-01-20,2018-01-20 12:00:00,12,outer,225,1
000001045,2018-01-20,2018-01-20 14:00:00,14,outer,218,1
000001045,2018-01-20,2018-01-20 16:00:00,16,outer,96,1
000001045,2018-01-20,2018-01-20 17:00:00,17,outer,214,1
000001045,2018-01-20,2018-01-20 18:00:00,18,outer,63,1
000001045,2018-01-20,2018-01-20 19:00:00,19,core,31,1
000001045,2018-01-21,2018-01-21 03:00:00,3,core,7,1
000001045,2018-01-21,2018-01-21 04:00:00,4,core,91,1
000001045,2018-01-21,2018-01-21 04:00:00,4,outer,65,1
000001045,2018-01-21,2018-01-21 05:00:00,5,outer,400,1
000001045,2018-01-21,2018-01-21 06:00:00,6,core,34,1
000001045,2018-01-21,2018-01-21 10:00:00,10,core,17,1
000001045,2018-01-21,2018-01-21 11:00:00,11,core,46,1
000001045,2018-01-21,2018-01-21 11:00:00,11,outer,2,0
000001045,2018-01-21,2018-01-21 12:00:00,12,outer,407,1
000001045,2018-01-21,2018-01-21 13:00:00,13,outer,411,1
000001045,2018-01-21,2018-01-21 14:00:00,14,outer,412,1
000001045,2018-01-21,2018-01-21 15:00:00,15,outer,186,1
000001045,2018-01-21,2018-01-21 16:00:00,16,outer,60,1
000001045,2018-01-21,2018-01-21 20:00:00,20,outer,205,1
000001045,2018-01-21,2018-01-21 21:00:00,21,outer,551,1
000001045,2018-01-21,2018-01-21 22:00:00,22,outer,194,1
000001045,2018-01-21,2018-01-21 23:00:00,23,core,41,1
000001045,2018-01-22,2018-01-22 08:00:00,8,core,52,1
000001045,2018-01-22,2018-01-22 08:00:00,8,near,158,1
000001045,2018-01-22,2018-01-22 08:00:00,8,outer,35,1
000001045,2018-01-22,2018-01-22 09:00:00,9,outer,775,1
000001045,2018-01-22,2018-01-22 10:00:00,10,outer,388,1
000001045,2018-01-22,2018-01-22 11:00:00,11,outer,339,1
000001045,2018-01-22,2018-01-22 12:00:00,12,outer,15,1
000001045,2018-01-22,2018-01-22 14:00:00,14,outer,111,1
000001045,2018-01-22,2018-01-22 15:00:00,15,outer,332,1
000001045,2018-01-22,2018-01-22 16:00:00,16,outer,35,1
000001045,2018-01-22,2018-01-22 17:00:00,17,core,35,1
000001045,2018-01-23,2018-01-23 03:00:00,3,core,109,1
000001045,2018-01-23,2018-01-23 03:00:00,3,near,46,1
000001045,2018-01-23,2018-01-23 04:00:00,4,near,69,1
000001045,2018-01-23,2018-01-23 04:00:00,4,outer,314,1
000001045,2018-01-23,2018-01-23 05:00:00,5,outer,311,1
000001045,2018-01-23,2018-01-23 06:00:00,6,outer,48,1
000001045,2018-01-23,2018-01-23 07:00:00,7,core,69,1
000001045,2018-01-23,2018-01-23 08:00:00,8,core,5,1
000001045,2018-01-23,2018-01-23 08:00:00,8,outer,39,1
000001045,2018-01-23,2018-01-23 09:00:00,9,outer,257,1
000001045,2018-01-23,2018-01-23 10:00:00,10,core,20,1
000001045,2018-01-23,2018-01-23 10:00:00,10,near,10,1
000001045,2018-01-23,2018-01-23 15:00:00,15,core,72,1
000001045,2018-01-23,2018-01-23 15:00:00,15,near,28,1
000001045,2018-01-23,2018-01-23 16:00:00,16,near,99,1
000001045,2018-01-23,2018-01-23 16:00:00,16,outer,92,1
000001045,2018-01-23,2018-01-23 17:00:00,17,outer,57,1
000001045,2018-01-23,2018-01-23 21:00:00,21,outer,172,1
000001045,2018-01-23,2018-01-23 22:00:00,22,outer,153,1
000001045,2018-01-23,2018-01-23 23:00:00,23,outer,24,1
000001045,2018-01-24,2018-01-24 00:00:00,0,core,11,1
000001045,2018-01-24,2018-01-24 13:00:00,13,core,45,1
000001045,2018-01-24,2018-01-24 13:00:00,13,near,13,1
000001045,2018-01-24,2018-01-24 14:00:00,14,near,1,0
000001045,2018-01-24,2018-01-24 15:00:00,15,core,58,1
000001045,2018-01-24,2018-01-24 15:00:00,15,near,11,1
000001045,2018-01-24,2018-01-24 19:00:00,19,core,20,1
000001045,2018-01-24,2018-01-24 20:00:00,20,outer,34,1
000001045,2018-01-24,2018-01-24 21:00:00,21,outer,256,1
000001045,2018-01-24,2018-01-24 22:00:00,22,outer,211,1
000001045,2018-01-24,2018-01-24 23:00:00,23,outer,50,1
000001050,2018-01-01,2018-01-01 01:00:00,1,near,12,1
000001050,2018-01-01,2018-01-01 02:00:00,2,core,4,1
000001050,2018-01-01,2018-01-01 02:00:00,2,near,104,1
000001050,2018-01-01,2018-01-01 03:00:00,3,near,29,1
000001050,2018-01-01,2018-01-01 15:00:00,15,core,132,1
000001050,2018-01-01,2018-01-01 15:00:00,15,near,75,1
000001050,2018-01-01,2018-01-01 16:00:00,16,core,38,1
000001050,2018-01-01,2018-01-01 18:00:00,18,core,109,1
000001050,2018-01-01,2018-01-01 18:00:00,18,near,55,1
000001050,2018-01-01,2018-01-01 19:00:00,19,near,59,1
000001050,2018-01-01,2018-01-01 19:00:00,19,outer,1,0
000001050,2018-01-01,2018-01-01 22:00:00,22,core,109,1
000001050,2018-01-01,2018-01-01 22:00:00,22,near,75,1
000001050,2018-01-01,2018-01-01 23:00:00,23,core,140,1
000001050,2018-01-02,2018-01-02 03:00:00,3,core,183,1
000001050,2018-01-02,2018-01-02 04:00:00,4,core,76,1
000001050,2018-01-02,2018-01-02 06:00:00,6,core,91,1
000001050,2018-01-02,2018-01-02 07:00:00,7,core,37,1
000001050,2018-01-02,2018-01-02 07:00:00,7,near,20,1
000001050,2018-01-02,2018-01-02 08:00:00,8,near,75,1
000001050,2018-01-02,2018-01-02 10:00:00,10,core,229,1
000001050,2018-01-02,2018-01-02 10:00:00,10,near,95,1
000001050,2018-01-02,2018-01-02 11:00:00,11,core,38,1
000001050,2018-01-02,2018-01-02 11:00:00,11,near,142,1
000001050,2018-01-02,2018-01-02 13:00:00,13,core,13,1
000001050,2018-01-02,2018-01-02 13:00:00,13,near,108,1
000001050,2018-01-02,2018-01-02 14:00:00,14,core,299,1
000001050,2018-01-02,2018-01-02 15:00:00,15,core,30,1
000001050,2018-01-02,2018-01-02 15:00:00,15,near,143,1
000001050,2018-01-02,2018-01-02 16:00:00,16,near,141,1
000001050,2018-01-02,2018-01-02 18:00:00,18,core,51,1
000001050,2018-01-02,2018-01-02 18:00:00,18,near,82,1
000001050,2018-01-02,2018-01-02 19:00:00,19,core,309,1
000001050,2018-01-03,2018-01-03 01:00:00,1,core,261,1
000001050,2018-01-03,2018-01-03 02:00:00,2,core,110,1
000001050,2018-01-03,2018-01-03 02:00:00,2,near,72,1
000001050,2018-01-03,2018-01-03 03:00:00,3,core,176,1
000001050,2018-01-03,2018-01-03 06:00:00,6,core,30,1
000001050,2018-01-03,2018-01-03 07:00:00,7,core,183,1
000001050,2018-01-03,2018-01-03 07:00:00,7,near,83,1
000001050,2018-01-03,2018-01-03 08:00:00,8,near,32,1
000001050,2018-01-03,2018-01-03 09:00:00,9,core,57,1
000001050,2018-01-03,2018-01-03 09:00:00,9,near,103,1
000001050,2018-01-03,2018-01-03 10:00:00,10,core,81,1
000001050,2018-01-03,2018-01-03 10:00:00,10,near,151,1
000001050,2018-01-03,2018-01-03 11:00:00,11,near,42,1
000001050,2018-01-03,2018-01-03 12:00:00,12,near,72,1
000001050,2018-01-03,2018-01-03 13:00:00,13,near,83,1
000001050,2018-01-03,2018-01-03 14:00:00,14,near,78,1
000001050,2018-01-03,2018-01-03 15:00:00,15,core,37,1
000001050,2018-01-03,2018-01-03 15:00:00,15,near,91,1
000001050,2018-01-03,2018-01-03 16:00:00,16,core,109,1
000001050,2018-01-03,2018-01-03 17:00:00,17,core,168,1
000001050,2018-01-03,2018-01-03 18:00:00,18,core,110,1
000001050,2018-01-03,2018-01-03 18:00:00,18,near,89,1
000001050,2018-01-03,2018-01-03 19:00:00,19,core,105,1
000001050,2018-01-03,2018-01-03 19:00:00,19,near,252,1
000001050,2018-01-03,2018-01-03 21:00:00,21,core,58,1
000001050,2018-01-03,2018-01-03 22:00:00,22,core,140,1
000001050,2018-01-03,2018-01-03 22:00:00,22,near,10,1
000001050,2018-01-03,2018-01-03 23:00:00,23,core,183,1
000001050,2018-01-03,2018-01-03 23:00:00,23,near,59,1
000001050,2018-01-04,2018-01-04 00:00:00,0,core,71,1
000001050,2018-01-04,2018-01-04 04:00:00,4,core,106,1
000001050,2018-01-04,2018-01-04 05:00:00,5,core,6,1
000001050,2018-01-04,2018-01-04 07:00:00,7,core,154,1
000001050,2018-01-04,2018-01-04 07:00:00,7,near,62,1
000001050,2018-01-04,2018-01-04 08:00:00,8,near,37,1
000001050,2018-01-04,2018-01-04 10:00:00,10,near,92,1
000001050,2018-01-04,2018-01-04 11:00:00,11,near,8,1
000001050,2018-01-04,2018-01-04 13:00:00,13,core,44,1
000001050,2018-01-04,2018-01-04 13:00:00,13,near,83,1
000001050,2018-01-04,2018-01-04 14:00:00,14,core,33,1
000001050,2018-01-04,2018-01-04 14:00:00,14,near,198,1
000001050,2018-01-04,2018-01-04 18:00:00,18,near,129,1
000001050,2018-01-04,2018-01-04 19:00:00,19,core,65,1
000001050,2018-01-04,2018-01-04 19:00:00,19,near,80,1
000001050,2018-01-04,2018-01-04 20:00:00,20,core,63,1
000001050,2018-01-04,2018-01-04 21:00:00,21,core,247,1
000001050,2018-01-05,2018-01-05 02:00:00,2,core,58,1
000001050,2018-01-05,2018-01-05 03:00:00,3,core,114,1
000001050,2018-01-05,2018-01-05 04:00:00,4,core,1,0
000001050,2018-01-05,2018-01-05 05:00:00,5,core,248,1
000001050,2018-01-05,2018-01-05 05:00:00,5,near,102,1
000001050,2018-01-05,2018-01-05 09:00:00,9,near,44,1
000001050,2018-01-05,2018-01-05 10:00:00,10,core,146,1
000001050,2018-01-05,2018-01-05 10:00:00,10,near,135,1
000001050,2018-01-05,2018-01-05 11:00:00,11,near,112,1
000001050,2018-01-05,2018-01-05 14:00:00,14,core,39,1
000001050,2018-01-05,2018-01-05 14:00:00,14,near,85,1
000001050,2018-01-05,2018-01-05 15:00:00,15,core,73,1
000001050,2018-01-05,2018-01-05 15:00:00,15,near,95,1
000001050,2018-01-05,2018-01-05 16:00:00,16,near,86,1
000001050,2018-01-05,2018-01-05 17:00:00,17,core,42,1
000001050,2018-01-05,2018-01-05 17:00:00,17,near,88,1
000001050,2018-01-05,2018-01-05 18:00:00,18,core,66,1
000001050,2018-01-05,2018-01-05 18:00:00,18,near,181,1
000001050,2018-01-05,2018-01-05 19:00:00,19,core,126,1
000001050,2018-01-05,2018-01-05 19:00:00,19,near,15,1
000001050,2018-01-05,2018-01-05 22:00:00,22,core,288,1
000001050,2018-01-05,2018-01-05 23:00:00,23,core,161,1
000001050,2018-01-05,2018-01-05 23:00:00,23,near,11,1
000001050,2018-01-06,2018-01-06 03:00:00,3,core,88,1
000001050,2018-01-06,2018-01-06 04:00:00,4,core,91,1
000001050,2018-01-06,2018-01-06 06:00:00,6,core,183,1
000001050,2018-01-06,2018-01-06 07:00:00,7,core,165,1
000001050,2018-01-06,2018-01-06 07:00:00,7,near,76,1
000001050,2018-01-06,2018-01-06 08:00:00,8,near,94,1
000001050,2018-01-06,2018-01-06 09:00:00,9,near,15,1
000001050,2018-01-06,2018-01-06 11:00:00,11,near,74,1
000001050,2018-01-06,2018-01-06 12:00:00,12,near,11,1
000001050,2018-01-06,2018-01-06 15:00:00,15,near,151,1
000001050,2018-01-06,2018-01-06 18:00:00,18,near,84,1
000001050,2018-01-06,2018-01-06 19:00:00,19,near,199,1
000001050,2018-01-06,2018-01-06 20:00:00,20,core,124,1
000001050,2018-01-06,2018-01-06 20:00:00,20,near,59,1
000001050,2018-01-06,2018-01-06 23:00:00,23,core,71,1
000001050,2018-01-06,2018-01-06 23:00:00,23,outer,1,0
000001050,2018-01-07,2018-01-07 00:00:00,0,core,38,1
000001050,2018-01-07,2018-01-07 03:00:00,3,core,31,1
000001050,2018-01-07,2018-01-07 04:00:00,4,core,176,1
000001050,2018-01-07,2018-01-07 06:00:00,6,core,172,1
000001050,2018-01-07,2018-01-07 07:00:00,7,core,15,1
000001050,2018-01-07,2018-01-07 07:00:00,7,near,75,1
000001050,2018-01-07,2018-01-07 09:00:00,9,near,11,1
000001050,2018-01-07,2018-01-07 12:00:00,12,near,29,1
000001050,2018-01-07,2018-01-07 13:00:00,13,core,105,1
000001050,2018-01-07,2018-01-07 13:00:00,13,near,55,1
000001050,2018-01-07,2018-01-07 14:00:00,14,core,12,1
000001050,2018-01-07,2018-01-07 18:00:00,18,core,187,1
000001050,2018-01-07,2018-01-07 18:00:00,18,near,34,1
000001050,2018-01-07,2018-01-07 19:00:00,19,core,28,1
000001050,2018-01-07,2018-01-07 19:00:00,19,near,14,1
000001050,2018-01-07,2018-01-07 22:00:00,22,core,97,1
000001050,2018-01-07,2018-01-07 22:00:00,22,near,39,1
000001050,2018-01-07,2018-01-07 23:00:00,23,near,59,1
000001050,2018-01-08,2018-01-08 03:00:00,3,near,102,1
000001050,2018-01-08,2018-01-08 04:00:00,4,near,99,1
000001050,2018-01-08,2018-01-08 06:00:00,6,near,64,1
000001050,2018-01-08,2018-01-08 07:00:00,7,core,58,1
000001050,2018-01-08,2018-01-08 07:00:00,7,near,143,1
000001050,2018-01-08,2018-01-08 09:00:00,9,core,44,1
000001050,2018-01-08,2018-01-08 09:00:00,9,near,53,1
000001050,2018-01-08,2018-01-08 10:00:00,10,core,59,1
000001050,2018-01-08,2018-01-08 10:00:00,10,near,41,1
000001050,2018-01-08,2018-01-08 11:00:00,11,near,62,1
000001050,2018-01-08,2018-01-08 11:00:00,11,outer,1,0
000001050,2018-01-08,2018-01-08 14:00:00,14,core,146,1
000001050,2018-01-08,2018-01-08 14:00:00,14,near,42,1
000001050,2018-01-08,2018-01-08 15:00:00,15,core,114,1
000001050,2018-01-08,2018-01-08 15:00:00,15,near,87,1
000001050,2018-01-08,2018-01-08 19:00:00,19,near,49,1
000001050,2018-01-08,2018-01-08 20:00:00,20,near,220,1
000001050,2018-01-08,2018-01-08 21:00:00,21,near,44,1
000001050,2018-01-09,2018-01-09 00:00:00,0,near,131,1
000001050,2018-01-09,2018-01-09 01:00:00,1,near,14,1
000001050,2018-01-09,2018-01-09 03:00:00,3,near,67,1
000001050,2018-01-09,2018-01-09 04:00:00,4,core,18,1
000001050,2018-01-09,2018-01-09 04:00:00,4,near,130,1
000001050,2018-01-09,2018-01-09 10:00:00,10,core,25,1
000001050,2018-01-09,2018-01-09 10:00:00,10,near,38,1
000001050,2018-01-09,2018-01-09 11:00:00,11,core,105,1
000001050,2018-01-09,2018-01-09 12:00:00,12,core,7,1
000001050,2018-01-09,2018-01-09 12:00:00,12,near,39,1
000001050,2018-01-09,2018-01-09 19:00:00,19,near,37,1
000001050,2018-01-09,2018-01-09 20:00:00,20,near,30,1
000001050,2018-01-09,2018-01-09 23:00:00,23,near,30,1
000001050,2018-01-10,2018-01-10 00:00:00,0,core,45,1
000001050,2018-01-10,2018-01-10 00:00:00,0,near,16,1
000001050,2018-01-10,2018-01-10 02:00:00,2,core,48,1
000001050,2018-01-10,2018-01-10 02:00:00,2,near,23,1
000001050,2018-01-10,2018-01-10 03:00:00,3,near,2,0
000001050,2018-01-10,2018-01-10 04:00:00,4,core,2,0
000001050,2018-01-10,2018-01-10 07:00:00,7,core,3,1
000001050,2018-01-10,2018-01-10 07:00:00,7,near,3,1
000001050,2018-01-10,2018-01-10 08:00:00,8,near,8,1
000001050,2018-01-10,2018-01-10 09:00:00,9,core,5,1
000001050,2018-01-10,2018-01-10 09:00:00,9,near,51,1
000001050,2018-01-10,2018-01-10 10:00:00,10,core,17,1
000001050,2018-01-10,2018-01-10 11:00:00,11,core,104,1
000001050,2018-01-10,2018-01-10 12:00:00,12,core,43,1
000001050,2018-01-10,2018-01-10 15:00:00,15,core,105,1
000001050,2018-01-10,2018-01-10 19:00:00,19,core,98,1
000001050,2018-01-10,2018-01-10 20:00:00,20,core,89,1
000001050,2018-01-10,2018-01-10 23:00:00,23,core,43,1
000001050,2018-01-11,2018-01-11 00:00:00,0,core,45,1
000001050,2018-01-11,2018-01-11 02:00:00,2,core,3,1
000001050,2018-01-11,2018-01-11 03:00:00,3,core,188,1
000001050,2018-01-11,2018-01-11 03:00:00,3,near,90,1
000001050,2018-01-11,2018-01-11 04:00:00,4,near,1,0
000001050,2018-01-11,2018-01-11 11:00:00,11,core,5,1
000001050,2018-01-11,2018-01-11 11:00:00,11,near,3,1
000001050,2018-01-11,2018-01-11 12:00:00,12,core,3,1
000001050,2018-01-11,2018-01-11 12:00:00,12,near,1,0
000001050,2018-01-11,2018-01-11 14:00:00,14,core,95,1
000001050,2018-01-11,2018-01-11 15:00:00,15,core,10,1
000001050,2018-01-11,2018-01-11 15:00:00,15,near,49,1
000001050,2018-01-11,2018-01-11 16:00:00,16,core,14,1
000001050,2018-01-11,2018-01-11 16:00:00,16,near,44,1
000001050,2018-01-11,2018-01-11 17:00:00,17,core,105,1
000001050,2018-01-11,2018-01-11 18:00:00,18,core,98,1
000001050,2018-01-11,2018-01-11 19:00:00,19,core,160,1
000001050,2018-01-11,2018-01-11 20:00:00,20,core,18,1
000001050,2018-01-11,2018-01-11 23:00:00,23,core,77,1
000001050,2018-01-11,2018-01-11 23:00:00,23,near,169,1
000001050,2018-01-12,2018-01-12 00:00:00,0,core,66,1
000001050,2018-01-12,2018-01-12 00:00:00,0,near,105,1
000001050,2018-01-12,2018-01-12 03:00:00,3,core,119,1
000001050,2018-01-12,2018-01-12 04:00:00,4,core,36,1
000001050,2018-01-12,2018-01-12 05:00:00,5,core,82,1
000001050,2018-01-12,2018-01-12 06:00:00,6,core,53,1
000001050,2018-01-12,2018-01-12 07:00:00,7,near,3,1
000001050,2018-01-12,2018-01-12 09:00:00,9,core,9,1
000001050,2018-01-12,2018-01-12 09:00:00,9,near,2,0
000001050,2018-01-12,2018-01-12 10:00:00,10,core,2,0
000001050,2018-01-12,2018-01-12 10:00:00,10,near,4,1
000001050,2018-01-12,2018-01-12 11:00:00,11,core,4,1
000001050,2018-01-12,2018-01-12 11:00:00,11,near,4,1
000001050,2018-01-12,2018-01-12 12:00:00,12,core,3,1
000001050,2018-01-12,2018-01-12 14:00:00,14,core,5,1
000001050,2018-01-12,2018-01-12 15:00:00,15,core,4,1
000001050,2018-01-12,2018-01-12 16:00:00,16,near,2,0
000001050,2018-01-12,2018-01-12 19:00:00,19,near,2,0
000001050,2018-01-12,2018-01-12 20:00:00,20,core,3,1
000001050,2018-01-12,2018-01-12 20:00:00,20,near,4,1
000001050,2018-01-12,2018-01-12 22:00:00,22,core,7,1
000001050,2018-01-12,2018-01-12 23:00:00,23,core,5,1
000001050,2018-01-12,2018-01-12 23:00:00,23,near,4,1
000001050,2018-01-13,2018-01-13 07:00:00,7,core,4,1
000001050,2018-01-13,2018-01-13 07:00:00,7,near,3,1
000001050,2018-01-13,2018-01-13 08:00:00,8,core,2,0
000001050,2018-01-13,2018-01-13 11:00:00,11,core,6,1
000001050,2018-01-13,2018-01-13 11:00:00,11,near,5,1
000001050,2018-01-13,2018-01-13 12:00:00,12,core,2,0
000001050,2018-01-13,2018-01-13 12:00:00,12,near,1,0
000001050,2018-01-13,2018-01-13 14:00:00,14,core,4,1
000001050,2018-01-13,2018-01-13 15:00:00,15,near,4,1
000001050,2018-01-13,2018-01-13 16:00:00,16,core,3,1
000001050,2018-01-13,2018-01-13 18:00:00,18,core,8,1
000001050,2018-01-13,2018-01-13 19:00:00,19,core,1,0
000001050,2018-01-13,2018-01-13 22:00:00,22,core,2,0
000001050,2018-01-13,2018-01-13 23:00:00,23,core,2,0
000001050,2018-01-13,2018-01-13 23:00:00,23,near,4,1
000001050,2018-01-14,2018-01-14 04:00:00,4,core,2,0
000001050,2018-01-14,2018-01-14 04:00:00,4,near,2,0
000001050,2018-01-14,2018-01-14 05:00:00,5,core,2,0
000001050,2018-01-14,2018-01-14 07:00:00,7,core,3,1
000001050,2018-01-14,2018-01-14 08:00:00,8,core,2,0
000001050,2018-01-14,2018-01-14 08:00:00,8,near,2,0
000001050,2018-01-14,2018-01-14 09:00:00,9,near,3,1
000001050,2018-01-14,2018-01-14 10:00:00,10,core,5,1
000001050,2018-01-14,2018-01-14 10:00:00,10,near,4,1
000001050,2018-01-14,2018-01-14 11:00:00,11,core,6,1
000001050,2018-01-14,2018-01-14 12:00:00,12,core,5,1
000001050,2018-01-14,2018-01-14 12:00:00,12,near,1,0
000001050,2018-01-14,2018-01-14 13:00:00,13,near,1,0
000001050,2018-01-15,2018-01-15 10:00:00,10,core,4,1
000001050,2018-01-15,2018-01-15 10:00:00,10,near,3,1
000001050,2018-01-15,2018-01-15 11:00:00,11,core,1,0
000001050,2018-01-15,2018-01-15 12:00:00,12,core,1,0
000001050,2018-01-15,2018-01-15 12:00:00,12,near,3,1
000001050,2018-01-15,2018-01-15 15:00:00,15,core,2,0
000001050,2018-01-15,2018-01-15 15:00:00,15,near,1,0
000001050,2018-01-15,2018-01-15 16:00:00,16,core,4,1
000001050,2018-01-15,2018-01-15 18:00:00,18,core,5,1
000001050,2018-01-15,2018-01-15 19:00:00,19,core,5,1
000001050,2018-01-16,2018-01-16 00:00:00,0,core,1,0
000001050,2018-01-16,2018-01-16 01:00:00,1,core,4,1
000001050,2018-01-16,2018-01-16 02:00:00,2,core,4,1
000001050,2018-01-16,2018-01-16 02:00:00,2,near,2,0
000001050,2018-01-16,2018-01-16 06:00:00,6,core,3,1
000001050,2018-01-16,2018-01-16 06:00:00,6,near,1,0
000001050,2018-01-16,2018-01-16 07:00:00,7,core,1,0
000001050,2018-01-16,2018-01-16 07:00:00,7,near,6,1
000001050,2018-01-16,2018-01-16 08:00:00,8,core,3,1
000001050,2018-01-16,2018-01-16 08:00:00,8,near,6,1
000001050,2018-01-16,2018-01-16 11:00:00,11,near,4,1
000001050,2018-01-16,2018-01-16 12:00:00,12,near,2,0
000001050,2018-01-16,2018-01-16 14:00:00,14,core,2,0
000001050,2018-01-16,2018-01-16 14:00:00,14,near,4,1
000001050,2018-01-16,2018-01-16 15:00:00,15,core,6,1
000001050,2018-01-16,2018-01-16 16:00:00,16,core,2,0
000001050,2018-01-16,2018-01-16 19:00:00,19,core,4,1
000001050,2018-01-16,2018-01-16 20:00:00,20,core,2,0
000001050,2018-01-17,2018-01-17 02:00:00,2,core,5,1
000001050,2018-01-17,2018-01-17 03:00:00,3,core,1,0
000001050,2018-01-17,2018-01-17 03:00:00,3,near,2,0
000001050,2018-01-17,2018-01-17 10:00:00,10,core,6,1
000001050,2018-01-17,2018-01-17 10:00:00,10,near,3,1
000001050,2018-01-17,2018-01-17 11:00:00,11,core,1,0
000001050,2018-01-17,2018-01-17 11:00:00,11,near,2,0
000001050,2018-01-17,2018-01-17 12:00:00,12,core,1,0
000001050,2018-01-17,2018-01-17 13:00:00,13,core,3,1
000001050,2018-01-17,2018-01-17 14:00:00,14,near,10,1
000001050,2018-01-17,2018-01-17 15:00:00,15,near,2,0
000001050,2018-01-17,2018-01-17 16:00:00,16,core,1,0
000001050,2018-01-17,2018-01-17 16:00:00,16,near,3,1
000001050,2018-01-17,2018-01-17 20:00:00,20,core,1,0
000001050,2018-01-17,2018-01-17 20:00:00,20,near,1,0
000001050,2018-01-17,2018-01-17 22:00:00,22,core,1,0
000001050,2018-01-17,2018-01-17 22:00:00,22,near,1,0
000001050,2018-01-17,2018-01-17 23:00:00,23,near,4,1
000001050,2018-01-18,2018-01-18 00:00:00,0,core,3,1
000001050,2018-01-18,2018-01-18 00:00:00,0,near,7,1
000001050,2018-01-18,2018-01-18 01:00:00,1,core,5,1
000001050,2018-01-18,2018-01-18 03:00:00,3,core,4,1
000001050,2018-01-18,2018-01-18 03:00:00,3,near,2,0
000001050,2018-01-18,2018-01-18 04:00:00,4,core,3,1
000001050,2018-01-18,2018-01-18 07:00:00,7,core,2,0
000001050,2018-01-18,2018-01-18 08:00:00,8,core,1,0
000001050,2018-01-18,2018-01-18 08:00:00,8,near,2,0
000001050,2018-01-18,2018-01-18 10:00:00,10,core,8,1
000001050,2018-01-18,2018-01-18 10:00:00,10,near,2,0
000001050,2018-01-18,2018-01-18 11:00:00,11,near,1,0
000001050,2018-01-18,2018-01-18 12:00:00,12,near,1,0
000001050,2018-01-18,2018-01-18 14:00:00,14,near,4,1
000001050,2018-01-18,2018-01-18 15:00:00,15,near,2,0
000001050,2018-01-18,2018-01-18 16:00:00,16,near,4,1
000001050,2018-01-18,2018-01-18 18:00:00,18,core,34,1
000001050,2018-01-18,2018-01-18 18:00:00,18,near,2,0
000001050,2018-01-18,2018-01-18 19:00:00,19,core,31,1
000001050,2018-01-19,2018-01-19 04:00:00,4,core,1,0
000001050,2018-01-19,2018-01-19 06:00:00,6,core,2,0
000001050,2018-01-19,2018-01-19 07:00:00,7,core,1,0
000001050,2018-01-19,2018-01-19 07:00:00,7,near,2,0
000001050,2018-01-19,2018-01-19 10:00:00,10,core,59,1
000001050,2018-01-19,2018-01-19 10:00:00,10,near,82,1
000001050,2018-01-19,2018-01-19 11:00:00,11,core,184,1
000001050,2018-01-19,2018-01-19 13:00:00,13,core,112,1
000001050,2018-01-19,2018-01-19 14:00:00,14,core,93,1
000001050,2018-01-19,2018-01-19 14:00:00,14,near,102,1
000001050,2018-01-19,2018-01-19 15:00:00,15,core,39,1
000001050,2018-01-19,2018-01-19 16:00:00,16,core,40,1
000001050,2018-01-19,2018-01-19 18:00:00,18,core,109,1
000001050,2018-01-19,2018-01-19 19:00:00,19,core,32,1
000001050,2018-01-19,2018-01-19 21:00:00,21,core,21,1
000001050,2018-01-19,2018-01-19 22:00:00,22,core,52,1
000001050,2018-01-19,2018-01-19 22:00:00,22,near,71,1
000001050,2018-01-19,2018-01-19 23:00:00,23,core,51,1
000001050,2018-01-19,2018-01-19 23:00:00,23,near,136,1
000001050,2018-01-20,2018-01-20 03:00:00,3,core,165,1
000001050,2018-01-20,2018-01-20 03:00:00,3,near,45,1
000001050,2018-01-20,2018-01-20 04:00:00,4,core,87,1
000001050,2018-01-20,2018-01-20 04:00:00,4,near,24,1
000001050,2018-01-20,2018-01-20 06:00:00,6,core,48,1
000001050,2018-01-20,2018-01-20 07:00:00,7,core,68,1
000001050,2018-01-20,2018-01-20 07:00:00,7,near,82,1
000001050,2018-01-20,2018-01-20 09:00:00,9,near,5,1
000001050,2018-01-20,2018-01-20 10:00:00,10,core,181,1
000001050,2018-01-20,2018-01-20 10:00:00,10,near,95,1
000001050,2018-01-20,2018-01-20 11:00:00,11,core,69,1
000001050,2018-01-20,2018-01-20 11:00:00,11,near,16,1
000001050,2018-01-20,2018-01-20 14:00:00,14,core,53,1
000001050,2018-01-20,2018-01-20 15:00:00,15,core,235,1
000001050,2018-01-20,2018-01-20 15:00:00,15,near,4,1
000001050,2018-01-20,2018-01-20 16:00:00,16,near,60,1
000001050,2018-01-20,2018-01-20 18:00:00,18,near,26,1
000001050,2018-01-20,2018-01-20 19:00:00,19,core,153,1
000001050,2018-01-20,2018-01-20 19:00:00,19,near,51,1
000001050,2018-01-20,2018-01-20 20:00:00,20,core,105,1
000001050,2018-01-20,2018-01-20 22:00:00,22,core,241,1
000001050,2018-01-20,2018-01-20 23:00:00,23,core,46,1
000001050,2018-01-21,2018-01-21 00:00:00,0,core,24,1
000001050,2018-01-21,2018-01-21 00:00:00,0,near,48,1
000001050,2018-01-21,2018-01-21 03:00:00,3,core,85,1
000001050,2018-01-21,2018-01-21 03:00:00,3,near,67,1
000001050,2018-01-21,2018-01-21 04:00:00,4,core,44,1
000001050,2018-01-21,2018-01-21 04:00:00,4,near,71,1
000001050,2018-01-21,2018-01-21 13:00:00,13,core,131,1
000001050,2018-01-21,2018-01-21 13:00:00,13,near,111,1
000001050,2018-01-21,2018-01-21 14:00:00,14,core,90,1
000001050,2018-01-21,2018-01-21 14:00:00,14,near,44,1
000001050,2018-01-21,2018-01-21 15:00:00,15,near,14,1
000001050,2018-01-21,2018-01-21 16:00:00,16,core,117,1
000001050,2018-01-21,2018-01-21 16:00:00,16,near,49,1
000001050,2018-01-21,2018-01-21 17:00:00,17,core,47,1
000001050,2018-01-21,2018-01-21 17:00:00,17,near,98,1
000001050,2018-01-21,2018-01-21 18:00:00,18,core,214,1
000001050,2018-01-21,2018-01-21 18:00:00,18,near,106,1
000001050,2018-01-21,2018-01-21 19:00:00,19,core,70,1
000001050,2018-01-21,2018-01-21 19:00:00,19,near,3,1
000001050,2018-01-21,2018-01-21 19:00:00,19,outer,1,0
000001050,2018-01-21,2018-01-21 20:00:00,20,core,58,1
000001050,2018-01-21,2018-01-21 22:00:00,22,core,126,1
000001050,2018-01-21,2018-01-21 23:00:00,23,core,318,1
000001050,2018-01-21,2018-01-21 23:00:00,23,near,1,0
000001050,2018-01-22,2018-01-22 03:00:00,3,core,228,1
000001050,2018-01-22,2018-01-22 04:00:00,4,core,100,1
000001050,2018-01-22,2018-01-22 06:00:00,6,core,347,1
000001050,2018-01-22,2018-01-22 07:00:00,7,core,41,1
000001050,2018-01-22,2018-01-22 07:00:00,7,near,127,1
000001050,2018-01-22,2018-01-22 08:00:00,8,near,35,1
000001050,2018-01-22,2018-01-22 12:00:00,12,near,34,1
000001050,2018-01-22,2018-01-22 13:00:00,13,near,112,1
000001050,2018-01-22,2018-01-22 17:00:00,17,core,52,1
000001050,2018-01-22,2018-01-22 17:00:00,17,near,166,1
000001050,2018-01-22,2018-01-22 18:00:00,18,near,88,1
000001050,2018-01-22,2018-01-22 19:00:00,19,core,56,1
000001050,2018-01-22,2018-01-22 19:00:00,19,near,1,0
000001050,2018-01-22,2018-01-22 21:00:00,21,core,9,1
000001050,2018-01-22,2018-01-22 22:00:00,22,core,71,1
000001050,2018-01-22,2018-01-22 22:00:00,22,near,11,1
000001050,2018-01-23,2018-01-23 00:00:00,0,core,25,1
000001050,2018-01-23,2018-01-23 07:00:00,7,core,48,1
000001050,2018-01-23,2018-01-23 07:00:00,7,near,62,1
000001050,2018-01-23,2018-01-23 10:00:00,10,outer,1,0
000001050,2018-01-23,2018-01-23 11:00:00,11,near,60,1
000001050,2018-01-23,2018-01-23 12:00:00,12,near,58,1
000001050,2018-01-23,2018-01-23 14:00:00,14,near,28,1
000001050,2018-01-23,2018-01-23 15:00:00,15,near,36,1
000001050,2018-01-23,2018-01-23 18:00:00,18,core,55,1
000001050,2018-01-23,2018-01-23 18:00:00,18,near,31,1
000001050,2018-01-23,2018-01-23 19:00:00,19,core,113,1
000001050,2018-01-23,2018-01-23 20:00:00,20,core,110,1
000001050,2018-01-23,2018-01-23 21:00:00,21,core,86,1
000001050,2018-01-23,2018-01-23 22:00:00,22,core,40,1
000001050,2018-01-23,2018-01-23 23:00:00,23,core,141,1
000001050,2018-01-24,2018-01-24 00:00:00,0,core,41,1
000001050,2018-01-24,2018-01-24 04:00:00,4,core,160,1
000001050,2018-01-24,2018-01-24 05:00:00,5,core,93,1
000001050,2018-01-24,2018-01-24 07:00:00,7,core,128,1
000001050,2018-01-24,2018-01-24 07:00:00,7,near,68,1
000001050,2018-01-24,2018-01-24 08:00:00,8,core,33,1
000001050,2018-01-24,2018-01-24 08:00:00,8,near,72,1
000001050,2018-01-24,2018-01-24 09:00:00,9,core,110,1
000001050,2018-01-24,2018-01-24 10:00:00,10,core,4,1
000001050,2018-01-24,2018-01-24 10:00:00,10,near,94,1
000001050,2018-01-24,2018-01-24 11:00:00,11,core,123,1
000001050,2018-01-24,2018-01-24 11:00:00,11,near,22,1
000001050,2018-01-24,2018-01-24 13:00:00,13,core,49,1
000001050,2018-01-24,2018-01-24 14:00:00,14,core,174,1
000001050,2018-01-24,2018-01-24 15:00:00,15,core,53,1
000001050,2018-01-24,2018-01-24 15:00:00,15,near,75,1
000001050,2018-01-24,2018-01-24 16:00:00,16,core,66,1
000001050,2018-01-24,2018-01-24 16:00:00,16,near,133,1
000001050,2018-01-24,2018-01-24 18:00:00,18,core,108,1
000001050,2018-01-24,2018-01-24 18:00:00,18,near,50,1
000001050,2018-01-24,2018-01-24 19:00:00,19,core,125,1
000001050,2018-01-24,2018-01-24 19:00:00,19,near,25,1
000001050,2018-01-24,2018-01-24 21:00:00,21,core,81,1
000001050,2018-01-24,2018-01-24 21:00:00,21,near,47,1
000001050,2018-01-24,2018-01-24 22:00:00,22,core,213,1
000001050,2018-01-24,2018-01-24 22:00:00,22,near,44,1
000001050,2018-01-24,2018-01-24 23:00:00,23,core,76,1
000001050,2018-01-24,2018-01-24 23:00:00,23,near,42,1
000001051,2018-01-01,2018-01-01 01:00:00,1,near,7,1
000001051,2018-01-01,2018-01-01 02:00:00,2,near,70,1
000001051,2018-01-01,2018-01-01 03:00:00,3,core,40,1
000001051,2018-01-01,2018-01-01 03:00:00,3,near,46,1
000001051,2018-01-01,2018-01-01 07:00:00,7,core,64,1
000001051,2018-01-01,2018-01-01 11:00:00,11,core,183,1
000001051,2018-01-01,2018-01-01 12:00:00,12,core,54,1
000001051,2018-01-01,2018-01-01 15:00:00,15,core,129,1
000001051,2018-01-01,2018-01-01 15:00:00,15,near,36,1
000001051,2018-01-01,2018-01-01 16:00:00,16,core,37,1
000001051,2018-01-01,2018-01-01 18:00:00,18,core,165,1
000001051,2018-01-01,2018-01-01 18:00:00,18,near,53,1
000001051,2018-01-01,2018-01-01 19:00:00,19,core,61,1
000001051,2018-01-01,2018-01-01 19:00:00,19,near,49,1
000001051,2018-01-01,2018-01-01 23:00:00,23,core,191,1
000001051,2018-01-02,2018-01-02 00:00:00,0,core,1,0
000001051,2018-01-02,2018-01-02 03:00:00,3,core,191,1
000001051,2018-01-02,2018-01-02 04:00:00,4,core,49,1
000001051,2018-01-02,2018-01-02 06:00:00,6,core,123,1
000001051,2018-01-02,2018-01-02 07:00:00,7,core,106,1
000001051,2018-01-02,2018-01-02 07:00:00,7,near,23,1
000001051,2018-01-02,2018-01-02 08:00:00,8,core,28,1
000001051,2018-01-02,2018-01-02 08:00:00,8,near,43,1
000001051,2018-01-02,2018-01-02 10:00:00,10,core,161,1
000001051,2018-01-02,2018-01-02 11:00:00,11,core,60,1
000001051,2018-01-02,2018-01-02 11:00:00,11,near,95,1
000001051,2018-01-02,2018-01-02 13:00:00,13,core,35,1
000001051,2018-01-02,2018-01-02 14:00:00,14,core,295,1
000001051,2018-01-02,2018-01-02 15:00:00,15,core,40,1
000001051,2018-01-02,2018-01-02 15:00:00,15,near,72,1
000001051,2018-01-02,2018-01-02 16:00:00,16,core,43,1
000001051,2018-01-02,2018-01-02 16:00:00,16,near,84,1
000001051,2018-01-02,2018-01-02 19:00:00,19,core,177,1
000001051,2018-01-03,2018-01-03 01:00:00,1,core,225,1
000001051,2018-01-03,2018-01-03 01:00:00,1,near,5,1
000001051,2018-01-03,2018-01-03 02:00:00,2,core,48,1
000001051,2018-01-03,2018-01-03 02:00:00,2,near,46,1
000001051,2018-01-03,2018-01-03 03:00:00,3,core,101,1
000001051,2018-01-03,2018-01-03 06:00:00,6,core,47,1
000001051,2018-01-03,2018-01-03 07:00:00,7,core,65,1
000001051,2018-01-03,2018-01-03 09:00:00,9,core,101,1
000001051,2018-01-03,2018-01-03 10:00:00,10,core,80,1
000001051,2018-01-03,2018-01-03 10:00:00,10,near,112,1
000001051,2018-01-03,2018-01-03 11:00:00,11,near,21,1
000001051,2018-01-03,2018-01-03 12:00:00,12,near,86,1
000001051,2018-01-03,2018-01-03 13:00:00,13,core,117,1
000001051,2018-01-03,2018-01-03 13:00:00,13,near,57,1
000001051,2018-01-03,2018-01-03 14:00:00,14,core,172,1
000001051,2018-01-03,2018-01-03 14:00:00,14,near,47,1
000001051,2018-01-03,2018-01-03 15:00:00,15,core,36,1
000001051,2018-01-03,2018-01-03 15:00:00,15,near,98,1
000001051,2018-01-03,2018-01-03 16:00:00,16,core,64,1
000001051,2018-01-03,2018-01-03 17:00:00,17,core,107,1
000001051,2018-01-03,2018-01-03 18:00:00,18,core,75,1
000001051,2018-01-03,2018-01-03 18:00:00,18,near,95,1
000001051,2018-01-03,2018-01-03 19:00:00,19,core,23,1
000001051,2018-01-03,2018-01-03 19:00:00,19,near,100,1
000001051,2018-01-03,2018-01-03 22:00:00,22,core,68,1
000001051,2018-01-03,2018-01-03 23:00:00,23,core,25,1
000001051,2018-01-03,2018-01-03 23:00:00,23,near,31,1
000001051,2018-01-04,2018-01-04 04:00:00,4,core,141,1
000001051,2018-01-04,2018-01-04 05:00:00,5,core,57,1
000001051,2018-01-04,2018-01-04 06:00:00,6,core,114,1
000001051,2018-01-04,2018-01-04 07:00:00,7,core,15,1
000001051,2018-01-04,2018-01-04 07:00:00,7,near,160,1
000001051,2018-01-04,2018-01-04 08:00:00,8,core,93,1
000001051,2018-01-04,2018-01-04 08:00:00,8,near,5,1
000001051,2018-01-04,2018-01-04 09:00:00,9,core,1,0
000001051,2018-01-04,2018-01-04 09:00:00,9,near,6,1
000001051,2018-01-04,2018-01-04 11:00:00,11,core,14,1
000001051,2018-01-04,2018-01-04 11:00:00,11,near,7,1
000001051,2018-01-04,2018-01-04 13:00:00,13,core,48,1
000001051,2018-01-04,2018-01-04 14:00:00,14,core,44,1
000001051,2018-01-04,2018-01-04 14:00:00,14,near,98,1
000001051,2018-01-04,2018-01-04 23:00:00,23,core,9,1
000001051,2018-01-04,2018-01-04 23:00:00,23,near,8,1
000001051,2018-01-05,2018-01-05 00:00:00,0,core,18,1
000001051,2018-01-05,2018-01-05 00:00:00,0,near,12,1
000001051,2018-01-05,2018-01-05 01:00:00,1,core,5,1
000001051,2018-01-05,2018-01-05 02:00:00,2,core,9,1
000001051,2018-01-05,2018-01-05 03:00:00,3,core,22,1
000001051,2018-01-05,2018-01-05 05:00:00,5,core,92,1
000001051,2018-01-05,2018-01-05 10:00:00,10,core,131,1
000001051,2018-01-05,2018-01-05 10:00:00,10,near,57,1
000001051,2018-01-05,2018-01-05 11:00:00,11,core,21,1
000001051,2018-01-05,2018-01-05 11:00:00,11,near,38,1
000001051,2018-01-05,2018-01-05 14:00:00,14,core,72,1
000001051,2018-01-05,2018-01-05 15:00:00,15,core,40,1
000001051,2018-01-05,2018-01-05 15:00:00,15,near,39,1
000001051,2018-01-05,2018-01-05 16:00:00,16,core,14,1
000001051,2018-01-05,2018-01-05 16:00:00,16,near,39,1
000001051,2018-01-05,2018-01-05 17:00:00,17,core,43,1
000001051,2018-01-05,2018-01-05 18:00:00,18,core,60,1
000001051,2018-01-05,2018-01-05 18:00:00,18,near,97,1
000001051,2018-01-05,2018-01-05 19:00:00,19,core,12,1
000001051,2018-01-05,2018-01-05 22:00:00,22,core,154,1
000001051,2018-01-05,2018-01-05 23:00:00,23,core,35,1
000001051,2018-01-06,2018-01-06 03:00:00,3,core,35,1
000001051,2018-01-06,2018-01-06 04:00:00,4,core,59,1
000001051,2018-01-06,2018-01-06 06:00:00,6,core,97,1
000001051,2018-01-06,2018-01-06 07:00:00,7,core,21,1
000001051,2018-01-06,2018-01-06 08:00:00,8,core,34,1
000001051,2018-01-06,2018-01-06 09:00:00,9,core,2,0
000001051,2018-01-06,2018-01-06 09:00:00,9,near,66,1
000001051,2018-01-06,2018-01-06 11:00:00,11,near,8,1
000001051,2018-01-06,2018-01-06 15:00:00,15,near,67,1
000001051,2018-01-06,2018-01-06 18:00:00,18,near,65,1
000001051,2018-01-06,2018-01-06 19:00:00,19,core,17,1
000001051,2018-01-06,2018-01-06 19:00:00,19,near,91,1
000001051,2018-01-06,2018-01-06 20:00:00,20,core,22,1
000001051,2018-01-06,2018-01-06 20:00:00,20,near,36,1
000001051,2018-01-06,2018-01-06 23:00:00,23,core,66,1
000001051,2018-01-07,2018-01-07 00:00:00,0,core,20,1
000001051,2018-01-07,2018-01-07 03:00:00,3,core,1,0
000001051,2018-01-07,2018-01-07 04:00:00,4,core,50,1
000001051,2018-01-07,2018-01-07 06:00:00,6,core,154,1
000001051,2018-01-07,2018-01-07 07:00:00,7,core,43,1
000001051,2018-01-07,2018-01-07 11:00:00,11,core,1,0
000001051,2018-01-07,2018-01-07 12:00:00,12,core,100,1
000001051,2018-01-07,2018-01-07 12:00:00,12,near,45,1
000001051,2018-01-07,2018-01-07 13:00:00,13,core,82,1
000001051,2018-01-07,2018-01-07 13:00:00,13,near,46,1
000001051,2018-01-07,2018-01-07 14:00:00,14,core,15,1
000001051,2018-01-07,2018-01-07 18:00:00,18,core,160,1
000001051,2018-01-07,2018-01-07 18:00:00,18,near,14,1
000001051,2018-01-07,2018-01-07 19:00:00,19,core,18,1
000001051,2018-01-07,2018-01-07 19:00:00,19,near,10,1
000001051,2018-01-07,2018-01-07 22:00:00,22,core,105,1
000001051,2018-01-07,2018-01-07 22:00:00,22,near,25,1
000001051,2018-01-07,2018-01-07 23:00:00,23,near,43,1
000001051,2018-01-08,2018-01-08 03:00:00,3,near,68,1
000001051,2018-01-08,2018-01-08 04:00:00,4,core,2,0
000001051,2018-01-08,2018-01-08 04:00:00,4,near,105,1
000001051,2018-01-08,2018-01-08 05:00:00,5,core,45,1
000001051,2018-01-08,2018-01-08 07:00:00,7,core,174,1
000001051,2018-01-08,2018-01-08 09:00:00,9,core,81,1
000001051,2018-01-08,2018-01-08 10:00:00,10,core,69,1
000001051,2018-01-08,2018-01-08 10:00:00,10,near,47,1
000001051,2018-01-08,2018-01-08 11:00:00,11,core,60,1
000001051,2018-01-08,2018-01-08 11:00:00,11,near,11,1
000001051,2018-01-08,2018-01-08 14:00:00,14,core,154,1
000001051,2018-01-08,2018-01-08 15:00:00,15,core,140,1
000001051,2018-01-09,2018-01-09 00:00:00,0,core,105,1
000001051,2018-01-09,2018-01-09 01:00:00,1,near,9,1
000001051,2018-01-09,2018-01-09 01:00:00,1,outer,132,1
000001051,2018-01-09,2018-01-09 02:00:00,2,outer,294,1
000001051,2018-01-09,2018-01-09 04:00:00,4,core,118,1
000001051,2018-01-09,2018-01-09 05:00:00,5,core,3,1
000001051,2018-01-09,2018-01-09 10:00:00,10,core,29,1
000001051,2018-01-09,2018-01-09 11:00:00,11,core,133,1
000001051,2018-01-09,2018-01-09 12:00:00,12,core,22,1
000001051,2018-01-09,2018-01-09 15:00:00,15,core,13,1
000001051,2018-01-09,2018-01-09 16:00:00,16,outer,288,1
000001051,2018-01-09,2018-01-09 17:00:00,17,outer,257,1
000001051,2018-01-09,2018-01-09 18:00:00,18,near,82,1
000001051,2018-01-09,2018-01-09 18:00:00,18,outer,408,1
000001051,2018-01-09,2018-01-09 20:00:00,20,near,44,1
000001051,2018-01-09,2018-01-09 20:00:00,20,outer,121,1
000001051,2018-01-09,2018-01-09 21:00:00,21,outer,265,1
000001051,2018-01-09,2018-01-09 22:00:00,22,outer,204,1
000001051,2018-01-09,2018-01-09 23:00:00,23,core,14,1
000001051,2018-01-09,2018-01-09 23:00:00,23,near,83,1
000001051,2018-01-09,2018-01-09 23:00:00,23,outer,200,1
000001051,2018-01-10,2018-01-10 00:00:00,0,core,44,1
000001051,2018-01-10,2018-01-10 03:00:00,3,core,1,0
000001051,2018-01-10,2018-01-10 07:00:00,7,near,1,0
000001051,2018-01-10,2018-01-10 08:00:00,8,core,2,0
000001051,2018-01-10,2018-01-10 08:00:00,8,near,2,0
000001051,2018-01-10,2018-01-10 09:00:00,9,near,66,1
000001051,2018-01-10,2018-01-10 09:00:00,9,outer,1,0
000001051,2018-01-10,2018-01-10 10:00:00,10,near,21,1
000001051,2018-01-10,2018-01-10 11:00:00,11,core,36,1
000001051,2018-01-10,2018-01-10 11:00:00,11,near,145,1
000001051,2018-01-10,2018-01-10 12:00:00,12,near,35,1
000001051,2018-01-10,2018-01-10 13:00:00,13,core,70,1
000001051,2018-01-10,2018-01-10 13:00:00,13,near,98,1
000001051,2018-01-10,2018-01-10 13:00:00,13,outer,131,1
000001051,2018-01-10,2018-01-10 14:00:00,14,core,48,1
000001051,2018-01-10,2018-01-10 14:00:00,14,near,52,1
000001051,2018-01-10,2018-01-10 22:00:00,22,near,1,0
000001051,2018-01-11,2018-01-11 01:00:00,1,near,1,0
000001051,2018-01-11,2018-01-11 23:00:00,23,core,19,1
000001051,2018-01-11,2018-01-11 23:00:00,23,near,105,1
000001051,2018-01-12,2018-01-12 00:00:00,0,core,9,1
000001051,2018-01-12,2018-01-12 00:00:00,0,near,73,1
000001051,2018-01-12,2018-01-12 03:00:00,3,core,15,1
000001051,2018-01-12,2018-01-12 05:00:00,5,core,18,1
000001051,2018-01-12,2018-01-12 06:00:00,6,core,42,1
000001051,2018-01-12,2018-01-12 10:00:00,10,core,1,0
000001051,2018-01-12,2018-01-12 10:00:00,10,near,3,1
000001051,2018-01-12,2018-01-12 14:00:00,14,core,8,1
000001051,2018-01-12,2018-01-12 15:00:00,15,core,1,0
000001051,2018-01-12,2018-01-12 22:00:00,22,core,5,1
000001051,2018-01-12,2018-01-12 23:00:00,23,core,1,0
000001051,2018-01-13,2018-01-13 07:00:00,7,core,5,1
000001051,2018-01-13,2018-01-13 08:00:00,8,core,1,0
000001051,2018-01-13,2018-01-13 11:00:00,11,core,7,1
000001051,2018-01-13,2018-01-13 12:00:00,12,core,1,0
000001051,2018-01-13,2018-01-13 14:00:00,14,core,3,1
000001051,2018-01-13,2018-01-13 15:00:00,15,core,1,0
000001051,2018-01-13,2018-01-13 15:00:00,15,near,5,1
000001051,2018-01-13,2018-01-13 16:00:00,16,core,2,0
000001051,2018-01-13,2018-01-13 18:00:00,18,core,7,1
000001051,2018-01-13,2018-01-13 19:00:00,19,core,1,0
000001051,2018-01-13,2018-01-13 22:00:00,22,core,1,0
000001051,2018-01-13,2018-01-13 23:00:00,23,core,4,1
000001051,2018-01-13,2018-01-13 23:00:00,23,near,6,1
000001051,2018-01-14,2018-01-14 00:00:00,0,near,1,0
000001051,2018-01-14,2018-01-14 04:00:00,4,core,3,1
000001051,2018-01-14,2018-01-14 04:00:00,4,near,2,0
000001051,2018-01-14,2018-01-14 05:00:00,5,core,3,1
000001051,2018-01-14,2018-01-14 07:00:00,7,core,2,0
000001051,2018-01-14,2018-01-14 08:00:00,8,core,3,1
000001051,2018-01-14,2018-01-14 08:00:00,8,near,6,1
000001051,2018-01-14,2018-01-14 09:00:00,9,near,8,1
000001051,2018-01-14,2018-01-14 10:00:00,10,core,1,0
000001051,2018-01-14,2018-01-14 10:00:00,10,near,3,1
000001051,2018-01-14,2018-01-14 11:00:00,11,core,6,1
000001051,2018-01-14,2018-01-14 11:00:00,11,near,2,0
000001051,2018-01-14,2018-01-14 12:00:00,12,core,6,1
000001051,2018-01-14,2018-01-14 12:00:00,12,near,2,0
000001051,2018-01-14,2018-01-14 13:00:00,13,near,2,0
000001051,2018-01-15,2018-01-15 10:00:00,10,core,6,1
000001051,2018-01-15,2018-01-15 11:00:00,11,core,2,0
000001051,2018-01-15,2018-01-15 12:00:00,12,core,2,0
000001051,2018-01-15,2018-01-15 14:00:00,14,core,2,0
000001051,2018-01-15,2018-01-15 14:00:00,14,near,2,0
000001051,2018-01-15,2018-01-15 15:00:00,15,near,3,1
000001051,2018-01-15,2018-01-15 16:00:00,16,core,2,0
000001051,2018-01-15,2018-01-15 18:00:00,18,core,4,1
000001051,2018-01-15,2018-01-15 19:00:00,19,core,5,1
000001051,2018-01-16,2018-01-16 01:00:00,1,core,2,0
000001051,2018-01-16,2018-01-16 02:00:00,2,core,1,0
000001051,2018-01-16,2018-01-16 02:00:00,2,near,4,1
000001051,2018-01-16,2018-01-16 06:00:00,6,near,1,0
000001051,2018-01-16,2018-01-16 07:00:00,7,core,1,0
000001051,2018-01-16,2018-01-16 07:00:00,7,near,1,0
000001051,2018-01-16,2018-01-16 08:00:00,8,core,3,1
000001051,2018-01-16,2018-01-16 11:00:00,11,core,1,0
000001051,2018-01-16,2018-01-16 12:00:00,12,core,2,0
000001051,2018-01-16,2018-01-16 12:00:00,12,near,1,0
000001051,2018-01-16,2018-01-16 15:00:00,15,core,3,1
000001051,2018-01-16,2018-01-16 16:00:00,16,core,2,0
000001051,2018-01-16,2018-01-16 19:00:00,19,core,3,1
000001051,2018-01-16,2018-01-16 20:00:00,20,core,1,0
000001051,2018-01-17,2018-01-17 02:00:00,2,core,4,1
000001051,2018-01-17,2018-01-17 10:00:00,10,core,4,1
000001051,2018-01-17,2018-01-17 11:00:00,11,core,1,0
000001051,2018-01-17,2018-01-17 11:00:00,11,near,3,1
000001051,2018-01-17,2018-01-17 12:00:00,12,near,1,0
000001051,2018-01-17,2018-01-17 13:00:00,13,core,5,1
000001051,2018-01-17,2018-01-17 14:00:00,14,near,4,1
000001051,2018-01-17,2018-01-17 15:00:00,15,near,4,1
000001051,2018-01-17,2018-01-17 16:00:00,16,core,1,0
000001051,2018-01-17,2018-01-17 16:00:00,16,near,3,1
000001051,2018-01-17,2018-01-17 22:00:00,22,core,3,1
000001051,2018-01-17,2018-01-17 23:00:00,23,near,2,0
000001051,2018-01-18,2018-01-18 00:00:00,0,core,1,0
000001051,2018-01-18,2018-01-18 03:00:00,3,core,2,0
000001051,2018-01-18,2018-01-18 03:00:00,3,near,2,0
000001051,2018-01-18,2018-01-18 07:00:00,7,near,2,0
000001051,2018-01-18,2018-01-18 08:00:00,8,near,3,1
000001051,2018-01-18,2018-01-18 09:00:00,9,core,1,0
000001051,2018-01-18,2018-01-18 09:00:00,9,near,1,0
000001051,2018-01-18,2018-01-18 10:00:00,10,core,6,1
000001051,2018-01-18,2018-01-18 11:00:00,11,core,2,0
000001051,2018-01-18,2018-01-18 14:00:00,14,near,5,1
000001051,2018-01-18,2018-01-18 15:00:00,15,core,2,0
000001051,2018-01-18,2018-01-18 15:00:00,15,near,4,1
000001051,2018-01-18,2018-01-18 18:00:00,18,core,31,1
000001051,2018-01-18,2018-01-18 19:00:00,19,core,31,1
000001051,2018-01-18,2018-01-18 22:00:00,22,core,2,0
000001051,2018-01-18,2018-01-18 23:00:00,23,core,2,0
000001051,2018-01-19,2018-01-19 04:00:00,4,core,1,0
000001051,2018-01-19,2018-01-19 06:00:00,6,core,3,1
000001051,2018-01-19,2018-01-19 07:00:00,7,core,1,0
000001051,2018-01-19,2018-01-19 11:00:00,11,core,227,1
000001051,2018-01-19,2018-01-19 13:00:00,13,core,94,1
000001051,2018-01-19,2018-01-19 14:00:00,14,core,127,1
000001051,2018-01-19,2018-01-19 14:00:00,14,near,134,1
000001051,2018-01-19,2018-01-19 15:00:00,15,core,24,1
000001051,2018-01-19,2018-01-19 16:00:00,16,core,24,1
000001051,2018-01-19,2018-01-19 16:00:00,16,outer,1,0
000001051,2018-01-19,2018-01-19 18:00:00,18,core,118,1
000001051,2018-01-19,2018-01-19 19:00:00,19,core,26,1
000001051,2018-01-19,2018-01-19 21:00:00,21,core,6,1
000001051,2018-01-19,2018-01-19 22:00:00,22,core,69,1
000001051,2018-01-19,2018-01-19 22:00:00,22,near,55,1
000001051,2018-01-19,2018-01-19 23:00:00,23,core,14,1
000001051,2018-01-19,2018-01-19 23:00:00,23,near,92,1
000001051,2018-01-20,2018-01-20 03:00:00,3,core,171,1
000001051,2018-01-20,2018-01-20 03:00:00,3,near,22,1
000001051,2018-01-20,2018-01-20 04:00:00,4,core,32,1
000001051,2018-01-20,2018-01-20 04:00:00,4,near,17,1
000001051,2018-01-20,2018-01-20 06:00:00,6,core,39,1
000001051,2018-01-20,2018-01-20 07:00:00,7,core,56,1
000001051,2018-01-20,2018-01-20 08:00:00,8,core,4,1
000001051,2018-01-20,2018-01-20 10:00:00,10,core,110,1
000001051,2018-01-20,2018-01-20 10:00:00,10,near,45,1
000001051,2018-01-20,2018-01-20 11:00:00,11,core,21,1
000001051,2018-01-20,2018-01-20 11:00:00,11,near,7,1
000001051,2018-01-20,2018-01-20 12:00:00,12,core,46,1
000001051,2018-01-20,2018-01-20 14:00:00,14,core,19,1
000001051,2018-01-20,2018-01-20 15:00:00,15,core,160,1
000001051,2018-01-20,2018-01-20 16:00:00,16,core,41,1
000001051,2018-01-20,2018-01-20 19:00:00,19,core,39,1
000001051,2018-01-20,2018-01-20 19:00:00,19,near,3,1
000001051,2018-01-20,2018-01-20 20:00:00,20,near,3,1
000001051,2018-01-20,2018-01-20 20:00:00,20,outer,16,1
000001051,2018-01-20,2018-01-20 21:00:00,21,outer,204,1
000001051,2018-01-20,2018-01-20 22:00:00,22,outer,288,1
000001051,2018-01-20,2018-01-20 23:00:00,23,outer,7,1
000001051,2018-01-21,2018-01-21 00:00:00,0,outer,116,1
000001051,2018-01-21,2018-01-21 01:00:00,1,outer,434,1
000001051,2018-01-21,2018-01-21 02:00:00,2,outer,150,1
000001051,2018-01-21,2018-01-21 03:00:00,3,core,61,1
000001051,2018-01-21,2018-01-21 03:00:00,3,near,9,1
000001051,2018-01-21,2018-01-21 03:00:00,3,outer,6,1
000001051,2018-01-21,2018-01-21 04:00:00,4,core,34,1
000001051,2018-01-21,2018-01-21 07:00:00,7,core,60,1
000001051,2018-01-21,2018-01-21 08:00:00,8,core,38,1
000001051,2018-01-21,2018-01-21 13:00:00,13,core,96,1
000001051,2018-01-21,2018-01-21 14:00:00,14,core,62,1
000001051,2018-01-21,2018-01-21 14:00:00,14,near,39,1
000001051,2018-01-21,2018-01-21 16:00:00,16,core,77,1
000001051,2018-01-21,2018-01-21 16:00:00,16,near,14,1
000001051,2018-01-21,2018-01-21 17:00:00,17,core,19,1
000001051,2018-01-21,2018-01-21 17:00:00,17,near,96,1
000001051,2018-01-21,2018-01-21 18:00:00,18,core,176,1
000001051,2018-01-21,2018-01-21 18:00:00,18,near,64,1
000001051,2018-01-21,2018-01-21 19:00:00,19,core,20,1
000001051,2018-01-21,2018-01-21 20:00:00,20,core,83,1
000001051,2018-01-21,2018-01-21 20:00:00,20,near,64,1
000001051,2018-01-22,2018-01-22 03:00:00,3,core,128,1
000001051,2018-01-22,2018-01-22 03:00:00,3,near,71,1
000001051,2018-01-22,2018-01-22 04:00:00,4,near,102,1
000001051,2018-01-22,2018-01-22 04:00:00,4,outer,301,1
000001051,2018-01-22,2018-01-22 05:00:00,5,outer,479,1
000001051,2018-01-22,2018-01-22 06:00:00,6,near,3,1
000001051,2018-01-22,2018-01-22 06:00:00,6,outer,89,1
000001051,2018-01-22,2018-01-22 07:00:00,7,core,38,1
000001051,2018-01-22,2018-01-22 19:00:00,19,core,117,1
000001051,2018-01-22,2018-01-22 19:00:00,19,near,1,0
000001051,2018-01-22,2018-01-22 20:00:00,20,outer,56,1
000001051,2018-01-22,2018-01-22 21:00:00,21,outer,175,1
000001051,2018-01-22,2018-01-22 22:00:00,22,core,29,1
000001051,2018-01-22,2018-01-22 22:00:00,22,near,25,1
000001051,2018-01-22,2018-01-22 22:00:00,22,outer,162,1
000001051,2018-01-23,2018-01-23 06:00:00,6,core,36,1
000001051,2018-01-23,2018-01-23 07:00:00,7,core,79,1
000001051,2018-01-23,2018-01-23 08:00:00,8,core,18,1
000001051,2018-01-23,2018-01-23 08:00:00,8,near,14,1
000001051,2018-01-23,2018-01-23 10:00:00,10,core,21,1
000001051,2018-01-23,2018-01-23 13:00:00,13,core,15,1
000001051,2018-01-23,2018-01-23 15:00:00,15,core,36,1
000001051,2018-01-23,2018-01-23 15:00:00,15,near,19,1
000001051,2018-01-23,2018-01-23 16:00:00,16,near,2,0
000001051,2018-01-23,2018-01-23 16:00:00,16,outer,236,1
000001051,2018-01-23,2018-01-23 17:00:00,17,near,7,1
000001051,2018-01-23,2018-01-23 17:00:00,17,outer,63,1
000001051,2018-01-23,2018-01-23 18:00:00,18,core,77,1
000001051,2018-01-23,2018-01-23 18:00:00,18,near,20,1
000001051,2018-01-23,2018-01-23 19:00:00,19,core,133,1
000001051,2018-01-23,2018-01-23 20:00:00,20,core,83,1
000001051,2018-01-23,2018-01-23 21:00:00,21,core,25,1
000001051,2018-01-23,2018-01-23 22:00:00,22,core,29,1
000001051,2018-01-23,2018-01-23 23:00:00,23,core,124,1
000001051,2018-01-24,2018-01-24 00:00:00,0,core,26,1
000001051,2018-01-24,2018-01-24 09:00:00,9,core,20,1
000001051,2018-01-24,2018-01-24 10:00:00,10,near,166,1
000001051,2018-01-24,2018-01-24 11:00:00,11,near,12,1
000001051,2018-01-24,2018-01-24 11:00:00,11,outer,141,1
000001051,2018-01-24,2018-01-24 12:00:00,12,outer,325,1
000001051,2018-01-24,2018-01-24 13:00:00,13,outer,177,1
000001051,2018-01-24,2018-01-24 14:00:00,14,core,14,1
000001051,2018-01-24,2018-01-24 14:00:00,14,near,52,1
000001051,2018-01-24,2018-01-24 14:00:00,14,outer,101,1
000001051,2018-01-24,2018-01-24 15:00:00,15,core,95,1
000001051,2018-01-24,2018-01-24 15:00:00,15,near,27,1
000001051,2018-01-24,2018-01-24 16:00:00,16,core,49,1
000001051,2018-01-24,2018-01-24 16:00:00,16,near,38,1
000001051,2018-01-24,2018-01-24 18:00:00,18,core,51,1
000001051,2018-01-24,2018-01-24 19:00:00,19,core,57,1
000001051,2018-01-24,2018-01-24 19:00:00,19,near,33,1
000001051,2018-01-24,2018-01-24 21:00:00,21,core,12,1
000001051,2018-01-24,2018-01-24 21:00:00,21,near,6,1
000001051,2018-01-24,2018-01-24 22:00:00,22,core,98,1
000001051,2018-01-24,2018-01-24 22:00:00,22,near,41,1
000001051,2018-01-24,2018-01-24 23:00:00,23,core,17,1
000001051,2018-01-24,2018-01-24 23:00:00,23,near,12,1
000001066,2018-01-01,2018-01-01 00:00:00,0,outer,142,1
000001066,2018-01-01,2018-01-01 01:00:00,1,outer,35,1
000001066,2018-01-01,2018-01-01 02:00:00,2,core,10,1
000001066,2018-01-01,2018-01-01 06:00:00,6,core,32,1
000001066,2018-01-01,2018-01-01 07:00:00,7,core,36,1
000001066,2018-01-01,2018-01-01 07:00:00,7,near,120,1
000001066,2018-01-01,2018-01-01 08:00:00,8,near,11,1
000001066,2018-01-01,2018-01-01 08:00:00,8,outer,121,1
000001066,2018-01-01,2018-01-01 09:00:00,9,near,25,1
000001066,2018-01-01,2018-01-01 10:00:00,10,core,5,1
000001066,2018-01-01,2018-01-01 19:00:00,19,core,70,1
000001066,2018-01-01,2018-01-01 19:00:00,19,near,141,1
000001066,2018-01-01,2018-01-01 19:00:00,19,outer,72,1
000001066,2018-01-01,2018-01-01 20:00:00,20,outer,297,1
000001066,2018-01-01,2018-01-01 21:00:00,21,outer,295,1
000001066,2018-01-01,2018-01-01 22:00:00,22,outer,64,1
000001066,2018-01-02,2018-01-02 00:00:00,0,outer,66,1
000001066,2018-01-02,2018-01-02 01:00:00,1,outer,204,1
000001066,2018-01-02,2018-01-02 03:00:00,3,core,25,1
000001066,2018-01-02,2018-01-02 07:00:00,7,core,75,1
000001066,2018-01-02,2018-01-02 07:00:00,7,near,151,1
000001066,2018-01-02,2018-01-02 07:00:00,7,outer,27,1
000001066,2018-01-02,2018-01-02 08:00:00,8,outer,107,1
000001066,2018-01-02,2018-01-02 09:00:00,9,outer,72,1
000001066,2018-01-02,2018-01-02 10:00:00,10,outer,57,1
000001066,2018-01-02,2018-01-02 11:00:00,11,outer,119,1
000001066,2018-01-02,2018-01-02 12:00:00,12,outer,93,1
000001066,2018-01-02,2018-01-02 13:00:00,13,outer,45,1
000001066,2018-01-02,2018-01-02 16:00:00,16,outer,17,1
000001066,2018-01-02,2018-01-02 17:00:00,17,outer,100,1
000001066,2018-01-02,2018-01-02 18:00:00,18,core,11,1
000001066,2018-01-03,2018-01-03 03:00:00,3,core,8,1
000001066,2018-01-03,2018-01-03 04:00:00,4,outer,71,1
000001066,2018-01-03,2018-01-03 05:00:00,5,outer,1,0
000001066,2018-01-03,2018-01-03 06:00:00,6,core,7,1
000001066,2018-01-03,2018-01-03 10:00:00,10,core,8,1
000001066,2018-01-03,2018-01-03 11:00:00,11,core,9,1
000001066,2018-01-03,2018-01-03 11:00:00,11,near,13,1
000001066,2018-01-03,2018-01-03 11:00:00,11,outer,169,1
000001066,2018-01-03,2018-01-03 12:00:00,12,outer,241,1
000001066,2018-01-03,2018-01-03 13:00:00,13,outer,317,1
000001066,2018-01-03,2018-01-03 14:00:00,14,near,129,1
000001066,2018-01-03,2018-01-03 14:00:00,14,outer,96,1
000001066,2018-01-03,2018-01-03 15:00:00,15,core,19,1
000001066,2018-01-03,2018-01-03 15:00:00,15,near,3,1
000001066,2018-01-03,2018-01-03 19:00:00,19,core,13,1
000001066,2018-01-03,2018-01-03 20:00:00,20,outer,91,1
000001066,2018-01-03,2018-01-03 21:00:00,21,outer,169,1
000001066,2018-01-03,2018-01-03 22:00:00,22,core,25,1
000001066,2018-01-05,2018-01-05 11:00:00,11,core,65,1
000001066,2018-01-05,2018-01-05 11:00:00,11,near,193,1
000001066,2018-01-05,2018-01-05 11:00:00,11,outer,26,1
000001066,2018-01-05,2018-01-05 12:00:00,12,near,8,1
000001066,2018-01-05,2018-01-05 12:00:00,12,outer,44,1
000001066,2018-01-05,2018-01-05 13:00:00,13,core,10,1
000001066,2018-01-05,2018-01-05 19:00:00,19,core,65,1
000001066,2018-01-05,2018-01-05 19:00:00,19,near,42,1
000001066,2018-01-05,2018-01-05 20:00:00,20,outer,76,1
000001066,2018-01-05,2018-01-05 21:00:00,21,outer,329,1
000001066,2018-01-05,2018-01-05 22:00:00,22,core,15,1
000001066,2018-01-05,2018-01-05 22:00:00,22,outer,10,1
000001066,2018-01-06,2018-01-06 23:00:00,23,core,19,1
000001066,2018-01-07,2018-01-07 00:00:00,0,outer,84,1
000001066,2018-01-07,2018-01-07 01:00:00,1,outer,106,1
000001066,2018-01-07,2018-01-07 02:00:00,2,core,7,1
000001066,2018-01-07,2018-01-07 08:00:00,8,core,18,1
000001066,2018-01-07,2018-01-07 13:00:00,13,core,32,1
000001066,2018-01-07,2018-01-07 13:00:00,13,near,1,0
000001066,2018-01-07,2018-01-07 14:00:00,14,near,4,1
000001066,2018-01-07,2018-01-07 14:00:00,14,outer,210,1
000001066,2018-01-07,2018-01-07 15:00:00,15,outer,82,1
000001066,2018-01-07,2018-01-07 16:00:00,16,outer,174,1
000001066,2018-01-07,2018-01-07 17:00:00,17,near,70,1
000001066,2018-01-07,2018-01-07 17:00:00,17,outer,49,1
000001066,2018-01-07,2018-01-07 18:00:00,18,outer,14,1
000001066,2018-01-07,2018-01-07 20:00:00,20,outer,143,1
000001066,2018-01-07,2018-01-07 21:00:00,21,near,26,1
000001066,2018-01-07,2018-01-07 21:00:00,21,outer,146,1
000001066,2018-01-07,2018-01-07 22:00:00,22,core,12,1
000001066,2018-01-08,2018-01-08 07:00:00,7,core,37,1
000001066,2018-01-08,2018-01-08 08:00:00,8,outer,51,1
000001066,2018-01-08,2018-01-08 09:00:00,9,outer,116,1
000001066,2018-01-08,2018-01-08 10:00:00,10,outer,107,1
000001066,2018-01-08,2018-01-08 12:00:00,12,outer,95,1
000001066,2018-01-08,2018-01-08 13:00:00,13,outer,148,1
000001066,2018-01-08,2018-01-08 14:00:00,14,core,32,1
000001066,2018-01-08,2018-01-08 14:00:00,14,near,31,1
000001066,2018-01-08,2018-01-08 14:00:00,14,outer,87,1
000001066,2018-01-09,2018-01-09 07:00:00,7,core,2,0
000001066,2018-01-09,2018-01-09 08:00:00,8,outer,1,0
000001066,2018-01-09,2018-01-09 09:00:00,9,outer,67,1
000001066,2018-01-09,2018-01-09 10:00:00,10,outer,63,1
000001066,2018-01-09,2018-01-09 11:00:00,11,core,16,1
000001066,2018-01-10,2018-01-10 04:00:00,4,core,2,0
000001066,2018-01-10,2018-01-10 04:00:00,4,outer,1,0
000001066,2018-01-10,2018-01-10 05:00:00,5,outer,12,1
000001066,2018-01-10,2018-01-10 06:00:00,6,outer,6,1
000001066,2018-01-10,2018-01-10 07:00:00,7,near,1,0
000001066,2018-01-10,2018-01-10 07:00:00,7,outer,7,1
000001066,2018-01-10,2018-01-10 08:00:00,8,core,2,0
000001066,2018-01-10,2018-01-10 08:00:00,8,near,9,1
000001066,2018-01-10,2018-01-10 09:00:00,9,core,2,0
000001066,2018-01-10,2018-01-10 09:00:00,9,near,1,0
000001066,2018-01-10,2018-01-10 11:00:00,11,core,22,1
000001066,2018-01-10,2018-01-10 11:00:00,11,near,7,1
000001066,2018-01-10,2018-01-10 19:00:00,19,core,36,1
000001066,2018-01-10,2018-01-10 20:00:00,20,outer,52,1
000001066,2018-01-10,2018-01-10 21:00:00,21,outer,87,1
000001066,2018-01-10,2018-01-10 22:00:00,22,outer,64,1
000001066,2018-01-10,2018-01-10 23:00:00,23,near,3,1
000001066,2018-01-10,2018-01-10 23:00:00,23,outer,34,1
000001066,2018-01-11,2018-01-11 00:00:00,0,near,81,1
000001066,2018-01-11,2018-01-11 01:00:00,1,near,13,1
000001066,2018-01-11,2018-01-11 01:00:00,1,outer,93,1
000001066,2018-01-11,2018-01-11 02:00:00,2,outer,236,1
000001066,2018-01-11,2018-01-11 03:00:00,3,core,15,1
000001066,2018-01-11,2018-01-11 03:00:00,3,near,21,1
000001066,2018-01-11,2018-01-11 03:00:00,3,outer,33,1
000001066,2018-01-11,2018-01-11 07:00:00,7,core,2,0
000001066,2018-01-11,2018-01-11 08:00:00,8,outer,6,1
000001066,2018-01-11,2018-01-11 09:00:00,9,outer,4,1
000001066,2018-01-11,2018-01-11 14:00:00,14,outer,78,1
000001066,2018-01-11,2018-01-11 18:00:00,18,outer,302,1
000001066,2018-01-11,2018-01-11 19:00:00,19,core,18,1
000001066,2018-01-12,2018-01-12 08:00:00,8,outer,5,1
000001066,2018-01-12,2018-01-12 09:00:00,9,near,1,0
000001066,2018-01-12,2018-01-12 09:00:00,9,outer,12,1
000001066,2018-01-12,2018-01-12 10:00:00,10,core,8,1
000001066,2018-01-12,2018-01-12 10:00:00,10,near,1,0
000001066,2018-01-12,2018-01-12 19:00:00,19,core,2,0
000001066,2018-01-12,2018-01-12 20:00:00,20,outer,9,1
000001066,2018-01-12,2018-01-12 21:00:00,21,outer,5,1
000001066,2018-01-12,2018-01-12 22:00:00,22,core,1,0
000001066,2018-01-13,2018-01-13 11:00:00,11,core,7,1
000001066,2018-01-13,2018-01-13 11:00:00,11,near,4,1
000001066,2018-01-13,2018-01-13 12:00:00,12,core,1,0
000001066,2018-01-13,2018-01-13 12:00:00,12,near,3,1
000001066,2018-01-13,2018-01-13 15:00:00,15,core,2,0
000001066,2018-01-13,2018-01-13 16:00:00,16,core,1,0
000001066,2018-01-13,2018-01-13 19:00:00,19,core,1,0
000001066,2018-01-13,2018-01-13 19:00:00,19,near,2,0
000001066,2018-01-13,2018-01-13 19:00:00,19,outer,1,0
000001066,2018-01-13,2018-01-13 20:00:00,20,outer,13,1
000001066,2018-01-13,2018-01-13 21:00:00,21,outer,1,0
000001066,2018-01-14,2018-01-14 00:00:00,0,outer,3,1
000001066,2018-01-14,2018-01-14 01:00:00,1,outer,4,1
000001066,2018-01-14,2018-01-14 02:00:00,2,outer,2,0
000001066,2018-01-14,2018-01-14 03:00:00,3,core,1,0
000001066,2018-01-14,2018-01-14 07:00:00,7,core,2,0
000001066,2018-01-14,2018-01-14 07:00:00,7,near,3,1
000001066,2018-01-14,2018-01-14 09:00:00,9,near,2,0
000001066,2018-01-14,2018-01-14 09:00:00,9,outer,3,1
000001066,2018-01-14,2018-01-14 10:00:00,10,outer,6,1
000001066,2018-01-14,2018-01-14 11:00:00,11,outer,2,0
000001066,2018-01-15,2018-01-15 08:00:00,8,outer,1,0
000001066,2018-01-15,2018-01-15 09:00:00,9,outer,6,1
000001066,2018-01-15,2018-01-15 10:00:00,10,core,1,0
000001066,2018-01-16,2018-01-16 07:00:00,7,core,1,0
000001066,2018-01-16,2018-01-16 07:00:00,7,near,2,0
000001066,2018-01-16,2018-01-16 08:00:00,8,near,3,1
000001066,2018-01-16,2018-01-16 08:00:00,8,outer,3,1
000001066,2018-01-16,2018-01-16 09:00:00,9,core,1,0
000001066,2018-01-17,2018-01-17 19:00:00,19,core,1,0
000001066,2018-01-17,2018-01-17 20:00:00,20,near,1,0
000001066,2018-01-17,2018-01-17 21:00:00,21,outer,9,1
000001066,2018-01-17,2018-01-17 22:00:00,22,outer,1,0
000001066,2018-01-18,2018-01-18 01:00:00,1,outer,1,0
000001066,2018-01-18,2018-01-18 02:00:00,2,outer,3,1
000001066,2018-01-18,2018-01-18 03:00:00,3,core,1,0
000001066,2018-01-19,2018-01-19 00:00:00,0,core,3,1
000001066,2018-01-19,2018-01-19 00:00:00,0,near,3,1
000001066,2018-01-19,2018-01-19 09:00:00,9,outer,56,1
000001066,2018-01-19,2018-01-19 11:00:00,11,core,148,1
000001066,2018-01-19,2018-01-19 11:00:00,11,near,10,1
000001066,2018-01-19,2018-01-19 12:00:00,12,near,44,1
000001066,2018-01-19,2018-01-19 17:00:00,17,core,41,1
000001066,2018-01-19,2018-01-19 17:00:00,17,near,67,1
000001066,2018-01-19,2018-01-19 23:00:00,23,core,28,1
000001066,2018-01-19,2018-01-19 23:00:00,23,near,8,1
000001066,2018-01-19,2018-01-19 23:00:00,23,outer,9,1
000001066,2018-01-20,2018-01-20 00:00:00,0,outer,143,1
000001066,2018-01-20,2018-01-20 01:00:00,1,outer,73,1
000001066,2018-01-20,2018-01-20 02:00:00,2,core,8,1
000001066,2018-01-20,2018-01-20 11:00:00,11,core,41,1
000001066,2018-01-20,2018-01-20 11:00:00,11,near,85,1
000001066,2018-01-20,2018-01-20 12:00:00,12,near,64,1
000001066,2018-01-20,2018-01-20 12:00:00,12,outer,126,1
000001066,2018-01-20,2018-01-20 13:00:00,13,outer,134,1
000001066,2018-01-20,2018-01-20 14:00:00,14,outer,37,1
000001066,2018-01-20,2018-01-20 16:00:00,16,outer,73,1
000001066,2018-01-20,2018-01-20 17:00:00,17,outer,211,1
000001066,2018-01-20,2018-01-20 18:00:00,18,outer,100,1
000001066,2018-01-20,2018-01-20 19:00:00,19,outer,47,1
000001066,2018-01-20,2018-01-20 20:00:00,20,core,2,0
000001066,2018-01-20,2018-01-20 20:00:00,20,near,18,1
000001066,2018-01-21,2018-01-21 04:00:00,4,core,9,1
000001066,2018-01-21,2018-01-21 04:00:00,4,near,56,1
000001066,2018-01-21,2018-01-21 04:00:00,4,outer,49,1
000001066,2018-01-21,2018-01-21 05:00:00,5,outer,165,1
000001066,2018-01-21,2018-01-21 06:00:00,6,core,26,1
000001066,2018-01-21,2018-01-21 08:00:00,8,core,35,1
000001066,2018-01-21,2018-01-21 08:00:00,8,near,4,1
000001066,2018-01-21,2018-01-21 16:00:00,16,core,67,1
000001066,2018-01-21,2018-01-21 17:00:00,17,core,118,1
000001066,2018-01-21,2018-01-21 19:00:00,19,core,14,1
000001066,2018-01-21,2018-01-21 20:00:00,20,core,45,1
000001066,2018-01-21,2018-01-21 20:00:00,20,near,11,1
000001066,2018-01-21,2018-01-21 20:00:00,20,outer,49,1
000001066,2018-01-21,2018-01-21 21:00:00,21,outer,264,1
000001066,2018-01-21,2018-01-21 22:00:00,22,outer,248,1
000001066,2018-01-21,2018-01-21 23:00:00,23,core,21,1
000001066,2018-01-21,2018-01-21 23:00:00,23,outer,64,1
000001066,2018-01-22,2018-01-22 19:00:00,19,core,81,1
000001066,2018-01-22,2018-01-22 19:00:00,19,near,116,1
000001066,2018-01-22,2018-01-22 19:00:00,19,outer,75,1
000001066,2018-01-22,2018-01-22 20:00:00,20,outer,72,1
000001066,2018-01-22,2018-01-22 21:00:00,21,outer,86,1
000001066,2018-01-22,2018-01-22 22:00:00,22,outer,165,1
000001066,2018-01-23,2018-01-23 00:00:00,0,outer,121,1
000001066,2018-01-23,2018-01-23 01:00:00,1,core,8,1
000001066,2018-01-23,2018-01-23 01:00:00,1,outer,29,1
000001066,2018-01-23,2018-01-23 11:00:00,11,core,20,1
000001066,2018-01-23,2018-01-23 12:00:00,12,outer,30,1
000001066,2018-01-23,2018-01-23 13:00:00,13,outer,73,1
000001066,2018-01-23,2018-01-23 16:00:00,16,outer,62,1
000001066,2018-01-23,2018-01-23 17:00:00,17,outer,5,1
000001066,2018-01-23,2018-01-23 20:00:00,20,outer,28,1
000001066,2018-01-23,2018-01-23 21:00:00,21,outer,130,1
000001066,2018-01-23,2018-01-23 22:00:00,22,outer,148,1
000001066,2018-01-23,2018-01-23 23:00:00,23,core,6,1
000001066,2018-01-23,2018-01-23 23:00:00,23,near,3,1
000001066,2018-01-23,2018-01-23 23:00:00,23,outer,25,1
000001066,2018-01-24,2018-01-24 14:00:00,14,core,69,1
000001066,2018-01-24,2018-01-24 14:00:00,14,near,38,1
000001066,2018-01-24,2018-01-24 15:00:00,15,core,31,1
000001066,2018-01-24,2018-01-24 15:00:00,15,near,38,1
000001071,2018-01-01,2018-01-01 03:00:00,3,core,22,1
000001071,2018-01-01,2018-01-01 04:00:00,4,core,28,1
000001071,2018-01-01,2018-01-01 06:00:00,6,core,113,1
000001071,2018-01-01,2018-01-01 07:00:00,7,core,51,1
000001071,2018-01-01,2018-01-01 18:00:00,18,core,163,1
000001071,2018-01-01,2018-01-01 18:00:00,18,near,14,1
000001071,2018-01-01,2018-01-01 19:00:00,19,core,79,1
000001071,2018-01-01,2018-01-01 23:00:00,23,core,213,1
000001071,2018-01-02,2018-01-02 00:00:00,0,core,30,1
000001071,2018-01-02,2018-01-02 06:00:00,6,core,119,1
000001071,2018-01-02,2018-01-02 06:00:00,6,near,24,1
000001071,2018-01-02,2018-01-02 07:00:00,7,core,86,1
000001071,2018-01-02,2018-01-02 07:00:00,7,near,20,1
000001071,2018-01-02,2018-01-02 09:00:00,9,core,204,1
000001071,2018-01-02,2018-01-02 10:00:00,10,core,165,1
000001071,2018-01-02,2018-01-02 19:00:00,19,core,58,1
000001071,2018-01-02,2018-01-02 20:00:00,20,core,207,1
000001071,2018-01-03,2018-01-03 02:00:00,2,core,118,1
000001071,2018-01-03,2018-01-03 03:00:00,3,core,119,1
000001071,2018-01-03,2018-01-03 08:00:00,8,core,174,1
000001071,2018-01-03,2018-01-03 08:00:00,8,near,28,1
000001071,2018-01-03,2018-01-03 09:00:00,9,near,99,1
000001071,2018-01-03,2018-01-03 19:00:00,19,near,51,1
000001071,2018-01-03,2018-01-03 20:00:00,20,core,79,1
000001071,2018-01-03,2018-01-03 20:00:00,20,near,26,1
000001071,2018-01-03,2018-01-03 21:00:00,21,core,123,1
000001071,2018-01-03,2018-01-03 21:00:00,21,near,39,1
000001071,2018-01-03,2018-01-03 22:00:00,22,core,81,1
000001071,2018-01-03,2018-01-03 23:00:00,23,core,138,1
000001071,2018-01-03,2018-01-03 23:00:00,23,near,30,1
000001071,2018-01-04,2018-01-04 00:00:00,0,core,25,1
000001071,2018-01-04,2018-01-04 04:00:00,4,core,76,1
000001071,2018-01-04,2018-01-04 05:00:00,5,core,9,1
000001071,2018-01-04,2018-01-04 07:00:00,7,core,97,1
000001071,2018-01-04,2018-01-04 07:00:00,7,near,56,1
000001071,2018-01-04,2018-01-04 08:00:00,8,core,12,1
000001071,2018-01-04,2018-01-04 08:00:00,8,near,42,1
000001071,2018-01-04,2018-01-04 09:00:00,9,core,20,1
000001071,2018-01-04,2018-01-04 11:00:00,11,core,77,1
000001071,2018-01-04,2018-01-04 12:00:00,12,core,12,1
000001071,2018-01-04,2018-01-04 15:00:00,15,core,174,1
000001071,2018-01-04,2018-01-04 15:00:00,15,outer,1,0
000001071,2018-01-04,2018-01-04 16:00:00,16,core,37,1
000001071,2018-01-04,2018-01-04 23:00:00,23,core,63,1
000001071,2018-01-04,2018-01-04 23:00:00,23,near,36,1
000001071,2018-01-05,2018-01-05 00:00:00,0,core,47,1
000001071,2018-01-05,2018-01-05 00:00:00,0,near,27,1
000001071,2018-01-05,2018-01-05 01:00:00,1,core,12,1
000001071,2018-01-05,2018-01-05 09:00:00,9,core,15,1
000001071,2018-01-05,2018-01-05 10:00:00,10,core,36,1
000001071,2018-01-05,2018-01-05 13:00:00,13,core,25,1
000001071,2018-01-05,2018-01-05 14:00:00,14,core,142,1
000001071,2018-01-05,2018-01-05 16:00:00,16,core,61,1
000001071,2018-01-05,2018-01-05 17:00:00,17,core,139,1
000001071,2018-01-05,2018-01-05 17:00:00,17,near,67,1
000001071,2018-01-05,2018-01-05 18:00:00,18,core,8,1
000001071,2018-01-06,2018-01-06 02:00:00,2,core,36,1
000001071,2018-01-06,2018-01-06 03:00:00,3,core,130,1
000001071,2018-01-06,2018-01-06 06:00:00,6,core,191,1
000001071,2018-01-06,2018-01-06 11:00:00,11,core,153,1
000001071,2018-01-06,2018-01-06 11:00:00,11,near,58,1
000001071,2018-01-06,2018-01-06 18:00:00,18,core,159,1
000001071,2018-01-06,2018-01-06 19:00:00,19,core,75,1
000001071,2018-01-06,2018-01-06 20:00:00,20,core,148,1
000001071,2018-01-06,2018-01-06 20:00:00,20,near,31,1
000001071,2018-01-06,2018-01-06 21:00:00,21,core,45,1
000001071,2018-01-07,2018-01-07 01:00:00,1,core,51,1
000001071,2018-01-07,2018-01-07 01:00:00,1,near,6,1
000001071,2018-01-07,2018-01-07 02:00:00,2,core,58,1
000001071,2018-01-07,2018-01-07 02:00:00,2,near,12,1
000001071,2018-01-07,2018-01-07 06:00:00,6,core,120,1
000001071,2018-01-07,2018-01-07 10:00:00,10,core,36,1
000001071,2018-01-07,2018-01-07 11:00:00,11,core,76,1
000001071,2018-01-07,2018-01-07 12:00:00,12,core,37,1
000001071,2018-01-07,2018-01-07 13:00:00,13,core,26,1
000001071,2018-01-07,2018-01-07 15:00:00,15,core,97,1
000001071,2018-01-07,2018-01-07 16:00:00,16,core,50,1
000001071,2018-01-07,2018-01-07 16:00:00,16,near,8,1
000001071,2018-01-07,2018-01-07 18:00:00,18,core,103,1
000001071,2018-01-07,2018-01-07 19:00:00,19,core,44,1
000001071,2018-01-08,2018-01-08 07:00:00,7,core,295,1
000001071,2018-01-08,2018-01-08 10:00:00,10,core,192,1
000001071,2018-01-08,2018-01-08 11:00:00,11,core,45,1
000001071,2018-01-08,2018-01-08 14:00:00,14,core,46,1
000001071,2018-01-08,2018-01-08 15:00:00,15,core,203,1
000001071,2018-01-08,2018-01-08 16:00:00,16,core,118,1
000001071,2018-01-08,2018-01-08 18:00:00,18,core,3,1
000001071,2018-01-08,2018-01-08 19:00:00,19,core,111,1
000001071,2018-01-08,2018-01-08 19:00:00,19,near,87,1
000001071,2018-01-08,2018-01-08 20:00:00,20,core,67,1
000001071,2018-01-08,2018-01-08 20:00:00,20,near,38,1
000001071,2018-01-08,2018-01-08 23:00:00,23,core,73,1
000001071,2018-01-09,2018-01-09 00:00:00,0,core,79,1
000001071,2018-01-09,2018-01-09 03:00:00,3,core,47,1
000001071,2018-01-09,2018-01-09 04:00:00,4,core,141,1
000001071,2018-01-09,2018-01-09 05:00:00,5,core,3,1
000001071,2018-01-09,2018-01-09 05:00:00,5,near,4,1
000001071,2018-01-09,2018-01-09 08:00:00,8,core,3,1
000001071,2018-01-09,2018-01-09 08:00:00,8,near,5,1
000001071,2018-01-09,2018-01-09 09:00:00,9,core,59,1
000001071,2018-01-09,2018-01-09 09:00:00,9,near,3,1
000001071,2018-01-09,2018-01-09 10:00:00,10,core,163,1
000001071,2018-01-09,2018-01-09 11:00:00,11,core,85,1
000001071,2018-01-09,2018-01-09 11:00:00,11,near,9,1
000001071,2018-01-09,2018-01-09 12:00:00,12,core,44,1
000001071,2018-01-09,2018-01-09 12:00:00,12,near,16,1
000001071,2018-01-09,2018-01-09 19:00:00,19,core,119,1
000001071,2018-01-09,2018-01-09 19:00:00,19,near,23,1
000001071,2018-01-09,2018-01-09 20:00:00,20,core,58,1
000001071,2018-01-09,2018-01-09 20:00:00,20,near,20,1
000001071,2018-01-10,2018-01-10 02:00:00,2,core,54,1
000001071,2018-01-10,2018-01-10 02:00:00,2,near,28,1
000001071,2018-01-10,2018-01-10 04:00:00,4,core,1,0
000001071,2018-01-10,2018-01-10 08:00:00,8,core,1,0
000001071,2018-01-10,2018-01-10 09:00:00,9,core,4,1
000001071,2018-01-10,2018-01-10 15:00:00,15,core,45,1
000001071,2018-01-10,2018-01-10 19:00:00,19,core,107,1
000001071,2018-01-10,2018-01-10 20:00:00,20,core,81,1
000001071,2018-01-10,2018-01-10 23:00:00,23,core,18,1
000001071,2018-01-11,2018-01-11 00:00:00,0,core,43,1
000001071,2018-01-11,2018-01-11 02:00:00,2,core,15,1
000001071,2018-01-11,2018-01-11 03:00:00,3,core,71,1
000001071,2018-01-11,2018-01-11 08:00:00,8,core,8,1
000001071,2018-01-11,2018-01-11 10:00:00,10,core,4,1
000001071,2018-01-11,2018-01-11 11:00:00,11,core,5,1
000001071,2018-01-11,2018-01-11 11:00:00,11,near,4,1
000001071,2018-01-11,2018-01-11 14:00:00,14,core,105,1
000001071,2018-01-11,2018-01-11 15:00:00,15,core,10,1
000001071,2018-01-11,2018-01-11 16:00:00,16,core,19,1
000001071,2018-01-11,2018-01-11 17:00:00,17,core,102,1
000001071,2018-01-11,2018-01-11 18:00:00,18,core,82,1
000001071,2018-01-11,2018-01-11 19:00:00,19,core,116,1
000001071,2018-01-11,2018-01-11 20:00:00,20,core,37,1
000001071,2018-01-11,2018-01-11 22:00:00,22,core,138,1
000001071,2018-01-11,2018-01-11 23:00:00,23,core,166,1
000001071,2018-01-12,2018-01-12 03:00:00,3,core,17,1
000001071,2018-01-12,2018-01-12 04:00:00,4,core,6,1
000001071,2018-01-12,2018-01-12 11:00:00,11,core,5,1
000001071,2018-01-12,2018-01-12 11:00:00,11,near,3,1
000001071,2018-01-12,2018-01-12 12:00:00,12,core,3,1
000001071,2018-01-12,2018-01-12 12:00:00,12,near,2,0
000001071,2018-01-12,2018-01-12 13:00:00,13,core,1,0
000001071,2018-01-12,2018-01-12 14:00:00,14,core,2,0
000001071,2018-01-12,2018-01-12 14:00:00,14,near,4,1
000001071,2018-01-12,2018-01-12 15:00:00,15,core,3,1
000001071,2018-01-12,2018-01-12 15:00:00,15,near,8,1
000001071,2018-01-12,2018-01-12 21:00:00,21,core,2,0
000001071,2018-01-12,2018-01-12 22:00:00,22,core,3,1
000001071,2018-01-12,2018-01-12 22:00:00,22,near,8,1
000001071,2018-01-13,2018-01-13 00:00:00,0,core,2,0
000001071,2018-01-13,2018-01-13 03:00:00,3,core,4,1
000001071,2018-01-13,2018-01-13 07:00:00,7,near,2,0
000001071,2018-01-13,2018-01-13 08:00:00,8,core,1,0
000001071,2018-01-13,2018-01-13 08:00:00,8,near,5,1
000001071,2018-01-13,2018-01-13 10:00:00,10,core,5,1
000001071,2018-01-13,2018-01-13 11:00:00,11,core,2,0
000001071,2018-01-13,2018-01-13 12:00:00,12,near,4,1
000001071,2018-01-13,2018-01-13 13:00:00,13,near,3,1
000001071,2018-01-13,2018-01-13 14:00:00,14,core,1,0
000001071,2018-01-13,2018-01-13 15:00:00,15,core,5,1
000001071,2018-01-13,2018-01-13 16:00:00,16,core,4,1
000001071,2018-01-13,2018-01-13 17:00:00,17,core,6,1
000001071,2018-01-13,2018-01-13 17:00:00,17,near,4,1
000001071,2018-01-13,2018-01-13 18:00:00,18,core,3,1
000001071,2018-01-13,2018-01-13 18:00:00,18,near,4,1
000001071,2018-01-13,2018-01-13 19:00:00,19,core,2,0
000001071,2018-01-13,2018-01-13 20:00:00,20,core,6,1
000001071,2018-01-13,2018-01-13 20:00:00,20,near,3,1
000001071,2018-01-14,2018-01-14 02:00:00,2,core,3,1
000001071,2018-01-14,2018-01-14 03:00:00,3,near,5,1
000001071,2018-01-14,2018-01-14 04:00:00,4,core,1,0
000001071,2018-01-14,2018-01-14 04:00:00,4,near,8,1
000001071,2018-01-14,2018-01-14 08:00:00,8,core,11,1
000001071,2018-01-14,2018-01-14 10:00:00,10,core,1,0
000001071,2018-01-14,2018-01-14 11:00:00,11,core,8,1
000001071,2018-01-14,2018-01-14 11:00:00,11,near,3,1
000001071,2018-01-14,2018-01-14 12:00:00,12,core,4,1
000001071,2018-01-14,2018-01-14 13:00:00,13,core,2,0
000001071,2018-01-15,2018-01-15 15:00:00,15,core,3,1
000001071,2018-01-15,2018-01-15 15:00:00,15,near,1,0
000001071,2018-01-15,2018-01-15 16:00:00,16,core,1,0
000001071,2018-01-15,2018-01-15 18:00:00,18,core,2,0
000001071,2018-01-15,2018-01-15 19:00:00,19,core,2,0
000001071,2018-01-16,2018-01-16 03:00:00,3,core,3,1
000001071,2018-01-16,2018-01-16 04:00:00,4,core,2,0
000001071,2018-01-16,2018-01-16 06:00:00,6,core,2,0
000001071,2018-01-16,2018-01-16 07:00:00,7,core,3,1
000001071,2018-01-16,2018-01-16 10:00:00,10,core,5,1
000001071,2018-01-16,2018-01-16 11:00:00,11,core,2,0
000001071,2018-01-16,2018-01-16 15:00:00,15,core,5,1
000001071,2018-01-16,2018-01-16 15:00:00,15,near,1,0
000001071,2018-01-16,2018-01-16 16:00:00,16,core,3,1
000001071,2018-01-16,2018-01-16 16:00:00,16,near,1,0
000001071,2018-01-16,2018-01-16 18:00:00,18,core,7,1
000001071,2018-01-16,2018-01-16 19:00:00,19,core,1,0
000001071,2018-01-17,2018-01-17 01:00:00,1,core,3,1
000001071,2018-01-17,2018-01-17 02:00:00,2,core,4,1
000001071,2018-01-17,2018-01-17 02:00:00,2,near,2,0
000001071,2018-01-17,2018-01-17 09:00:00,9,core,2,0
000001071,2018-01-17,2018-01-17 10:00:00,10,near,4,1
000001071,2018-01-17,2018-01-17 11:00:00,11,near,2,0
000001071,2018-01-17,2018-01-17 13:00:00,13,core,3,1
000001071,2018-01-17,2018-01-17 14:00:00,14,core,1,0
000001071,2018-01-18,2018-01-18 02:00:00,2,core,1,0
000001071,2018-01-18,2018-01-18 03:00:00,3,core,6,1
000001071,2018-01-18,2018-01-18 04:00:00,4,core,1,0
000001071,2018-01-18,2018-01-18 07:00:00,7,core,6,1
000001071,2018-01-18,2018-01-18 08:00:00,8,core,1,0
000001071,2018-01-18,2018-01-18 10:00:00,10,core,3,1
000001071,2018-01-18,2018-01-18 11:00:00,11,core,2,0
000001071,2018-01-18,2018-01-18 12:00:00,12,core,2,0
000001071,2018-01-18,2018-01-18 22:00:00,22,core,2,0
000001071,2018-01-18,2018-01-18 23:00:00,23,core,2,0
000001071,2018-01-19,2018-01-19 04:00:00,4,core,1,0
000001071,2018-01-19,2018-01-19 07:00:00,7,core,1,0
000001071,2018-01-19,2018-01-19 09:00:00,9,core,35,1
000001071,2018-01-19,2018-01-19 09:00:00,9,near,38,1
000001071,2018-01-19,2018-01-19 10:00:00,10,near,145,1
000001071,2018-01-19,2018-01-19 11:00:00,11,core,54,1
000001071,2018-01-19,2018-01-19 11:00:00,11,near,29,1
000001071,2018-01-19,2018-01-19 19:00:00,19,core,29,1
000001071,2018-01-19,2018-01-19 20:00:00,20,core,32,1
000001071,2018-01-19,2018-01-19 22:00:00,22,core,52,1
000001071,2018-01-19,2018-01-19 22:00:00,22,near,61,1
000001071,2018-01-19,2018-01-19 23:00:00,23,core,25,1
000001071,2018-01-19,2018-01-19 23:00:00,23,near,108,1
000001071,2018-01-20,2018-01-20 03:00:00,3,core,71,1
000001071,2018-01-20,2018-01-20 04:00:00,4,core,64,1
000001071,2018-01-20,2018-01-20 10:00:00,10,core,2,0
000001071,2018-01-20,2018-01-20 11:00:00,11,core,36,1
000001071,2018-01-20,2018-01-20 11:00:00,11,near,117,1
000001071,2018-01-20,2018-01-20 12:00:00,12,core,42,1
000001071,2018-01-20,2018-01-20 14:00:00,14,core,11,1
000001071,2018-01-20,2018-01-20 15:00:00,15,core,105,1
000001071,2018-01-20,2018-01-20 15:00:00,15,near,22,1
000001071,2018-01-20,2018-01-20 16:00:00,16,core,12,1
000001071,2018-01-20,2018-01-20 18:00:00,18,core,27,1
000001071,2018-01-20,2018-01-20 18:00:00,18,near,70,1
000001071,2018-01-20,2018-01-20 19:00:00,19,core,33,1
000001071,2018-01-20,2018-01-20 19:00:00,19,near,73,1
000001071,2018-01-21,2018-01-21 03:00:00,3,core,69,1
000001071,2018-01-21,2018-01-21 04:00:00,4,core,73,1
000001071,2018-01-21,2018-01-21 10:00:00,10,core,68,1
000001071,2018-01-21,2018-01-21 11:00:00,11,core,33,1
000001071,2018-01-21,2018-01-21 16:00:00,16,core,25,1
000001071,2018-01-21,2018-01-21 17:00:00,17,core,135,1
000001071,2018-01-21,2018-01-21 19:00:00,19,core,81,1
000001071,2018-01-21,2018-01-21 19:00:00,19,near,17,1
000001071,2018-01-21,2018-01-21 20:00:00,20,core,73,1
000001071,2018-01-21,2018-01-21 20:00:00,20,near,15,1
000001071,2018-01-21,2018-01-21 22:00:00,22,core,23,1
000001071,2018-01-21,2018-01-21 23:00:00,23,core,181,1
000001071,2018-01-22,2018-01-22 10:00:00,10,core,19,1
000001071,2018-01-22,2018-01-22 11:00:00,11,core,124,1
000001071,2018-01-22,2018-01-22 17:00:00,17,core,69,1
000001071,2018-01-22,2018-01-22 17:00:00,17,near,83,1
000001071,2018-01-22,2018-01-22 18:00:00,18,near,148,1
000001071,2018-01-22,2018-01-22 19:00:00,19,core,57,1
000001071,2018-01-22,2018-01-22 19:00:00,19,near,34,1
000001071,2018-01-22,2018-01-22 21:00:00,21,core,31,1
000001071,2018-01-22,2018-01-22 22:00:00,22,core,98,1
000001071,2018-01-22,2018-01-22 22:00:00,22,near,5,1
000001071,2018-01-23,2018-01-23 00:00:00,0,core,19,1
000001071,2018-01-23,2018-01-23 01:00:00,1,core,53,1
000001071,2018-01-23,2018-01-23 02:00:00,2,core,59,1
000001071,2018-01-23,2018-01-23 11:00:00,11,core,14,1
000001071,2018-01-23,2018-01-23 17:00:00,17,core,19,1
000001071,2018-01-23,2018-01-23 18:00:00,18,core,65,1
000001071,2018-01-23,2018-01-23 18:00:00,18,near,12,1
000001071,2018-01-23,2018-01-23 19:00:00,19,core,46,1
000001071,2018-01-23,2018-01-23 20:00:00,20,core,26,1
000001071,2018-01-23,2018-01-23 20:00:00,20,near,3,1
000001071,2018-01-24,2018-01-24 10:00:00,10,core,45,1
000001071,2018-01-24,2018-01-24 11:00:00,11,core,35,1
000001071,2018-01-24,2018-01-24 13:00:00,13,core,80,1
000001071,2018-01-24,2018-01-24 13:00:00,13,near,35,1
000001071,2018-01-24,2018-01-24 14:00:00,14,core,92,1
000001071,2018-01-24,2018-01-24 14:00:00,14,near,26,1
000001071,2018-01-24,2018-01-24 15:00:00,15,near,28,1
000001071,2018-01-24,2018-01-24 16:00:00,16,core,44,1
000001071,2018-01-24,2018-01-24 16:00:00,16,near,18,1
000001071,2018-01-24,2018-01-24 18:00:00,18,core,18,1
000001071,2018-01-24,2018-01-24 19:00:00,19,core,28,1
000001071,2018-01-24,2018-01-24 19:00:00,19,near,127,1
000001071,2018-01-24,2018-01-24 20:00:00,20,core,30,1
000001071,2018-01-24,2018-01-24 20:00:00,20,near,93,1
000001087,2018-01-01,2018-01-01 03:00:00,3,core,150,1
000001087,2018-01-01,2018-01-01 05:00:00,5,core,170,1
000001087,2018-01-01,2018-01-01 06:00:00,6,core,173,1
000001087,2018-01-01,2018-01-01 06:00:00,6,near,9,1
000001087,2018-01-01,2018-01-01 07:00:00,7,core,136,1
000001087,2018-01-01,2018-01-01 11:00:00,11,core,191,1
000001087,2018-01-01,2018-01-01 12:00:00,12,core,259,1
000001087,2018-01-01,2018-01-01 12:00:00,12,near,56,1
000001087,2018-01-01,2018-01-01 14:00:00,14,core,299,1
000001087,2018-01-01,2018-01-01 14:00:00,14,near,55,1
000001087,2018-01-01,2018-01-01 19:00:00,19,core,88,1
000001087,2018-01-01,2018-01-01 20:00:00,20,core,133,1
000001087,2018-01-01,2018-01-01 23:00:00,23,core,193,1
000001087,2018-01-02,2018-01-02 02:00:00,2,core,173,1
000001087,2018-01-02,2018-01-02 03:00:00,3,core,122,1
000001087,2018-01-02,2018-01-02 05:00:00,5,core,201,1
000001087,2018-01-02,2018-01-02 06:00:00,6,core,98,1
000001087,2018-01-02,2018-01-02 06:00:00,6,near,10,1
000001087,2018-01-02,2018-01-02 09:00:00,9,core,84,1
000001087,2018-01-02,2018-01-02 10:00:00,10,core,347,1
000001087,2018-01-02,2018-01-02 10:00:00,10,near,6,1
000001087,2018-01-02,2018-01-02 11:00:00,11,core,278,1
000001087,2018-01-02,2018-01-02 12:00:00,12,core,83,1
000001087,2018-01-02,2018-01-02 18:00:00,18,core,353,1
000001087,2018-01-02,2018-01-02 22:00:00,22,core,111,1
000001087,2018-01-02,2018-01-02 23:00:00,23,core,88,1
000001087,2018-01-03,2018-01-03 02:00:00,2,core,10,1
000001087,2018-01-03,2018-01-03 03:00:00,3,core,218,1
000001087,2018-01-03,2018-01-03 06:00:00,6,core,61,1
000001087,2018-01-03,2018-01-03 07:00:00,7,core,200,1
000001087,2018-01-03,2018-01-03 07:00:00,7,near,7,1
000001087,2018-01-03,2018-01-03 13:00:00,13,core,66,1
000001087,2018-01-03,2018-01-03 14:00:00,14,core,205,1
000001087,2018-01-03,2018-01-03 16:00:00,16,core,238,1
000001087,2018-01-03,2018-01-03 17:00:00,17,core,41,1
000001087,2018-01-03,2018-01-03 18:00:00,18,core,346,1
000001087,2018-01-03,2018-01-03 18:00:00,18,near,5,1
000001087,2018-01-03,2018-01-03 19:00:00,19,core,48,1
000001087,2018-01-04,2018-01-04 04:00:00,4,core,221,1
000001087,2018-01-04,2018-01-04 06:00:00,6,core,78,1
000001087,2018-01-04,2018-01-04 07:00:00,7,core,192,1
000001087,2018-01-04,2018-01-04 08:00:00,8,core,104,1
000001087,2018-01-04,2018-01-04 09:00:00,9,core,62,1
000001087,2018-01-04,2018-01-04 10:00:00,10,core,10,1
000001087,2018-01-04,2018-01-04 10:00:00,10,near,155,1
000001087,2018-01-04,2018-01-04 11:00:00,11,core,9,1
000001087,2018-01-04,2018-01-04 12:00:00,12,core,83,1
000001087,2018-01-04,2018-01-04 14:00:00,14,core,37,1
000001087,2018-01-04,2018-01-04 15:00:00,15,core,195,1
000001087,2018-01-04,2018-01-04 23:00:00,23,core,13,1
000001087,2018-01-05,2018-01-05 02:00:00,2,core,194,1
000001087,2018-01-05,2018-01-05 02:00:00,2,near,47,1
000001087,2018-01-05,2018-01-05 03:00:00,3,core,127,1
000001087,2018-01-05,2018-01-05 03:00:00,3,near,94,1
000001087,2018-01-05,2018-01-05 07:00:00,7,core,254,1
000001087,2018-01-05,2018-01-05 10:00:00,10,core,238,1
000001087,2018-01-05,2018-01-05 10:00:00,10,near,75,1
000001087,2018-01-05,2018-01-05 11:00:00,11,core,127,1
000001087,2018-01-05,2018-01-05 11:00:00,11,near,34,1
000001087,2018-01-05,2018-01-05 14:00:00,14,core,159,1
000001087,2018-01-05,2018-01-05 15:00:00,15,core,131,1
000001087,2018-01-05,2018-01-05 17:00:00,17,core,143,1
000001087,2018-01-05,2018-01-05 18:00:00,18,core,80,1
000001087,2018-01-05,2018-01-05 18:00:00,18,near,144,1
000001087,2018-01-05,2018-01-05 22:00:00,22,core,173,1
000001087,2018-01-05,2018-01-05 23:00:00,23,core,139,1
000001087,2018-01-06,2018-01-06 03:00:00,3,core,59,1
000001087,2018-01-06,2018-01-06 04:00:00,4,core,119,1
000001087,2018-01-06,2018-01-06 06:00:00,6,core,280,1
000001087,2018-01-06,2018-01-06 07:00:00,7,core,56,1
000001087,2018-01-06,2018-01-06 08:00:00,8,core,82,1
000001087,2018-01-06,2018-01-06 10:00:00,10,core,306,1
000001087,2018-01-06,2018-01-06 13:00:00,13,core,194,1
000001087,2018-01-06,2018-01-06 14:00:00,14,core,157,1
000001087,2018-01-06,2018-01-06 14:00:00,14,near,57,1
000001087,2018-01-06,2018-01-06 18:00:00,18,core,287,1
000001087,2018-01-06,2018-01-06 18:00:00,18,near,91,1
000001087,2018-01-06,2018-01-06 19:00:00,19,core,43,1
000001087,2018-01-06,2018-01-06 23:00:00,23,core,123,1
000001087,2018-01-06,2018-01-06 23:00:00,23,near,61,1
000001087,2018-01-07,2018-01-07 00:00:00,0,core,130,1
000001087,2018-01-07,2018-01-07 00:00:00,0,near,28,1
000001087,2018-01-07,2018-01-07 02:00:00,2,core,103,1
000001087,2018-01-07,2018-01-07 03:00:00,3,core,100,1
000001087,2018-01-07,2018-01-07 04:00:00,4,core,115,1
000001087,2018-01-07,2018-01-07 04:00:00,4,near,5,1
000001087,2018-01-07,2018-01-07 05:00:00,5,core,217,1
000001087,2018-01-07,2018-01-07 05:00:00,5,near,81,1
000001087,2018-01-07,2018-01-07 09:00:00,9,core,147,1
000001087,2018-01-07,2018-01-07 10:00:00,10,core,81,1
000001087,2018-01-07,2018-01-07 14:00:00,14,core,23,1
000001087,2018-01-07,2018-01-07 15:00:00,15,core,133,1
000001087,2018-01-07,2018-01-07 16:00:00,16,core,23,1
000001087,2018-01-07,2018-01-07 17:00:00,17,core,98,1
000001087,2018-01-07,2018-01-07 17:00:00,17,near,91,1
000001087,2018-01-07,2018-01-07 18:00:00,18,core,24,1
000001087,2018-01-07,2018-01-07 19:00:00,19,core,46,1
000001087,2018-01-07,2018-01-07 21:00:00,21,core,144,1
000001087,2018-01-08,2018-01-08 02:00:00,2,core,93,1
000001087,2018-01-08,2018-01-08 03:00:00,3,core,115,1
000001087,2018-01-08,2018-01-08 07:00:00,7,core,193,1
000001087,2018-01-08,2018-01-08 07:00:00,7,near,30,1
000001087,2018-01-08,2018-01-08 08:00:00,8,core,143,1
000001087,2018-01-08,2018-01-08 08:00:00,8,near,60,1
000001087,2018-01-08,2018-01-08 11:00:00,11,core,137,1
000001087,2018-01-08,2018-01-08 14:00:00,14,core,227,1
000001087,2018-01-08,2018-01-08 16:00:00,16,core,116,1
000001087,2018-01-08,2018-01-08 17:00:00,17,core,202,1
000001087,2018-01-08,2018-01-08 17:00:00,17,near,107,1
000001087,2018-01-08,2018-01-08 19:00:00,19,core,262,1
000001087,2018-01-08,2018-01-08 20:00:00,20,core,132,1
000001087,2018-01-08,2018-01-08 23:00:00,23,core,15,1
000001087,2018-01-09,2018-01-09 00:00:00,0,core,161,1
000001087,2018-01-09,2018-01-09 01:00:00,1,core,30,1
000001087,2018-01-09,2018-01-09 04:00:00,4,core,2,0
000001087,2018-01-09,2018-01-09 05:00:00,5,core,2,0
000001087,2018-01-09,2018-01-09 06:00:00,6,core,2,0
000001087,2018-01-09,2018-01-09 09:00:00,9,core,103,1
000001087,2018-01-09,2018-01-09 09:00:00,9,near,4,1
000001087,2018-01-09,2018-01-09 11:00:00,11,core,137,1
000001087,2018-01-09,2018-01-09 11:00:00,11,near,29,1
000001087,2018-01-09,2018-01-09 12:00:00,12,core,50,1
000001087,2018-01-09,2018-01-09 17:00:00,17,core,81,1
000001087,2018-01-09,2018-01-09 18:00:00,18,core,199,1
000001087,2018-01-09,2018-01-09 18:00:00,18,near,80,1
000001087,2018-01-09,2018-01-09 19:00:00,19,core,5,1
000001087,2018-01-09,2018-01-09 20:00:00,20,core,105,1
000001087,2018-01-10,2018-01-10 03:00:00,3,core,114,1
000001087,2018-01-10,2018-01-10 03:00:00,3,near,6,1
000001087,2018-01-10,2018-01-10 04:00:00,4,core,6,1
000001087,2018-01-10,2018-01-10 04:00:00,4,near,4,1
000001087,2018-01-10,2018-01-10 12:00:00,12,core,123,1
000001087,2018-01-10,2018-01-10 12:00:00,12,near,55,1
000001087,2018-01-10,2018-01-10 13:00:00,13,core,60,1
000001087,2018-01-10,2018-01-10 14:00:00,14,core,89,1
000001087,2018-01-10,2018-01-10 15:00:00,15,core,38,1
000001087,2018-01-10,2018-01-10 22:00:00,22,core,117,1
000001087,2018-01-10,2018-01-10 23:00:00,23,core,18,1
000001087,2018-01-11,2018-01-11 07:00:00,7,core,40,1
000001087,2018-01-11,2018-01-11 11:00:00,11,core,6,1
000001087,2018-01-11,2018-01-11 12:00:00,12,core,1,0
000001087,2018-01-11,2018-01-11 13:00:00,13,core,6,1
000001087,2018-01-11,2018-01-11 14:00:00,14,core,2,0
000001087,2018-01-11,2018-01-11 19:00:00,19,core,55,1
000001087,2018-01-11,2018-01-11 19:00:00,19,near,50,1
000001087,2018-01-11,2018-01-11 20:00:00,20,core,58,1
000001087,2018-01-11,2018-01-11 20:00:00,20,near,54,1
000001087,2018-01-11,2018-01-11 23:00:00,23,core,43,1
000001087,2018-01-12,2018-01-12 00:00:00,0,core,45,1
000001087,2018-01-12,2018-01-12 02:00:00,2,core,54,1
000001087,2018-01-12,2018-01-12 03:00:00,3,core,60,1
000001087,2018-01-12,2018-01-12 03:00:00,3,near,8,1
000001087,2018-01-12,2018-01-12 06:00:00,6,core,178,1
000001087,2018-01-12,2018-01-12 07:00:00,7,core,2,0
000001087,2018-01-12,2018-01-12 11:00:00,11,core,5,1
000001087,2018-01-12,2018-01-12 15:00:00,15,core,5,1
000001087,2018-01-12,2018-01-12 15:00:00,15,near,1,0
000001087,2018-01-12,2018-01-12 16:00:00,16,core,4,1
000001087,2018-01-12,2018-01-12 16:00:00,16,near,1,0
000001087,2018-01-12,2018-01-12 17:00:00,17,core,6,1
000001087,2018-01-12,2018-01-12 17:00:00,17,near,4,1
000001087,2018-01-12,2018-01-12 18:00:00,18,core,5,1
000001087,2018-01-12,2018-01-12 18:00:00,18,near,1,0
000001087,2018-01-12,2018-01-12 22:00:00,22,core,4,1
000001087,2018-01-12,2018-01-12 23:00:00,23,core,1,0
000001087,2018-01-13,2018-01-13 04:00:00,4,core,2,0
000001087,2018-01-13,2018-01-13 05:00:00,5,core,4,1
000001087,2018-01-13,2018-01-13 05:00:00,5,near,3,1
000001087,2018-01-13,2018-01-13 06:00:00,6,core,2,0
000001087,2018-01-13,2018-01-13 06:00:00,6,near,2,0
000001087,2018-01-13,2018-01-13 10:00:00,10,core,4,1
000001087,2018-01-13,2018-01-13 11:00:00,11,near,1,0
000001087,2018-01-13,2018-01-13 12:00:00,12,core,4,1
000001087,2018-01-13,2018-01-13 12:00:00,12,near,1,0
000001087,2018-01-13,2018-01-13 14:00:00,14,core,4,1
000001087,2018-01-13,2018-01-13 14:00:00,14,near,3,1
000001087,2018-01-13,2018-01-13 15:00:00,15,core,5,1
000001087,2018-01-13,2018-01-13 15:00:00,15,near,1,0
000001087,2018-01-13,2018-01-13 16:00:00,16,core,1,0
000001087,2018-01-13,2018-01-13 17:00:00,17,core,4,1
000001087,2018-01-13,2018-01-13 17:00:00,17,near,2,0
000001087,2018-01-13,2018-01-13 18:00:00,18,core,3,1
000001087,2018-01-13,2018-01-13 18:00:00,18,near,1,0
000001087,2018-01-13,2018-01-13 19:00:00,19,core,3,1
000001087,2018-01-13,2018-01-13 19:00:00,19,near,3,1
000001087,2018-01-13,2018-01-13 20:00:00,20,core,3,1
000001087,2018-01-13,2018-01-13 23:00:00,23,core,4,1
000001087,2018-01-14,2018-01-14 01:00:00,1,core,2,0
000001087,2018-01-14,2018-01-14 02:00:00,2,core,4,1
000001087,2018-01-14,2018-01-14 04:00:00,4,core,3,1
000001087,2018-01-14,2018-01-14 04:00:00,4,near,1,0
000001087,2018-01-14,2018-01-14 05:00:00,5,core,8,1
000001087,2018-01-14,2018-01-14 05:00:00,5,near,1,0
000001087,2018-01-14,2018-01-14 12:00:00,12,core,2,0
000001087,2018-01-14,2018-01-14 13:00:00,13,near,1,0
000001087,2018-01-15,2018-01-15 10:00:00,10,core,3,1
000001087,2018-01-15,2018-01-15 10:00:00,10,near,1,0
000001087,2018-01-15,2018-01-15 11:00:00,11,core,6,1
000001087,2018-01-15,2018-01-15 11:00:00,11,near,3,1
000001087,2018-01-15,2018-01-15 14:00:00,14,core,1,0
000001087,2018-01-15,2018-01-15 15:00:00,15,core,6,1
000001087,2018-01-15,2018-01-15 19:00:00,19,core,8,1
000001087,2018-01-15,2018-01-15 19:00:00,19,near,2,0
000001087,2018-01-15,2018-01-15 22:00:00,22,core,6,1
000001087,2018-01-16,2018-01-16 02:00:00,2,core,4,1
000001087,2018-01-16,2018-01-16 03:00:00,3,core,2,0
000001087,2018-01-16,2018-01-16 11:00:00,11,core,3,1
000001087,2018-01-16,2018-01-16 12:00:00,12,core,3,1
000001087,2018-01-16,2018-01-16 14:00:00,14,core,7,1
000001087,2018-01-16,2018-01-16 15:00:00,15,core,4,1
000001087,2018-01-16,2018-01-16 18:00:00,18,core,6,1
000001087,2018-01-16,2018-01-16 19:00:00,19,core,4,1
000001087,2018-01-16,2018-01-16 23:00:00,23,core,2,0
000001087,2018-01-17,2018-01-17 03:00:00,3,core,4,1
000001087,2018-01-17,2018-01-17 07:00:00,7,core,8,1
000001087,2018-01-17,2018-01-17 10:00:00,10,core,5,1
000001087,2018-01-17,2018-01-17 14:00:00,14,core,2,0
000001087,2018-01-17,2018-01-17 15:00:00,15,core,2,0
000001087,2018-01-17,2018-01-17 19:00:00,19,core,1,0
000001087,2018-01-17,2018-01-17 20:00:00,20,core,1,0
000001087,2018-01-18,2018-01-18 03:00:00,3,core,2,0
000001087,2018-01-18,2018-01-18 05:00:00,5,core,2,0
000001087,2018-01-18,2018-01-18 07:00:00,7,core,1,0
000001087,2018-01-18,2018-01-18 08:00:00,8,core,4,1
000001087,2018-01-18,2018-01-18 11:00:00,11,core,3,1
000001087,2018-01-18,2018-01-18 11:00:00,11,near,1,0
000001087,2018-01-18,2018-01-18 12:00:00,12,core,2,0
000001087,2018-01-18,2018-01-18 14:00:00,14,core,8,1
000001087,2018-01-18,2018-01-18 14:00:00,14,near,3,1
000001087,2018-01-18,2018-01-18 17:00:00,17,core,3,1
000001087,2018-01-18,2018-01-18 18:00:00,18,core,11,1
000001087,2018-01-18,2018-01-18 18:00:00,18,near,1,0
000001087,2018-01-18,2018-01-18 19:00:00,19,core,7,1
000001087,2018-01-18,2018-01-18 22:00:00,22,core,3,1
000001087,2018-01-19,2018-01-19 07:00:00,7,core,2,0
000001087,2018-01-19,2018-01-19 08:00:00,8,core,3,1
000001087,2018-01-19,2018-01-19 10:00:00,10,core,139,1
000001087,2018-01-19,2018-01-19 11:00:00,11,core,145,1
000001087,2018-01-19,2018-01-19 14:00:00,14,core,254,1
000001087,2018-01-19,2018-01-19 15:00:00,15,core,54,1
000001087,2018-01-19,2018-01-19 16:00:00,16,core,110,1
000001087,2018-01-19,2018-01-19 16:00:00,16,near,60,1
000001087,2018-01-19,2018-01-19 17:00:00,17,core,148,1
000001087,2018-01-19,2018-01-19 17:00:00,17,near,14,1
000001087,2018-01-19,2018-01-19 22:00:00,22,core,198,1
000001087,2018-01-19,2018-01-19 23:00:00,23,core,203,1
000001087,2018-01-20,2018-01-20 02:00:00,2,core,140,1
000001087,2018-01-20,2018-01-20 11:00:00,11,core,135,1
000001087,2018-01-20,2018-01-20 11:00:00,11,near,90,1
000001087,2018-01-20,2018-01-20 12:00:00,12,core,83,1
000001087,2018-01-20,2018-01-20 15:00:00,15,core,95,1
000001087,2018-01-20,2018-01-20 16:00:00,16,core,117,1
000001087,2018-01-20,2018-01-20 19:00:00,19,core,114,1
000001087,2018-01-20,2018-01-20 20:00:00,20,core,24,1
000001087,2018-01-20,2018-01-20 20:00:00,20,near,54,1
000001087,2018-01-21,2018-01-21 03:00:00,3,core,69,1
000001087,2018-01-21,2018-01-21 03:00:00,3,near,118,1
000001087,2018-01-21,2018-01-21 04:00:00,4,core,96,1
000001087,2018-01-21,2018-01-21 04:00:00,4,near,63,1
000001087,2018-01-21,2018-01-21 07:00:00,7,core,66,1
000001087,2018-01-21,2018-01-21 07:00:00,7,outer,1,0
000001087,2018-01-21,2018-01-21 08:00:00,8,core,126,1
000001087,2018-01-21,2018-01-21 09:00:00,9,core,107,1
000001087,2018-01-21,2018-01-21 09:00:00,9,near,13,1
000001087,2018-01-21,2018-01-21 10:00:00,10,core,5,1
000001087,2018-01-21,2018-01-21 10:00:00,10,near,90,1
000001087,2018-01-21,2018-01-21 12:00:00,12,core,20,1
000001087,2018-01-21,2018-01-21 12:00:00,12,near,32,1
000001087,2018-01-21,2018-01-21 13:00:00,13,core,26,1
000001087,2018-01-21,2018-01-21 16:00:00,16,core,158,1
000001087,2018-01-21,2018-01-21 17:00:00,17,core,190,1
000001087,2018-01-21,2018-01-21 18:00:00,18,core,92,1
000001087,2018-01-21,2018-01-21 19:00:00,19,core,256,1
000001087,2018-01-21,2018-01-21 20:00:00,20,core,4,1
000001087,2018-01-21,2018-01-21 22:00:00,22,core,113,1
000001087,2018-01-21,2018-01-21 23:00:00,23,core,219,1
000001087,2018-01-21,2018-01-21 23:00:00,23,near,98,1
000001087,2018-01-22,2018-01-22 07:00:00,7,core,122,1
000001087,2018-01-22,2018-01-22 08:00:00,8,core,117,1
000001087,2018-01-22,2018-01-22 10:00:00,10,core,19,1
000001087,2018-01-22,2018-01-22 12:00:00,12,core,30,1
000001087,2018-01-22,2018-01-22 17:00:00,17,core,322,1
000001087,2018-01-22,2018-01-22 19:00:00,19,core,116,1
000001087,2018-01-22,2018-01-22 19:00:00,19,near,6,1
000001087,2018-01-22,2018-01-22 20:00:00,20,core,116,1
000001087,2018-01-22,2018-01-22 23:00:00,23,core,47,1
000001087,2018-01-22,2018-01-22 23:00:00,23,near,26,1
000001087,2018-01-23,2018-01-23 00:00:00,0,core,51,1
000001087,2018-01-23,2018-01-23 00:00:00,0,near,10,1
000001087,2018-01-23,2018-01-23 02:00:00,2,core,38,1
000001087,2018-01-23,2018-01-23 03:00:00,3,core,113,1
000001087,2018-01-23,2018-01-23 03:00:00,3,near,49,1
000001087,2018-01-23,2018-01-23 09:00:00,9,core,65,1
000001087,2018-01-23,2018-01-23 10:00:00,10,core,83,1
000001087,2018-01-23,2018-01-23 11:00:00,11,core,82,1
000001087,2018-01-23,2018-01-23 11:00:00,11,near,1,0
000001087,2018-01-23,2018-01-23 14:00:00,14,core,258,1
000001087,2018-01-23,2018-01-23 18:00:00,18,core,39,1
000001087,2018-01-23,2018-01-23 18:00:00,18,near,11,1
000001087,2018-01-23,2018-01-23 19:00:00,19,core,113,1
000001087,2018-01-23,2018-01-23 19:00:00,19,near,31,1
000001087,2018-01-23,2018-01-23 20:00:00,20,core,55,1
000001087,2018-01-23,2018-01-23 23:00:00,23,core,162,1
000001087,2018-01-24,2018-01-24 00:00:00,0,core,15,1
000001087,2018-01-24,2018-01-24 11:00:00,11,core,80,1
000001087,2018-01-24,2018-01-24 11:00:00,11,near,62,1
000001087,2018-01-24,2018-01-24 12:00:00,12,core,91,1
000001087,2018-01-24,2018-01-24 12:00:00,12,near,4,1
000001087,2018-01-24,2018-01-24 14:00:00,14,core,173,1
000001087,2018-01-24,2018-01-24 15:00:00,15,core,92,1
000001087,2018-01-24,2018-01-24 15:00:00,15,near,96,1
000001087,2018-01-24,2018-01-24 19:00:00,19,core,123,1
000001087,2018-01-24,2018-01-24 19:00:00,19,near,114,1
000001087,2018-01-24,2018-01-24 20:00:00,20,core,78,1
000001087,2018-01-24,2018-01-24 21:00:00,21,core,155,1
000001087,2018-01-24,2018-01-24 22:00:00,22,core,173,1
000001087,2018-01-24,2018-01-24 22:00:00,22,near,75,1
000001087,2018-01-24,2018-01-24 23:00:00,23,core,89,1
000001087,2018-01-24,2018-01-24 23:00:00,23,near,113,1
000001098,2018-01-01,2018-01-01 07:00:00,7,near,37,1
000001098,2018-01-01,2018-01-01 10:00:00,10,near,30,1
000001098,2018-01-01,2018-01-01 11:00:00,11,core,83,1
000001098,2018-01-01,2018-01-01 11:00:00,11,near,20,1
000001098,2018-01-01,2018-01-01 14:00:00,14,core,129,1
000001098,2018-01-01,2018-01-01 14:00:00,14,near,4,1
000001098,2018-01-01,2018-01-01 15:00:00,15,core,1,0
000001098,2018-01-01,2018-01-01 15:00:00,15,near,77,1
000001098,2018-01-01,2018-01-01 18:00:00,18,near,15,1
000001098,2018-01-01,2018-01-01 19:00:00,19,near,54,1
000001098,2018-01-01,2018-01-01 22:00:00,22,core,72,1
000001098,2018-01-01,2018-01-01 22:00:00,22,near,131,1
000001098,2018-01-01,2018-01-01 23:00:00,23,near,54,1
000001098,2018-01-02,2018-01-02 02:00:00,2,near,34,1
000001098,2018-01-02,2018-01-02 03:00:00,3,near,45,1
000001098,2018-01-02,2018-01-02 07:00:00,7,near,172,1
000001098,2018-01-02,2018-01-02 08:00:00,8,near,21,1
000001098,2018-01-02,2018-01-02 10:00:00,10,core,48,1
000001098,2018-01-02,2018-01-02 10:00:00,10,near,127,1
000001098,2018-01-02,2018-01-02 11:00:00,11,near,76,1
000001098,2018-01-02,2018-01-02 18:00:00,18,core,189,1
000001098,2018-01-02,2018-01-02 18:00:00,18,near,117,1
000001098,2018-01-02,2018-01-02 19:00:00,19,near,65,1
000001098,2018-01-02,2018-01-02 21:00:00,21,core,49,1
000001098,2018-01-02,2018-01-02 21:00:00,21,near,91,1
000001098,2018-01-02,2018-01-02 22:00:00,22,core,255,1
000001098,2018-01-02,2018-01-02 23:00:00,23,core,28,1
000001098,2018-01-03,2018-01-03 01:00:00,1,core,192,1
000001098,2018-01-03,2018-01-03 02:00:00,2,core,85,1
000001098,2018-01-03,2018-01-03 05:00:00,5,core,83,1
000001098,2018-01-03,2018-01-03 06:00:00,6,core,183,1
000001098,2018-01-03,2018-01-03 06:00:00,6,near,91,1
000001098,2018-01-03,2018-01-03 09:00:00,9,core,148,1
000001098,2018-01-03,2018-01-03 09:00:00,9,near,83,1
000001098,2018-01-03,2018-01-03 10:00:00,10,core,135,1
000001098,2018-01-03,2018-01-03 10:00:00,10,near,74,1
000001098,2018-01-03,2018-01-03 14:00:00,14,core,12,1
000001098,2018-01-03,2018-01-03 14:00:00,14,near,74,1
000001098,2018-01-03,2018-01-03 15:00:00,15,core,14,1
000001098,2018-01-03,2018-01-03 15:00:00,15,near,87,1
000001098,2018-01-03,2018-01-03 19:00:00,19,near,110,1
000001098,2018-01-03,2018-01-03 20:00:00,20,near,59,1
000001098,2018-01-03,2018-01-03 21:00:00,21,near,68,1
000001098,2018-01-03,2018-01-03 22:00:00,22,core,209,1
000001098,2018-01-03,2018-01-03 22:00:00,22,near,60,1
000001098,2018-01-04,2018-01-04 00:00:00,0,near,33,1
000001098,2018-01-04,2018-01-04 11:00:00,11,core,13,1
000001098,2018-01-04,2018-01-04 11:00:00,11,near,40,1
000001098,2018-01-04,2018-01-04 12:00:00,12,core,37,1
000001098,2018-01-04,2018-01-04 13:00:00,13,core,82,1
000001098,2018-01-04,2018-01-04 13:00:00,13,near,9,1
000001098,2018-01-04,2018-01-04 15:00:00,15,core,21,1
000001098,2018-01-04,2018-01-04 15:00:00,15,near,9,1
000001098,2018-01-04,2018-01-04 16:00:00,16,core,19,1
000001098,2018-01-04,2018-01-04 16:00:00,16,near,78,1
000001098,2018-01-04,2018-01-04 19:00:00,19,near,73,1
000001098,2018-01-05,2018-01-05 02:00:00,2,core,63,1
000001098,2018-01-05,2018-01-05 02:00:00,2,near,78,1
000001098,2018-01-05,2018-01-05 03:00:00,3,core,56,1
000001098,2018-01-05,2018-01-05 03:00:00,3,near,80,1
000001098,2018-01-05,2018-01-05 10:00:00,10,near,142,1
000001098,2018-01-05,2018-01-05 11:00:00,11,near,10,1
000001098,2018-01-05,2018-01-05 18:00:00,18,near,183,1
000001098,2018-01-05,2018-01-05 23:00:00,23,near,194,1
000001098,2018-01-06,2018-01-06 02:00:00,2,core,110,1
000001098,2018-01-06,2018-01-06 02:00:00,2,near,196,1
000001098,2018-01-06,2018-01-06 03:00:00,3,near,116,1
000001098,2018-01-06,2018-01-06 07:00:00,7,near,98,1
000001098,2018-01-06,2018-01-06 08:00:00,8,near,107,1
000001098,2018-01-06,2018-01-06 09:00:00,9,near,33,1
000001098,2018-01-06,2018-01-06 10:00:00,10,core,224,1
000001098,2018-01-06,2018-01-06 10:00:00,10,near,41,1
000001098,2018-01-06,2018-01-06 11:00:00,11,core,15,1
000001098,2018-01-06,2018-01-06 11:00:00,11,near,81,1
000001098,2018-01-06,2018-01-06 21:00:00,21,core,77,1
000001098,2018-01-06,2018-01-06 21:00:00,21,near,78,1
000001098,2018-01-06,2018-01-06 22:00:00,22,core,44,1
000001098,2018-01-06,2018-01-06 22:00:00,22,near,76,1
000001098,2018-01-07,2018-01-07 03:00:00,3,core,29,1
000001098,2018-01-07,2018-01-07 03:00:00,3,near,102,1
000001098,2018-01-07,2018-01-07 04:00:00,4,near,12,1
000001098,2018-01-07,2018-01-07 09:00:00,9,core,75,1
000001098,2018-01-07,2018-01-07 09:00:00,9,near,38,1
000001098,2018-01-07,2018-01-07 10:00:00,10,core,33,1
000001098,2018-01-07,2018-01-07 10:00:00,10,near,73,1
000001098,2018-01-07,2018-01-07 11:00:00,11,near,30,1
000001098,2018-01-07,2018-01-07 12:00:00,12,near,83,1
000001098,2018-01-07,2018-01-07 15:00:00,15,near,22,1
000001098,2018-01-07,2018-01-07 16:00:00,16,core,35,1
000001098,2018-01-07,2018-01-07 16:00:00,16,near,88,1
000001098,2018-01-07,2018-01-07 17:00:00,17,core,81,1
000001098,2018-01-07,2018-01-07 17:00:00,17,near,33,1
000001098,2018-01-07,2018-01-07 21:00:00,21,core,53,1
000001098,2018-01-07,2018-01-07 21:00:00,21,near,32,1
000001098,2018-01-07,2018-01-07 22:00:00,22,core,68,1
000001098,2018-01-07,2018-01-07 22:00:00,22,near,57,1
000001098,2018-01-08,2018-01-08 02:00:00,2,core,34,1
000001098,2018-01-08,2018-01-08 02:00:00,2,near,55,1
000001098,2018-01-08,2018-01-08 03:00:00,3,core,41,1
000001098,2018-01-08,2018-01-08 03:00:00,3,near,63,1
000001098,2018-01-08,2018-01-08 10:00:00,10,near,28,1
000001098,2018-01-08,2018-01-08 11:00:00,11,core,55,1
000001098,2018-01-08,2018-01-08 11:00:00,11,near,67,1
000001098,2018-01-09,2018-01-09 15:00:00,15,near,50,1
000001098,2018-01-09,2018-01-09 16:00:00,16,near,43,1
000001098,2018-01-09,2018-01-09 18:00:00,18,near,151,1
000001098,2018-01-09,2018-01-09 19:00:00,19,core,15,1
000001098,2018-01-09,2018-01-09 19:00:00,19,near,45,1
000001098,2018-01-09,2018-01-09 20:00:00,20,core,26,1
000001098,2018-01-09,2018-01-09 20:00:00,20,near,50,1
000001098,2018-01-09,2018-01-09 23:00:00,23,near,55,1
000001098,2018-01-10,2018-01-10 03:00:00,3,near,16,1
000001098,2018-01-10,2018-01-10 04:00:00,4,core,4,1
000001098,2018-01-10,2018-01-10 04:00:00,4,near,4,1
000001098,2018-01-10,2018-01-10 06:00:00,6,near,2,0
000001098,2018-01-10,2018-01-10 07:00:00,7,near,2,0
000001098,2018-01-10,2018-01-10 19:00:00,19,core,30,1
000001098,2018-01-10,2018-01-10 19:00:00,19,near,71,1
000001098,2018-01-10,2018-01-10 20:00:00,20,near,11,1
000001098,2018-01-11,2018-01-11 10:00:00,10,core,4,1
000001098,2018-01-11,2018-01-11 10:00:00,10,near,3,1
000001098,2018-01-11,2018-01-11 11:00:00,11,core,3,1
000001098,2018-01-11,2018-01-11 11:00:00,11,near,3,1
000001098,2018-01-11,2018-01-11 12:00:00,12,near,2,0
000001098,2018-01-11,2018-01-11 13:00:00,13,near,1,0
000001098,2018-01-11,2018-01-11 14:00:00,14,core,13,1
000001098,2018-01-11,2018-01-11 17:00:00,17,core,85,1
000001098,2018-01-11,2018-01-11 17:00:00,17,near,74,1
000001098,2018-01-11,2018-01-11 22:00:00,22,core,47,1
000001098,2018-01-11,2018-01-11 22:00:00,22,near,88,1
000001098,2018-01-11,2018-01-11 23:00:00,23,core,53,1
000001098,2018-01-11,2018-01-11 23:00:00,23,near,82,1
000001098,2018-01-12,2018-01-12 06:00:00,6,near,24,1
000001098,2018-01-12,2018-01-12 07:00:00,7,near,2,0
000001098,2018-01-12,2018-01-12 12:00:00,12,near,1,0
000001098,2018-01-12,2018-01-12 14:00:00,14,core,4,1
000001098,2018-01-12,2018-01-12 14:00:00,14,near,3,1
000001098,2018-01-12,2018-01-12 15:00:00,15,near,3,1
000001098,2018-01-12,2018-01-12 17:00:00,17,near,1,0
000001098,2018-01-12,2018-01-12 18:00:00,18,core,9,1
000001098,2018-01-12,2018-01-12 18:00:00,18,near,1,0
000001098,2018-01-12,2018-01-12 19:00:00,19,near,2,0
000001098,2018-01-12,2018-01-12 22:00:00,22,core,3,1
000001098,2018-01-12,2018-01-12 22:00:00,22,near,3,1
000001098,2018-01-12,2018-01-12 23:00:00,23,core,5,1
000001098,2018-01-13,2018-01-13 01:00:00,1,core,5,1
000001098,2018-01-13,2018-01-13 02:00:00,2,core,2,0
000001098,2018-01-13,2018-01-13 02:00:00,2,near,4,1
000001098,2018-01-13,2018-01-13 04:00:00,4,core,2,0
000001098,2018-01-13,2018-01-13 04:00:00,4,near,2,0
000001098,2018-01-13,2018-01-13 05:00:00,5,core,3,1
000001098,2018-01-13,2018-01-13 05:00:00,5,near,1,0
000001098,2018-01-13,2018-01-13 05:00:00,5,outer,4,1
000001098,2018-01-13,2018-01-13 06:00:00,6,outer,19,1
000001098,2018-01-13,2018-01-13 07:00:00,7,outer,10,1
000001098,2018-01-13,2018-01-13 08:00:00,8,outer,1,0
000001098,2018-01-13,2018-01-13 09:00:00,9,outer,1,0
000001098,2018-01-13,2018-01-13 10:00:00,10,outer,8,1
000001098,2018-01-13,2018-01-13 11:00:00,11,outer,11,1
000001098,2018-01-13,2018-01-13 12:00:00,12,outer,17,1
000001098,2018-01-13,2018-01-13 13:00:00,13,outer,3,1
000001098,2018-01-13,2018-01-13 14:00:00,14,outer,4,1
000001098,2018-01-13,2018-01-13 15:00:00,15,near,7,1
000001098,2018-01-13,2018-01-13 15:00:00,15,outer,1,0
000001098,2018-01-13,2018-01-13 17:00:00,17,core,7,1
000001098,2018-01-13,2018-01-13 17:00:00,17,near,5,1
000001098,2018-01-13,2018-01-13 18:00:00,18,near,2,0
000001098,2018-01-13,2018-01-13 19:00:00,19,near,7,1
000001098,2018-01-14,2018-01-14 07:00:00,7,near,6,1
000001098,2018-01-14,2018-01-14 09:00:00,9,near,5,1
000001098,2018-01-14,2018-01-14 11:00:00,11,core,5,1
000001098,2018-01-14,2018-01-14 13:00:00,13,core,2,0
000001098,2018-01-15,2018-01-15 09:00:00,9,core,1,0
000001098,2018-01-15,2018-01-15 09:00:00,9,near,4,1
000001098,2018-01-15,2018-01-15 10:00:00,10,core,9,1
000001098,2018-01-15,2018-01-15 10:00:00,10,near,4,1
000001098,2018-01-15,2018-01-15 14:00:00,14,near,2,0
000001098,2018-01-15,2018-01-15 18:00:00,18,near,2,0
000001098,2018-01-15,2018-01-15 19:00:00,19,core,9,1
000001098,2018-01-15,2018-01-15 19:00:00,19,near,2,0
000001098,2018-01-15,2018-01-15 20:00:00,20,core,1,0
000001098,2018-01-15,2018-01-15 20:00:00,20,near,2,0
000001098,2018-01-15,2018-01-15 21:00:00,21,near,2,0
000001098,2018-01-15,2018-01-15 22:00:00,22,core,5,1
000001098,2018-01-15,2018-01-15 22:00:00,22,near,2,0
000001098,2018-01-16,2018-01-16 02:00:00,2,near,1,0
000001098,2018-01-16,2018-01-16 03:00:00,3,near,1,0
000001098,2018-01-16,2018-01-16 09:00:00,9,core,2,0
000001098,2018-01-16,2018-01-16 09:00:00,9,near,4,1
000001098,2018-01-16,2018-01-16 10:00:00,10,near,4,1
000001098,2018-01-16,2018-01-16 11:00:00,11,core,3,1
000001098,2018-01-16,2018-01-16 11:00:00,11,near,7,1
000001098,2018-01-16,2018-01-16 14:00:00,14,core,9,1
000001098,2018-01-16,2018-01-16 14:00:00,14,near,3,1
000001098,2018-01-16,2018-01-16 15:00:00,15,core,7,1
000001098,2018-01-16,2018-01-16 15:00:00,15,near,1,0
000001098,2018-01-16,2018-01-16 16:00:00,16,near,1,0
000001098,2018-01-16,2018-01-16 17:00:00,17,core,1,0
000001098,2018-01-16,2018-01-16 17:00:00,17,near,4,1
000001098,2018-01-16,2018-01-16 18:00:00,18,core,6,1
000001098,2018-01-16,2018-01-16 18:00:00,18,near,2,0
000001098,2018-01-16,2018-01-16 19:00:00,19,near,5,1
000001098,2018-01-17,2018-01-17 06:00:00,6,near,3,1
000001098,2018-01-17,2018-01-17 07:00:00,7,core,2,0
000001098,2018-01-17,2018-01-17 07:00:00,7,near,4,1
000001098,2018-01-17,2018-01-17 10:00:00,10,core,2,0
000001098,2018-01-17,2018-01-17 10:00:00,10,near,4,1
000001098,2018-01-17,2018-01-17 11:00:00,11,core,1,0
000001098,2018-01-17,2018-01-17 11:00:00,11,near,1,0
000001098,2018-01-17,2018-01-17 15:00:00,15,near,4,1
000001098,2018-01-17,2018-01-17 16:00:00,16,near,2,0
000001098,2018-01-17,2018-01-17 17:00:00,17,core,1,0
000001098,2018-01-17,2018-01-17 18:00:00,18,core,5,1
000001098,2018-01-17,2018-01-17 18:00:00,18,near,1,0
000001098,2018-01-17,2018-01-17 23:00:00,23,near,2,0
000001098,2018-01-18,2018-01-18 00:00:00,0,near,1,0
000001098,2018-01-18,2018-01-18 05:00:00,5,near,2,0
000001098,2018-01-18,2018-01-18 06:00:00,6,core,3,1
000001098,2018-01-18,2018-01-18 06:00:00,6,near,2,0
000001098,2018-01-18,2018-01-18 08:00:00,8,core,8,1
000001098,2018-01-18,2018-01-18 08:00:00,8,near,3,1
000001098,2018-01-18,2018-01-18 09:00:00,9,near,1,0
000001098,2018-01-18,2018-01-18 11:00:00,11,near,7,1
000001098,2018-01-18,2018-01-18 12:00:00,12,core,2,0
000001098,2018-01-18,2018-01-18 12:00:00,12,near,1,0
000001098,2018-01-18,2018-01-18 14:00:00,14,core,3,1
000001098,2018-01-18,2018-01-18 14:00:00,14,near,4,1
000001098,2018-01-18,2018-01-18 15:00:00,15,near,1,0
000001098,2018-01-18,2018-01-18 19:00:00,19,core,33,1
000001098,2018-01-18,2018-01-18 19:00:00,19,near,36,1
000001098,2018-01-18,2018-01-18 22:00:00,22,near,3,1
000001098,2018-01-18,2018-01-18 23:00:00,23,near,3,1
000001098,2018-01-19,2018-01-19 00:00:00,0,near,3,1
000001098,2018-01-19,2018-01-19 06:00:00,6,near,5,1
000001098,2018-01-19,2018-01-19 07:00:00,7,core,1,0
000001098,2018-01-19,2018-01-19 07:00:00,7,near,2,0
000001098,2018-01-19,2018-01-19 10:00:00,10,near,75,1
000001098,2018-01-19,2018-01-19 11:00:00,11,near,92,1
000001098,2018-01-19,2018-01-19 13:00:00,13,core,63,1
000001098,2018-01-19,2018-01-19 13:00:00,13,near,54,1
000001098,2018-01-19,2018-01-19 14:00:00,14,core,192,1
000001098,2018-01-19,2018-01-19 14:00:00,14,near,54,1
000001098,2018-01-19,2018-01-19 17:00:00,17,core,62,1
000001098,2018-01-19,2018-01-19 17:00:00,17,near,226,1
000001098,2018-01-20,2018-01-20 01:00:00,1,near,28,1
000001098,2018-01-20,2018-01-20 02:00:00,2,core,124,1
000001098,2018-01-20,2018-01-20 02:00:00,2,near,17,1
000001098,2018-01-20,2018-01-20 03:00:00,3,core,18,1
000001098,2018-01-20,2018-01-20 03:00:00,3,near,69,1
000001098,2018-01-20,2018-01-20 09:00:00,9,near,26,1
000001098,2018-01-20,2018-01-20 10:00:00,10,core,93,1
000001098,2018-01-20,2018-01-20 10:00:00,10,near,23,1
000001098,2018-01-20,2018-01-20 11:00:00,11,core,41,1
000001098,2018-01-20,2018-01-20 11:00:00,11,near,46,1
000001098,2018-01-20,2018-01-20 14:00:00,14,near,76,1
000001098,2018-01-20,2018-01-20 15:00:00,15,core,8,1
000001098,2018-01-20,2018-01-20 15:00:00,15,near,71,1
000001098,2018-01-20,2018-01-20 16:00:00,16,core,81,1
000001098,2018-01-20,2018-01-20 16:00:00,16,near,38,1
000001098,2018-01-20,2018-01-20 18:00:00,18,core,73,1
000001098,2018-01-20,2018-01-20 18:00:00,18,near,38,1
000001098,2018-01-20,2018-01-20 19:00:00,19,core,45,1
000001098,2018-01-20,2018-01-20 21:00:00,21,core,151,1
000001098,2018-01-20,2018-01-20 22:00:00,22,core,22,1
000001098,2018-01-20,2018-01-20 22:00:00,22,near,58,1
000001098,2018-01-21,2018-01-21 02:00:00,2,near,14,1
000001098,2018-01-21,2018-01-21 03:00:00,3,near,12,1
000001098,2018-01-21,2018-01-21 13:00:00,13,core,16,1
000001098,2018-01-21,2018-01-21 13:00:00,13,near,60,1
000001098,2018-01-21,2018-01-21 14:00:00,14,core,23,1
000001098,2018-01-21,2018-01-21 14:00:00,14,near,57,1
000001098,2018-01-21,2018-01-21 15:00:00,15,near,34,1
000001098,2018-01-21,2018-01-21 16:00:00,16,core,10,1
000001098,2018-01-21,2018-01-21 16:00:00,16,near,87,1
000001098,2018-01-21,2018-01-21 17:00:00,17,near,71,1
000001098,2018-01-21,2018-01-21 18:00:00,18,core,9,1
000001098,2018-01-21,2018-01-21 18:00:00,18,near,87,1
000001098,2018-01-21,2018-01-21 19:00:00,19,core,137,1
000001098,2018-01-21,2018-01-21 19:00:00,19,near,81,1
000001098,2018-01-21,2018-01-21 22:00:00,22,core,47,1
000001098,2018-01-21,2018-01-21 22:00:00,22,near,87,1
000001098,2018-01-21,2018-01-21 23:00:00,23,core,247,1
000001098,2018-01-21,2018-01-21 23:00:00,23,near,109,1
000001098,2018-01-21,2018-01-21 23:00:00,23,outer,1,0
000001098,2018-01-22,2018-01-22 06:00:00,6,near,77,1
000001098,2018-01-22,2018-01-22 07:00:00,7,near,123,1
000001098,2018-01-22,2018-01-22 08:00:00,8,near,45,1
000001098,2018-01-22,2018-01-22 09:00:00,9,core,58,1
000001098,2018-01-22,2018-01-22 09:00:00,9,near,71,1
000001098,2018-01-22,2018-01-22 10:00:00,10,core,26,1
000001098,2018-01-22,2018-01-22 10:00:00,10,near,104,1
000001098,2018-01-22,2018-01-22 12:00:00,12,near,13,1
000001098,2018-01-22,2018-01-22 19:00:00,19,core,50,1
000001098,2018-01-22,2018-01-22 19:00:00,19,near,114,1
000001098,2018-01-22,2018-01-22 20:00:00,20,near,22,1
000001098,2018-01-22,2018-01-22 22:00:00,22,near,19,1
000001098,2018-01-22,2018-01-22 23:00:00,23,near,21,1
000001098,2018-01-23,2018-01-23 14:00:00,14,core,48,1
000001098,2018-01-23,2018-01-23 14:00:00,14,near,147,1
000001098,2018-01-23,2018-01-23 15:00:00,15,core,48,1
000001098,2018-01-23,2018-01-23 15:00:00,15,near,28,1
000001098,2018-01-23,2018-01-23 17:00:00,17,core,14,1
000001098,2018-01-23,2018-01-23 18:00:00,18,core,66,1
000001098,2018-01-23,2018-01-23 18:00:00,18,near,42,1
000001098,2018-01-23,2018-01-23 19:00:00,19,near,12,1
000001098,2018-01-23,2018-01-23 20:00:00,20,near,20,1
000001098,2018-01-24,2018-01-24 02:00:00,2,core,3,1
000001098,2018-01-24,2018-01-24 02:00:00,2,near,54,1
000001098,2018-01-24,2018-01-24 03:00:00,3,core,38,1
000001098,2018-01-24,2018-01-24 04:00:00,4,core,49,1
000001098,2018-01-24,2018-01-24 04:00:00,4,near,49,1
000001098,2018-01-24,2018-01-24 10:00:00,10,core,62,1
000001098,2018-01-24,2018-01-24 10:00:00,10,near,49,1
000001098,2018-01-24,2018-01-24 11:00:00,11,core,57,1
000001098,2018-01-24,2018-01-24 11:00:00,11,near,50,1
000001098,2018-01-24,2018-01-24 12:00:00,12,near,9,1
000001098,2018-01-24,2018-01-24 13:00:00,13,core,25,1
000001098,2018-01-24,2018-01-24 13:00:00,13,near,79,1
000001098,2018-01-24,2018-01-24 14:00:00,14,core,169,1
000001098,2018-01-24,2018-01-24 14:00:00,14,near,2,0
000001098,2018-01-24,2018-01-24 15:00:00,15,core,84,1
000001098,2018-01-24,2018-01-24 16:00:00,16,core,75,1
000001098,2018-01-24,2018-01-24 16:00:00,16,near,51,1
000001098,2018-01-24,2018-01-24 22:00:00,22,near,87,1
000001098,2018-01-24,2018-01-24 23:00:00,23,near,101,1
000001101,2018-01-01,2018-01-01 06:00:00,6,near,212,1
000001101,2018-01-01,2018-01-01 07:00:00,7,near,4,1
000001101,2018-01-01,2018-01-01 19:00:00,19,core,34,1
000001101,2018-01-01,2018-01-01 19:00:00,19,near,75,1
000001101,2018-01-01,2018-01-01 20:00:00,20,core,42,1
000001101,2018-01-01,2018-01-01 22:00:00,22,core,111,1
000001101,2018-01-01,2018-01-01 22:00:00,22,near,47,1
000001101,2018-01-01,2018-01-01 23:00:00,23,near,58,1
000001101,2018-01-02,2018-01-02 02:00:00,2,near,33,1
000001101,2018-01-02,2018-01-02 03:00:00,3,near,31,1
000001101,2018-01-02,2018-01-02 07:00:00,7,near,153,1
000001101,2018-01-02,2018-01-02 08:00:00,8,near,8,1
000001101,2018-01-02,2018-01-02 11:00:00,11,near,71,1
000001101,2018-01-02,2018-01-02 18:00:00,18,core,211,1
000001101,2018-01-02,2018-01-02 18:00:00,18,near,161,1
000001101,2018-01-02,2018-01-02 19:00:00,19,near,54,1
000001101,2018-01-02,2018-01-02 21:00:00,21,core,68,1
000001101,2018-01-02,2018-01-02 21:00:00,21,near,114,1
000001101,2018-01-02,2018-01-02 22:00:00,22,core,300,1
000001101,2018-01-02,2018-01-02 23:00:00,23,core,40,1
000001101,2018-01-03,2018-01-03 01:00:00,1,core,184,1
000001101,2018-01-03,2018-01-03 02:00:00,2,core,78,1
000001101,2018-01-03,2018-01-03 05:00:00,5,core,77,1
000001101,2018-01-03,2018-01-03 06:00:00,6,core,80,1
000001101,2018-01-03,2018-01-03 06:00:00,6,near,92,1
000001101,2018-01-03,2018-01-03 09:00:00,9,core,218,1
000001101,2018-01-03,2018-01-03 09:00:00,9,near,119,1
000001101,2018-01-03,2018-01-03 10:00:00,10,core,175,1
000001101,2018-01-03,2018-01-03 10:00:00,10,near,87,1
000001101,2018-01-03,2018-01-03 14:00:00,14,core,39,1
000001101,2018-01-03,2018-01-03 14:00:00,14,near,100,1
000001101,2018-01-03,2018-01-03 15:00:00,15,core,47,1
000001101,2018-01-03,2018-01-03 15:00:00,15,near,85,1
000001101,2018-01-03,2018-01-03 19:00:00,19,near,99,1
000001101,2018-01-03,2018-01-03 19:00:00,19,outer,1,0
000001101,2018-01-03,2018-01-03 20:00:00,20,near,76,1
000001101,2018-01-03,2018-01-03 21:00:00,21,near,55,1
000001101,2018-01-03,2018-01-03 22:00:00,22,core,183,1
000001101,2018-01-03,2018-01-03 22:00:00,22,near,65,1
000001101,2018-01-04,2018-01-04 00:00:00,0,near,44,1
000001101,2018-01-04,2018-01-04 11:00:00,11,core,6,1
000001101,2018-01-04,2018-01-04 11:00:00,11,near,44,1
000001101,2018-01-04,2018-01-04 12:00:00,12,core,33,1
000001101,2018-01-04,2018-01-04 13:00:00,13,core,47,1
000001101,2018-01-04,2018-01-04 13:00:00,13,near,10,1
000001101,2018-01-04,2018-01-04 14:00:00,14,near,55,1
000001101,2018-01-04,2018-01-04 15:00:00,15,core,22,1
000001101,2018-01-04,2018-01-04 15:00:00,15,near,73,1
000001101,2018-01-04,2018-01-04 16:00:00,16,core,22,1
000001101,2018-01-04,2018-01-04 16:00:00,16,near,79,1
000001101,2018-01-04,2018-01-04 19:00:00,19,near,63,1
000001101,2018-01-05,2018-01-05 02:00:00,2,core,58,1
000001101,2018-01-05,2018-01-05 02:00:00,2,near,78,1
000001101,2018-01-05,2018-01-05 03:00:00,3,core,58,1
000001101,2018-01-05,2018-01-05 03:00:00,3,near,81,1
000001101,2018-01-05,2018-01-05 08:00:00,8,near,75,1
000001101,2018-01-05,2018-01-05 09:00:00,9,core,92,1
000001101,2018-01-05,2018-01-05 09:00:00,9,near,21,1
000001101,2018-01-05,2018-01-05 10:00:00,10,core,96,1
000001101,2018-01-05,2018-01-05 10:00:00,10,near,90,1
000001101,2018-01-05,2018-01-05 11:00:00,11,near,31,1
000001101,2018-01-05,2018-01-05 13:00:00,13,core,201,1
000001101,2018-01-05,2018-01-05 13:00:00,13,near,96,1
000001101,2018-01-05,2018-01-05 14:00:00,14,core,34,1
000001101,2018-01-05,2018-01-05 14:00:00,14,near,83,1
000001101,2018-01-05,2018-01-05 18:00:00,18,near,265,1
000001101,2018-01-05,2018-01-05 23:00:00,23,near,197,1
000001101,2018-01-06,2018-01-06 02:00:00,2,core,126,1
000001101,2018-01-06,2018-01-06 02:00:00,2,near,201,1
000001101,2018-01-06,2018-01-06 03:00:00,3,near,108,1
000001101,2018-01-06,2018-01-06 07:00:00,7,core,109,1
000001101,2018-01-06,2018-01-06 07:00:00,7,near,106,1
000001101,2018-01-06,2018-01-06 08:00:00,8,core,61,1
000001101,2018-01-06,2018-01-06 08:00:00,8,near,75,1
000001101,2018-01-06,2018-01-06 09:00:00,9,near,51,1
000001101,2018-01-06,2018-01-06 10:00:00,10,core,344,1
000001101,2018-01-06,2018-01-06 10:00:00,10,near,40,1
000001101,2018-01-06,2018-01-06 11:00:00,11,core,19,1
000001101,2018-01-06,2018-01-06 11:00:00,11,near,87,1
000001101,2018-01-06,2018-01-06 21:00:00,21,core,144,1
000001101,2018-01-06,2018-01-06 21:00:00,21,near,137,1
000001101,2018-01-06,2018-01-06 22:00:00,22,core,80,1
000001101,2018-01-06,2018-01-06 22:00:00,22,near,115,1
000001101,2018-01-07,2018-01-07 03:00:00,3,core,68,1
000001101,2018-01-07,2018-01-07 03:00:00,3,near,98,1
000001101,2018-01-07,2018-01-07 04:00:00,4,near,25,1
000001101,2018-01-07,2018-01-07 09:00:00,9,core,92,1
000001101,2018-01-07,2018-01-07 09:00:00,9,near,49,1
000001101,2018-01-07,2018-01-07 10:00:00,10,core,32,1
000001101,2018-01-07,2018-01-07 10:00:00,10,near,82,1
000001101,2018-01-07,2018-01-07 11:00:00,11,near,52,1
000001101,2018-01-07,2018-01-07 12:00:00,12,near,109,1
000001101,2018-01-07,2018-01-07 18:00:00,18,near,31,1
000001101,2018-01-07,2018-01-07 19:00:00,19,near,29,1
000001101,2018-01-07,2018-01-07 21:00:00,21,core,56,1
000001101,2018-01-07,2018-01-07 21:00:00,21,near,31,1
000001101,2018-01-07,2018-01-07 22:00:00,22,core,62,1
000001101,2018-01-07,2018-01-07 22:00:00,22,near,52,1
000001101,2018-01-08,2018-01-08 02:00:00,2,core,38,1
000001101,2018-01-08,2018-01-08 02:00:00,2,near,47,1
000001101,2018-01-08,2018-01-08 03:00:00,3,core,38,1
000001101,2018-01-08,2018-01-08 03:00:00,3,near,76,1
000001101,2018-01-08,2018-01-08 07:00:00,7,near,30,1
000001101,2018-01-08,2018-01-08 08:00:00,8,near,69,1
000001101,2018-01-08,2018-01-08 10:00:00,10,near,39,1
000001101,2018-01-08,2018-01-08 11:00:00,11,core,86,1
000001101,2018-01-08,2018-01-08 11:00:00,11,near,15,1
000001101,2018-01-08,2018-01-08 11:00:00,11,outer,1,0
000001101,2018-01-08,2018-01-08 14:00:00,14,core,26,1
000001101,2018-01-08,2018-01-08 15:00:00,15,core,239,1
000001101,2018-01-08,2018-01-08 15:00:00,15,near,82,1
000001101,2018-01-08,2018-01-08 19:00:00,19,near,69,1
000001101,2018-01-08,2018-01-08 20:00:00,20,near,305,1
000001101,2018-01-08,2018-01-08 21:00:00,21,near,35,1
000001101,2018-01-08,2018-01-08 21:00:00,21,outer,1,0
000001101,2018-01-09,2018-01-09 00:00:00,0,near,57,1
000001101,2018-01-09,2018-01-09 01:00:00,1,near,2,0
000001101,2018-01-09,2018-01-09 03:00:00,3,core,2,0
000001101,2018-01-09,2018-01-09 03:00:00,3,near,66,1
000001101,2018-01-09,2018-01-09 04:00:00,4,core,100,1
000001101,2018-01-09,2018-01-09 05:00:00,5,core,1,0
000001101,2018-01-09,2018-01-09 05:00:00,5,near,3,1
000001101,2018-01-09,2018-01-09 06:00:00,6,core,1,0
000001101,2018-01-09,2018-01-09 06:00:00,6,near,1,0
000001101,2018-01-09,2018-01-09 09:00:00,9,core,105,1
000001101,2018-01-09,2018-01-09 09:00:00,9,near,11,1
000001101,2018-01-09,2018-01-09 13:00:00,13,core,48,1
000001101,2018-01-09,2018-01-09 13:00:00,13,near,62,1
000001101,2018-01-09,2018-01-09 14:00:00,14,near,1,0
000001101,2018-01-09,2018-01-09 18:00:00,18,near,123,1
000001101,2018-01-09,2018-01-09 18:00:00,18,outer,1,0
000001101,2018-01-09,2018-01-09 19:00:00,19,core,8,1
000001101,2018-01-09,2018-01-09 19:00:00,19,near,45,1
000001101,2018-01-09,2018-01-09 20:00:00,20,core,9,1
000001101,2018-01-09,2018-01-09 20:00:00,20,near,35,1
000001101,2018-01-09,2018-01-09 23:00:00,23,near,33,1
000001101,2018-01-10,2018-01-10 03:00:00,3,core,2,0
000001101,2018-01-10,2018-01-10 03:00:00,3,near,12,1
000001101,2018-01-10,2018-01-10 04:00:00,4,core,3,1
000001101,2018-01-10,2018-01-10 04:00:00,4,near,1,0
000001101,2018-01-10,2018-01-10 06:00:00,6,near,2,0
000001101,2018-01-10,2018-01-10 07:00:00,7,near,6,1
000001101,2018-01-10,2018-01-10 08:00:00,8,near,1,0
000001101,2018-01-10,2018-01-10 19:00:00,19,core,45,1
000001101,2018-01-10,2018-01-10 19:00:00,19,near,108,1
000001101,2018-01-10,2018-01-10 20:00:00,20,near,29,1
000001101,2018-01-11,2018-01-11 10:00:00,10,core,7,1
000001101,2018-01-11,2018-01-11 10:00:00,10,near,4,1
000001101,2018-01-11,2018-01-11 11:00:00,11,near,1,0
000001101,2018-01-11,2018-01-11 12:00:00,12,near,2,0
000001101,2018-01-11,2018-01-11 13:00:00,13,near,3,1
000001101,2018-01-11,2018-01-11 14:00:00,14,core,20,1
000001101,2018-01-11,2018-01-11 14:00:00,14,near,52,1
000001101,2018-01-11,2018-01-11 23:00:00,23,near,93,1
000001101,2018-01-12,2018-01-12 00:00:00,0,near,65,1
000001101,2018-01-12,2018-01-12 06:00:00,6,near,69,1
000001101,2018-01-12,2018-01-12 07:00:00,7,near,2,0
000001101,2018-01-12,2018-01-12 11:00:00,11,near,2,0
000001101,2018-01-12,2018-01-12 12:00:00,12,near,4,1
000001101,2018-01-12,2018-01-12 14:00:00,14,core,5,1
000001101,2018-01-12,2018-01-12 14:00:00,14,near,5,1
000001101,2018-01-12,2018-01-12 15:00:00,15,near,3,1
000001101,2018-01-12,2018-01-12 17:00:00,17,near,2,0
000001101,2018-01-12,2018-01-12 18:00:00,18,core,6,1
000001101,2018-01-12,2018-01-12 18:00:00,18,near,4,1
000001101,2018-01-12,2018-01-12 19:00:00,19,near,3,1
000001101,2018-01-12,2018-01-12 22:00:00,22,core,5,1
000001101,2018-01-12,2018-01-12 22:00:00,22,near,3,1
000001101,2018-01-12,2018-01-12 23:00:00,23,core,6,1
000001101,2018-01-13,2018-01-13 01:00:00,1,core,7,1
000001101,2018-01-13,2018-01-13 02:00:00,2,near,4,1
000001101,2018-01-13,2018-01-13 10:00:00,10,near,5,1
000001101,2018-01-13,2018-01-13 11:00:00,11,core,3,1
000001101,2018-01-13,2018-01-13 11:00:00,11,near,6,1
000001101,2018-01-13,2018-01-13 12:00:00,12,near,1,0
000001101,2018-01-13,2018-01-13 15:00:00,15,near,1,0
000001101,2018-01-13,2018-01-13 16:00:00,16,core,1,0
000001101,2018-01-13,2018-01-13 16:00:00,16,near,2,0
000001101,2018-01-13,2018-01-13 17:00:00,17,core,2,0
000001101,2018-01-13,2018-01-13 17:00:00,17,near,2,0
000001101,2018-01-13,2018-01-13 18:00:00,18,core,3,1
000001101,2018-01-13,2018-01-13 18:00:00,18,near,3,1
000001101,2018-01-13,2018-01-13 19:00:00,19,core,2,0
000001101,2018-01-13,2018-01-13 19:00:00,19,near,3,1
000001101,2018-01-14,2018-01-14 01:00:00,1,near,3,1
000001101,2018-01-14,2018-01-14 02:00:00,2,core,5,1
000001101,2018-01-14,2018-01-14 02:00:00,2,near,1,0
000001101,2018-01-14,2018-01-14 07:00:00,7,near,3,1
000001101,2018-01-14,2018-01-14 10:00:00,10,near,1,0
000001101,2018-01-14,2018-01-14 11:00:00,11,core,7,1
000001101,2018-01-14,2018-01-14 11:00:00,11,near,1,0
000001101,2018-01-15,2018-01-15 09:00:00,9,core,3,1
000001101,2018-01-15,2018-01-15 09:00:00,9,near,4,1
000001101,2018-01-15,2018-01-15 10:00:00,10,core,8,1
000001101,2018-01-15,2018-01-15 14:00:00,14,near,1,0
000001101,2018-01-15,2018-01-15 15:00:00,15,near,2,0
000001101,2018-01-15,2018-01-15 18:00:00,18,near,1,0
000001101,2018-01-15,2018-01-15 19:00:00,19,core,13,1
000001101,2018-01-15,2018-01-15 19:00:00,19,near,2,0
000001101,2018-01-15,2018-01-15 20:00:00,20,near,2,0
000001101,2018-01-15,2018-01-15 21:00:00,21,core,1,0
000001101,2018-01-15,2018-01-15 21:00:00,21,near,3,1
000001101,2018-01-15,2018-01-15 22:00:00,22,core,5,1
000001101,2018-01-15,2018-01-15 22:00:00,22,near,4,1
000001101,2018-01-16,2018-01-16 05:00:00,5,near,3,1
000001101,2018-01-16,2018-01-16 06:00:00,6,near,3,1
000001101,2018-01-16,2018-01-16 11:00:00,11,core,1,0
000001101,2018-01-16,2018-01-16 11:00:00,11,near,6,1
000001101,2018-01-16,2018-01-16 14:00:00,14,core,12,1
000001101,2018-01-16,2018-01-16 14:00:00,14,near,5,1
000001101,2018-01-16,2018-01-16 15:00:00,15,core,2,0
000001101,2018-01-16,2018-01-16 15:00:00,15,near,1,0
000001101,2018-01-16,2018-01-16 16:00:00,16,near,1,0
000001101,2018-01-16,2018-01-16 17:00:00,17,core,1,0
000001101,2018-01-16,2018-01-16 17:00:00,17,near,3,1
000001101,2018-01-16,2018-01-16 18:00:00,18,core,6,1
000001101,2018-01-16,2018-01-16 19:00:00,19,near,3,1
000001101,2018-01-17,2018-01-17 06:00:00,6,near,3,1
000001101,2018-01-17,2018-01-17 07:00:00,7,near,2,0
000001101,2018-01-17,2018-01-17 10:00:00,10,core,1,0
000001101,2018-01-17,2018-01-17 10:00:00,10,near,6,1
000001101,2018-01-17,2018-01-17 11:00:00,11,core,1,0
000001101,2018-01-17,2018-01-17 11:00:00,11,near,1,0
000001101,2018-01-17,2018-01-17 14:00:00,14,core,3,1
000001101,2018-01-17,2018-01-17 14:00:00,14,near,1,0
000001101,2018-01-17,2018-01-17 15:00:00,15,near,4,1
000001101,2018-01-17,2018-01-17 17:00:00,17,near,1,0
000001101,2018-01-17,2018-01-17 18:00:00,18,core,1,0
000001101,2018-01-17,2018-01-17 22:00:00,22,near,3,1
000001101,2018-01-17,2018-01-17 23:00:00,23,near,1,0
000001101,2018-01-18,2018-01-18 05:00:00,5,near,2,0
000001101,2018-01-18,2018-01-18 06:00:00,6,core,6,1
000001101,2018-01-18,2018-01-18 06:00:00,6,near,1,0
000001101,2018-01-18,2018-01-18 08:00:00,8,core,4,1
000001101,2018-01-18,2018-01-18 08:00:00,8,near,3,1
000001101,2018-01-18,2018-01-18 09:00:00,9,near,2,0
000001101,2018-01-18,2018-01-18 10:00:00,10,core,6,1
000001101,2018-01-18,2018-01-18 10:00:00,10,near,5,1
000001101,2018-01-18,2018-01-18 12:00:00,12,near,1,0
000001101,2018-01-18,2018-01-18 14:00:00,14,core,9,1
000001101,2018-01-18,2018-01-18 14:00:00,14,near,2,0
000001101,2018-01-18,2018-01-18 15:00:00,15,near,1,0
000001101,2018-01-18,2018-01-18 19:00:00,19,core,34,1
000001101,2018-01-18,2018-01-18 19:00:00,19,near,39,1
000001101,2018-01-18,2018-01-18 22:00:00,22,near,8,1
000001101,2018-01-19,2018-01-19 00:00:00,0,near,2,0
000001101,2018-01-19,2018-01-19 06:00:00,6,near,4,1
000001101,2018-01-19,2018-01-19 07:00:00,7,near,3,1
000001101,2018-01-19,2018-01-19 10:00:00,10,core,220,1
000001101,2018-01-19,2018-01-19 10:00:00,10,near,175,1
000001101,2018-01-19,2018-01-19 11:00:00,11,near,39,1
000001101,2018-01-19,2018-01-19 12:00:00,12,near,172,1
000001101,2018-01-19,2018-01-19 12:00:00,12,outer,225,1
000001101,2018-01-19,2018-01-19 13:00:00,13,outer,392,1
000001101,2018-01-19,2018-01-19 14:00:00,14,outer,301,1
000001101,2018-01-19,2018-01-19 15:00:00,15,outer,145,1
000001101,2018-01-19,2018-01-19 16:00:00,16,outer,155,1
000001101,2018-01-19,2018-01-19 17:00:00,17,outer,386,1
000001101,2018-01-19,2018-01-19 18:00:00,18,outer,328,1
000001101,2018-01-19,2018-01-19 19:00:00,19,core,2,0
000001101,2018-01-19,2018-01-19 19:00:00,19,near,75,1
000001101,2018-01-19,2018-01-19 19:00:00,19,outer,146,1
000001101,2018-01-19,2018-01-19 20:00:00,20,core,93,1
000001101,2018-01-19,2018-01-19 20:00:00,20,near,72,1
000001101,2018-01-20,2018-01-20 09:00:00,9,near,42,1
000001101,2018-01-20,2018-01-20 10:00:00,10,core,99,1
000001101,2018-01-20,2018-01-20 10:00:00,10,near,46,1
000001101,2018-01-20,2018-01-20 11:00:00,11,core,48,1
000001101,2018-01-20,2018-01-20 11:00:00,11,near,46,1
000001101,2018-01-20,2018-01-20 14:00:00,14,near,156,1
000001101,2018-01-20,2018-01-20 15:00:00,15,core,16,1
000001101,2018-01-20,2018-01-20 15:00:00,15,near,120,1
000001101,2018-01-20,2018-01-20 16:00:00,16,core,111,1
000001101,2018-01-20,2018-01-20 16:00:00,16,near,40,1
000001101,2018-01-20,2018-01-20 18:00:00,18,core,112,1
000001101,2018-01-20,2018-01-20 18:00:00,18,near,62,1
000001101,2018-01-20,2018-01-20 19:00:00,19,core,75,1
000001101,2018-01-20,2018-01-20 21:00:00,21,core,228,1
000001101,2018-01-20,2018-01-20 22:00:00,22,core,42,1
000001101,2018-01-20,2018-01-20 22:00:00,22,near,71,1
000001101,2018-01-21,2018-01-21 02:00:00,2,near,13,1
000001101,2018-01-21,2018-01-21 03:00:00,3,near,13,1
000001101,2018-01-21,2018-01-21 13:00:00,13,core,14,1
000001101,2018-01-21,2018-01-21 13:00:00,13,near,57,1
000001101,2018-01-21,2018-01-21 14:00:00,14,core,12,1
000001101,2018-01-21,2018-01-21 14:00:00,14,near,50,1
000001101,2018-01-21,2018-01-21 15:00:00,15,near,32,1
000001101,2018-01-21,2018-01-21 16:00:00,16,core,15,1
000001101,2018-01-21,2018-01-21 16:00:00,16,near,99,1
000001101,2018-01-21,2018-01-21 17:00:00,17,near,71,1
000001101,2018-01-21,2018-01-21 18:00:00,18,core,25,1
000001101,2018-01-21,2018-01-21 18:00:00,18,near,93,1
000001101,2018-01-21,2018-01-21 19:00:00,19,core,186,1
000001101,2018-01-21,2018-01-21 19:00:00,19,near,8,1
000001101,2018-01-21,2018-01-21 20:00:00,20,core,18,1
000001101,2018-01-21,2018-01-21 20:00:00,20,near,80,1
000001101,2018-01-21,2018-01-21 22:00:00,22,core,93,1
000001101,2018-01-21,2018-01-21 22:00:00,22,near,102,1
000001101,2018-01-21,2018-01-21 23:00:00,23,core,228,1
000001101,2018-01-21,2018-01-21 23:00:00,23,near,73,1
000001101,2018-01-21,2018-01-21 23:00:00,23,outer,1,0
000001101,2018-01-22,2018-01-22 02:00:00,2,near,49,1
000001101,2018-01-22,2018-01-22 03:00:00,3,core,84,1
000001101,2018-01-22,2018-01-22 03:00:00,3,near,174,1
000001101,2018-01-22,2018-01-22 06:00:00,6,near,78,1
000001101,2018-01-22,2018-01-22 07:00:00,7,near,195,1
000001101,2018-01-22,2018-01-22 08:00:00,8,near,36,1
000001101,2018-01-22,2018-01-22 12:00:00,12,near,101,1
000001101,2018-01-22,2018-01-22 13:00:00,13,near,102,1
000001101,2018-01-22,2018-01-22 19:00:00,19,core,51,1
000001101,2018-01-22,2018-01-22 19:00:00,19,near,93,1
000001101,2018-01-22,2018-01-22 20:00:00,20,near,28,1
000001101,2018-01-22,2018-01-22 22:00:00,22,near,16,1
000001101,2018-01-22,2018-01-22 23:00:00,23,near,17,1
000001101,2018-01-23,2018-01-23 14:00:00,14,core,55,1
000001101,2018-01-23,2018-01-23 14:00:00,14,near,171,1
000001101,2018-01-23,2018-01-23 15:00:00,15,near,43,1
000001101,2018-01-23,2018-01-23 16:00:00,16,near,59,1
000001101,2018-01-23,2018-01-23 19:00:00,19,near,71,1
000001101,2018-01-23,2018-01-23 20:00:00,20,near,30,1
000001101,2018-01-24,2018-01-24 02:00:00,2,near,92,1
000001101,2018-01-24,2018-01-24 03:00:00,3,core,60,1
000001101,2018-01-24,2018-01-24 03:00:00,3,near,2,0
000001101,2018-01-24,2018-01-24 04:00:00,4,core,39,1
000001101,2018-01-24,2018-01-24 05:00:00,5,near,25,1
000001101,2018-01-24,2018-01-24 10:00:00,10,core,86,1
000001101,2018-01-24,2018-01-24 10:00:00,10,near,64,1
000001101,2018-01-24,2018-01-24 11:00:00,11,core,77,1
000001101,2018-01-24,2018-01-24 14:00:00,14,core,137,1
000001101,2018-01-24,2018-01-24 15:00:00,15,core,136,1
000001101,2018-01-24,2018-01-24 16:00:00,16,core,73,1
000001101,2018-01-24,2018-01-24 16:00:00,16,near,40,1
000001119,2018-01-01,2018-01-01 03:00:00,3,core,36,1
000001119,2018-01-01,2018-01-01 04:00:00,4,core,48,1
000001119,2018-01-01,2018-01-01 06:00:00,6,core,67,1
000001119,2018-01-01,2018-01-01 07:00:00,7,core,108,1
000001119,2018-01-01,2018-01-01 07:00:00,7,near,144,1
000001119,2018-01-01,2018-01-01 08:00:00,8,core,48,1
000001119,2018-01-01,2018-01-01 11:00:00,11,core,89,1
000001119,2018-01-01,2018-01-01 12:00:00,12,core,98,1
000001119,2018-01-01,2018-01-01 16:00:00,16,core,47,1
000001119,2018-01-01,2018-01-01 16:00:00,16,near,96,1
000001119,2018-01-01,2018-01-01 18:00:00,18,near,8,1
000001119,2018-01-01,2018-01-01 19:00:00,19,core,110,1
000001119,2018-01-01,2018-01-01 19:00:00,19,near,212,1
000001119,2018-01-01,2018-01-01 23:00:00,23,core,110,1
000001119,2018-01-02,2018-01-02 00:00:00,0,core,121,1
000001119,2018-01-02,2018-01-02 03:00:00,3,core,134,1
000001119,2018-01-02,2018-01-02 06:00:00,6,core,94,1
000001119,2018-01-02,2018-01-02 07:00:00,7,core,89,1
000001119,2018-01-02,2018-01-02 09:00:00,9,core,40,1
000001119,2018-01-02,2018-01-02 11:00:00,11,core,74,1
000001119,2018-01-02,2018-01-02 12:00:00,12,core,62,1
000001119,2018-01-02,2018-01-02 14:00:00,14,core,251,1
000001119,2018-01-02,2018-01-02 14:00:00,14,near,4,1
000001119,2018-01-02,2018-01-02 15:00:00,15,near,20,1
000001119,2018-01-02,2018-01-02 16:00:00,16,core,45,1
000001119,2018-01-02,2018-01-02 17:00:00,17,core,178,1
000001119,2018-01-02,2018-01-02 18:00:00,18,core,22,1
000001119,2018-01-02,2018-01-02 18:00:00,18,near,107,1
000001119,2018-01-02,2018-01-02 19:00:00,19,core,31,1
000001119,2018-01-02,2018-01-02 23:00:00,23,core,61,1
000001119,2018-01-03,2018-01-03 00:00:00,0,core,63,1
000001119,2018-01-03,2018-01-03 03:00:00,3,core,67,1
000001119,2018-01-03,2018-01-03 04:00:00,4,core,51,1
000001119,2018-01-03,2018-01-03 07:00:00,7,core,150,1
000001119,2018-01-03,2018-01-03 08:00:00,8,core,33,1
000001119,2018-01-03,2018-01-03 11:00:00,11,core,172,1
000001119,2018-01-03,2018-01-03 11:00:00,11,near,9,1
000001119,2018-01-03,2018-01-03 12:00:00,12,near,110,1
000001119,2018-01-03,2018-01-03 13:00:00,13,core,54,1
000001119,2018-01-03,2018-01-03 13:00:00,13,near,138,1
000001119,2018-01-03,2018-01-03 16:00:00,16,core,91,1
000001119,2018-01-03,2018-01-03 17:00:00,17,core,37,1
000001119,2018-01-03,2018-01-03 18:00:00,18,core,85,1
000001119,2018-01-03,2018-01-03 18:00:00,18,near,68,1
000001119,2018-01-03,2018-01-03 19:00:00,19,core,129,1
000001119,2018-01-03,2018-01-03 22:00:00,22,core,42,1
000001119,2018-01-03,2018-01-03 23:00:00,23,outer,196,1
000001119,2018-01-04,2018-01-04 00:00:00,0,outer,165,1
000001119,2018-01-04,2018-01-04 02:00:00,2,outer,142,1
000001119,2018-01-04,2018-01-04 03:00:00,3,near,111,1
000001119,2018-01-04,2018-01-04 03:00:00,3,outer,161,1
000001119,2018-01-04,2018-01-04 04:00:00,4,core,138,1
000001119,2018-01-04,2018-01-04 04:00:00,4,near,56,1
000001119,2018-01-04,2018-01-04 05:00:00,5,core,78,1
000001119,2018-01-04,2018-01-04 06:00:00,6,core,93,1
000001119,2018-01-04,2018-01-04 06:00:00,6,near,9,1
000001119,2018-01-04,2018-01-04 07:00:00,7,near,216,1
000001119,2018-01-04,2018-01-04 08:00:00,8,core,36,1
000001119,2018-01-04,2018-01-04 08:00:00,8,near,13,1
000001119,2018-01-04,2018-01-04 09:00:00,9,core,31,1
000001119,2018-01-04,2018-01-04 10:00:00,10,core,60,1
000001119,2018-01-04,2018-01-04 10:00:00,10,near,70,1
000001119,2018-01-04,2018-01-04 11:00:00,11,core,6,1
000001119,2018-01-04,2018-01-04 11:00:00,11,near,89,1
000001119,2018-01-04,2018-01-04 12:00:00,12,core,18,1
000001119,2018-01-04,2018-01-04 15:00:00,15,core,270,1
000001119,2018-01-04,2018-01-04 16:00:00,16,core,83,1
000001119,2018-01-04,2018-01-04 18:00:00,18,core,110,1
000001119,2018-01-04,2018-01-04 18:00:00,18,near,47,1
000001119,2018-01-04,2018-01-04 19:00:00,19,core,83,1
000001119,2018-01-04,2018-01-04 19:00:00,19,near,30,1
000001119,2018-01-04,2018-01-04 21:00:00,21,core,170,1
000001119,2018-01-04,2018-01-04 21:00:00,21,near,51,1
000001119,2018-01-04,2018-01-04 22:00:00,22,core,69,1
000001119,2018-01-04,2018-01-04 22:00:00,22,near,17,1
000001119,2018-01-05,2018-01-05 01:00:00,1,core,218,1
000001119,2018-01-05,2018-01-05 02:00:00,2,core,79,1
000001119,2018-01-05,2018-01-05 06:00:00,6,core,241,1
000001119,2018-01-05,2018-01-05 07:00:00,7,core,90,1
000001119,2018-01-05,2018-01-05 10:00:00,10,core,257,1
000001119,2018-01-05,2018-01-05 11:00:00,11,core,13,1
000001119,2018-01-05,2018-01-05 11:00:00,11,near,108,1
000001119,2018-01-05,2018-01-05 12:00:00,12,core,19,1
000001119,2018-01-05,2018-01-05 13:00:00,13,core,63,1
000001119,2018-01-05,2018-01-05 14:00:00,14,core,155,1
000001119,2018-01-05,2018-01-05 16:00:00,16,core,95,1
000001119,2018-01-05,2018-01-05 18:00:00,18,core,157,1
000001119,2018-01-05,2018-01-05 19:00:00,19,core,44,1
000001119,2018-01-05,2018-01-05 19:00:00,19,near,129,1
000001119,2018-01-06,2018-01-06 01:00:00,1,core,64,1
000001119,2018-01-06,2018-01-06 02:00:00,2,core,171,1
000001119,2018-01-06,2018-01-06 03:00:00,3,core,103,1
000001119,2018-01-06,2018-01-06 06:00:00,6,core,194,1
000001119,2018-01-06,2018-01-06 07:00:00,7,core,92,1
000001119,2018-01-06,2018-01-06 07:00:00,7,near,110,1
000001119,2018-01-06,2018-01-06 08:00:00,8,core,22,1
000001119,2018-01-06,2018-01-06 08:00:00,8,near,35,1
000001119,2018-01-06,2018-01-06 09:00:00,9,core,32,1
000001119,2018-01-06,2018-01-06 10:00:00,10,near,177,1
000001119,2018-01-06,2018-01-06 11:00:00,11,near,92,1
000001119,2018-01-06,2018-01-06 12:00:00,12,core,21,1
000001119,2018-01-06,2018-01-06 12:00:00,12,near,75,1
000001119,2018-01-06,2018-01-06 14:00:00,14,core,76,1
000001119,2018-01-06,2018-01-06 14:00:00,14,near,39,1
000001119,2018-01-06,2018-01-06 15:00:00,15,core,78,1
000001119,2018-01-06,2018-01-06 15:00:00,15,near,61,1
000001119,2018-01-06,2018-01-06 18:00:00,18,core,110,1
000001119,2018-01-06,2018-01-06 19:00:00,19,core,78,1
000001119,2018-01-06,2018-01-06 23:00:00,23,core,190,1
000001119,2018-01-07,2018-01-07 00:00:00,0,core,84,1
000001119,2018-01-07,2018-01-07 02:00:00,2,core,132,1
000001119,2018-01-07,2018-01-07 02:00:00,2,near,1,0
000001119,2018-01-07,2018-01-07 03:00:00,3,core,25,1
000001119,2018-01-07,2018-01-07 03:00:00,3,near,43,1
000001119,2018-01-07,2018-01-07 07:00:00,7,core,45,1
000001119,2018-01-07,2018-01-07 08:00:00,8,core,73,1
000001119,2018-01-07,2018-01-07 11:00:00,11,core,10,1
000001119,2018-01-07,2018-01-07 12:00:00,12,core,100,1
000001119,2018-01-07,2018-01-07 12:00:00,12,near,54,1
000001119,2018-01-07,2018-01-07 16:00:00,16,core,61,1
000001119,2018-01-07,2018-01-07 17:00:00,17,core,85,1
000001119,2018-01-07,2018-01-07 19:00:00,19,core,51,1
000001119,2018-01-07,2018-01-07 22:00:00,22,core,21,1
000001119,2018-01-07,2018-01-07 23:00:00,23,core,42,1
000001119,2018-01-08,2018-01-08 07:00:00,7,core,231,1
000001119,2018-01-08,2018-01-08 10:00:00,10,core,156,1
000001119,2018-01-08,2018-01-08 11:00:00,11,core,40,1
000001119,2018-01-08,2018-01-08 19:00:00,19,core,153,1
000001119,2018-01-08,2018-01-08 19:00:00,19,near,76,1
000001119,2018-01-08,2018-01-08 20:00:00,20,core,39,1
000001119,2018-01-08,2018-01-08 20:00:00,20,near,16,1
000001119,2018-01-08,2018-01-08 23:00:00,23,core,63,1
000001119,2018-01-09,2018-01-09 00:00:00,0,core,46,1
000001119,2018-01-09,2018-01-09 03:00:00,3,core,160,1
000001119,2018-01-09,2018-01-09 04:00:00,4,core,57,1
000001119,2018-01-09,2018-01-09 04:00:00,4,near,2,0
000001119,2018-01-09,2018-01-09 05:00:00,5,core,1,0
000001119,2018-01-09,2018-01-09 08:00:00,8,core,1,0
000001119,2018-01-09,2018-01-09 08:00:00,8,near,8,1
000001119,2018-01-09,2018-01-09 09:00:00,9,core,23,1
000001119,2018-01-09,2018-01-09 10:00:00,10,core,140,1
000001119,2018-01-09,2018-01-09 11:00:00,11,core,108,1
000001119,2018-01-09,2018-01-09 11:00:00,11,near,1,0
000001119,2018-01-09,2018-01-09 12:00:00,12,core,12,1
000001119,2018-01-09,2018-01-09 12:00:00,12,near,86,1
000001119,2018-01-09,2018-01-09 15:00:00,15,core,95,1
000001119,2018-01-09,2018-01-09 16:00:00,16,core,14,1
000001119,2018-01-09,2018-01-09 18:00:00,18,core,101,1
000001119,2018-01-09,2018-01-09 18:00:00,18,near,47,1
000001119,2018-01-09,2018-01-09 19:00:00,19,near,114,1
000001119,2018-01-09,2018-01-09 20:00:00,20,core,10,1
000001119,2018-01-09,2018-01-09 20:00:00,20,near,56,1
000001119,2018-01-09,2018-01-09 23:00:00,23,core,26,1
000001119,2018-01-10,2018-01-10 00:00:00,0,core,52,1
000001119,2018-01-10,2018-01-10 03:00:00,3,core,145,1
000001119,2018-01-10,2018-01-10 03:00:00,3,near,1,0
000001119,2018-01-10,2018-01-10 04:00:00,4,core,5,1
000001119,2018-01-10,2018-01-10 07:00:00,7,core,4,1
000001119,2018-01-10,2018-01-10 07:00:00,7,near,4,1
000001119,2018-01-10,2018-01-10 08:00:00,8,near,1,0
000001119,2018-01-10,2018-01-10 09:00:00,9,core,2,0
000001119,2018-01-10,2018-01-10 09:00:00,9,near,2,0
000001119,2018-01-10,2018-01-10 12:00:00,12,core,51,1
000001119,2018-01-10,2018-01-10 12:00:00,12,near,189,1
000001119,2018-01-10,2018-01-10 13:00:00,13,core,13,1
000001119,2018-01-10,2018-01-10 13:00:00,13,near,37,1
000001119,2018-01-10,2018-01-10 17:00:00,17,core,32,1
000001119,2018-01-10,2018-01-10 18:00:00,18,core,233,1
000001119,2018-01-10,2018-01-10 19:00:00,19,core,28,1
000001119,2018-01-10,2018-01-10 19:00:00,19,near,50,1
000001119,2018-01-10,2018-01-10 20:00:00,20,core,33,1
000001119,2018-01-10,2018-01-10 20:00:00,20,near,52,1
000001119,2018-01-10,2018-01-10 22:00:00,22,core,122,1
000001119,2018-01-10,2018-01-10 23:00:00,23,core,12,1
000001119,2018-01-10,2018-01-10 23:00:00,23,near,45,1
000001119,2018-01-11,2018-01-11 03:00:00,3,core,224,1
000001119,2018-01-11,2018-01-11 03:00:00,3,near,23,1
000001119,2018-01-11,2018-01-11 04:00:00,4,core,8,1
000001119,2018-01-11,2018-01-11 10:00:00,10,core,3,1
000001119,2018-01-11,2018-01-11 10:00:00,10,near,2,0
000001119,2018-01-11,2018-01-11 11:00:00,11,core,2,0
000001119,2018-01-11,2018-01-11 11:00:00,11,near,1,0
000001119,2018-01-11,2018-01-11 12:00:00,12,near,1,0
000001119,2018-01-11,2018-01-11 13:00:00,13,core,2,0
000001119,2018-01-11,2018-01-11 18:00:00,18,core,20,1
000001119,2018-01-11,2018-01-11 19:00:00,19,outer,172,1
000001119,2018-01-11,2018-01-11 20:00:00,20,outer,48,1
000001119,2018-01-11,2018-01-11 21:00:00,21,outer,38,1
000001119,2018-01-11,2018-01-11 22:00:00,22,near,62,1
000001119,2018-01-11,2018-01-11 22:00:00,22,outer,175,1
000001119,2018-01-11,2018-01-11 23:00:00,23,core,255,1
000001119,2018-01-11,2018-01-11 23:00:00,23,near,120,1
000001119,2018-01-12,2018-01-12 00:00:00,0,core,42,1
000001119,2018-01-12,2018-01-12 03:00:00,3,core,26,1
000001119,2018-01-12,2018-01-12 04:00:00,4,core,38,1
000001119,2018-01-12,2018-01-12 04:00:00,4,near,42,1
000001119,2018-01-12,2018-01-12 06:00:00,6,core,9,1
000001119,2018-01-12,2018-01-12 07:00:00,7,core,7,1
000001119,2018-01-12,2018-01-12 08:00:00,8,core,2,0
000001119,2018-01-12,2018-01-12 11:00:00,11,core,1,0
000001119,2018-01-12,2018-01-12 11:00:00,11,near,5,1
000001119,2018-01-12,2018-01-12 12:00:00,12,core,4,1
000001119,2018-01-12,2018-01-12 12:00:00,12,near,2,0
000001119,2018-01-12,2018-01-12 13:00:00,13,core,2,0
000001119,2018-01-12,2018-01-12 14:00:00,14,core,1,0
000001119,2018-01-12,2018-01-12 14:00:00,14,near,7,1
000001119,2018-01-12,2018-01-12 15:00:00,15,near,1,0
000001119,2018-01-12,2018-01-12 19:00:00,19,near,4,1
000001119,2018-01-12,2018-01-12 20:00:00,20,near,6,1
000001119,2018-01-12,2018-01-12 23:00:00,23,core,2,0
000001119,2018-01-12,2018-01-12 23:00:00,23,near,1,0
000001119,2018-01-13,2018-01-13 06:00:00,6,core,6,1
000001119,2018-01-13,2018-01-13 08:00:00,8,near,1,0
000001119,2018-01-13,2018-01-13 11:00:00,11,core,1,0
000001119,2018-01-13,2018-01-13 14:00:00,14,outer,6,1
000001119,2018-01-13,2018-01-13 15:00:00,15,near,7,1
000001119,2018-01-13,2018-01-13 16:00:00,16,core,1,0
000001119,2018-01-13,2018-01-13 16:00:00,16,near,1,0
000001119,2018-01-13,2018-01-13 23:00:00,23,core,1,0
000001119,2018-01-13,2018-01-13 23:00:00,23,near,1,0
000001119,2018-01-14,2018-01-14 00:00:00,0,outer,7,1
000001119,2018-01-14,2018-01-14 03:00:00,3,outer,7,1
000001119,2018-01-14,2018-01-14 04:00:00,4,core,4,1
000001119,2018-01-14,2018-01-14 04:00:00,4,near,8,1
000001119,2018-01-14,2018-01-14 04:00:00,4,outer,2,0
000001119,2018-01-14,2018-01-14 05:00:00,5,core,2,0
000001119,2018-01-14,2018-01-14 07:00:00,7,core,4,1
000001119,2018-01-14,2018-01-14 08:00:00,8,core,1,0
000001119,2018-01-14,2018-01-14 08:00:00,8,near,3,1
000001119,2018-01-14,2018-01-14 09:00:00,9,core,1,0
000001119,2018-01-14,2018-01-14 11:00:00,11,core,1,0
000001119,2018-01-14,2018-01-14 12:00:00,12,near,2,0
000001119,2018-01-14,2018-01-14 13:00:00,13,near,3,1
000001119,2018-01-15,2018-01-15 10:00:00,10,core,3,1
000001119,2018-01-15,2018-01-15 11:00:00,11,core,1,0
000001119,2018-01-15,2018-01-15 13:00:00,13,core,1,0
000001119,2018-01-15,2018-01-15 14:00:00,14,core,5,1
000001119,2018-01-15,2018-01-15 17:00:00,17,outer,6,1
000001119,2018-01-15,2018-01-15 18:00:00,18,near,4,1
000001119,2018-01-15,2018-01-15 18:00:00,18,outer,3,1
000001119,2018-01-15,2018-01-15 19:00:00,19,near,11,1
000001119,2018-01-15,2018-01-15 22:00:00,22,core,5,1
000001119,2018-01-15,2018-01-15 23:00:00,23,core,2,0
000001119,2018-01-16,2018-01-16 03:00:00,3,core,3,1
000001119,2018-01-16,2018-01-16 06:00:00,6,core,10,1
000001119,2018-01-16,2018-01-16 07:00:00,7,core,5,1
000001119,2018-01-16,2018-01-16 08:00:00,8,core,3,1
000001119,2018-01-16,2018-01-16 09:00:00,9,core,2,0
000001119,2018-01-16,2018-01-16 10:00:00,10,core,9,1
000001119,2018-01-16,2018-01-16 11:00:00,11,core,4,1
000001119,2018-01-16,2018-01-16 15:00:00,15,core,7,1
000001119,2018-01-16,2018-01-16 16:00:00,16,core,1,0
000001119,2018-01-16,2018-01-16 16:00:00,16,near,1,0
000001119,2018-01-16,2018-01-16 18:00:00,18,core,8,1
000001119,2018-01-16,2018-01-16 19:00:00,19,core,6,1
000001119,2018-01-17,2018-01-17 01:00:00,1,core,2,0
000001119,2018-01-17,2018-01-17 02:00:00,2,core,2,0
000001119,2018-01-17,2018-01-17 02:00:00,2,near,1,0
000001119,2018-01-17,2018-01-17 07:00:00,7,core,3,1
000001119,2018-01-17,2018-01-17 07:00:00,7,near,1,0
000001119,2018-01-17,2018-01-17 11:00:00,11,core,1,0
000001119,2018-01-17,2018-01-17 14:00:00,14,core,3,1
000001119,2018-01-17,2018-01-17 14:00:00,14,near,1,0
000001119,2018-01-17,2018-01-17 15:00:00,15,core,1,0
000001119,2018-01-17,2018-01-17 18:00:00,18,core,4,1
000001119,2018-01-17,2018-01-17 19:00:00,19,core,1,0
000001119,2018-01-17,2018-01-17 23:00:00,23,outer,2,0
000001119,2018-01-18,2018-01-18 00:00:00,0,outer,2,0
000001119,2018-01-18,2018-01-18 01:00:00,1,outer,8,1
000001119,2018-01-18,2018-01-18 02:00:00,2,near,2,0
000001119,2018-01-18,2018-01-18 02:00:00,2,outer,3,1
000001119,2018-01-18,2018-01-18 03:00:00,3,core,4,1
000001119,2018-01-18,2018-01-18 06:00:00,6,core,7,1
000001119,2018-01-18,2018-01-18 07:00:00,7,core,3,1
000001119,2018-01-18,2018-01-18 07:00:00,7,near,1,0
000001119,2018-01-18,2018-01-18 08:00:00,8,core,3,1
000001119,2018-01-18,2018-01-18 09:00:00,9,core,2,0
000001119,2018-01-18,2018-01-18 11:00:00,11,core,1,0
000001119,2018-01-18,2018-01-18 12:00:00,12,core,1,0
000001119,2018-01-18,2018-01-18 16:00:00,16,core,1,0
000001119,2018-01-18,2018-01-18 16:00:00,16,near,2,0
000001119,2018-01-18,2018-01-18 17:00:00,17,core,1,0
000001119,2018-01-18,2018-01-18 18:00:00,18,core,1,0
000001119,2018-01-18,2018-01-18 19:00:00,19,core,20,1
000001119,2018-01-18,2018-01-18 20:00:00,20,core,2,0
000001119,2018-01-18,2018-01-18 23:00:00,23,core,3,1
000001119,2018-01-18,2018-01-18 23:00:00,23,near,2,0
000001119,2018-01-19,2018-01-19 00:00:00,0,core,1,0
000001119,2018-01-19,2018-01-19 11:00:00,11,core,336,1
000001119,2018-01-19,2018-01-19 11:00:00,11,near,20,1
000001119,2018-01-19,2018-01-19 12:00:00,12,core,21,1
000001119,2018-01-19,2018-01-19 14:00:00,14,core,80,1
000001119,2018-01-19,2018-01-19 15:00:00,15,core,91,1
000001119,2018-01-19,2018-01-19 19:00:00,19,core,119,1
000001119,2018-01-19,2018-01-19 20:00:00,20,core,28,1
000001119,2018-01-19,2018-01-19 22:00:00,22,core,118,1
000001119,2018-01-19,2018-01-19 23:00:00,23,core,86,1
000001119,2018-01-19,2018-01-19 23:00:00,23,near,174,1
000001119,2018-01-20,2018-01-20 02:00:00,2,core,53,1
000001119,2018-01-20,2018-01-20 03:00:00,3,core,49,1
000001119,2018-01-20,2018-01-20 07:00:00,7,core,205,1
000001119,2018-01-20,2018-01-20 08:00:00,8,core,28,1
000001119,2018-01-20,2018-01-20 10:00:00,10,core,18,1
000001119,2018-01-20,2018-01-20 11:00:00,11,near,68,1
000001119,2018-01-20,2018-01-20 12:00:00,12,near,58,1
000001119,2018-01-20,2018-01-20 12:00:00,12,outer,112,1
000001119,2018-01-20,2018-01-20 13:00:00,13,outer,185,1
000001119,2018-01-20,2018-01-20 14:00:00,14,core,72,1
000001119,2018-01-20,2018-01-20 15:00:00,15,core,47,1
000001119,2018-01-20,2018-01-20 15:00:00,15,near,88,1
000001119,2018-01-20,2018-01-20 16:00:00,16,near,32,1
000001119,2018-01-20,2018-01-20 22:00:00,22,core,42,1
000001119,2018-01-20,2018-01-20 22:00:00,22,near,17,1
000001119,2018-01-20,2018-01-20 23:00:00,23,core,130,1
000001119,2018-01-21,2018-01-21 00:00:00,0,core,54,1
000001119,2018-01-21,2018-01-21 01:00:00,1,core,21,1
000001119,2018-01-21,2018-01-21 03:00:00,3,core,50,1
000001119,2018-01-21,2018-01-21 03:00:00,3,near,1,0
000001119,2018-01-21,2018-01-21 04:00:00,4,core,16,1
000001119,2018-01-21,2018-01-21 04:00:00,4,near,6,1
000001119,2018-01-21,2018-01-21 08:00:00,8,core,110,1
000001119,2018-01-21,2018-01-21 08:00:00,8,near,8,1
000001119,2018-01-21,2018-01-21 09:00:00,9,core,20,1
000001119,2018-01-21,2018-01-21 13:00:00,13,core,64,1
000001119,2018-01-21,2018-01-21 14:00:00,14,core,41,1
000001119,2018-01-21,2018-01-21 14:00:00,14,near,7,1
000001119,2018-01-21,2018-01-21 15:00:00,15,near,22,1
000001119,2018-01-21,2018-01-21 15:00:00,15,outer,296,1
000001119,2018-01-21,2018-01-21 16:00:00,16,outer,150,1
000001119,2018-01-21,2018-01-21 17:00:00,17,outer,176,1
000001119,2018-01-21,2018-01-21 18:00:00,18,core,212,1
000001119,2018-01-21,2018-01-21 18:00:00,18,near,241,1
000001119,2018-01-21,2018-01-21 18:00:00,18,outer,94,1
000001119,2018-01-21,2018-01-21 19:00:00,19,core,170,1
000001119,2018-01-21,2018-01-21 20:00:00,20,core,50,1
000001119,2018-01-21,2018-01-21 20:00:00,20,near,103,1
000001119,2018-01-22,2018-01-22 00:00:00,0,core,81,1
000001119,2018-01-22,2018-01-22 01:00:00,1,core,82,1
000001119,2018-01-22,2018-01-22 07:00:00,7,core,256,1
000001119,2018-01-22,2018-01-22 07:00:00,7,near,41,1
000001119,2018-01-22,2018-01-22 09:00:00,9,core,63,1
000001119,2018-01-22,2018-01-22 09:00:00,9,near,30,1
000001119,2018-01-22,2018-01-22 16:00:00,16,core,217,1
000001119,2018-01-22,2018-01-22 17:00:00,17,core,305,1
000001119,2018-01-22,2018-01-22 18:00:00,18,core,61,1
000001119,2018-01-22,2018-01-22 18:00:00,18,near,97,1
000001119,2018-01-22,2018-01-22 19:00:00,19,near,88,1
000001119,2018-01-22,2018-01-22 20:00:00,20,core,43,1
000001119,2018-01-22,2018-01-22 20:00:00,20,near,22,1
000001119,2018-01-22,2018-01-22 23:00:00,23,core,90,1
000001119,2018-01-22,2018-01-22 23:00:00,23,near,156,1
000001119,2018-01-23,2018-01-23 00:00:00,0,near,74,1
000001119,2018-01-23,2018-01-23 01:00:00,1,core,15,1
000001119,2018-01-23,2018-01-23 02:00:00,2,core,46,1
000001119,2018-01-23,2018-01-23 03:00:00,3,core,30,1
000001119,2018-01-23,2018-01-23 03:00:00,3,near,144,1
000001119,2018-01-23,2018-01-23 04:00:00,4,core,29,1
000001119,2018-01-23,2018-01-23 06:00:00,6,core,67,1
000001119,2018-01-23,2018-01-23 07:00:00,7,core,108,1
000001119,2018-01-23,2018-01-23 07:00:00,7,near,13,1
000001119,2018-01-23,2018-01-23 08:00:00,8,core,14,1
000001119,2018-01-23,2018-01-23 08:00:00,8,near,9,1
000001119,2018-01-23,2018-01-23 11:00:00,11,core,13,1
000001119,2018-01-23,2018-01-23 11:00:00,11,near,50,1
000001119,2018-01-23,2018-01-23 12:00:00,12,near,54,1
000001119,2018-01-23,2018-01-23 13:00:00,13,near,37,1
000001119,2018-01-23,2018-01-23 13:00:00,13,outer,175,1
000001119,2018-01-23,2018-01-23 14:00:00,14,outer,132,1
000001119,2018-01-23,2018-01-23 16:00:00,16,outer,127,1
000001119,2018-01-23,2018-01-23 17:00:00,17,near,35,1
000001119,2018-01-23,2018-01-23 17:00:00,17,outer,174,1
000001119,2018-01-23,2018-01-23 18:00:00,18,near,106,1
000001119,2018-01-23,2018-01-23 19:00:00,19,core,120,1
000001119,2018-01-23,2018-01-23 19:00:00,19,near,13,1
000001119,2018-01-23,2018-01-23 20:00:00,20,core,5,1
000001119,2018-01-23,2018-01-23 20:00:00,20,near,63,1
000001119,2018-01-23,2018-01-23 21:00:00,21,core,33,1
000001119,2018-01-24,2018-01-24 03:00:00,3,core,138,1
000001119,2018-01-24,2018-01-24 04:00:00,4,core,202,1
000001119,2018-01-24,2018-01-24 05:00:00,5,core,81,1
000001119,2018-01-24,2018-01-24 11:00:00,11,core,37,1
000001119,2018-01-24,2018-01-24 12:00:00,12,core,23,1
000001119,2018-01-24,2018-01-24 13:00:00,13,core,42,1
000001119,2018-01-24,2018-01-24 14:00:00,14,core,174,1
000001119,2018-01-24,2018-01-24 15:00:00,15,core,85,1
000001119,2018-01-24,2018-01-24 15:00:00,15,near,72,1
000001119,2018-01-24,2018-01-24 16:00:00,16,core,46,1
000001119,2018-01-24,2018-01-24 16:00:00,16,near,129,1
000001119,2018-01-24,2018-01-24 19:00:00,19,core,54,1
000001119,2018-01-24,2018-01-24 19:00:00,19,near,31,1
000001119,2018-01-24,2018-01-24 20:00:00,20,near,72,1
000001119,2018-01-24,2018-01-24 22:00:00,22,near,223,1
000001119,2018-01-24,2018-01-24 23:00:00,23,core,22,1
000001119,2018-01-24,2018-01-24 23:00:00,23,near,262,1
000001128,2018-01-01,2018-01-01 02:00:00,2,core,4,1
000001128,2018-01-01,2018-01-01 03:00:00,3,core,43,1
000001128,2018-01-01,2018-01-01 06:00:00,6,core,37,1
000001128,2018-01-01,2018-01-01 07:00:00,7,near,104,1
000001128,2018-01-01,2018-01-01 08:00:00,8,near,20,1
000001128,2018-01-01,2018-01-01 08:00:00,8,outer,192,1
000001128,2018-01-01,2018-01-01 09:00:00,9,core,1,0
000001128,2018-01-01,2018-01-01 10:00:00,10,core,15,1
000001128,2018-01-01,2018-01-01 10:00:00,10,near,68,1
000001128,2018-01-01,2018-01-01 13:00:00,13,core,72,1
000001128,2018-01-01,2018-01-01 13:00:00,13,near,81,1
000001128,2018-01-01,2018-01-01 14:00:00,14,core,133,1
000001128,2018-01-01,2018-01-01 15:00:00,15,core,75,1
000001128,2018-01-01,2018-01-01 15:00:00,15,near,2,0
000001128,2018-01-01,2018-01-01 16:00:00,16,core,16,1
000001128,2018-01-01,2018-01-01 19:00:00,19,core,51,1
000001128,2018-01-01,2018-01-01 20:00:00,20,core,71,1
000001128,2018-01-01,2018-01-01 22:00:00,22,core,125,1
000001128,2018-01-01,2018-01-01 23:00:00,23,core,76,1
000001128,2018-01-02,2018-01-02 03:00:00,3,core,224,1
000001128,2018-01-02,2018-01-02 04:00:00,4,core,25,1
000001128,2018-01-02,2018-01-02 08:00:00,8,core,10,1
000001128,2018-01-02,2018-01-02 14:00:00,14,core,129,1
000001128,2018-01-02,2018-01-02 15:00:00,15,core,40,1
000001128,2018-01-02,2018-01-02 16:00:00,16,core,33,1
000001128,2018-01-02,2018-01-02 16:00:00,16,near,1,0
000001128,2018-01-02,2018-01-02 18:00:00,18,core,127,1
000001128,2018-01-02,2018-01-02 19:00:00,19,core,24,1
000001128,2018-01-02,2018-01-02 21:00:00,21,core,136,1
000001128,2018-01-02,2018-01-02 21:00:00,21,near,22,1
000001128,2018-01-02,2018-01-02 22:00:00,22,core,13,1
000001128,2018-01-02,2018-01-02 22:00:00,22,near,14,1
000001128,2018-01-03,2018-01-03 03:00:00,3,core,81,1
000001128,2018-01-03,2018-01-03 03:00:00,3,near,95,1
000001128,2018-01-03,2018-01-03 04:00:00,4,core,41,1
000001128,2018-01-03,2018-01-03 07:00:00,7,core,74,1
000001128,2018-01-03,2018-01-03 10:00:00,10,core,8,1
000001128,2018-01-03,2018-01-03 11:00:00,11,core,2,0
000001128,2018-01-03,2018-01-03 11:00:00,11,outer,118,1
000001128,2018-01-03,2018-01-03 12:00:00,12,outer,219,1
000001128,2018-01-03,2018-01-03 13:00:00,13,outer,79,1
000001128,2018-01-03,2018-01-03 14:00:00,14,near,126,1
000001128,2018-01-03,2018-01-03 14:00:00,14,outer,206,1
000001128,2018-01-03,2018-01-03 15:00:00,15,near,12,1
000001128,2018-01-03,2018-01-03 16:00:00,16,core,13,1
000001128,2018-01-03,2018-01-03 18:00:00,18,core,14,1
000001128,2018-01-03,2018-01-03 19:00:00,19,core,62,1
000001128,2018-01-03,2018-01-03 19:00:00,19,near,54,1
000001128,2018-01-03,2018-01-03 20:00:00,20,core,41,1
000001128,2018-01-03,2018-01-03 21:00:00,21,core,35,1
000001128,2018-01-03,2018-01-03 22:00:00,22,core,100,1
000001128,2018-01-03,2018-01-03 22:00:00,22,near,7,1
000001128,2018-01-03,2018-01-03 23:00:00,23,core,27,1
000001128,2018-01-04,2018-01-04 03:00:00,3,core,57,1
000001128,2018-01-04,2018-01-04 03:00:00,3,near,64,1
000001128,2018-01-04,2018-01-04 04:00:00,4,near,83,1
000001128,2018-01-04,2018-01-04 05:00:00,5,near,6,1
000001128,2018-01-04,2018-01-04 06:00:00,6,core,5,1
000001128,2018-01-04,2018-01-04 07:00:00,7,core,88,1
000001128,2018-01-04,2018-01-04 08:00:00,8,core,9,1
000001128,2018-01-04,2018-01-04 09:00:00,9,core,6,1
000001128,2018-01-04,2018-01-04 10:00:00,10,core,32,1
000001128,2018-01-04,2018-01-04 11:00:00,11,core,51,1
000001128,2018-01-04,2018-01-04 14:00:00,14,core,91,1
000001128,2018-01-04,2018-01-04 14:00:00,14,near,24,1
000001128,2018-01-04,2018-01-04 15:00:00,15,core,20,1
000001128,2018-01-04,2018-01-04 15:00:00,15,near,22,1
000001128,2018-01-04,2018-01-04 16:00:00,16,core,13,1
000001128,2018-01-04,2018-01-04 16:00:00,16,near,14,1
000001128,2018-01-04,2018-01-04 22:00:00,22,core,17,1
000001128,2018-01-04,2018-01-04 23:00:00,23,core,35,1
000001128,2018-01-05,2018-01-05 03:00:00,3,core,61,1
000001128,2018-01-05,2018-01-05 04:00:00,4,core,10,1
000001128,2018-01-05,2018-01-05 06:00:00,6,core,116,1
000001128,2018-01-05,2018-01-05 07:00:00,7,core,94,1
000001128,2018-01-05,2018-01-05 08:00:00,8,core,7,1
000001128,2018-01-05,2018-01-05 09:00:00,9,core,50,1
000001128,2018-01-05,2018-01-05 10:00:00,10,core,83,1
000001128,2018-01-05,2018-01-05 10:00:00,10,near,38,1
000001128,2018-01-05,2018-01-05 11:00:00,11,core,10,1
000001128,2018-01-05,2018-01-05 11:00:00,11,near,102,1
000001128,2018-01-05,2018-01-05 12:00:00,12,core,12,1
000001128,2018-01-05,2018-01-05 13:00:00,13,core,4,1
000001128,2018-01-05,2018-01-05 14:00:00,14,core,16,1
000001128,2018-01-05,2018-01-05 14:00:00,14,near,134,1
000001128,2018-01-05,2018-01-05 15:00:00,15,core,11,1
000001128,2018-01-05,2018-01-05 15:00:00,15,near,10,1
000001128,2018-01-05,2018-01-05 18:00:00,18,core,22,1
000001128,2018-01-05,2018-01-05 19:00:00,19,core,84,1
000001128,2018-01-05,2018-01-05 20:00:00,20,core,61,1
000001128,2018-01-05,2018-01-05 21:00:00,21,core,80,1
000001128,2018-01-06,2018-01-06 03:00:00,3,core,32,1
000001128,2018-01-06,2018-01-06 03:00:00,3,near,28,1
000001128,2018-01-06,2018-01-06 06:00:00,6,core,11,1
000001128,2018-01-06,2018-01-06 07:00:00,7,outer,25,1
000001128,2018-01-06,2018-01-06 08:00:00,8,near,29,1
000001128,2018-01-06,2018-01-06 12:00:00,12,near,16,1
000001128,2018-01-06,2018-01-06 14:00:00,14,near,9,1
000001128,2018-01-06,2018-01-06 15:00:00,15,outer,38,1
000001128,2018-01-06,2018-01-06 16:00:00,16,core,22,1
000001128,2018-01-06,2018-01-06 18:00:00,18,core,71,1
000001128,2018-01-06,2018-01-06 18:00:00,18,near,16,1
000001128,2018-01-06,2018-01-06 19:00:00,19,core,10,1
000001128,2018-01-06,2018-01-06 23:00:00,23,core,182,1
000001128,2018-01-07,2018-01-07 00:00:00,0,core,11,1
000001128,2018-01-07,2018-01-07 02:00:00,2,core,57,1
000001128,2018-01-07,2018-01-07 03:00:00,3,core,19,1
000001128,2018-01-07,2018-01-07 03:00:00,3,near,23,1
000001128,2018-01-07,2018-01-07 04:00:00,4,core,11,1
000001128,2018-01-07,2018-01-07 04:00:00,4,near,21,1
000001128,2018-01-07,2018-01-07 06:00:00,6,core,157,1
000001128,2018-01-07,2018-01-07 06:00:00,6,near,15,1
000001128,2018-01-07,2018-01-07 07:00:00,7,core,48,1
000001128,2018-01-07,2018-01-07 08:00:00,8,core,22,1
000001128,2018-01-07,2018-01-07 10:00:00,10,core,53,1
000001128,2018-01-07,2018-01-07 11:00:00,11,core,6,1
000001128,2018-01-07,2018-01-07 12:00:00,12,core,7,1
000001128,2018-01-07,2018-01-07 13:00:00,13,core,8,1
000001128,2018-01-07,2018-01-07 16:00:00,16,core,73,1
000001128,2018-01-07,2018-01-07 17:00:00,17,core,26,1
000001128,2018-01-07,2018-01-07 18:00:00,18,core,59,1
000001128,2018-01-07,2018-01-07 20:00:00,20,core,127,1
000001128,2018-01-07,2018-01-07 21:00:00,21,core,12,1
000001128,2018-01-08,2018-01-08 03:00:00,3,core,34,1
000001128,2018-01-08,2018-01-08 04:00:00,4,core,60,1
000001128,2018-01-08,2018-01-08 07:00:00,7,core,23,1
000001128,2018-01-08,2018-01-08 08:00:00,8,core,19,1
000001128,2018-01-08,2018-01-08 10:00:00,10,core,40,1
000001128,2018-01-08,2018-01-08 10:00:00,10,near,1,0
000001128,2018-01-08,2018-01-08 11:00:00,11,core,63,1
000001128,2018-01-08,2018-01-08 11:00:00,11,near,27,1
000001128,2018-01-08,2018-01-08 12:00:00,12,core,14,1
000001128,2018-01-08,2018-01-08 15:00:00,15,core,60,1
000001128,2018-01-08,2018-01-08 15:00:00,15,near,33,1
000001128,2018-01-08,2018-01-08 16:00:00,16,core,23,1
000001128,2018-01-08,2018-01-08 16:00:00,16,near,32,1
000001128,2018-01-08,2018-01-08 19:00:00,19,core,66,1
000001128,2018-01-08,2018-01-08 20:00:00,20,core,75,1
000001128,2018-01-08,2018-01-08 20:00:00,20,near,60,1
000001128,2018-01-08,2018-01-08 21:00:00,21,core,7,1
000001128,2018-01-08,2018-01-08 21:00:00,21,near,36,1
000001128,2018-01-09,2018-01-09 00:00:00,0,core,90,1
000001128,2018-01-09,2018-01-09 01:00:00,1,core,21,1
000001128,2018-01-09,2018-01-09 03:00:00,3,core,36,1
000001128,2018-01-09,2018-01-09 04:00:00,4,core,40,1
000001128,2018-01-09,2018-01-09 04:00:00,4,near,88,1
000001128,2018-01-09,2018-01-09 05:00:00,5,core,1,0
000001128,2018-01-09,2018-01-09 08:00:00,8,core,4,1
000001128,2018-01-09,2018-01-09 08:00:00,8,near,2,0
000001128,2018-01-09,2018-01-09 09:00:00,9,core,44,1
000001128,2018-01-09,2018-01-09 10:00:00,10,core,37,1
000001128,2018-01-09,2018-01-09 10:00:00,10,near,11,1
000001128,2018-01-09,2018-01-09 11:00:00,11,near,11,1
000001128,2018-01-09,2018-01-09 12:00:00,12,outer,58,1
000001128,2018-01-09,2018-01-09 13:00:00,13,core,15,1
000001128,2018-01-09,2018-01-09 13:00:00,13,near,5,1
000001128,2018-01-09,2018-01-09 13:00:00,13,outer,7,1
000001128,2018-01-09,2018-01-09 15:00:00,15,core,21,1
000001128,2018-01-09,2018-01-09 15:00:00,15,near,6,1
000001128,2018-01-09,2018-01-09 18:00:00,18,core,4,1
000001128,2018-01-09,2018-01-09 19:00:00,19,core,55,1
000001128,2018-01-09,2018-01-09 19:00:00,19,near,32,1
000001128,2018-01-09,2018-01-09 20:00:00,20,core,2,0
000001128,2018-01-09,2018-01-09 20:00:00,20,near,21,1
000001128,2018-01-09,2018-01-09 23:00:00,23,core,77,1
000001128,2018-01-09,2018-01-09 23:00:00,23,near,6,1
000001128,2018-01-10,2018-01-10 00:00:00,0,core,20,1
000001128,2018-01-10,2018-01-10 01:00:00,1,core,8,1
000001128,2018-01-10,2018-01-10 03:00:00,3,core,51,1
000001128,2018-01-10,2018-01-10 03:00:00,3,near,15,1
000001128,2018-01-10,2018-01-10 04:00:00,4,core,1,0
000001128,2018-01-10,2018-01-10 04:00:00,4,near,2,0
000001128,2018-01-10,2018-01-10 06:00:00,6,core,4,1
000001128,2018-01-10,2018-01-10 06:00:00,6,near,2,0
000001128,2018-01-10,2018-01-10 07:00:00,7,core,1,0
000001128,2018-01-10,2018-01-10 07:00:00,7,near,1,0
000001128,2018-01-10,2018-01-10 09:00:00,9,core,1,0
000001128,2018-01-10,2018-01-10 09:00:00,9,near,7,1
000001128,2018-01-10,2018-01-10 10:00:00,10,core,10,1
000001128,2018-01-10,2018-01-10 11:00:00,11,core,24,1
000001128,2018-01-10,2018-01-10 11:00:00,11,near,41,1
000001128,2018-01-10,2018-01-10 12:00:00,12,core,44,1
000001128,2018-01-10,2018-01-10 12:00:00,12,near,10,1
000001128,2018-01-10,2018-01-10 16:00:00,16,core,11,1
000001128,2018-01-10,2018-01-10 16:00:00,16,near,2,0
000001128,2018-01-10,2018-01-10 18:00:00,18,core,59,1
000001128,2018-01-10,2018-01-10 18:00:00,18,near,9,1
000001128,2018-01-10,2018-01-10 19:00:00,19,core,86,1
000001128,2018-01-10,2018-01-10 20:00:00,20,core,9,1
000001128,2018-01-10,2018-01-10 22:00:00,22,core,30,1
000001128,2018-01-10,2018-01-10 22:00:00,22,near,55,1
000001128,2018-01-10,2018-01-10 23:00:00,23,near,49,1
000001128,2018-01-11,2018-01-11 00:00:00,0,core,6,1
000001128,2018-01-11,2018-01-11 00:00:00,0,near,3,1
000001128,2018-01-11,2018-01-11 03:00:00,3,core,87,1
000001128,2018-01-11,2018-01-11 04:00:00,4,core,58,1
000001128,2018-01-11,2018-01-11 06:00:00,6,core,5,1
000001128,2018-01-11,2018-01-11 06:00:00,6,near,6,1
000001128,2018-01-11,2018-01-11 07:00:00,7,near,57,1
000001128,2018-01-11,2018-01-11 08:00:00,8,near,2,0
000001128,2018-01-11,2018-01-11 10:00:00,10,core,1,0
000001128,2018-01-11,2018-01-11 11:00:00,11,outer,3,1
000001128,2018-01-11,2018-01-11 12:00:00,12,outer,7,1
000001128,2018-01-11,2018-01-11 13:00:00,13,outer,9,1
000001128,2018-01-11,2018-01-11 14:00:00,14,near,86,1
000001128,2018-01-11,2018-01-11 14:00:00,14,outer,2,0
000001128,2018-01-11,2018-01-11 15:00:00,15,core,17,1
000001128,2018-01-11,2018-01-11 15:00:00,15,near,63,1
000001128,2018-01-11,2018-01-11 17:00:00,17,near,16,1
000001128,2018-01-11,2018-01-11 17:00:00,17,outer,4,1
000001128,2018-01-11,2018-01-11 18:00:00,18,outer,18,1
000001128,2018-01-11,2018-01-11 19:00:00,19,core,20,1
000001128,2018-01-11,2018-01-11 19:00:00,19,near,20,1
000001128,2018-01-11,2018-01-11 20:00:00,20,core,5,1
000001128,2018-01-11,2018-01-11 23:00:00,23,core,52,1
000001128,2018-01-12,2018-01-12 00:00:00,0,core,23,1
000001128,2018-01-12,2018-01-12 02:00:00,2,core,19,1
000001128,2018-01-12,2018-01-12 03:00:00,3,core,23,1
000001128,2018-01-12,2018-01-12 06:00:00,6,core,10,1
000001128,2018-01-12,2018-01-12 09:00:00,9,outer,4,1
000001128,2018-01-12,2018-01-12 10:00:00,10,core,4,1
000001128,2018-01-12,2018-01-12 10:00:00,10,near,3,1
000001128,2018-01-12,2018-01-12 13:00:00,13,core,1,0
000001128,2018-01-12,2018-01-12 14:00:00,14,core,2,0
000001128,2018-01-12,2018-01-12 15:00:00,15,near,5,1
000001128,2018-01-12,2018-01-12 16:00:00,16,core,1,0
000001128,2018-01-12,2018-01-12 18:00:00,18,core,3,1
000001128,2018-01-12,2018-01-12 19:00:00,19,core,6,1
000001128,2018-01-12,2018-01-12 22:00:00,22,core,2,0
000001128,2018-01-12,2018-01-12 23:00:00,23,core,5,1
000001128,2018-01-12,2018-01-12 23:00:00,23,near,3,1
000001128,2018-01-13,2018-01-13 01:00:00,1,core,1,0
000001128,2018-01-13,2018-01-13 03:00:00,3,core,2,0
000001128,2018-01-13,2018-01-13 04:00:00,4,near,1,0
000001128,2018-01-13,2018-01-13 07:00:00,7,near,1,0
000001128,2018-01-13,2018-01-13 08:00:00,8,near,1,0
000001128,2018-01-13,2018-01-13 09:00:00,9,core,1,0
000001128,2018-01-13,2018-01-13 10:00:00,10,core,1,0
000001128,2018-01-13,2018-01-13 11:00:00,11,core,8,1
000001128,2018-01-13,2018-01-13 14:00:00,14,core,2,0
000001128,2018-01-13,2018-01-13 15:00:00,15,core,2,0
000001128,2018-01-13,2018-01-13 16:00:00,16,core,3,1
000001128,2018-01-13,2018-01-13 17:00:00,17,core,3,1
000001128,2018-01-13,2018-01-13 23:00:00,23,core,2,0
000001128,2018-01-14,2018-01-14 00:00:00,0,outer,2,0
000001128,2018-01-14,2018-01-14 02:00:00,2,outer,5,1
000001128,2018-01-14,2018-01-14 03:00:00,3,core,4,1
000001128,2018-01-14,2018-01-14 03:00:00,3,near,6,1
000001128,2018-01-14,2018-01-14 04:00:00,4,core,4,1
000001128,2018-01-14,2018-01-14 08:00:00,8,core,6,1
000001128,2018-01-14,2018-01-14 08:00:00,8,near,1,0
000001128,2018-01-14,2018-01-14 12:00:00,12,core,4,1
000001128,2018-01-14,2018-01-14 12:00:00,12,near,4,1
000001128,2018-01-14,2018-01-14 13:00:00,13,near,1,0
000001128,2018-01-15,2018-01-15 09:00:00,9,outer,5,1
000001128,2018-01-15,2018-01-15 10:00:00,10,core,1,0
000001128,2018-01-15,2018-01-15 11:00:00,11,core,4,1
000001128,2018-01-15,2018-01-15 15:00:00,15,core,8,1
000001128,2018-01-15,2018-01-15 16:00:00,16,core,2,0
000001128,2018-01-15,2018-01-15 18:00:00,18,core,3,1
000001128,2018-01-15,2018-01-15 18:00:00,18,near,1,0
000001128,2018-01-15,2018-01-15 19:00:00,19,near,4,1
000001128,2018-01-15,2018-01-15 20:00:00,20,near,2,0
000001128,2018-01-15,2018-01-15 22:00:00,22,core,5,1
000001128,2018-01-15,2018-01-15 22:00:00,22,near,1,0
000001128,2018-01-15,2018-01-15 23:00:00,23,near,1,0
000001128,2018-01-16,2018-01-16 02:00:00,2,core,1,0
000001128,2018-01-16,2018-01-16 02:00:00,2,near,2,0
000001128,2018-01-16,2018-01-16 03:00:00,3,core,4,1
000001128,2018-01-16,2018-01-16 06:00:00,6,core,1,0
000001128,2018-01-16,2018-01-16 07:00:00,7,core,1,0
000001128,2018-01-16,2018-01-16 07:00:00,7,near,3,1
000001128,2018-01-16,2018-01-16 08:00:00,8,core,1,0
000001128,2018-01-16,2018-01-16 08:00:00,8,near,1,0
000001128,2018-01-16,2018-01-16 11:00:00,11,core,2,0
000001128,2018-01-16,2018-01-16 15:00:00,15,core,3,1
000001128,2018-01-16,2018-01-16 15:00:00,15,near,8,1
000001128,2018-01-16,2018-01-16 16:00:00,16,core,1,0
000001128,2018-01-16,2018-01-16 18:00:00,18,core,6,1
000001128,2018-01-16,2018-01-16 19:00:00,19,near,4,1
000001128,2018-01-17,2018-01-17 01:00:00,1,core,2,0
000001128,2018-01-17,2018-01-17 02:00:00,2,core,2,0
000001128,2018-01-17,2018-01-17 02:00:00,2,near,4,1
000001128,2018-01-17,2018-01-17 03:00:00,3,core,1,0
000001128,2018-01-17,2018-01-17 03:00:00,3,near,2,0
000001128,2018-01-17,2018-01-17 06:00:00,6,core,2,0
000001128,2018-01-17,2018-01-17 07:00:00,7,core,2,0
000001128,2018-01-17,2018-01-17 10:00:00,10,core,3,1
000001128,2018-01-17,2018-01-17 10:00:00,10,near,1,0
000001128,2018-01-17,2018-01-17 11:00:00,11,near,4,1
000001128,2018-01-17,2018-01-17 14:00:00,14,core,2,0
000001128,2018-01-17,2018-01-17 16:00:00,16,core,1,0
000001128,2018-01-17,2018-01-17 17:00:00,17,core,1,0
000001128,2018-01-17,2018-01-17 18:00:00,18,core,1,0
000001128,2018-01-17,2018-01-17 19:00:00,19,core,1,0
000001128,2018-01-17,2018-01-17 20:00:00,20,core,1,0
000001128,2018-01-17,2018-01-17 23:00:00,23,core,2,0
000001128,2018-01-18,2018-01-18 03:00:00,3,core,1,0
000001128,2018-01-18,2018-01-18 06:00:00,6,outer,3,1
000001128,2018-01-18,2018-01-18 07:00:00,7,near,3,1
000001128,2018-01-18,2018-01-18 07:00:00,7,outer,2,0
000001128,2018-01-18,2018-01-18 08:00:00,8,near,2,0
000001128,2018-01-18,2018-01-18 11:00:00,11,core,2,0
000001128,2018-01-18,2018-01-18 12:00:00,12,core,2,0
000001128,2018-01-18,2018-01-18 15:00:00,15,core,1,0
000001128,2018-01-18,2018-01-18 18:00:00,18,near,55,1
000001128,2018-01-18,2018-01-18 19:00:00,19,near,7,1
000001128,2018-01-18,2018-01-18 22:00:00,22,core,1,0
000001128,2018-01-18,2018-01-18 23:00:00,23,core,2,0
000001128,2018-01-19,2018-01-19 07:00:00,7,core,5,1
000001128,2018-01-19,2018-01-19 08:00:00,8,core,6,1
000001128,2018-01-19,2018-01-19 11:00:00,11,core,45,1
000001128,2018-01-19,2018-01-19 13:00:00,13,core,24,1
000001128,2018-01-19,2018-01-19 14:00:00,14,core,10,1
000001128,2018-01-19,2018-01-19 15:00:00,15,core,59,1
000001128,2018-01-19,2018-01-19 15:00:00,15,near,11,1
000001128,2018-01-19,2018-01-19 16:00:00,16,outer,6,1
000001128,2018-01-19,2018-01-19 17:00:00,17,outer,71,1
000001128,2018-01-19,2018-01-19 18:00:00,18,near,34,1
000001128,2018-01-19,2018-01-19 18:00:00,18,outer,115,1
000001128,2018-01-19,2018-01-19 19:00:00,19,core,76,1
000001128,2018-01-19,2018-01-19 19:00:00,19,near,83,1
000001128,2018-01-19,2018-01-19 20:00:00,20,core,11,1
000001128,2018-01-19,2018-01-19 22:00:00,22,core,12,1
000001128,2018-01-19,2018-01-19 22:00:00,22,near,9,1
000001128,2018-01-19,2018-01-19 23:00:00,23,near,11,1
000001128,2018-01-20,2018-01-20 00:00:00,0,core,12,1
000001128,2018-01-20,2018-01-20 00:00:00,0,near,27,1
000001128,2018-01-20,2018-01-20 02:00:00,2,core,34,1
000001128,2018-01-20,2018-01-20 03:00:00,3,core,23,1
000001128,2018-01-20,2018-01-20 03:00:00,3,near,23,1
000001128,2018-01-20,2018-01-20 03:00:00,3,outer,1,0
000001128,2018-01-20,2018-01-20 04:00:00,4,core,22,1
000001128,2018-01-20,2018-01-20 04:00:00,4,near,29,1
000001128,2018-01-20,2018-01-20 06:00:00,6,core,108,1
000001128,2018-01-20,2018-01-20 07:00:00,7,core,22,1
000001128,2018-01-20,2018-01-20 08:00:00,8,core,11,1
000001128,2018-01-20,2018-01-20 10:00:00,10,core,32,1
000001128,2018-01-20,2018-01-20 11:00:00,11,core,10,1
000001128,2018-01-20,2018-01-20 13:00:00,13,core,23,1
000001128,2018-01-20,2018-01-20 14:00:00,14,core,8,1
000001128,2018-01-20,2018-01-20 15:00:00,15,core,82,1
000001128,2018-01-20,2018-01-20 18:00:00,18,core,10,1
000001128,2018-01-20,2018-01-20 19:00:00,19,core,52,1
000001128,2018-01-20,2018-01-20 22:00:00,22,core,86,1
000001128,2018-01-20,2018-01-20 22:00:00,22,near,9,1
000001128,2018-01-20,2018-01-20 23:00:00,23,near,3,1
000001128,2018-01-21,2018-01-21 00:00:00,0,core,4,1
000001128,2018-01-21,2018-01-21 00:00:00,0,near,23,1
000001128,2018-01-21,2018-01-21 03:00:00,3,core,14,1
000001128,2018-01-21,2018-01-21 03:00:00,3,near,39,1
000001128,2018-01-21,2018-01-21 04:00:00,4,near,181,1
000001128,2018-01-21,2018-01-21 05:00:00,5,core,6,1
000001128,2018-01-21,2018-01-21 05:00:00,5,near,10,1
000001128,2018-01-21,2018-01-21 08:00:00,8,core,39,1
000001128,2018-01-21,2018-01-21 10:00:00,10,core,11,1
000001128,2018-01-21,2018-01-21 11:00:00,11,core,67,1
000001128,2018-01-21,2018-01-21 13:00:00,13,core,31,1
000001128,2018-01-21,2018-01-21 14:00:00,14,core,19,1
000001128,2018-01-21,2018-01-21 16:00:00,16,core,23,1
000001128,2018-01-21,2018-01-21 16:00:00,16,near,34,1
000001128,2018-01-21,2018-01-21 17:00:00,17,core,83,1
000001128,2018-01-21,2018-01-21 17:00:00,17,near,53,1
000001128,2018-01-21,2018-01-21 18:00:00,18,core,121,1
000001128,2018-01-21,2018-01-21 18:00:00,18,near,22,1
000001128,2018-01-21,2018-01-21 19:00:00,19,core,163,1
000001128,2018-01-21,2018-01-21 19:00:00,19,near,9,1
000001128,2018-01-21,2018-01-21 20:00:00,20,core,32,1
000001128,2018-01-21,2018-01-21 20:00:00,20,near,45,1
000001128,2018-01-22,2018-01-22 03:00:00,3,core,46,1
000001128,2018-01-22,2018-01-22 04:00:00,4,core,40,1
000001128,2018-01-22,2018-01-22 06:00:00,6,core,144,1
000001128,2018-01-22,2018-01-22 07:00:00,7,core,68,1
000001128,2018-01-22,2018-01-22 12:00:00,12,core,9,1
000001128,2018-01-22,2018-01-22 15:00:00,15,outer,110,1
000001128,2018-01-22,2018-01-22 16:00:00,16,near,49,1
000001128,2018-01-22,2018-01-22 16:00:00,16,outer,253,1
000001128,2018-01-22,2018-01-22 17:00:00,17,core,137,1
000001128,2018-01-22,2018-01-22 17:00:00,17,near,135,1
000001128,2018-01-22,2018-01-22 18:00:00,18,core,1,0
000001128,2018-01-22,2018-01-22 19:00:00,19,core,16,1
000001128,2018-01-22,2018-01-22 21:00:00,21,core,16,1
000001128,2018-01-22,2018-01-22 22:00:00,22,core,84,1
000001128,2018-01-22,2018-01-22 22:00:00,22,near,13,1
000001128,2018-01-23,2018-01-23 03:00:00,3,core,44,1
000001128,2018-01-23,2018-01-23 06:00:00,6,core,73,1
000001128,2018-01-23,2018-01-23 07:00:00,7,core,53,1
000001128,2018-01-23,2018-01-23 07:00:00,7,near,4,1
000001128,2018-01-23,2018-01-23 08:00:00,8,core,18,1
000001128,2018-01-23,2018-01-23 11:00:00,11,core,17,1
000001128,2018-01-23,2018-01-23 11:00:00,11,near,14,1
000001128,2018-01-23,2018-01-23 12:00:00,12,core,16,1
000001128,2018-01-23,2018-01-23 12:00:00,12,near,11,1
000001128,2018-01-23,2018-01-23 19:00:00,19,core,72,1
000001128,2018-01-23,2018-01-23 19:00:00,19,near,59,1
000001128,2018-01-23,2018-01-23 20:00:00,20,core,18,1
000001128,2018-01-23,2018-01-23 20:00:00,20,near,15,1
000001128,2018-01-23,2018-01-23 21:00:00,21,core,48,1
000001128,2018-01-23,2018-01-23 23:00:00,23,core,4,1
000001128,2018-01-24,2018-01-24 00:00:00,0,core,9,1
000001128,2018-01-24,2018-01-24 00:00:00,0,near,10,1
000001128,2018-01-24,2018-01-24 01:00:00,1,core,37,1
000001128,2018-01-24,2018-01-24 01:00:00,1,near,23,1
000001128,2018-01-24,2018-01-24 02:00:00,2,core,22,1
000001128,2018-01-24,2018-01-24 05:00:00,5,core,24,1
000001128,2018-01-24,2018-01-24 05:00:00,5,near,19,1
000001128,2018-01-24,2018-01-24 06:00:00,6,outer,108,1
000001128,2018-01-24,2018-01-24 07:00:00,7,outer,213,1
000001128,2018-01-24,2018-01-24 08:00:00,8,near,78,1
000001128,2018-01-24,2018-01-24 08:00:00,8,outer,154,1
000001128,2018-01-24,2018-01-24 09:00:00,9,core,105,1
000001128,2018-01-24,2018-01-24 09:00:00,9,near,30,1
000001128,2018-01-24,2018-01-24 11:00:00,11,core,17,1
000001128,2018-01-24,2018-01-24 12:00:00,12,core,19,1
000001128,2018-01-24,2018-01-24 14:00:00,14,core,67,1
000001128,2018-01-24,2018-01-24 15:00:00,15,core,18,1
000001128,2018-01-24,2018-01-24 15:00:00,15,near,29,1
000001128,2018-01-24,2018-01-24 16:00:00,16,core,11,1
000001128,2018-01-24,2018-01-24 16:00:00,16,near,47,1
000001128,2018-01-24,2018-01-24 18:00:00,18,core,44,1
000001128,2018-01-24,2018-01-24 18:00:00,18,near,40,1
000001128,2018-01-24,2018-01-24 19:00:00,19,core,185,1
000001128,2018-01-24,2018-01-24 19:00:00,19,near,16,1
000001128,2018-01-24,2018-01-24 20:00:00,20,near,3,1
000001128,2018-01-24,2018-01-24 21:00:00,21,core,44,1
000001128,2018-01-24,2018-01-24 21:00:00,21,near,1,0
000001128,2018-01-24,2018-01-24 23:00:00,23,core,66,1
000001129,2018-01-01,2018-01-01 02:00:00,2,core,57,1
000001129,2018-01-01,2018-01-01 03:00:00,3,core,101,1
000001129,2018-01-01,2018-01-01 06:00:00,6,core,61,1
000001129,2018-01-01,2018-01-01 06:00:00,6,near,30,1
000001129,2018-01-01,2018-01-01 07:00:00,7,near,197,1
000001129,2018-01-01,2018-01-01 08:00:00,8,core,40,1
000001129,2018-01-01,2018-01-01 10:00:00,10,core,40,1
000001129,2018-01-01,2018-01-01 11:00:00,11,core,178,1
000001129,2018-01-01,2018-01-01 14:00:00,14,core,324,1
000001129,2018-01-01,2018-01-01 15:00:00,15,core,158,1
000001129,2018-01-01,2018-01-01 16:00:00,16,core,50,1
000001129,2018-01-01,2018-01-01 18:00:00,18,core,54,1
000001129,2018-01-01,2018-01-01 18:00:00,18,near,205,1
000001129,2018-01-01,2018-01-01 19:00:00,19,near,377,1
000001129,2018-01-01,2018-01-01 20:00:00,20,near,43,1
000001129,2018-01-01,2018-01-01 21:00:00,21,core,148,1
000001129,2018-01-01,2018-01-01 21:00:00,21,near,83,1
000001129,2018-01-01,2018-01-01 21:00:00,21,outer,1,0
000001129,2018-01-01,2018-01-01 23:00:00,23,core,115,1
000001129,2018-01-01,2018-01-01 23:00:00,23,near,194,1
000001129,2018-01-01,2018-01-01 23:00:00,23,outer,205,1
000001129,2018-01-02,2018-01-02 00:00:00,0,outer,648,1
000001129,2018-01-02,2018-01-02 01:00:00,1,outer,103,1
000001129,2018-01-02,2018-01-02 02:00:00,2,near,42,1
000001129,2018-01-02,2018-01-02 02:00:00,2,outer,275,1
000001129,2018-01-02,2018-01-02 03:00:00,3,core,215,1
000001129,2018-01-02,2018-01-02 03:00:00,3,near,163,1
000001129,2018-01-02,2018-01-02 04:00:00,4,core,53,1
000001129,2018-01-02,2018-01-02 08:00:00,8,core,118,1
000001129,2018-01-02,2018-01-02 08:00:00,8,near,221,1
000001129,2018-01-02,2018-01-02 08:00:00,8,outer,88,1
000001129,2018-01-02,2018-01-02 09:00:00,9,outer,354,1
000001129,2018-01-02,2018-01-02 10:00:00,10,core,37,1
000001129,2018-01-02,2018-01-02 10:00:00,10,near,66,1
000001129,2018-01-02,2018-01-02 12:00:00,12,near,9,1
000001129,2018-01-02,2018-01-02 13:00:00,13,core,40,1
000001129,2018-01-02,2018-01-02 13:00:00,13,near,233,1
000001129,2018-01-02,2018-01-02 14:00:00,14,core,129,1
000001129,2018-01-02,2018-01-02 14:00:00,14,near,174,1
000001129,2018-01-02,2018-01-02 15:00:00,15,core,19,1
000001129,2018-01-02,2018-01-02 15:00:00,15,near,168,1
000001129,2018-01-02,2018-01-02 15:00:00,15,outer,134,1
000001129,2018-01-02,2018-01-02 16:00:00,16,core,71,1
000001129,2018-01-02,2018-01-02 16:00:00,16,near,154,1
000001129,2018-01-02,2018-01-02 16:00:00,16,outer,162,1
000001129,2018-01-02,2018-01-02 18:00:00,18,core,227,1
000001129,2018-01-02,2018-01-02 19:00:00,19,core,51,1
000001129,2018-01-02,2018-01-02 21:00:00,21,core,192,1
000001129,2018-01-02,2018-01-02 21:00:00,21,near,50,1
000001129,2018-01-02,2018-01-02 22:00:00,22,core,93,1
000001129,2018-01-02,2018-01-02 22:00:00,22,near,32,1
000001129,2018-01-03,2018-01-03 03:00:00,3,core,81,1
000001129,2018-01-03,2018-01-03 03:00:00,3,near,222,1
000001129,2018-01-03,2018-01-03 04:00:00,4,core,36,1
000001129,2018-01-03,2018-01-03 07:00:00,7,core,211,1
000001129,2018-01-03,2018-01-03 10:00:00,10,core,34,1
000001129,2018-01-03,2018-01-03 11:00:00,11,core,103,1
000001129,2018-01-03,2018-01-03 16:00:00,16,core,117,1
000001129,2018-01-03,2018-01-03 17:00:00,17,core,54,1
000001129,2018-01-03,2018-01-03 18:00:00,18,core,67,1
000001129,2018-01-03,2018-01-03 18:00:00,18,near,69,1
000001129,2018-01-03,2018-01-03 19:00:00,19,core,90,1
000001129,2018-01-03,2018-01-03 23:00:00,23,core,72,1
000001129,2018-01-03,2018-01-03 23:00:00,23,near,15,1
000001129,2018-01-03,2018-01-03 23:00:00,23,outer,62,1
000001129,2018-01-04,2018-01-04 00:00:00,0,outer,260,1
000001129,2018-01-04,2018-01-04 01:00:00,1,outer,2,0
000001129,2018-01-04,2018-01-04 02:00:00,2,outer,97,1
000001129,2018-01-04,2018-01-04 03:00:00,3,near,58,1
000001129,2018-01-04,2018-01-04 03:00:00,3,outer,196,1
000001129,2018-01-04,2018-01-04 04:00:00,4,near,315,1
000001129,2018-01-04,2018-01-04 05:00:00,5,core,29,1
000001129,2018-01-04,2018-01-04 05:00:00,5,near,87,1
000001129,2018-01-04,2018-01-04 07:00:00,7,core,162,1
000001129,2018-01-04,2018-01-04 08:00:00,8,core,40,1
000001129,2018-01-04,2018-01-04 09:00:00,9,core,16,1
000001129,2018-01-04,2018-01-04 10:00:00,10,core,64,1
000001129,2018-01-04,2018-01-04 11:00:00,11,core,120,1
000001129,2018-01-04,2018-01-04 14:00:00,14,core,192,1
000001129,2018-01-04,2018-01-04 14:00:00,14,near,65,1
000001129,2018-01-04,2018-01-04 15:00:00,15,core,166,1
000001129,2018-01-04,2018-01-04 15:00:00,15,near,152,1
000001129,2018-01-04,2018-01-04 16:00:00,16,core,70,1
000001129,2018-01-04,2018-01-04 16:00:00,16,near,141,1
000001129,2018-01-04,2018-01-04 22:00:00,22,core,47,1
000001129,2018-01-04,2018-01-04 23:00:00,23,core,59,1
000001129,2018-01-05,2018-01-05 03:00:00,3,core,115,1
000001129,2018-01-05,2018-01-05 04:00:00,4,core,45,1
000001129,2018-01-05,2018-01-05 06:00:00,6,core,260,1
000001129,2018-01-05,2018-01-05 07:00:00,7,core,218,1
000001129,2018-01-05,2018-01-05 08:00:00,8,core,56,1
000001129,2018-01-05,2018-01-05 09:00:00,9,core,135,1
000001129,2018-01-05,2018-01-05 10:00:00,10,core,194,1
000001129,2018-01-05,2018-01-05 10:00:00,10,near,87,1
000001129,2018-01-05,2018-01-05 11:00:00,11,core,128,1
000001129,2018-01-05,2018-01-05 11:00:00,11,near,176,1
000001129,2018-01-05,2018-01-05 12:00:00,12,core,39,1
000001129,2018-01-05,2018-01-05 12:00:00,12,outer,1,0
000001129,2018-01-05,2018-01-05 13:00:00,13,core,53,1
000001129,2018-01-05,2018-01-05 14:00:00,14,core,17,1
000001129,2018-01-05,2018-01-05 14:00:00,14,near,173,1
000001129,2018-01-05,2018-01-05 15:00:00,15,core,57,1
000001129,2018-01-05,2018-01-05 15:00:00,15,near,139,1
000001129,2018-01-05,2018-01-05 18:00:00,18,core,41,1
000001129,2018-01-05,2018-01-05 19:00:00,19,core,153,1
000001129,2018-01-05,2018-01-05 20:00:00,20,core,127,1
000001129,2018-01-05,2018-01-05 21:00:00,21,core,174,1
000001129,2018-01-06,2018-01-06 03:00:00,3,core,192,1
000001129,2018-01-06,2018-01-06 03:00:00,3,near,71,1
000001129,2018-01-06,2018-01-06 06:00:00,6,core,210,1
000001129,2018-01-06,2018-01-06 07:00:00,7,core,143,1
000001129,2018-01-06,2018-01-06 09:00:00,9,core,67,1
000001129,2018-01-06,2018-01-06 10:00:00,10,core,29,1
000001129,2018-01-06,2018-01-06 10:00:00,10,near,232,1
000001129,2018-01-06,2018-01-06 11:00:00,11,near,95,1
000001129,2018-01-06,2018-01-06 12:00:00,12,core,112,1
000001129,2018-01-06,2018-01-06 12:00:00,12,near,147,1
000001129,2018-01-06,2018-01-06 14:00:00,14,core,41,1
000001129,2018-01-06,2018-01-06 14:00:00,14,near,19,1
000001129,2018-01-06,2018-01-06 15:00:00,15,core,89,1
000001129,2018-01-06,2018-01-06 15:00:00,15,near,79,1
000001129,2018-01-06,2018-01-06 18:00:00,18,core,129,1
000001129,2018-01-06,2018-01-06 18:00:00,18,near,16,1
000001129,2018-01-06,2018-01-06 19:00:00,19,core,53,1
000001129,2018-01-06,2018-01-06 23:00:00,23,core,288,1
000001129,2018-01-06,2018-01-06 23:00:00,23,near,1,0
000001129,2018-01-07,2018-01-07 00:00:00,0,core,63,1
000001129,2018-01-07,2018-01-07 02:00:00,2,core,124,1
000001129,2018-01-07,2018-01-07 03:00:00,3,core,33,1
000001129,2018-01-07,2018-01-07 03:00:00,3,near,65,1
000001129,2018-01-07,2018-01-07 03:00:00,3,outer,1,0
000001129,2018-01-07,2018-01-07 04:00:00,4,core,67,1
000001129,2018-01-07,2018-01-07 04:00:00,4,near,43,1
000001129,2018-01-07,2018-01-07 06:00:00,6,core,278,1
000001129,2018-01-07,2018-01-07 06:00:00,6,near,67,1
000001129,2018-01-07,2018-01-07 07:00:00,7,core,81,1
000001129,2018-01-07,2018-01-07 08:00:00,8,core,78,1
000001129,2018-01-07,2018-01-07 10:00:00,10,core,109,1
000001129,2018-01-07,2018-01-07 11:00:00,11,core,48,1
000001129,2018-01-07,2018-01-07 12:00:00,12,core,45,1
000001129,2018-01-07,2018-01-07 12:00:00,12,near,40,1
000001129,2018-01-07,2018-01-07 13:00:00,13,core,45,1
000001129,2018-01-07,2018-01-07 13:00:00,13,near,136,1
000001129,2018-01-07,2018-01-07 16:00:00,16,core,121,1
000001129,2018-01-07,2018-01-07 17:00:00,17,core,50,1
000001129,2018-01-07,2018-01-07 18:00:00,18,core,94,1
000001129,2018-01-07,2018-01-07 20:00:00,20,core,156,1
000001129,2018-01-07,2018-01-07 21:00:00,21,core,44,1
000001129,2018-01-08,2018-01-08 03:00:00,3,core,112,1
000001129,2018-01-08,2018-01-08 04:00:00,4,core,120,1
000001129,2018-01-08,2018-01-08 07:00:00,7,core,74,1
000001129,2018-01-08,2018-01-08 08:00:00,8,core,49,1
000001129,2018-01-08,2018-01-08 09:00:00,9,core,22,1
000001129,2018-01-08,2018-01-08 09:00:00,9,near,5,1
000001129,2018-01-08,2018-01-08 09:00:00,9,outer,90,1
000001129,2018-01-08,2018-01-08 10:00:00,10,core,16,1
000001129,2018-01-08,2018-01-08 10:00:00,10,near,149,1
000001129,2018-01-08,2018-01-08 10:00:00,10,outer,77,1
000001129,2018-01-08,2018-01-08 11:00:00,11,core,102,1
000001129,2018-01-08,2018-01-08 11:00:00,11,near,48,1
000001129,2018-01-08,2018-01-08 12:00:00,12,core,74,1
000001129,2018-01-08,2018-01-08 12:00:00,12,near,86,1
000001129,2018-01-08,2018-01-08 13:00:00,13,core,3,1
000001129,2018-01-08,2018-01-08 13:00:00,13,near,61,1
000001129,2018-01-08,2018-01-08 14:00:00,14,near,125,1
000001129,2018-01-08,2018-01-08 14:00:00,14,outer,185,1
000001129,2018-01-08,2018-01-08 15:00:00,15,core,207,1
000001129,2018-01-08,2018-01-08 15:00:00,15,near,95,1
000001129,2018-01-08,2018-01-08 16:00:00,16,core,45,1
000001129,2018-01-08,2018-01-08 16:00:00,16,near,49,1
000001129,2018-01-08,2018-01-08 19:00:00,19,core,98,1
000001129,2018-01-08,2018-01-08 20:00:00,20,core,128,1
000001129,2018-01-08,2018-01-08 20:00:00,20,near,118,1
000001129,2018-01-08,2018-01-08 21:00:00,21,core,37,1
000001129,2018-01-08,2018-01-08 21:00:00,21,near,57,1
000001129,2018-01-09,2018-01-09 00:00:00,0,core,216,1
000001129,2018-01-09,2018-01-09 01:00:00,1,core,75,1
000001129,2018-01-09,2018-01-09 03:00:00,3,core,87,1
000001129,2018-01-09,2018-01-09 03:00:00,3,near,121,1
000001129,2018-01-09,2018-01-09 03:00:00,3,outer,8,1
000001129,2018-01-09,2018-01-09 04:00:00,4,outer,148,1
000001129,2018-01-09,2018-01-09 07:00:00,7,outer,6,1
000001129,2018-01-09,2018-01-09 08:00:00,8,core,2,0
000001129,2018-01-09,2018-01-09 08:00:00,8,near,10,1
000001129,2018-01-09,2018-01-09 08:00:00,8,outer,4,1
000001129,2018-01-09,2018-01-09 09:00:00,9,core,99,1
000001129,2018-01-09,2018-01-09 10:00:00,10,core,59,1
000001129,2018-01-09,2018-01-09 10:00:00,10,near,13,1
000001129,2018-01-09,2018-01-09 11:00:00,11,near,11,1
000001129,2018-01-09,2018-01-09 12:00:00,12,core,33,1
000001129,2018-01-09,2018-01-09 12:00:00,12,near,67,1
000001129,2018-01-09,2018-01-09 15:00:00,15,core,82,1
000001129,2018-01-09,2018-01-09 15:00:00,15,near,27,1
000001129,2018-01-09,2018-01-09 18:00:00,18,core,11,1
000001129,2018-01-09,2018-01-09 19:00:00,19,core,65,1
000001129,2018-01-09,2018-01-09 19:00:00,19,near,55,1
000001129,2018-01-09,2018-01-09 20:00:00,20,core,15,1
000001129,2018-01-09,2018-01-09 20:00:00,20,near,31,1
000001129,2018-01-09,2018-01-09 23:00:00,23,core,104,1
000001129,2018-01-09,2018-01-09 23:00:00,23,near,24,1
000001129,2018-01-10,2018-01-10 00:00:00,0,core,23,1
000001129,2018-01-10,2018-01-10 03:00:00,3,core,2,0
000001129,2018-01-10,2018-01-10 04:00:00,4,outer,11,1
000001129,2018-01-10,2018-01-10 05:00:00,5,outer,9,1
000001129,2018-01-10,2018-01-10 06:00:00,6,outer,3,1
000001129,2018-01-10,2018-01-10 07:00:00,7,outer,10,1
000001129,2018-01-10,2018-01-10 08:00:00,8,near,13,1
000001129,2018-01-10,2018-01-10 08:00:00,8,outer,2,0
000001129,2018-01-10,2018-01-10 09:00:00,9,near,1,0
000001129,2018-01-10,2018-01-10 11:00:00,11,core,62,1
000001129,2018-01-10,2018-01-10 11:00:00,11,near,53,1
000001129,2018-01-10,2018-01-10 12:00:00,12,core,74,1
000001129,2018-01-10,2018-01-10 18:00:00,18,core,140,1
000001129,2018-01-10,2018-01-10 18:00:00,18,near,10,1
000001129,2018-01-10,2018-01-10 19:00:00,19,core,95,1
000001129,2018-01-10,2018-01-10 20:00:00,20,core,90,1
000001129,2018-01-10,2018-01-10 22:00:00,22,core,60,1
000001129,2018-01-10,2018-01-10 22:00:00,22,near,55,1
000001129,2018-01-10,2018-01-10 23:00:00,23,near,47,1
000001129,2018-01-11,2018-01-11 00:00:00,0,core,43,1
000001129,2018-01-11,2018-01-11 00:00:00,0,near,26,1
000001129,2018-01-11,2018-01-11 03:00:00,3,core,174,1
000001129,2018-01-11,2018-01-11 04:00:00,4,core,72,1
000001129,2018-01-11,2018-01-11 06:00:00,6,core,94,1
000001129,2018-01-11,2018-01-11 06:00:00,6,near,77,1
000001129,2018-01-11,2018-01-11 07:00:00,7,near,122,1
000001129,2018-01-11,2018-01-11 08:00:00,8,core,9,1
000001129,2018-01-11,2018-01-11 08:00:00,8,near,1,0
000001129,2018-01-11,2018-01-11 10:00:00,10,core,2,0
000001129,2018-01-11,2018-01-11 10:00:00,10,near,1,0
000001129,2018-01-11,2018-01-11 11:00:00,11,outer,4,1
000001129,2018-01-11,2018-01-11 12:00:00,12,outer,3,1
000001129,2018-01-11,2018-01-11 13:00:00,13,outer,8,1
000001129,2018-01-11,2018-01-11 14:00:00,14,near,80,1
000001129,2018-01-11,2018-01-11 14:00:00,14,outer,3,1
000001129,2018-01-11,2018-01-11 15:00:00,15,near,83,1
000001129,2018-01-11,2018-01-11 17:00:00,17,near,32,1
000001129,2018-01-11,2018-01-11 17:00:00,17,outer,15,1
000001129,2018-01-11,2018-01-11 18:00:00,18,core,53,1
000001129,2018-01-11,2018-01-11 18:00:00,18,outer,44,1
000001129,2018-01-11,2018-01-11 19:00:00,19,core,104,1
000001129,2018-01-11,2018-01-11 19:00:00,19,near,52,1
000001129,2018-01-11,2018-01-11 20:00:00,20,core,1,0
000001129,2018-01-11,2018-01-11 23:00:00,23,core,112,1
000001129,2018-01-12,2018-01-12 00:00:00,0,core,49,1
000001129,2018-01-12,2018-01-12 02:00:00,2,core,111,1
000001129,2018-01-12,2018-01-12 03:00:00,3,core,62,1
000001129,2018-01-12,2018-01-12 06:00:00,6,core,19,1
000001129,2018-01-12,2018-01-12 11:00:00,11,core,10,1
000001129,2018-01-12,2018-01-12 14:00:00,14,core,2,0
000001129,2018-01-12,2018-01-12 15:00:00,15,core,1,0
000001129,2018-01-12,2018-01-12 15:00:00,15,near,12,1
000001129,2018-01-12,2018-01-12 16:00:00,16,near,5,1
000001129,2018-01-12,2018-01-12 18:00:00,18,core,4,1
000001129,2018-01-12,2018-01-12 19:00:00,19,core,5,1
000001129,2018-01-12,2018-01-12 20:00:00,20,core,1,0
000001129,2018-01-12,2018-01-12 22:00:00,22,core,4,1
000001129,2018-01-12,2018-01-12 22:00:00,22,near,6,1
000001129,2018-01-12,2018-01-12 23:00:00,23,near,2,0
000001129,2018-01-13,2018-01-13 05:00:00,5,core,2,0
000001129,2018-01-13,2018-01-13 05:00:00,5,outer,3,1
000001129,2018-01-13,2018-01-13 06:00:00,6,outer,16,1
000001129,2018-01-13,2018-01-13 07:00:00,7,outer,8,1
000001129,2018-01-13,2018-01-13 08:00:00,8,outer,4,1
000001129,2018-01-13,2018-01-13 10:00:00,10,outer,7,1
000001129,2018-01-13,2018-01-13 11:00:00,11,outer,10,1
000001129,2018-01-13,2018-01-13 12:00:00,12,outer,12,1
000001129,2018-01-13,2018-01-13 13:00:00,13,outer,3,1
000001129,2018-01-13,2018-01-13 16:00:00,16,core,3,1
000001129,2018-01-13,2018-01-13 16:00:00,16,near,2,0
000001129,2018-01-13,2018-01-13 17:00:00,17,core,2,0
000001129,2018-01-13,2018-01-13 22:00:00,22,core,5,1
000001129,2018-01-13,2018-01-13 22:00:00,22,near,4,1
000001129,2018-01-13,2018-01-13 23:00:00,23,core,4,1
000001129,2018-01-14,2018-01-14 00:00:00,0,core,2,0
000001129,2018-01-14,2018-01-14 03:00:00,3,core,2,0
000001129,2018-01-14,2018-01-14 04:00:00,4,core,1,0
000001129,2018-01-14,2018-01-14 05:00:00,5,core,4,1
000001129,2018-01-14,2018-01-14 07:00:00,7,core,1,0
000001129,2018-01-14,2018-01-14 07:00:00,7,near,3,1
000001129,2018-01-14,2018-01-14 07:00:00,7,outer,3,1
000001129,2018-01-14,2018-01-14 08:00:00,8,outer,12,1
000001129,2018-01-14,2018-01-14 11:00:00,11,outer,2,0
000001129,2018-01-14,2018-01-14 12:00:00,12,near,2,0
000001129,2018-01-14,2018-01-14 12:00:00,12,outer,5,1
000001129,2018-01-14,2018-01-14 13:00:00,13,near,4,1
000001129,2018-01-15,2018-01-15 10:00:00,10,core,3,1
000001129,2018-01-15,2018-01-15 11:00:00,11,core,4,1
000001129,2018-01-15,2018-01-15 15:00:00,15,core,11,1
000001129,2018-01-15,2018-01-15 16:00:00,16,core,2,0
000001129,2018-01-15,2018-01-15 18:00:00,18,core,6,1
000001129,2018-01-15,2018-01-15 18:00:00,18,near,5,1
000001129,2018-01-15,2018-01-15 19:00:00,19,near,5,1
000001129,2018-01-15,2018-01-15 20:00:00,20,core,1,0
000001129,2018-01-15,2018-01-15 22:00:00,22,core,3,1
000001129,2018-01-15,2018-01-15 22:00:00,22,near,2,0
000001129,2018-01-15,2018-01-15 23:00:00,23,core,2,0
000001129,2018-01-15,2018-01-15 23:00:00,23,near,2,0
000001129,2018-01-16,2018-01-16 02:00:00,2,core,1,0
000001129,2018-01-16,2018-01-16 02:00:00,2,near,3,1
000001129,2018-01-16,2018-01-16 03:00:00,3,core,4,1
000001129,2018-01-16,2018-01-16 03:00:00,3,near,1,0
000001129,2018-01-16,2018-01-16 06:00:00,6,core,2,0
000001129,2018-01-16,2018-01-16 07:00:00,7,core,2,0
000001129,2018-01-16,2018-01-16 07:00:00,7,near,4,1
000001129,2018-01-16,2018-01-16 08:00:00,8,near,3,1
000001129,2018-01-16,2018-01-16 08:00:00,8,outer,1,0
000001129,2018-01-16,2018-01-16 09:00:00,9,core,1,0
000001129,2018-01-16,2018-01-16 09:00:00,9,near,3,1
000001129,2018-01-16,2018-01-16 09:00:00,9,outer,2,0
000001129,2018-01-16,2018-01-16 10:00:00,10,core,1,0
000001129,2018-01-16,2018-01-16 11:00:00,11,core,6,1
000001129,2018-01-16,2018-01-16 15:00:00,15,core,6,1
000001129,2018-01-16,2018-01-16 15:00:00,15,near,5,1
000001129,2018-01-16,2018-01-16 16:00:00,16,core,4,1
000001129,2018-01-16,2018-01-16 16:00:00,16,near,1,0
000001129,2018-01-16,2018-01-16 18:00:00,18,core,6,1
000001129,2018-01-16,2018-01-16 18:00:00,18,near,2,0
000001129,2018-01-16,2018-01-16 19:00:00,19,core,1,0
000001129,2018-01-16,2018-01-16 19:00:00,19,near,3,1
000001129,2018-01-17,2018-01-17 01:00:00,1,core,1,0
000001129,2018-01-17,2018-01-17 02:00:00,2,core,3,1
000001129,2018-01-17,2018-01-17 02:00:00,2,near,5,1
000001129,2018-01-17,2018-01-17 03:00:00,3,core,2,0
000001129,2018-01-17,2018-01-17 03:00:00,3,near,1,0
000001129,2018-01-17,2018-01-17 06:00:00,6,core,2,0
000001129,2018-01-17,2018-01-17 07:00:00,7,core,4,1
000001129,2018-01-17,2018-01-17 08:00:00,8,core,1,0
000001129,2018-01-17,2018-01-17 10:00:00,10,core,2,0
000001129,2018-01-17,2018-01-17 10:00:00,10,near,2,0
000001129,2018-01-17,2018-01-17 11:00:00,11,near,6,1
000001129,2018-01-17,2018-01-17 12:00:00,12,near,1,0
000001129,2018-01-17,2018-01-17 14:00:00,14,core,5,1
000001129,2018-01-17,2018-01-17 15:00:00,15,core,3,1
000001129,2018-01-17,2018-01-17 15:00:00,15,near,1,0
000001129,2018-01-17,2018-01-17 17:00:00,17,core,2,0
000001129,2018-01-17,2018-01-17 18:00:00,18,core,5,1
000001129,2018-01-17,2018-01-17 19:00:00,19,core,5,1
000001129,2018-01-17,2018-01-17 20:00:00,20,core,1,0
000001129,2018-01-17,2018-01-17 23:00:00,23,core,7,1
000001129,2018-01-18,2018-01-18 00:00:00,0,core,7,1
000001129,2018-01-18,2018-01-18 03:00:00,3,core,3,1
000001129,2018-01-18,2018-01-18 03:00:00,3,outer,1,0
000001129,2018-01-18,2018-01-18 04:00:00,4,outer,1,0
000001129,2018-01-18,2018-01-18 06:00:00,6,outer,5,1
000001129,2018-01-18,2018-01-18 07:00:00,7,core,5,1
000001129,2018-01-18,2018-01-18 07:00:00,7,near,5,1
000001129,2018-01-18,2018-01-18 07:00:00,7,outer,2,0
000001129,2018-01-18,2018-01-18 08:00:00,8,core,2,0
000001129,2018-01-18,2018-01-18 09:00:00,9,core,2,0
000001129,2018-01-18,2018-01-18 11:00:00,11,core,5,1
000001129,2018-01-18,2018-01-18 12:00:00,12,core,4,1
000001129,2018-01-18,2018-01-18 15:00:00,15,core,2,0
000001129,2018-01-18,2018-01-18 15:00:00,15,near,2,0
000001129,2018-01-18,2018-01-18 18:00:00,18,near,62,1
000001129,2018-01-18,2018-01-18 19:00:00,19,near,23,1
000001129,2018-01-18,2018-01-18 20:00:00,20,core,1,0
000001129,2018-01-18,2018-01-18 22:00:00,22,core,1,0
000001129,2018-01-18,2018-01-18 23:00:00,23,core,5,1
000001129,2018-01-19,2018-01-19 07:00:00,7,core,5,1
000001129,2018-01-19,2018-01-19 08:00:00,8,core,1,0
000001129,2018-01-19,2018-01-19 10:00:00,10,core,34,1
000001129,2018-01-19,2018-01-19 10:00:00,10,near,45,1
000001129,2018-01-19,2018-01-19 11:00:00,11,near,6,1
000001129,2018-01-19,2018-01-19 12:00:00,12,near,137,1
000001129,2018-01-19,2018-01-19 12:00:00,12,outer,123,1
000001129,2018-01-19,2018-01-19 13:00:00,13,outer,294,1
000001129,2018-01-19,2018-01-19 14:00:00,14,outer,357,1
000001129,2018-01-19,2018-01-19 15:00:00,15,outer,335,1
000001129,2018-01-19,2018-01-19 16:00:00,16,outer,205,1
000001129,2018-01-19,2018-01-19 17:00:00,17,outer,178,1
000001129,2018-01-19,2018-01-19 18:00:00,18,outer,106,1
000001129,2018-01-19,2018-01-19 19:00:00,19,core,2,0
000001129,2018-01-19,2018-01-19 19:00:00,19,outer,45,1
000001129,2018-01-19,2018-01-19 20:00:00,20,core,22,1
000001129,2018-01-20,2018-01-20 02:00:00,2,core,73,1
000001129,2018-01-20,2018-01-20 03:00:00,3,core,119,1
000001129,2018-01-20,2018-01-20 03:00:00,3,near,44,1
000001129,2018-01-20,2018-01-20 04:00:00,4,core,60,1
000001129,2018-01-20,2018-01-20 04:00:00,4,near,64,1
000001129,2018-01-20,2018-01-20 06:00:00,6,core,179,1
000001129,2018-01-20,2018-01-20 07:00:00,7,core,72,1
000001129,2018-01-20,2018-01-20 08:00:00,8,core,26,1
000001129,2018-01-20,2018-01-20 10:00:00,10,core,92,1
000001129,2018-01-20,2018-01-20 11:00:00,11,core,21,1
000001129,2018-01-20,2018-01-20 13:00:00,13,core,80,1
000001129,2018-01-20,2018-01-20 14:00:00,14,core,64,1
000001129,2018-01-20,2018-01-20 15:00:00,15,core,177,1
000001129,2018-01-20,2018-01-20 15:00:00,15,near,20,1
000001129,2018-01-20,2018-01-20 16:00:00,16,core,14,1
000001129,2018-01-20,2018-01-20 16:00:00,16,near,77,1
000001129,2018-01-20,2018-01-20 18:00:00,18,core,36,1
000001129,2018-01-20,2018-01-20 19:00:00,19,core,188,1
000001129,2018-01-20,2018-01-20 19:00:00,19,near,24,1
000001129,2018-01-20,2018-01-20 22:00:00,22,core,132,1
000001129,2018-01-20,2018-01-20 22:00:00,22,near,33,1
000001129,2018-01-20,2018-01-20 23:00:00,23,core,21,1
000001129,2018-01-20,2018-01-20 23:00:00,23,near,46,1
000001129,2018-01-21,2018-01-21 00:00:00,0,core,1,0
000001129,2018-01-21,2018-01-21 00:00:00,0,near,23,1
000001129,2018-01-21,2018-01-21 03:00:00,3,core,273,1
000001129,2018-01-21,2018-01-21 03:00:00,3,near,15,1
000001129,2018-01-21,2018-01-21 04:00:00,4,core,93,1
000001129,2018-01-21,2018-01-21 05:00:00,5,core,76,1
000001129,2018-01-21,2018-01-21 08:00:00,8,core,105,1
000001129,2018-01-21,2018-01-21 10:00:00,10,core,67,1
000001129,2018-01-21,2018-01-21 11:00:00,11,core,132,1
000001129,2018-01-21,2018-01-21 13:00:00,13,core,86,1
000001129,2018-01-21,2018-01-21 14:00:00,14,core,50,1
000001129,2018-01-21,2018-01-21 16:00:00,16,core,52,1
000001129,2018-01-21,2018-01-21 16:00:00,16,near,54,1
000001129,2018-01-21,2018-01-21 17:00:00,17,core,154,1
000001129,2018-01-21,2018-01-21 17:00:00,17,near,70,1
000001129,2018-01-21,2018-01-21 18:00:00,18,core,158,1
000001129,2018-01-21,2018-01-21 18:00:00,18,near,34,1
000001129,2018-01-21,2018-01-21 19:00:00,19,core,181,1
000001129,2018-01-21,2018-01-21 20:00:00,20,core,120,1
000001129,2018-01-22,2018-01-22 02:00:00,2,core,87,1
000001129,2018-01-22,2018-01-22 02:00:00,2,near,35,1
000001129,2018-01-22,2018-01-22 02:00:00,2,outer,95,1
000001129,2018-01-22,2018-01-22 03:00:00,3,outer,873,1
000001129,2018-01-22,2018-01-22 04:00:00,4,outer,130,1
000001129,2018-01-22,2018-01-22 05:00:00,5,outer,28,1
000001129,2018-01-22,2018-01-22 07:00:00,7,core,121,1
000001129,2018-01-22,2018-01-22 11:00:00,11,core,107,1
000001129,2018-01-22,2018-01-22 11:00:00,11,near,21,1
000001129,2018-01-22,2018-01-22 12:00:00,12,near,25,1
000001129,2018-01-22,2018-01-22 14:00:00,14,near,15,1
000001129,2018-01-22,2018-01-22 15:00:00,15,core,75,1
000001129,2018-01-22,2018-01-22 15:00:00,15,near,6,1
000001129,2018-01-22,2018-01-22 17:00:00,17,core,262,1
000001129,2018-01-22,2018-01-22 18:00:00,18,core,24,1
000001129,2018-01-22,2018-01-22 20:00:00,20,core,30,1
000001129,2018-01-22,2018-01-22 21:00:00,21,core,57,1
000001129,2018-01-22,2018-01-22 22:00:00,22,core,113,1
000001129,2018-01-22,2018-01-22 22:00:00,22,near,3,1
000001129,2018-01-23,2018-01-23 03:00:00,3,core,162,1
000001129,2018-01-23,2018-01-23 06:00:00,6,core,106,1
000001129,2018-01-23,2018-01-23 07:00:00,7,core,110,1
000001129,2018-01-23,2018-01-23 07:00:00,7,near,7,1
000001129,2018-01-23,2018-01-23 08:00:00,8,core,59,1
000001129,2018-01-23,2018-01-23 08:00:00,8,near,51,1
000001129,2018-01-23,2018-01-23 08:00:00,8,outer,146,1
000001129,2018-01-23,2018-01-23 09:00:00,9,core,47,1
000001129,2018-01-23,2018-01-23 09:00:00,9,near,79,1
000001129,2018-01-23,2018-01-23 09:00:00,9,outer,121,1
000001129,2018-01-23,2018-01-23 11:00:00,11,core,102,1
000001129,2018-01-23,2018-01-23 14:00:00,14,core,136,1
000001129,2018-01-23,2018-01-23 15:00:00,15,core,42,1
000001129,2018-01-23,2018-01-23 18:00:00,18,core,11,1
000001129,2018-01-23,2018-01-23 19:00:00,19,core,76,1
000001129,2018-01-23,2018-01-23 19:00:00,19,near,65,1
000001129,2018-01-23,2018-01-23 20:00:00,20,core,50,1
000001129,2018-01-23,2018-01-23 20:00:00,20,near,34,1
000001129,2018-01-23,2018-01-23 21:00:00,21,core,47,1
000001129,2018-01-24,2018-01-24 00:00:00,0,core,28,1
000001129,2018-01-24,2018-01-24 00:00:00,0,near,8,1
000001129,2018-01-24,2018-01-24 01:00:00,1,core,47,1
000001129,2018-01-24,2018-01-24 01:00:00,1,near,23,1
000001129,2018-01-24,2018-01-24 02:00:00,2,core,61,1
000001129,2018-01-24,2018-01-24 04:00:00,4,core,57,1
000001129,2018-01-24,2018-01-24 05:00:00,5,core,214,1
000001129,2018-01-24,2018-01-24 09:00:00,9,core,157,1
000001129,2018-01-24,2018-01-24 11:00:00,11,core,29,1
000001129,2018-01-24,2018-01-24 12:00:00,12,core,27,1
000001129,2018-01-24,2018-01-24 14:00:00,14,core,86,1
000001129,2018-01-24,2018-01-24 15:00:00,15,core,17,1
000001129,2018-01-24,2018-01-24 15:00:00,15,near,34,1
000001129,2018-01-24,2018-01-24 16:00:00,16,core,20,1
000001129,2018-01-24,2018-01-24 16:00:00,16,near,15,1
000001129,2018-01-24,2018-01-24 18:00:00,18,core,50,1
000001129,2018-01-24,2018-01-24 18:00:00,18,near,41,1
000001129,2018-01-24,2018-01-24 19:00:00,19,core,212,1
000001129,2018-01-24,2018-01-24 19:00:00,19,near,17,1
000001129,2018-01-24,2018-01-24 20:00:00,20,core,4,1
000001129,2018-01-24,2018-01-24 21:00:00,21,core,42,1
000001129,2018-01-24,2018-01-24 23:00:00,23,core,111,1
000001192,2018-01-16,2018-01-16 15:00:00,15,near,1,0
000001192,2018-01-16,2018-01-16 16:00:00,16,near,1,0
000001207,2018-01-04,2018-01-04 03:00:00,3,outer,6,1
000001207,2018-01-04,2018-01-04 04:00:00,4,outer,4,1
000001207,2018-01-04,2018-01-04 06:00:00,6,outer,10,1
000001207,2018-01-04,2018-01-04 07:00:00,7,outer,7,1
000001209,2018-01-11,2018-01-11 12:00:00,12,outer,1,0
000001209,2018-01-12,2018-01-12 08:00:00,8,outer,1,0
000001209,2018-01-12,2018-01-12 09:00:00,9,outer,3,1
000001254,2018-01-11,2018-01-11 20:00:00,20,outer,10,1
000001254,2018-01-11,2018-01-11 21:00:00,21,outer,8,1
000001254,2018-01-12,2018-01-12 08:00:00,8,outer,3,1
000001254,2018-01-12,2018-01-12 09:00:00,9,outer,7,1
000001254,2018-01-12,2018-01-12 10:00:00,10,outer,7,1
000001254,2018-01-12,2018-01-12 13:00:00,13,outer,4,1
000001254,2018-01-13,2018-01-13 08:00:00,8,outer,2,0
000001254,2018-01-13,2018-01-13 09:00:00,9,outer,5,1
000001254,2018-01-13,2018-01-13 10:00:00,10,outer,1,0
000001254,2018-01-13,2018-01-13 11:00:00,11,outer,1,0
000001254,2018-01-13,2018-01-13 14:00:00,14,outer,2,0
000001254,2018-01-13,2018-01-13 16:00:00,16,outer,2,0
000001254,2018-01-13,2018-01-13 17:00:00,17,outer,2,0
000001254,2018-01-14,2018-01-14 07:00:00,7,outer,6,1
000001254,2018-01-14,2018-01-14 08:00:00,8,outer,5,1
000001254,2018-01-14,2018-01-14 09:00:00,9,outer,3,1
000001254,2018-01-14,2018-01-14 10:00:00,10,outer,3,1
000001254,2018-01-14,2018-01-14 12:00:00,12,outer,2,0
000001254,2018-01-14,2018-01-14 13:00:00,13,outer,2,0
000001254,2018-01-24,2018-01-24 07:00:00,7,outer,2,0
000001254,2018-01-24,2018-01-24 13:00:00,13,outer,17,1
000001254,2018-01-24,2018-01-24 14:00:00,14,outer,27,1
000001254,2018-01-24,2018-01-24 15:00:00,15,outer,69,1
000001254,2018-01-24,2018-01-24 16:00:00,16,outer,13,1
000001254,2018-01-24,2018-01-24 17:00:00,17,outer,5,1
000001254,2018-01-24,2018-01-24 20:00:00,20,outer,2,0
000001254,2018-01-24,2018-01-24 22:00:00,22,outer,1,0
000001254,2018-01-24,2018-01-24 23:00:00,23,outer,5,1
000001325,2018-01-17,2018-01-17 01:00:00,1,outer,2,0
000001325,2018-01-17,2018-01-17 02:00:00,2,outer,7,1
000001325,2018-01-17,2018-01-17 03:00:00,3,near,3,1
000001325,2018-01-17,2018-01-17 03:00:00,3,outer,1,0
000001325,2018-01-17,2018-01-17 14:00:00,14,near,2,0
000001543,2018-01-06,2018-01-06 02:00:00,2,outer,1,0
000001543,2018-01-06,2018-01-06 03:00:00,3,outer,55,1
000001543,2018-01-06,2018-01-06 04:00:00,4,outer,6,1
000001543,2018-01-06,2018-01-06 05:00:00,5,near,97,1
000001543,2018-01-06,2018-01-06 05:00:00,5,outer,134,1
000001543,2018-01-06,2018-01-06 06:00:00,6,core,34,1
000001543,2018-01-06,2018-01-06 06:00:00,6,near,125,1
000001543,2018-01-08,2018-01-08 13:00:00,13,near,32,1
000001543,2018-01-08,2018-01-08 15:00:00,15,near,46,1
000001543,2018-01-08,2018-01-08 16:00:00,16,core,98,1
000001543,2018-01-08,2018-01-08 16:00:00,16,near,187,1
000001543,2018-01-08,2018-01-08 16:00:00,16,outer,30,1
000001543,2018-01-08,2018-01-08 17:00:00,17,outer,374,1
000001543,2018-01-08,2018-01-08 18:00:00,18,outer,48,1
000001543,2018-01-16,2018-01-16 15:00:00,15,outer,2,0
000001543,2018-01-16,2018-01-16 16:00:00,16,outer,2,0
000001543,2018-01-16,2018-01-16 17:00:00,17,near,1,0
000001543,2018-01-17,2018-01-17 03:00:00,3,core,1,0
000001543,2018-01-17,2018-01-17 03:00:00,3,near,3,1
000001543,2018-01-17,2018-01-17 04:00:00,4,outer,3,1
000001543,2018-01-17,2018-01-17 05:00:00,5,outer,13,1
000001543,2018-01-17,2018-01-17 06:00:00,6,outer,1,0
000001543,2018-01-20,2018-01-20 14:00:00,14,core,27,1
000001543,2018-01-20,2018-01-20 14:00:00,14,outer,20,1
000001543,2018-01-20,2018-01-20 15:00:00,15,core,43,1
000001543,2018-01-20,2018-01-20 15:00:00,15,near,84,1
000001543,2018-01-21,2018-01-21 00:00:00,0,core,37,1
000001543,2018-01-21,2018-01-21 00:00:00,0,near,118,1
000001543,2018-01-21,2018-01-21 01:00:00,1,near,3,1
000001543,2018-01-21,2018-01-21 01:00:00,1,outer,286,1
000001543,2018-01-21,2018-01-21 02:00:00,2,outer,99,1
000001555,2018-01-05,2018-01-05 20:00:00,20,outer,332,1
000001555,2018-01-05,2018-01-05 21:00:00,21,core,100,1
000001555,2018-01-05,2018-01-05 21:00:00,21,near,137,1
000001555,2018-01-05,2018-01-05 21:00:00,21,outer,111,1
000001555,2018-01-05,2018-01-05 22:00:00,22,core,19,1
000001555,2018-01-05,2018-01-05 22:00:00,22,near,93,1
000001555,2018-01-06,2018-01-06 15:00:00,15,near,22,1
000001555,2018-01-06,2018-01-06 16:00:00,16,near,47,1
000001555,2018-01-06,2018-01-06 23:00:00,23,core,88,1
000001555,2018-01-06,2018-01-06 23:00:00,23,near,154,1
000001555,2018-01-07,2018-01-07 00:00:00,0,near,14,1
000001555,2018-01-07,2018-01-07 00:00:00,0,outer,229,1
000001555,2018-01-07,2018-01-07 01:00:00,1,outer,42,1
000001555,2018-01-13,2018-01-13 23:00:00,23,outer,5,1
000001555,2018-01-14,2018-01-14 00:00:00,0,outer,10,1
000001555,2018-01-14,2018-01-14 01:00:00,1,core,1,0
000001555,2018-01-14,2018-01-14 01:00:00,1,near,3,1
000001593,2018-01-04,2018-01-04 23:00:00,23,outer,94,1
000001593,2018-01-05,2018-01-05 05:00:00,5,near,13,1
000001593,2018-01-05,2018-01-05 05:00:00,5,outer,71,1
000001593,2018-01-05,2018-01-05 06:00:00,6,core,22,1
000001593,2018-01-05,2018-01-05 06:00:00,6,near,92,1
000001593,2018-01-06,2018-01-06 09:00:00,9,near,16,1
000001593,2018-01-06,2018-01-06 11:00:00,11,core,1,0
000001593,2018-01-06,2018-01-06 11:00:00,11,near,103,1
000001593,2018-01-13,2018-01-13 16:00:00,16,outer,1,0
000001593,2018-01-13,2018-01-13 17:00:00,17,outer,2,0
000001593,2018-01-13,2018-01-13 18:00:00,18,core,1,0
000001593,2018-01-13,2018-01-13 18:00:00,18,near,1,0
000001593,2018-01-19,2018-01-19 19:00:00,19,near,56,1
000001596,2018-01-24,2018-01-24 11:00:00,11,outer,13,1
000001596,2018-01-24,2018-01-24 12:00:00,12,outer,107,1
000001596,2018-01-24,2018-01-24 13:00:00,13,outer,38,1
000001596,2018-01-24,2018-01-24 14:00:00,14,core,12,1
000001596,2018-01-24,2018-01-24 14:00:00,14,near,32,1
000001596,2018-01-24,2018-01-24 15:00:00,15,near,19,1
000001596,2018-01-24,2018-01-24 16:00:00,16,near,6,1
000001598,2018-01-05,2018-01-05 07:00:00,7,outer,248,1
000001598,2018-01-05,2018-01-05 08:00:00,8,outer,360,1
000001598,2018-01-05,2018-01-05 09:00:00,9,outer,82,1
000001598,2018-01-05,2018-01-05 13:00:00,13,near,61,1
000001598,2018-01-05,2018-01-05 13:00:00,13,outer,245,1
000001598,2018-01-05,2018-01-05 14:00:00,14,core,25,1
000001598,2018-01-05,2018-01-05 14:00:00,14,near,188,1
000001598,2018-01-05,2018-01-05 15:00:00,15,near,3,1
000001598,2018-01-06,2018-01-06 08:00:00,8,near,103,1
000001598,2018-01-06,2018-01-06 10:00:00,10,near,109,1
000001598,2018-01-06,2018-01-06 11:00:00,11,near,21,1
000001598,2018-01-08,2018-01-08 17:00:00,17,near,77,1
000001598,2018-01-08,2018-01-08 17:00:00,17,outer,1,0
000001598,2018-01-09,2018-01-09 01:00:00,1,core,172,1
000001598,2018-01-09,2018-01-09 01:00:00,1,near,156,1
000001598,2018-01-09,2018-01-09 02:00:00,2,near,113,1
000001598,2018-01-09,2018-01-09 02:00:00,2,outer,83,1
000001598,2018-01-12,2018-01-12 10:00:00,10,outer,3,1
000001598,2018-01-12,2018-01-12 11:00:00,11,outer,5,1
000001598,2018-01-12,2018-01-12 13:00:00,13,outer,4,1
000001598,2018-01-12,2018-01-12 14:00:00,14,core,1,0
000001598,2018-01-12,2018-01-12 14:00:00,14,near,3,1
000001598,2018-01-12,2018-01-12 17:00:00,17,near,4,1
000001598,2018-01-13,2018-01-13 15:00:00,15,near,1,0
000001598,2018-01-16,2018-01-16 19:00:00,19,core,2,0
000001598,2018-01-16,2018-01-16 20:00:00,20,core,2,0
000001598,2018-01-16,2018-01-16 20:00:00,20,near,2,0
000001598,2018-01-16,2018-01-16 20:00:00,20,outer,4,1
000001598,2018-01-16,2018-01-16 21:00:00,21,outer,1,0
000001598,2018-01-21,2018-01-21 03:00:00,3,outer,32,1
000001598,2018-01-21,2018-01-21 04:00:00,4,outer,269,1
000001598,2018-01-21,2018-01-21 05:00:00,5,outer,238,1
000001598,2018-01-21,2018-01-21 06:00:00,6,core,16,1
000001598,2018-01-21,2018-01-21 06:00:00,6,near,28,1
000001598,2018-01-21,2018-01-21 06:00:00,6,outer,69,1
000001598,2018-01-21,2018-01-21 07:00:00,7,near,77,1
000001598,2018-01-22,2018-01-22 08:00:00,8,near,41,1
000001598,2018-01-22,2018-01-22 11:00:00,11,near,111,1
000001598,2018-01-22,2018-01-22 23:00:00,23,near,45,1
000001598,2018-01-23,2018-01-23 00:00:00,0,near,1,0
000001598,2018-01-23,2018-01-23 00:00:00,0,outer,50,1
000001598,2018-01-23,2018-01-23 01:00:00,1,outer,91,1
000001617,2018-01-19,2018-01-19 21:00:00,21,outer,107,1
000001617,2018-01-19,2018-01-19 22:00:00,22,outer,66,1
000001617,2018-01-21,2018-01-21 00:00:00,0,outer,1,0
000001617,2018-01-21,2018-01-21 09:00:00,9,outer,147,1
000001617,2018-01-21,2018-01-21 10:00:00,10,core,26,1
000001617,2018-01-21,2018-01-21 10:00:00,10,near,5,1
000001617,2018-01-21,2018-01-21 10:00:00,10,outer,14,1
000001617,2018-01-21,2018-01-21 11:00:00,11,near,33,1
000001617,2018-01-24,2018-01-24 15:00:00,15,near,31,1
000001769,2018-01-02,2018-01-02 08:00:00,8,outer,1,0
000001769,2018-01-05,2018-01-05 08:00:00,8,outer,1,0
000001769,2018-01-05,2018-01-05 09:00:00,9,outer,1,0
000001769,2018-01-07,2018-01-07 08:00:00,8,outer,1,0
000001769,2018-01-07,2018-01-07 12:00:00,12,outer,324,1
000001769,2018-01-07,2018-01-07 13:00:00,13,near,39,1
000001769,2018-01-07,2018-01-07 13:00:00,13,outer,176,1
000001769,2018-01-07,2018-01-07 14:00:00,14,core,109,1
000001769,2018-01-07,2018-01-07 14:00:00,14,near,85,1
000001769,2018-01-07,2018-01-07 16:00:00,16,near,65,1
000001769,2018-01-08,2018-01-08 11:00:00,11,near,60,1
000001769,2018-01-08,2018-01-08 12:00:00,12,core,91,1
000001769,2018-01-08,2018-01-08 12:00:00,12,near,73,1
000001769,2018-01-08,2018-01-08 12:00:00,12,outer,69,1
000001769,2018-01-08,2018-01-08 13:00:00,13,outer,232,1
000001769,2018-01-08,2018-01-08 14:00:00,14,outer,100,1
000001769,2018-01-10,2018-01-10 16:00:00,16,outer,1,0
000001769,2018-01-22,2018-01-22 14:00:00,14,outer,1,0
000001860,2018-01-01,2018-01-01 19:00:00,19,outer,85,1
000001860,2018-01-01,2018-01-01 20:00:00,20,near,11,1
000001860,2018-01-01,2018-01-01 20:00:00,20,outer,212,1
000001860,2018-01-01,2018-01-01 21:00:00,21,core,11,1
000001860,2018-01-01,2018-01-01 21:00:00,21,near,96,1
000001860,2018-01-07,2018-01-07 16:00:00,16,near,14,1
000001860,2018-01-07,2018-01-07 19:00:00,19,core,9,1
000001860,2018-01-07,2018-01-07 19:00:00,19,near,40,1
000002008,2018-01-06,2018-01-06 19:00:00,19,core,132,1
000002008,2018-01-06,2018-01-06 19:00:00,19,near,205,1
000002008,2018-01-06,2018-01-06 20:00:00,20,near,61,1
000002008,2018-01-06,2018-01-06 20:00:00,20,outer,101,1
000002008,2018-01-06,2018-01-06 21:00:00,21,outer,6,1
000002123,2018-01-06,2018-01-06 11:00:00,11,outer,170,1
000002123,2018-01-06,2018-01-06 12:00:00,12,outer,348,1
000002123,2018-01-06,2018-01-06 13:00:00,13,outer,258,1
000002123,2018-01-06,2018-01-06 14:00:00,14,outer,140,1
000002123,2018-01-11,2018-01-11 12:00:00,12,outer,4,1
000002123,2018-01-11,2018-01-11 13:00:00,13,outer,4,1
000002123,2018-01-11,2018-01-11 14:00:00,14,near,75,1
000002123,2018-01-11,2018-01-11 14:00:00,14,outer,3,1
000002123,2018-01-11,2018-01-11 15:00:00,15,core,5,1
000002123,2018-01-11,2018-01-11 15:00:00,15,near,57,1
000002123,2018-01-12,2018-01-12 11:00:00,11,near,1,0
000002130,2018-01-13,2018-01-13 20:00:00,20,near,1,0
000002130,2018-01-13,2018-01-13 21:00:00,21,near,1,0
000002141,2018-01-08,2018-01-08 03:00:00,3,outer,167,1
000002141,2018-01-08,2018-01-08 04:00:00,4,outer,252,1
000002141,2018-01-08,2018-01-08 05:00:00,5,core,19,1
000002141,2018-01-08,2018-01-08 05:00:00,5,near,112,1
000002141,2018-01-08,2018-01-08 09:00:00,9,near,9,1
000002141,2018-01-10,2018-01-10 13:00:00,13,near,19,1
000002141,2018-01-10,2018-01-10 14:00:00,14,near,15,1
000002141,2018-01-10,2018-01-10 15:00:00,15,near,12,1
000002141,2018-01-10,2018-01-10 16:00:00,16,near,7,1
000002141,2018-01-10,2018-01-10 18:00:00,18,near,10,1
000002141,2018-01-10,2018-01-10 19:00:00,19,near,8,1
000002141,2018-01-11,2018-01-11 20:00:00,20,core,13,1
000002141,2018-01-11,2018-01-11 20:00:00,20,near,55,1
000002141,2018-01-11,2018-01-11 21:00:00,21,near,13,1
000002141,2018-01-11,2018-01-11 21:00:00,21,outer,210,1
000002141,2018-01-11,2018-01-11 22:00:00,22,outer,50,1
000002157,2018-01-07,2018-01-07 07:00:00,7,outer,109,1
000002157,2018-01-07,2018-01-07 08:00:00,8,outer,223,1
000002157,2018-01-07,2018-01-07 09:00:00,9,core,101,1
000002157,2018-01-07,2018-01-07 09:00:00,9,near,108,1
000002157,2018-01-07,2018-01-07 09:00:00,9,outer,7,1
000002157,2018-01-07,2018-01-07 10:00:00,10,near,67,1
000002157,2018-01-07,2018-01-07 19:00:00,19,near,36,1
000002157,2018-01-10,2018-01-10 08:00:00,8,near,2,0
000002157,2018-01-10,2018-01-10 19:00:00,19,core,51,1
000002157,2018-01-10,2018-01-10 19:00:00,19,near,56,1
000002157,2018-01-10,2018-01-10 20:00:00,20,core,38,1
000002157,2018-01-10,2018-01-10 20:00:00,20,near,82,1
000002157,2018-01-10,2018-01-10 20:00:00,20,outer,64,1
000002157,2018-01-10,2018-01-10 21:00:00,21,outer,161,1
000002157,2018-01-10,2018-01-10 22:00:00,22,outer,2,0
000002157,2018-01-14,2018-01-14 05:00:00,5,outer,7,1
000002157,2018-01-14,2018-01-14 06:00:00,6,outer,3,1
000002157,2018-01-15,2018-01-15 10:00:00,10,near,3,1
000002157,2018-01-15,2018-01-15 14:00:00,14,near,1,0
000002157,2018-01-15,2018-01-15 15:00:00,15,near,1,0
000002157,2018-01-17,2018-01-17 19:00:00,19,near,1,0
000002157,2018-01-17,2018-01-17 20:00:00,20,near,3,1
000002157,2018-01-17,2018-01-17 21:00:00,21,outer,8,1
000002157,2018-01-17,2018-01-17 22:00:00,22,outer,5,1
000002230,2018-01-20,2018-01-20 01:00:00,1,outer,76,1
000002230,2018-01-20,2018-01-20 05:00:00,5,outer,37,1
000002230,2018-01-20,2018-01-20 06:00:00,6,core,66,1
000002230,2018-01-20,2018-01-20 06:00:00,6,near,136,1
000002230,2018-01-20,2018-01-20 12:00:00,12,near,8,1
000002230,2018-01-21,2018-01-21 18:00:00,18,near,1,0
000002241,2018-01-02,2018-01-02 03:00:00,3,outer,2,0
000002241,2018-01-02,2018-01-02 04:00:00,4,outer,347,1
000002241,2018-01-02,2018-01-02 05:00:00,5,core,73,1
000002241,2018-01-02,2018-01-02 05:00:00,5,near,181,1
000002241,2018-01-02,2018-01-02 05:00:00,5,outer,136,1
000002241,2018-01-02,2018-01-02 06:00:00,6,core,69,1
000002241,2018-01-02,2018-01-02 06:00:00,6,near,105,1
000002241,2018-01-03,2018-01-03 14:00:00,14,near,3,1
000002241,2018-01-04,2018-01-04 12:00:00,12,near,29,1
000002241,2018-01-10,2018-01-10 13:00:00,13,near,1,0
000002241,2018-01-10,2018-01-10 19:00:00,19,core,94,1
000002241,2018-01-10,2018-01-10 19:00:00,19,near,25,1
000002241,2018-01-10,2018-01-10 20:00:00,20,near,100,1
000002241,2018-01-10,2018-01-10 20:00:00,20,outer,102,1
000002241,2018-01-10,2018-01-10 21:00:00,21,outer,142,1
000002241,2018-01-19,2018-01-19 05:00:00,5,near,1,0
000002241,2018-01-19,2018-01-19 05:00:00,5,outer,1,0
000002241,2018-01-19,2018-01-19 06:00:00,6,core,2,0
000002241,2018-01-19,2018-01-19 06:00:00,6,near,3,1
000002241,2018-01-19,2018-01-19 14:00:00,14,near,22,1
000002241,2018-01-19,2018-01-19 19:00:00,19,core,53,1
000002241,2018-01-19,2018-01-19 19:00:00,19,near,58,1
000002241,2018-01-19,2018-01-19 20:00:00,20,core,16,1
000002241,2018-01-19,2018-01-19 20:00:00,20,near,117,1
000002241,2018-01-19,2018-01-19 20:00:00,20,outer,174,1
000002241,2018-01-19,2018-01-19 21:00:00,21,outer,208,1
000002241,2018-01-22,2018-01-22 12:00:00,12,core,1,0
000002241,2018-01-24,2018-01-24 07:00:00,7,outer,290,1
000002241,2018-01-24,2018-01-24 08:00:00,8,outer,260,1
000002241,2018-01-24,2018-01-24 09:00:00,9,core,76,1
000002241,2018-01-24,2018-01-24 09:00:00,9,near,111,1
000002241,2018-01-24,2018-01-24 09:00:00,9,outer,20,1
000002241,2018-01-24,2018-01-24 10:00:00,10,near,38,1
000002243,2018-01-19,2018-01-19 06:00:00,6,near,2,0
000002272,2018-01-03,2018-01-03 10:00:00,10,near,2,0
000002272,2018-01-03,2018-01-03 11:00:00,11,outer,1,0
000002272,2018-01-03,2018-01-03 12:00:00,12,outer,3,1
000002272,2018-01-03,2018-01-03 13:00:00,13,outer,1,0
000002272,2018-01-04,2018-01-04 09:00:00,9,outer,2,0
000002272,2018-01-04,2018-01-04 10:00:00,10,outer,1,0
000002272,2018-01-04,2018-01-04 11:00:00,11,near,1,0
000002272,2018-01-04,2018-01-04 14:00:00,14,near,2,0
000002272,2018-01-04,2018-01-04 16:00:00,16,near,1,0
000002272,2018-01-06,2018-01-06 08:00:00,8,near,3,1
000002272,2018-01-06,2018-01-06 09:00:00,9,near,1,0
000002272,2018-01-06,2018-01-06 14:00:00,14,near,1,0
000002272,2018-01-07,2018-01-07 08:00:00,8,near,3,1
000002272,2018-01-07,2018-01-07 12:00:00,12,near,2,0
000002272,2018-01-08,2018-01-08 11:00:00,11,near,1,0
000002272,2018-01-12,2018-01-12 03:00:00,3,near,1,0
000002272,2018-01-12,2018-01-12 03:00:00,3,outer,2,0
000002272,2018-01-12,2018-01-12 04:00:00,4,outer,9,1
000002272,2018-01-12,2018-01-12 05:00:00,5,outer,10,1
000002272,2018-01-12,2018-01-12 16:00:00,16,near,3,1
000002272,2018-01-12,2018-01-12 17:00:00,17,near,3,1
000002272,2018-01-12,2018-01-12 18:00:00,18,near,2,0
000002272,2018-01-13,2018-01-13 19:00:00,19,near,1,0
000002272,2018-01-14,2018-01-14 07:00:00,7,near,1,0
000002272,2018-01-14,2018-01-14 11:00:00,11,near,1,0
000002272,2018-01-15,2018-01-15 20:00:00,20,near,1,0
000002272,2018-01-15,2018-01-15 21:00:00,21,near,2,0
000002272,2018-01-16,2018-01-16 18:00:00,18,near,1,0
000002272,2018-01-16,2018-01-16 22:00:00,22,near,1,0
000002272,2018-01-17,2018-01-17 08:00:00,8,near,1,0
000002272,2018-01-17,2018-01-17 09:00:00,9,near,2,0
000002272,2018-01-17,2018-01-17 10:00:00,10,near,2,0
000002272,2018-01-17,2018-01-17 11:00:00,11,near,1,0
000002272,2018-01-18,2018-01-18 06:00:00,6,near,1,0
000002272,2018-01-18,2018-01-18 15:00:00,15,near,1,0
000002272,2018-01-23,2018-01-23 19:00:00,19,near,1,0
000002272,2018-01-24,2018-01-24 07:00:00,7,near,1,0
000002272,2018-01-24,2018-01-24 18:00:00,18,near,2,0
000002273,2018-01-24,2018-01-24 10:00:00,10,outer,11,1
000002273,2018-01-24,2018-01-24 11:00:00,11,outer,3,1
000002319,2018-01-06,2018-01-06 09:00:00,9,outer,210,1
000002319,2018-01-06,2018-01-06 10:00:00,10,outer,117,1
000002319,2018-01-06,2018-01-06 11:00:00,11,near,65,1
000002319,2018-01-12,2018-01-12 07:00:00,7,near,4,1
000002319,2018-01-21,2018-01-21 08:00:00,8,outer,192,1
000002319,2018-01-21,2018-01-21 09:00:00,9,near,9,1
000002319,2018-01-21,2018-01-21 09:00:00,9,outer,46,1
000002319,2018-01-21,2018-01-21 10:00:00,10,near,42,1
000002362,2018-01-05,2018-01-05 02:00:00,2,outer,10,1
000002362,2018-01-07,2018-01-07 03:00:00,3,outer,1,0
000002512,2018-01-01,2018-01-01 02:00:00,2,core,44,1
000002512,2018-01-01,2018-01-01 03:00:00,3,core,10,1
000002512,2018-01-01,2018-01-01 06:00:00,6,core,54,1
000002512,2018-01-01,2018-01-01 07:00:00,7,core,69,1
000002512,2018-01-01,2018-01-01 07:00:00,7,near,45,1
000002512,2018-01-01,2018-01-01 08:00:00,8,core,22,1
000002512,2018-01-01,2018-01-01 12:00:00,12,core,46,1
000002512,2018-01-01,2018-01-01 15:00:00,15,core,192,1
000002512,2018-01-01,2018-01-01 16:00:00,16,core,17,1
000002512,2018-01-01,2018-01-01 18:00:00,18,core,128,1
000002512,2018-01-01,2018-01-01 18:00:00,18,near,9,1
000002512,2018-01-01,2018-01-01 19:00:00,19,core,8,1
000002512,2018-01-01,2018-01-01 19:00:00,19,near,11,1
000002512,2018-01-01,2018-01-01 23:00:00,23,core,48,1
000002512,2018-01-02,2018-01-02 00:00:00,0,core,20,1
000002512,2018-01-02,2018-01-02 06:00:00,6,core,60,1
000002512,2018-01-02,2018-01-02 07:00:00,7,core,37,1
000002512,2018-01-02,2018-01-02 07:00:00,7,near,36,1
000002512,2018-01-02,2018-01-02 11:00:00,11,core,51,1
000002512,2018-01-02,2018-01-02 12:00:00,12,core,9,1
000002512,2018-01-02,2018-01-02 15:00:00,15,core,167,1
000002512,2018-01-02,2018-01-02 16:00:00,16,core,28,1
000002512,2018-01-02,2018-01-02 19:00:00,19,core,156,1
000002512,2018-01-02,2018-01-02 20:00:00,20,core,41,1
000002512,2018-01-02,2018-01-02 23:00:00,23,core,1,0
000002512,2018-01-03,2018-01-03 03:00:00,3,core,40,1
000002512,2018-01-03,2018-01-03 04:00:00,4,core,46,1
000002512,2018-01-03,2018-01-03 05:00:00,5,core,132,1
000002512,2018-01-03,2018-01-03 06:00:00,6,core,38,1
000002512,2018-01-03,2018-01-03 15:00:00,15,core,108,1
000002512,2018-01-03,2018-01-03 15:00:00,15,near,65,1
000002512,2018-01-03,2018-01-03 16:00:00,16,core,10,1
000002512,2018-01-03,2018-01-03 16:00:00,16,near,40,1
000002512,2018-01-03,2018-01-03 19:00:00,19,core,51,1
000002512,2018-01-03,2018-01-03 19:00:00,19,near,35,1
000002512,2018-01-03,2018-01-03 20:00:00,20,core,6,1
000002512,2018-01-03,2018-01-03 20:00:00,20,near,20,1
000002512,2018-01-03,2018-01-03 22:00:00,22,core,27,1
000002512,2018-01-03,2018-01-03 23:00:00,23,core,12,1
000002512,2018-01-04,2018-01-04 03:00:00,3,core,41,1
000002512,2018-01-04,2018-01-04 03:00:00,3,near,39,1
000002512,2018-01-04,2018-01-04 04:00:00,4,near,97,1
000002512,2018-01-04,2018-01-04 05:00:00,5,near,17,1
000002512,2018-01-04,2018-01-04 06:00:00,6,core,8,1
000002512,2018-01-04,2018-01-04 07:00:00,7,core,12,1
000002512,2018-01-04,2018-01-04 08:00:00,8,core,94,1
000002512,2018-01-04,2018-01-04 09:00:00,9,core,69,1
000002512,2018-01-04,2018-01-04 10:00:00,10,core,72,1
000002512,2018-01-04,2018-01-04 10:00:00,10,near,1,0
000002512,2018-01-04,2018-01-04 11:00:00,11,core,4,1
000002512,2018-01-04,2018-01-04 11:00:00,11,near,16,1
000002512,2018-01-04,2018-01-04 12:00:00,12,core,22,1
000002512,2018-01-04,2018-01-04 18:00:00,18,core,90,1
000002512,2018-01-04,2018-01-04 18:00:00,18,near,119,1
000002512,2018-01-04,2018-01-04 18:00:00,18,outer,1,0
000002512,2018-01-04,2018-01-04 19:00:00,19,core,8,1
000002512,2018-01-04,2018-01-04 19:00:00,19,near,7,1
000002512,2018-01-04,2018-01-04 22:00:00,22,core,38,1
000002512,2018-01-04,2018-01-04 23:00:00,23,core,15,1
000002512,2018-01-05,2018-01-05 02:00:00,2,core,143,1
000002512,2018-01-05,2018-01-05 03:00:00,3,core,11,1
000002512,2018-01-05,2018-01-05 06:00:00,6,core,223,1
000002512,2018-01-05,2018-01-05 06:00:00,6,near,5,1
000002512,2018-01-05,2018-01-05 07:00:00,7,core,60,1
000002512,2018-01-05,2018-01-05 07:00:00,7,near,12,1
000002512,2018-01-05,2018-01-05 10:00:00,10,core,85,1
000002512,2018-01-05,2018-01-05 11:00:00,11,core,14,1
000002512,2018-01-05,2018-01-05 14:00:00,14,core,186,1
000002512,2018-01-05,2018-01-05 15:00:00,15,core,71,1
000002512,2018-01-05,2018-01-05 19:00:00,19,core,57,1
000002512,2018-01-06,2018-01-06 00:00:00,0,core,63,1
000002512,2018-01-06,2018-01-06 03:00:00,3,core,54,1
000002512,2018-01-06,2018-01-06 04:00:00,4,core,50,1
000002512,2018-01-06,2018-01-06 07:00:00,7,core,31,1
000002512,2018-01-06,2018-01-06 07:00:00,7,near,20,1
000002512,2018-01-06,2018-01-06 08:00:00,8,core,36,1
000002512,2018-01-06,2018-01-06 08:00:00,8,near,1,0
000002512,2018-01-06,2018-01-06 10:00:00,10,core,137,1
000002512,2018-01-06,2018-01-06 11:00:00,11,core,74,1
000002512,2018-01-06,2018-01-06 15:00:00,15,core,41,1
000002512,2018-01-06,2018-01-06 19:00:00,19,core,39,1
000002512,2018-01-06,2018-01-06 23:00:00,23,core,187,1
000002512,2018-01-07,2018-01-07 00:00:00,0,core,11,1
000002512,2018-01-07,2018-01-07 02:00:00,2,core,41,1
000002512,2018-01-07,2018-01-07 03:00:00,3,core,10,1
000002512,2018-01-07,2018-01-07 03:00:00,3,near,5,1
000002512,2018-01-07,2018-01-07 04:00:00,4,core,3,1
000002512,2018-01-07,2018-01-07 04:00:00,4,near,4,1
000002512,2018-01-07,2018-01-07 06:00:00,6,core,136,1
000002512,2018-01-07,2018-01-07 07:00:00,7,core,16,1
000002512,2018-01-07,2018-01-07 10:00:00,10,core,26,1
000002512,2018-01-07,2018-01-07 11:00:00,11,core,89,1
000002512,2018-01-07,2018-01-07 12:00:00,12,core,22,1
000002512,2018-01-07,2018-01-07 15:00:00,15,core,93,1
000002512,2018-01-07,2018-01-07 16:00:00,16,core,28,1
000002512,2018-01-07,2018-01-07 18:00:00,18,core,12,1
000002512,2018-01-07,2018-01-07 19:00:00,19,core,16,1
000002512,2018-01-07,2018-01-07 23:00:00,23,core,4,1
000002512,2018-01-07,2018-01-07 23:00:00,23,near,10,1
000002512,2018-01-08,2018-01-08 00:00:00,0,core,18,1
000002512,2018-01-08,2018-01-08 00:00:00,0,near,10,1
000002512,2018-01-08,2018-01-08 02:00:00,2,core,84,1
000002512,2018-01-08,2018-01-08 02:00:00,2,near,10,1
000002512,2018-01-08,2018-01-08 03:00:00,3,core,4,1
000002512,2018-01-08,2018-01-08 03:00:00,3,near,6,1
000002512,2018-01-08,2018-01-08 06:00:00,6,core,37,1
000002512,2018-01-08,2018-01-08 07:00:00,7,core,142,1
000002512,2018-01-08,2018-01-08 07:00:00,7,near,17,1
000002512,2018-01-08,2018-01-08 08:00:00,8,core,3,1
000002512,2018-01-08,2018-01-08 11:00:00,11,core,28,1
000002512,2018-01-08,2018-01-08 12:00:00,12,core,9,1
000002512,2018-01-08,2018-01-08 15:00:00,15,core,37,1
000002512,2018-01-08,2018-01-08 15:00:00,15,near,3,1
000002512,2018-01-08,2018-01-08 16:00:00,16,near,40,1
000002512,2018-01-08,2018-01-08 17:00:00,17,core,11,1
000002512,2018-01-08,2018-01-08 19:00:00,19,core,24,1
000002512,2018-01-08,2018-01-08 20:00:00,20,core,34,1
000002512,2018-01-08,2018-01-08 23:00:00,23,core,50,1
000002512,2018-01-08,2018-01-08 23:00:00,23,near,13,1
000002512,2018-01-09,2018-01-09 00:00:00,0,core,12,1
000002512,2018-01-09,2018-01-09 00:00:00,0,near,25,1
000002512,2018-01-09,2018-01-09 04:00:00,4,core,36,1
000002512,2018-01-09,2018-01-09 05:00:00,5,core,1,0
000002512,2018-01-09,2018-01-09 05:00:00,5,near,2,0
000002512,2018-01-09,2018-01-09 08:00:00,8,core,5,1
000002512,2018-01-09,2018-01-09 08:00:00,8,near,1,0
000002512,2018-01-09,2018-01-09 09:00:00,9,core,1,0
000002512,2018-01-09,2018-01-09 10:00:00,10,core,9,1
000002512,2018-01-09,2018-01-09 11:00:00,11,core,5,1
000002512,2018-01-09,2018-01-09 12:00:00,12,core,77,1
000002512,2018-01-09,2018-01-09 12:00:00,12,near,4,1
000002512,2018-01-09,2018-01-09 13:00:00,13,core,8,1
000002512,2018-01-09,2018-01-09 15:00:00,15,core,32,1
000002512,2018-01-09,2018-01-09 18:00:00,18,core,62,1
000002512,2018-01-09,2018-01-09 19:00:00,19,core,57,1
000002512,2018-01-09,2018-01-09 20:00:00,20,core,20,1
000002512,2018-01-09,2018-01-09 23:00:00,23,core,60,1
000002512,2018-01-10,2018-01-10 00:00:00,0,core,10,1
000002512,2018-01-10,2018-01-10 02:00:00,2,core,13,1
000002512,2018-01-10,2018-01-10 03:00:00,3,core,43,1
000002512,2018-01-10,2018-01-10 07:00:00,7,core,6,1
000002512,2018-01-10,2018-01-10 07:00:00,7,near,1,0
000002512,2018-01-10,2018-01-10 08:00:00,8,core,5,1
000002512,2018-01-10,2018-01-10 08:00:00,8,near,2,0
000002512,2018-01-10,2018-01-10 10:00:00,10,core,4,1
000002512,2018-01-10,2018-01-10 12:00:00,12,core,94,1
000002512,2018-01-10,2018-01-10 13:00:00,13,core,7,1
000002512,2018-01-10,2018-01-10 15:00:00,15,core,9,1
000002512,2018-01-10,2018-01-10 15:00:00,15,near,4,1
000002512,2018-01-10,2018-01-10 16:00:00,16,core,2,0
000002512,2018-01-10,2018-01-10 16:00:00,16,near,5,1
000002512,2018-01-10,2018-01-10 17:00:00,17,core,7,1
000002512,2018-01-10,2018-01-10 18:00:00,18,core,78,1
000002512,2018-01-10,2018-01-10 18:00:00,18,near,10,1
000002512,2018-01-10,2018-01-10 19:00:00,19,core,23,1
000002512,2018-01-10,2018-01-10 19:00:00,19,near,3,1
000002512,2018-01-10,2018-01-10 20:00:00,20,core,1,0
000002512,2018-01-10,2018-01-10 22:00:00,22,core,13,1
000002512,2018-01-10,2018-01-10 23:00:00,23,core,40,1
000002512,2018-01-11,2018-01-11 00:00:00,0,core,2,0
000002512,2018-01-11,2018-01-11 07:00:00,7,core,107,1
000002512,2018-01-11,2018-01-11 08:00:00,8,core,2,0
000002512,2018-01-11,2018-01-11 09:00:00,9,core,2,0
000002512,2018-01-11,2018-01-11 10:00:00,10,core,5,1
000002512,2018-01-11,2018-01-11 10:00:00,10,near,1,0
000002512,2018-01-11,2018-01-11 11:00:00,11,core,7,1
000002512,2018-01-11,2018-01-11 12:00:00,12,near,3,1
000002512,2018-01-11,2018-01-11 16:00:00,16,core,80,1
000002512,2018-01-11,2018-01-11 18:00:00,18,core,57,1
000002512,2018-01-11,2018-01-11 19:00:00,19,core,93,1
000002512,2018-01-11,2018-01-11 19:00:00,19,near,53,1
000002512,2018-01-11,2018-01-11 20:00:00,20,core,21,1
000002512,2018-01-11,2018-01-11 20:00:00,20,near,20,1
000002512,2018-01-11,2018-01-11 23:00:00,23,core,64,1
000002512,2018-01-11,2018-01-11 23:00:00,23,near,28,1
000002512,2018-01-12,2018-01-12 00:00:00,0,core,11,1
000002512,2018-01-12,2018-01-12 00:00:00,0,near,65,1
000002512,2018-01-12,2018-01-12 02:00:00,2,core,54,1
000002512,2018-01-12,2018-01-12 03:00:00,3,near,1,0
000002512,2018-01-12,2018-01-12 04:00:00,4,core,15,1
000002512,2018-01-12,2018-01-12 05:00:00,5,core,1,0
000002512,2018-01-12,2018-01-12 06:00:00,6,core,1,0
000002512,2018-01-12,2018-01-12 10:00:00,10,core,7,1
000002512,2018-01-12,2018-01-12 11:00:00,11,core,2,0
000002512,2018-01-12,2018-01-12 18:00:00,18,core,2,0
000002512,2018-01-12,2018-01-12 19:00:00,19,core,1,0
000002512,2018-01-12,2018-01-12 22:00:00,22,core,6,1
000002512,2018-01-12,2018-01-12 23:00:00,23,core,1,0
000002512,2018-01-13,2018-01-13 07:00:00,7,core,7,1
000002512,2018-01-13,2018-01-13 08:00:00,8,core,5,1
000002512,2018-01-13,2018-01-13 11:00:00,11,core,9,1
000002512,2018-01-13,2018-01-13 12:00:00,12,core,1,0
000002512,2018-01-13,2018-01-13 14:00:00,14,core,1,0
000002512,2018-01-13,2018-01-13 15:00:00,15,near,9,1
000002512,2018-01-13,2018-01-13 16:00:00,16,core,1,0
000002512,2018-01-13,2018-01-13 16:00:00,16,near,3,1
000002512,2018-01-13,2018-01-13 19:00:00,19,core,1,0
000002512,2018-01-13,2018-01-13 20:00:00,20,core,2,0
000002512,2018-01-13,2018-01-13 23:00:00,23,core,5,1
000002512,2018-01-14,2018-01-14 04:00:00,4,core,5,1
000002512,2018-01-14,2018-01-14 06:00:00,6,core,1,0
000002512,2018-01-14,2018-01-14 07:00:00,7,core,4,1
000002512,2018-01-14,2018-01-14 08:00:00,8,core,1,0
000002512,2018-01-14,2018-01-14 08:00:00,8,near,2,0
000002512,2018-01-14,2018-01-14 09:00:00,9,core,2,0
000002512,2018-01-14,2018-01-14 12:00:00,12,core,3,1
000002512,2018-01-14,2018-01-14 12:00:00,12,near,8,1
000002512,2018-01-14,2018-01-14 12:00:00,12,outer,1,0
000002512,2018-01-14,2018-01-14 13:00:00,13,near,2,0
000002512,2018-01-15,2018-01-15 08:00:00,8,core,3,1
000002512,2018-01-15,2018-01-15 08:00:00,8,near,1,0
000002512,2018-01-15,2018-01-15 15:00:00,15,core,5,1
000002512,2018-01-15,2018-01-15 15:00:00,15,near,1,0
000002512,2018-01-15,2018-01-15 16:00:00,16,core,3,1
000002512,2018-01-15,2018-01-15 17:00:00,17,core,1,0
000002512,2018-01-15,2018-01-15 18:00:00,18,core,6,1
000002512,2018-01-15,2018-01-15 18:00:00,18,near,1,0
000002512,2018-01-15,2018-01-15 19:00:00,19,near,1,0
000002512,2018-01-15,2018-01-15 20:00:00,20,core,1,0
000002512,2018-01-15,2018-01-15 20:00:00,20,near,2,0
000002512,2018-01-15,2018-01-15 21:00:00,21,core,2,0
000002512,2018-01-15,2018-01-15 22:00:00,22,core,6,1
000002512,2018-01-16,2018-01-16 03:00:00,3,core,1,0
000002512,2018-01-16,2018-01-16 06:00:00,6,core,6,1
000002512,2018-01-16,2018-01-16 07:00:00,7,core,3,1
000002512,2018-01-16,2018-01-16 11:00:00,11,core,3,1
000002512,2018-01-16,2018-01-16 13:00:00,13,core,1,0
000002512,2018-01-16,2018-01-16 14:00:00,14,core,7,1
000002512,2018-01-16,2018-01-16 14:00:00,14,near,1,0
000002512,2018-01-16,2018-01-16 15:00:00,15,core,4,1
000002512,2018-01-16,2018-01-16 16:00:00,16,core,2,0
000002512,2018-01-16,2018-01-16 22:00:00,22,core,2,0
000002512,2018-01-16,2018-01-16 23:00:00,23,core,2,0
000002512,2018-01-17,2018-01-17 02:00:00,2,core,7,1
000002512,2018-01-17,2018-01-17 02:00:00,2,near,2,0
000002512,2018-01-17,2018-01-17 03:00:00,3,core,1,0
000002512,2018-01-17,2018-01-17 06:00:00,6,core,7,1
000002512,2018-01-17,2018-01-17 10:00:00,10,core,11,1
000002512,2018-01-17,2018-01-17 14:00:00,14,core,2,0
000002512,2018-01-17,2018-01-17 15:00:00,15,near,2,0
000002512,2018-01-17,2018-01-17 18:00:00,18,core,1,0
000002512,2018-01-17,2018-01-17 19:00:00,19,core,2,0
000002512,2018-01-17,2018-01-17 23:00:00,23,core,4,1
000002512,2018-01-17,2018-01-17 23:00:00,23,near,1,0
000002512,2018-01-18,2018-01-18 00:00:00,0,core,1,0
000002512,2018-01-18,2018-01-18 03:00:00,3,core,5,1
000002512,2018-01-18,2018-01-18 03:00:00,3,near,2,0
000002512,2018-01-18,2018-01-18 04:00:00,4,near,1,0
000002512,2018-01-18,2018-01-18 07:00:00,7,core,3,1
000002512,2018-01-18,2018-01-18 08:00:00,8,core,3,1
000002512,2018-01-18,2018-01-18 09:00:00,9,core,1,0
000002512,2018-01-18,2018-01-18 11:00:00,11,core,2,0
000002512,2018-01-18,2018-01-18 12:00:00,12,core,1,0
000002512,2018-01-18,2018-01-18 15:00:00,15,core,1,0
000002512,2018-01-18,2018-01-18 16:00:00,16,core,2,0
000002512,2018-01-18,2018-01-18 19:00:00,19,core,8,1
000002512,2018-01-18,2018-01-18 19:00:00,19,near,4,1
000002512,2018-01-18,2018-01-18 20:00:00,20,core,4,1
000002512,2018-01-18,2018-01-18 23:00:00,23,near,1,0
000002512,2018-01-19,2018-01-19 07:00:00,7,core,4,1
000002512,2018-01-19,2018-01-19 08:00:00,8,core,7,1
000002512,2018-01-19,2018-01-19 13:00:00,13,core,81,1
000002512,2018-01-19,2018-01-19 13:00:00,13,near,9,1
000002512,2018-01-19,2018-01-19 14:00:00,14,near,135,1
000002512,2018-01-19,2018-01-19 15:00:00,15,core,7,1
000002512,2018-01-19,2018-01-19 15:00:00,15,near,26,1
000002512,2018-01-19,2018-01-19 18:00:00,18,core,124,1
000002512,2018-01-19,2018-01-19 18:00:00,18,near,9,1
000002512,2018-01-19,2018-01-19 23:00:00,23,core,71,1
000002512,2018-01-20,2018-01-20 02:00:00,2,core,63,1
000002512,2018-01-20,2018-01-20 02:00:00,2,near,43,1
000002512,2018-01-20,2018-01-20 03:00:00,3,core,12,1
000002512,2018-01-20,2018-01-20 03:00:00,3,near,14,1
000002512,2018-01-20,2018-01-20 04:00:00,4,core,75,1
000002512,2018-01-20,2018-01-20 06:00:00,6,core,147,1
000002512,2018-01-20,2018-01-20 07:00:00,7,core,18,1
000002512,2018-01-20,2018-01-20 07:00:00,7,near,39,1
000002512,2018-01-20,2018-01-20 08:00:00,8,core,9,1
000002512,2018-01-20,2018-01-20 08:00:00,8,near,15,1
000002512,2018-01-20,2018-01-20 10:00:00,10,core,48,1
000002512,2018-01-20,2018-01-20 11:00:00,11,core,24,1
000002512,2018-01-20,2018-01-20 12:00:00,12,core,102,1
000002512,2018-01-20,2018-01-20 15:00:00,15,core,11,1
000002512,2018-01-20,2018-01-20 16:00:00,16,core,36,1
000002512,2018-01-20,2018-01-20 19:00:00,19,core,74,1
000002512,2018-01-20,2018-01-20 20:00:00,20,core,36,1
000002512,2018-01-20,2018-01-20 22:00:00,22,core,102,1
000002512,2018-01-20,2018-01-20 23:00:00,23,core,154,1
000002512,2018-01-21,2018-01-21 00:00:00,0,core,58,1
000002512,2018-01-21,2018-01-21 01:00:00,1,core,41,1
000002512,2018-01-21,2018-01-21 02:00:00,2,core,96,1
000002512,2018-01-21,2018-01-21 03:00:00,3,core,162,1
000002512,2018-01-21,2018-01-21 04:00:00,4,core,72,1
000002512,2018-01-21,2018-01-21 07:00:00,7,core,30,1
000002512,2018-01-21,2018-01-21 07:00:00,7,near,19,1
000002512,2018-01-21,2018-01-21 08:00:00,8,core,74,1
000002512,2018-01-21,2018-01-21 08:00:00,8,near,14,1
000002512,2018-01-21,2018-01-21 12:00:00,12,core,49,1
000002512,2018-01-21,2018-01-21 13:00:00,13,core,116,1
000002512,2018-01-21,2018-01-21 13:00:00,13,outer,1,0
000002512,2018-01-21,2018-01-21 14:00:00,14,core,85,1
000002512,2018-01-21,2018-01-21 15:00:00,15,core,14,1
000002512,2018-01-21,2018-01-21 17:00:00,17,core,229,1
000002512,2018-01-21,2018-01-21 18:00:00,18,core,218,1
000002512,2018-01-21,2018-01-21 18:00:00,18,near,29,1
000002512,2018-01-21,2018-01-21 19:00:00,19,core,56,1
000002512,2018-01-21,2018-01-21 20:00:00,20,core,132,1
000002512,2018-01-21,2018-01-21 23:00:00,23,core,215,1
000002512,2018-01-22,2018-01-22 00:00:00,0,core,94,1
000002512,2018-01-22,2018-01-22 00:00:00,0,near,4,1
000002512,2018-01-22,2018-01-22 07:00:00,7,core,61,1
000002512,2018-01-22,2018-01-22 08:00:00,8,core,29,1
000002512,2018-01-22,2018-01-22 09:00:00,9,core,86,1
000002512,2018-01-22,2018-01-22 11:00:00,11,core,63,1
000002512,2018-01-22,2018-01-22 11:00:00,11,near,112,1
000002512,2018-01-22,2018-01-22 12:00:00,12,near,87,1
000002512,2018-01-22,2018-01-22 13:00:00,13,core,11,1
000002512,2018-01-22,2018-01-22 14:00:00,14,core,2,0
000002512,2018-01-22,2018-01-22 15:00:00,15,core,179,1
000002512,2018-01-22,2018-01-22 16:00:00,16,core,254,1
000002512,2018-01-22,2018-01-22 17:00:00,17,core,59,1
000002512,2018-01-22,2018-01-22 18:00:00,18,core,86,1
000002512,2018-01-22,2018-01-22 19:00:00,19,core,70,1
000002512,2018-01-22,2018-01-22 22:00:00,22,core,47,1
000002512,2018-01-22,2018-01-22 23:00:00,23,core,53,1
000002512,2018-01-23,2018-01-23 00:00:00,0,core,26,1
000002512,2018-01-23,2018-01-23 06:00:00,6,core,70,1
000002512,2018-01-23,2018-01-23 07:00:00,7,core,76,1
000002512,2018-01-23,2018-01-23 08:00:00,8,core,34,1
000002512,2018-01-23,2018-01-23 10:00:00,10,core,25,1
000002512,2018-01-23,2018-01-23 11:00:00,11,near,6,1
000002512,2018-01-23,2018-01-23 12:00:00,12,core,3,1
000002512,2018-01-23,2018-01-23 12:00:00,12,near,1,0
000002512,2018-01-23,2018-01-23 14:00:00,14,core,68,1
000002512,2018-01-23,2018-01-23 14:00:00,14,near,15,1
000002512,2018-01-23,2018-01-23 15:00:00,15,core,16,1
000002512,2018-01-23,2018-01-23 15:00:00,15,near,5,1
000002512,2018-01-23,2018-01-23 17:00:00,17,core,37,1
000002512,2018-01-23,2018-01-23 17:00:00,17,near,110,1
000002512,2018-01-23,2018-01-23 18:00:00,18,near,25,1
000002512,2018-01-23,2018-01-23 20:00:00,20,core,4,1
000002512,2018-01-23,2018-01-23 20:00:00,20,near,17,1
000002512,2018-01-23,2018-01-23 21:00:00,21,core,8,1
000002512,2018-01-23,2018-01-23 21:00:00,21,near,6,1
000002512,2018-01-23,2018-01-23 23:00:00,23,core,24,1
000002512,2018-01-23,2018-01-23 23:00:00,23,near,60,1
000002512,2018-01-24,2018-01-24 01:00:00,1,core,8,1
000002512,2018-01-24,2018-01-24 01:00:00,1,near,4,1
000002512,2018-01-24,2018-01-24 04:00:00,4,core,15,1
000002512,2018-01-24,2018-01-24 05:00:00,5,core,19,1
000002512,2018-01-24,2018-01-24 07:00:00,7,core,1,0
000002512,2018-01-24,2018-01-24 08:00:00,8,core,35,1
000002512,2018-01-24,2018-01-24 08:00:00,8,near,6,1
000002512,2018-01-24,2018-01-24 09:00:00,9,core,72,1
000002512,2018-01-24,2018-01-24 09:00:00,9,near,22,1
000002512,2018-01-24,2018-01-24 10:00:00,10,core,26,1
000002512,2018-01-24,2018-01-24 15:00:00,15,core,58,1
000002512,2018-01-24,2018-01-24 16:00:00,16,core,13,1
000002512,2018-01-24,2018-01-24 19:00:00,19,core,41,1
000002512,2018-01-24,2018-01-24 19:00:00,19,near,90,1
000002512,2018-01-24,2018-01-24 20:00:00,20,core,4,1
000002512,2018-01-24,2018-01-24 20:00:00,20,near,12,1
000002512,2018-01-24,2018-01-24 22:00:00,22,core,156,1
000002512,2018-01-24,2018-01-24 23:00:00,23,core,19,1
000002516,2018-01-01,2018-01-01 02:00:00,2,core,84,1
000002516,2018-01-01,2018-01-01 03:00:00,3,core,22,1
000002516,2018-01-01,2018-01-01 06:00:00,6,core,44,1
000002516,2018-01-01,2018-01-01 07:00:00,7,core,80,1
000002516,2018-01-01,2018-01-01 07:00:00,7,near,48,1
000002516,2018-01-01,2018-01-01 08:00:00,8,core,26,1
000002516,2018-01-01,2018-01-01 11:00:00,11,core,11,1
000002516,2018-01-01,2018-01-01 12:00:00,12,core,82,1
000002516,2018-01-01,2018-01-01 15:00:00,15,core,199,1
000002516,2018-01-01,2018-01-01 16:00:00,16,core,53,1
000002516,2018-01-01,2018-01-01 18:00:00,18,core,116,1
000002516,2018-01-01,2018-01-01 19:00:00,19,core,58,1
000002516,2018-01-01,2018-01-01 19:00:00,19,near,8,1
000002516,2018-01-01,2018-01-01 20:00:00,20,core,1,0
000002516,2018-01-01,2018-01-01 21:00:00,21,core,1,0
000002516,2018-01-01,2018-01-01 23:00:00,23,core,70,1
000002516,2018-01-01,2018-01-01 23:00:00,23,near,1,0
000002516,2018-01-02,2018-01-02 00:00:00,0,core,18,1
000002516,2018-01-02,2018-01-02 06:00:00,6,core,58,1
000002516,2018-01-02,2018-01-02 07:00:00,7,core,30,1
000002516,2018-01-02,2018-01-02 07:00:00,7,near,58,1
000002516,2018-01-02,2018-01-02 11:00:00,11,core,52,1
000002516,2018-01-02,2018-01-02 12:00:00,12,core,40,1
000002516,2018-01-02,2018-01-02 15:00:00,15,core,195,1
000002516,2018-01-02,2018-01-02 15:00:00,15,near,8,1
000002516,2018-01-02,2018-01-02 16:00:00,16,core,42,1
000002516,2018-01-02,2018-01-02 19:00:00,19,core,235,1
000002516,2018-01-02,2018-01-02 20:00:00,20,core,38,1
000002516,2018-01-03,2018-01-03 03:00:00,3,core,41,1
000002516,2018-01-03,2018-01-03 04:00:00,4,core,41,1
000002516,2018-01-03,2018-01-03 05:00:00,5,core,105,1
000002516,2018-01-03,2018-01-03 06:00:00,6,core,46,1
000002516,2018-01-03,2018-01-03 12:00:00,12,core,1,0
000002516,2018-01-03,2018-01-03 15:00:00,15,core,132,1
000002516,2018-01-03,2018-01-03 15:00:00,15,near,71,1
000002516,2018-01-03,2018-01-03 16:00:00,16,core,19,1
000002516,2018-01-03,2018-01-03 16:00:00,16,near,49,1
000002516,2018-01-03,2018-01-03 18:00:00,18,core,1,0
000002516,2018-01-03,2018-01-03 19:00:00,19,core,52,1
000002516,2018-01-03,2018-01-03 19:00:00,19,near,66,1
000002516,2018-01-03,2018-01-03 20:00:00,20,core,10,1
000002516,2018-01-03,2018-01-03 20:00:00,20,near,25,1
000002516,2018-01-03,2018-01-03 22:00:00,22,core,66,1
000002516,2018-01-03,2018-01-03 23:00:00,23,core,42,1
000002516,2018-01-04,2018-01-04 03:00:00,3,core,18,1
000002516,2018-01-04,2018-01-04 03:00:00,3,near,41,1
000002516,2018-01-04,2018-01-04 04:00:00,4,near,126,1
000002516,2018-01-04,2018-01-04 05:00:00,5,core,9,1
000002516,2018-01-04,2018-01-04 05:00:00,5,near,29,1
000002516,2018-01-04,2018-01-04 07:00:00,7,core,13,1
000002516,2018-01-04,2018-01-04 08:00:00,8,core,129,1
000002516,2018-01-04,2018-01-04 09:00:00,9,core,82,1
000002516,2018-01-04,2018-01-04 10:00:00,10,core,59,1
000002516,2018-01-04,2018-01-04 11:00:00,11,core,16,1
000002516,2018-01-04,2018-01-04 11:00:00,11,near,30,1
000002516,2018-01-04,2018-01-04 12:00:00,12,core,5,1
000002516,2018-01-04,2018-01-04 18:00:00,18,core,103,1
000002516,2018-01-04,2018-01-04 18:00:00,18,near,127,1
000002516,2018-01-04,2018-01-04 19:00:00,19,core,7,1
000002516,2018-01-04,2018-01-04 19:00:00,19,near,61,1
000002516,2018-01-04,2018-01-04 22:00:00,22,core,74,1
000002516,2018-01-04,2018-01-04 23:00:00,23,core,74,1
000002516,2018-01-05,2018-01-05 02:00:00,2,core,156,1
000002516,2018-01-05,2018-01-05 03:00:00,3,core,3,1
000002516,2018-01-05,2018-01-05 06:00:00,6,core,138,1
000002516,2018-01-05,2018-01-05 07:00:00,7,core,31,1
000002516,2018-01-05,2018-01-05 07:00:00,7,near,51,1
000002516,2018-01-05,2018-01-05 08:00:00,8,core,10,1
000002516,2018-01-05,2018-01-05 08:00:00,8,near,34,1
000002516,2018-01-05,2018-01-05 09:00:00,9,core,1,0
000002516,2018-01-05,2018-01-05 10:00:00,10,core,117,1
000002516,2018-01-05,2018-01-05 11:00:00,11,core,39,1
000002516,2018-01-05,2018-01-05 14:00:00,14,core,177,1
000002516,2018-01-05,2018-01-05 15:00:00,15,core,65,1
000002516,2018-01-05,2018-01-05 19:00:00,19,core,58,1
000002516,2018-01-06,2018-01-06 00:00:00,0,core,83,1
000002516,2018-01-06,2018-01-06 03:00:00,3,core,53,1
000002516,2018-01-06,2018-01-06 04:00:00,4,core,28,1
000002516,2018-01-06,2018-01-06 07:00:00,7,core,62,1
000002516,2018-01-06,2018-01-06 07:00:00,7,near,18,1
000002516,2018-01-06,2018-01-06 08:00:00,8,core,6,1
000002516,2018-01-06,2018-01-06 08:00:00,8,near,18,1
000002516,2018-01-06,2018-01-06 10:00:00,10,core,133,1
000002516,2018-01-06,2018-01-06 11:00:00,11,core,36,1
000002516,2018-01-06,2018-01-06 11:00:00,11,near,7,1
000002516,2018-01-06,2018-01-06 15:00:00,15,core,90,1
000002516,2018-01-06,2018-01-06 15:00:00,15,outer,1,0
000002516,2018-01-06,2018-01-06 19:00:00,19,core,77,1
000002516,2018-01-06,2018-01-06 22:00:00,22,core,6,1
000002516,2018-01-06,2018-01-06 23:00:00,23,core,211,1
000002516,2018-01-07,2018-01-07 00:00:00,0,core,16,1
000002516,2018-01-07,2018-01-07 02:00:00,2,core,53,1
000002516,2018-01-07,2018-01-07 03:00:00,3,core,56,1
000002516,2018-01-07,2018-01-07 03:00:00,3,near,29,1
000002516,2018-01-07,2018-01-07 04:00:00,4,core,16,1
000002516,2018-01-07,2018-01-07 04:00:00,4,near,10,1
000002516,2018-01-07,2018-01-07 06:00:00,6,core,161,1
000002516,2018-01-07,2018-01-07 07:00:00,7,core,34,1
000002516,2018-01-07,2018-01-07 10:00:00,10,core,20,1
000002516,2018-01-07,2018-01-07 11:00:00,11,core,80,1
000002516,2018-01-07,2018-01-07 12:00:00,12,core,19,1
000002516,2018-01-07,2018-01-07 15:00:00,15,core,80,1
000002516,2018-01-07,2018-01-07 15:00:00,15,near,1,0
000002516,2018-01-07,2018-01-07 16:00:00,16,core,10,1
000002516,2018-01-07,2018-01-07 16:00:00,16,near,5,1
000002516,2018-01-07,2018-01-07 18:00:00,18,core,15,1
000002516,2018-01-07,2018-01-07 19:00:00,19,core,17,1
000002516,2018-01-07,2018-01-07 23:00:00,23,core,26,1
000002516,2018-01-07,2018-01-07 23:00:00,23,near,7,1
000002516,2018-01-08,2018-01-08 00:00:00,0,core,4,1
000002516,2018-01-08,2018-01-08 00:00:00,0,near,5,1
000002516,2018-01-08,2018-01-08 02:00:00,2,core,66,1
000002516,2018-01-08,2018-01-08 02:00:00,2,near,14,1
000002516,2018-01-08,2018-01-08 03:00:00,3,core,9,1
000002516,2018-01-08,2018-01-08 03:00:00,3,near,7,1
000002516,2018-01-08,2018-01-08 06:00:00,6,core,67,1
000002516,2018-01-08,2018-01-08 07:00:00,7,core,144,1
000002516,2018-01-08,2018-01-08 07:00:00,7,near,29,1
000002516,2018-01-08,2018-01-08 08:00:00,8,core,14,1
000002516,2018-01-08,2018-01-08 08:00:00,8,near,8,1
000002516,2018-01-08,2018-01-08 11:00:00,11,core,25,1
000002516,2018-01-08,2018-01-08 12:00:00,12,core,15,1
000002516,2018-01-08,2018-01-08 12:00:00,12,near,1,0
000002516,2018-01-08,2018-01-08 15:00:00,15,core,39,1
000002516,2018-01-08,2018-01-08 16:00:00,16,core,1,0
000002516,2018-01-08,2018-01-08 16:00:00,16,near,81,1
000002516,2018-01-08,2018-01-08 17:00:00,17,core,42,1
000002516,2018-01-08,2018-01-08 17:00:00,17,near,1,0
000002516,2018-01-08,2018-01-08 19:00:00,19,core,38,1
000002516,2018-01-08,2018-01-08 20:00:00,20,core,45,1
000002516,2018-01-08,2018-01-08 23:00:00,23,core,58,1
000002516,2018-01-08,2018-01-08 23:00:00,23,near,20,1
000002516,2018-01-09,2018-01-09 00:00:00,0,core,15,1
000002516,2018-01-09,2018-01-09 00:00:00,0,near,19,1
000002516,2018-01-09,2018-01-09 04:00:00,4,core,42,1
000002516,2018-01-09,2018-01-09 08:00:00,8,core,1,0
000002516,2018-01-09,2018-01-09 08:00:00,8,near,3,1
000002516,2018-01-09,2018-01-09 09:00:00,9,core,2,0
000002516,2018-01-09,2018-01-09 10:00:00,10,core,13,1
000002516,2018-01-09,2018-01-09 11:00:00,11,core,7,1
000002516,2018-01-09,2018-01-09 12:00:00,12,core,87,1
000002516,2018-01-09,2018-01-09 12:00:00,12,near,15,1
000002516,2018-01-09,2018-01-09 13:00:00,13,core,45,1
000002516,2018-01-09,2018-01-09 15:00:00,15,core,44,1
000002516,2018-01-09,2018-01-09 15:00:00,15,near,5,1
000002516,2018-01-09,2018-01-09 16:00:00,16,near,2,0
000002516,2018-01-09,2018-01-09 17:00:00,17,core,6,1
000002516,2018-01-09,2018-01-09 17:00:00,17,near,11,1
000002516,2018-01-09,2018-01-09 18:00:00,18,core,84,1
000002516,2018-01-09,2018-01-09 19:00:00,19,core,67,1
000002516,2018-01-09,2018-01-09 20:00:00,20,core,23,1
000002516,2018-01-09,2018-01-09 23:00:00,23,core,71,1
000002516,2018-01-10,2018-01-10 00:00:00,0,core,31,1
000002516,2018-01-10,2018-01-10 02:00:00,2,core,19,1
000002516,2018-01-10,2018-01-10 03:00:00,3,core,36,1
000002516,2018-01-10,2018-01-10 07:00:00,7,core,1,0
000002516,2018-01-10,2018-01-10 08:00:00,8,core,1,0
000002516,2018-01-10,2018-01-10 08:00:00,8,near,3,1
000002516,2018-01-10,2018-01-10 10:00:00,10,core,24,1
000002516,2018-01-10,2018-01-10 12:00:00,12,core,144,1
000002516,2018-01-10,2018-01-10 13:00:00,13,core,22,1
000002516,2018-01-10,2018-01-10 15:00:00,15,core,5,1
000002516,2018-01-10,2018-01-10 15:00:00,15,near,5,1
000002516,2018-01-10,2018-01-10 16:00:00,16,core,8,1
000002516,2018-01-10,2018-01-10 16:00:00,16,near,5,1
000002516,2018-01-10,2018-01-10 17:00:00,17,core,24,1
000002516,2018-01-10,2018-01-10 18:00:00,18,core,94,1
000002516,2018-01-10,2018-01-10 18:00:00,18,near,15,1
000002516,2018-01-10,2018-01-10 19:00:00,19,core,17,1
000002516,2018-01-10,2018-01-10 19:00:00,19,near,6,1
000002516,2018-01-10,2018-01-10 20:00:00,20,core,17,1
000002516,2018-01-10,2018-01-10 22:00:00,22,core,12,1
000002516,2018-01-10,2018-01-10 23:00:00,23,core,40,1
000002516,2018-01-11,2018-01-11 00:00:00,0,core,2,0
000002516,2018-01-11,2018-01-11 06:00:00,6,core,8,1
000002516,2018-01-11,2018-01-11 07:00:00,7,core,154,1
000002516,2018-01-11,2018-01-11 08:00:00,8,core,2,0
000002516,2018-01-11,2018-01-11 10:00:00,10,core,5,1
000002516,2018-01-11,2018-01-11 11:00:00,11,core,4,1
000002516,2018-01-11,2018-01-11 12:00:00,12,near,3,1
000002516,2018-01-11,2018-01-11 16:00:00,16,core,58,1
000002516,2018-01-11,2018-01-11 18:00:00,18,core,40,1
000002516,2018-01-11,2018-01-11 19:00:00,19,core,111,1
000002516,2018-01-11,2018-01-11 19:00:00,19,near,32,1
000002516,2018-01-11,2018-01-11 20:00:00,20,core,15,1
000002516,2018-01-11,2018-01-11 20:00:00,20,near,17,1
000002516,2018-01-11,2018-01-11 23:00:00,23,core,53,1
000002516,2018-01-11,2018-01-11 23:00:00,23,near,41,1
000002516,2018-01-12,2018-01-12 00:00:00,0,core,9,1
000002516,2018-01-12,2018-01-12 00:00:00,0,near,37,1
000002516,2018-01-12,2018-01-12 02:00:00,2,core,23,1
000002516,2018-01-12,2018-01-12 03:00:00,3,core,12,1
000002516,2018-01-12,2018-01-12 04:00:00,4,core,37,1
000002516,2018-01-12,2018-01-12 06:00:00,6,core,3,1
000002516,2018-01-12,2018-01-12 07:00:00,7,core,1,0
000002516,2018-01-12,2018-01-12 10:00:00,10,core,3,1
000002516,2018-01-12,2018-01-12 13:00:00,13,core,1,0
000002516,2018-01-12,2018-01-12 18:00:00,18,core,1,0
000002516,2018-01-12,2018-01-12 19:00:00,19,core,3,1
000002516,2018-01-12,2018-01-12 22:00:00,22,core,7,1
000002516,2018-01-12,2018-01-12 23:00:00,23,core,1,0
000002516,2018-01-13,2018-01-13 07:00:00,7,core,5,1
000002516,2018-01-13,2018-01-13 08:00:00,8,core,1,0
000002516,2018-01-13,2018-01-13 11:00:00,11,core,5,1
000002516,2018-01-13,2018-01-13 14:00:00,14,core,2,0
000002516,2018-01-13,2018-01-13 15:00:00,15,near,5,1
000002516,2018-01-13,2018-01-13 16:00:00,16,core,1,0
000002516,2018-01-13,2018-01-13 16:00:00,16,near,2,0
000002516,2018-01-13,2018-01-13 19:00:00,19,core,2,0
000002516,2018-01-13,2018-01-13 23:00:00,23,core,5,1
000002516,2018-01-14,2018-01-14 04:00:00,4,core,3,1
000002516,2018-01-14,2018-01-14 05:00:00,5,core,1,0
000002516,2018-01-14,2018-01-14 06:00:00,6,core,1,0
000002516,2018-01-14,2018-01-14 07:00:00,7,core,3,1
000002516,2018-01-14,2018-01-14 08:00:00,8,core,2,0
000002516,2018-01-14,2018-01-14 09:00:00,9,core,1,0
000002516,2018-01-14,2018-01-14 09:00:00,9,near,2,0
000002516,2018-01-14,2018-01-14 10:00:00,10,core,2,0
000002516,2018-01-14,2018-01-14 12:00:00,12,core,1,0
000002516,2018-01-14,2018-01-14 12:00:00,12,near,2,0
000002516,2018-01-14,2018-01-14 12:00:00,12,outer,2,0
000002516,2018-01-14,2018-01-14 13:00:00,13,near,2,0
000002516,2018-01-15,2018-01-15 10:00:00,10,core,5,1
000002516,2018-01-15,2018-01-15 11:00:00,11,core,1,0
000002516,2018-01-15,2018-01-15 15:00:00,15,core,1,0
000002516,2018-01-15,2018-01-15 15:00:00,15,near,2,0
000002516,2018-01-15,2018-01-15 16:00:00,16,core,3,1
000002516,2018-01-15,2018-01-15 18:00:00,18,core,4,1
000002516,2018-01-15,2018-01-15 18:00:00,18,near,1,0
000002516,2018-01-15,2018-01-15 20:00:00,20,near,3,1
000002516,2018-01-15,2018-01-15 21:00:00,21,core,3,1
000002516,2018-01-15,2018-01-15 22:00:00,22,core,4,1
000002516,2018-01-16,2018-01-16 03:00:00,3,core,2,0
000002516,2018-01-16,2018-01-16 06:00:00,6,core,5,1
000002516,2018-01-16,2018-01-16 07:00:00,7,core,2,0
000002516,2018-01-16,2018-01-16 11:00:00,11,core,3,1
000002516,2018-01-16,2018-01-16 12:00:00,12,core,1,0
000002516,2018-01-16,2018-01-16 13:00:00,13,core,1,0
000002516,2018-01-16,2018-01-16 14:00:00,14,core,4,1
000002516,2018-01-16,2018-01-16 14:00:00,14,near,1,0
000002516,2018-01-16,2018-01-16 15:00:00,15,core,2,0
000002516,2018-01-16,2018-01-16 22:00:00,22,core,2,0
000002516,2018-01-16,2018-01-16 23:00:00,23,core,1,0
000002516,2018-01-17,2018-01-17 02:00:00,2,core,6,1
000002516,2018-01-17,2018-01-17 02:00:00,2,near,1,0
000002516,2018-01-17,2018-01-17 03:00:00,3,core,1,0
000002516,2018-01-17,2018-01-17 06:00:00,6,core,4,1
000002516,2018-01-17,2018-01-17 10:00:00,10,core,4,1
000002516,2018-01-17,2018-01-17 11:00:00,11,core,4,1
000002516,2018-01-17,2018-01-17 14:00:00,14,near,4,1
000002516,2018-01-17,2018-01-17 17:00:00,17,near,2,0
000002516,2018-01-17,2018-01-17 19:00:00,19,core,2,0
000002516,2018-01-17,2018-01-17 23:00:00,23,core,1,0
000002516,2018-01-18,2018-01-18 00:00:00,0,core,1,0
000002516,2018-01-18,2018-01-18 03:00:00,3,core,4,1
000002516,2018-01-18,2018-01-18 03:00:00,3,near,1,0
000002516,2018-01-18,2018-01-18 04:00:00,4,core,1,0
000002516,2018-01-18,2018-01-18 04:00:00,4,near,1,0
000002516,2018-01-18,2018-01-18 07:00:00,7,core,3,1
000002516,2018-01-18,2018-01-18 08:00:00,8,core,2,0
000002516,2018-01-18,2018-01-18 09:00:00,9,core,1,0
000002516,2018-01-18,2018-01-18 11:00:00,11,core,4,1
000002516,2018-01-18,2018-01-18 11:00:00,11,near,1,0
000002516,2018-01-18,2018-01-18 16:00:00,16,core,1,0
000002516,2018-01-18,2018-01-18 19:00:00,19,core,13,1
000002516,2018-01-18,2018-01-18 20:00:00,20,core,2,0
000002516,2018-01-18,2018-01-18 23:00:00,23,core,3,1
000002516,2018-01-18,2018-01-18 23:00:00,23,near,1,0
000002516,2018-01-19,2018-01-19 00:00:00,0,near,1,0
000002516,2018-01-19,2018-01-19 07:00:00,7,core,5,1
000002516,2018-01-19,2018-01-19 08:00:00,8,core,5,1
000002516,2018-01-19,2018-01-19 11:00:00,11,core,196,1
000002516,2018-01-19,2018-01-19 12:00:00,12,core,18,1
000002516,2018-01-19,2018-01-19 13:00:00,13,core,85,1
000002516,2018-01-19,2018-01-19 13:00:00,13,near,15,1
000002516,2018-01-19,2018-01-19 14:00:00,14,near,114,1
000002516,2018-01-19,2018-01-19 15:00:00,15,core,30,1
000002516,2018-01-19,2018-01-19 15:00:00,15,near,11,1
000002516,2018-01-19,2018-01-19 18:00:00,18,core,70,1
000002516,2018-01-19,2018-01-19 18:00:00,18,near,2,0
000002516,2018-01-19,2018-01-19 23:00:00,23,core,52,1
000002516,2018-01-20,2018-01-20 02:00:00,2,core,43,1
000002516,2018-01-20,2018-01-20 02:00:00,2,near,36,1
000002516,2018-01-20,2018-01-20 03:00:00,3,core,22,1
000002516,2018-01-20,2018-01-20 03:00:00,3,near,22,1
000002516,2018-01-20,2018-01-20 04:00:00,4,core,55,1
000002516,2018-01-20,2018-01-20 06:00:00,6,core,105,1
000002516,2018-01-20,2018-01-20 07:00:00,7,core,21,1
000002516,2018-01-20,2018-01-20 07:00:00,7,near,14,1
000002516,2018-01-20,2018-01-20 08:00:00,8,core,8,1
000002516,2018-01-20,2018-01-20 08:00:00,8,near,9,1
000002516,2018-01-20,2018-01-20 10:00:00,10,core,38,1
000002516,2018-01-20,2018-01-20 11:00:00,11,core,13,1
000002516,2018-01-20,2018-01-20 12:00:00,12,core,79,1
000002516,2018-01-20,2018-01-20 15:00:00,15,core,34,1
000002516,2018-01-20,2018-01-20 16:00:00,16,core,39,1
000002516,2018-01-20,2018-01-20 18:00:00,18,core,1,0
000002516,2018-01-20,2018-01-20 19:00:00,19,core,68,1
000002516,2018-01-20,2018-01-20 20:00:00,20,core,17,1
000002516,2018-01-20,2018-01-20 21:00:00,21,core,2,0
000002516,2018-01-20,2018-01-20 22:00:00,22,core,24,1
000002516,2018-01-20,2018-01-20 23:00:00,23,core,24,1
000002516,2018-01-20,2018-01-20 23:00:00,23,near,46,1
000002516,2018-01-21,2018-01-21 00:00:00,0,core,8,1
000002516,2018-01-21,2018-01-21 00:00:00,0,near,26,1
000002516,2018-01-21,2018-01-21 01:00:00,1,core,2,0
000002516,2018-01-21,2018-01-21 02:00:00,2,core,30,1
000002516,2018-01-21,2018-01-21 03:00:00,3,core,106,1
000002516,2018-01-21,2018-01-21 04:00:00,4,core,36,1
000002516,2018-01-21,2018-01-21 07:00:00,7,core,21,1
000002516,2018-01-21,2018-01-21 07:00:00,7,near,31,1
000002516,2018-01-21,2018-01-21 08:00:00,8,core,51,1
000002516,2018-01-21,2018-01-21 08:00:00,8,near,31,1
000002516,2018-01-21,2018-01-21 12:00:00,12,core,26,1
000002516,2018-01-21,2018-01-21 13:00:00,13,core,86,1
000002516,2018-01-21,2018-01-21 14:00:00,14,core,72,1
000002516,2018-01-21,2018-01-21 15:00:00,15,core,20,1
000002516,2018-01-21,2018-01-21 17:00:00,17,core,112,1
000002516,2018-01-21,2018-01-21 18:00:00,18,core,196,1
000002516,2018-01-21,2018-01-21 18:00:00,18,near,47,1
000002516,2018-01-21,2018-01-21 19:00:00,19,core,85,1
000002516,2018-01-21,2018-01-21 20:00:00,20,core,18,1
000002516,2018-01-21,2018-01-21 20:00:00,20,near,30,1
000002516,2018-01-21,2018-01-21 23:00:00,23,core,205,1
000002516,2018-01-22,2018-01-22 00:00:00,0,core,85,1
000002516,2018-01-22,2018-01-22 07:00:00,7,core,39,1
000002516,2018-01-22,2018-01-22 08:00:00,8,core,39,1
000002516,2018-01-22,2018-01-22 09:00:00,9,core,58,1
000002516,2018-01-22,2018-01-22 11:00:00,11,core,64,1
000002516,2018-01-22,2018-01-22 11:00:00,11,near,18,1
000002516,2018-01-22,2018-01-22 12:00:00,12,near,29,1
000002516,2018-01-22,2018-01-22 13:00:00,13,core,4,1
000002516,2018-01-22,2018-01-22 14:00:00,14,core,3,1
000002516,2018-01-22,2018-01-22 15:00:00,15,core,139,1
000002516,2018-01-22,2018-01-22 16:00:00,16,core,153,1
000002516,2018-01-22,2018-01-22 17:00:00,17,core,67,1
000002516,2018-01-22,2018-01-22 18:00:00,18,core,25,1
000002516,2018-01-22,2018-01-22 19:00:00,19,core,41,1
000002516,2018-01-22,2018-01-22 22:00:00,22,core,42,1
000002516,2018-01-22,2018-01-22 23:00:00,23,core,61,1
000002516,2018-01-23,2018-01-23 01:00:00,1,core,1,0
000002516,2018-01-23,2018-01-23 06:00:00,6,core,75,1
000002516,2018-01-23,2018-01-23 07:00:00,7,core,22,1
000002516,2018-01-23,2018-01-23 07:00:00,7,outer,1,0
000002516,2018-01-23,2018-01-23 08:00:00,8,core,7,1
000002516,2018-01-23,2018-01-23 10:00:00,10,core,7,1
000002516,2018-01-23,2018-01-23 11:00:00,11,near,58,1
000002516,2018-01-23,2018-01-23 12:00:00,12,core,4,1
000002516,2018-01-23,2018-01-23 12:00:00,12,near,6,1
000002516,2018-01-23,2018-01-23 14:00:00,14,core,88,1
000002516,2018-01-23,2018-01-23 14:00:00,14,near,8,1
000002516,2018-01-23,2018-01-23 15:00:00,15,core,11,1
000002516,2018-01-23,2018-01-23 15:00:00,15,near,11,1
000002516,2018-01-23,2018-01-23 17:00:00,17,core,37,1
000002516,2018-01-23,2018-01-23 17:00:00,17,near,79,1
000002516,2018-01-23,2018-01-23 18:00:00,18,near,40,1
000002516,2018-01-23,2018-01-23 19:00:00,19,near,15,1
000002516,2018-01-23,2018-01-23 20:00:00,20,core,17,1
000002516,2018-01-23,2018-01-23 20:00:00,20,near,6,1
000002516,2018-01-23,2018-01-23 21:00:00,21,core,10,1
000002516,2018-01-23,2018-01-23 21:00:00,21,near,11,1
000002516,2018-01-23,2018-01-23 23:00:00,23,core,28,1
000002516,2018-01-23,2018-01-23 23:00:00,23,near,69,1
000002516,2018-01-24,2018-01-24 00:00:00,0,near,5,1
000002516,2018-01-24,2018-01-24 01:00:00,1,core,9,1
000002516,2018-01-24,2018-01-24 01:00:00,1,near,34,1
000002516,2018-01-24,2018-01-24 04:00:00,4,core,30,1
000002516,2018-01-24,2018-01-24 05:00:00,5,core,44,1
000002516,2018-01-24,2018-01-24 08:00:00,8,core,24,1
000002516,2018-01-24,2018-01-24 09:00:00,9,core,86,1
000002516,2018-01-24,2018-01-24 09:00:00,9,near,32,1
000002516,2018-01-24,2018-01-24 10:00:00,10,core,30,1
000002516,2018-01-24,2018-01-24 15:00:00,15,core,77,1
000002516,2018-01-24,2018-01-24 16:00:00,16,core,14,1
000002516,2018-01-24,2018-01-24 19:00:00,19,core,72,1
000002516,2018-01-24,2018-01-24 19:00:00,19,near,115,1
000002516,2018-01-24,2018-01-24 20:00:00,20,core,5,1
000002516,2018-01-24,2018-01-24 20:00:00,20,near,37,1
000002516,2018-01-24,2018-01-24 21:00:00,21,core,6,1
000002516,2018-01-24,2018-01-24 22:00:00,22,core,185,1
000002516,2018-01-24,2018-01-24 23:00:00,23,core,62,1
000002519,2018-01-01,2018-01-01 07:00:00,7,core,12,1
000002519,2018-01-01,2018-01-01 07:00:00,7,near,62,1
000002519,2018-01-01,2018-01-01 08:00:00,8,core,54,1
000002519,2018-01-01,2018-01-01 08:00:00,8,near,55,1
000002519,2018-01-01,2018-01-01 11:00:00,11,core,27,1
000002519,2018-01-01,2018-01-01 11:00:00,11,near,90,1
000002519,2018-01-01,2018-01-01 12:00:00,12,outer,26,1
000002519,2018-01-01,2018-01-01 13:00:00,13,outer,16,1
000002519,2018-01-01,2018-01-01 14:00:00,14,core,9,1
000002519,2018-01-01,2018-01-01 14:00:00,14,near,73,1
000002519,2018-01-02,2018-01-02 14:00:00,14,near,41,1
000002519,2018-01-02,2018-01-02 15:00:00,15,core,5,1
000002519,2018-01-02,2018-01-02 15:00:00,15,near,31,1
000002519,2018-01-02,2018-01-02 16:00:00,16,outer,11,1
000002519,2018-01-02,2018-01-02 17:00:00,17,outer,243,1
000002519,2018-01-02,2018-01-02 18:00:00,18,outer,111,1
000002519,2018-01-02,2018-01-02 19:00:00,19,core,31,1
000002519,2018-01-02,2018-01-02 20:00:00,20,outer,147,1
000002519,2018-01-02,2018-01-02 21:00:00,21,outer,33,1
000002519,2018-01-02,2018-01-02 22:00:00,22,core,7,1
000002519,2018-01-02,2018-01-02 22:00:00,22,near,45,1
000002519,2018-01-02,2018-01-02 23:00:00,23,near,38,1
000002519,2018-01-03,2018-01-03 10:00:00,10,near,14,1
000002519,2018-01-03,2018-01-03 11:00:00,11,core,5,1
000002519,2018-01-03,2018-01-03 11:00:00,11,near,68,1
000002519,2018-01-03,2018-01-03 11:00:00,11,outer,26,1
000002519,2018-01-03,2018-01-03 12:00:00,12,outer,96,1
000002519,2018-01-03,2018-01-03 13:00:00,13,outer,27,1
000002519,2018-01-03,2018-01-03 14:00:00,14,outer,56,1
000002519,2018-01-03,2018-01-03 15:00:00,15,outer,11,1
000002519,2018-01-03,2018-01-03 16:00:00,16,outer,117,1
000002519,2018-01-03,2018-01-03 17:00:00,17,outer,83,1
000002519,2018-01-03,2018-01-03 18:00:00,18,core,14,1
000002519,2018-01-03,2018-01-03 19:00:00,19,core,15,1
000002519,2018-01-03,2018-01-03 19:00:00,19,near,99,1
000002519,2018-01-04,2018-01-04 04:00:00,4,core,69,1
000002519,2018-01-04,2018-01-04 04:00:00,4,near,74,1
000002519,2018-01-04,2018-01-04 05:00:00,5,outer,117,1
000002519,2018-01-04,2018-01-04 06:00:00,6,outer,33,1
000002519,2018-01-04,2018-01-04 07:00:00,7,core,38,1
000002519,2018-01-04,2018-01-04 08:00:00,8,outer,16,1
000002519,2018-01-04,2018-01-04 09:00:00,9,outer,3,1
000002519,2018-01-04,2018-01-04 11:00:00,11,outer,108,1
000002519,2018-01-04,2018-01-04 12:00:00,12,outer,125,1
000002519,2018-01-04,2018-01-04 13:00:00,13,outer,69,1
000002519,2018-01-04,2018-01-04 14:00:00,14,outer,15,1
000002519,2018-01-04,2018-01-04 16:00:00,16,outer,237,1
000002519,2018-01-04,2018-01-04 17:00:00,17,outer,208,1
000002519,2018-01-04,2018-01-04 18:00:00,18,core,19,1
000002519,2018-01-04,2018-01-04 19:00:00,19,core,45,1
000002519,2018-01-04,2018-01-04 19:00:00,19,near,80,1
000002519,2018-01-04,2018-01-04 20:00:00,20,near,8,1
000002519,2018-01-05,2018-01-05 03:00:00,3,near,75,1
000002519,2018-01-05,2018-01-05 04:00:00,4,outer,18,1
000002519,2018-01-05,2018-01-05 06:00:00,6,near,51,1
000002519,2018-01-05,2018-01-05 07:00:00,7,core,68,1
000002519,2018-01-05,2018-01-05 07:00:00,7,near,111,1
000002519,2018-01-05,2018-01-05 08:00:00,8,core,14,1
000002519,2018-01-05,2018-01-05 08:00:00,8,near,16,1
000002519,2018-01-05,2018-01-05 08:00:00,8,outer,11,1
000002519,2018-01-05,2018-01-05 09:00:00,9,outer,178,1
000002519,2018-01-05,2018-01-05 10:00:00,10,core,71,1
000002519,2018-01-05,2018-01-05 10:00:00,10,near,16,1
000002519,2018-01-05,2018-01-05 11:00:00,11,core,12,1
000002519,2018-01-05,2018-01-05 12:00:00,12,outer,39,1
000002519,2018-01-05,2018-01-05 13:00:00,13,outer,4,1
000002519,2018-01-05,2018-01-05 14:00:00,14,outer,344,1
000002519,2018-01-05,2018-01-05 15:00:00,15,core,46,1
000002519,2018-01-05,2018-01-05 15:00:00,15,near,3,1
000002519,2018-01-05,2018-01-05 15:00:00,15,outer,20,1
000002519,2018-01-05,2018-01-05 16:00:00,16,near,81,1
000002519,2018-01-06,2018-01-06 02:00:00,2,near,1,0
000002519,2018-01-06,2018-01-06 03:00:00,3,core,148,1
000002519,2018-01-06,2018-01-06 03:00:00,3,near,203,1
000002519,2018-01-06,2018-01-06 04:00:00,4,near,32,1
000002519,2018-01-06,2018-01-06 04:00:00,4,outer,148,1
000002519,2018-01-06,2018-01-06 05:00:00,5,outer,180,1
000002519,2018-01-06,2018-01-06 06:00:00,6,core,30,1
000002519,2018-01-06,2018-01-06 06:00:00,6,near,74,1
000002519,2018-01-06,2018-01-06 18:00:00,18,core,15,1
000002519,2018-01-06,2018-01-06 18:00:00,18,near,76,1
000002519,2018-01-06,2018-01-06 19:00:00,19,outer,30,1
000002519,2018-01-06,2018-01-06 20:00:00,20,outer,77,1
000002519,2018-01-06,2018-01-06 21:00:00,21,outer,23,1
000002519,2018-01-06,2018-01-06 22:00:00,22,outer,117,1
000002519,2018-01-06,2018-01-06 23:00:00,23,outer,17,1
000002519,2018-01-07,2018-01-07 00:00:00,0,outer,87,1
000002519,2018-01-07,2018-01-07 01:00:00,1,outer,74,1
000002519,2018-01-07,2018-01-07 02:00:00,2,core,6,1
000002519,2018-01-07,2018-01-07 02:00:00,2,near,8,1
000002519,2018-01-07,2018-01-07 03:00:00,3,near,54,1
000002519,2018-01-07,2018-01-07 07:00:00,7,near,66,1
000002519,2018-01-07,2018-01-07 08:00:00,8,outer,9,1
000002519,2018-01-07,2018-01-07 09:00:00,9,outer,124,1
000002519,2018-01-07,2018-01-07 10:00:00,10,outer,69,1
000002519,2018-01-07,2018-01-07 11:00:00,11,outer,21,1
000002519,2018-01-07,2018-01-07 13:00:00,13,outer,80,1
000002519,2018-01-07,2018-01-07 14:00:00,14,outer,8,1
000002519,2018-01-07,2018-01-07 16:00:00,16,core,3,1
000002519,2018-01-07,2018-01-07 16:00:00,16,near,5,1
000002519,2018-01-07,2018-01-07 17:00:00,17,near,70,1
000002519,2018-01-11,2018-01-11 23:00:00,23,near,17,1
000002519,2018-01-12,2018-01-12 00:00:00,0,core,8,1
000002519,2018-01-12,2018-01-12 00:00:00,0,near,57,1
000002519,2018-01-12,2018-01-12 01:00:00,1,outer,29,1
000002519,2018-01-12,2018-01-12 02:00:00,2,outer,3,1
000002519,2018-01-12,2018-01-12 03:00:00,3,near,51,1
000002519,2018-01-12,2018-01-12 07:00:00,7,near,1,0
000002519,2018-01-12,2018-01-12 09:00:00,9,core,1,0
000002519,2018-01-12,2018-01-12 11:00:00,11,core,1,0
000002519,2018-01-12,2018-01-12 12:00:00,12,outer,1,0
000002519,2018-01-12,2018-01-12 13:00:00,13,outer,7,1
000002519,2018-01-12,2018-01-12 14:00:00,14,outer,1,0
000002519,2018-01-12,2018-01-12 15:00:00,15,near,1,0
000002519,2018-01-12,2018-01-12 16:00:00,16,core,1,0
000002519,2018-01-12,2018-01-12 18:00:00,18,near,1,0
000002519,2018-01-13,2018-01-13 08:00:00,8,near,4,1
000002519,2018-01-13,2018-01-13 09:00:00,9,outer,2,0
000002519,2018-01-13,2018-01-13 10:00:00,10,outer,1,0
000002519,2018-01-13,2018-01-13 11:00:00,11,outer,6,1
000002519,2018-01-13,2018-01-13 12:00:00,12,outer,6,1
000002519,2018-01-13,2018-01-13 13:00:00,13,outer,2,0
000002519,2018-01-13,2018-01-13 16:00:00,16,outer,1,0
000002519,2018-01-13,2018-01-13 17:00:00,17,outer,2,0
000002519,2018-01-13,2018-01-13 19:00:00,19,near,1,0
000002519,2018-01-13,2018-01-13 20:00:00,20,near,3,1
000002519,2018-01-14,2018-01-14 04:00:00,4,core,2,0
000002519,2018-01-14,2018-01-14 04:00:00,4,near,3,1
000002519,2018-01-14,2018-01-14 05:00:00,5,near,3,1
000002519,2018-01-14,2018-01-14 06:00:00,6,outer,2,0
000002519,2018-01-14,2018-01-14 08:00:00,8,near,1,0
000002519,2018-01-15,2018-01-15 08:00:00,8,outer,1,0
000002519,2018-01-15,2018-01-15 09:00:00,9,outer,1,0
000002519,2018-01-15,2018-01-15 12:00:00,12,near,3,1
000002519,2018-01-15,2018-01-15 13:00:00,13,outer,4,1
000002519,2018-01-15,2018-01-15 14:00:00,14,outer,1,0
000002519,2018-01-15,2018-01-15 16:00:00,16,near,1,0
000002519,2018-01-15,2018-01-15 16:00:00,16,outer,1,0
000002519,2018-01-15,2018-01-15 19:00:00,19,near,1,0
000002519,2018-01-16,2018-01-16 02:00:00,2,near,3,1
000002519,2018-01-16,2018-01-16 03:00:00,3,core,1,0
000002519,2018-01-16,2018-01-16 04:00:00,4,outer,3,1
000002519,2018-01-16,2018-01-16 05:00:00,5,outer,5,1
000002519,2018-01-16,2018-01-16 07:00:00,7,near,2,0
000002519,2018-01-16,2018-01-16 11:00:00,11,core,1,0
000002519,2018-01-16,2018-01-16 11:00:00,11,near,3,1
000002519,2018-01-16,2018-01-16 12:00:00,12,outer,2,0
000002519,2018-01-16,2018-01-16 13:00:00,13,outer,1,0
000002519,2018-01-16,2018-01-16 16:00:00,16,outer,2,0
000002519,2018-01-16,2018-01-16 17:00:00,17,outer,1,0
000002519,2018-01-16,2018-01-16 20:00:00,20,outer,2,0
000002519,2018-01-16,2018-01-16 23:00:00,23,near,3,1
000002519,2018-01-17,2018-01-17 07:00:00,7,near,1,0
000002519,2018-01-17,2018-01-17 08:00:00,8,outer,5,1
000002519,2018-01-17,2018-01-17 09:00:00,9,outer,2,0
000002519,2018-01-17,2018-01-17 12:00:00,12,outer,2,0
000002519,2018-01-17,2018-01-17 14:00:00,14,outer,1,0
000002519,2018-01-17,2018-01-17 16:00:00,16,outer,1,0
000002519,2018-01-17,2018-01-17 20:00:00,20,near,2,0
000002519,2018-01-18,2018-01-18 03:00:00,3,outer,1,0
000002519,2018-01-18,2018-01-18 04:00:00,4,outer,3,1
000002519,2018-01-18,2018-01-18 05:00:00,5,outer,1,0
000002519,2018-01-18,2018-01-18 06:00:00,6,near,2,0
000002519,2018-01-18,2018-01-18 07:00:00,7,near,2,0
000002519,2018-01-18,2018-01-18 08:00:00,8,core,3,1
000002519,2018-01-18,2018-01-18 08:00:00,8,near,1,0
000002519,2018-01-18,2018-01-18 09:00:00,9,outer,3,1
000002519,2018-01-18,2018-01-18 10:00:00,10,outer,1,0
000002519,2018-01-18,2018-01-18 11:00:00,11,outer,1,0
000002519,2018-01-18,2018-01-18 12:00:00,12,outer,1,0
000002519,2018-01-18,2018-01-18 14:00:00,14,outer,2,0
000002519,2018-01-18,2018-01-18 16:00:00,16,outer,2,0
000002519,2018-01-18,2018-01-18 17:00:00,17,outer,2,0
000002519,2018-01-18,2018-01-18 18:00:00,18,outer,2,0
000002519,2018-01-18,2018-01-18 19:00:00,19,core,4,1
000002519,2018-01-18,2018-01-18 19:00:00,19,near,8,1
000002519,2018-01-18,2018-01-18 20:00:00,20,near,2,0
000002519,2018-01-19,2018-01-19 05:00:00,5,outer,1,0
000002519,2018-01-19,2018-01-19 06:00:00,6,near,1,0
000002519,2018-01-19,2018-01-19 21:00:00,21,outer,74,1
000002519,2018-01-20,2018-01-20 00:00:00,0,outer,38,1
000002519,2018-01-20,2018-01-20 01:00:00,1,outer,35,1
000002519,2018-01-20,2018-01-20 02:00:00,2,core,7,1
000002519,2018-01-20,2018-01-20 02:00:00,2,near,5,1
000002519,2018-01-20,2018-01-20 03:00:00,3,near,64,1
000002519,2018-01-20,2018-01-20 07:00:00,7,core,55,1
000002519,2018-01-20,2018-01-20 07:00:00,7,near,59,1
000002519,2018-01-20,2018-01-20 08:00:00,8,near,15,1
000002519,2018-01-20,2018-01-20 08:00:00,8,outer,32,1
000002519,2018-01-20,2018-01-20 09:00:00,9,outer,6,1
000002519,2018-01-20,2018-01-20 10:00:00,10,core,1,0
000002519,2018-01-20,2018-01-20 10:00:00,10,near,39,1
000002519,2018-01-21,2018-01-21 13:00:00,13,near,24,1
000002519,2018-01-22,2018-01-22 06:00:00,6,near,27,1
000002519,2018-01-24,2018-01-24 04:00:00,4,core,2,0
000002519,2018-01-24,2018-01-24 04:00:00,4,near,77,1
000002519,2018-01-24,2018-01-24 05:00:00,5,core,11,1
000002519,2018-01-24,2018-01-24 05:00:00,5,near,1,0
000002519,2018-01-24,2018-01-24 05:00:00,5,outer,33,1
000002519,2018-01-24,2018-01-24 06:00:00,6,outer,109,1
000002519,2018-01-24,2018-01-24 08:00:00,8,near,99,1
000002519,2018-01-24,2018-01-24 09:00:00,9,near,6,1
000002519,2018-01-24,2018-01-24 11:00:00,11,core,44,1
000002519,2018-01-24,2018-01-24 11:00:00,11,near,20,1
000002519,2018-01-24,2018-01-24 11:00:00,11,outer,33,1
000002519,2018-01-24,2018-01-24 12:00:00,12,outer,33,1
000002519,2018-01-24,2018-01-24 13:00:00,13,outer,91,1
000002519,2018-01-24,2018-01-24 15:00:00,15,outer,4,1
000002519,2018-01-24,2018-01-24 16:00:00,16,outer,30,1
000002519,2018-01-24,2018-01-24 17:00:00,17,outer,50,1
000002519,2018-01-24,2018-01-24 18:00:00,18,near,2,0
000002519,2018-01-24,2018-01-24 18:00:00,18,outer,14,1
000002519,2018-01-24,2018-01-24 19:00:00,19,core,4,1
000002519,2018-01-24,2018-01-24 19:00:00,19,near,5,1
000002519,2018-01-24,2018-01-24 21:00:00,21,near,66,1
000002519,2018-01-24,2018-01-24 22:00:00,22,near,45,1
000002530,2018-01-01,2018-01-01 11:00:00,11,outer,156,1
000002530,2018-01-01,2018-01-01 12:00:00,12,outer,350,1
000002530,2018-01-01,2018-01-01 13:00:00,13,near,110,1
000002530,2018-01-01,2018-01-01 13:00:00,13,outer,233,1
000002530,2018-01-01,2018-01-01 14:00:00,14,core,101,1
000002530,2018-01-01,2018-01-01 14:00:00,14,near,115,1
000002530,2018-01-01,2018-01-01 15:00:00,15,near,8,1
000002530,2018-01-02,2018-01-02 13:00:00,13,near,44,1
000002530,2018-01-02,2018-01-02 14:00:00,14,near,65,1
000002530,2018-01-02,2018-01-02 19:00:00,19,core,21,1
000002530,2018-01-02,2018-01-02 19:00:00,19,near,111,1
000002531,2018-01-04,2018-01-04 03:00:00,3,outer,58,1
000002531,2018-01-04,2018-01-04 04:00:00,4,outer,301,1
000002531,2018-01-04,2018-01-04 05:00:00,5,near,22,1
000002531,2018-01-04,2018-01-04 05:00:00,5,outer,144,1
000002531,2018-01-04,2018-01-04 06:00:00,6,core,30,1
000002531,2018-01-04,2018-01-04 06:00:00,6,near,104,1
000002531,2018-01-05,2018-01-05 15:00:00,15,core,42,1
000002531,2018-01-05,2018-01-05 15:00:00,15,near,104,1
000002531,2018-01-05,2018-01-05 16:00:00,16,near,66,1
000002531,2018-01-05,2018-01-05 16:00:00,16,outer,60,1
000002531,2018-01-05,2018-01-05 17:00:00,17,outer,67,1
000002535,2018-01-02,2018-01-02 15:00:00,15,outer,65,1
000002535,2018-01-02,2018-01-02 16:00:00,16,outer,340,1
000002535,2018-01-02,2018-01-02 17:00:00,17,core,124,1
000002535,2018-01-02,2018-01-02 17:00:00,17,near,226,1
000002535,2018-01-02,2018-01-02 17:00:00,17,outer,2,0
000002535,2018-01-03,2018-01-03 08:00:00,8,near,53,1
000002535,2018-01-03,2018-01-03 11:00:00,11,near,70,1
000002535,2018-01-03,2018-01-03 23:00:00,23,core,135,1
000002535,2018-01-03,2018-01-03 23:00:00,23,near,119,1
000002535,2018-01-04,2018-01-04 00:00:00,0,near,65,1
000002535,2018-01-04,2018-01-04 00:00:00,0,outer,167,1
000002535,2018-01-04,2018-01-04 01:00:00,1,outer,172,1
000002537,2018-01-01,2018-01-01 15:00:00,15,outer,239,1
000002537,2018-01-01,2018-01-01 16:00:00,16,outer,306,1
000002537,2018-01-01,2018-01-01 17:00:00,17,core,74,1
000002537,2018-01-01,2018-01-01 17:00:00,17,near,80,1
000002537,2018-01-02,2018-01-02 09:00:00,9,near,2,0
000002537,2018-01-02,2018-01-02 11:00:00,11,near,17,1
000002537,2018-01-02,2018-01-02 14:00:00,14,near,1,0
000002537,2018-01-02,2018-01-02 23:00:00,23,core,27,1
000002537,2018-01-02,2018-01-02 23:00:00,23,near,99,1
000002537,2018-01-03,2018-01-03 00:00:00,0,near,59,1
000002537,2018-01-03,2018-01-03 00:00:00,0,outer,282,1
000002537,2018-01-03,2018-01-03 01:00:00,1,outer,143,1
000002537,2018-01-05,2018-01-05 18:00:00,18,core,9,1
000002537,2018-01-05,2018-01-05 18:00:00,18,near,76,1
000002537,2018-01-05,2018-01-05 18:00:00,18,outer,3,1
000002537,2018-01-05,2018-01-05 19:00:00,19,near,58,1
000002537,2018-01-06,2018-01-06 13:00:00,13,near,15,1
000002537,2018-01-06,2018-01-06 23:00:00,23,core,7,1
000002537,2018-01-06,2018-01-06 23:00:00,23,near,97,1
000002537,2018-01-07,2018-01-07 00:00:00,0,outer,44,1
000002537,2018-01-13,2018-01-13 20:00:00,20,outer,1,0
000002537,2018-01-13,2018-01-13 21:00:00,21,core,1,0
000002537,2018-01-13,2018-01-13 21:00:00,21,near,3,1
000002537,2018-01-20,2018-01-20 02:00:00,2,core,8,1
000002537,2018-01-20,2018-01-20 02:00:00,2,near,56,1
000002537,2018-01-20,2018-01-20 13:00:00,13,near,2,0
000002537,2018-01-20,2018-01-20 14:00:00,14,near,8,1
000002537,2018-01-21,2018-01-21 00:00:00,0,core,74,1
000002537,2018-01-21,2018-01-21 00:00:00,0,near,56,1
000002537,2018-01-21,2018-01-21 01:00:00,1,near,82,1
000002537,2018-01-21,2018-01-21 01:00:00,1,outer,147,1
000002537,2018-01-21,2018-01-21 02:00:00,2,outer,142,1
000002552,2018-01-02,2018-01-02 10:00:00,10,near,71,1
000002552,2018-01-02,2018-01-02 10:00:00,10,outer,133,1
000002552,2018-01-02,2018-01-02 11:00:00,11,core,22,1
000002552,2018-01-02,2018-01-02 11:00:00,11,near,147,1
000002552,2018-01-02,2018-01-02 16:00:00,16,core,128,1
000002552,2018-01-02,2018-01-02 16:00:00,16,near,181,1
000002552,2018-01-02,2018-01-02 17:00:00,17,near,67,1
000002552,2018-01-02,2018-01-02 17:00:00,17,outer,213,1
000002552,2018-01-04,2018-01-04 19:00:00,19,outer,111,1
000002552,2018-01-04,2018-01-04 20:00:00,20,outer,42,1
000002552,2018-01-16,2018-01-16 09:00:00,9,near,3,1
000002552,2018-01-16,2018-01-16 09:00:00,9,outer,5,1
000002552,2018-01-16,2018-01-16 10:00:00,10,core,2,0
000002552,2018-01-16,2018-01-16 10:00:00,10,near,2,0
000002552,2018-01-23,2018-01-23 15:00:00,15,near,35,1
000002552,2018-01-24,2018-01-24 05:00:00,5,near,90,1
000002552,2018-01-24,2018-01-24 08:00:00,8,near,56,1
000002552,2018-01-24,2018-01-24 14:00:00,14,near,7,1
000002552,2018-01-24,2018-01-24 15:00:00,15,near,1,0
000002552,2018-01-24,2018-01-24 19:00:00,19,core,94,1
000002552,2018-01-24,2018-01-24 19:00:00,19,near,172,1
000002552,2018-01-24,2018-01-24 20:00:00,20,near,21,1
000002552,2018-01-24,2018-01-24 20:00:00,20,outer,163,1
000002552,2018-01-24,2018-01-24 21:00:00,21,outer,69,1
000002553,2018-01-08,2018-01-08 03:00:00,3,outer,177,1
000002553,2018-01-08,2018-01-08 04:00:00,4,outer,192,1
000002553,2018-01-08,2018-01-08 05:00:00,5,core,28,1
000002553,2018-01-08,2018-01-08 05:00:00,5,near,79,1
000002553,2018-01-08,2018-01-08 10:00:00,10,near,6,1
000002553,2018-01-12,2018-01-12 11:00:00,11,core,1,0
000002553,2018-01-12,2018-01-12 11:00:00,11,near,2,0
000002553,2018-01-16,2018-01-16 03:00:00,3,outer,3,1
000002553,2018-01-16,2018-01-16 04:00:00,4,outer,6,1
000002553,2018-01-16,2018-01-16 05:00:00,5,near,1,0
000002553,2018-01-16,2018-01-16 06:00:00,6,near,2,0
000002553,2018-01-16,2018-01-16 19:00:00,19,core,1,0
000002553,2018-01-16,2018-01-16 19:00:00,19,near,3,1
000002553,2018-01-20,2018-01-20 07:00:00,7,outer,148,1
000002553,2018-01-20,2018-01-20 08:00:00,8,outer,159,1
000002553,2018-01-20,2018-01-20 09:00:00,9,core,78,1
000002553,2018-01-20,2018-01-20 09:00:00,9,near,103,1
000002553,2018-01-20,2018-01-20 09:00:00,9,outer,3,1
000002553,2018-01-20,2018-01-20 10:00:00,10,near,23,1
000002553,2018-01-21,2018-01-21 15:00:00,15,core,2,0
000002553,2018-01-21,2018-01-21 15:00:00,15,near,62,1
000002553,2018-01-21,2018-01-21 16:00:00,16,outer,13,1
000002556,2018-01-17,2018-01-17 15:00:00,15,outer,8,1
000002556,2018-01-17,2018-01-17 17:00:00,17,near,2,0
000002556,2018-01-17,2018-01-17 18:00:00,18,near,3,1
000002556,2018-01-18,2018-01-18 14:00:00,14,near,2,0
000002556,2018-01-18,2018-01-18 16:00:00,16,near,1,0
000002556,2018-01-18,2018-01-18 23:00:00,23,core,5,1
000002556,2018-01-18,2018-01-18 23:00:00,23,near,7,1
000002556,2018-01-19,2018-01-19 00:00:00,0,outer,4,1
000002659,2018-01-01,2018-01-01 08:00:00,8,near,3,1
000002659,2018-01-01,2018-01-01 09:00:00,9,core,4,1
000002659,2018-01-01,2018-01-01 12:00:00,12,core,2,0
000002659,2018-01-01,2018-01-01 13:00:00,13,core,3,1
000002659,2018-01-01,2018-01-01 13:00:00,13,near,1,0
000002659,2018-01-03,2018-01-03 13:00:00,13,near,2,0
000002659,2018-01-03,2018-01-03 17:00:00,17,near,2,0
000002659,2018-01-04,2018-01-04 02:00:00,2,core,1,0
000002659,2018-01-04,2018-01-04 02:00:00,2,near,2,0
000002659,2018-01-04,2018-01-04 03:00:00,3,core,3,1
000002659,2018-01-04,2018-01-04 05:00:00,5,core,2,0
000002659,2018-01-04,2018-01-04 06:00:00,6,core,3,1
000002659,2018-01-04,2018-01-04 06:00:00,6,near,2,0
000002659,2018-01-05,2018-01-05 09:00:00,9,near,1,0
000002659,2018-01-05,2018-01-05 10:00:00,10,core,4,1
000002659,2018-01-05,2018-01-05 10:00:00,10,near,1,0
000002659,2018-01-05,2018-01-05 11:00:00,11,core,1,0
000002659,2018-01-05,2018-01-05 17:00:00,17,core,6,1
000002659,2018-01-05,2018-01-05 17:00:00,17,near,1,0
000002659,2018-01-08,2018-01-08 08:00:00,8,near,1,0
000002659,2018-01-08,2018-01-08 09:00:00,9,near,4,1
000002659,2018-01-10,2018-01-10 06:00:00,6,core,1,0
000002659,2018-01-10,2018-01-10 06:00:00,6,near,2,0
000002659,2018-01-10,2018-01-10 08:00:00,8,near,2,0
000002659,2018-01-10,2018-01-10 16:00:00,16,core,2,0
000002659,2018-01-10,2018-01-10 16:00:00,16,near,1,0
000002659,2018-01-10,2018-01-10 18:00:00,18,core,3,1
000002659,2018-01-14,2018-01-14 08:00:00,8,near,2,0
000002659,2018-01-20,2018-01-20 15:00:00,15,near,1,0
000002659,2018-01-20,2018-01-20 16:00:00,16,core,2,0
000002659,2018-01-20,2018-01-20 19:00:00,19,core,1,0
000002799,2018-01-01,2018-01-01 12:00:00,12,outer,380,1
000002799,2018-01-01,2018-01-01 13:00:00,13,outer,1,0
000002799,2018-01-01,2018-01-01 15:00:00,15,outer,336,1
000002799,2018-01-01,2018-01-01 16:00:00,16,outer,258,1
000002799,2018-01-01,2018-01-01 17:00:00,17,core,58,1
000002799,2018-01-01,2018-01-01 17:00:00,17,near,118,1
000002799,2018-01-15,2018-01-15 08:00:00,8,near,2,0
000002799,2018-01-15,2018-01-15 10:00:00,10,near,2,0
000002799,2018-01-16,2018-01-16 08:00:00,8,near,3,1
000002799,2018-01-16,2018-01-16 10:00:00,10,near,6,1
000002799,2018-01-16,2018-01-16 19:00:00,19,core,3,1
000002799,2018-01-16,2018-01-16 19:00:00,19,near,5,1
000002799,2018-01-16,2018-01-16 20:00:00,20,near,1,0
000002799,2018-01-16,2018-01-16 20:00:00,20,outer,1,0
000002799,2018-01-19,2018-01-19 18:00:00,18,near,57,1
000002799,2018-01-23,2018-01-23 19:00:00,19,near,56,1
000002799,2018-01-23,2018-01-23 20:00:00,20,core,1,0
000002799,2018-01-23,2018-01-23 20:00:00,20,near,22,1
000002830,2018-01-06,2018-01-06 02:00:00,2,core,21,1
000002830,2018-01-06,2018-01-06 02:00:00,2,near,125,1
000002830,2018-01-06,2018-01-06 11:00:00,11,near,58,1
000002830,2018-01-06,2018-01-06 14:00:00,14,near,181,1
000002830,2018-01-06,2018-01-06 23:00:00,23,core,9,1
000002830,2018-01-06,2018-01-06 23:00:00,23,near,128,1
000002830,2018-01-07,2018-01-07 00:00:00,0,outer,22,1
000002830,2018-01-07,2018-01-07 01:00:00,1,outer,61,1
000002830,2018-01-13,2018-01-13 23:00:00,23,outer,5,1
000002830,2018-01-14,2018-01-14 00:00:00,0,outer,11,1
000002830,2018-01-14,2018-01-14 01:00:00,1,core,3,1
000002830,2018-01-14,2018-01-14 01:00:00,1,near,4,1
000002830,2018-01-14,2018-01-14 02:00:00,2,near,4,1
000002830,2018-01-14,2018-01-14 08:00:00,8,near,1,0
000002830,2018-01-19,2018-01-19 21:00:00,21,outer,65,1
000002830,2018-01-19,2018-01-19 22:00:00,22,outer,186,1
000002830,2018-01-20,2018-01-20 00:00:00,0,outer,24,1
000002830,2018-01-20,2018-01-20 01:00:00,1,core,15,1
000002830,2018-01-20,2018-01-20 01:00:00,1,outer,70,1
000002830,2018-01-20,2018-01-20 02:00:00,2,core,6,1
000002830,2018-01-20,2018-01-20 02:00:00,2,near,68,1
000002830,2018-01-20,2018-01-20 14:00:00,14,near,16,1
000002830,2018-01-20,2018-01-20 15:00:00,15,near,46,1
000002830,2018-01-21,2018-01-21 00:00:00,0,core,17,1
000002830,2018-01-21,2018-01-21 00:00:00,0,near,63,1
000002830,2018-01-21,2018-01-21 01:00:00,1,core,58,1
000002830,2018-01-21,2018-01-21 01:00:00,1,near,87,1
000002830,2018-01-21,2018-01-21 01:00:00,1,outer,77,1
000002830,2018-01-21,2018-01-21 02:00:00,2,outer,220,1
000002832,2018-01-02,2018-01-02 09:00:00,9,outer,326,1
000002832,2018-01-02,2018-01-02 12:00:00,12,outer,40,1
000002832,2018-01-02,2018-01-02 13:00:00,13,core,46,1
000002832,2018-01-02,2018-01-02 13:00:00,13,near,11,1
000002832,2018-01-02,2018-01-02 14:00:00,14,near,91,1
000002832,2018-01-03,2018-01-03 08:00:00,8,near,28,1
000002832,2018-01-03,2018-01-03 11:00:00,11,near,43,1
000002832,2018-01-03,2018-01-03 13:00:00,13,near,51,1
000002832,2018-01-03,2018-01-03 19:00:00,19,core,5,1
000002832,2018-01-03,2018-01-03 19:00:00,19,near,95,1
000002832,2018-01-03,2018-01-03 20:00:00,20,core,36,1
000002832,2018-01-12,2018-01-12 03:00:00,3,outer,143,1
000002832,2018-01-12,2018-01-12 04:00:00,4,outer,107,1
000002832,2018-01-12,2018-01-12 05:00:00,5,core,12,1
000002832,2018-01-12,2018-01-12 05:00:00,5,outer,34,1
000002832,2018-01-12,2018-01-12 06:00:00,6,core,1,0
000002832,2018-01-12,2018-01-12 06:00:00,6,near,80,1
000002832,2018-01-12,2018-01-12 16:00:00,16,near,1,0
000002832,2018-01-13,2018-01-13 19:00:00,19,core,1,0
000002832,2018-01-13,2018-01-13 19:00:00,19,near,4,1
000002832,2018-01-13,2018-01-13 20:00:00,20,core,1,0
000002832,2018-01-13,2018-01-13 20:00:00,20,near,2,0
000002832,2018-01-13,2018-01-13 20:00:00,20,outer,4,1
000002832,2018-01-13,2018-01-13 21:00:00,21,outer,8,1
000002834,2018-01-02,2018-01-02 18:00:00,18,outer,172,1
000002834,2018-01-02,2018-01-02 19:00:00,19,outer,328,1
000002834,2018-01-02,2018-01-02 20:00:00,20,outer,81,1
000002834,2018-01-02,2018-01-02 21:00:00,21,outer,28,1
000002834,2018-01-02,2018-01-02 22:00:00,22,core,21,1
000002834,2018-01-02,2018-01-02 22:00:00,22,near,105,1
000002834,2018-01-02,2018-01-02 22:00:00,22,outer,1,0
000002834,2018-01-03,2018-01-03 19:00:00,19,core,11,1
000002834,2018-01-03,2018-01-03 19:00:00,19,near,95,1
000002834,2018-01-03,2018-01-03 20:00:00,20,outer,96,1
000002834,2018-01-03,2018-01-03 21:00:00,21,outer,195,1
000002834,2018-01-08,2018-01-08 05:00:00,5,near,128,1
000002834,2018-01-08,2018-01-08 06:00:00,6,core,140,1
000002834,2018-01-08,2018-01-08 06:00:00,6,near,152,1
000002834,2018-01-08,2018-01-08 15:00:00,15,near,60,1
000002834,2018-01-09,2018-01-09 01:00:00,1,core,136,1
000002834,2018-01-09,2018-01-09 01:00:00,1,near,125,1
000002834,2018-01-09,2018-01-09 02:00:00,2,near,105,1
000002834,2018-01-09,2018-01-09 02:00:00,2,outer,16,1
000002834,2018-01-09,2018-01-09 03:00:00,3,outer,34,1
000002834,2018-01-13,2018-01-13 15:00:00,15,outer,7,1
000002834,2018-01-13,2018-01-13 16:00:00,16,outer,2,0
000002834,2018-01-13,2018-01-13 17:00:00,17,core,1,0
000002834,2018-01-13,2018-01-13 17:00:00,17,near,5,1
000002834,2018-01-14,2018-01-14 10:00:00,10,near,2,0
000002834,2018-01-14,2018-01-14 11:00:00,11,near,1,0
000002835,2018-01-04,2018-01-04 04:00:00,4,outer,266,1
000002835,2018-01-04,2018-01-04 05:00:00,5,near,13,1
000002835,2018-01-04,2018-01-04 05:00:00,5,outer,79,1
000002835,2018-01-04,2018-01-04 06:00:00,6,core,40,1
000002835,2018-01-04,2018-01-04 06:00:00,6,near,150,1
000002835,2018-01-06,2018-01-06 09:00:00,9,near,22,1
000002835,2018-01-06,2018-01-06 09:00:00,9,outer,1,0
000002835,2018-01-06,2018-01-06 11:00:00,11,core,8,1
000002835,2018-01-06,2018-01-06 11:00:00,11,near,116,1
000002835,2018-01-06,2018-01-06 12:00:00,12,outer,61,1
000002835,2018-01-13,2018-01-13 10:00:00,10,near,3,1
000002835,2018-01-14,2018-01-14 09:00:00,9,near,2,0
000002835,2018-01-15,2018-01-15 11:00:00,11,near,4,1
000002835,2018-01-15,2018-01-15 12:00:00,12,core,1,0
000002835,2018-01-15,2018-01-15 12:00:00,12,near,4,1
000002835,2018-01-15,2018-01-15 13:00:00,13,outer,1,0
000002835,2018-01-20,2018-01-20 03:00:00,3,outer,48,1
000002835,2018-01-20,2018-01-20 04:00:00,4,outer,255,1
000002835,2018-01-20,2018-01-20 05:00:00,5,core,11,1
000002835,2018-01-20,2018-01-20 05:00:00,5,near,109,1
000002835,2018-01-20,2018-01-20 05:00:00,5,outer,58,1
000002835,2018-01-20,2018-01-20 06:00:00,6,near,107,1
000002835,2018-01-21,2018-01-21 15:00:00,15,core,9,1
000002835,2018-01-21,2018-01-21 15:00:00,15,near,50,1
000002835,2018-01-21,2018-01-21 16:00:00,16,outer,20,1
000002894,2018-01-10,2018-01-10 07:00:00,7,outer,6,1
000002894,2018-01-10,2018-01-10 08:00:00,8,outer,9,1
000002894,2018-01-10,2018-01-10 11:00:00,11,outer,40,1
000002894,2018-01-10,2018-01-10 12:00:00,12,core,11,1
000002894,2018-01-10,2018-01-10 12:00:00,12,outer,97,1
000002894,2018-01-10,2018-01-10 13:00:00,13,core,6,1
000002894,2018-01-10,2018-01-10 13:00:00,13,near,85,1
000002894,2018-01-11,2018-01-11 09:00:00,9,near,1,0
000002894,2018-01-11,2018-01-11 10:00:00,10,near,1,0
000002894,2018-01-11,2018-01-11 23:00:00,23,near,1,0
000002895,2018-01-01,2018-01-01 09:00:00,9,near,49,1
000002908,2018-01-01,2018-01-01 08:00:00,8,near,4,1
000002908,2018-01-01,2018-01-01 09:00:00,9,near,1,0
000002908,2018-01-01,2018-01-01 10:00:00,10,near,6,1
000002908,2018-01-01,2018-01-01 10:00:00,10,outer,6,1
000002908,2018-01-01,2018-01-01 12:00:00,12,outer,5,1
000002908,2018-01-01,2018-01-01 14:00:00,14,outer,3,1
000002908,2018-01-01,2018-01-01 15:00:00,15,near,4,1
000002908,2018-01-02,2018-01-02 09:00:00,9,near,1,0
000002908,2018-01-02,2018-01-02 11:00:00,11,near,3,1
000002908,2018-01-03,2018-01-03 09:00:00,9,outer,1,0
000002908,2018-01-03,2018-01-03 10:00:00,10,outer,4,1
000002908,2018-01-03,2018-01-03 11:00:00,11,core,2,0
000002908,2018-01-03,2018-01-03 11:00:00,11,near,4,1
000002908,2018-01-03,2018-01-03 12:00:00,12,near,1,0
000002908,2018-01-04,2018-01-04 08:00:00,8,near,3,1
000002908,2018-01-04,2018-01-04 10:00:00,10,outer,3,1
000002908,2018-01-04,2018-01-04 13:00:00,13,near,3,1
000002908,2018-01-04,2018-01-04 15:00:00,15,outer,5,1
000002908,2018-01-04,2018-01-04 16:00:00,16,near,2,0
000002908,2018-01-04,2018-01-04 16:00:00,16,outer,1,0
000002908,2018-01-05,2018-01-05 13:00:00,13,outer,3,1
000002908,2018-01-05,2018-01-05 14:00:00,14,outer,4,1
000002908,2018-01-05,2018-01-05 15:00:00,15,outer,1,0
000002908,2018-01-05,2018-01-05 16:00:00,16,core,2,0
000002908,2018-01-05,2018-01-05 16:00:00,16,near,4,1
000002908,2018-01-06,2018-01-06 09:00:00,9,near,6,1
000002908,2018-01-06,2018-01-06 10:00:00,10,outer,1,0
000002908,2018-01-06,2018-01-06 12:00:00,12,outer,3,1
000002908,2018-01-07,2018-01-07 08:00:00,8,near,1,0
000002908,2018-01-07,2018-01-07 09:00:00,9,outer,3,1
000002908,2018-01-07,2018-01-07 10:00:00,10,outer,5,1
000002908,2018-01-07,2018-01-07 11:00:00,11,core,1,0
000002908,2018-01-07,2018-01-07 11:00:00,11,near,4,1
000002908,2018-01-07,2018-01-07 11:00:00,11,outer,4,1
000002908,2018-01-07,2018-01-07 12:00:00,12,near,1,0
000002908,2018-01-07,2018-01-07 15:00:00,15,outer,1,0
000002908,2018-01-07,2018-01-07 18:00:00,18,core,2,0
000002908,2018-01-07,2018-01-07 18:00:00,18,near,4,1
000002908,2018-01-11,2018-01-11 16:00:00,16,near,3,1
000002908,2018-01-11,2018-01-11 21:00:00,21,near,1,0
000002908,2018-01-12,2018-01-12 08:00:00,8,near,1,0
000002908,2018-01-12,2018-01-12 10:00:00,10,near,4,1
000002908,2018-01-12,2018-01-12 10:00:00,10,outer,2,0
000002908,2018-01-13,2018-01-13 07:00:00,7,near,2,0
000002908,2018-01-13,2018-01-13 08:00:00,8,outer,2,0
000002908,2018-01-13,2018-01-13 10:00:00,10,outer,3,1
000002908,2018-01-13,2018-01-13 11:00:00,11,core,1,0
000002908,2018-01-13,2018-01-13 11:00:00,11,near,3,1
000002908,2018-01-14,2018-01-14 09:00:00,9,near,1,0
000002908,2018-01-14,2018-01-14 10:00:00,10,near,2,0
000002908,2018-01-14,2018-01-14 10:00:00,10,outer,2,0
000002908,2018-01-15,2018-01-15 08:00:00,8,outer,1,0
000002908,2018-01-15,2018-01-15 09:00:00,9,outer,1,0
000002908,2018-01-15,2018-01-15 10:00:00,10,outer,4,1
000002908,2018-01-15,2018-01-15 11:00:00,11,outer,1,0
000002908,2018-01-15,2018-01-15 15:00:00,15,outer,1,0
000002908,2018-01-15,2018-01-15 16:00:00,16,outer,2,0
000002908,2018-01-16,2018-01-16 09:00:00,9,near,4,1
000002908,2018-01-16,2018-01-16 10:00:00,10,near,1,0
000002908,2018-01-16,2018-01-16 10:00:00,10,outer,2,0
000002908,2018-01-16,2018-01-16 11:00:00,11,outer,6,1
000002908,2018-01-16,2018-01-16 14:00:00,14,outer,1,0
000002908,2018-01-16,2018-01-16 15:00:00,15,near,1,0
000002908,2018-01-17,2018-01-17 10:00:00,10,near,1,0
000002908,2018-01-17,2018-01-17 16:00:00,16,outer,1,0
000002908,2018-01-19,2018-01-19 10:00:00,10,near,1,0
000002908,2018-01-19,2018-01-19 10:00:00,10,outer,5,1
000002908,2018-01-19,2018-01-19 14:00:00,14,core,1,0
000002908,2018-01-19,2018-01-19 14:00:00,14,near,4,1
000002908,2018-01-19,2018-01-19 14:00:00,14,outer,3,1
000002908,2018-01-19,2018-01-19 15:00:00,15,outer,3,1
000002908,2018-01-19,2018-01-19 17:00:00,17,near,1,0
000002908,2018-01-20,2018-01-20 07:00:00,7,near,1,0
000002908,2018-01-20,2018-01-20 09:00:00,9,outer,1,0
000002908,2018-01-20,2018-01-20 10:00:00,10,outer,2,0
000002908,2018-01-21,2018-01-21 09:00:00,9,near,1,0
000002908,2018-01-24,2018-01-24 07:00:00,7,near,1,0
000002908,2018-01-24,2018-01-24 09:00:00,9,outer,1,0
000002908,2018-01-24,2018-01-24 10:00:00,10,outer,3,1
000002908,2018-01-24,2018-01-24 11:00:00,11,near,2,0
000002908,2018-01-24,2018-01-24 11:00:00,11,outer,1,0
000002908,2018-01-24,2018-01-24 12:00:00,12,near,1,0
000002908,2018-01-24,2018-01-24 13:00:00,13,outer,1,0
000002934,2018-01-01,2018-01-01 03:00:00,3,core,45,1
000002934,2018-01-01,2018-01-01 04:00:00,4,core,13,1
000002934,2018-01-01,2018-01-01 07:00:00,7,core,38,1
000002934,2018-01-01,2018-01-01 08:00:00,8,core,28,1
000002934,2018-01-01,2018-01-01 09:00:00,9,core,27,1
000002934,2018-01-01,2018-01-01 09:00:00,9,near,37,1
000002934,2018-01-01,2018-01-01 09:00:00,9,outer,38,1
000002934,2018-01-01,2018-01-01 10:00:00,10,near,14,1
000002934,2018-01-01,2018-01-01 10:00:00,10,outer,9,1
000002934,2018-01-14,2018-01-14 11:00:00,11,near,2,0
000002934,2018-01-16,2018-01-16 09:00:00,9,outer,5,1
000002934,2018-01-16,2018-01-16 10:00:00,10,core,2,0
000002934,2018-01-16,2018-01-16 10:00:00,10,near,7,1
000002934,2018-01-16,2018-01-16 10:00:00,10,outer,10,1
000002934,2018-01-16,2018-01-16 11:00:00,11,core,7,1
000002934,2018-01-16,2018-01-16 12:00:00,12,core,1,0
000002934,2018-01-16,2018-01-16 15:00:00,15,core,3,1
000002934,2018-01-16,2018-01-16 16:00:00,16,core,9,1
000002934,2018-01-16,2018-01-16 17:00:00,17,core,7,1
000002934,2018-01-16,2018-01-16 18:00:00,18,core,5,1
000002934,2018-01-16,2018-01-16 22:00:00,22,core,2,0
000002934,2018-01-16,2018-01-16 23:00:00,23,core,2,0
000002934,2018-01-17,2018-01-17 00:00:00,0,core,4,1
000002934,2018-01-17,2018-01-17 06:00:00,6,core,2,0
000002934,2018-01-17,2018-01-17 06:00:00,6,near,2,0
000002934,2018-01-17,2018-01-17 07:00:00,7,core,4,1
000002934,2018-01-17,2018-01-17 10:00:00,10,core,5,1
000002934,2018-01-17,2018-01-17 11:00:00,11,core,3,1
000002934,2018-01-17,2018-01-17 14:00:00,14,core,2,0
000002934,2018-01-17,2018-01-17 14:00:00,14,near,6,1
000002934,2018-01-17,2018-01-17 15:00:00,15,near,6,1
000002934,2018-01-17,2018-01-17 17:00:00,17,core,2,0
000002934,2018-01-17,2018-01-17 17:00:00,17,near,3,1
000002934,2018-01-17,2018-01-17 19:00:00,19,core,6,1
000002934,2018-01-17,2018-01-17 20:00:00,20,near,1,0
000002934,2018-01-18,2018-01-18 03:00:00,3,core,2,0
000002934,2018-01-18,2018-01-18 03:00:00,3,near,4,1
000002934,2018-01-18,2018-01-18 04:00:00,4,core,3,1
000002934,2018-01-18,2018-01-18 04:00:00,4,near,5,1
000002934,2018-01-18,2018-01-18 07:00:00,7,core,5,1
000002934,2018-01-18,2018-01-18 07:00:00,7,near,7,1
000002934,2018-01-18,2018-01-18 08:00:00,8,near,6,1
000002934,2018-01-18,2018-01-18 09:00:00,9,core,4,1
000002934,2018-01-18,2018-01-18 09:00:00,9,near,6,1
000002934,2018-01-18,2018-01-18 11:00:00,11,core,8,1
000002934,2018-01-18,2018-01-18 12:00:00,12,core,6,1
000002934,2018-01-18,2018-01-18 15:00:00,15,core,5,1
000002934,2018-01-18,2018-01-18 16:00:00,16,core,2,0
000002934,2018-01-18,2018-01-18 17:00:00,17,core,7,1
000002934,2018-01-18,2018-01-18 18:00:00,18,core,7,1
000002934,2018-01-19,2018-01-19 00:00:00,0,core,5,1
000002934,2018-01-19,2018-01-19 03:00:00,3,core,1,0
000002934,2018-01-19,2018-01-19 07:00:00,7,core,3,1
000002934,2018-01-19,2018-01-19 07:00:00,7,near,1,0
000002934,2018-01-19,2018-01-19 08:00:00,8,near,45,1
000002934,2018-01-19,2018-01-19 09:00:00,9,core,81,1
000002934,2018-01-19,2018-01-19 09:00:00,9,near,28,1
000002934,2018-01-19,2018-01-19 11:00:00,11,core,283,1
000002934,2018-01-19,2018-01-19 12:00:00,12,core,76,1
000002934,2018-01-19,2018-01-19 14:00:00,14,core,63,1
000002934,2018-01-19,2018-01-19 15:00:00,15,core,123,1
000002934,2018-01-19,2018-01-19 22:00:00,22,core,76,1
000002934,2018-01-19,2018-01-19 22:00:00,22,near,15,1
000002934,2018-01-19,2018-01-19 23:00:00,23,near,107,1
000002934,2018-01-20,2018-01-20 00:00:00,0,core,67,1
000002934,2018-01-20,2018-01-20 00:00:00,0,near,95,1
000002934,2018-01-20,2018-01-20 02:00:00,2,core,12,1
000002934,2018-01-20,2018-01-20 03:00:00,3,core,136,1
000002934,2018-01-20,2018-01-20 03:00:00,3,near,71,1
000002934,2018-01-20,2018-01-20 04:00:00,4,core,110,1
000002934,2018-01-20,2018-01-20 04:00:00,4,near,62,1
000002934,2018-01-20,2018-01-20 06:00:00,6,core,77,1
000002934,2018-01-20,2018-01-20 07:00:00,7,core,4,1
000002934,2018-01-20,2018-01-20 07:00:00,7,near,68,1
000002934,2018-01-20,2018-01-20 08:00:00,8,core,9,1
000002934,2018-01-20,2018-01-20 09:00:00,9,core,14,1
000002934,2018-01-20,2018-01-20 10:00:00,10,core,31,1
000002934,2018-01-20,2018-01-20 10:00:00,10,near,1,0
000002934,2018-01-20,2018-01-20 11:00:00,11,near,2,0
000002934,2018-01-20,2018-01-20 12:00:00,12,core,22,1
000002934,2018-01-20,2018-01-20 12:00:00,12,near,3,1
000002934,2018-01-20,2018-01-20 15:00:00,15,core,18,1
000002934,2018-01-20,2018-01-20 16:00:00,16,core,14,1
000002934,2018-01-20,2018-01-20 23:00:00,23,core,41,1
000002934,2018-01-21,2018-01-21 00:00:00,0,core,16,1
000002934,2018-01-21,2018-01-21 02:00:00,2,core,46,1
000002934,2018-01-21,2018-01-21 03:00:00,3,core,46,1
000002934,2018-01-21,2018-01-21 03:00:00,3,near,65,1
000002934,2018-01-21,2018-01-21 04:00:00,4,near,87,1
000002934,2018-01-21,2018-01-21 05:00:00,5,near,11,1
000002934,2018-01-21,2018-01-21 06:00:00,6,core,59,1
000002934,2018-01-21,2018-01-21 06:00:00,6,near,35,1
000002934,2018-01-21,2018-01-21 07:00:00,7,core,27,1
000002934,2018-01-21,2018-01-21 09:00:00,9,core,17,1
000002934,2018-01-21,2018-01-21 10:00:00,10,core,8,1
000002934,2018-01-21,2018-01-21 10:00:00,10,near,5,1
000002934,2018-01-21,2018-01-21 11:00:00,11,core,52,1
000002934,2018-01-21,2018-01-21 12:00:00,12,core,19,1
000002934,2018-01-21,2018-01-21 13:00:00,13,core,46,1
000002934,2018-01-21,2018-01-21 17:00:00,17,core,57,1
000002934,2018-01-21,2018-01-21 17:00:00,17,near,12,1
000002934,2018-01-21,2018-01-21 18:00:00,18,core,81,1
000002934,2018-01-21,2018-01-21 18:00:00,18,near,15,1
000002934,2018-01-21,2018-01-21 19:00:00,19,core,51,1
000002934,2018-01-21,2018-01-21 20:00:00,20,core,72,1
000002934,2018-01-21,2018-01-21 20:00:00,20,near,4,1
000002934,2018-01-21,2018-01-21 21:00:00,21,near,11,1
000002934,2018-01-21,2018-01-21 22:00:00,22,near,14,1
000002934,2018-01-21,2018-01-21 23:00:00,23,core,102,1
000002934,2018-01-21,2018-01-21 23:00:00,23,near,32,1
000002934,2018-01-22,2018-01-22 00:00:00,0,core,36,1
000002934,2018-01-22,2018-01-22 00:00:00,0,near,15,1
000002934,2018-01-22,2018-01-22 07:00:00,7,core,79,1
000002934,2018-01-22,2018-01-22 08:00:00,8,core,25,1
000002934,2018-01-22,2018-01-22 11:00:00,11,core,8,1
000002934,2018-01-22,2018-01-22 12:00:00,12,core,69,1
000002934,2018-01-22,2018-01-22 12:00:00,12,near,31,1
000002934,2018-01-22,2018-01-22 13:00:00,13,core,20,1
000002934,2018-01-22,2018-01-22 16:00:00,16,core,38,1
000002934,2018-01-22,2018-01-22 16:00:00,16,near,12,1
000002934,2018-01-22,2018-01-22 17:00:00,17,near,127,1
000002934,2018-01-22,2018-01-22 18:00:00,18,core,28,1
000002934,2018-01-22,2018-01-22 18:00:00,18,near,23,1
000002934,2018-01-22,2018-01-22 19:00:00,19,core,21,1
000002934,2018-01-22,2018-01-22 22:00:00,22,core,34,1
000002934,2018-01-22,2018-01-22 23:00:00,23,core,42,1
000002934,2018-01-23,2018-01-23 02:00:00,2,core,73,1
000002934,2018-01-23,2018-01-23 03:00:00,3,core,48,1
000002934,2018-01-23,2018-01-23 06:00:00,6,core,152,1
000002934,2018-01-23,2018-01-23 06:00:00,6,near,99,1
000002934,2018-01-23,2018-01-23 07:00:00,7,core,33,1
000002934,2018-01-23,2018-01-23 07:00:00,7,near,27,1
000002934,2018-01-23,2018-01-23 08:00:00,8,core,54,1
000002934,2018-01-23,2018-01-23 10:00:00,10,core,21,1
000002934,2018-01-23,2018-01-23 11:00:00,11,core,9,1
000002934,2018-01-23,2018-01-23 12:00:00,12,core,120,1
000002934,2018-01-23,2018-01-23 14:00:00,14,core,151,1
000002934,2018-01-23,2018-01-23 15:00:00,15,core,61,1
000002934,2018-01-23,2018-01-23 15:00:00,15,near,72,1
000002934,2018-01-23,2018-01-23 17:00:00,17,core,2,0
000002934,2018-01-23,2018-01-23 18:00:00,18,core,80,1
000002934,2018-01-23,2018-01-23 18:00:00,18,near,106,1
000002934,2018-01-23,2018-01-23 19:00:00,19,core,59,1
000002934,2018-01-23,2018-01-23 19:00:00,19,near,10,1
000002934,2018-01-23,2018-01-23 20:00:00,20,near,187,1
000002934,2018-01-23,2018-01-23 21:00:00,21,core,66,1
000002934,2018-01-23,2018-01-23 21:00:00,21,near,47,1
000002934,2018-01-24,2018-01-24 00:00:00,0,core,35,1
000002934,2018-01-24,2018-01-24 00:00:00,0,near,5,1
000002934,2018-01-24,2018-01-24 01:00:00,1,core,25,1
000002934,2018-01-24,2018-01-24 03:00:00,3,core,148,1
000002934,2018-01-24,2018-01-24 04:00:00,4,core,25,1
000002934,2018-01-24,2018-01-24 07:00:00,7,core,162,1
000002934,2018-01-24,2018-01-24 08:00:00,8,core,98,1
000002934,2018-01-24,2018-01-24 11:00:00,11,core,87,1
000002934,2018-01-24,2018-01-24 11:00:00,11,near,73,1
000002934,2018-01-24,2018-01-24 12:00:00,12,core,170,1
000002934,2018-01-24,2018-01-24 13:00:00,13,core,68,1
000002934,2018-01-24,2018-01-24 15:00:00,15,core,97,1
000002934,2018-01-24,2018-01-24 16:00:00,16,core,88,1
000002934,2018-01-24,2018-01-24 16:00:00,16,near,34,1
000002934,2018-01-24,2018-01-24 19:00:00,19,core,124,1
000002934,2018-01-24,2018-01-24 19:00:00,19,near,42,1
000002934,2018-01-24,2018-01-24 20:00:00,20,core,87,1
000002934,2018-01-24,2018-01-24 20:00:00,20,near,31,1
000002934,2018-01-24,2018-01-24 21:00:00,21,core,169,1
000002976,2018-01-02,2018-01-02 15:00:00,15,near,4,1
000002976,2018-01-02,2018-01-02 16:00:00,16,core,7,1
000002976,2018-01-02,2018-01-02 22:00:00,22,core,4,1
000002976,2018-01-02,2018-01-02 22:00:00,22,near,1,0
000002976,2018-01-02,2018-01-02 23:00:00,23,near,2,0
000002976,2018-01-05,2018-01-05 09:00:00,9,core,2,0
000002976,2018-01-05,2018-01-05 09:00:00,9,near,3,1
000002976,2018-01-05,2018-01-05 10:00:00,10,outer,10,1
000002976,2018-01-05,2018-01-05 14:00:00,14,outer,2,0
000002976,2018-01-05,2018-01-05 15:00:00,15,near,2,0
000002976,2018-01-05,2018-01-05 15:00:00,15,outer,4,1
000002976,2018-01-05,2018-01-05 16:00:00,16,core,2,0
000002976,2018-01-05,2018-01-05 16:00:00,16,near,1,0
000002976,2018-01-06,2018-01-06 15:00:00,15,core,2,0
000002976,2018-01-06,2018-01-06 15:00:00,15,near,3,1
000002976,2018-01-06,2018-01-06 18:00:00,18,core,2,0
000002976,2018-01-06,2018-01-06 18:00:00,18,near,2,0
000002976,2018-01-06,2018-01-06 19:00:00,19,near,1,0
000002976,2018-01-07,2018-01-07 09:00:00,9,core,3,1
000002976,2018-01-07,2018-01-07 09:00:00,9,near,3,1
000002976,2018-01-07,2018-01-07 11:00:00,11,core,1,0
000002976,2018-01-07,2018-01-07 12:00:00,12,core,1,0
000002976,2018-01-07,2018-01-07 13:00:00,13,near,1,0
000002976,2018-01-08,2018-01-08 10:00:00,10,core,1,0
000002976,2018-01-08,2018-01-08 10:00:00,10,near,1,0
000002976,2018-01-08,2018-01-08 12:00:00,12,core,2,0
000002976,2018-01-08,2018-01-08 14:00:00,14,core,1,0
000002976,2018-01-08,2018-01-08 15:00:00,15,near,2,0
000002976,2018-01-10,2018-01-10 09:00:00,9,near,2,0
000002976,2018-01-10,2018-01-10 10:00:00,10,core,3,1
000002976,2018-01-10,2018-01-10 10:00:00,10,near,3,1
000002976,2018-01-10,2018-01-10 10:00:00,10,outer,1,0
000002976,2018-01-10,2018-01-10 11:00:00,11,outer,1,0
000002976,2018-01-10,2018-01-10 13:00:00,13,outer,1,0
000002976,2018-01-10,2018-01-10 14:00:00,14,core,2,0
000002976,2018-01-10,2018-01-10 14:00:00,14,near,2,0
000002976,2018-01-12,2018-01-12 19:00:00,19,core,3,1
000002976,2018-01-12,2018-01-12 19:00:00,19,near,1,0
000002976,2018-01-12,2018-01-12 22:00:00,22,core,1,0
000002976,2018-01-12,2018-01-12 23:00:00,23,near,1,0
000002976,2018-01-13,2018-01-13 07:00:00,7,core,2,0
000002976,2018-01-13,2018-01-13 17:00:00,17,core,3,1
000002976,2018-01-13,2018-01-13 17:00:00,17,near,3,1
000002976,2018-01-13,2018-01-13 18:00:00,18,near,1,0
000002976,2018-01-15,2018-01-15 08:00:00,8,core,2,0
000002976,2018-01-15,2018-01-15 08:00:00,8,near,1,0
000002976,2018-01-15,2018-01-15 12:00:00,12,core,1,0
000002976,2018-01-15,2018-01-15 12:00:00,12,near,1,0
000002976,2018-01-16,2018-01-16 09:00:00,9,core,1,0
000002976,2018-01-16,2018-01-16 09:00:00,9,near,2,0
000002976,2018-01-16,2018-01-16 09:00:00,9,outer,1,0
000002976,2018-01-16,2018-01-16 10:00:00,10,outer,4,1
000002976,2018-01-16,2018-01-16 11:00:00,11,outer,2,0
000002976,2018-01-16,2018-01-16 12:00:00,12,outer,5,1
000002976,2018-01-16,2018-01-16 13:00:00,13,core,1,0
000002976,2018-01-16,2018-01-16 13:00:00,13,near,2,0
000002976,2018-01-16,2018-01-16 14:00:00,14,near,1,0
000002976,2018-01-16,2018-01-16 20:00:00,20,core,2,0
000002976,2018-01-18,2018-01-18 11:00:00,11,near,1,0
000002976,2018-01-18,2018-01-18 12:00:00,12,outer,3,1
000002976,2018-01-18,2018-01-18 13:00:00,13,outer,1,0
000002976,2018-01-18,2018-01-18 15:00:00,15,near,3,1
000002976,2018-01-18,2018-01-18 15:00:00,15,outer,3,1
000002976,2018-01-18,2018-01-18 16:00:00,16,core,2,0
000002976,2018-01-20,2018-01-20 17:00:00,17,core,1,0
000002976,2018-01-20,2018-01-20 17:00:00,17,near,2,0
000002976,2018-01-20,2018-01-20 18:00:00,18,core,2,0
000002976,2018-01-20,2018-01-20 18:00:00,18,near,1,0
000002976,2018-01-22,2018-01-22 20:00:00,20,core,1,0
000002976,2018-01-22,2018-01-22 20:00:00,20,near,1,0
000002976,2018-01-23,2018-01-23 08:00:00,8,near,3,1
000002976,2018-01-23,2018-01-23 09:00:00,9,core,6,1
000002976,2018-01-23,2018-01-23 09:00:00,9,near,1,0
000002976,2018-01-23,2018-01-23 12:00:00,12,core,2,0
000002976,2018-01-24,2018-01-24 08:00:00,8,core,3,1
000002976,2018-01-24,2018-01-24 08:00:00,8,near,2,0
000002976,2018-01-24,2018-01-24 13:00:00,13,near,3,1
000002986,2018-01-02,2018-01-02 08:00:00,8,core,2,0
000002986,2018-01-02,2018-01-02 08:00:00,8,near,3,1
000002986,2018-01-02,2018-01-02 09:00:00,9,core,4,1
000002986,2018-01-02,2018-01-02 09:00:00,9,near,7,1
000002986,2018-01-02,2018-01-02 09:00:00,9,outer,5,1
000002986,2018-01-02,2018-01-02 10:00:00,10,outer,12,1
000002986,2018-01-02,2018-01-02 11:00:00,11,outer,11,1
000002986,2018-01-02,2018-01-02 12:00:00,12,outer,9,1
000002986,2018-01-02,2018-01-02 13:00:00,13,outer,11,1
000002986,2018-01-02,2018-01-02 14:00:00,14,core,1,0
000002986,2018-01-02,2018-01-02 14:00:00,14,near,8,1
000002986,2018-01-02,2018-01-02 14:00:00,14,outer,7,1
000002986,2018-01-02,2018-01-02 15:00:00,15,core,3,1
000002986,2018-01-02,2018-01-02 15:00:00,15,near,1,0
000002986,2018-01-05,2018-01-05 09:00:00,9,near,3,1
000002986,2018-01-05,2018-01-05 10:00:00,10,core,7,1
000002986,2018-01-05,2018-01-05 10:00:00,10,near,1,0
000002986,2018-01-05,2018-01-05 12:00:00,12,core,6,1
000002986,2018-01-05,2018-01-05 13:00:00,13,near,4,1
000002986,2018-01-07,2018-01-07 13:00:00,13,core,3,1
000002986,2018-01-07,2018-01-07 13:00:00,13,near,2,0
000002986,2018-01-07,2018-01-07 15:00:00,15,core,2,0
000002986,2018-01-08,2018-01-08 08:00:00,8,core,2,0
000002986,2018-01-08,2018-01-08 08:00:00,8,near,2,0
000002986,2018-01-08,2018-01-08 12:00:00,12,near,1,0
000002986,2018-01-08,2018-01-08 13:00:00,13,core,4,1
000002986,2018-01-08,2018-01-08 13:00:00,13,near,1,0
000002986,2018-01-09,2018-01-09 08:00:00,8,core,1,0
000002986,2018-01-09,2018-01-09 08:00:00,8,near,2,0
000002986,2018-01-09,2018-01-09 09:00:00,9,core,4,1
000002986,2018-01-09,2018-01-09 11:00:00,11,core,4,1
000002986,2018-01-09,2018-01-09 11:00:00,11,near,4,1
000002986,2018-01-11,2018-01-11 12:00:00,12,near,1,0
000002986,2018-01-11,2018-01-11 13:00:00,13,core,8,1
000002986,2018-01-11,2018-01-11 13:00:00,13,near,1,0
000002986,2018-01-11,2018-01-11 15:00:00,15,core,3,1
000002986,2018-01-11,2018-01-11 15:00:00,15,near,1,0
000002986,2018-01-11,2018-01-11 16:00:00,16,near,2,0
000002986,2018-01-12,2018-01-12 09:00:00,9,near,1,0
000002986,2018-01-12,2018-01-12 09:00:00,9,outer,2,0
000002986,2018-01-12,2018-01-12 10:00:00,10,outer,11,1
000002986,2018-01-12,2018-01-12 11:00:00,11,outer,9,1
000002986,2018-01-12,2018-01-12 12:00:00,12,core,1,0
000002986,2018-01-12,2018-01-12 12:00:00,12,near,3,1
000002986,2018-01-12,2018-01-12 12:00:00,12,outer,4,1
000002986,2018-01-12,2018-01-12 13:00:00,13,core,2,0
000002986,2018-01-12,2018-01-12 13:00:00,13,near,5,1
000002986,2018-01-13,2018-01-13 08:00:00,8,core,1,0
000002986,2018-01-13,2018-01-13 08:00:00,8,near,3,1
000002986,2018-01-13,2018-01-13 10:00:00,10,core,2,0
000002986,2018-01-13,2018-01-13 12:00:00,12,core,3,1
000002986,2018-01-13,2018-01-13 12:00:00,12,near,1,0
000002986,2018-01-13,2018-01-13 13:00:00,13,near,4,1
000002986,2018-01-16,2018-01-16 10:00:00,10,near,2,0
000002986,2018-01-16,2018-01-16 19:00:00,19,core,1,0
000002986,2018-01-16,2018-01-16 19:00:00,19,near,5,1
000002986,2018-01-16,2018-01-16 19:00:00,19,outer,1,0
000002986,2018-01-16,2018-01-16 20:00:00,20,core,2,0
000002986,2018-01-16,2018-01-16 20:00:00,20,near,4,1
000002986,2018-01-17,2018-01-17 23:00:00,23,near,1,0
000002986,2018-01-18,2018-01-18 00:00:00,0,core,2,0
000002986,2018-01-18,2018-01-18 02:00:00,2,core,1,0
000002986,2018-01-18,2018-01-18 02:00:00,2,near,1,0
000002986,2018-01-18,2018-01-18 08:00:00,8,core,1,0
000002986,2018-01-18,2018-01-18 08:00:00,8,near,2,0
000002986,2018-01-18,2018-01-18 09:00:00,9,core,1,0
000002986,2018-01-18,2018-01-18 09:00:00,9,near,5,1
000002986,2018-01-18,2018-01-18 09:00:00,9,outer,4,1
000002986,2018-01-18,2018-01-18 10:00:00,10,outer,8,1
000002986,2018-01-18,2018-01-18 11:00:00,11,outer,8,1
000002986,2018-01-18,2018-01-18 12:00:00,12,core,1,0
000002986,2018-01-18,2018-01-18 12:00:00,12,near,1,0
000002986,2018-01-18,2018-01-18 12:00:00,12,outer,1,0
000002986,2018-01-18,2018-01-18 16:00:00,16,near,1,0
000002986,2018-01-19,2018-01-19 10:00:00,10,core,2,0
000002986,2018-01-19,2018-01-19 10:00:00,10,near,3,1
000002986,2018-01-19,2018-01-19 11:00:00,11,near,5,1
000002986,2018-01-19,2018-01-19 11:00:00,11,outer,4,1
000002986,2018-01-19,2018-01-19 12:00:00,12,outer,4,1
000002986,2018-01-19,2018-01-19 18:00:00,18,near,1,0
000002986,2018-01-19,2018-01-19 18:00:00,18,outer,8,1
000002986,2018-01-19,2018-01-19 19:00:00,19,core,4,1
000002986,2018-01-19,2018-01-19 19:00:00,19,near,5,1
000002986,2018-01-21,2018-01-21 19:00:00,19,core,1,0
000002986,2018-01-21,2018-01-21 19:00:00,19,near,1,0
000002986,2018-01-21,2018-01-21 21:00:00,21,core,4,1
000002986,2018-01-21,2018-01-21 21:00:00,21,near,4,1
000002986,2018-01-21,2018-01-21 22:00:00,22,near,3,1
000002986,2018-01-22,2018-01-22 08:00:00,8,outer,1,0
000002986,2018-01-22,2018-01-22 09:00:00,9,outer,3,1
000002986,2018-01-22,2018-01-22 10:00:00,10,core,2,0
000002986,2018-01-22,2018-01-22 10:00:00,10,near,1,0
000002986,2018-01-22,2018-01-22 12:00:00,12,core,1,0
000002986,2018-01-22,2018-01-22 13:00:00,13,core,1,0
000002986,2018-01-22,2018-01-22 13:00:00,13,near,4,1
000002986,2018-01-23,2018-01-23 15:00:00,15,core,7,1
000002986,2018-01-23,2018-01-23 15:00:00,15,near,3,1
000002986,2018-01-23,2018-01-23 17:00:00,17,core,3,1
000002986,2018-01-23,2018-01-23 17:00:00,17,near,1,0
000002986,2018-01-24,2018-01-24 08:00:00,8,core,1,0
000002986,2018-01-24,2018-01-24 08:00:00,8,near,1,0
000002986,2018-01-24,2018-01-24 09:00:00,9,core,4,1
000002986,2018-01-24,2018-01-24 09:00:00,9,near,3,1
000002986,2018-01-24,2018-01-24 09:00:00,9,outer,5,1
000002986,2018-01-24,2018-01-24 10:00:00,10,outer,5,1
000002986,2018-01-24,2018-01-24 11:00:00,11,outer,9,1
000002986,2018-01-24,2018-01-24 12:00:00,12,core,4,1
000002986,2018-01-24,2018-01-24 12:00:00,12,near,3,1
000002986,2018-01-24,2018-01-24 12:00:00,12,outer,1,0
000002986,2018-01-24,2018-01-24 13:00:00,13,near,3,1
000003017,2018-01-01,2018-01-01 03:00:00,3,core,30,1
000003017,2018-01-01,2018-01-01 06:00:00,6,core,66,1
000003017,2018-01-01,2018-01-01 06:00:00,6,near,37,1
000003017,2018-01-01,2018-01-01 07:00:00,7,near,106,1
000003017,2018-01-01,2018-01-01 08:00:00,8,core,12,1
000003017,2018-01-01,2018-01-01 08:00:00,8,near,3,1
000003017,2018-01-01,2018-01-01 11:00:00,11,core,74,1
000003017,2018-01-01,2018-01-01 11:00:00,11,near,33,1
000003017,2018-01-01,2018-01-01 12:00:00,12,core,72,1
000003017,2018-01-01,2018-01-01 12:00:00,12,near,40,1
000003017,2018-01-01,2018-01-01 15:00:00,15,core,164,1
000003017,2018-01-01,2018-01-01 16:00:00,16,core,30,1
000003017,2018-01-01,2018-01-01 17:00:00,17,core,11,1
000003017,2018-01-01,2018-01-01 18:00:00,18,core,182,1
000003017,2018-01-01,2018-01-01 19:00:00,19,core,79,1
000003017,2018-01-01,2018-01-01 20:00:00,20,core,58,1
000003017,2018-01-01,2018-01-01 23:00:00,23,core,48,1
000003017,2018-01-02,2018-01-02 03:00:00,3,core,236,1
000003017,2018-01-02,2018-01-02 04:00:00,4,core,27,1
000003017,2018-01-02,2018-01-02 05:00:00,5,core,29,1
000003017,2018-01-02,2018-01-02 06:00:00,6,core,71,1
000003017,2018-01-02,2018-01-02 06:00:00,6,near,122,1
000003017,2018-01-02,2018-01-02 07:00:00,7,core,126,1
000003017,2018-01-02,2018-01-02 07:00:00,7,near,91,1
000003017,2018-01-02,2018-01-02 08:00:00,8,core,61,1
000003017,2018-01-02,2018-01-02 11:00:00,11,core,72,1
000003017,2018-01-02,2018-01-02 12:00:00,12,core,55,1
000003017,2018-01-02,2018-01-02 13:00:00,13,core,25,1
000003017,2018-01-02,2018-01-02 14:00:00,14,core,46,1
000003017,2018-01-02,2018-01-02 15:00:00,15,core,167,1
000003017,2018-01-02,2018-01-02 16:00:00,16,core,83,1
000003017,2018-01-02,2018-01-02 19:00:00,19,core,70,1
000003017,2018-01-02,2018-01-02 19:00:00,19,near,22,1
000003017,2018-01-02,2018-01-02 20:00:00,20,core,85,1
000003017,2018-01-02,2018-01-02 20:00:00,20,near,2,0
000003017,2018-01-03,2018-01-03 06:00:00,6,core,48,1
000003017,2018-01-03,2018-01-03 07:00:00,7,core,53,1
000003017,2018-01-03,2018-01-03 07:00:00,7,near,47,1
000003017,2018-01-03,2018-01-03 08:00:00,8,near,33,1
000003017,2018-01-06,2018-01-06 19:00:00,19,core,13,1
000003017,2018-01-06,2018-01-06 19:00:00,19,near,128,1
000003017,2018-01-06,2018-01-06 20:00:00,20,near,38,1
000003017,2018-01-07,2018-01-07 09:00:00,9,core,12,1
000003017,2018-01-07,2018-01-07 09:00:00,9,near,80,1
000003017,2018-01-07,2018-01-07 10:00:00,10,core,207,1
000003017,2018-01-07,2018-01-07 11:00:00,11,core,103,1
000003017,2018-01-07,2018-01-07 12:00:00,12,core,28,1
000003017,2018-01-07,2018-01-07 16:00:00,16,core,51,1
000003017,2018-01-07,2018-01-07 16:00:00,16,near,6,1
000003017,2018-01-07,2018-01-07 17:00:00,17,near,218,1
000003017,2018-01-07,2018-01-07 18:00:00,18,near,4,1
000003017,2018-01-07,2018-01-07 20:00:00,20,core,90,1
000003017,2018-01-07,2018-01-07 20:00:00,20,near,95,1
000003017,2018-01-07,2018-01-07 23:00:00,23,core,100,1
000003017,2018-01-07,2018-01-07 23:00:00,23,near,68,1
000003017,2018-01-08,2018-01-08 03:00:00,3,core,115,1
000003017,2018-01-08,2018-01-08 04:00:00,4,core,78,1
000003017,2018-01-08,2018-01-08 06:00:00,6,core,105,1
000003017,2018-01-08,2018-01-08 07:00:00,7,core,138,1
000003017,2018-01-08,2018-01-08 08:00:00,8,core,44,1
000003017,2018-01-08,2018-01-08 10:00:00,10,core,34,1
000003017,2018-01-08,2018-01-08 11:00:00,11,core,103,1
000003017,2018-01-08,2018-01-08 11:00:00,11,near,26,1
000003017,2018-01-08,2018-01-08 12:00:00,12,core,49,1
000003017,2018-01-08,2018-01-08 15:00:00,15,core,74,1
000003017,2018-01-08,2018-01-08 16:00:00,16,core,75,1
000003017,2018-01-08,2018-01-08 18:00:00,18,core,17,1
000003017,2018-01-08,2018-01-08 19:00:00,19,core,265,1
000003017,2018-01-08,2018-01-08 20:00:00,20,core,14,1
000003017,2018-01-08,2018-01-08 23:00:00,23,core,113,1
000003017,2018-01-08,2018-01-08 23:00:00,23,near,134,1
000003017,2018-01-09,2018-01-09 00:00:00,0,core,99,1
000003017,2018-01-09,2018-01-09 00:00:00,0,near,11,1
000003017,2018-01-09,2018-01-09 01:00:00,1,core,53,1
000003017,2018-01-09,2018-01-09 04:00:00,4,core,134,1
000003017,2018-01-09,2018-01-09 04:00:00,4,near,2,0
000003017,2018-01-09,2018-01-09 05:00:00,5,core,2,0
000003017,2018-01-09,2018-01-09 06:00:00,6,core,3,1
000003017,2018-01-09,2018-01-09 07:00:00,7,near,8,1
000003017,2018-01-09,2018-01-09 07:00:00,7,outer,8,1
000003017,2018-01-09,2018-01-09 08:00:00,8,near,1,0
000003017,2018-01-09,2018-01-09 08:00:00,8,outer,5,1
000003017,2018-01-09,2018-01-09 09:00:00,9,near,26,1
000003017,2018-01-09,2018-01-09 09:00:00,9,outer,93,1
000003017,2018-01-09,2018-01-09 10:00:00,10,near,45,1
000003017,2018-01-09,2018-01-09 11:00:00,11,near,5,1
000003017,2018-01-09,2018-01-09 12:00:00,12,core,52,1
000003017,2018-01-09,2018-01-09 12:00:00,12,near,70,1
000003017,2018-01-09,2018-01-09 15:00:00,15,core,57,1
000003017,2018-01-09,2018-01-09 15:00:00,15,near,111,1
000003017,2018-01-09,2018-01-09 16:00:00,16,core,26,1
000003017,2018-01-09,2018-01-09 16:00:00,16,near,77,1
000003017,2018-01-09,2018-01-09 17:00:00,17,core,20,1
000003017,2018-01-09,2018-01-09 18:00:00,18,core,255,1
000003017,2018-01-09,2018-01-09 19:00:00,19,core,16,1
000003017,2018-01-09,2018-01-09 20:00:00,20,core,48,1
000003017,2018-01-10,2018-01-10 02:00:00,2,core,97,1
000003017,2018-01-10,2018-01-10 03:00:00,3,core,75,1
000003017,2018-01-10,2018-01-10 04:00:00,4,core,3,1
000003017,2018-01-10,2018-01-10 07:00:00,7,core,2,0
000003017,2018-01-10,2018-01-10 07:00:00,7,near,6,1
000003017,2018-01-10,2018-01-10 08:00:00,8,near,11,1
000003017,2018-01-10,2018-01-10 09:00:00,9,near,1,0
000003017,2018-01-10,2018-01-10 10:00:00,10,near,26,1
000003017,2018-01-10,2018-01-10 11:00:00,11,core,152,1
000003017,2018-01-10,2018-01-10 11:00:00,11,near,127,1
000003017,2018-01-10,2018-01-10 12:00:00,12,near,124,1
000003017,2018-01-10,2018-01-10 13:00:00,13,core,18,1
000003017,2018-01-10,2018-01-10 14:00:00,14,core,91,1
000003017,2018-01-10,2018-01-10 15:00:00,15,core,99,1
000003017,2018-01-10,2018-01-10 19:00:00,19,core,86,1
000003017,2018-01-10,2018-01-10 19:00:00,19,near,15,1
000003017,2018-01-10,2018-01-10 20:00:00,20,core,59,1
000003017,2018-01-10,2018-01-10 23:00:00,23,core,11,1
000003017,2018-01-11,2018-01-11 00:00:00,0,core,1,0
000003017,2018-01-11,2018-01-11 00:00:00,0,near,3,1
000003017,2018-01-11,2018-01-11 01:00:00,1,core,4,1
000003017,2018-01-11,2018-01-11 06:00:00,6,core,60,1
000003017,2018-01-11,2018-01-11 07:00:00,7,core,37,1
000003017,2018-01-11,2018-01-11 07:00:00,7,near,214,1
000003017,2018-01-11,2018-01-11 07:00:00,7,outer,5,1
000003017,2018-01-11,2018-01-11 08:00:00,8,outer,4,1
000003017,2018-01-11,2018-01-11 09:00:00,9,outer,2,0
000003017,2018-01-11,2018-01-11 10:00:00,10,near,2,0
000003017,2018-01-11,2018-01-11 10:00:00,10,outer,9,1
000003017,2018-01-11,2018-01-11 11:00:00,11,near,1,0
000003017,2018-01-11,2018-01-11 12:00:00,12,near,3,1
000003017,2018-01-11,2018-01-11 13:00:00,13,near,1,0
000003017,2018-01-11,2018-01-11 13:00:00,13,outer,12,1
000003017,2018-01-11,2018-01-11 14:00:00,14,core,4,1
000003017,2018-01-11,2018-01-11 14:00:00,14,near,2,0
000003017,2018-01-11,2018-01-11 15:00:00,15,core,83,1
000003017,2018-01-11,2018-01-11 15:00:00,15,near,45,1
000003017,2018-01-11,2018-01-11 16:00:00,16,near,141,1
000003017,2018-01-11,2018-01-11 17:00:00,17,core,63,1
000003017,2018-01-11,2018-01-11 17:00:00,17,near,80,1
000003017,2018-01-11,2018-01-11 18:00:00,18,core,14,1
000003017,2018-01-11,2018-01-11 19:00:00,19,core,56,1
000003017,2018-01-11,2018-01-11 20:00:00,20,core,123,1
000003017,2018-01-11,2018-01-11 23:00:00,23,core,101,1
000003017,2018-01-12,2018-01-12 00:00:00,0,core,41,1
000003017,2018-01-12,2018-01-12 02:00:00,2,core,3,1
000003017,2018-01-12,2018-01-12 03:00:00,3,core,31,1
000003017,2018-01-12,2018-01-12 04:00:00,4,core,48,1
000003017,2018-01-12,2018-01-12 04:00:00,4,near,3,1
000003017,2018-01-12,2018-01-12 06:00:00,6,core,45,1
000003017,2018-01-12,2018-01-12 07:00:00,7,core,22,1
000003017,2018-01-12,2018-01-12 08:00:00,8,core,1,0
000003017,2018-01-12,2018-01-12 10:00:00,10,core,7,1
000003017,2018-01-12,2018-01-12 11:00:00,11,core,4,1
000003017,2018-01-12,2018-01-12 12:00:00,12,core,4,1
000003017,2018-01-12,2018-01-12 14:00:00,14,core,9,1
000003017,2018-01-12,2018-01-12 14:00:00,14,near,2,0
000003017,2018-01-12,2018-01-12 15:00:00,15,near,1,0
000003017,2018-01-12,2018-01-12 16:00:00,16,core,5,1
000003017,2018-01-12,2018-01-12 16:00:00,16,near,3,1
000003017,2018-01-12,2018-01-12 20:00:00,20,core,5,1
000003017,2018-01-12,2018-01-12 21:00:00,21,core,3,1
000003017,2018-01-12,2018-01-12 22:00:00,22,core,2,0
000003017,2018-01-12,2018-01-12 23:00:00,23,core,2,0
000003017,2018-01-13,2018-01-13 03:00:00,3,core,4,1
000003017,2018-01-13,2018-01-13 04:00:00,4,core,2,0
000003017,2018-01-13,2018-01-13 06:00:00,6,core,3,1
000003017,2018-01-13,2018-01-13 07:00:00,7,near,2,0
000003017,2018-01-13,2018-01-13 07:00:00,7,outer,8,1
000003017,2018-01-13,2018-01-13 08:00:00,8,near,5,1
000003017,2018-01-13,2018-01-13 09:00:00,9,near,2,0
000003017,2018-01-13,2018-01-13 09:00:00,9,outer,9,1
000003017,2018-01-13,2018-01-13 10:00:00,10,core,6,1
000003017,2018-01-13,2018-01-13 10:00:00,10,near,1,0
000003017,2018-01-13,2018-01-13 11:00:00,11,core,3,1
000003017,2018-01-13,2018-01-13 11:00:00,11,near,3,1
000003017,2018-01-13,2018-01-13 12:00:00,12,core,1,0
000003017,2018-01-13,2018-01-13 12:00:00,12,near,1,0
000003017,2018-01-13,2018-01-13 14:00:00,14,core,2,0
000003017,2018-01-13,2018-01-13 14:00:00,14,near,1,0
000003017,2018-01-13,2018-01-13 15:00:00,15,near,11,1
000003017,2018-01-13,2018-01-13 16:00:00,16,core,2,0
000003017,2018-01-13,2018-01-13 16:00:00,16,near,3,1
000003017,2018-01-13,2018-01-13 17:00:00,17,core,1,0
000003017,2018-01-13,2018-01-13 18:00:00,18,core,7,1
000003017,2018-01-13,2018-01-13 23:00:00,23,core,5,1
000003017,2018-01-14,2018-01-14 00:00:00,0,core,1,0
000003017,2018-01-14,2018-01-14 03:00:00,3,core,7,1
000003017,2018-01-14,2018-01-14 04:00:00,4,core,1,0
000003017,2018-01-14,2018-01-14 05:00:00,5,core,2,0
000003017,2018-01-14,2018-01-14 07:00:00,7,core,3,1
000003017,2018-01-14,2018-01-14 07:00:00,7,near,6,1
000003017,2018-01-14,2018-01-14 08:00:00,8,near,2,0
000003017,2018-01-14,2018-01-14 08:00:00,8,outer,9,1
000003017,2018-01-14,2018-01-14 09:00:00,9,near,1,0
000003017,2018-01-14,2018-01-14 09:00:00,9,outer,6,1
000003017,2018-01-14,2018-01-14 10:00:00,10,near,3,1
000003017,2018-01-14,2018-01-14 11:00:00,11,near,6,1
000003017,2018-01-14,2018-01-14 11:00:00,11,outer,10,1
000003017,2018-01-14,2018-01-14 12:00:00,12,core,7,1
000003017,2018-01-14,2018-01-14 12:00:00,12,near,1,0
000003017,2018-01-15,2018-01-15 10:00:00,10,core,4,1
000003017,2018-01-15,2018-01-15 11:00:00,11,core,5,1
000003017,2018-01-15,2018-01-15 12:00:00,12,core,4,1
000003017,2018-01-15,2018-01-15 14:00:00,14,near,3,1
000003017,2018-01-15,2018-01-15 15:00:00,15,core,1,0
000003017,2018-01-15,2018-01-15 15:00:00,15,near,3,1
000003017,2018-01-15,2018-01-15 16:00:00,16,core,3,1
000003017,2018-01-15,2018-01-15 18:00:00,18,core,2,0
000003017,2018-01-15,2018-01-15 18:00:00,18,near,4,1
000003017,2018-01-15,2018-01-15 19:00:00,19,near,6,1
000003017,2018-01-15,2018-01-15 20:00:00,20,core,2,0
000003017,2018-01-15,2018-01-15 20:00:00,20,near,5,1
000003017,2018-01-15,2018-01-15 22:00:00,22,near,3,1
000003017,2018-01-15,2018-01-15 23:00:00,23,near,8,1
000003017,2018-01-16,2018-01-16 00:00:00,0,core,2,0
000003017,2018-01-16,2018-01-16 02:00:00,2,core,3,1
000003017,2018-01-16,2018-01-16 03:00:00,3,core,7,1
000003017,2018-01-16,2018-01-16 07:00:00,7,near,3,1
000003017,2018-01-16,2018-01-16 07:00:00,7,outer,7,1
000003017,2018-01-16,2018-01-16 08:00:00,8,near,6,1
000003017,2018-01-16,2018-01-16 08:00:00,8,outer,5,1
000003017,2018-01-16,2018-01-16 09:00:00,9,near,6,1
000003017,2018-01-16,2018-01-16 09:00:00,9,outer,6,1
000003017,2018-01-16,2018-01-16 10:00:00,10,core,2,0
000003017,2018-01-16,2018-01-16 11:00:00,11,core,2,0
000003017,2018-01-16,2018-01-16 12:00:00,12,core,4,1
000003017,2018-01-16,2018-01-16 14:00:00,14,core,3,1
000003017,2018-01-16,2018-01-16 15:00:00,15,core,4,1
000003017,2018-01-16,2018-01-16 23:00:00,23,core,2,0
000003017,2018-01-17,2018-01-17 00:00:00,0,core,5,1
000003017,2018-01-17,2018-01-17 03:00:00,3,core,3,1
000003017,2018-01-17,2018-01-17 04:00:00,4,core,3,1
000003017,2018-01-17,2018-01-17 04:00:00,4,near,5,1
000003017,2018-01-17,2018-01-17 10:00:00,10,core,6,1
000003017,2018-01-17,2018-01-17 10:00:00,10,near,1,0
000003017,2018-01-17,2018-01-17 11:00:00,11,core,4,1
000003017,2018-01-17,2018-01-17 14:00:00,14,core,3,1
000003017,2018-01-17,2018-01-17 16:00:00,16,core,1,0
000003017,2018-01-17,2018-01-17 17:00:00,17,core,3,1
000003017,2018-01-17,2018-01-17 23:00:00,23,core,1,0
000003017,2018-01-18,2018-01-18 00:00:00,0,core,3,1
000003017,2018-01-18,2018-01-18 02:00:00,2,core,2,0
000003017,2018-01-18,2018-01-18 03:00:00,3,core,5,1
000003017,2018-01-18,2018-01-18 06:00:00,6,core,2,0
000003017,2018-01-18,2018-01-18 06:00:00,6,near,1,0
000003017,2018-01-18,2018-01-18 07:00:00,7,core,3,1
000003017,2018-01-18,2018-01-18 07:00:00,7,near,1,0
000003017,2018-01-18,2018-01-18 09:00:00,9,outer,8,1
000003017,2018-01-18,2018-01-18 10:00:00,10,outer,4,1
000003017,2018-01-18,2018-01-18 12:00:00,12,near,6,1
000003017,2018-01-18,2018-01-18 14:00:00,14,near,5,1
000003017,2018-01-18,2018-01-18 15:00:00,15,near,2,0
000003017,2018-01-18,2018-01-18 16:00:00,16,core,2,0
000003017,2018-01-18,2018-01-18 16:00:00,16,near,6,1
000003017,2018-01-18,2018-01-18 16:00:00,16,outer,6,1
000003017,2018-01-18,2018-01-18 17:00:00,17,core,1,0
000003017,2018-01-18,2018-01-18 23:00:00,23,core,2,0
000003017,2018-01-19,2018-01-19 00:00:00,0,core,1,0
000003017,2018-01-19,2018-01-19 07:00:00,7,core,8,1
000003017,2018-01-19,2018-01-19 08:00:00,8,core,2,0
000003017,2018-01-19,2018-01-19 11:00:00,11,core,319,1
000003017,2018-01-19,2018-01-19 12:00:00,12,core,31,1
000003017,2018-01-19,2018-01-19 13:00:00,13,core,4,1
000003017,2018-01-19,2018-01-19 14:00:00,14,core,61,1
000003017,2018-01-19,2018-01-19 15:00:00,15,core,17,1
000003017,2018-01-19,2018-01-19 16:00:00,16,core,12,1
000003017,2018-01-19,2018-01-19 18:00:00,18,core,46,1
000003017,2018-01-19,2018-01-19 19:00:00,19,core,36,1
000003017,2018-01-19,2018-01-19 19:00:00,19,near,9,1
000003017,2018-01-19,2018-01-19 20:00:00,20,core,18,1
000003017,2018-01-19,2018-01-19 20:00:00,20,near,17,1
000003017,2018-01-19,2018-01-19 23:00:00,23,core,43,1
000003017,2018-01-20,2018-01-20 00:00:00,0,core,23,1
000003017,2018-01-20,2018-01-20 03:00:00,3,core,145,1
000003017,2018-01-20,2018-01-20 04:00:00,4,core,2,0
000003017,2018-01-20,2018-01-20 06:00:00,6,core,85,1
000003017,2018-01-20,2018-01-20 06:00:00,6,near,59,1
000003017,2018-01-20,2018-01-20 07:00:00,7,near,126,1
000003017,2018-01-20,2018-01-20 07:00:00,7,outer,351,1
000003017,2018-01-20,2018-01-20 08:00:00,8,near,155,1
000003017,2018-01-20,2018-01-20 09:00:00,9,near,79,1
000003017,2018-01-20,2018-01-20 10:00:00,10,core,117,1
000003017,2018-01-20,2018-01-20 10:00:00,10,near,57,1
000003017,2018-01-20,2018-01-20 11:00:00,11,core,32,1
000003017,2018-01-20,2018-01-20 11:00:00,11,near,41,1
000003017,2018-01-20,2018-01-20 12:00:00,12,near,19,1
000003017,2018-01-20,2018-01-20 13:00:00,13,near,17,1
000003017,2018-01-20,2018-01-20 15:00:00,15,near,152,1
000003017,2018-01-20,2018-01-20 16:00:00,16,core,50,1
000003017,2018-01-20,2018-01-20 16:00:00,16,near,80,1
000003017,2018-01-20,2018-01-20 17:00:00,17,core,26,1
000003017,2018-01-20,2018-01-20 17:00:00,17,near,180,1
000003017,2018-01-20,2018-01-20 17:00:00,17,outer,7,1
000003017,2018-01-20,2018-01-20 18:00:00,18,near,67,1
000003017,2018-01-20,2018-01-20 18:00:00,18,outer,155,1
000003017,2018-01-20,2018-01-20 19:00:00,19,core,83,1
000003017,2018-01-20,2018-01-20 19:00:00,19,near,14,1
000003017,2018-01-20,2018-01-20 23:00:00,23,core,152,1
000003017,2018-01-21,2018-01-21 00:00:00,0,core,18,1
000003017,2018-01-21,2018-01-21 01:00:00,1,core,19,1
000003017,2018-01-21,2018-01-21 03:00:00,3,core,171,1
000003017,2018-01-21,2018-01-21 04:00:00,4,core,71,1
000003017,2018-01-21,2018-01-21 05:00:00,5,core,1,0
000003017,2018-01-21,2018-01-21 07:00:00,7,core,181,1
000003017,2018-01-21,2018-01-21 08:00:00,8,core,26,1
000003017,2018-01-21,2018-01-21 09:00:00,9,core,89,1
000003017,2018-01-21,2018-01-21 13:00:00,13,core,174,1
000003017,2018-01-21,2018-01-21 13:00:00,13,near,27,1
000003017,2018-01-21,2018-01-21 14:00:00,14,near,104,1
000003017,2018-01-21,2018-01-21 14:00:00,14,outer,161,1
000003017,2018-01-21,2018-01-21 15:00:00,15,outer,233,1
000003017,2018-01-21,2018-01-21 16:00:00,16,near,37,1
000003017,2018-01-21,2018-01-21 16:00:00,16,outer,52,1
000003017,2018-01-21,2018-01-21 17:00:00,17,near,18,1
000003017,2018-01-21,2018-01-21 18:00:00,18,near,51,1
000003017,2018-01-21,2018-01-21 18:00:00,18,outer,397,1
000003017,2018-01-21,2018-01-21 19:00:00,19,near,188,1
000003017,2018-01-21,2018-01-21 19:00:00,19,outer,147,1
000003017,2018-01-21,2018-01-21 20:00:00,20,near,13,1
000003017,2018-01-21,2018-01-21 21:00:00,21,core,108,1
000003017,2018-01-21,2018-01-21 21:00:00,21,near,162,1
000003017,2018-01-21,2018-01-21 23:00:00,23,core,164,1
000003017,2018-01-22,2018-01-22 00:00:00,0,core,137,1
000003017,2018-01-22,2018-01-22 07:00:00,7,core,52,1
000003017,2018-01-22,2018-01-22 08:00:00,8,core,41,1
000003017,2018-01-22,2018-01-22 12:00:00,12,core,113,1
000003017,2018-01-22,2018-01-22 12:00:00,12,near,138,1
000003017,2018-01-22,2018-01-22 13:00:00,13,near,67,1
000003017,2018-01-22,2018-01-22 13:00:00,13,outer,120,1
000003017,2018-01-22,2018-01-22 15:00:00,15,outer,79,1
000003017,2018-01-22,2018-01-22 16:00:00,16,outer,367,1
000003017,2018-01-22,2018-01-22 17:00:00,17,near,428,1
000003017,2018-01-22,2018-01-22 17:00:00,17,outer,31,1
000003017,2018-01-22,2018-01-22 18:00:00,18,core,286,1
000003017,2018-01-22,2018-01-22 18:00:00,18,near,135,1
000003017,2018-01-22,2018-01-22 19:00:00,19,core,164,1
000003017,2018-01-22,2018-01-22 20:00:00,20,core,43,1
000003017,2018-01-22,2018-01-22 22:00:00,22,core,259,1
000003017,2018-01-22,2018-01-22 23:00:00,23,core,2,0
000003017,2018-01-23,2018-01-23 02:00:00,2,core,32,1
000003017,2018-01-23,2018-01-23 03:00:00,3,core,19,1
000003017,2018-01-23,2018-01-23 03:00:00,3,near,49,1
000003017,2018-01-23,2018-01-23 04:00:00,4,core,3,1
000003017,2018-01-23,2018-01-23 06:00:00,6,core,90,1
000003017,2018-01-23,2018-01-23 06:00:00,6,near,13,1
000003017,2018-01-23,2018-01-23 07:00:00,7,near,121,1
000003017,2018-01-23,2018-01-23 07:00:00,7,outer,294,1
000003017,2018-01-23,2018-01-23 08:00:00,8,near,28,1
000003017,2018-01-23,2018-01-23 08:00:00,8,outer,12,1
000003017,2018-01-23,2018-01-23 10:00:00,10,near,14,1
000003017,2018-01-23,2018-01-23 11:00:00,11,near,18,1
000003017,2018-01-23,2018-01-23 11:00:00,11,outer,175,1
000003017,2018-01-23,2018-01-23 12:00:00,12,core,35,1
000003017,2018-01-23,2018-01-23 12:00:00,12,near,38,1
000003017,2018-01-23,2018-01-23 12:00:00,12,outer,38,1
000003017,2018-01-23,2018-01-23 15:00:00,15,core,158,1
000003017,2018-01-23,2018-01-23 15:00:00,15,near,6,1
000003017,2018-01-23,2018-01-23 18:00:00,18,core,70,1
000003017,2018-01-23,2018-01-23 18:00:00,18,near,54,1
000003017,2018-01-23,2018-01-23 19:00:00,19,core,83,1
000003017,2018-01-23,2018-01-23 20:00:00,20,core,63,1
000003017,2018-01-23,2018-01-23 21:00:00,21,core,34,1
000003017,2018-01-23,2018-01-23 23:00:00,23,core,43,1
000003017,2018-01-24,2018-01-24 00:00:00,0,core,3,1
000003017,2018-01-24,2018-01-24 01:00:00,1,core,119,1
000003017,2018-01-24,2018-01-24 02:00:00,2,core,33,1
000003017,2018-01-24,2018-01-24 04:00:00,4,core,61,1
000003017,2018-01-24,2018-01-24 05:00:00,5,core,39,1
000003017,2018-01-24,2018-01-24 11:00:00,11,core,73,1
000003017,2018-01-24,2018-01-24 12:00:00,12,core,69,1
000003017,2018-01-24,2018-01-24 14:00:00,14,core,180,1
000003017,2018-01-24,2018-01-24 15:00:00,15,core,47,1
000003017,2018-01-24,2018-01-24 15:00:00,15,near,5,1
000003017,2018-01-24,2018-01-24 16:00:00,16,core,123,1
000003017,2018-01-24,2018-01-24 16:00:00,16,near,12,1
000003017,2018-01-24,2018-01-24 17:00:00,17,core,9,1
000003017,2018-01-24,2018-01-24 18:00:00,18,core,23,1
000003017,2018-01-24,2018-01-24 19:00:00,19,core,158,1
000003017,2018-01-24,2018-01-24 20:00:00,20,core,60,1
000003017,2018-01-24,2018-01-24 20:00:00,20,near,36,1
000003017,2018-01-24,2018-01-24 21:00:00,21,core,112,1
000003017,2018-01-24,2018-01-24 21:00:00,21,near,34,1
000003019,2018-01-01,2018-01-01 03:00:00,3,core,24,1
000003019,2018-01-01,2018-01-01 06:00:00,6,core,34,1
000003019,2018-01-01,2018-01-01 06:00:00,6,near,28,1
000003019,2018-01-01,2018-01-01 07:00:00,7,near,47,1
000003019,2018-01-01,2018-01-01 08:00:00,8,core,32,1
000003019,2018-01-01,2018-01-01 08:00:00,8,near,29,1
000003019,2018-01-01,2018-01-01 11:00:00,11,core,37,1
000003019,2018-01-01,2018-01-01 11:00:00,11,near,20,1
000003019,2018-01-01,2018-01-01 12:00:00,12,core,34,1
000003019,2018-01-01,2018-01-01 12:00:00,12,near,16,1
000003019,2018-01-01,2018-01-01 15:00:00,15,core,77,1
000003019,2018-01-01,2018-01-01 16:00:00,16,core,12,1
000003019,2018-01-01,2018-01-01 18:00:00,18,core,102,1
000003019,2018-01-01,2018-01-01 19:00:00,19,core,24,1
000003019,2018-01-01,2018-01-01 20:00:00,20,core,41,1
000003019,2018-01-01,2018-01-01 22:00:00,22,core,7,1
000003019,2018-01-01,2018-01-01 23:00:00,23,core,22,1
000003019,2018-01-02,2018-01-02 03:00:00,3,core,109,1
000003019,2018-01-02,2018-01-02 03:00:00,3,near,8,1
000003019,2018-01-02,2018-01-02 04:00:00,4,core,20,1
000003019,2018-01-02,2018-01-02 05:00:00,5,core,23,1
000003019,2018-01-02,2018-01-02 06:00:00,6,core,33,1
000003019,2018-01-02,2018-01-02 06:00:00,6,near,53,1
000003019,2018-01-02,2018-01-02 07:00:00,7,core,65,1
000003019,2018-01-02,2018-01-02 07:00:00,7,near,49,1
000003019,2018-01-02,2018-01-02 08:00:00,8,core,55,1
000003019,2018-01-02,2018-01-02 11:00:00,11,core,42,1
000003019,2018-01-02,2018-01-02 12:00:00,12,core,26,1
000003019,2018-01-02,2018-01-02 13:00:00,13,core,7,1
000003019,2018-01-02,2018-01-02 14:00:00,14,core,26,1
000003019,2018-01-02,2018-01-02 15:00:00,15,core,93,1
000003019,2018-01-02,2018-01-02 16:00:00,16,core,34,1
000003019,2018-01-02,2018-01-02 19:00:00,19,core,35,1
000003019,2018-01-02,2018-01-02 19:00:00,19,near,9,1
000003019,2018-01-02,2018-01-02 20:00:00,20,core,35,1
000003019,2018-01-02,2018-01-02 20:00:00,20,near,8,1
000003019,2018-01-03,2018-01-03 06:00:00,6,core,45,1
000003019,2018-01-03,2018-01-03 07:00:00,7,core,32,1
000003019,2018-01-03,2018-01-03 08:00:00,8,core,3,1
000003019,2018-01-03,2018-01-03 10:00:00,10,core,52,1
000003019,2018-01-03,2018-01-03 11:00:00,11,core,85,1
000003019,2018-01-03,2018-01-03 12:00:00,12,core,11,1
000003019,2018-01-03,2018-01-03 13:00:00,13,core,12,1
000003019,2018-01-03,2018-01-03 14:00:00,14,core,28,1
000003019,2018-01-03,2018-01-03 14:00:00,14,near,154,1
000003019,2018-01-03,2018-01-03 15:00:00,15,near,8,1
000003019,2018-01-03,2018-01-03 16:00:00,16,core,46,1
000003019,2018-01-03,2018-01-03 16:00:00,16,near,65,1
000003019,2018-01-03,2018-01-03 17:00:00,17,core,3,1
000003019,2018-01-03,2018-01-03 22:00:00,22,core,46,1
000003019,2018-01-03,2018-01-03 23:00:00,23,core,48,1
000003019,2018-01-03,2018-01-03 23:00:00,23,near,22,1
000003019,2018-01-04,2018-01-04 03:00:00,3,core,37,1
000003019,2018-01-04,2018-01-04 03:00:00,3,near,46,1
000003019,2018-01-04,2018-01-04 04:00:00,4,near,74,1
000003019,2018-01-04,2018-01-04 05:00:00,5,near,33,1
000003019,2018-01-04,2018-01-04 06:00:00,6,core,38,1
000003019,2018-01-04,2018-01-04 06:00:00,6,near,4,1
000003019,2018-01-04,2018-01-04 07:00:00,7,core,72,1
000003019,2018-01-04,2018-01-04 07:00:00,7,near,20,1
000003019,2018-01-04,2018-01-04 08:00:00,8,core,23,1
000003019,2018-01-04,2018-01-04 08:00:00,8,near,9,1
000003019,2018-01-04,2018-01-04 10:00:00,10,core,45,1
000003019,2018-01-04,2018-01-04 11:00:00,11,core,11,1
000003019,2018-01-04,2018-01-04 12:00:00,12,core,17,1
000003019,2018-01-04,2018-01-04 12:00:00,12,near,7,1
000003019,2018-01-04,2018-01-04 18:00:00,18,core,3,1
000003019,2018-01-04,2018-01-04 19:00:00,19,core,67,1
000003019,2018-01-04,2018-01-04 23:00:00,23,core,10,1
000003019,2018-01-05,2018-01-05 00:00:00,0,core,25,1
000003019,2018-01-05,2018-01-05 03:00:00,3,core,18,1
000003019,2018-01-05,2018-01-05 04:00:00,4,core,64,1
000003019,2018-01-05,2018-01-05 05:00:00,5,core,13,1
000003019,2018-01-05,2018-01-05 06:00:00,6,core,81,1
000003019,2018-01-05,2018-01-05 06:00:00,6,near,2,0
000003019,2018-01-05,2018-01-05 07:00:00,7,near,14,1
000003019,2018-01-05,2018-01-05 08:00:00,8,core,18,1
000003019,2018-01-05,2018-01-05 08:00:00,8,near,23,1
000003019,2018-01-05,2018-01-05 10:00:00,10,core,20,1
000003019,2018-01-05,2018-01-05 11:00:00,11,core,109,1
000003019,2018-01-05,2018-01-05 15:00:00,15,core,39,1
000003019,2018-01-05,2018-01-05 19:00:00,19,core,11,1
000003019,2018-01-05,2018-01-05 20:00:00,20,core,22,1
000003019,2018-01-06,2018-01-06 02:00:00,2,core,64,1
000003019,2018-01-06,2018-01-06 03:00:00,3,core,36,1
000003019,2018-01-06,2018-01-06 03:00:00,3,near,7,1
000003019,2018-01-06,2018-01-06 07:00:00,7,core,36,1
000003019,2018-01-06,2018-01-06 12:00:00,12,core,52,1
000003019,2018-01-06,2018-01-06 14:00:00,14,core,32,1
000003019,2018-01-06,2018-01-06 14:00:00,14,near,37,1
000003019,2018-01-06,2018-01-06 15:00:00,15,near,40,1
000003019,2018-01-06,2018-01-06 16:00:00,16,core,39,1
000003019,2018-01-06,2018-01-06 16:00:00,16,near,12,1
000003019,2018-01-06,2018-01-06 20:00:00,20,core,49,1
000003019,2018-01-06,2018-01-06 21:00:00,21,core,2,0
000003019,2018-01-06,2018-01-06 22:00:00,22,core,3,1
000003019,2018-01-06,2018-01-06 23:00:00,23,core,45,1
000003019,2018-01-06,2018-01-06 23:00:00,23,near,13,1
000003019,2018-01-07,2018-01-07 00:00:00,0,core,70,1
000003019,2018-01-07,2018-01-07 02:00:00,2,core,43,1
000003019,2018-01-07,2018-01-07 03:00:00,3,core,31,1
000003019,2018-01-07,2018-01-07 03:00:00,3,near,16,1
000003019,2018-01-07,2018-01-07 07:00:00,7,core,81,1
000003019,2018-01-07,2018-01-07 08:00:00,8,core,14,1
000003019,2018-01-07,2018-01-07 11:00:00,11,core,48,1
000003019,2018-01-07,2018-01-07 12:00:00,12,core,21,1
000003019,2018-01-07,2018-01-07 16:00:00,16,core,15,1
000003019,2018-01-07,2018-01-07 16:00:00,16,near,8,1
000003019,2018-01-07,2018-01-07 17:00:00,17,near,87,1
000003019,2018-01-07,2018-01-07 20:00:00,20,core,38,1
000003019,2018-01-07,2018-01-07 20:00:00,20,near,49,1
000003019,2018-01-07,2018-01-07 23:00:00,23,core,33,1
000003019,2018-01-07,2018-01-07 23:00:00,23,near,12,1
000003019,2018-01-08,2018-01-08 03:00:00,3,core,28,1
000003019,2018-01-08,2018-01-08 04:00:00,4,core,20,1
000003019,2018-01-08,2018-01-08 06:00:00,6,core,26,1
000003019,2018-01-08,2018-01-08 07:00:00,7,core,70,1
000003019,2018-01-08,2018-01-08 07:00:00,7,near,19,1
000003019,2018-01-08,2018-01-08 08:00:00,8,core,17,1
000003019,2018-01-08,2018-01-08 08:00:00,8,near,7,1
000003019,2018-01-08,2018-01-08 10:00:00,10,core,17,1
000003019,2018-01-08,2018-01-08 10:00:00,10,near,2,0
000003019,2018-01-08,2018-01-08 11:00:00,11,core,39,1
000003019,2018-01-08,2018-01-08 11:00:00,11,near,28,1
000003019,2018-01-08,2018-01-08 12:00:00,12,core,3,1
000003019,2018-01-08,2018-01-08 15:00:00,15,core,18,1
000003019,2018-01-08,2018-01-08 16:00:00,16,core,22,1
000003019,2018-01-08,2018-01-08 23:00:00,23,core,39,1
000003019,2018-01-08,2018-01-08 23:00:00,23,near,42,1
000003019,2018-01-09,2018-01-09 00:00:00,0,core,41,1
000003019,2018-01-09,2018-01-09 00:00:00,0,near,10,1
000003019,2018-01-09,2018-01-09 01:00:00,1,core,21,1
000003019,2018-01-09,2018-01-09 04:00:00,4,core,25,1
000003019,2018-01-09,2018-01-09 05:00:00,5,core,2,0
000003019,2018-01-09,2018-01-09 06:00:00,6,core,1,0
000003019,2018-01-09,2018-01-09 07:00:00,7,near,1,0
000003019,2018-01-09,2018-01-09 07:00:00,7,outer,1,0
000003019,2018-01-09,2018-01-09 08:00:00,8,near,1,0
000003019,2018-01-09,2018-01-09 08:00:00,8,outer,1,0
000003019,2018-01-09,2018-01-09 09:00:00,9,near,18,1
000003019,2018-01-09,2018-01-09 09:00:00,9,outer,16,1
000003019,2018-01-09,2018-01-09 10:00:00,10,near,4,1
000003019,2018-01-09,2018-01-09 11:00:00,11,near,2,0
000003019,2018-01-09,2018-01-09 12:00:00,12,core,21,1
000003019,2018-01-09,2018-01-09 12:00:00,12,near,18,1
000003019,2018-01-09,2018-01-09 15:00:00,15,core,15,1
000003019,2018-01-09,2018-01-09 15:00:00,15,near,56,1
000003019,2018-01-09,2018-01-09 16:00:00,16,core,10,1
000003019,2018-01-09,2018-01-09 16:00:00,16,near,51,1
000003019,2018-01-09,2018-01-09 18:00:00,18,core,73,1
000003019,2018-01-09,2018-01-09 19:00:00,19,core,4,1
000003019,2018-01-09,2018-01-09 20:00:00,20,core,15,1
000003019,2018-01-09,2018-01-09 20:00:00,20,near,2,0
000003019,2018-01-10,2018-01-10 02:00:00,2,core,25,1
000003019,2018-01-10,2018-01-10 03:00:00,3,core,20,1
000003019,2018-01-10,2018-01-10 04:00:00,4,core,3,1
000003019,2018-01-10,2018-01-10 07:00:00,7,near,2,0
000003019,2018-01-10,2018-01-10 08:00:00,8,near,4,1
000003019,2018-01-10,2018-01-10 10:00:00,10,near,10,1
000003019,2018-01-10,2018-01-10 11:00:00,11,core,70,1
000003019,2018-01-10,2018-01-10 11:00:00,11,near,35,1
000003019,2018-01-10,2018-01-10 12:00:00,12,near,53,1
000003019,2018-01-10,2018-01-10 13:00:00,13,core,12,1
000003019,2018-01-10,2018-01-10 13:00:00,13,near,7,1
000003019,2018-01-10,2018-01-10 14:00:00,14,core,32,1
000003019,2018-01-10,2018-01-10 15:00:00,15,core,30,1
000003019,2018-01-10,2018-01-10 19:00:00,19,core,26,1
000003019,2018-01-10,2018-01-10 20:00:00,20,core,32,1
000003019,2018-01-10,2018-01-10 20:00:00,20,near,5,1
000003019,2018-01-10,2018-01-10 23:00:00,23,core,4,1
000003019,2018-01-11,2018-01-11 00:00:00,0,core,15,1
000003019,2018-01-11,2018-01-11 00:00:00,0,near,1,0
000003019,2018-01-11,2018-01-11 01:00:00,1,core,14,1
000003019,2018-01-11,2018-01-11 06:00:00,6,core,17,1
000003019,2018-01-11,2018-01-11 07:00:00,7,core,26,1
000003019,2018-01-11,2018-01-11 07:00:00,7,near,63,1
000003019,2018-01-11,2018-01-11 07:00:00,7,outer,7,1
000003019,2018-01-11,2018-01-11 10:00:00,10,outer,7,1
000003019,2018-01-11,2018-01-11 12:00:00,12,outer,2,0
000003019,2018-01-11,2018-01-11 13:00:00,13,core,1,0
000003019,2018-01-11,2018-01-11 13:00:00,13,near,2,0
000003019,2018-01-11,2018-01-11 15:00:00,15,core,13,1
000003019,2018-01-11,2018-01-11 15:00:00,15,near,32,1
000003019,2018-01-11,2018-01-11 16:00:00,16,core,23,1
000003019,2018-01-11,2018-01-11 16:00:00,16,near,20,1
000003019,2018-01-11,2018-01-11 17:00:00,17,core,17,1
000003019,2018-01-11,2018-01-11 17:00:00,17,near,65,1
000003019,2018-01-11,2018-01-11 18:00:00,18,near,18,1
000003019,2018-01-11,2018-01-11 18:00:00,18,outer,124,1
000003019,2018-01-11,2018-01-11 19:00:00,19,core,43,1
000003019,2018-01-11,2018-01-11 19:00:00,19,near,50,1
000003019,2018-01-11,2018-01-11 20:00:00,20,core,17,1
000003019,2018-01-11,2018-01-11 23:00:00,23,core,15,1
000003019,2018-01-12,2018-01-12 00:00:00,0,core,7,1
000003019,2018-01-12,2018-01-12 03:00:00,3,core,27,1
000003019,2018-01-12,2018-01-12 04:00:00,4,core,46,1
000003019,2018-01-12,2018-01-12 04:00:00,4,near,6,1
000003019,2018-01-12,2018-01-12 06:00:00,6,core,46,1
000003019,2018-01-12,2018-01-12 07:00:00,7,core,31,1
000003019,2018-01-12,2018-01-12 08:00:00,8,core,1,0
000003019,2018-01-12,2018-01-12 10:00:00,10,core,6,1
000003019,2018-01-12,2018-01-12 11:00:00,11,core,5,1
000003019,2018-01-12,2018-01-12 12:00:00,12,core,3,1
000003019,2018-01-12,2018-01-12 14:00:00,14,core,9,1
000003019,2018-01-12,2018-01-12 14:00:00,14,near,1,0
000003019,2018-01-12,2018-01-12 16:00:00,16,core,2,0
000003019,2018-01-12,2018-01-12 16:00:00,16,near,3,1
000003019,2018-01-12,2018-01-12 20:00:00,20,core,5,1
000003019,2018-01-12,2018-01-12 21:00:00,21,core,1,0
000003019,2018-01-12,2018-01-12 22:00:00,22,core,3,1
000003019,2018-01-12,2018-01-12 23:00:00,23,core,2,0
000003019,2018-01-13,2018-01-13 03:00:00,3,core,8,1
000003019,2018-01-13,2018-01-13 03:00:00,3,near,1,0
000003019,2018-01-13,2018-01-13 04:00:00,4,core,2,0
000003019,2018-01-13,2018-01-13 06:00:00,6,core,2,0
000003019,2018-01-13,2018-01-13 07:00:00,7,near,6,1
000003019,2018-01-13,2018-01-13 07:00:00,7,outer,9,1
000003019,2018-01-13,2018-01-13 08:00:00,8,near,4,1
000003019,2018-01-13,2018-01-13 08:00:00,8,outer,1,0
000003019,2018-01-13,2018-01-13 09:00:00,9,near,1,0
000003019,2018-01-13,2018-01-13 09:00:00,9,outer,9,1
000003019,2018-01-13,2018-01-13 10:00:00,10,core,8,1
000003019,2018-01-13,2018-01-13 10:00:00,10,near,2,0
000003019,2018-01-13,2018-01-13 11:00:00,11,core,7,1
000003019,2018-01-13,2018-01-13 11:00:00,11,near,2,0
000003019,2018-01-13,2018-01-13 12:00:00,12,core,4,1
000003019,2018-01-13,2018-01-13 12:00:00,12,near,5,1
000003019,2018-01-13,2018-01-13 14:00:00,14,core,4,1
000003019,2018-01-13,2018-01-13 14:00:00,14,near,1,0
000003019,2018-01-13,2018-01-13 15:00:00,15,near,6,1
000003019,2018-01-13,2018-01-13 16:00:00,16,core,3,1
000003019,2018-01-13,2018-01-13 16:00:00,16,near,5,1
000003019,2018-01-13,2018-01-13 18:00:00,18,core,7,1
000003019,2018-01-13,2018-01-13 23:00:00,23,core,6,1
000003019,2018-01-14,2018-01-14 03:00:00,3,core,6,1
000003019,2018-01-14,2018-01-14 04:00:00,4,core,2,0
000003019,2018-01-14,2018-01-14 05:00:00,5,core,2,0
000003019,2018-01-14,2018-01-14 07:00:00,7,core,5,1
000003019,2018-01-14,2018-01-14 07:00:00,7,near,3,1
000003019,2018-01-14,2018-01-14 08:00:00,8,outer,10,1
000003019,2018-01-14,2018-01-14 09:00:00,9,near,1,0
000003019,2018-01-14,2018-01-14 09:00:00,9,outer,9,1
000003019,2018-01-14,2018-01-14 10:00:00,10,near,2,0
000003019,2018-01-14,2018-01-14 11:00:00,11,near,5,1
000003019,2018-01-14,2018-01-14 11:00:00,11,outer,12,1
000003019,2018-01-14,2018-01-14 12:00:00,12,core,5,1
000003019,2018-01-14,2018-01-14 12:00:00,12,near,6,1
000003019,2018-01-15,2018-01-15 10:00:00,10,core,6,1
000003019,2018-01-15,2018-01-15 11:00:00,11,core,2,0
000003019,2018-01-15,2018-01-15 11:00:00,11,near,1,0
000003019,2018-01-15,2018-01-15 12:00:00,12,core,3,1
000003019,2018-01-15,2018-01-15 14:00:00,14,core,2,0
000003019,2018-01-15,2018-01-15 14:00:00,14,near,2,0
000003019,2018-01-15,2018-01-15 15:00:00,15,core,2,0
000003019,2018-01-15,2018-01-15 15:00:00,15,near,4,1
000003019,2018-01-15,2018-01-15 16:00:00,16,core,4,1
000003019,2018-01-15,2018-01-15 18:00:00,18,core,4,1
000003019,2018-01-15,2018-01-15 18:00:00,18,near,7,1
000003019,2018-01-15,2018-01-15 19:00:00,19,near,6,1
000003019,2018-01-15,2018-01-15 20:00:00,20,core,3,1
000003019,2018-01-15,2018-01-15 20:00:00,20,near,3,1
000003019,2018-01-15,2018-01-15 22:00:00,22,core,4,1
000003019,2018-01-15,2018-01-15 22:00:00,22,near,1,0
000003019,2018-01-15,2018-01-15 23:00:00,23,core,2,0
000003019,2018-01-15,2018-01-15 23:00:00,23,near,7,1
000003019,2018-01-16,2018-01-16 00:00:00,0,core,3,1
000003019,2018-01-16,2018-01-16 02:00:00,2,core,2,0
000003019,2018-01-16,2018-01-16 03:00:00,3,core,4,1
000003019,2018-01-16,2018-01-16 07:00:00,7,outer,6,1
000003019,2018-01-16,2018-01-16 08:00:00,8,near,5,1
000003019,2018-01-16,2018-01-16 08:00:00,8,outer,3,1
000003019,2018-01-16,2018-01-16 09:00:00,9,near,4,1
000003019,2018-01-16,2018-01-16 09:00:00,9,outer,7,1
000003019,2018-01-16,2018-01-16 10:00:00,10,core,4,1
000003019,2018-01-16,2018-01-16 10:00:00,10,near,1,0
000003019,2018-01-16,2018-01-16 11:00:00,11,core,3,1
000003019,2018-01-16,2018-01-16 12:00:00,12,core,2,0
000003019,2018-01-16,2018-01-16 14:00:00,14,core,4,1
000003019,2018-01-16,2018-01-16 15:00:00,15,core,5,1
000003019,2018-01-16,2018-01-16 23:00:00,23,core,1,0
000003019,2018-01-17,2018-01-17 00:00:00,0,core,1,0
000003019,2018-01-17,2018-01-17 03:00:00,3,core,3,1
000003019,2018-01-17,2018-01-17 03:00:00,3,near,1,0
000003019,2018-01-17,2018-01-17 04:00:00,4,core,4,1
000003019,2018-01-17,2018-01-17 04:00:00,4,near,4,1
000003019,2018-01-17,2018-01-17 10:00:00,10,core,7,1
000003019,2018-01-17,2018-01-17 11:00:00,11,core,3,1
000003019,2018-01-17,2018-01-17 14:00:00,14,core,2,0
000003019,2018-01-17,2018-01-17 15:00:00,15,core,1,0
000003019,2018-01-17,2018-01-17 16:00:00,16,core,5,1
000003019,2018-01-17,2018-01-17 17:00:00,17,core,6,1
000003019,2018-01-17,2018-01-17 17:00:00,17,near,2,0
000003019,2018-01-17,2018-01-17 18:00:00,18,near,3,1
000003019,2018-01-17,2018-01-17 22:00:00,22,core,1,0
000003019,2018-01-17,2018-01-17 23:00:00,23,core,14,1
000003019,2018-01-18,2018-01-18 00:00:00,0,core,4,1
000003019,2018-01-18,2018-01-18 02:00:00,2,core,5,1
000003019,2018-01-18,2018-01-18 02:00:00,2,near,2,0
000003019,2018-01-18,2018-01-18 03:00:00,3,core,6,1
000003019,2018-01-18,2018-01-18 04:00:00,4,core,1,0
000003019,2018-01-18,2018-01-18 06:00:00,6,core,10,1
000003019,2018-01-18,2018-01-18 06:00:00,6,near,2,0
000003019,2018-01-18,2018-01-18 07:00:00,7,near,1,0
000003019,2018-01-18,2018-01-18 09:00:00,9,outer,10,1
000003019,2018-01-18,2018-01-18 10:00:00,10,near,4,1
000003019,2018-01-18,2018-01-18 10:00:00,10,outer,7,1
000003019,2018-01-18,2018-01-18 12:00:00,12,near,6,1
000003019,2018-01-18,2018-01-18 13:00:00,13,near,2,0
000003019,2018-01-18,2018-01-18 14:00:00,14,near,3,1
000003019,2018-01-18,2018-01-18 15:00:00,15,near,3,1
000003019,2018-01-18,2018-01-18 16:00:00,16,core,1,0
000003019,2018-01-18,2018-01-18 16:00:00,16,near,6,1
000003019,2018-01-18,2018-01-18 16:00:00,16,outer,8,1
000003019,2018-01-18,2018-01-18 17:00:00,17,core,1,0
000003019,2018-01-18,2018-01-18 22:00:00,22,core,2,0
000003019,2018-01-18,2018-01-18 23:00:00,23,core,7,1
000003019,2018-01-19,2018-01-19 00:00:00,0,near,1,0
000003019,2018-01-19,2018-01-19 07:00:00,7,core,10,1
000003019,2018-01-19,2018-01-19 08:00:00,8,core,2,0
000003019,2018-01-19,2018-01-19 11:00:00,11,core,367,1
000003019,2018-01-19,2018-01-19 12:00:00,12,core,14,1
000003019,2018-01-19,2018-01-19 13:00:00,13,core,64,1
000003019,2018-01-19,2018-01-19 14:00:00,14,core,210,1
000003019,2018-01-19,2018-01-19 15:00:00,15,core,26,1
000003019,2018-01-19,2018-01-19 16:00:00,16,core,62,1
000003019,2018-01-19,2018-01-19 18:00:00,18,core,219,1
000003019,2018-01-19,2018-01-19 19:00:00,19,core,91,1
000003019,2018-01-19,2018-01-19 19:00:00,19,near,27,1
000003019,2018-01-19,2018-01-19 20:00:00,20,core,102,1
000003019,2018-01-19,2018-01-19 20:00:00,20,near,56,1
000003019,2018-01-19,2018-01-19 23:00:00,23,core,180,1
000003019,2018-01-19,2018-01-19 23:00:00,23,near,9,1
000003019,2018-01-20,2018-01-20 00:00:00,0,core,85,1
000003019,2018-01-20,2018-01-20 00:00:00,0,near,1,0
000003019,2018-01-20,2018-01-20 03:00:00,3,core,117,1
000003019,2018-01-20,2018-01-20 04:00:00,4,core,15,1
000003019,2018-01-20,2018-01-20 06:00:00,6,core,120,1
000003019,2018-01-20,2018-01-20 06:00:00,6,near,137,1
000003019,2018-01-20,2018-01-20 07:00:00,7,near,164,1
000003019,2018-01-20,2018-01-20 07:00:00,7,outer,466,1
000003019,2018-01-20,2018-01-20 08:00:00,8,near,108,1
000003019,2018-01-20,2018-01-20 08:00:00,8,outer,42,1
000003019,2018-01-20,2018-01-20 09:00:00,9,near,193,1
000003019,2018-01-20,2018-01-20 09:00:00,9,outer,315,1
000003019,2018-01-20,2018-01-20 10:00:00,10,core,37,1
000003019,2018-01-20,2018-01-20 10:00:00,10,near,204,1
000003019,2018-01-20,2018-01-20 11:00:00,11,near,61,1
000003019,2018-01-20,2018-01-20 12:00:00,12,core,87,1
000003019,2018-01-20,2018-01-20 12:00:00,12,near,85,1
000003019,2018-01-20,2018-01-20 14:00:00,14,core,26,1
000003019,2018-01-20,2018-01-20 15:00:00,15,core,16,1
000003019,2018-01-20,2018-01-20 15:00:00,15,near,162,1
000003019,2018-01-20,2018-01-20 16:00:00,16,core,97,1
000003019,2018-01-20,2018-01-20 16:00:00,16,near,172,1
000003019,2018-01-20,2018-01-20 17:00:00,17,core,7,1
000003019,2018-01-20,2018-01-20 19:00:00,19,core,3,1
000003019,2018-01-20,2018-01-20 23:00:00,23,core,185,1
000003019,2018-01-21,2018-01-21 00:00:00,0,core,11,1
000003019,2018-01-21,2018-01-21 01:00:00,1,core,13,1
000003019,2018-01-21,2018-01-21 03:00:00,3,core,237,1
000003019,2018-01-21,2018-01-21 04:00:00,4,core,102,1
000003019,2018-01-21,2018-01-21 05:00:00,5,core,54,1
000003019,2018-01-21,2018-01-21 09:00:00,9,core,53,1
000003019,2018-01-21,2018-01-21 10:00:00,10,core,1,0
000003019,2018-01-21,2018-01-21 13:00:00,13,core,124,1
000003019,2018-01-21,2018-01-21 13:00:00,13,near,97,1
000003019,2018-01-21,2018-01-21 14:00:00,14,near,73,1
000003019,2018-01-21,2018-01-21 14:00:00,14,outer,345,1
000003019,2018-01-21,2018-01-21 15:00:00,15,outer,319,1
000003019,2018-01-21,2018-01-21 16:00:00,16,near,55,1
000003019,2018-01-21,2018-01-21 16:00:00,16,outer,88,1
000003019,2018-01-21,2018-01-21 18:00:00,18,near,82,1
000003019,2018-01-21,2018-01-21 18:00:00,18,outer,392,1
000003019,2018-01-21,2018-01-21 19:00:00,19,near,191,1
000003019,2018-01-21,2018-01-21 19:00:00,19,outer,120,1
000003019,2018-01-21,2018-01-21 21:00:00,21,core,140,1
000003019,2018-01-21,2018-01-21 21:00:00,21,near,217,1
000003019,2018-01-21,2018-01-21 23:00:00,23,core,217,1
000003019,2018-01-22,2018-01-22 00:00:00,0,core,190,1
000003019,2018-01-22,2018-01-22 06:00:00,6,core,1,0
000003019,2018-01-22,2018-01-22 07:00:00,7,core,100,1
000003019,2018-01-22,2018-01-22 08:00:00,8,core,82,1
000003019,2018-01-22,2018-01-22 17:00:00,17,core,249,1
000003019,2018-01-22,2018-01-22 18:00:00,18,core,15,1
000003019,2018-01-22,2018-01-22 20:00:00,20,core,101,1
000003019,2018-01-22,2018-01-22 22:00:00,22,core,261,1
000003019,2018-01-22,2018-01-22 23:00:00,23,core,8,1
000003019,2018-01-23,2018-01-23 02:00:00,2,core,44,1
000003019,2018-01-23,2018-01-23 03:00:00,3,core,75,1
000003019,2018-01-23,2018-01-23 03:00:00,3,near,73,1
000003019,2018-01-23,2018-01-23 04:00:00,4,core,6,1
000003019,2018-01-23,2018-01-23 06:00:00,6,core,101,1
000003019,2018-01-23,2018-01-23 06:00:00,6,near,17,1
000003019,2018-01-23,2018-01-23 07:00:00,7,near,130,1
000003019,2018-01-23,2018-01-23 07:00:00,7,outer,270,1
000003019,2018-01-23,2018-01-23 08:00:00,8,near,29,1
000003019,2018-01-23,2018-01-23 08:00:00,8,outer,22,1
000003019,2018-01-23,2018-01-23 10:00:00,10,near,4,1
000003019,2018-01-23,2018-01-23 11:00:00,11,near,30,1
000003019,2018-01-23,2018-01-23 11:00:00,11,outer,207,1
000003019,2018-01-23,2018-01-23 12:00:00,12,core,39,1
000003019,2018-01-23,2018-01-23 12:00:00,12,near,87,1
000003019,2018-01-23,2018-01-23 12:00:00,12,outer,72,1
000003019,2018-01-23,2018-01-23 15:00:00,15,core,143,1
000003019,2018-01-23,2018-01-23 15:00:00,15,near,3,1
000003019,2018-01-23,2018-01-23 18:00:00,18,core,105,1
000003019,2018-01-23,2018-01-23 18:00:00,18,near,33,1
000003019,2018-01-23,2018-01-23 19:00:00,19,core,157,1
000003019,2018-01-23,2018-01-23 19:00:00,19,near,1,0
000003019,2018-01-23,2018-01-23 20:00:00,20,core,156,1
000003019,2018-01-23,2018-01-23 20:00:00,20,near,1,0
000003019,2018-01-23,2018-01-23 21:00:00,21,core,65,1
000003019,2018-01-23,2018-01-23 23:00:00,23,core,88,1
000003019,2018-01-24,2018-01-24 00:00:00,0,core,11,1
000003019,2018-01-24,2018-01-24 01:00:00,1,core,113,1
000003019,2018-01-24,2018-01-24 04:00:00,4,core,81,1
000003019,2018-01-24,2018-01-24 05:00:00,5,core,61,1
000003019,2018-01-24,2018-01-24 11:00:00,11,core,67,1
000003019,2018-01-24,2018-01-24 12:00:00,12,core,93,1
000003019,2018-01-24,2018-01-24 14:00:00,14,core,133,1
000003019,2018-01-24,2018-01-24 15:00:00,15,core,26,1
000003019,2018-01-24,2018-01-24 15:00:00,15,near,16,1
000003019,2018-01-24,2018-01-24 16:00:00,16,core,130,1
000003019,2018-01-24,2018-01-24 16:00:00,16,near,24,1
000003019,2018-01-24,2018-01-24 17:00:00,17,core,15,1
000003019,2018-01-24,2018-01-24 18:00:00,18,core,26,1
000003019,2018-01-24,2018-01-24 19:00:00,19,core,124,1
000003019,2018-01-24,2018-01-24 20:00:00,20,core,161,1
000003019,2018-01-24,2018-01-24 20:00:00,20,near,56,1
000003019,2018-01-24,2018-01-24 21:00:00,21,core,103,1
000003019,2018-01-24,2018-01-24 21:00:00,21,near,31,1
000003030,2018-01-01,2018-01-01 10:00:00,10,outer,8,1
000003030,2018-01-01,2018-01-01 11:00:00,11,outer,11,1
000003030,2018-01-01,2018-01-01 12:00:00,12,outer,16,1
000003030,2018-01-01,2018-01-01 13:00:00,13,outer,9,1
000003030,2018-01-01,2018-01-01 15:00:00,15,outer,1,0
000003030,2018-01-03,2018-01-03 12:00:00,12,outer,10,1
000003030,2018-01-03,2018-01-03 13:00:00,13,outer,2,0
000003030,2018-01-03,2018-01-03 14:00:00,14,outer,7,1
000003030,2018-01-03,2018-01-03 15:00:00,15,outer,1,0
000003030,2018-01-04,2018-01-04 11:00:00,11,outer,4,1
000003030,2018-01-04,2018-01-04 12:00:00,12,outer,7,1
000003030,2018-01-04,2018-01-04 13:00:00,13,outer,1,0
000003030,2018-01-05,2018-01-05 13:00:00,13,outer,5,1
000003030,2018-01-05,2018-01-05 15:00:00,15,outer,6,1
000003030,2018-01-05,2018-01-05 16:00:00,16,outer,1,0
000003030,2018-01-06,2018-01-06 08:00:00,8,outer,1,0
000003030,2018-01-06,2018-01-06 11:00:00,11,outer,6,1
000003030,2018-01-06,2018-01-06 12:00:00,12,outer,9,1
000003030,2018-01-07,2018-01-07 14:00:00,14,outer,3,1
000003030,2018-01-07,2018-01-07 15:00:00,15,outer,4,1
000003030,2018-01-07,2018-01-07 16:00:00,16,outer,2,0
000003030,2018-01-08,2018-01-08 13:00:00,13,outer,6,1
000003030,2018-01-08,2018-01-08 14:00:00,14,outer,1,0
000003030,2018-01-09,2018-01-09 09:00:00,9,outer,1,0
000003030,2018-01-09,2018-01-09 10:00:00,10,outer,3,1
000003030,2018-01-09,2018-01-09 11:00:00,11,outer,2,0
000003030,2018-01-09,2018-01-09 12:00:00,12,outer,1,0
000003030,2018-01-10,2018-01-10 12:00:00,12,outer,2,0
000003030,2018-01-10,2018-01-10 13:00:00,13,outer,1,0
000003030,2018-01-11,2018-01-11 11:00:00,11,outer,8,1
000003030,2018-01-11,2018-01-11 12:00:00,12,outer,3,1
000003030,2018-01-11,2018-01-11 13:00:00,13,outer,6,1
000003030,2018-01-11,2018-01-11 14:00:00,14,outer,1,0
000003030,2018-01-15,2018-01-15 10:00:00,10,outer,5,1
000003030,2018-01-15,2018-01-15 11:00:00,11,outer,1,0
000003030,2018-01-15,2018-01-15 14:00:00,14,outer,6,1
000003030,2018-01-15,2018-01-15 15:00:00,15,outer,4,1
000003030,2018-01-15,2018-01-15 16:00:00,16,outer,6,1
000003030,2018-01-17,2018-01-17 09:00:00,9,outer,4,1
000003030,2018-01-17,2018-01-17 10:00:00,10,outer,4,1
000003030,2018-01-17,2018-01-17 11:00:00,11,outer,12,1
000003030,2018-01-18,2018-01-18 10:00:00,10,outer,3,1
000003030,2018-01-18,2018-01-18 11:00:00,11,outer,3,1
000003030,2018-01-22,2018-01-22 11:00:00,11,outer,2,0
000003030,2018-01-22,2018-01-22 12:00:00,12,outer,1,0
000003030,2018-01-22,2018-01-22 15:00:00,15,outer,2,0
000003030,2018-01-22,2018-01-22 16:00:00,16,outer,2,0
000003030,2018-01-23,2018-01-23 12:00:00,12,outer,2,0
000003030,2018-01-23,2018-01-23 13:00:00,13,outer,6,1
000003030,2018-01-23,2018-01-23 14:00:00,14,outer,1,0
000003030,2018-01-24,2018-01-24 08:00:00,8,outer,1,0
000003030,2018-01-24,2018-01-24 09:00:00,9,outer,2,0
000003030,2018-01-24,2018-01-24 10:00:00,10,outer,7,1
000003030,2018-01-24,2018-01-24 11:00:00,11,outer,5,1
000003077,2018-01-01,2018-01-01 00:00:00,0,core,56,1
000003077,2018-01-01,2018-01-01 03:00:00,3,core,56,1
000003077,2018-01-01,2018-01-01 03:00:00,3,near,5,1
000003077,2018-01-01,2018-01-01 04:00:00,4,core,54,1
000003077,2018-01-01,2018-01-01 04:00:00,4,near,137,1
000003077,2018-01-01,2018-01-01 07:00:00,7,core,63,1
000003077,2018-01-01,2018-01-01 07:00:00,7,near,57,1
000003077,2018-01-01,2018-01-01 08:00:00,8,core,73,1
000003077,2018-01-01,2018-01-01 08:00:00,8,near,27,1
000003077,2018-01-01,2018-01-01 10:00:00,10,core,5,1
000003077,2018-01-01,2018-01-01 11:00:00,11,core,109,1
000003077,2018-01-01,2018-01-01 11:00:00,11,near,114,1
000003077,2018-01-01,2018-01-01 12:00:00,12,core,60,1
000003077,2018-01-01,2018-01-01 14:00:00,14,core,153,1
000003077,2018-01-01,2018-01-01 14:00:00,14,near,66,1
000003077,2018-01-01,2018-01-01 15:00:00,15,near,187,1
000003077,2018-01-01,2018-01-01 16:00:00,16,core,88,1
000003077,2018-01-01,2018-01-01 16:00:00,16,near,89,1
000003077,2018-01-01,2018-01-01 18:00:00,18,core,79,1
000003077,2018-01-01,2018-01-01 19:00:00,19,core,33,1
000003077,2018-01-01,2018-01-01 19:00:00,19,near,322,1
000003077,2018-01-01,2018-01-01 20:00:00,20,near,2,0
000003077,2018-01-01,2018-01-01 21:00:00,21,core,18,1
000003077,2018-01-01,2018-01-01 21:00:00,21,near,49,1
000003077,2018-01-01,2018-01-01 22:00:00,22,core,34,1
000003077,2018-01-01,2018-01-01 23:00:00,23,core,65,1
000003077,2018-01-02,2018-01-02 00:00:00,0,core,126,1
000003077,2018-01-02,2018-01-02 03:00:00,3,core,75,1
000003077,2018-01-02,2018-01-02 03:00:00,3,near,36,1
000003077,2018-01-02,2018-01-02 04:00:00,4,core,30,1
000003077,2018-01-02,2018-01-02 04:00:00,4,near,70,1
000003077,2018-01-02,2018-01-02 05:00:00,5,core,10,1
000003077,2018-01-02,2018-01-02 07:00:00,7,core,97,1
000003077,2018-01-02,2018-01-02 07:00:00,7,near,149,1
000003077,2018-01-02,2018-01-02 07:00:00,7,outer,174,1
000003077,2018-01-02,2018-01-02 08:00:00,8,outer,200,1
000003077,2018-01-02,2018-01-02 09:00:00,9,outer,143,1
000003077,2018-01-02,2018-01-02 10:00:00,10,near,46,1
000003077,2018-01-02,2018-01-02 10:00:00,10,outer,263,1
000003077,2018-01-02,2018-01-02 12:00:00,12,near,41,1
000003077,2018-01-02,2018-01-02 12:00:00,12,outer,62,1
000003077,2018-01-02,2018-01-02 13:00:00,13,near,127,1
000003077,2018-01-02,2018-01-02 13:00:00,13,outer,272,1
000003077,2018-01-02,2018-01-02 14:00:00,14,core,77,1
000003077,2018-01-02,2018-01-02 14:00:00,14,near,3,1
000003077,2018-01-02,2018-01-02 15:00:00,15,core,213,1
000003077,2018-01-02,2018-01-02 16:00:00,16,core,23,1
000003077,2018-01-02,2018-01-02 16:00:00,16,near,103,1
000003077,2018-01-02,2018-01-02 17:00:00,17,core,81,1
000003077,2018-01-02,2018-01-02 18:00:00,18,core,18,1
000003077,2018-01-02,2018-01-02 19:00:00,19,core,63,1
000003077,2018-01-02,2018-01-02 19:00:00,19,near,138,1
000003077,2018-01-02,2018-01-02 20:00:00,20,core,98,1
000003077,2018-01-02,2018-01-02 20:00:00,20,near,37,1
000003077,2018-01-03,2018-01-03 06:00:00,6,core,211,1
000003077,2018-01-03,2018-01-03 07:00:00,7,core,24,1
000003077,2018-01-03,2018-01-03 07:00:00,7,near,48,1
000003077,2018-01-03,2018-01-03 08:00:00,8,core,87,1
000003077,2018-01-03,2018-01-03 08:00:00,8,near,49,1
000003077,2018-01-03,2018-01-03 10:00:00,10,core,115,1
000003077,2018-01-03,2018-01-03 11:00:00,11,core,126,1
000003077,2018-01-03,2018-01-03 12:00:00,12,core,112,1
000003077,2018-01-03,2018-01-03 15:00:00,15,core,65,1
000003077,2018-01-03,2018-01-03 16:00:00,16,core,74,1
000003077,2018-01-03,2018-01-03 19:00:00,19,core,119,1
000003077,2018-01-03,2018-01-03 19:00:00,19,near,47,1
000003077,2018-01-03,2018-01-03 20:00:00,20,core,56,1
000003077,2018-01-03,2018-01-03 22:00:00,22,core,119,1
000003077,2018-01-03,2018-01-03 22:00:00,22,near,97,1
000003077,2018-01-03,2018-01-03 23:00:00,23,core,13,1
000003077,2018-01-03,2018-01-03 23:00:00,23,near,138,1
000003077,2018-01-04,2018-01-04 00:00:00,0,core,76,1
000003077,2018-01-04,2018-01-04 03:00:00,3,core,28,1
000003077,2018-01-04,2018-01-04 04:00:00,4,core,159,1
000003077,2018-01-04,2018-01-04 05:00:00,5,core,62,1
000003077,2018-01-04,2018-01-04 06:00:00,6,core,84,1
000003077,2018-01-04,2018-01-04 06:00:00,6,near,51,1
000003077,2018-01-04,2018-01-04 07:00:00,7,near,104,1
000003077,2018-01-04,2018-01-04 07:00:00,7,outer,109,1
000003077,2018-01-04,2018-01-04 09:00:00,9,near,15,1
000003077,2018-01-04,2018-01-04 09:00:00,9,outer,53,1
000003077,2018-01-04,2018-01-04 10:00:00,10,core,5,1
000003077,2018-01-04,2018-01-04 10:00:00,10,near,42,1
000003077,2018-01-04,2018-01-04 10:00:00,10,outer,36,1
000003077,2018-01-04,2018-01-04 11:00:00,11,near,70,1
000003077,2018-01-04,2018-01-04 15:00:00,15,core,85,1
000003077,2018-01-04,2018-01-04 15:00:00,15,near,135,1
000003077,2018-01-04,2018-01-04 15:00:00,15,outer,1,0
000003077,2018-01-04,2018-01-04 16:00:00,16,core,142,1
000003077,2018-01-04,2018-01-04 23:00:00,23,core,85,1
000003077,2018-01-04,2018-01-04 23:00:00,23,near,28,1
000003077,2018-01-05,2018-01-05 00:00:00,0,core,107,1
000003077,2018-01-05,2018-01-05 00:00:00,0,near,53,1
000003077,2018-01-05,2018-01-05 06:00:00,6,core,226,1
000003077,2018-01-05,2018-01-05 07:00:00,7,core,47,1
000003077,2018-01-05,2018-01-05 07:00:00,7,near,73,1
000003077,2018-01-05,2018-01-05 08:00:00,8,core,123,1
000003077,2018-01-05,2018-01-05 08:00:00,8,near,101,1
000003077,2018-01-05,2018-01-05 10:00:00,10,core,121,1
000003077,2018-01-05,2018-01-05 10:00:00,10,near,145,1
000003077,2018-01-05,2018-01-05 11:00:00,11,core,28,1
000003077,2018-01-05,2018-01-05 11:00:00,11,near,184,1
000003077,2018-01-05,2018-01-05 12:00:00,12,core,57,1
000003077,2018-01-05,2018-01-05 15:00:00,15,core,244,1
000003077,2018-01-05,2018-01-05 18:00:00,18,core,241,1
000003077,2018-01-05,2018-01-05 19:00:00,19,core,125,1
000003077,2018-01-05,2018-01-05 19:00:00,19,near,90,1
000003077,2018-01-05,2018-01-05 20:00:00,20,core,93,1
000003077,2018-01-05,2018-01-05 20:00:00,20,near,61,1
000003077,2018-01-05,2018-01-05 22:00:00,22,core,217,1
000003077,2018-01-06,2018-01-06 07:00:00,7,core,88,1
000003077,2018-01-06,2018-01-06 07:00:00,7,near,163,1
000003077,2018-01-06,2018-01-06 07:00:00,7,outer,124,1
000003077,2018-01-06,2018-01-06 08:00:00,8,outer,164,1
000003077,2018-01-06,2018-01-06 09:00:00,9,outer,156,1
000003077,2018-01-06,2018-01-06 10:00:00,10,near,24,1
000003077,2018-01-06,2018-01-06 10:00:00,10,outer,113,1
000003077,2018-01-06,2018-01-06 12:00:00,12,near,46,1
000003077,2018-01-06,2018-01-06 12:00:00,12,outer,296,1
000003077,2018-01-06,2018-01-06 13:00:00,13,core,91,1
000003077,2018-01-06,2018-01-06 13:00:00,13,near,13,1
000003077,2018-01-06,2018-01-06 14:00:00,14,core,200,1
000003077,2018-01-06,2018-01-06 15:00:00,15,core,67,1
000003077,2018-01-06,2018-01-06 16:00:00,16,core,43,1
000003077,2018-01-06,2018-01-06 17:00:00,17,core,160,1
000003077,2018-01-06,2018-01-06 21:00:00,21,core,150,1
000003077,2018-01-06,2018-01-06 22:00:00,22,core,110,1
000003077,2018-01-06,2018-01-06 23:00:00,23,core,99,1
000003077,2018-01-07,2018-01-07 00:00:00,0,core,111,1
000003077,2018-01-07,2018-01-07 02:00:00,2,core,110,1
000003077,2018-01-07,2018-01-07 03:00:00,3,core,44,1
000003077,2018-01-07,2018-01-07 05:00:00,5,core,69,1
000003077,2018-01-07,2018-01-07 06:00:00,6,core,151,1
000003077,2018-01-07,2018-01-07 06:00:00,6,near,132,1
000003077,2018-01-07,2018-01-07 07:00:00,7,core,102,1
000003077,2018-01-07,2018-01-07 08:00:00,8,core,47,1
000003077,2018-01-07,2018-01-07 08:00:00,8,near,180,1
000003077,2018-01-07,2018-01-07 10:00:00,10,core,130,1
000003077,2018-01-07,2018-01-07 11:00:00,11,core,30,1
000003077,2018-01-07,2018-01-07 12:00:00,12,core,69,1
000003077,2018-01-07,2018-01-07 12:00:00,12,near,121,1
000003077,2018-01-07,2018-01-07 13:00:00,13,core,50,1
000003077,2018-01-07,2018-01-07 13:00:00,13,near,77,1
000003077,2018-01-07,2018-01-07 14:00:00,14,core,3,1
000003077,2018-01-07,2018-01-07 16:00:00,16,core,76,1
000003077,2018-01-07,2018-01-07 17:00:00,17,core,102,1
000003077,2018-01-07,2018-01-07 19:00:00,19,core,79,1
000003077,2018-01-07,2018-01-07 20:00:00,20,core,191,1
000003077,2018-01-07,2018-01-07 20:00:00,20,near,25,1
000003077,2018-01-08,2018-01-08 00:00:00,0,core,2,0
000003077,2018-01-08,2018-01-08 01:00:00,1,core,178,1
000003077,2018-01-08,2018-01-08 06:00:00,6,core,61,1
000003077,2018-01-08,2018-01-08 07:00:00,7,core,99,1
000003077,2018-01-08,2018-01-08 08:00:00,8,core,37,1
000003077,2018-01-08,2018-01-08 14:00:00,14,core,158,1
000003077,2018-01-08,2018-01-08 15:00:00,15,core,159,1
000003077,2018-01-08,2018-01-08 16:00:00,16,core,66,1
000003077,2018-01-08,2018-01-08 17:00:00,17,core,64,1
000003077,2018-01-08,2018-01-08 20:00:00,20,core,92,1
000003077,2018-01-08,2018-01-08 21:00:00,21,core,72,1
000003077,2018-01-08,2018-01-08 23:00:00,23,core,98,1
000003077,2018-01-08,2018-01-08 23:00:00,23,near,27,1
000003077,2018-01-09,2018-01-09 00:00:00,0,near,10,1
000003077,2018-01-09,2018-01-09 01:00:00,1,core,92,1
000003077,2018-01-09,2018-01-09 01:00:00,1,near,27,1
000003077,2018-01-09,2018-01-09 04:00:00,4,core,142,1
000003077,2018-01-09,2018-01-09 04:00:00,4,near,2,0
000003077,2018-01-09,2018-01-09 05:00:00,5,core,3,1
000003077,2018-01-09,2018-01-09 05:00:00,5,near,2,0
000003077,2018-01-09,2018-01-09 08:00:00,8,core,3,1
000003077,2018-01-09,2018-01-09 08:00:00,8,near,2,0
000003077,2018-01-09,2018-01-09 10:00:00,10,core,10,1
000003077,2018-01-09,2018-01-09 11:00:00,11,core,62,1
000003077,2018-01-09,2018-01-09 11:00:00,11,near,89,1
000003077,2018-01-09,2018-01-09 12:00:00,12,core,54,1
000003077,2018-01-09,2018-01-09 12:00:00,12,near,99,1
000003077,2018-01-09,2018-01-09 15:00:00,15,core,13,1
000003077,2018-01-09,2018-01-09 18:00:00,18,core,98,1
000003077,2018-01-09,2018-01-09 18:00:00,18,near,61,1
000003077,2018-01-09,2018-01-09 19:00:00,19,near,95,1
000003077,2018-01-09,2018-01-09 20:00:00,20,core,33,1
000003077,2018-01-09,2018-01-09 20:00:00,20,near,43,1
000003077,2018-01-10,2018-01-10 03:00:00,3,core,175,1
000003077,2018-01-10,2018-01-10 03:00:00,3,near,1,0
000003077,2018-01-10,2018-01-10 04:00:00,4,core,1,0
000003077,2018-01-10,2018-01-10 04:00:00,4,near,1,0
000003077,2018-01-10,2018-01-10 05:00:00,5,core,2,0
000003077,2018-01-10,2018-01-10 08:00:00,8,near,9,1
000003077,2018-01-10,2018-01-10 10:00:00,10,core,46,1
000003077,2018-01-10,2018-01-10 10:00:00,10,near,7,1
000003077,2018-01-10,2018-01-10 12:00:00,12,core,105,1
000003077,2018-01-10,2018-01-10 13:00:00,13,core,31,1
000003077,2018-01-10,2018-01-10 15:00:00,15,core,90,1
000003077,2018-01-10,2018-01-10 15:00:00,15,near,49,1
000003077,2018-01-10,2018-01-10 16:00:00,16,core,15,1
000003077,2018-01-10,2018-01-10 19:00:00,19,core,80,1
000003077,2018-01-10,2018-01-10 19:00:00,19,near,120,1
000003077,2018-01-10,2018-01-10 19:00:00,19,outer,1,0
000003077,2018-01-10,2018-01-10 20:00:00,20,core,48,1
000003077,2018-01-10,2018-01-10 20:00:00,20,near,43,1
000003077,2018-01-10,2018-01-10 22:00:00,22,core,77,1
000003077,2018-01-10,2018-01-10 23:00:00,23,core,61,1
000003077,2018-01-11,2018-01-11 07:00:00,7,core,79,1
000003077,2018-01-11,2018-01-11 08:00:00,8,core,2,0
000003077,2018-01-11,2018-01-11 10:00:00,10,core,2,0
000003077,2018-01-11,2018-01-11 10:00:00,10,near,3,1
000003077,2018-01-11,2018-01-11 11:00:00,11,near,10,1
000003077,2018-01-11,2018-01-11 12:00:00,12,core,1,0
000003077,2018-01-11,2018-01-11 14:00:00,14,core,104,1
000003077,2018-01-11,2018-01-11 15:00:00,15,core,33,1
000003077,2018-01-11,2018-01-11 16:00:00,16,core,100,1
000003077,2018-01-11,2018-01-11 17:00:00,17,core,24,1
000003077,2018-01-11,2018-01-11 19:00:00,19,core,98,1
000003077,2018-01-11,2018-01-11 20:00:00,20,core,63,1
000003077,2018-01-11,2018-01-11 23:00:00,23,core,204,1
000003077,2018-01-11,2018-01-11 23:00:00,23,near,50,1
000003077,2018-01-12,2018-01-12 00:00:00,0,core,61,1
000003077,2018-01-12,2018-01-12 02:00:00,2,core,19,1
000003077,2018-01-12,2018-01-12 03:00:00,3,core,136,1
000003077,2018-01-12,2018-01-12 04:00:00,4,core,82,1
000003077,2018-01-12,2018-01-12 06:00:00,6,core,93,1
000003077,2018-01-12,2018-01-12 07:00:00,7,core,3,1
000003077,2018-01-12,2018-01-12 09:00:00,9,core,1,0
000003077,2018-01-12,2018-01-12 10:00:00,10,core,9,1
000003077,2018-01-12,2018-01-12 11:00:00,11,core,1,0
000003077,2018-01-12,2018-01-12 15:00:00,15,core,4,1
000003077,2018-01-12,2018-01-12 17:00:00,17,core,8,1
000003077,2018-01-12,2018-01-12 23:00:00,23,core,6,1
000003077,2018-01-12,2018-01-12 23:00:00,23,near,4,1
000003077,2018-01-13,2018-01-13 00:00:00,0,near,3,1
000003077,2018-01-13,2018-01-13 01:00:00,1,core,2,0
000003077,2018-01-13,2018-01-13 06:00:00,6,core,4,1
000003077,2018-01-13,2018-01-13 06:00:00,6,near,1,0
000003077,2018-01-13,2018-01-13 07:00:00,7,near,4,1
000003077,2018-01-13,2018-01-13 08:00:00,8,near,6,1
000003077,2018-01-13,2018-01-13 09:00:00,9,near,1,0
000003077,2018-01-13,2018-01-13 09:00:00,9,outer,11,1
000003077,2018-01-13,2018-01-13 10:00:00,10,outer,2,0
000003077,2018-01-13,2018-01-13 13:00:00,13,outer,6,1
000003077,2018-01-13,2018-01-13 14:00:00,14,near,3,1
000003077,2018-01-13,2018-01-13 14:00:00,14,outer,7,1
000003077,2018-01-13,2018-01-13 15:00:00,15,core,5,1
000003077,2018-01-13,2018-01-13 15:00:00,15,near,8,1
000003077,2018-01-13,2018-01-13 16:00:00,16,core,2,0
000003077,2018-01-13,2018-01-13 17:00:00,17,core,5,1
000003077,2018-01-13,2018-01-13 18:00:00,18,core,3,1
000003077,2018-01-13,2018-01-13 18:00:00,18,near,2,0
000003077,2018-01-13,2018-01-13 19:00:00,19,core,1,0
000003077,2018-01-13,2018-01-13 22:00:00,22,core,1,0
000003077,2018-01-13,2018-01-13 23:00:00,23,core,1,0
000003077,2018-01-14,2018-01-14 04:00:00,4,core,7,1
000003077,2018-01-14,2018-01-14 06:00:00,6,core,2,0
000003077,2018-01-14,2018-01-14 07:00:00,7,core,2,0
000003077,2018-01-14,2018-01-14 08:00:00,8,core,5,1
000003077,2018-01-14,2018-01-14 09:00:00,9,core,6,1
000003077,2018-01-14,2018-01-14 12:00:00,12,core,4,1
000003077,2018-01-15,2018-01-15 09:00:00,9,core,1,0
000003077,2018-01-15,2018-01-15 10:00:00,10,core,5,1
000003077,2018-01-15,2018-01-15 11:00:00,11,core,1,0
000003077,2018-01-15,2018-01-15 14:00:00,14,core,9,1
000003077,2018-01-15,2018-01-15 15:00:00,15,core,4,1
000003077,2018-01-15,2018-01-15 15:00:00,15,near,8,1
000003077,2018-01-15,2018-01-15 16:00:00,16,core,1,0
000003077,2018-01-15,2018-01-15 19:00:00,19,core,2,0
000003077,2018-01-15,2018-01-15 19:00:00,19,near,2,0
000003077,2018-01-15,2018-01-15 20:00:00,20,core,1,0
000003077,2018-01-15,2018-01-15 20:00:00,20,near,3,1
000003077,2018-01-15,2018-01-15 21:00:00,21,core,1,0
000003077,2018-01-15,2018-01-15 23:00:00,23,core,2,0
000003077,2018-01-16,2018-01-16 00:00:00,0,core,2,0
000003077,2018-01-16,2018-01-16 02:00:00,2,core,1,0
000003077,2018-01-16,2018-01-16 03:00:00,3,core,1,0
000003077,2018-01-16,2018-01-16 03:00:00,3,near,4,1
000003077,2018-01-16,2018-01-16 04:00:00,4,core,1,0
000003077,2018-01-16,2018-01-16 04:00:00,4,near,4,1
000003077,2018-01-16,2018-01-16 06:00:00,6,core,2,0
000003077,2018-01-16,2018-01-16 07:00:00,7,core,1,0
000003077,2018-01-16,2018-01-16 07:00:00,7,near,6,1
000003077,2018-01-16,2018-01-16 08:00:00,8,near,4,1
000003077,2018-01-16,2018-01-16 10:00:00,10,core,1,0
000003077,2018-01-16,2018-01-16 11:00:00,11,core,5,1
000003077,2018-01-16,2018-01-16 15:00:00,15,core,5,1
000003077,2018-01-16,2018-01-16 15:00:00,15,near,3,1
000003077,2018-01-16,2018-01-16 16:00:00,16,core,1,0
000003077,2018-01-16,2018-01-16 23:00:00,23,core,3,1
000003077,2018-01-17,2018-01-17 00:00:00,0,core,1,0
000003077,2018-01-17,2018-01-17 03:00:00,3,core,3,1
000003077,2018-01-17,2018-01-17 04:00:00,4,core,2,0
000003077,2018-01-17,2018-01-17 09:00:00,9,core,2,0
000003077,2018-01-17,2018-01-17 10:00:00,10,core,1,0
000003077,2018-01-17,2018-01-17 10:00:00,10,near,3,1
000003077,2018-01-17,2018-01-17 11:00:00,11,core,2,0
000003077,2018-01-17,2018-01-17 11:00:00,11,near,3,1
000003077,2018-01-17,2018-01-17 12:00:00,12,core,2,0
000003077,2018-01-17,2018-01-17 15:00:00,15,core,1,0
000003077,2018-01-17,2018-01-17 17:00:00,17,core,3,1
000003077,2018-01-17,2018-01-17 18:00:00,18,core,4,1
000003077,2018-01-17,2018-01-17 19:00:00,19,near,1,0
000003077,2018-01-18,2018-01-18 03:00:00,3,core,7,1
000003077,2018-01-18,2018-01-18 04:00:00,4,core,1,0
000003077,2018-01-18,2018-01-18 07:00:00,7,core,2,0
000003077,2018-01-18,2018-01-18 07:00:00,7,near,4,1
000003077,2018-01-18,2018-01-18 08:00:00,8,near,5,1
000003077,2018-01-18,2018-01-18 09:00:00,9,core,2,0
000003077,2018-01-18,2018-01-18 09:00:00,9,near,4,1
000003077,2018-01-18,2018-01-18 12:00:00,12,core,6,1
000003077,2018-01-18,2018-01-18 13:00:00,13,core,2,0
000003077,2018-01-18,2018-01-18 15:00:00,15,core,6,1
000003077,2018-01-18,2018-01-18 16:00:00,16,core,1,0
000003077,2018-01-18,2018-01-18 17:00:00,17,core,3,1
000003077,2018-01-18,2018-01-18 18:00:00,18,core,72,1
000003077,2018-01-18,2018-01-18 19:00:00,19,core,42,1
000003077,2018-01-18,2018-01-18 23:00:00,23,core,3,1
000003077,2018-01-18,2018-01-18 23:00:00,23,near,1,0
000003077,2018-01-19,2018-01-19 00:00:00,0,core,3,1
000003077,2018-01-19,2018-01-19 06:00:00,6,core,2,0
000003077,2018-01-19,2018-01-19 06:00:00,6,near,1,0
000003077,2018-01-19,2018-01-19 07:00:00,7,near,3,1
000003077,2018-01-19,2018-01-19 11:00:00,11,core,63,1
000003077,2018-01-19,2018-01-19 12:00:00,12,core,17,1
000003077,2018-01-19,2018-01-19 13:00:00,13,core,49,1
000003077,2018-01-19,2018-01-19 14:00:00,14,core,6,1
000003077,2018-01-19,2018-01-19 15:00:00,15,core,111,1
000003077,2018-01-19,2018-01-19 18:00:00,18,core,47,1
000003077,2018-01-19,2018-01-19 18:00:00,18,near,1,0
000003077,2018-01-19,2018-01-19 19:00:00,19,core,123,1
000003077,2018-01-19,2018-01-19 19:00:00,19,near,27,1
000003077,2018-01-19,2018-01-19 23:00:00,23,core,75,1
000003077,2018-01-20,2018-01-20 02:00:00,2,core,146,1
000003077,2018-01-20,2018-01-20 03:00:00,3,core,139,1
000003077,2018-01-20,2018-01-20 04:00:00,4,core,46,1
000003077,2018-01-20,2018-01-20 07:00:00,7,core,194,1
000003077,2018-01-20,2018-01-20 08:00:00,8,core,29,1
000003077,2018-01-20,2018-01-20 10:00:00,10,core,87,1
000003077,2018-01-20,2018-01-20 10:00:00,10,near,61,1
000003077,2018-01-20,2018-01-20 11:00:00,11,near,47,1
000003077,2018-01-20,2018-01-20 12:00:00,12,core,13,1
000003077,2018-01-20,2018-01-20 12:00:00,12,near,45,1
000003077,2018-01-20,2018-01-20 15:00:00,15,core,147,1
000003077,2018-01-20,2018-01-20 16:00:00,16,core,64,1
000003077,2018-01-20,2018-01-20 18:00:00,18,core,74,1
000003077,2018-01-20,2018-01-20 19:00:00,19,core,98,1
000003077,2018-01-20,2018-01-20 22:00:00,22,core,37,1
000003077,2018-01-20,2018-01-20 22:00:00,22,near,139,1
000003077,2018-01-20,2018-01-20 23:00:00,23,near,71,1
000003077,2018-01-21,2018-01-21 00:00:00,0,core,60,1
000003077,2018-01-21,2018-01-21 00:00:00,0,near,63,1
000003077,2018-01-21,2018-01-21 02:00:00,2,core,53,1
000003077,2018-01-21,2018-01-21 03:00:00,3,core,132,1
000003077,2018-01-21,2018-01-21 04:00:00,4,core,88,1
000003077,2018-01-21,2018-01-21 08:00:00,8,core,128,1
000003077,2018-01-21,2018-01-21 13:00:00,13,core,144,1
000003077,2018-01-21,2018-01-21 13:00:00,13,near,3,1
000003077,2018-01-21,2018-01-21 14:00:00,14,near,20,1
000003077,2018-01-21,2018-01-21 14:00:00,14,outer,209,1
000003077,2018-01-21,2018-01-21 15:00:00,15,outer,256,1
000003077,2018-01-21,2018-01-21 16:00:00,16,outer,61,1
000003077,2018-01-21,2018-01-21 17:00:00,17,core,49,1
000003077,2018-01-21,2018-01-21 18:00:00,18,core,198,1
000003077,2018-01-21,2018-01-21 19:00:00,19,core,133,1
000003077,2018-01-21,2018-01-21 20:00:00,20,core,76,1
000003077,2018-01-21,2018-01-21 20:00:00,20,near,130,1
000003077,2018-01-21,2018-01-21 23:00:00,23,core,295,1
000003077,2018-01-22,2018-01-22 00:00:00,0,core,69,1
000003077,2018-01-22,2018-01-22 07:00:00,7,core,271,1
000003077,2018-01-22,2018-01-22 07:00:00,7,near,40,1
000003077,2018-01-22,2018-01-22 08:00:00,8,near,4,1
000003077,2018-01-22,2018-01-22 09:00:00,9,core,16,1
000003077,2018-01-22,2018-01-22 09:00:00,9,near,9,1
000003077,2018-01-22,2018-01-22 11:00:00,11,core,243,1
000003077,2018-01-22,2018-01-22 12:00:00,12,core,83,1
000003077,2018-01-22,2018-01-22 12:00:00,12,near,19,1
000003077,2018-01-22,2018-01-22 16:00:00,16,core,168,1
000003077,2018-01-22,2018-01-22 17:00:00,17,core,169,1
000003077,2018-01-22,2018-01-22 18:00:00,18,core,28,1
000003077,2018-01-22,2018-01-22 19:00:00,19,near,139,1
000003077,2018-01-22,2018-01-22 20:00:00,20,core,61,1
000003077,2018-01-22,2018-01-22 20:00:00,20,near,14,1
000003077,2018-01-22,2018-01-22 22:00:00,22,core,124,1
000003077,2018-01-22,2018-01-22 23:00:00,23,core,27,1
000003077,2018-01-22,2018-01-22 23:00:00,23,near,80,1
000003077,2018-01-23,2018-01-23 00:00:00,0,core,20,1
000003077,2018-01-23,2018-01-23 00:00:00,0,near,79,1
000003077,2018-01-23,2018-01-23 01:00:00,1,core,1,0
000003077,2018-01-23,2018-01-23 07:00:00,7,core,203,1
000003077,2018-01-23,2018-01-23 08:00:00,8,core,89,1
000003077,2018-01-23,2018-01-23 09:00:00,9,core,24,1
000003077,2018-01-23,2018-01-23 09:00:00,9,near,59,1
000003077,2018-01-23,2018-01-23 11:00:00,11,near,1,0
000003077,2018-01-23,2018-01-23 12:00:00,12,near,2,0
000003077,2018-01-23,2018-01-23 18:00:00,18,near,1,0
000003077,2018-01-24,2018-01-24 04:00:00,4,near,4,1
000003077,2018-01-24,2018-01-24 05:00:00,5,near,3,1
000003080,2018-01-01,2018-01-01 00:00:00,0,core,35,1
000003080,2018-01-01,2018-01-01 03:00:00,3,core,49,1
000003080,2018-01-01,2018-01-01 04:00:00,4,core,31,1
000003080,2018-01-01,2018-01-01 04:00:00,4,near,115,1
000003080,2018-01-01,2018-01-01 07:00:00,7,core,116,1
000003080,2018-01-01,2018-01-01 07:00:00,7,near,44,1
000003080,2018-01-01,2018-01-01 08:00:00,8,core,79,1
000003080,2018-01-01,2018-01-01 08:00:00,8,near,35,1
000003080,2018-01-01,2018-01-01 11:00:00,11,core,118,1
000003080,2018-01-01,2018-01-01 11:00:00,11,near,93,1
000003080,2018-01-01,2018-01-01 12:00:00,12,core,43,1
000003080,2018-01-01,2018-01-01 14:00:00,14,core,110,1
000003080,2018-01-01,2018-01-01 14:00:00,14,near,60,1
000003080,2018-01-01,2018-01-01 15:00:00,15,near,46,1
000003080,2018-01-01,2018-01-01 16:00:00,16,core,84,1
000003080,2018-01-01,2018-01-01 16:00:00,16,near,122,1
000003080,2018-01-01,2018-01-01 18:00:00,18,core,49,1
000003080,2018-01-01,2018-01-01 19:00:00,19,core,40,1
000003080,2018-01-01,2018-01-01 19:00:00,19,near,297,1
000003080,2018-01-01,2018-01-01 20:00:00,20,near,68,1
000003080,2018-01-01,2018-01-01 21:00:00,21,core,71,1
000003080,2018-01-01,2018-01-01 21:00:00,21,near,5,1
000003080,2018-01-01,2018-01-01 23:00:00,23,core,178,1
000003080,2018-01-02,2018-01-02 00:00:00,0,core,83,1
000003080,2018-01-02,2018-01-02 03:00:00,3,core,75,1
000003080,2018-01-02,2018-01-02 03:00:00,3,near,24,1
000003080,2018-01-02,2018-01-02 04:00:00,4,core,75,1
000003080,2018-01-02,2018-01-02 04:00:00,4,near,88,1
000003080,2018-01-02,2018-01-02 05:00:00,5,core,32,1
000003080,2018-01-02,2018-01-02 06:00:00,6,core,91,1
000003080,2018-01-02,2018-01-02 07:00:00,7,core,24,1
000003080,2018-01-02,2018-01-02 07:00:00,7,near,151,1
000003080,2018-01-02,2018-01-02 07:00:00,7,outer,134,1
000003080,2018-01-02,2018-01-02 08:00:00,8,outer,142,1
000003080,2018-01-02,2018-01-02 09:00:00,9,outer,317,1
000003080,2018-01-02,2018-01-02 10:00:00,10,near,40,1
000003080,2018-01-02,2018-01-02 10:00:00,10,outer,286,1
000003080,2018-01-02,2018-01-02 12:00:00,12,near,48,1
000003080,2018-01-02,2018-01-02 12:00:00,12,outer,33,1
000003080,2018-01-02,2018-01-02 13:00:00,13,core,12,1
000003080,2018-01-02,2018-01-02 13:00:00,13,near,130,1
000003080,2018-01-02,2018-01-02 13:00:00,13,outer,259,1
000003080,2018-01-02,2018-01-02 14:00:00,14,core,65,1
000003080,2018-01-02,2018-01-02 15:00:00,15,core,296,1
000003080,2018-01-02,2018-01-02 16:00:00,16,core,123,1
000003080,2018-01-02,2018-01-02 16:00:00,16,near,111,1
000003080,2018-01-02,2018-01-02 17:00:00,17,core,72,1
000003080,2018-01-02,2018-01-02 18:00:00,18,core,8,1
000003080,2018-01-02,2018-01-02 19:00:00,19,core,94,1
000003080,2018-01-02,2018-01-02 19:00:00,19,near,176,1
000003080,2018-01-02,2018-01-02 20:00:00,20,core,44,1
000003080,2018-01-02,2018-01-02 20:00:00,20,near,17,1
000003080,2018-01-03,2018-01-03 06:00:00,6,core,154,1
000003080,2018-01-03,2018-01-03 07:00:00,7,core,14,1
000003080,2018-01-03,2018-01-03 07:00:00,7,near,81,1
000003080,2018-01-03,2018-01-03 08:00:00,8,core,89,1
000003080,2018-01-03,2018-01-03 08:00:00,8,near,61,1
000003080,2018-01-03,2018-01-03 10:00:00,10,core,92,1
000003080,2018-01-03,2018-01-03 11:00:00,11,core,150,1
000003080,2018-01-03,2018-01-03 12:00:00,12,core,92,1
000003080,2018-01-03,2018-01-03 15:00:00,15,core,76,1
000003080,2018-01-03,2018-01-03 16:00:00,16,core,106,1
000003080,2018-01-03,2018-01-03 19:00:00,19,core,135,1
000003080,2018-01-03,2018-01-03 19:00:00,19,near,84,1
000003080,2018-01-03,2018-01-03 20:00:00,20,core,29,1
000003080,2018-01-03,2018-01-03 22:00:00,22,core,110,1
000003080,2018-01-03,2018-01-03 22:00:00,22,near,85,1
000003080,2018-01-03,2018-01-03 23:00:00,23,core,2,0
000003080,2018-01-03,2018-01-03 23:00:00,23,near,128,1
000003080,2018-01-04,2018-01-04 00:00:00,0,core,85,1
000003080,2018-01-04,2018-01-04 00:00:00,0,near,1,0
000003080,2018-01-04,2018-01-04 03:00:00,3,core,20,1
000003080,2018-01-04,2018-01-04 04:00:00,4,core,170,1
000003080,2018-01-04,2018-01-04 05:00:00,5,core,44,1
000003080,2018-01-04,2018-01-04 06:00:00,6,core,89,1
000003080,2018-01-04,2018-01-04 06:00:00,6,near,44,1
000003080,2018-01-04,2018-01-04 07:00:00,7,near,95,1
000003080,2018-01-04,2018-01-04 07:00:00,7,outer,268,1
000003080,2018-01-04,2018-01-04 09:00:00,9,near,18,1
000003080,2018-01-04,2018-01-04 09:00:00,9,outer,119,1
000003080,2018-01-04,2018-01-04 10:00:00,10,core,21,1
000003080,2018-01-04,2018-01-04 10:00:00,10,near,98,1
000003080,2018-01-04,2018-01-04 10:00:00,10,outer,67,1
000003080,2018-01-04,2018-01-04 11:00:00,11,core,50,1
000003080,2018-01-04,2018-01-04 11:00:00,11,near,100,1
000003080,2018-01-04,2018-01-04 15:00:00,15,core,102,1
000003080,2018-01-04,2018-01-04 16:00:00,16,core,76,1
000003080,2018-01-04,2018-01-04 23:00:00,23,core,78,1
000003080,2018-01-04,2018-01-04 23:00:00,23,near,32,1
000003080,2018-01-05,2018-01-05 00:00:00,0,core,94,1
000003080,2018-01-05,2018-01-05 00:00:00,0,near,125,1
000003080,2018-01-05,2018-01-05 06:00:00,6,core,197,1
000003080,2018-01-05,2018-01-05 07:00:00,7,core,23,1
000003080,2018-01-05,2018-01-05 07:00:00,7,near,82,1
000003080,2018-01-05,2018-01-05 08:00:00,8,core,69,1
000003080,2018-01-05,2018-01-05 08:00:00,8,near,108,1
000003080,2018-01-05,2018-01-05 10:00:00,10,core,74,1
000003080,2018-01-05,2018-01-05 10:00:00,10,near,142,1
000003080,2018-01-05,2018-01-05 11:00:00,11,core,17,1
000003080,2018-01-05,2018-01-05 11:00:00,11,near,215,1
000003080,2018-01-05,2018-01-05 12:00:00,12,core,79,1
000003080,2018-01-05,2018-01-05 15:00:00,15,core,228,1
000003080,2018-01-05,2018-01-05 18:00:00,18,core,203,1
000003080,2018-01-05,2018-01-05 19:00:00,19,core,146,1
000003080,2018-01-05,2018-01-05 19:00:00,19,near,75,1
000003080,2018-01-05,2018-01-05 20:00:00,20,core,39,1
000003080,2018-01-05,2018-01-05 20:00:00,20,near,31,1
000003080,2018-01-05,2018-01-05 22:00:00,22,core,214,1
000003080,2018-01-06,2018-01-06 06:00:00,6,core,61,1
000003080,2018-01-06,2018-01-06 07:00:00,7,core,36,1
000003080,2018-01-06,2018-01-06 07:00:00,7,near,159,1
000003080,2018-01-06,2018-01-06 07:00:00,7,outer,191,1
000003080,2018-01-06,2018-01-06 08:00:00,8,outer,61,1
000003080,2018-01-06,2018-01-06 09:00:00,9,outer,175,1
000003080,2018-01-06,2018-01-06 10:00:00,10,near,28,1
000003080,2018-01-06,2018-01-06 10:00:00,10,outer,99,1
000003080,2018-01-06,2018-01-06 12:00:00,12,near,51,1
000003080,2018-01-06,2018-01-06 12:00:00,12,outer,276,1
000003080,2018-01-06,2018-01-06 13:00:00,13,core,36,1
000003080,2018-01-06,2018-01-06 13:00:00,13,near,22,1
000003080,2018-01-06,2018-01-06 14:00:00,14,core,197,1
000003080,2018-01-06,2018-01-06 15:00:00,15,core,34,1
000003080,2018-01-06,2018-01-06 16:00:00,16,core,18,1
000003080,2018-01-06,2018-01-06 17:00:00,17,core,89,1
000003080,2018-01-06,2018-01-06 21:00:00,21,core,121,1
000003080,2018-01-06,2018-01-06 22:00:00,22,core,119,1
000003080,2018-01-06,2018-01-06 23:00:00,23,core,10,1
000003080,2018-01-07,2018-01-07 00:00:00,0,core,82,1
000003080,2018-01-07,2018-01-07 02:00:00,2,core,90,1
000003080,2018-01-07,2018-01-07 03:00:00,3,core,21,1
000003080,2018-01-07,2018-01-07 05:00:00,5,core,68,1
000003080,2018-01-07,2018-01-07 06:00:00,6,core,124,1
000003080,2018-01-07,2018-01-07 06:00:00,6,near,125,1
000003080,2018-01-07,2018-01-07 07:00:00,7,core,53,1
000003080,2018-01-07,2018-01-07 08:00:00,8,core,65,1
000003080,2018-01-07,2018-01-07 08:00:00,8,near,121,1
000003080,2018-01-07,2018-01-07 10:00:00,10,core,117,1
000003080,2018-01-07,2018-01-07 11:00:00,11,core,34,1
000003080,2018-01-07,2018-01-07 12:00:00,12,core,66,1
000003080,2018-01-07,2018-01-07 12:00:00,12,near,66,1
000003080,2018-01-07,2018-01-07 13:00:00,13,core,40,1
000003080,2018-01-07,2018-01-07 13:00:00,13,near,83,1
000003080,2018-01-07,2018-01-07 16:00:00,16,core,63,1
000003080,2018-01-07,2018-01-07 17:00:00,17,core,100,1
000003080,2018-01-07,2018-01-07 19:00:00,19,core,58,1
000003080,2018-01-07,2018-01-07 20:00:00,20,core,145,1
000003080,2018-01-08,2018-01-08 01:00:00,1,core,162,1
000003080,2018-01-08,2018-01-08 07:00:00,7,core,196,1
000003080,2018-01-08,2018-01-08 08:00:00,8,core,9,1
000003080,2018-01-08,2018-01-08 14:00:00,14,core,134,1
000003080,2018-01-08,2018-01-08 15:00:00,15,core,99,1
000003080,2018-01-08,2018-01-08 15:00:00,15,near,13,1
000003080,2018-01-08,2018-01-08 16:00:00,16,core,110,1
000003080,2018-01-08,2018-01-08 17:00:00,17,core,3,1
000003080,2018-01-08,2018-01-08 20:00:00,20,core,78,1
000003080,2018-01-08,2018-01-08 21:00:00,21,core,72,1
000003080,2018-01-08,2018-01-08 23:00:00,23,core,96,1
000003080,2018-01-08,2018-01-08 23:00:00,23,near,26,1
000003080,2018-01-09,2018-01-09 00:00:00,0,near,7,1
000003080,2018-01-09,2018-01-09 01:00:00,1,core,56,1
000003080,2018-01-09,2018-01-09 01:00:00,1,near,31,1
000003080,2018-01-09,2018-01-09 04:00:00,4,core,186,1
000003080,2018-01-09,2018-01-09 04:00:00,4,near,1,0
000003080,2018-01-09,2018-01-09 05:00:00,5,core,2,0
000003080,2018-01-09,2018-01-09 05:00:00,5,near,1,0
000003080,2018-01-09,2018-01-09 06:00:00,6,core,3,1
000003080,2018-01-09,2018-01-09 06:00:00,6,near,4,1
000003080,2018-01-09,2018-01-09 07:00:00,7,near,4,1
000003080,2018-01-09,2018-01-09 07:00:00,7,outer,5,1
000003080,2018-01-09,2018-01-09 08:00:00,8,near,5,1
000003080,2018-01-09,2018-01-09 08:00:00,8,outer,3,1
000003080,2018-01-09,2018-01-09 09:00:00,9,outer,116,1
000003080,2018-01-09,2018-01-09 10:00:00,10,outer,130,1
000003080,2018-01-09,2018-01-09 11:00:00,11,outer,109,1
000003080,2018-01-09,2018-01-09 12:00:00,12,core,5,1
000003080,2018-01-09,2018-01-09 15:00:00,15,core,57,1
000003080,2018-01-09,2018-01-09 15:00:00,15,near,117,1
000003080,2018-01-09,2018-01-09 15:00:00,15,outer,15,1
000003080,2018-01-09,2018-01-09 16:00:00,16,outer,279,1
000003080,2018-01-09,2018-01-09 17:00:00,17,outer,163,1
000003080,2018-01-09,2018-01-09 18:00:00,18,near,32,1
000003080,2018-01-09,2018-01-09 18:00:00,18,outer,247,1
000003080,2018-01-09,2018-01-09 19:00:00,19,near,129,1
000003080,2018-01-09,2018-01-09 20:00:00,20,core,32,1
000003080,2018-01-09,2018-01-09 20:00:00,20,near,49,1
000003080,2018-01-10,2018-01-10 03:00:00,3,core,170,1
000003080,2018-01-10,2018-01-10 03:00:00,3,near,1,0
000003080,2018-01-10,2018-01-10 04:00:00,4,core,3,1
000003080,2018-01-10,2018-01-10 04:00:00,4,near,1,0
000003080,2018-01-10,2018-01-10 07:00:00,7,core,1,0
000003080,2018-01-10,2018-01-10 07:00:00,7,near,1,0
000003080,2018-01-10,2018-01-10 08:00:00,8,near,7,1
000003080,2018-01-10,2018-01-10 10:00:00,10,core,35,1
000003080,2018-01-10,2018-01-10 10:00:00,10,near,86,1
000003080,2018-01-10,2018-01-10 12:00:00,12,core,103,1
000003080,2018-01-10,2018-01-10 13:00:00,13,core,29,1
000003080,2018-01-10,2018-01-10 19:00:00,19,core,67,1
000003080,2018-01-10,2018-01-10 19:00:00,19,near,113,1
000003080,2018-01-10,2018-01-10 20:00:00,20,core,16,1
000003080,2018-01-10,2018-01-10 20:00:00,20,near,15,1
000003080,2018-01-10,2018-01-10 22:00:00,22,core,85,1
000003080,2018-01-10,2018-01-10 23:00:00,23,core,38,1
000003080,2018-01-11,2018-01-11 05:00:00,5,core,91,1
000003080,2018-01-11,2018-01-11 05:00:00,5,near,88,1
000003080,2018-01-11,2018-01-11 06:00:00,6,near,58,1
000003080,2018-01-11,2018-01-11 06:00:00,6,outer,369,1
000003080,2018-01-11,2018-01-11 07:00:00,7,outer,219,1
000003080,2018-01-11,2018-01-11 09:00:00,9,outer,14,1
000003080,2018-01-11,2018-01-11 10:00:00,10,near,1,0
000003080,2018-01-11,2018-01-11 10:00:00,10,outer,12,1
000003080,2018-01-11,2018-01-11 12:00:00,12,near,3,1
000003080,2018-01-11,2018-01-11 13:00:00,13,core,1,0
000003080,2018-01-11,2018-01-11 13:00:00,13,near,7,1
000003080,2018-01-11,2018-01-11 13:00:00,13,outer,8,1
000003080,2018-01-11,2018-01-11 14:00:00,14,core,2,0
000003080,2018-01-11,2018-01-11 15:00:00,15,core,48,1
000003080,2018-01-11,2018-01-11 15:00:00,15,near,32,1
000003080,2018-01-11,2018-01-11 16:00:00,16,near,122,1
000003080,2018-01-11,2018-01-11 17:00:00,17,core,44,1
000003080,2018-01-11,2018-01-11 17:00:00,17,near,75,1
000003080,2018-01-11,2018-01-11 19:00:00,19,core,124,1
000003080,2018-01-11,2018-01-11 20:00:00,20,core,47,1
000003080,2018-01-11,2018-01-11 22:00:00,22,core,10,1
000003080,2018-01-11,2018-01-11 23:00:00,23,core,239,1
000003080,2018-01-12,2018-01-12 00:00:00,0,core,37,1
000003080,2018-01-12,2018-01-12 02:00:00,2,core,19,1
000003080,2018-01-12,2018-01-12 03:00:00,3,core,155,1
000003080,2018-01-12,2018-01-12 04:00:00,4,core,43,1
000003080,2018-01-12,2018-01-12 05:00:00,5,core,1,0
000003080,2018-01-12,2018-01-12 06:00:00,6,core,95,1
000003080,2018-01-12,2018-01-12 10:00:00,10,core,7,1
000003080,2018-01-12,2018-01-12 11:00:00,11,core,1,0
000003080,2018-01-12,2018-01-12 12:00:00,12,core,4,1
000003080,2018-01-12,2018-01-12 14:00:00,14,core,1,0
000003080,2018-01-12,2018-01-12 15:00:00,15,core,7,1
000003080,2018-01-12,2018-01-12 16:00:00,16,core,1,0
000003080,2018-01-12,2018-01-12 17:00:00,17,core,5,1
000003080,2018-01-12,2018-01-12 22:00:00,22,core,1,0
000003080,2018-01-12,2018-01-12 23:00:00,23,core,8,1
000003080,2018-01-12,2018-01-12 23:00:00,23,near,3,1
000003080,2018-01-13,2018-01-13 00:00:00,0,near,1,0
000003080,2018-01-13,2018-01-13 01:00:00,1,core,1,0
000003080,2018-01-13,2018-01-13 07:00:00,7,near,3,1
000003080,2018-01-13,2018-01-13 08:00:00,8,core,1,0
000003080,2018-01-13,2018-01-13 08:00:00,8,near,4,1
000003080,2018-01-13,2018-01-13 11:00:00,11,core,8,1
000003080,2018-01-13,2018-01-13 12:00:00,12,core,5,1
000003080,2018-01-13,2018-01-13 15:00:00,15,core,8,1
000003080,2018-01-13,2018-01-13 16:00:00,16,core,1,0
000003080,2018-01-13,2018-01-13 17:00:00,17,core,4,1
000003080,2018-01-13,2018-01-13 18:00:00,18,core,5,1
000003080,2018-01-13,2018-01-13 18:00:00,18,near,4,1
000003080,2018-01-13,2018-01-13 19:00:00,19,core,2,0
000003080,2018-01-13,2018-01-13 22:00:00,22,core,1,0
000003080,2018-01-13,2018-01-13 23:00:00,23,core,2,0
000003080,2018-01-14,2018-01-14 04:00:00,4,core,3,1
000003080,2018-01-14,2018-01-14 05:00:00,5,core,2,0
000003080,2018-01-14,2018-01-14 06:00:00,6,core,2,0
000003080,2018-01-14,2018-01-14 08:00:00,8,outer,10,1
000003080,2018-01-14,2018-01-14 09:00:00,9,near,5,1
000003080,2018-01-14,2018-01-14 09:00:00,9,outer,8,1
000003080,2018-01-14,2018-01-14 10:00:00,10,near,1,0
000003080,2018-01-14,2018-01-14 10:00:00,10,outer,8,1
000003080,2018-01-14,2018-01-14 11:00:00,11,core,4,1
000003080,2018-01-14,2018-01-14 11:00:00,11,near,3,1
000003080,2018-01-14,2018-01-14 11:00:00,11,outer,1,0
000003080,2018-01-14,2018-01-14 12:00:00,12,core,3,1
000003080,2018-01-14,2018-01-14 13:00:00,13,core,2,0
000003080,2018-01-15,2018-01-15 11:00:00,11,core,5,1
000003080,2018-01-15,2018-01-15 11:00:00,11,near,1,0
000003080,2018-01-15,2018-01-15 12:00:00,12,core,4,1
000003080,2018-01-15,2018-01-15 13:00:00,13,core,1,0
000003080,2018-01-15,2018-01-15 14:00:00,14,core,4,1
000003080,2018-01-15,2018-01-15 15:00:00,15,core,3,1
000003080,2018-01-15,2018-01-15 15:00:00,15,near,4,1
000003080,2018-01-15,2018-01-15 19:00:00,19,core,3,1
000003080,2018-01-15,2018-01-15 19:00:00,19,near,1,0
000003080,2018-01-15,2018-01-15 20:00:00,20,near,1,0
000003080,2018-01-15,2018-01-15 23:00:00,23,core,4,1
000003080,2018-01-16,2018-01-16 00:00:00,0,core,2,0
000003080,2018-01-16,2018-01-16 02:00:00,2,core,3,1
000003080,2018-01-16,2018-01-16 03:00:00,3,core,1,0
000003080,2018-01-16,2018-01-16 03:00:00,3,near,2,0
000003080,2018-01-16,2018-01-16 04:00:00,4,core,1,0
000003080,2018-01-16,2018-01-16 06:00:00,6,core,4,1
000003080,2018-01-16,2018-01-16 06:00:00,6,near,3,1
000003080,2018-01-16,2018-01-16 07:00:00,7,near,3,1
000003080,2018-01-16,2018-01-16 07:00:00,7,outer,9,1
000003080,2018-01-16,2018-01-16 08:00:00,8,near,1,0
000003080,2018-01-16,2018-01-16 08:00:00,8,outer,4,1
000003080,2018-01-16,2018-01-16 09:00:00,9,outer,11,1
000003080,2018-01-16,2018-01-16 10:00:00,10,outer,15,1
000003080,2018-01-16,2018-01-16 11:00:00,11,core,1,0
000003080,2018-01-16,2018-01-16 11:00:00,11,near,2,0
000003080,2018-01-16,2018-01-16 11:00:00,11,outer,3,1
000003080,2018-01-16,2018-01-16 15:00:00,15,core,10,1
000003080,2018-01-16,2018-01-16 15:00:00,15,near,2,0
000003080,2018-01-16,2018-01-16 16:00:00,16,core,3,1
000003080,2018-01-16,2018-01-16 23:00:00,23,core,3,1
000003080,2018-01-17,2018-01-17 00:00:00,0,core,2,0
000003080,2018-01-17,2018-01-17 03:00:00,3,core,5,1
000003080,2018-01-17,2018-01-17 03:00:00,3,near,1,0
000003080,2018-01-17,2018-01-17 09:00:00,9,core,2,0
000003080,2018-01-17,2018-01-17 10:00:00,10,near,2,0
000003080,2018-01-17,2018-01-17 11:00:00,11,near,5,1
000003080,2018-01-17,2018-01-17 15:00:00,15,core,1,0
000003080,2018-01-17,2018-01-17 18:00:00,18,core,6,1
000003080,2018-01-17,2018-01-17 19:00:00,19,near,1,0
000003080,2018-01-18,2018-01-18 03:00:00,3,core,7,1
000003080,2018-01-18,2018-01-18 04:00:00,4,core,4,1
000003080,2018-01-18,2018-01-18 05:00:00,5,core,4,1
000003080,2018-01-18,2018-01-18 05:00:00,5,near,4,1
000003080,2018-01-18,2018-01-18 06:00:00,6,outer,13,1
000003080,2018-01-18,2018-01-18 07:00:00,7,outer,1,0
000003080,2018-01-18,2018-01-18 11:00:00,11,near,1,0
000003080,2018-01-18,2018-01-18 11:00:00,11,outer,4,1
000003080,2018-01-18,2018-01-18 12:00:00,12,outer,11,1
000003080,2018-01-18,2018-01-18 14:00:00,14,outer,2,0
000003080,2018-01-18,2018-01-18 18:00:00,18,core,38,1
000003080,2018-01-18,2018-01-18 19:00:00,19,core,29,1
000003080,2018-01-18,2018-01-18 23:00:00,23,core,1,0
000003080,2018-01-19,2018-01-19 00:00:00,0,core,2,0
000003080,2018-01-19,2018-01-19 07:00:00,7,near,3,1
000003080,2018-01-19,2018-01-19 11:00:00,11,core,216,1
000003080,2018-01-19,2018-01-19 12:00:00,12,core,10,1
000003080,2018-01-19,2018-01-19 13:00:00,13,core,51,1
000003080,2018-01-19,2018-01-19 15:00:00,15,core,77,1
000003080,2018-01-19,2018-01-19 18:00:00,18,core,48,1
000003080,2018-01-19,2018-01-19 19:00:00,19,core,159,1
000003080,2018-01-19,2018-01-19 23:00:00,23,core,97,1
000003080,2018-01-20,2018-01-20 02:00:00,2,core,114,1
000003080,2018-01-20,2018-01-20 03:00:00,3,core,83,1
000003080,2018-01-20,2018-01-20 04:00:00,4,core,64,1
000003080,2018-01-20,2018-01-20 06:00:00,6,core,77,1
000003080,2018-01-20,2018-01-20 06:00:00,6,near,135,1
000003080,2018-01-20,2018-01-20 06:00:00,6,outer,45,1
000003080,2018-01-20,2018-01-20 07:00:00,7,near,39,1
000003080,2018-01-20,2018-01-20 07:00:00,7,outer,243,1
000003080,2018-01-20,2018-01-20 08:00:00,8,near,88,1
000003080,2018-01-20,2018-01-20 08:00:00,8,outer,59,1
000003080,2018-01-20,2018-01-20 09:00:00,9,outer,361,1
000003080,2018-01-20,2018-01-20 10:00:00,10,outer,262,1
000003080,2018-01-20,2018-01-20 11:00:00,11,core,47,1
000003080,2018-01-20,2018-01-20 11:00:00,11,near,68,1
000003080,2018-01-20,2018-01-20 11:00:00,11,outer,132,1
000003080,2018-01-20,2018-01-20 12:00:00,12,core,25,1
000003080,2018-01-20,2018-01-20 15:00:00,15,core,131,1
000003080,2018-01-20,2018-01-20 16:00:00,16,core,24,1
000003080,2018-01-20,2018-01-20 18:00:00,18,core,137,1
000003080,2018-01-20,2018-01-20 19:00:00,19,core,93,1
000003080,2018-01-20,2018-01-20 22:00:00,22,core,75,1
000003080,2018-01-20,2018-01-20 22:00:00,22,near,129,1
000003080,2018-01-20,2018-01-20 23:00:00,23,near,64,1
000003080,2018-01-21,2018-01-21 00:00:00,0,core,78,1
000003080,2018-01-21,2018-01-21 00:00:00,0,near,30,1
000003080,2018-01-21,2018-01-21 02:00:00,2,core,50,1
000003080,2018-01-21,2018-01-21 03:00:00,3,core,129,1
000003080,2018-01-21,2018-01-21 04:00:00,4,core,120,1
000003080,2018-01-21,2018-01-21 05:00:00,5,core,116,1
000003080,2018-01-21,2018-01-21 11:00:00,11,core,19,1
000003080,2018-01-21,2018-01-21 12:00:00,12,core,62,1
000003080,2018-01-21,2018-01-21 12:00:00,12,near,88,1
000003080,2018-01-21,2018-01-21 12:00:00,12,outer,92,1
000003080,2018-01-21,2018-01-21 13:00:00,13,outer,300,1
000003080,2018-01-21,2018-01-21 15:00:00,15,outer,239,1
000003080,2018-01-21,2018-01-21 16:00:00,16,near,110,1
000003080,2018-01-21,2018-01-21 16:00:00,16,outer,108,1
000003080,2018-01-21,2018-01-21 18:00:00,18,near,37,1
000003080,2018-01-21,2018-01-21 18:00:00,18,outer,245,1
000003080,2018-01-21,2018-01-21 19:00:00,19,near,148,1
000003080,2018-01-21,2018-01-21 19:00:00,19,outer,118,1
000003080,2018-01-21,2018-01-21 20:00:00,20,near,1,0
000003080,2018-01-21,2018-01-21 21:00:00,21,core,65,1
000003080,2018-01-21,2018-01-21 21:00:00,21,near,24,1
000003080,2018-01-21,2018-01-21 23:00:00,23,core,198,1
000003080,2018-01-21,2018-01-21 23:00:00,23,near,2,0
000003080,2018-01-22,2018-01-22 00:00:00,0,core,35,1
000003080,2018-01-22,2018-01-22 07:00:00,7,core,154,1
000003080,2018-01-22,2018-01-22 07:00:00,7,near,23,1
000003080,2018-01-22,2018-01-22 07:00:00,7,outer,1,0
000003080,2018-01-22,2018-01-22 09:00:00,9,core,63,1
000003080,2018-01-22,2018-01-22 09:00:00,9,near,19,1
000003080,2018-01-22,2018-01-22 11:00:00,11,core,160,1
000003080,2018-01-22,2018-01-22 12:00:00,12,core,70,1
000003080,2018-01-22,2018-01-22 12:00:00,12,near,15,1
000003080,2018-01-22,2018-01-22 16:00:00,16,core,90,1
000003080,2018-01-22,2018-01-22 16:00:00,16,near,56,1
000003080,2018-01-22,2018-01-22 17:00:00,17,near,208,1
000003080,2018-01-22,2018-01-22 18:00:00,18,core,82,1
000003080,2018-01-22,2018-01-22 18:00:00,18,near,69,1
000003080,2018-01-22,2018-01-22 19:00:00,19,core,105,1
000003080,2018-01-22,2018-01-22 20:00:00,20,core,33,1
000003080,2018-01-22,2018-01-22 22:00:00,22,core,74,1
000003080,2018-01-22,2018-01-22 23:00:00,23,core,31,1
000003080,2018-01-23,2018-01-23 06:00:00,6,core,64,1
000003080,2018-01-23,2018-01-23 06:00:00,6,near,80,1
000003080,2018-01-23,2018-01-23 07:00:00,7,near,54,1
000003080,2018-01-23,2018-01-23 07:00:00,7,outer,114,1
000003080,2018-01-23,2018-01-23 11:00:00,11,near,47,1
000003080,2018-01-23,2018-01-23 11:00:00,11,outer,152,1
000003080,2018-01-23,2018-01-23 12:00:00,12,outer,104,1
000003080,2018-01-23,2018-01-23 13:00:00,13,outer,134,1
000003080,2018-01-23,2018-01-23 14:00:00,14,near,16,1
000003080,2018-01-23,2018-01-23 14:00:00,14,outer,176,1
000003080,2018-01-23,2018-01-23 15:00:00,15,core,44,1
000003080,2018-01-23,2018-01-23 15:00:00,15,near,65,1
000003080,2018-01-23,2018-01-23 18:00:00,18,core,1,0
000003080,2018-01-23,2018-01-23 19:00:00,19,core,263,1
000003080,2018-01-23,2018-01-23 20:00:00,20,core,17,1
000003080,2018-01-23,2018-01-23 20:00:00,20,near,31,1
000003080,2018-01-23,2018-01-23 21:00:00,21,core,46,1
000003080,2018-01-24,2018-01-24 03:00:00,3,core,131,1
000003080,2018-01-24,2018-01-24 04:00:00,4,core,112,1
000003080,2018-01-24,2018-01-24 05:00:00,5,core,1,0
000003080,2018-01-24,2018-01-24 06:00:00,6,core,1,0
000003080,2018-01-24,2018-01-24 07:00:00,7,core,2,0
000003080,2018-01-24,2018-01-24 08:00:00,8,core,31,1
000003080,2018-01-24,2018-01-24 09:00:00,9,core,69,1
000003080,2018-01-24,2018-01-24 10:00:00,10,core,24,1
000003080,2018-01-24,2018-01-24 11:00:00,11,core,39,1
000003080,2018-01-24,2018-01-24 12:00:00,12,core,45,1
000003080,2018-01-24,2018-01-24 14:00:00,14,core,22,1
000003080,2018-01-24,2018-01-24 15:00:00,15,core,130,1
000003080,2018-01-24,2018-01-24 16:00:00,16,core,60,1
000003080,2018-01-24,2018-01-24 17:00:00,17,core,67,1
000003080,2018-01-24,2018-01-24 17:00:00,17,near,10,1
000003080,2018-01-24,2018-01-24 21:00:00,21,core,112,1
000003080,2018-01-24,2018-01-24 21:00:00,21,near,23,1
000003080,2018-01-24,2018-01-24 22:00:00,22,core,92,1
000003080,2018-01-24,2018-01-24 22:00:00,22,near,113,1
000003080,2018-01-24,2018-01-24 23:00:00,23,near,82,1
000003082,2018-01-05,2018-01-05 15:00:00,15,core,30,1
000003082,2018-01-05,2018-01-05 15:00:00,15,near,90,1
000003082,2018-01-05,2018-01-05 16:00:00,16,near,93,1
000003082,2018-01-05,2018-01-05 16:00:00,16,outer,33,1
000003082,2018-01-05,2018-01-05 17:00:00,17,outer,1,0
000003082,2018-01-12,2018-01-12 08:00:00,8,outer,4,1
000003082,2018-01-12,2018-01-12 09:00:00,9,outer,5,1
000003082,2018-01-12,2018-01-12 10:00:00,10,outer,1,0
000003082,2018-01-13,2018-01-13 08:00:00,8,outer,4,1
000003082,2018-01-13,2018-01-13 09:00:00,9,outer,1,0
000003082,2018-01-13,2018-01-13 10:00:00,10,outer,3,1
000003082,2018-01-14,2018-01-14 09:00:00,9,outer,2,0
000003082,2018-01-14,2018-01-14 11:00:00,11,outer,3,1
000003082,2018-01-16,2018-01-16 14:00:00,14,outer,4,1
000003082,2018-01-16,2018-01-16 15:00:00,15,outer,1,0
000003082,2018-01-16,2018-01-16 16:00:00,16,outer,2,0
000003082,2018-01-18,2018-01-18 05:00:00,5,outer,3,1
000003082,2018-01-18,2018-01-18 07:00:00,7,outer,6,1
000003082,2018-01-18,2018-01-18 08:00:00,8,outer,7,1
000003082,2018-01-18,2018-01-18 09:00:00,9,outer,4,1
000003082,2018-01-18,2018-01-18 10:00:00,10,outer,7,1
000003082,2018-01-18,2018-01-18 16:00:00,16,outer,2,0
000003082,2018-01-20,2018-01-20 12:00:00,12,outer,38,1
000003082,2018-01-20,2018-01-20 13:00:00,13,outer,71,1
000003082,2018-01-20,2018-01-20 14:00:00,14,outer,105,1
000003082,2018-01-20,2018-01-20 15:00:00,15,outer,145,1
000003082,2018-01-20,2018-01-20 16:00:00,16,outer,24,1
000003082,2018-01-20,2018-01-20 17:00:00,17,outer,37,1
000003082,2018-01-24,2018-01-24 08:00:00,8,outer,40,1
000003084,2018-01-06,2018-01-06 13:00:00,13,outer,74,1
000003084,2018-01-06,2018-01-06 14:00:00,14,outer,7,1
000003084,2018-01-06,2018-01-06 17:00:00,17,core,29,1
000003084,2018-01-06,2018-01-06 17:00:00,17,outer,15,1
000003084,2018-01-06,2018-01-06 18:00:00,18,core,27,1
000003084,2018-01-06,2018-01-06 18:00:00,18,near,81,1
000003084,2018-01-24,2018-01-24 05:00:00,5,near,1,0
000003084,2018-01-24,2018-01-24 06:00:00,6,near,3,1
000003091,2018-01-01,2018-01-01 06:00:00,6,core,12,1
000003091,2018-01-01,2018-01-01 07:00:00,7,core,42,1
000003091,2018-01-01,2018-01-01 11:00:00,11,core,22,1
000003091,2018-01-01,2018-01-01 12:00:00,12,core,62,1
000003091,2018-01-01,2018-01-01 15:00:00,15,core,71,1
000003091,2018-01-01,2018-01-01 15:00:00,15,near,140,1
000003091,2018-01-01,2018-01-01 15:00:00,15,outer,98,1
000003091,2018-01-01,2018-01-01 16:00:00,16,outer,303,1
000003091,2018-01-01,2018-01-01 18:00:00,18,outer,325,1
000003091,2018-01-01,2018-01-01 19:00:00,19,near,173,1
000003091,2018-01-01,2018-01-01 19:00:00,19,outer,114,1
000003091,2018-01-01,2018-01-01 20:00:00,20,near,31,1
000003091,2018-01-01,2018-01-01 21:00:00,21,core,60,1
000003091,2018-01-01,2018-01-01 21:00:00,21,near,8,1
000003091,2018-01-01,2018-01-01 23:00:00,23,core,32,1
000003091,2018-01-02,2018-01-02 00:00:00,0,core,80,1
000003091,2018-01-02,2018-01-02 03:00:00,3,core,75,1
000003091,2018-01-02,2018-01-02 06:00:00,6,core,50,1
000003091,2018-01-02,2018-01-02 06:00:00,6,near,96,1
000003091,2018-01-02,2018-01-02 06:00:00,6,outer,84,1
000003091,2018-01-02,2018-01-02 07:00:00,7,outer,283,1
000003091,2018-01-02,2018-01-02 09:00:00,9,outer,217,1
000003091,2018-01-02,2018-01-02 10:00:00,10,near,37,1
000003091,2018-01-02,2018-01-02 10:00:00,10,outer,225,1
000003091,2018-01-02,2018-01-02 12:00:00,12,near,78,1
000003091,2018-01-02,2018-01-02 13:00:00,13,core,43,1
000003091,2018-01-02,2018-01-02 13:00:00,13,near,126,1
000003091,2018-01-02,2018-01-02 14:00:00,14,core,60,1
000003091,2018-01-02,2018-01-02 14:00:00,14,near,132,1
000003091,2018-01-02,2018-01-02 15:00:00,15,core,29,1
000003091,2018-01-02,2018-01-02 15:00:00,15,near,126,1
000003091,2018-01-02,2018-01-02 16:00:00,16,outer,149,1
000003091,2018-01-02,2018-01-02 17:00:00,17,core,21,1
000003091,2018-01-02,2018-01-02 19:00:00,19,core,220,1
000003091,2018-01-02,2018-01-02 20:00:00,20,core,66,1
000003091,2018-01-03,2018-01-03 06:00:00,6,core,94,1
000003091,2018-01-03,2018-01-03 07:00:00,7,core,56,1
000003091,2018-01-03,2018-01-03 07:00:00,7,near,14,1
000003091,2018-01-03,2018-01-03 08:00:00,8,core,26,1
000003091,2018-01-03,2018-01-03 10:00:00,10,core,140,1
000003091,2018-01-03,2018-01-03 10:00:00,10,near,58,1
000003091,2018-01-03,2018-01-03 11:00:00,11,core,150,1
000003091,2018-01-03,2018-01-03 12:00:00,12,core,140,1
000003091,2018-01-03,2018-01-03 13:00:00,13,core,2,0
000003091,2018-01-03,2018-01-03 13:00:00,13,near,9,1
000003091,2018-01-03,2018-01-03 14:00:00,14,near,14,1
000003091,2018-01-03,2018-01-03 17:00:00,17,core,34,1
000003091,2018-01-03,2018-01-03 17:00:00,17,near,9,1
000003091,2018-01-03,2018-01-03 18:00:00,18,core,48,1
000003091,2018-01-03,2018-01-03 19:00:00,19,core,50,1
000003091,2018-01-03,2018-01-03 22:00:00,22,core,62,1
000003091,2018-01-03,2018-01-03 22:00:00,22,near,35,1
000003091,2018-01-03,2018-01-03 23:00:00,23,core,18,1
000003091,2018-01-03,2018-01-03 23:00:00,23,near,97,1
000003091,2018-01-04,2018-01-04 00:00:00,0,core,49,1
000003091,2018-01-04,2018-01-04 04:00:00,4,core,97,1
000003091,2018-01-04,2018-01-04 05:00:00,5,core,29,1
000003091,2018-01-04,2018-01-04 06:00:00,6,core,48,1
000003091,2018-01-04,2018-01-04 07:00:00,7,core,13,1
000003091,2018-01-04,2018-01-04 07:00:00,7,outer,25,1
000003091,2018-01-04,2018-01-04 08:00:00,8,near,14,1
000003091,2018-01-04,2018-01-04 09:00:00,9,near,30,1
000003091,2018-01-04,2018-01-04 09:00:00,9,outer,26,1
000003091,2018-01-04,2018-01-04 10:00:00,10,outer,180,1
000003091,2018-01-04,2018-01-04 14:00:00,14,core,66,1
000003091,2018-01-04,2018-01-04 14:00:00,14,near,37,1
000003091,2018-01-04,2018-01-04 21:00:00,21,core,123,1
000003091,2018-01-04,2018-01-04 21:00:00,21,near,13,1
000003091,2018-01-04,2018-01-04 22:00:00,22,core,57,1
000003091,2018-01-04,2018-01-04 22:00:00,22,near,7,1
000003091,2018-01-05,2018-01-05 01:00:00,1,core,140,1
000003091,2018-01-05,2018-01-05 02:00:00,2,core,29,1
000003091,2018-01-05,2018-01-05 06:00:00,6,core,135,1
000003091,2018-01-05,2018-01-05 07:00:00,7,core,89,1
000003091,2018-01-05,2018-01-05 10:00:00,10,core,216,1
000003091,2018-01-05,2018-01-05 11:00:00,11,core,18,1
000003091,2018-01-05,2018-01-05 11:00:00,11,near,149,1
000003091,2018-01-05,2018-01-05 11:00:00,11,outer,50,1
000003091,2018-01-05,2018-01-05 12:00:00,12,near,28,1
000003091,2018-01-05,2018-01-05 12:00:00,12,outer,214,1
000003091,2018-01-05,2018-01-05 13:00:00,13,core,63,1
000003091,2018-01-05,2018-01-05 13:00:00,13,near,90,1
000003091,2018-01-05,2018-01-05 18:00:00,18,core,78,1
000003091,2018-01-05,2018-01-05 19:00:00,19,core,85,1
000003091,2018-01-05,2018-01-05 19:00:00,19,near,91,1
000003091,2018-01-06,2018-01-06 01:00:00,1,core,64,1
000003091,2018-01-06,2018-01-06 02:00:00,2,core,101,1
000003091,2018-01-06,2018-01-06 03:00:00,3,core,44,1
000003091,2018-01-06,2018-01-06 06:00:00,6,core,55,1
000003091,2018-01-06,2018-01-06 06:00:00,6,near,100,1
000003091,2018-01-06,2018-01-06 06:00:00,6,outer,101,1
000003091,2018-01-06,2018-01-06 07:00:00,7,outer,376,1
000003091,2018-01-06,2018-01-06 08:00:00,8,outer,11,1
000003091,2018-01-06,2018-01-06 09:00:00,9,outer,345,1
000003091,2018-01-06,2018-01-06 10:00:00,10,near,47,1
000003091,2018-01-06,2018-01-06 10:00:00,10,outer,114,1
000003091,2018-01-06,2018-01-06 11:00:00,11,near,4,1
000003091,2018-01-06,2018-01-06 12:00:00,12,near,46,1
000003091,2018-01-06,2018-01-06 12:00:00,12,outer,203,1
000003091,2018-01-06,2018-01-06 13:00:00,13,core,68,1
000003091,2018-01-06,2018-01-06 13:00:00,13,near,78,1
000003091,2018-01-06,2018-01-06 15:00:00,15,core,95,1
000003091,2018-01-06,2018-01-06 18:00:00,18,core,69,1
000003091,2018-01-06,2018-01-06 18:00:00,18,near,5,1
000003091,2018-01-06,2018-01-06 19:00:00,19,core,66,1
000003091,2018-01-06,2018-01-06 23:00:00,23,core,97,1
000003091,2018-01-06,2018-01-06 23:00:00,23,near,1,0
000003091,2018-01-07,2018-01-07 00:00:00,0,core,35,1
000003091,2018-01-07,2018-01-07 03:00:00,3,core,20,1
000003091,2018-01-07,2018-01-07 03:00:00,3,near,11,1
000003091,2018-01-07,2018-01-07 04:00:00,4,core,42,1
000003091,2018-01-07,2018-01-07 04:00:00,4,near,13,1
000003091,2018-01-07,2018-01-07 07:00:00,7,core,21,1
000003091,2018-01-07,2018-01-07 08:00:00,8,core,19,1
000003091,2018-01-07,2018-01-07 13:00:00,13,core,39,1
000003091,2018-01-07,2018-01-07 13:00:00,13,near,72,1
000003091,2018-01-07,2018-01-07 13:00:00,13,outer,75,1
000003091,2018-01-07,2018-01-07 14:00:00,14,outer,212,1
000003091,2018-01-07,2018-01-07 16:00:00,16,outer,163,1
000003091,2018-01-07,2018-01-07 17:00:00,17,near,62,1
000003091,2018-01-07,2018-01-07 17:00:00,17,outer,88,1
000003091,2018-01-07,2018-01-07 19:00:00,19,core,27,1
000003091,2018-01-07,2018-01-07 19:00:00,19,near,61,1
000003091,2018-01-07,2018-01-07 22:00:00,22,core,9,1
000003091,2018-01-07,2018-01-07 23:00:00,23,core,33,1
000003091,2018-01-08,2018-01-08 06:00:00,6,core,52,1
000003091,2018-01-08,2018-01-08 09:00:00,9,outer,94,1
000003091,2018-01-08,2018-01-08 10:00:00,10,near,48,1
000003091,2018-01-08,2018-01-08 10:00:00,10,outer,102,1
000003091,2018-01-08,2018-01-08 11:00:00,11,core,60,1
000003091,2018-01-08,2018-01-08 11:00:00,11,near,59,1
000003091,2018-01-08,2018-01-08 12:00:00,12,core,11,1
000003091,2018-01-08,2018-01-08 20:00:00,20,core,27,1
000003091,2018-01-08,2018-01-08 20:00:00,20,near,59,1
000003091,2018-01-08,2018-01-08 20:00:00,20,outer,48,1
000003091,2018-01-08,2018-01-08 21:00:00,21,outer,299,1
000003091,2018-01-08,2018-01-08 22:00:00,22,outer,199,1
000003091,2018-01-08,2018-01-08 23:00:00,23,core,12,1
000003091,2018-01-09,2018-01-09 03:00:00,3,core,104,1
000003091,2018-01-09,2018-01-09 04:00:00,4,core,48,1
000003091,2018-01-09,2018-01-09 04:00:00,4,near,1,0
000003091,2018-01-09,2018-01-09 05:00:00,5,near,2,0
000003091,2018-01-09,2018-01-09 08:00:00,8,core,1,0
000003091,2018-01-09,2018-01-09 09:00:00,9,near,1,0
000003091,2018-01-09,2018-01-09 09:00:00,9,outer,99,1
000003091,2018-01-09,2018-01-09 10:00:00,10,core,17,1
000003091,2018-01-09,2018-01-09 10:00:00,10,near,84,1
000003091,2018-01-11,2018-01-11 10:00:00,10,near,3,1
000003091,2018-01-11,2018-01-11 11:00:00,11,near,1,0
000003091,2018-01-15,2018-01-15 13:00:00,13,near,2,0
000003091,2018-01-17,2018-01-17 08:00:00,8,near,4,1
000003133,2018-01-03,2018-01-03 15:00:00,15,near,100,1
000003133,2018-01-10,2018-01-10 23:00:00,23,near,3,1
000003133,2018-01-11,2018-01-11 00:00:00,0,near,3,1
000003133,2018-01-11,2018-01-11 06:00:00,6,near,2,0
000003133,2018-01-11,2018-01-11 22:00:00,22,near,1,0
000003133,2018-01-12,2018-01-12 06:00:00,6,near,12,1
000003133,2018-01-17,2018-01-17 11:00:00,11,near,1,0
000003133,2018-01-17,2018-01-17 12:00:00,12,near,2,0
000003133,2018-01-17,2018-01-17 17:00:00,17,outer,3,1
000003133,2018-01-17,2018-01-17 18:00:00,18,core,1,0
000003133,2018-01-17,2018-01-17 18:00:00,18,near,1,0
000003133,2018-01-17,2018-01-17 18:00:00,18,outer,1,0
000003133,2018-01-23,2018-01-23 00:00:00,0,near,1,0
000003133,2018-01-23,2018-01-23 11:00:00,11,near,2,0
000003133,2018-01-23,2018-01-23 12:00:00,12,near,2,0
000003133,2018-01-24,2018-01-24 04:00:00,4,near,1,0
000003133,2018-01-24,2018-01-24 07:00:00,7,near,1,0
000003135,2018-01-08,2018-01-08 03:00:00,3,outer,1,0
000003135,2018-01-11,2018-01-11 11:00:00,11,near,5,1
000003135,2018-01-11,2018-01-11 12:00:00,12,core,4,1
000003135,2018-01-11,2018-01-11 15:00:00,15,outer,104,1
000003135,2018-01-11,2018-01-11 16:00:00,16,outer,27,1
000003135,2018-01-11,2018-01-11 17:00:00,17,near,79,1
000003135,2018-01-11,2018-01-11 17:00:00,17,outer,213,1
000003135,2018-01-11,2018-01-11 18:00:00,18,core,57,1
000003135,2018-01-11,2018-01-11 18:00:00,18,near,129,1
000003135,2018-01-24,2018-01-24 07:00:00,7,core,9,1
000003135,2018-01-24,2018-01-24 07:00:00,7,near,108,1
000003136,2018-01-14,2018-01-14 04:00:00,4,outer,2,0
000003136,2018-01-15,2018-01-15 00:00:00,0,outer,1,0
000003136,2018-01-15,2018-01-15 01:00:00,1,near,1,0
000003136,2018-01-19,2018-01-19 10:00:00,10,near,40,1
000003136,2018-01-21,2018-01-21 11:00:00,11,near,37,1
000003136,2018-01-23,2018-01-23 00:00:00,0,near,2,0
000003136,2018-01-23,2018-01-23 19:00:00,19,core,39,1
000003136,2018-01-23,2018-01-23 19:00:00,19,near,51,1
000003136,2018-01-23,2018-01-23 20:00:00,20,core,4,1
000003136,2018-01-23,2018-01-23 20:00:00,20,near,1,0
000003136,2018-01-23,2018-01-23 20:00:00,20,outer,55,1
000003136,2018-01-23,2018-01-23 21:00:00,21,outer,200,1
000003138,2018-01-01,2018-01-01 23:00:00,23,core,48,1
000003138,2018-01-01,2018-01-01 23:00:00,23,near,124,1
000003138,2018-01-02,2018-01-02 00:00:00,0,core,81,1
000003138,2018-01-02,2018-01-02 00:00:00,0,near,15,1
000003138,2018-01-02,2018-01-02 00:00:00,0,outer,137,1
000003138,2018-01-02,2018-01-02 01:00:00,1,outer,106,1
000003138,2018-01-15,2018-01-15 09:00:00,9,near,2,0
000003138,2018-01-18,2018-01-18 08:00:00,8,near,3,1
000003138,2018-01-18,2018-01-18 19:00:00,19,core,2,0
000003138,2018-01-18,2018-01-18 19:00:00,19,near,47,1
000003139,2018-01-01,2018-01-01 23:00:00,23,outer,24,1
000003139,2018-01-02,2018-01-02 05:00:00,5,outer,134,1
000003139,2018-01-02,2018-01-02 06:00:00,6,core,22,1
000003139,2018-01-02,2018-01-02 06:00:00,6,near,110,1
000003139,2018-01-02,2018-01-02 11:00:00,11,near,111,1
000003139,2018-01-02,2018-01-02 14:00:00,14,near,88,1
000003139,2018-01-02,2018-01-02 17:00:00,17,near,57,1
000003139,2018-01-02,2018-01-02 23:00:00,23,core,56,1
000003139,2018-01-02,2018-01-02 23:00:00,23,near,178,1
000003139,2018-01-03,2018-01-03 00:00:00,0,near,22,1
000003139,2018-01-03,2018-01-03 00:00:00,0,outer,228,1
000003139,2018-01-03,2018-01-03 01:00:00,1,outer,113,1
000003139,2018-01-08,2018-01-08 00:00:00,0,outer,42,1
000003139,2018-01-08,2018-01-08 05:00:00,5,near,153,1
000003139,2018-01-08,2018-01-08 05:00:00,5,outer,148,1
000003139,2018-01-08,2018-01-08 06:00:00,6,core,138,1
000003139,2018-01-08,2018-01-08 06:00:00,6,near,117,1
000003139,2018-01-08,2018-01-08 14:00:00,14,near,24,1
000003139,2018-01-09,2018-01-09 01:00:00,1,core,157,1
000003139,2018-01-09,2018-01-09 01:00:00,1,near,112,1
000003139,2018-01-09,2018-01-09 02:00:00,2,near,126,1
000003139,2018-01-09,2018-01-09 02:00:00,2,outer,177,1
000003139,2018-01-09,2018-01-09 03:00:00,3,outer,69,1
000003139,2018-01-11,2018-01-11 15:00:00,15,outer,5,1
000003139,2018-01-11,2018-01-11 16:00:00,16,outer,154,1
000003139,2018-01-11,2018-01-11 17:00:00,17,core,15,1
000003139,2018-01-11,2018-01-11 17:00:00,17,near,103,1
000003139,2018-01-14,2018-01-14 09:00:00,9,near,1,0
000003139,2018-01-14,2018-01-14 11:00:00,11,near,3,1
000003139,2018-01-14,2018-01-14 12:00:00,12,near,1,0
000003139,2018-01-17,2018-01-17 15:00:00,15,outer,3,1
000003139,2018-01-17,2018-01-17 16:00:00,16,outer,7,1
000003139,2018-01-17,2018-01-17 18:00:00,18,near,1,0
000003139,2018-01-19,2018-01-19 13:00:00,13,near,19,1
000003139,2018-01-20,2018-01-20 09:00:00,9,near,47,1
000003139,2018-01-20,2018-01-20 11:00:00,11,near,82,1
000003139,2018-01-20,2018-01-20 12:00:00,12,core,55,1
000003139,2018-01-20,2018-01-20 12:00:00,12,near,11,1
000003139,2018-01-20,2018-01-20 12:00:00,12,outer,14,1
000003139,2018-01-20,2018-01-20 13:00:00,13,outer,185,1
000003149,2018-01-14,2018-01-14 07:00:00,7,outer,3,1
000003149,2018-01-15,2018-01-15 10:00:00,10,near,2,0
000003149,2018-01-15,2018-01-15 12:00:00,12,near,3,1
000003149,2018-01-16,2018-01-16 17:00:00,17,near,1,0
000003149,2018-01-16,2018-01-16 23:00:00,23,near,3,1
000003149,2018-01-17,2018-01-17 00:00:00,0,outer,14,1
000003149,2018-01-17,2018-01-17 01:00:00,1,outer,7,1
000003151,2018-01-03,2018-01-03 07:00:00,7,outer,39,1
000003151,2018-01-03,2018-01-03 08:00:00,8,outer,338,1
000003151,2018-01-03,2018-01-03 09:00:00,9,core,106,1
000003151,2018-01-03,2018-01-03 10:00:00,10,core,6,1
000003151,2018-01-03,2018-01-03 10:00:00,10,near,114,1
000003151,2018-01-03,2018-01-03 17:00:00,17,near,38,1
000003151,2018-01-04,2018-01-04 09:00:00,9,near,20,1
000003151,2018-01-04,2018-01-04 15:00:00,15,near,34,1
000003151,2018-01-04,2018-01-04 19:00:00,19,core,12,1
000003151,2018-01-04,2018-01-04 19:00:00,19,near,130,1
000003151,2018-01-04,2018-01-04 19:00:00,19,outer,1,0
000003252,2018-01-04,2018-01-04 20:00:00,20,outer,2,0
000003252,2018-01-04,2018-01-04 21:00:00,21,outer,22,1
000003517,2018-01-16,2018-01-16 19:00:00,19,outer,11,1
000003517,2018-01-16,2018-01-16 20:00:00,20,outer,4,1
000003517,2018-01-17,2018-01-17 05:00:00,5,outer,4,1
000003517,2018-01-17,2018-01-17 06:00:00,6,core,4,1
000003517,2018-01-17,2018-01-17 06:00:00,6,near,1,0
000003517,2018-01-17,2018-01-17 07:00:00,7,near,1,0
000003517,2018-01-17,2018-01-17 09:00:00,9,near,1,0
000003517,2018-01-17,2018-01-17 10:00:00,10,near,5,1
000003517,2018-01-17,2018-01-17 10:00:00,10,outer,1,0
000003517,2018-01-17,2018-01-17 13:00:00,13,outer,2,0
000003517,2018-01-18,2018-01-18 14:00:00,14,near,4,1
000003517,2018-01-18,2018-01-18 18:00:00,18,outer,26,1
000003517,2018-01-18,2018-01-18 19:00:00,19,outer,16,1
000003517,2018-01-22,2018-01-22 13:00:00,13,outer,26,1
000003517,2018-01-22,2018-01-22 14:00:00,14,outer,317,1
000003517,2018-01-22,2018-01-22 15:00:00,15,outer,7,1
000003517,2018-01-22,2018-01-22 16:00:00,16,outer,1,0
000003517,2018-01-22,2018-01-22 18:00:00,18,outer,1,0
000003517,2018-01-22,2018-01-22 19:00:00,19,outer,1,0
000003517,2018-01-22,2018-01-22 21:00:00,21,outer,1,0
000003517,2018-01-23,2018-01-23 00:00:00,0,outer,6,1
000003517,2018-01-23,2018-01-23 01:00:00,1,outer,7,1
000003517,2018-01-23,2018-01-23 04:00:00,4,outer,1,0
000003517,2018-01-23,2018-01-23 06:00:00,6,outer,1,0
000003517,2018-01-23,2018-01-23 10:00:00,10,outer,1,0
000003517,2018-01-23,2018-01-23 21:00:00,21,outer,1,0
000003517,2018-01-24,2018-01-24 08:00:00,8,outer,1,0
000003574,2018-01-03,2018-01-03 10:00:00,10,outer,34,1
000003574,2018-01-03,2018-01-03 13:00:00,13,outer,64,1
000003574,2018-01-03,2018-01-03 14:00:00,14,core,20,1
000003574,2018-01-03,2018-01-03 14:00:00,14,near,97,1
000003574,2018-01-04,2018-01-04 10:00:00,10,near,34,1
000003574,2018-01-04,2018-01-04 12:00:00,12,near,3,1
000003574,2018-01-04,2018-01-04 13:00:00,13,near,96,1
000003574,2018-01-16,2018-01-16 14:00:00,14,near,1,0
000003574,2018-01-16,2018-01-16 19:00:00,19,core,2,0
000003574,2018-01-16,2018-01-16 19:00:00,19,near,3,1
000003574,2018-01-16,2018-01-16 20:00:00,20,near,3,1
000003574,2018-01-16,2018-01-16 20:00:00,20,outer,2,0
000003574,2018-01-16,2018-01-16 21:00:00,21,outer,2,0
000003574,2018-01-21,2018-01-21 16:00:00,16,outer,66,1
000003574,2018-01-21,2018-01-21 17:00:00,17,core,25,1
000003574,2018-01-21,2018-01-21 17:00:00,17,near,104,1
000003574,2018-01-21,2018-01-21 17:00:00,17,outer,3,1
000003574,2018-01-21,2018-01-21 18:00:00,18,near,29,1
000003574,2018-01-22,2018-01-22 10:00:00,10,near,55,1
000003574,2018-01-22,2018-01-22 13:00:00,13,near,76,1
000003574,2018-01-22,2018-01-22 14:00:00,14,near,39,1
000003574,2018-01-22,2018-01-22 23:00:00,23,core,95,1
000003574,2018-01-22,2018-01-22 23:00:00,23,near,74,1
000003574,2018-01-23,2018-01-23 00:00:00,0,near,69,1
000003574,2018-01-23,2018-01-23 00:00:00,0,outer,116,1
000003574,2018-01-23,2018-01-23 01:00:00,1,outer,90,1
000003589,2018-01-03,2018-01-03 03:00:00,3,outer,32,1
000003589,2018-01-03,2018-01-03 04:00:00,4,outer,362,1
000003589,2018-01-03,2018-01-03 05:00:00,5,core,91,1
000003589,2018-01-03,2018-01-03 05:00:00,5,near,150,1
000003589,2018-01-03,2018-01-03 05:00:00,5,outer,133,1
000003589,2018-01-03,2018-01-03 06:00:00,6,core,62,1
000003589,2018-01-03,2018-01-03 06:00:00,6,near,116,1
000003589,2018-01-04,2018-01-04 19:00:00,19,core,57,1
000003589,2018-01-04,2018-01-04 19:00:00,19,near,93,1
000003728,2018-01-20,2018-01-20 07:00:00,7,outer,47,1
000003728,2018-01-20,2018-01-20 08:00:00,8,outer,223,1
000003728,2018-01-20,2018-01-20 09:00:00,9,core,86,1
000003728,2018-01-20,2018-01-20 09:00:00,9,near,97,1
000003728,2018-01-20,2018-01-20 09:00:00,9,outer,33,1
000003728,2018-01-20,2018-01-20 12:00:00,12,near,2,0
000003728,2018-01-23,2018-01-23 08:00:00,8,core,158,1
000003728,2018-01-23,2018-01-23 08:00:00,8,near,22,1
000003728,2018-01-23,2018-01-23 09:00:00,9,near,109,1
000003728,2018-01-23,2018-01-23 09:00:00,9,outer,23,1
000003728,2018-01-23,2018-01-23 10:00:00,10,outer,161,1
000003728,2018-01-23,2018-01-23 11:00:00,11,outer,202,1
000003728,2018-01-23,2018-01-23 12:00:00,12,outer,38,1
000003827,2018-01-03,2018-01-03 15:00:00,15,near,56,1
000003827,2018-01-11,2018-01-11 15:00:00,15,near,68,1
000003827,2018-01-12,2018-01-12 13:00:00,13,near,2,0
000003827,2018-01-12,2018-01-12 19:00:00,19,core,2,0
000003827,2018-01-12,2018-01-12 19:00:00,19,near,5,1
000003827,2018-01-12,2018-01-12 20:00:00,20,outer,11,1
000003827,2018-01-12,2018-01-12 21:00:00,21,outer,7,1
000003827,2018-01-18,2018-01-18 04:00:00,4,outer,6,1
000003827,2018-01-18,2018-01-18 05:00:00,5,core,2,0
000003827,2018-01-18,2018-01-18 05:00:00,5,near,2,0
000003827,2018-01-18,2018-01-18 05:00:00,5,outer,3,1
000003827,2018-01-18,2018-01-18 06:00:00,6,core,2,0
000003827,2018-01-18,2018-01-18 06:00:00,6,near,4,1
000003827,2018-01-18,2018-01-18 15:00:00,15,near,3,1
000003827,2018-01-18,2018-01-18 23:00:00,23,core,3,1
000003827,2018-01-18,2018-01-18 23:00:00,23,near,3,1
000003827,2018-01-19,2018-01-19 00:00:00,0,near,3,1
000003827,2018-01-19,2018-01-19 00:00:00,0,outer,1,0
000003830,2018-01-08,2018-01-08 11:00:00,11,outer,36,1
000003830,2018-01-08,2018-01-08 12:00:00,12,outer,195,1
000003830,2018-01-08,2018-01-08 13:00:00,13,near,3,1
000003830,2018-01-08,2018-01-08 13:00:00,13,outer,51,1
000003830,2018-01-08,2018-01-08 14:00:00,14,core,17,1
000003830,2018-01-08,2018-01-08 14:00:00,14,near,62,1
000003830,2018-01-09,2018-01-09 08:00:00,8,near,2,0
000003830,2018-01-10,2018-01-10 09:00:00,9,near,1,0
000003830,2018-01-10,2018-01-10 13:00:00,13,near,2,0
000003830,2018-01-10,2018-01-10 15:00:00,15,core,19,1
000003830,2018-01-10,2018-01-10 15:00:00,15,near,80,1
000003830,2018-01-10,2018-01-10 16:00:00,16,core,2,0
000003830,2018-01-10,2018-01-10 16:00:00,16,near,33,1
000003830,2018-01-10,2018-01-10 16:00:00,16,outer,106,1
000003830,2018-01-10,2018-01-10 17:00:00,17,outer,120,1
000003830,2018-01-20,2018-01-20 05:00:00,5,near,30,1
000003830,2018-01-20,2018-01-20 05:00:00,5,outer,160,1
000003830,2018-01-20,2018-01-20 06:00:00,6,core,15,1
000003830,2018-01-20,2018-01-20 06:00:00,6,near,121,1
000003830,2018-01-20,2018-01-20 15:00:00,15,near,84,1
000003830,2018-01-20,2018-01-20 15:00:00,15,outer,1,0
000003830,2018-01-21,2018-01-21 10:00:00,10,near,50,1
000003830,2018-01-21,2018-01-21 13:00:00,13,near,17,1
000003830,2018-01-21,2018-01-21 19:00:00,19,core,4,1
000003830,2018-01-21,2018-01-21 19:00:00,19,near,94,1
000003830,2018-01-21,2018-01-21 20:00:00,20,outer,59,1
000003830,2018-01-21,2018-01-21 21:00:00,21,outer,1,0
000003845,2018-01-03,2018-01-03 09:00:00,9,near,17,1
000003845,2018-01-07,2018-01-07 19:00:00,19,core,6,1
000003845,2018-01-07,2018-01-07 19:00:00,19,near,44,1
000004338,2018-01-01,2018-01-01 08:00:00,8,outer,4,1
000004338,2018-01-01,2018-01-01 09:00:00,9,outer,1,0
000004338,2018-01-01,2018-01-01 11:00:00,11,outer,3,1
000004338,2018-01-01,2018-01-01 14:00:00,14,outer,2,0
000004338,2018-01-01,2018-01-01 15:00:00,15,outer,3,1
000004338,2018-01-03,2018-01-03 07:00:00,7,outer,1,0
000004338,2018-01-03,2018-01-03 09:00:00,9,outer,1,0
000004338,2018-01-03,2018-01-03 10:00:00,10,outer,1,0
000004338,2018-01-04,2018-01-04 09:00:00,9,outer,2,0
000004338,2018-01-06,2018-01-06 08:00:00,8,outer,1,0
000004338,2018-01-06,2018-01-06 10:00:00,10,outer,1,0
000004338,2018-01-06,2018-01-06 12:00:00,12,outer,1,0
000004338,2018-01-06,2018-01-06 13:00:00,13,outer,1,0
000004338,2018-01-07,2018-01-07 11:00:00,11,outer,1,0
000004338,2018-01-08,2018-01-08 14:00:00,14,outer,3,1
000004338,2018-01-08,2018-01-08 15:00:00,15,near,1,0
000004338,2018-01-08,2018-01-08 15:00:00,15,outer,1,0
000004338,2018-01-08,2018-01-08 16:00:00,16,outer,1,0
000004338,2018-01-08,2018-01-08 18:00:00,18,near,1,0
000004338,2018-01-08,2018-01-08 18:00:00,18,outer,2,0
000004338,2018-01-09,2018-01-09 07:00:00,7,near,2,0
000004338,2018-01-09,2018-01-09 07:00:00,7,outer,2,0
000004338,2018-01-09,2018-01-09 13:00:00,13,outer,2,0
000004338,2018-01-10,2018-01-10 07:00:00,7,outer,1,0
000004338,2018-01-11,2018-01-11 13:00:00,13,outer,1,0
000004338,2018-01-12,2018-01-12 11:00:00,11,outer,1,0
000004338,2018-01-12,2018-01-12 12:00:00,12,outer,2,0
000004338,2018-01-12,2018-01-12 13:00:00,13,outer,2,0
000004338,2018-01-12,2018-01-12 15:00:00,15,outer,3,1
000004338,2018-01-12,2018-01-12 16:00:00,16,near,3,1
000004338,2018-01-12,2018-01-12 16:00:00,16,outer,1,0
000004338,2018-01-12,2018-01-12 17:00:00,17,near,2,0
000004338,2018-01-16,2018-01-16 09:00:00,9,outer,1,0
000004338,2018-01-16,2018-01-16 14:00:00,14,near,2,0
000004338,2018-01-19,2018-01-19 11:00:00,11,near,2,0
000005745,2018-01-07,2018-01-07 05:00:00,5,outer,4,1
000005745,2018-01-07,2018-01-07 06:00:00,6,outer,3,1
000005745,2018-01-07,2018-01-07 08:00:00,8,outer,1,0
000005745,2018-01-07,2018-01-07 09:00:00,9,outer,2,0
000005745,2018-01-07,2018-01-07 10:00:00,10,outer,3,1
000005745,2018-01-07,2018-01-07 11:00:00,11,outer,2,0
000005745,2018-01-07,2018-01-07 12:00:00,12,outer,2,0
000005745,2018-01-07,2018-01-07 13:00:00,13,outer,2,0
000005745,2018-01-16,2018-01-16 04:00:00,4,outer,1,0
000005745,2018-01-16,2018-01-16 06:00:00,6,outer,1,0
000005745,2018-01-18,2018-01-18 02:00:00,2,outer,2,0
000005745,2018-01-18,2018-01-18 04:00:00,4,outer,1,0
000005745,2018-01-18,2018-01-18 05:00:00,5,outer,2,0
000005745,2018-01-18,2018-01-18 06:00:00,6,outer,1,0
000005745,2018-01-18,2018-01-18 08:00:00,8,outer,1,0
000005745,2018-01-18,2018-01-18 09:00:00,9,outer,1,0
000005745,2018-01-18,2018-01-18 10:00:00,10,outer,1,0
000005745,2018-01-18,2018-01-18 11:00:00,11,outer,3,1
000005745,2018-01-18,2018-01-18 12:00:00,12,outer,1,0
000005745,2018-01-18,2018-01-18 13:00:00,13,outer,1,0
000005745,2018-01-18,2018-01-18 14:00:00,14,outer,2,0
000005745,2018-01-19,2018-01-19 06:00:00,6,outer,3,1
000005745,2018-01-19,2018-01-19 13:00:00,13,outer,1,0
000005745,2018-01-19,2018-01-19 15:00:00,15,outer,1,0
000005745,2018-01-19,2018-01-19 17:00:00,17,outer,4,1
000005745,2018-01-19,2018-01-19 19:00:00,19,outer,1,0
000005745,2018-01-19,2018-01-19 21:00:00,21,outer,2,0
000005745,2018-01-19,2018-01-19 22:00:00,22,outer,2,0
000005745,2018-01-19,2018-01-19 23:00:00,23,outer,3,1
000005745,2018-01-20,2018-01-20 00:00:00,0,outer,2,0
000005745,2018-01-20,2018-01-20 01:00:00,1,outer,2,0
