timestamp,tide_height,tide_height_standardized,tide_change_1h,flood_ebb,tidal_phase,sin_phase,cos_phase,source
2018-01-01 00:00:00,-1.626910777310844,-1.6857641548838154,0.4219475900218306,flood,0.0,0.0,1.0,harmonic_M2S2K1O1N2
2018-01-01 01:00:00,-1.2049631872890134,-1.2495981446524056,0.5767198521890413,flood,0.0,0.0,1.0,harmonic_M2S2K1O1N2
2018-01-01 02:00:00,-0.47347107293276125,-0.4934568499053548,0.7930292338562359,flood,0.0,0.0,1.0,harmonic_M2S2K1O1N2
2018-01-01 03:00:00,0.3810952804234583,0.38990593171902443,0.8069354016428869,flood,0.0,0.0,1.0,harmonic_M2S2K1O1N2
2018-01-01 04:00:00,1.1403997303530125,1.1747967577564342,0.6142957273104657,flood,0.0,0.0,1.0,harmonic_M2S2K1O1N2
2018-01-01 05:00:00,1.6096867350443895,1.659897384777664,0.2635319769454404,flood,0.0,0.0,1.0,harmonic_M2S2K1O1N2
2018-01-01 06:00:00,1.6674636842438932,1.7196212509914433,-0.1564587793111618,ebb,0.0,0.0,1.0,harmonic_M2S2K1O1N2
2018-01-01 07:00:00,1.296769176422066,1.3364354044198883,-0.5387331310588265,ebb,0.5235987755982988,0.49999999999999994,0.8660254037844387,harmonic_M2S2K1O1N2
2018-01-01 08:00:00,0.5899974221262403,0.6058474747684466,-0.7854190566788768,ebb,1.0471975511965976,0.8660254037844386,0.5000000000000001,harmonic_M2S2K1O1N2
2018-01-01 09:00:00,-0.2740689369356877,-0.2873354354307164,-0.8326537648294572,ebb,1.5707963267948966,1.0,6.123233995736766e-17,harmonic_M2S2K1O1N2
2018-01-01 10:00:00,-1.075310107532674,-1.115576129006786,-0.6669957331634658,ebb,2.0943951023931953,0.8660254037844387,-0.4999999999999998,harmonic_M2S2K1O1N2
2018-01-01 11:00:00,-1.6080604032626193,-1.6662785774462041,-0.329103088203355,ebb,2.6179938779914944,0.49999999999999994,-0.8660254037844387,harmonic_M2S2K1O1N2
2018-01-01 12:00:00,-1.733516283939384,-1.7959619604749382,0.09631264957171848,flood,3.141592653589793,1.2246467991473532e-16,-1.0,harmonic_M2S2K1O1N2
2018-01-01 13:00:00,-1.4154351041191824,-1.4671623597361376,0.5017660520448104,flood,3.665191429188092,-0.4999999999999997,-0.8660254037844388,harmonic_M2S2K1O1N2
2018-01-01 14:00:00,-0.7299841798497634,-0.7586137107616128,0.7841555322134155,flood,4.1887902047863905,-0.8660254037844385,-0.5000000000000004,harmonic_M2S2K1O1N2
2018-01-01 15:00:00,0.1528759603076485,0.15399627690268186,0.8709301418117208,flood,4.71238898038469,-1.0,-1.8369701987210297e-16,harmonic_M2S2K1O1N2
2018-01-01 16:00:00,1.011876103773678,1.0419422546114356,0.738621427757874,flood,5.235987755982988,-0.866025403784439,0.49999999999999933,harmonic_M2S2K1O1N2
2018-01-01 17:00:00,1.6301188158233966,1.6810179679136983,0.41901022205896954,flood,5.759586531581288,-0.49999999999999967,0.8660254037844388,harmonic_M2S2K1O1N2
2018-01-01 18:00:00,1.8498965478916172,1.9082015774443133,-0.008679752092746074,ebb,0.0,0.0,1.0,harmonic_M2S2K1O1N2
2018-01-01 19:00:00,1.6127593116379044,1.6630734983652649,-0.43762883164289834,ebb,0.5235987755982988,0.49999999999999994,0.8660254037844387,harmonic_M2S2K1O1N2
2018-01-01 20:00:00,0.9746388846058205,1.003450248256531,-0.7603152940749913,ebb,1.0471975511965976,0.8660254037844386,0.5000000000000001,harmonic_M2S2K1O1N2
2018-01-01 21:00:00,0.09212872348792177,0.09120203291879758,-0.8956605508947846,ebb,1.5707963267948966,1.0,6.123233995736766e-17,harmonic_M2S2K1O1N2
2018-01-01 22:00:00,-0.8166822171837487,-0.8482332225993311,-0.8095484916847819,ebb,2.0943951023931953,0.8660254037844387,-0.4999999999999998,harmonic_M2S2K1O1N2
2018-01-01 23:00:00,-1.526968259881642,-1.5824538620644566,-0.523505981417555,ebb,2.6179938779914944,0.49999999999999994,-0.8660254037844387,harmonic_M2S2K1O1N2
2018-01-02 00:00:00,-1.8636941800188587,-1.9305264772443453,-0.10932289908932802,ebb,3.141592653589793,1.2246467991473532e-16,-1.0,harmonic_M2S2K1O1N2
2018-01-02 01:00:00,-1.7456140580602981,-1.8084673947890124,0.32904820162765436,flood,3.665191429188092,-0.4999999999999997,-0.8660254037844388,harmonic_M2S2K1O1N2
2018-01-02 02:00:00,-1.20559777676355,-1.2502541179670752,0.681744316124405,flood,4.1887902047863905,-0.8660254037844385,-0.5000000000000004,harmonic_M2S2K1O1N2
2018-01-02 03:00:00,-0.3821254258114881,-0.3990331171976253,0.860753207480423,flood,4.71238898038469,-1.0,-1.8369701987210297e-16,harmonic_M2S2K1O1N2
2018-01-02 04:00:00,0.5159086381972962,0.5292621119097259,0.8221493105652464,flood,5.235987755982988,-0.866025403784439,0.49999999999999933,harmonic_M2S2K1O1N2
2018-01-02 05:00:00,1.2621731953190047,1.3006736382560318,0.5771636677902727,flood,5.759586531581288,-0.49999999999999967,0.8660254037844388,harmonic_M2S2K1O1N2
2018-01-02 06:00:00,1.6702359737778416,1.7224869587092335,0.18927452081770035,flood,0.0,0.0,1.0,harmonic_M2S2K1O1N2
2018-01-02 07:00:00,1.6407222369544054,1.6919786938400538,-0.24195023894288403,ebb,0.5235987755982988,0.49999999999999994,0.8660254037844387,harmonic_M2S2K1O1N2
2018-01-02 08:00:00,1.1863354958920735,1.2222804264771423,-0.6061652088388474,ebb,1.0471975511965976,0.8660254037844386,0.5000000000000001,harmonic_M2S2K1O1N2
2018-01-02 09:00:00,0.4283918192767108,0.4387962279008576,-0.8102947466169972,ebb,1.5707963267948966,1.0,6.123233995736766e-17,harmonic_M2S2K1O1N2
2018-01-02 10:00:00,-0.4342539973419207,-0.4529182716603279,-0.8021981068522304,ebb,2.0943951023931953,0.8660254037844387,-0.4999999999999998,harmonic_M2S2K1O1N2
2018-01-02 11:00:00,-1.1760043944277498,-1.2196635237608355,-0.5839438520879638,ebb,2.6179938779914944,0.49999999999999994,-0.8660254037844387,harmonic_M2S2K1O1N2
2018-01-02 12:00:00,-1.6021417015178483,-1.6601604324755623,-0.21131959878625295,ebb,3.141592653589793,1.2246467991473532e-16,-1.0,harmonic_M2S2K1O1N2
2018-01-02 13:00:00,-1.5986435920002557,-1.6565444467282284,0.2203046199855616,flood,3.5903916041026207,-0.433883739117558,-0.9009688679024191,harmonic_M2S2K1O1N2
2018-01-02 14:00:00,-1.161532461546725,-1.204703928364813,0.6001778424299885,flood,4.039190554615448,-0.7818314824680297,-0.6234898018587337,harmonic_M2S2K1O1N2
2018-01-02 15:00:00,-0.39828790714027873,-0.415740227661874,0.8302981020722613,flood,4.487989505128276,-0.9749279121818236,-0.2225209339563146,harmonic_M2S2K1O1N2
2018-01-02 16:00:00,0.4990637425977976,0.5118495917765554,0.850336593963106,flood,4.9367884556411035,-0.9749279121818236,0.22252093395631423,harmonic_M2S2K1O1N2
2018-01-02 17:00:00,1.3023852807859333,1.3422407553481979,0.6530344031857136,flood,5.385587406153931,-0.7818314824680299,0.6234898018587334,harmonic_M2S2K1O1N2
2018-01-02 18:00:00,1.805132548969225,1.861929160505108,0.2861662925403051,flood,5.834386356666759,-0.43388373911755834,0.900968867902419,harmonic_M2S2K1O1N2
2018-01-02 19:00:00,1.8747178658665435,1.9338593024457729,-0.15942792059416822,ebb,0.0,0.0,1.0,harmonic_M2S2K1O1N2
2018-01-02 20:00:00,1.4862767077808885,1.53232879453809,-0.5727128151456695,ebb,0.5235987755982988,0.49999999999999994,0.8660254037844387,harmonic_M2S2K1O1N2
2018-01-02 21:00:00,0.7292922355752045,0.749836122801298,-0.8504359862424666,ebb,1.0471975511965976,0.8660254037844386,0.5000000000000001,harmonic_M2S2K1O1N2
2018-01-02 22:00:00,-0.2145952647040448,-0.22585767149860297,-0.923134607181114,ebb,1.5707963267948966,1.0,6.123233995736766e-17,harmonic_M2S2K1O1N2
2018-01-02 23:00:00,-1.1169769787870234,-1.1586470539832625,-0.7725952192914922,ebb,2.0943951023931953,0.8660254037844387,-0.4999999999999998,harmonic_M2S2K1O1N2
2018-01-03 00:00:00,-1.7597857032870292,-1.8231165837004564,-0.43636398097713525,ebb,2.6179938779914944,0.49999999999999994,-0.8660254037844387,harmonic_M2S2K1O1N2
2018-01-03 01:00:00,-1.989704940741294,-2.0607834381803842,0.0018111186822242775,flood,3.141592653589793,1.2246467991473532e-16,-1.0,harmonic_M2S2K1O1N2
2018-01-03 02:00:00,-1.7561634659225807,-1.8193722873548346,0.4331624758117537,flood,3.665191429188092,-0.4999999999999997,-0.8660254037844388,harmonic_M2S2K1O1N2
2018-01-03 03:00:00,-1.1233799891177865,-1.1652658273463121,0.7513295558542213,flood,4.1887902047863905,-0.8660254037844385,-0.5000000000000004,harmonic_M2S2K1O1N2
2018-01-03 04:00:00,-0.25350435421413803,-0.266077885417768,0.8790826083994323,flood,4.71238898038469,-1.0,-1.8369701987210297e-16,harmonic_M2S2K1O1N2
2018-01-03 05:00:00,0.6347852276810781,0.65214450055514,0.7875917534297421,flood,5.235987755982988,-0.866025403784439,0.49999999999999933,harmonic_M2S2K1O1N2
2018-01-03 06:00:00,1.3216791526453462,1.3621847751976792,0.5033950752803559,flood,5.759586531581288,-0.49999999999999967,0.8660254037844388,harmonic_M2S2K1O1N2
2018-01-03 07:00:00,1.64157537824179,1.692860583535082,0.10134699189639129,flood,0.0,0.0,1.0,harmonic_M2S2K1O1N2
2018-01-03 08:00:00,1.5243731364381288,1.571708963270975,-0.3146177943771926,ebb,0.5235987755982988,0.49999999999999994,0.8660254037844387,harmonic_M2S2K1O1N2
2018-01-03 09:00:00,1.0123397894874047,1.0424215652000965,-0.6379909148522249,ebb,1.0471975511965976,0.8660254037844386,0.5000000000000001,harmonic_M2S2K1O1N2
2018-01-03 10:00:00,0.24839130673367882,0.25273021578916105,-0.786729374057519,ebb,1.5707963267948966,1.0,6.123233995736766e-17,harmonic_M2S2K1O1N2
2018-01-03 11:00:00,-0.5611189586276332,-0.5840582172618388,-0.7239772047315345,ebb,2.0943951023931953,0.8660254037844387,-0.4999999999999998,harmonic_M2S2K1O1N2
2018-01-03 12:00:00,-1.19956310272939,-1.244016092774443,-0.4672436583164424,ebb,2.6179938779914944,0.49999999999999994,-0.8660254037844387,harmonic_M2S2K1O1N2
2018-01-03 13:00:00,-1.495606275260518,-1.5500350687625992,-0.08375370624604794,ebb,3.141592653589793,1.2246467991473532e-16,-1.0,harmonic_M2S2K1O1N2
2018-01-03 14:00:00,-1.367070515221486,-1.4171680232952086,0.3268033248453863,flood,3.665191429188092,-0.4999999999999997,-0.8660254037844388,harmonic_M2S2K1O1N2
2018-01-03 15:00:00,-0.8419996255697453,-0.8744037548318959,0.65771417779591,flood,4.1887902047863905,-0.8660254037844385,-0.5000000000000004,harmonic_M2S2K1O1N2
2018-01-03 16:00:00,-0.05164215962966599,-0.0574135154567726,0.822400490729775,flood,4.71238898038469,-1.0,-1.8369701987210297e-16,harmonic_M2S2K1O1N2
2018-01-03 17:00:00,0.8028013558898046,0.8258222890490563,0.7764134837640527,flood,5.235987755982988,-0.866025403784439,0.49999999999999933,harmonic_M2S2K1O1N2
2018-01-03 18:00:00,1.5011848078984396,1.5477392547520379,0.5287138131044573,flood,5.759586531581288,-0.49999999999999967,0.8660254037844388,harmonic_M2S2K1O1N2
2018-01-03 19:00:00,1.8602289820987192,1.9188821849668187,0.1394171148549712,flood,0.0,0.0,1.0,harmonic_M2S2K1O1N2
2018-01-03 20:00:00,1.780019037608382,1.835969396041011,-0.29538095118828445,ebb,0.4487989505128276,0.4338837391175581,0.9009688679024191,harmonic_M2S2K1O1N2
2018-01-03 21:00:00,1.2694670797221503,1.3082133055854377,-0.6678229566602725,ebb,0.8975979010256552,0.7818314824680298,0.6234898018587336,harmonic_M2S2K1O1N2
2018-01-03 22:00:00,0.44437312428783715,0.4553160569266226,-0.8854054854177256,ebb,1.3463968515384828,0.9749279121818236,0.22252093395631445,harmonic_M2S2K1O1N2
2018-01-03 23:00:00,-0.5013438911133007,-0.5222689018928598,-0.8941420571792469,ebb,1.7951958020513104,0.9749279121818236,-0.22252093395631434,harmonic_M2S2K1O1N2
2018-01-04 00:00:00,-1.3439109900706567,-1.3932280887564936,-0.6919526602181703,ebb,2.243994752564138,0.7818314824680299,-0.6234898018587335,harmonic_M2S2K1O1N2
2018-01-04 01:00:00,-1.885249211549641,-1.9528078513427427,-0.32895439387080017,ebb,2.6927937030769655,0.43388373911755823,-0.900968867902419,harmonic_M2S2K1O1N2
2018-01-04 02:00:00,-2.001819777812257,-2.073306510416849,0.10535058576747336,flood,3.141592653589793,1.2246467991473532e-16,-1.0,harmonic_M2S2K1O1N2
2018-01-04 03:00:00,-1.6745480400146944,-1.7350066563300472,0.5046893891430824,flood,3.665191429188092,-0.4999999999999997,-0.8660254037844388,harmonic_M2S2K1O1N2
2018-01-04 04:00:00,-0.9924409995260924,-1.029914570402324,0.772682675800614,flood,4.1887902047863905,-0.8660254037844385,-0.5000000000000004,harmonic_M2S2K1O1N2
2018-01-04 05:00:00,-0.1291826884134663,-0.13756693704430714,0.8468215066449774,flood,4.71238898038469,-1.0,-1.8369701987210297e-16,harmonic_M2S2K1O1N2
2018-01-04 06:00:00,0.7012020137638624,0.7207993413059124,0.7137409649810664,flood,5.235987755982988,-0.866025403784439,0.49999999999999933,harmonic_M2S2K1O1N2
2018-01-04 07:00:00,1.2982992415486665,1.338017028340596,0.41200992823578186,flood,5.759586531581288,-0.49999999999999967,0.8660254037844388,harmonic_M2S2K1O1N2
2018-01-04 08:00:00,1.525221870235426,1.5725862969561766,0.021830733779328315,flood,0.0,0.0,1.0,harmonic_M2S2K1O1N2
2018-01-04 09:00:00,1.3419607091073231,1.3831497617801263,-0.3556519617094657,ebb,0.5235987755982988,0.49999999999999994,0.8660254037844387,harmonic_M2S2K1O1N2
2018-01-04 10:00:00,0.8139179468164947,0.837313477117267,-0.6241327464470103,ebb,1.0471975511965976,0.8660254037844386,0.5000000000000001,harmonic_M2S2K1O1N2
2018-01-04 11:00:00,0.09369521621330251,0.09282131194359423,-0.7164723219928036,ebb,1.5707963267948966,1.0,6.123233995736766e-17,harmonic_M2S2K1O1N2
2018-01-04 12:00:00,-0.6190266971691126,-0.6439172800422518,-0.6114407541086982,ebb,2.0943951023931953,0.8660254037844387,-0.4999999999999998,harmonic_M2S2K1O1N2
2018-01-04 13:00:00,-1.129186292004094,-1.1712677859402334,-0.3387081348891257,ebb,2.6179938779914944,0.49999999999999994,-0.8660254037844387,harmonic_M2S2K1O1N2
2018-01-04 14:00:00,-1.296442966947364,-1.3441605297779302,0.02908883381504146,flood,3.141592653589793,1.2246467991473532e-16,-1.0,harmonic_M2S2K1O1N2
2018-01-04 15:00:00,-1.0710086243740111,-1.1111296982372807,0.39510523540969744,flood,3.665191429188092,-0.4999999999999997,-0.8660254037844388,harmonic_M2S2K1O1N2
2018-01-04 16:00:00,-0.5062324961279692,-0.5273222388362818,0.6630560264300436,flood,4.1887902047863905,-0.8660254037844385,-0.5000000000000004,harmonic_M2S2K1O1N2
2018-01-04 17:00:00,0.25510342848607603,0.2596685167397106,0.7616978412042915,flood,4.71238898038469,-1.0,-1.8369701987210297e-16,harmonic_M2S2K1O1N2
2018-01-04 18:00:00,1.0171631862806139,1.047407496592543,0.6628471759974879,flood,5.235987755982988,-0.866025403784439,0.49999999999999933,harmonic_M2S2K1O1N2
2018-01-04 19:00:00,1.5807977804810518,1.630034955533796,0.38843288761005856,flood,5.759586531581288,-0.49999999999999967,0.8660254037844388,harmonic_M2S2K1O1N2
2018-01-04 20:00:00,1.794028961500731,1.8504514140742352,0.004877783788785894,flood,0.0,0.0,1.0,harmonic_M2S2K1O1N2
2018-01-04 21:00:00,1.5905533480586236,1.6401192576804968,-0.39369180289416883,ebb,0.4487989505128276,0.4338837391175581,0.9009688679024191,harmonic_M2S2K1O1N2
2018-01-04 22:00:00,1.0066453557123933,1.0365352453847725,-0.7091090609003089,ebb,0.8975979010256552,0.7818314824680298,0.6234898018587336,harmonic_M2S2K1O1N2
2018-01-04 23:00:00,0.17233522625800587,0.17411126414827835,-0.8637081272475189,ebb,1.3463968515384828,0.9749279121818236,0.22252093395631445,harmonic_M2S2K1O1N2
2018-01-05 00:00:00,-0.7207708987826444,-0.749089968621083,-0.8195776282651542,ebb,1.7951958020513104,0.9749279121818236,-0.22252093395631434,harmonic_M2S2K1O1N2
2018-01-05 01:00:00,-1.4668200302723027,-1.5202788101111298,-0.5877405204368031,ebb,2.243994752564138,0.7818314824680299,-0.6234898018587335,harmonic_M2S2K1O1N2
2018-01-05 02:00:00,-1.8962519396562507,-1.96418133974132,-0.22504570869181406,ebb,2.6927937030769655,0.43388373911755823,-0.900968867902419,harmonic_M2S2K1O1N2
2018-01-05 03:00:00,-1.9169114476559308,-1.9855370137412547,0.18033905256066263,flood,3.141592653589793,1.2246467991473532e-16,-1.0,harmonic_M2S2K1O1N2
2018-01-05 04:00:00,-1.5355738345349255,-1.5913494198328442,0.531092554672862,flood,3.665191429188092,-0.4999999999999997,-0.8660254037844388,harmonic_M2S2K1O1N2
2018-01-05 05:00:00,-0.854726338310207,-0.8875593211880901,0.7449399880418477,flood,4.1887902047863905,-0.8660254037844385,-0.5000000000000004,harmonic_M2S2K1O1N2
2018-01-05 06:00:00,-0.04569385845123007,-0.051264773636683136,0.7748112404028665,flood,4.71238898038469,-1.0,-1.8369701987210297e-16,harmonic_M2S2K1O1N2
2018-01-05 07:00:00,0.6948961424955261,0.7142809803123094,0.6199596261814376,flood,5.235987755982988,-0.866025403784439,0.49999999999999933,harmonic_M2S2K1O1N2
2018-01-05 08:00:00,1.1942253939116452,1.2304361913676378,0.325364254887151,flood,5.759586531581288,-0.49999999999999967,0.8660254037844388,harmonic_M2S2K1O1N2
2018-01-05 09:00:00,1.345624652269828,1.3869371692892478,-0.03029280577811655,ebb,0.0,0.0,1.0,harmonic_M2S2K1O1N2
2018-01-05 10:00:00,1.133639782355412,1.1678090189537724,-0.35492134714294976,ebb,0.5235987755982988,0.49999999999999994,0.8660254037844387,harmonic_M2S2K1O1N2
2018-01-05 11:00:00,0.6357819579839286,0.6531748178024751,-0.5663980838700067,ebb,1.0471975511965976,0.8660254037844386,0.5000000000000001,harmonic_M2S2K1O1N2
2018-01-05 12:00:00,0.000843614615398669,-0.0031591215753146227,-0.6131179630052868,ebb,1.5707963267948966,1.0,6.123233995736766e-17,harmonic_M2S2K1O1N2
2018-01-05 13:00:00,-0.590453968026645,-0.6143817321064333,-0.4865954364612388,ebb,2.0943951023931953,0.8660254037844387,-0.4999999999999998,harmonic_M2S2K1O1N2
2018-01-05 14:00:00,-0.972347258307079,-1.0091437278963482,-0.2230447206470293,ebb,2.6179938779914944,0.49999999999999994,-0.8660254037844387,harmonic_M2S2K1O1N2
2018-01-05 15:00:00,-1.0365434093207035,-1.075503104562955,0.10632980852757984,flood,3.141592653589793,1.2246467991473532e-16,-1.0,harmonic_M2S2K1O1N2
2018-01-05 16:00:00,-0.7596876412519193,-0.7893180933821433,0.4137649802545649,flood,3.665191429188092,-0.4999999999999997,-0.8660254037844388,harmonic_M2S2K1O1N2
2018-01-05 17:00:00,-0.2090134488115738,-0.22008776446455786,0.6173642612495017,flood,4.1887902047863905,-0.8660254037844385,-0.5000000000000004,harmonic_M2S2K1O1N2
2018-01-05 18:00:00,0.4750408812470841,0.4870172290910832,0.6618409433364333,flood,4.71238898038469,-1.0,-1.8369701987210297e-16,harmonic_M2S2K1O1N2
2018-01-05 19:00:00,1.1146684378612928,1.1481983947141658,0.5323883920082486,flood,5.235987755982988,-0.866025403784439,0.49999999999999933,harmonic_M2S2K1O1N2
2018-01-05 20:00:00,1.5398176652635813,1.5876739282974448,0.25826735131199696,flood,5.759586531581288,-0.49999999999999967,0.8660254037844388,harmonic_M2S2K1O1N2
2018-01-05 21:00:00,1.6312031404852867,1.6821388311980405,-0.09468601815412858,ebb,0.0,0.0,1.0,harmonic_M2S2K1O1N2
2018-01-05 22:00:00,1.3504456289553242,1.3919205990233119,-0.44064596742102613,ebb,0.5235987755982988,0.49999999999999994,0.8660254037844387,harmonic_M2S2K1O1N2
2018-01-05 23:00:00,0.7499112056432344,0.7711498928578782,-0.6952401709103269,ebb,1.0471975511965976,0.8660254037844386,0.5000000000000001,harmonic_M2S2K1O1N2
2018-01-06 00:00:00,-0.04003471286532945,-0.04541493112094969,-0.7964489548232452,ebb,1.5707963267948966,1.0,6.123233995736766e-17,harmonic_M2S2K1O1N2
2018-01-06 01:00:00,-0.842986704003256,-0.8754240949696547,-0.7197596226950387,ebb,2.0943951023931953,0.8660254037844387,-0.4999999999999998,harmonic_M2S2K1O1N2
2018-01-06 02:00:00,-1.479553958255407,-1.5334418348428918,-0.48387087713808036,ebb,2.6179938779914944,0.49999999999999994,-0.8660254037844387,harmonic_M2S2K1O1N2
2018-01-06 03:00:00,-1.8107284582794168,-1.8757759630183386,-0.14564362945256826,ebb,3.141592653589793,1.2246467991473532e-16,-1.0,harmonic_M2S2K1O1N2
2018-01-06 04:00:00,-1.7708412171605434,-1.8345446365944644,0.21431099646731455,flood,3.5903916041026207,-0.433883739117558,-0.9009688679024191,harmonic_M2S2K1O1N2
2018-01-06 05:00:00,-1.3821064653447876,-1.4327106416923883,0.5117045515457016,flood,4.039190554615448,-0.7818314824680297,-0.6234898018587337,harmonic_M2S2K1O1N2
2018-01-06 06:00:00,-0.7474321140691402,-0.7766495901817368,0.679246657060181,flood,4.487989505128276,-0.9749279121818236,-0.2225209339563146,harmonic_M2S2K1O1N2
2018-01-06 07:00:00,-0.023613151224425755,-0.028440010083217126,0.6827873395536814,flood,4.9367884556411035,-0.9749279121818236,0.22252093395631423,harmonic_M2S2K1O1N2
2018-01-06 08:00:00,0.6181425650382226,0.6349410280476039,0.5289934645720673,flood,5.385587406153931,-0.7818314824680299,0.6234898018587334,harmonic_M2S2K1O1N2
2018-01-06 09:00:00,1.0343737779197089,1.0651980356700568,0.26279040706859513,flood,5.834386356666759,-0.43388373911755834,0.900968867902419,harmonic_M2S2K1O1N2
2018-01-06 10:00:00,1.143723379175413,1.1782324039849188,-0.04462823312477099,ebb,0.0,0.0,1.0,harmonic_M2S2K1O1N2
2018-01-06 11:00:00,0.9451173116701669,0.9729338832206899,-0.31408742534240053,ebb,0.5235987755982988,0.49999999999999994,0.8660254037844387,harmonic_M2S2K1O1N2
2018-01-06 12:00:00,0.5155485284906118,0.528889867541647,-0.47836212204592865,ebb,1.0471975511965976,0.8660254037844386,0.5000000000000001,harmonic_M2S2K1O1N2
2018-01-06 13:00:00,-0.011606932421690447,-0.016029216238219793,-0.49876597382177473,ebb,1.5707963267948966,1.0,6.123233995736766e-17,harmonic_M2S2K1O1N2
2018-01-06 14:00:00,-0.48198341915293763,-0.5022560377105765,-0.3743205901346383,ebb,2.0943951023931953,0.8660254037844387,-0.4999999999999998,harmonic_M2S2K1O1N2
2018-01-06 15:00:00,-0.760248112690967,-0.7898974510967007,-0.1413389453287997,ebb,2.6179938779914944,0.49999999999999994,-0.8660254037844387,harmonic_M2S2K1O1N2
2018-01-06 16:00:00,-0.764661309810537,-0.7944593602662922,0.13632432788845306,flood,3.141592653589793,1.2246467991473532e-16,-1.0,harmonic_M2S2K1O1N2
2018-01-06 17:00:00,-0.4875994569140609,-0.5080613197918211,0.38378466436254194,flood,3.665191429188092,-0.4999999999999997,-0.8660254037844388,harmonic_M2S2K1O1N2
2018-01-06 18:00:00,0.0029080189145468116,-0.0010251527887707077,0.5341872175112774,flood,4.1887902047863905,-0.8660254037844385,-0.5000000000000004,harmonic_M2S2K1O1N2
2018-01-06 19:00:00,0.5807749781084939,0.5963142609122071,0.5455299707017163,flood,4.71238898038469,-1.0,-1.8369701987210297e-16,harmonic_M2S2K1O1N2
2018-01-06 20:00:00,1.0939679603179793,1.1268003706148109,0.4110923952291078,flood,5.235987755982988,-0.866025403784439,0.49999999999999933,harmonic_M2S2K1O1N2
2018-01-06 21:00:00,1.4029597685667095,1.446204314102353,0.1609603163124712,flood,5.759586531581288,-0.49999999999999967,0.8660254037844388,harmonic_M2S2K1O1N2
2018-01-06 22:00:00,1.4158885929429217,1.4595688026751243,-0.14561725988290375,ebb,0.0,0.0,1.0,harmonic_M2S2K1O1N2
2018-01-06 23:00:00,1.111725248800902,1.1451560286474205,-0.43502819201429527,ebb,0.5235987755982988,0.49999999999999994,0.8660254037844387,harmonic_M2S2K1O1N2
2018-01-07 00:00:00,0.5458322089143312,0.560194020895985,-0.6375012544201664,ebb,1.0471975511965976,0.8660254037844386,0.5000000000000001,harmonic_M2S2K1O1N2
2018-01-07 01:00:00,-0.1632772600394307,-0.17281039767380507,-0.7041754906232631,ebb,1.5707963267948966,1.0,6.123233995736766e-17,harmonic_M2S2K1O1N2
2018-01-07 02:00:00,-0.862518772332195,-0.8956143378246022,-0.6188444801849394,ebb,2.0943951023931953,0.8660254037844387,-0.4999999999999998,harmonic_M2S2K1O1N2
2018-01-07 03:00:00,-1.4009662204093096,-1.4522059162595653,-0.401562284177987,ebb,2.6179938779914944,0.49999999999999994,-0.8660254037844387,harmonic_M2S2K1O1N2
2018-01-07 04:00:00,-1.665643340688169,-1.7258018942472493,-0.10334614746178572,ebb,3.141592653589793,1.2246467991473532e-16,-1.0,harmonic_M2S2K1O1N2
2018-01-07 05:00:00,-1.607658515332881,-1.6658631470491136,0.20658651415136053,flood,3.5903916041026207,-0.433883739117558,-0.9009688679024191,harmonic_M2S2K1O1N2
2018-01-07 06:00:00,-1.252470312385448,-1.2987061232281436,0.4577984413729662,flood,4.039190554615448,-0.7818314824680297,-0.6234898018587337,harmonic_M2S2K1O1N2
2018-01-07 07:00:00,-0.6920616325869486,-0.7194132827260403,0.5956016675514951,flood,4.487989505128276,-0.9749279121818236,-0.2225209339563146,harmonic_M2S2K1O1N2
2018-01-07 08:00:00,-0.061266977282457724,-0.06736266178228144,0.5938639812517772,flood,4.9367884556411035,-0.9749279121818236,0.22252093395631423,harmonic_M2S2K1O1N2
2018-01-07 09:00:00,0.49566632991660575,0.5083376960593922,0.4605971940933754,flood,5.385587406153931,-0.7818314824680299,0.6234898018587334,harmonic_M2S2K1O1N2
2018-01-07 10:00:00,0.8599274109042931,0.8848733278158386,0.2350983411734423,flood,5.834386356666759,-0.43388373911755834,0.900968867902419,harmonic_M2S2K1O1N2
2018-01-07 11:00:00,0.9658630122634904,0.9943786542567732,-0.0224902339265467,ebb,0.0,0.0,1.0,harmonic_M2S2K1O1N2
2018-01-07 12:00:00,0.8149469430511997,0.8383771475655595,-0.24649256780413686,ebb,0.6283185307179586,0.5877852522924731,0.8090169943749475,harmonic_M2S2K1O1N2
2018-01-07 13:00:00,0.47287787665521663,0.48478133746554214,-0.3820291175038932,ebb,1.2566370614359172,0.9510565162951535,0.30901699437494745,harmonic_M2S2K1O1N2
2018-01-07 14:00:00,0.05088870804341336,0.048572347565262734,-0.39833451292359057,ebb,1.8849555921538759,0.9510565162951536,-0.30901699437494734,harmonic_M2S2K1O1N2
2018-01-07 15:00:00,-0.32379114919196444,-0.338733143232715,-0.29584718011055566,ebb,2.5132741228718345,0.5877852522924732,-0.8090169943749473,harmonic_M2S2K1O1N2
2018-01-07 16:00:00,-0.5408056521776979,-0.5630604108081562,-0.10544323826689952,ebb,3.141592653589793,1.2246467991473532e-16,-1.0,harmonic_M2S2K1O1N2
2018-01-07 17:00:00,-0.5346776257257635,-0.5567258874897637,0.11985506712465027,flood,3.665191429188092,-0.4999999999999997,-0.8660254037844388,harmonic_M2S2K1O1N2
2018-01-07 18:00:00,-0.3010955179283974,-0.3152727344710459,0.3185251173809948,flood,4.1887902047863905,-0.8660254037844385,-0.5000000000000004,harmonic_M2S2K1O1N2
2018-01-07 19:00:00,0.10237260903622614,0.10179110794738098,0.4360967886436241,flood,4.71238898038469,-1.0,-1.8369701987210297e-16,harmonic_M2S2K1O1N2
2018-01-07 20:00:00,0.5710980593588508,0.5863112578327323,0.43875622109790696,flood,5.235987755982988,-0.866025403784439,0.49999999999999933,harmonic_M2S2K1O1N2
2018-01-07 21:00:00,0.9798850512320401,1.0088731956094215,0.3216856005081261,flood,5.759586531581288,-0.49999999999999967,0.8660254037844388,harmonic_M2S2K1O1N2
2018-01-07 22:00:00,1.214469260375103,1.251362217907017,0.11016601414759142,flood,0.0,0.0,1.0,harmonic_M2S2K1O1N2
2018-01-07 23:00:00,1.200217079527223,1.2366297795556216,-0.1467291890488127,ebb,0.4487989505128276,0.4338837391175581,0.9009688679024191,harmonic_M2S2K1O1N2
2018-01-08 00:00:00,0.9210108822774776,0.9480151364905794,-0.388211603549939,ebb,0.8975979010256552,0.7818314824680298,0.6234898018587336,harmonic_M2S2K1O1N2
2018-01-08 01:00:00,0.4237938724273449,0.4340433434669395,-0.5566053091398921,ebb,1.3463968515384828,0.9749279121818236,0.22252093395631445,harmonic_M2S2K1O1N2
2018-01-08 02:00:00,-0.1921997360023066,-0.20270747789196386,-0.6112815972364416,ebb,1.7951958020513104,0.9749279121818236,-0.22252093395631434,harmonic_M2S2K1O1N2
2018-01-08 03:00:00,-0.7987693220455383,-0.8297167144146946,-0.5383307432297495,ebb,2.243994752564138,0.7818314824680299,-0.6234898018587335,harmonic_M2S2K1O1N2
2018-01-08 04:00:00,-1.2688612224618057,-1.3156493598317627,-0.35368706798445393,ebb,2.6927937030769655,0.43388373911755823,-0.900968867902419,harmonic_M2S2K1O1N2
2018-01-08 05:00:00,-1.5061434580144462,-1.5609273242690764,-0.0990450531681174,ebb,3.141592653589793,1.2246467991473532e-16,-1.0,harmonic_M2S2K1O1N2
2018-01-08 06:00:00,-1.4669513287980405,-1.520414533019554,0.16834159463444787,flood,3.5903916041026207,-0.433883739117558,-0.9009688679024191,harmonic_M2S2K1O1N2
2018-01-08 07:00:00,-1.1694602687455504,-1.2128988798648717,0.38942621198984695,flood,4.039190554615448,-0.7818314824680297,-0.6234898018587337,harmonic_M2S2K1O1N2
2018-01-08 08:00:00,-0.6880989048183466,-0.7153170224289381,0.5173311393502422,flood,4.487989505128276,-0.9749279121818236,-0.2225209339563146,harmonic_M2S2K1O1N2
2018-01-08 09:00:00,-0.13479799004506607,-0.1433714581905805,0.5281456351522293,flood,4.9367884556411035,-0.9749279121818236,0.22252093395631423,harmonic_M2S2K1O1N2
2018-01-08 10:00:00,0.3681923654861121,0.37656822565869036,0.4260203284430816,flood,5.385587406153931,-0.7818314824680299,0.6234898018587334,harmonic_M2S2K1O1N2
2018-01-08 11:00:00,0.717242666841097,0.7373805182569211,0.24143706145321764,flood,5.834386356666759,-0.43388373911755834,0.900968867902419,harmonic_M2S2K1O1N2
2018-01-08 12:00:00,0.8510664883925474,0.8757138177005709,0.023196629026800586,flood,0.0,0.0,1.0,harmonic_M2S2K1O1N2
2018-01-08 13:00:00,0.7636359248946982,0.7853370956741035,-0.1738290937830504,ebb,0.5235987755982988,0.49999999999999994,0.8660254037844387,harmonic_M2S2K1O1N2
2018-01-08 14:00:00,0.5034083008264466,0.5163405491220159,-0.3021490154055215,ebb,1.0471975511965976,0.8660254037844386,0.5000000000000001,harmonic_M2S2K1O1N2
2018-01-08 15:00:00,0.15933789408365523,0.16067595926160852,-0.33303871385067874,ebb,1.5707963267948966,1.0,6.123233995736766e-17,harmonic_M2S2K1O1N2
2018-01-08 16:00:00,-0.16266912687491092,-0.17218177217070818,-0.26314327085573197,ebb,2.0943951023931953,0.8660254037844387,-0.4999999999999998,harmonic_M2S2K1O1N2
2018-01-08 17:00:00,-0.36694864762780866,-0.3833449252394722,-0.11477787925636321,ebb,2.6179938779914944,0.49999999999999994,-0.8660254037844387,harmonic_M2S2K1O1N2
2018-01-08 18:00:00,-0.39222488538763733,-0.40947289951417914,0.07004845425063451,flood,3.141592653589793,1.2246467991473532e-16,-1.0,harmonic_M2S2K1O1N2
2018-01-08 19:00:00,-0.22685173912653964,-0.2385271538579792,0.2403461092543398,flood,3.665191429188092,-0.4999999999999997,-0.8660254037844388,harmonic_M2S2K1O1N2
2018-01-08 20:00:00,0.08846733312104227,0.08741726422717186,0.3489331198374583,flood,4.1887902047863905,-0.8660254037844385,-0.5000000000000004,harmonic_M2S2K1O1N2
2018-01-08 21:00:00,0.4710145005483769,0.4828551709432051,0.3641708182604006,flood,4.71238898038469,-1.0,-1.8369701987210297e-16,harmonic_M2S2K1O1N2
2018-01-08 22:00:00,0.8168089696418435,0.840301919096886,0.27781136517104094,flood,5.235987755982988,-0.866025403784439,0.49999999999999933,harmonic_M2S2K1O1N2
2018-01-08 23:00:00,1.0266372308904588,1.0572007892572,0.10709126626669874,flood,5.759586531581288,-0.49999999999999967,0.8660254037844388,harmonic_M2S2K1O1N2
2018-01-09 00:00:00,1.030991502175241,1.0617017869608494,-0.10938935434611347,ebb,0.0,0.0,1.0,harmonic_M2S2K1O1N2
2018-01-09 01:00:00,0.8078585221982318,0.8310498673170333,-0.3209621847696412,ebb,0.5235987755982988,0.49999999999999994,0.8660254037844387,harmonic_M2S2K1O1N2
2018-01-09 02:00:00,0.3890671326359585,0.3981464124230397,-0.4770872184847375,ebb,1.0471975511965976,0.8660254037844386,0.5000000000000001,harmonic_M2S2K1O1N2
2018-01-09 03:00:00,-0.14631591477124317,-0.15527750385303457,-0.5394999548737487,ebb,1.5707963267948966,1.0,6.123233995736766e-17,harmonic_M2S2K1O1N2
2018-01-09 04:00:00,-0.6899327771115389,-0.7172126909439644,-0.4913948963624092,ebb,2.0943951023931953,0.8660254037844387,-0.4999999999999998,harmonic_M2S2K1O1N2
2018-01-09 05:00:00,-1.1291057074960615,-1.1711844859660512,-0.3414632626487114,ebb,2.6179938779914944,0.49999999999999994,-0.8660254037844387,harmonic_M2S2K1O1N2
2018-01-09 06:00:00,-1.3728593024089617,-1.4231518759616248,-0.12184976228111577,ebb,3.141592653589793,1.2246467991473532e-16,-1.0,harmonic_M2S2K1O1N2
2018-01-09 07:00:00,-1.372805232058293,-1.4230959835956516,0.11944744372108407,flood,3.5903916041026207,-0.433883739117558,-0.9009688679024191,harmonic_M2S2K1O1N2
2018-01-09 08:00:00,-1.1339644149667936,-1.1762069179042953,0.32988737790934897,flood,4.039190554615448,-0.7818314824680297,-0.6234898018587337,harmonic_M2S2K1O1N2
2018-01-09 09:00:00,-0.7130304762395951,-0.7410887161007584,0.46469001624700934,flood,4.487989505128276,-0.9749279121818236,-0.2225209339563146,harmonic_M2S2K1O1N2
2018-01-09 10:00:00,-0.20458438247277483,-0.2155094513286913,0.4971989212517642,flood,4.9367884556411035,-0.9749279121818236,0.22252093395631423,harmonic_M2S2K1O1N2
2018-01-09 11:00:00,0.2813673662639332,0.28681747368230454,0.42485257221737327,flood,5.385587406153931,-0.7818314824680299,0.6234898018587334,harmonic_M2S2K1O1N2
2018-01-09 12:00:00,0.6451207619619718,0.6628283126150076,0.26937886514500575,flood,5.834386356666759,-0.43388373911755834,0.900968867902419,harmonic_M2S2K1O1N2
2018-01-09 13:00:00,0.8201250965539447,0.8437297899483285,0.07121505692814345,flood,0.0,0.0,1.0,harmonic_M2S2K1O1N2
2018-01-09 14:00:00,0.7875508758182587,0.8100579116613915,-0.12046602681472574,ebb,0.5235987755982988,0.49999999999999994,0.8660254037844387,harmonic_M2S2K1O1N2
2018-01-09 15:00:00,0.5791930429244933,0.5946790190623494,-0.2597016492181938,ebb,1.0471975511965976,0.8660254037844386,0.5000000000000001,harmonic_M2S2K1O1N2
2018-01-09 16:00:00,0.2681475773818711,0.27315221593668676,-0.31477755836882204,ebb,1.5707963267948966,1.0,6.123233995736766e-17,harmonic_M2S2K1O1N2
2018-01-09 17:00:00,-0.050362073813150776,-0.05609029442992807,-0.2757129316196945,ebb,2.0943951023931953,0.8660254037844387,-0.4999999999999998,harmonic_M2S2K1O1N2
2018-01-09 18:00:00,-0.2832782858575179,-0.2968551129239705,-0.1564106423655415,ebb,2.6179938779914944,0.49999999999999994,-0.8660254037844387,harmonic_M2S2K1O1N2
2018-01-09 19:00:00,-0.3631833585442338,-0.3794527567432242,0.009019762220515093,flood,3.141592653589793,1.2246467991473532e-16,-1.0,harmonic_M2S2K1O1N2
2018-01-09 20:00:00,-0.2652387614164877,-0.27820770839321096,0.17485548856576966,flood,3.665191429188092,-0.4999999999999997,-0.8660254037844388,harmonic_M2S2K1O1N2
2018-01-09 21:00:00,-0.013472381412694467,-0.017957525494955533,0.2951767335657336,flood,4.1887902047863905,-0.8660254037844385,-0.5000000000000004,harmonic_M2S2K1O1N2
2018-01-09 22:00:00,0.32511470571497947,0.3320389726500194,0.335332982581073,flood,4.71238898038469,-1.0,-1.8369701987210297e-16,harmonic_M2S2K1O1N2
2018-01-09 23:00:00,0.6571935837494516,0.6753079537737767,0.28067366719740655,flood,5.235987755982988,-0.866025403784439,0.49999999999999933,harmonic_M2S2K1O1N2
2018-01-10 00:00:00,0.8864620401097926,0.9123020977086439,0.14041442815013971,flood,5.759586531581288,-0.49999999999999967,0.8660254037844388,harmonic_M2S2K1O1N2
2018-01-10 01:00:00,0.938022440049731,0.9655999348323854,-0.05431930932860041,ebb,0.0,0.0,1.0,harmonic_M2S2K1O1N2
2018-01-10 02:00:00,0.7778234214525918,0.8000026700609796,-0.25782534672527907,ebb,0.4487989505128276,0.4338837391175581,0.9009688679024191,harmonic_M2S2K1O1N2
2018-01-10 03:00:00,0.42237174659917287,0.43257329608857026,-0.4207863556396798,ebb,0.8975979010256552,0.7818314824680298,0.6234898018587336,harmonic_M2S2K1O1N2
2018-01-10 04:00:00,-0.06374928982676781,-0.06992862111989276,-0.5022261152417731,ebb,1.3463968515384828,0.9749279121818236,0.22252093395631445,harmonic_M2S2K1O1N2
2018-01-10 05:00:00,-0.5820804838843733,-0.605726085631757,-0.47957098151025834,ebb,1.7951958020513104,0.9749279121818236,-0.22252093395631434,harmonic_M2S2K1O1N2
2018-01-10 06:00:00,-1.0228912528472844,-1.061390909681695,-0.35436741782756226,ebb,2.243994752564138,0.7818314824680299,-0.6234898018587335,harmonic_M2S2K1O1N2
2018-01-10 07:00:00,-1.2908153195394978,-1.3383432468382381,-0.15224019698946545,ebb,2.6927937030769655,0.43388373911755823,-0.900968867902419,harmonic_M2S2K1O1N2
2018-01-10 08:00:00,-1.3273716468262153,-1.3761314172139387,0.08294206359656298,flood,3.141592653589793,1.2246467991473532e-16,-1.0,harmonic_M2S2K1O1N2
2018-01-10 09:00:00,-1.1249311923463718,-1.1668693016622458,0.29932793816766134,flood,3.665191429188092,-0.4999999999999997,-0.8660254037844388,harmonic_M2S2K1O1N2
2018-01-10 10:00:00,-0.7287157704908926,-0.7573025596554523,0.4493255106924188,flood,4.1887902047863905,-0.8660254037844385,-0.5000000000000004,harmonic_M2S2K1O1N2
2018-01-10 11:00:00,-0.2262801709615343,-0.23793632548971488,0.5008848884914786,flood,4.71238898038469,-1.0,-1.8369701987210297e-16,harmonic_M2S2K1O1N2
2018-01-10 12:00:00,0.2730540064920646,0.27822397759638867,0.44509201885299476,flood,5.235987755982988,-0.866025403784439,0.49999999999999933,harmonic_M2S2K1O1N2
2018-01-10 13:00:00,0.6639038667444552,0.6822443540060971,0.29821970836963707,flood,5.759586531581288,-0.49999999999999967,0.8660254037844388,harmonic_M2S2K1O1N2
2018-01-10 14:00:00,0.8694934232313387,0.8947616872452552,0.09771297285231323,flood,0.0,0.0,1.0,harmonic_M2S2K1O1N2
2018-01-10 15:00:00,0.8593298124490817,0.8842555920114546,-0.10694528559921268,ebb,0.5235987755982988,0.49999999999999994,0.8660254037844387,harmonic_M2S2K1O1N2
2018-01-10 16:00:00,0.6556028520329134,0.673663618973535,-0.2662912404243313,ebb,1.0471975511965976,0.8660254037844386,0.5000000000000001,harmonic_M2S2K1O1N2
2018-01-10 17:00:00,0.32674733160041913,0.33372661333216175,-0.3429358560880279,ebb,1.5707963267948966,1.0,6.123233995736766e-17,harmonic_M2S2K1O1N2
2018-01-10 18:00:00,-0.03026886014314245,-0.035319997249841494,-0.3206750432796869,ebb,2.0943951023931953,0.8660254037844387,-0.4999999999999998,harmonic_M2S2K1O1N2
2018-01-10 19:00:00,-0.3146027549589546,-0.3292351265410262,-0.20840818697066454,ebb,2.6179938779914944,0.49999999999999994,-0.8660254037844387,harmonic_M2S2K1O1N2
2018-01-10 20:00:00,-0.44708523408447154,-0.4661818841768575,-0.03787301853782868,ebb,3.141592653589793,1.2246467991473532e-16,-1.0,harmonic_M2S2K1O1N2
2018-01-10 21:00:00,-0.390348792034612,-0.4075335872110365,0.1442859567118548,flood,3.665191429188092,-0.4999999999999997,-0.8660254037844388,harmonic_M2S2K1O1N2
2018-01-10 22:00:00,-0.15851332066076196,-0.16788592723976198,0.288200545194882,flood,4.1887902047863905,-0.8660254037844385,-0.5000000000000004,harmonic_M2S2K1O1N2
2018-01-10 23:00:00,0.18605229835515197,0.1882905621230796,0.3533563972938,flood,4.71238898038469,-1.0,-1.8369701987210297e-16,harmonic_M2S2K1O1N2
2018-01-11 00:00:00,0.548199473926838,0.5626410559308624,0.31895818534258347,flood,5.235987755982988,-0.866025403784439,0.49999999999999933,harmonic_M2S2K1O1N2
2018-01-11 01:00:00,0.823968669040319,0.8477028797728973,0.18948824178591916,flood,5.759586531581288,-0.49999999999999967,0.8660254037844388,harmonic_M2S2K1O1N2
2018-01-11 02:00:00,0.9271759574986763,0.9543879570152035,-0.005977092769074821,ebb,0.0,0.0,1.0,harmonic_M2S2K1O1N2
2018-01-11 03:00:00,0.8120144835021693,0.835345872563848,-0.2206020206109309,ebb,0.4487989505128276,0.4338837391175581,0.9009688679024191,harmonic_M2S2K1O1N2
2018-01-11 04:00:00,0.4859719162768145,0.49831660856228865,-0.4011613796546263,ebb,0.8975979010256552,0.7818314824680298,0.6234898018587336,harmonic_M2S2K1O1N2
2018-01-11 05:00:00,0.009691724192916723,0.00598714384669361,-0.501186542195088,ebb,1.3463968515384828,0.9749279121818236,0.22252093395631445,harmonic_M2S2K1O1N2
2018-01-11 06:00:00,-0.5164011681133615,-0.5378335658212066,-0.49265070476534056,ebb,1.7951958020513104,0.9749279121818236,-0.22252093395631434,harmonic_M2S2K1O1N2
2018-01-11 07:00:00,-0.9756096853377644,-1.0125160893348184,-0.37327541639351886,ebb,2.243994752564138,0.7818314824680299,-0.6234898018587335,harmonic_M2S2K1O1N2
2018-01-11 08:00:00,-1.2629520009003992,-1.3095410144993986,-0.16758577229388155,ebb,2.6927937030769655,0.43388373911755823,-0.900968867902419,harmonic_M2S2K1O1N2
2018-01-11 09:00:00,-1.3107812299255275,-1.3589819509798162,0.07863421984464114,flood,3.141592653589793,1.2246467991473532e-16,-1.0,harmonic_M2S2K1O1N2
2018-01-11 10:00:00,-1.1056835612111169,-1.1469730807163325,0.30920321094954556,flood,3.665191429188092,-0.4999999999999997,-0.8660254037844388,harmonic_M2S2K1O1N2
2018-01-11 11:00:00,-0.6923748080264364,-0.719737011277107,0.4711028483519044,flood,4.1887902047863905,-0.8660254037844385,-0.5000000000000004,harmonic_M2S2K1O1N2
2018-01-11 12:00:00,-0.16347786450730808,-0.17301776193528634,0.5274154423586976,flood,4.71238898038469,-1.0,-1.8369701987210297e-16,harmonic_M2S2K1O1N2
2018-01-11 13:00:00,0.3624560766909588,0.3706386404294259,0.4664300799543774,flood,5.235987755982988,-0.866025403784439,0.49999999999999933,harmonic_M2S2K1O1N2
2018-01-11 14:00:00,0.7693822954014468,0.7912771023396475,0.3046202136431603,flood,5.759586531581288,-0.49999999999999967,0.8660254037844388,harmonic_M2S2K1O1N2
2018-01-11 15:00:00,0.9716965039772794,1.0004087178634635,0.08269117865699743,flood,0.0,0.0,1.0,harmonic_M2S2K1O1N2
2018-01-11 16:00:00,0.9347646527154416,0.9622323694347352,-0.14438951575954717,ebb,0.5235987755982988,0.49999999999999994,0.8660254037844387,harmonic_M2S2K1O1N2
2018-01-11 17:00:00,0.682917472458185,0.7018986635468664,-0.3209575325064825,ebb,1.0471975511965976,0.8660254037844386,0.5000000000000001,harmonic_M2S2K1O1N2
2018-01-11 18:00:00,0.2928495877024766,0.29868661295901877,-0.40446755071571805,ebb,1.5707963267948966,1.0,6.123233995736766e-17,harmonic_M2S2K1O1N2
2018-01-11 19:00:00,-0.1260176289732511,-0.13429522420406437,-0.376114948279233,ebb,2.0943951023931953,0.8660254037844387,-0.4999999999999998,harmonic_M2S2K1O1N2
2018-01-11 20:00:00,-0.45938030885598935,-0.47889126760599937,-0.24557932021003737,ebb,2.6179938779914944,0.49999999999999994,-0.8660254037844387,harmonic_M2S2K1O1N2
2018-01-11 21:00:00,-0.6171762693933258,-0.6420044981724832,-0.048647895951075715,ebb,3.141592653589793,1.2246467991473532e-16,-1.0,harmonic_M2S2K1O1N2
2018-01-11 22:00:00,-0.5566761007581408,-0.5794656478603606,0.1617518011429805,flood,3.665191429188092,-0.4999999999999997,-0.8660254037844388,harmonic_M2S2K1O1N2
2018-01-11 23:00:00,-0.29367266710736484,-0.3075997549263939,0.3289201264176647,flood,4.1887902047863905,-0.8660254037844385,-0.5000000000000004,harmonic_M2S2K1O1N2
2018-01-12 00:00:00,0.10116415207718862,0.1005419294644976,0.4068329882714913,flood,4.71238898038469,-1.0,-1.8369701987210297e-16,harmonic_M2S2K1O1N2
2018-01-12 01:00:00,0.5199933094356177,0.5334844248207525,0.37203698445405115,flood,5.235987755982988,-0.866025403784439,0.49999999999999933,harmonic_M2S2K1O1N2
2018-01-12 02:00:00,0.8452381209852909,0.8696890510748051,0.22995922071248698,flood,5.759586531581288,-0.49999999999999967,0.8660254037844388,harmonic_M2S2K1O1N2
2018-01-12 03:00:00,0.9799117508605917,1.0089007949386637,0.01396974687729935,flood,0.0,0.0,1.0,harmonic_M2S2K1O1N2
2018-01-12 04:00:00,0.8731776147398896,0.8985700254114477,-0.22265812625732795,ebb,0.4487989505128276,0.4338837391175581,0.9009688679024191,harmonic_M2S2K1O1N2
2018-01-12 05:00:00,0.5345954983459358,0.5485786654996228,-0.41995010675336925,ebb,0.8975979010256552,0.7818314824680298,0.6234898018587336,harmonic_M2S2K1O1N2
2018-01-12 06:00:00,0.03327740123315115,0.030367590367820507,-0.5263278576404431,ebb,1.3463968515384828,0.9749279121818236,0.22252093395631445,harmonic_M2S2K1O1N2
2018-01-12 07:00:00,-0.5180602169349504,-0.5395485198164508,-0.5118116591253271,ebb,1.7951958020513104,0.9749279121818236,-0.22252093395631434,harmonic_M2S2K1O1N2
2018-01-12 08:00:00,-0.9903459170175031,-1.027748889638915,-0.37596876725978023,ebb,2.243994752564138,0.7818314824680299,-0.6234898018587335,harmonic_M2S2K1O1N2
2018-01-12 09:00:00,-1.2699977514545109,-1.3168241865827224,-0.14853064087374968,ebb,2.6927937030769655,0.43388373911755823,-0.900968867902419,harmonic_M2S2K1O1N2
2018-01-12 10:00:00,-1.2874071987650024,-1.3348202821958248,0.11757320650372705,flood,3.141592653589793,1.2246467991473532e-16,-1.0,harmonic_M2S2K1O1N2
2018-01-12 11:00:00,-1.0348513384470568,-1.0737540157674743,0.3591051838117749,flood,3.665191429188092,-0.4999999999999997,-0.8660254037844388,harmonic_M2S2K1O1N2
2018-01-12 12:00:00,-0.5691968311414526,-0.5924082908464,0.5181573390186331,flood,4.1887902047863905,-0.8660254037844385,-0.5000000000000004,harmonic_M2S2K1O1N2
2018-01-12 13:00:00,0.0014633395902094448,-0.0025185136512594288,0.5566283192232533,flood,4.71238898038469,-1.0,-1.8369701987210297e-16,harmonic_M2S2K1O1N2
2018-01-12 14:00:00,0.544059807305054,0.5583618944501244,0.4658782621694201,flood,5.235987755982988,-0.866025403784439,0.49999999999999933,harmonic_M2S2K1O1N2
2018-01-12 15:00:00,0.9332198639290497,0.9606355257092479,0.2690768506836365,flood,5.759586531581288,-0.49999999999999967,0.8660254037844388,harmonic_M2S2K1O1N2
2018-01-12 16:00:00,1.082213508672327,1.1146498277559762,0.015579136364244073,flood,0.0,0.0,1.0,harmonic_M2S2K1O1N2
2018-01-12 17:00:00,0.9643781366575378,0.9928437426135884,-0.23132734546484834,ebb,0.5235987755982988,0.49999999999999994,0.8660254037844387,harmonic_M2S2K1O1N2
2018-01-12 18:00:00,0.6195588177426303,0.6364050043948298,-0.41026935404958276,ebb,1.0471975511965976,0.8660254037844386,0.5000000000000001,harmonic_M2S2K1O1N2
2018-01-12 19:00:00,0.14383942855837223,0.14465524002365296,-0.4772530166698281,ebb,1.5707963267948966,1.0,6.123233995736766e-17,harmonic_M2S2K1O1N2
2018-01-12 20:00:00,-0.3349472155970259,-0.35026513698938166,-0.41682893540504695,ebb,2.0943951023931953,0.8660254037844387,-0.4999999999999998,harmonic_M2S2K1O1N2
2018-01-12 21:00:00,-0.6898184422517216,-0.7170945033282127,-0.24609149138204167,ebb,2.6179938779914944,0.49999999999999994,-0.8660254037844387,harmonic_M2S2K1O1N2
2018-01-12 22:00:00,-0.8271301983611092,-0.8590332706926652,-0.010437941490327896,ebb,3.141592653589793,1.2246467991473532e-16,-1.0,harmonic_M2S2K1O1N2
2018-01-12 23:00:00,-0.7106943252323774,-0.7386738435236605,0.22790380142311376,flood,3.665191429188092,-0.4999999999999997,-0.8660254037844388,harmonic_M2S2K1O1N2
2018-01-13 00:00:00,-0.3713225955148817,-0.38786626259031726,0.40572135596920933,flood,4.1887902047863905,-0.8660254037844385,-0.5000000000000004,harmonic_M2S2K1O1N2
2018-01-13 01:00:00,0.1007483867060412,0.10011215399613582,0.4750401192792384,flood,4.71238898038469,-1.0,-1.8369701987210297e-16,harmonic_M2S2K1O1N2
2018-01-13 02:00:00,0.5787576430435951,0.5942289474577297,0.4155892041014144,flood,5.235987755982988,-0.866025403784439,0.49999999999999933,harmonic_M2S2K1O1N2
2018-01-13 03:00:00,0.9319267949088701,0.9592988839821169,0.24029553705179524,flood,5.759586531581288,-0.49999999999999967,0.8660254037844388,harmonic_M2S2K1O1N2
2018-01-13 04:00:00,1.0593487171471856,1.0910145585184439,-0.0076635896837704,ebb,0.0,0.0,1.0,harmonic_M2S2K1O1N2
2018-01-13 05:00:00,0.9165996155413293,0.943455222752779,-0.26558067794621454,ebb,0.5235987755982988,0.49999999999999994,0.8660254037844387,harmonic_M2S2K1O1N2
2018-01-13 06:00:00,0.5281873612547565,0.5419545926190762,-0.46705211157310356,ebb,1.0471975511965976,0.8660254037844386,0.5000000000000001,harmonic_M2S2K1O1N2
2018-01-13 07:00:00,-0.017504607604877875,-0.022125626112627587,-0.5589353909927091,ebb,1.5707963267948966,1.0,6.123233995736766e-17,harmonic_M2S2K1O1N2
2018-01-13 08:00:00,-0.5896834207306615,-0.6135852195827658,-0.5151116006604031,ebb,2.0943951023931953,0.8660254037844387,-0.4999999999999998,harmonic_M2S2K1O1N2
2018-01-13 09:00:00,-1.047727808925684,-1.0870643862668883,-0.3435069447981915,ebb,2.6179938779914944,0.49999999999999994,-0.8660254037844387,harmonic_M2S2K1O1N2
2018-01-13 10:00:00,-1.2766973103270445,-1.3237495013204892,-0.08451209329371456,ebb,3.141592653589793,1.2246467991473532e-16,-1.0,harmonic_M2S2K1O1N2
2018-01-13 11:00:00,-1.2167519955131132,-1.2617842018075676,0.19888490091933653,flood,3.5903916041026207,-0.433883739117558,-0.9009688679024191,harmonic_M2S2K1O1N2
2018-01-13 12:00:00,-0.8789275084883714,-0.91257600119566,0.4368184517421291,flood,4.039190554615448,-0.7818314824680297,-0.6234898018587337,harmonic_M2S2K1O1N2
2018-01-13 13:00:00,-0.3431150920288551,-0.35870824736512713,0.57016741744781,flood,4.487989505128276,-0.9749279121818236,-0.2225209339563146,harmonic_M2S2K1O1N2
2018-01-13 14:00:00,0.2614073264072484,0.2661848378900259,0.5656061486636007,flood,4.9367884556411035,-0.9749279121818236,0.22252093395631423,harmonic_M2S2K1O1N2
2018-01-13 15:00:00,0.7880972052983464,0.810622650873646,0.424226881201385,flood,5.385587406153931,-0.7818314824680299,0.6234898018587334,harmonic_M2S2K1O1N2
2018-01-13 16:00:00,1.1098610888100184,1.143229051826402,0.18148234227486737,flood,5.834386356666759,-0.43388373911755834,0.900968867902419,harmonic_M2S2K1O1N2
2018-01-13 17:00:00,1.151061889848081,1.1858182013607794,-0.1016062856055055,ebb,0.0,0.0,1.0,harmonic_M2S2K1O1N2
2018-01-13 18:00:00,0.9066485175990074,0.9331688014304059,-0.35380130526374354,ebb,0.5235987755982988,0.49999999999999994,0.8660254037844387,harmonic_M2S2K1O1N2
2018-01-13 19:00:00,0.44345927932059404,0.45437141801231606,-0.5116928389775262,ebb,1.0471975511965976,0.8660254037844386,0.5000000000000001,harmonic_M2S2K1O1N2
2018-01-13 20:00:00,-0.11673716035604478,-0.12470203048624916,-0.5358500478956703,ebb,1.5707963267948966,1.0,6.123233995736766e-17,harmonic_M2S2K1O1N2
2018-01-13 21:00:00,-0.6282408164707465,-0.6534418886633887,-0.4209427782078775,ebb,2.0943951023931953,0.8660254037844387,-0.4999999999999998,harmonic_M2S2K1O1N2
2018-01-13 22:00:00,-0.9586227167717998,-0.9949567087848317,-0.19720826700137217,ebb,2.6179938779914944,0.49999999999999994,-0.8660254037844387,harmonic_M2S2K1O1N2
2018-01-13 23:00:00,-1.0226573504734908,-1.0611491254706371,0.07716742406796478,flood,3.141592653589793,1.2246467991473532e-16,-1.0,harmonic_M2S2K1O1N2
2018-01-14 00:00:00,-0.8042878686358702,-0.8354212201530891,0.33086130117490953,flood,3.665191429188092,-0.4999999999999997,-0.8660254037844388,harmonic_M2S2K1O1N2
2018-01-14 01:00:00,-0.36093474812367177,-0.3771283746187747,0.4976712816396071,flood,4.1887902047863905,-0.8660254037844385,-0.5000000000000004,harmonic_M2S2K1O1N2
2018-01-14 02:00:00,0.19105469464334404,0.19346152477866502,0.533563408954594,flood,4.71238898038469,-1.0,-1.8369701987210297e-16,harmonic_M2S2K1O1N2
2018-01-14 03:00:00,0.7061920697855163,0.7259575478634694,0.42812951643337993,flood,5.235987755982988,-0.866025403784439,0.49999999999999933,harmonic_M2S2K1O1N2
2018-01-14 04:00:00,1.0473137275101039,1.0785740243447313,0.20747901233992078,flood,5.759586531581288,-0.49999999999999967,0.8660254037844388,harmonic_M2S2K1O1N2
2018-01-14 05:00:00,1.1211500944653578,1.1548984645037312,-0.07223513569374101,ebb,0.0,0.0,1.0,harmonic_M2S2K1O1N2
2018-01-14 06:00:00,0.9028434561226218,0.9292355203260998,-0.33905850066614945,ebb,0.5235987755982988,0.49999999999999994,0.8660254037844387,harmonic_M2S2K1O1N2
2018-01-14 07:00:00,0.44303309313305894,0.45393087057602594,-0.5236425330678395,ebb,1.0471975511965976,0.8660254037844386,0.5000000000000001,harmonic_M2S2K1O1N2
2018-01-14 08:00:00,-0.14444161001305714,-0.15334004041523308,-0.5771193917033934,ebb,1.5707963267948966,1.0,6.123233995736766e-17,harmonic_M2S2K1O1N2
2018-01-14 09:00:00,-0.711205690273728,-0.7392024400961548,-0.4838497863845707,ebb,2.0943951023931953,0.8660254037844387,-0.4999999999999998,harmonic_M2S2K1O1N2
2018-01-14 10:00:00,-1.1121411827821985,-1.1536483055614306,-0.26573307716487604,ebb,2.6179938779914944,0.49999999999999994,-0.8660254037844387,harmonic_M2S2K1O1N2
2018-01-14 11:00:00,-1.2426718446034801,-1.288577475263545,0.02308805791191204,flood,3.141592653589793,1.2246467991473532e-16,-1.0,harmonic_M2S2K1O1N2
2018-01-14 12:00:00,-1.0659650669583745,-1.1059161874426404,0.3098379966838402,flood,3.665191429188092,-0.4999999999999997,-0.8660254037844388,harmonic_M2S2K1O1N2
2018-01-14 13:00:00,-0.6229958512357997,-0.6480201831852016,0.5215993765215762,flood,4.1887902047863905,-0.8660254037844385,-0.5000000000000004,harmonic_M2S2K1O1N2
2018-01-14 14:00:00,-0.022766313915222103,-0.027564636792303556,0.6039743741639889,flood,4.71238898038469,-1.0,-1.8369701987210297e-16,harmonic_M2S2K1O1N2
2018-01-14 15:00:00,0.5849528970921781,0.6006329637494228,0.5351300490276408,flood,5.235987755982988,-0.866025403784439,0.49999999999999933,harmonic_M2S2K1O1N2
2018-01-14 16:00:00,1.0474937841400596,1.078760148365251,0.331595258929626,flood,5.759586531581288,-0.49999999999999967,0.8660254037844388,harmonic_M2S2K1O1N2
2018-01-14 17:00:00,1.24814341495143,1.2861710946414768,0.04427070989035098,flood,0.0,0.0,1.0,harmonic_M2S2K1O1N2
2018-01-14 18:00:00,1.1360352039207615,1.1702851593363415,-0.254383755574943,ebb,0.5235987755982988,0.49999999999999994,0.8660254037844387,harmonic_M2S2K1O1N2
2018-01-14 19:00:00,0.739375903801544,0.7602595816449714,-0.48875010839120664,ebb,1.0471975511965976,0.8660254037844386,0.5000000000000001,harmonic_M2S2K1O1N2
2018-01-14 20:00:00,0.15853498713834827,0.15984599666150573,-0.5993535810420085,ebb,1.5707963267948966,1.0,6.123233995736766e-17,harmonic_M2S2K1O1N2
2018-01-14 21:00:00,-0.4593312582824731,-0.47884056416923126,-0.5581194710929079,ebb,2.0943951023931953,0.8660254037844387,-0.4999999999999998,harmonic_M2S2K1O1N2
2018-01-14 22:00:00,-0.9577039550474675,-0.9940069874328633,-0.37565193364689153,ebb,2.6179938779914944,0.49999999999999994,-0.8660254037844387,harmonic_M2S2K1O1N2
2018-01-14 23:00:00,-1.2106351255762562,-1.2554612109467231,-0.09862964383536921,ebb,3.141592653589793,1.2246467991473532e-16,-1.0,harmonic_M2S2K1O1N2
2018-01-15 00:00:00,-1.154963242718206,-1.1979133457556697,0.20205783493578677,flood,3.665191429188092,-0.4999999999999997,-0.8660254037844388,harmonic_M2S2K1O1N2
2018-01-15 01:00:00,-0.8065194557046826,-0.8377280052877963,0.44942712910338933,flood,4.1887902047863905,-0.8660254037844385,-0.5000000000000004,harmonic_M2S2K1O1N2
2018-01-15 02:00:00,-0.25610898451142733,-0.26877028426483274,0.5801442345779895,flood,4.71238898038469,-1.0,-1.8369701987210297e-16,harmonic_M2S2K1O1N2
2018-01-15 03:00:00,0.3537690134512962,0.3616588481436694,0.5608267676326738,flood,5.235987755982988,-0.866025403784439,0.49999999999999933,harmonic_M2S2K1O1N2
2018-01-15 04:00:00,0.8655445507539203,0.8906797491228,0.39669979072673317,flood,5.759586531581288,-0.49999999999999967,0.8660254037844388,harmonic_M2S2K1O1N2
2018-01-15 05:00:00,1.1471685949047625,1.1817937135754752,0.13034751688999946,flood,0.0,0.0,1.0,harmonic_M2S2K1O1N2
2018-01-15 06:00:00,1.1262395845339193,1.1601594557495918,-0.1691585510454387,ebb,0.5235987755982988,0.49999999999999994,0.8660254037844387,harmonic_M2S2K1O1N2
2018-01-15 07:00:00,0.8088514928138851,0.8320762981865263,-0.423996270817931,ebb,1.0471975511965976,0.8660254037844386,0.5000000000000001,harmonic_M2S2K1O1N2
2018-01-15 08:00:00,0.2782470428980572,0.28359200439343957,-0.5676557411656864,ebb,1.5707963267948966,1.0,6.123233995736766e-17,harmonic_M2S2K1O1N2
2018-01-15 09:00:00,-0.3264599895174878,-0.3414919158012891,-0.5621702644978351,ebb,2.0943951023931953,0.8660254037844387,-0.4999999999999998,harmonic_M2S2K1O1N2
2018-01-15 10:00:00,-0.8460934860976131,-0.8786355666850969,-0.4080630611502626,ebb,2.6179938779914944,0.49999999999999994,-0.8660254037844387,harmonic_M2S2K1O1N2
2018-01-15 11:00:00,-1.142586111818013,-1.1851191411423199,-0.14441319225275023,ebb,3.141592653589793,1.2246467991473532e-16,-1.0,harmonic_M2S2K1O1N2
2018-01-15 12:00:00,-1.1349198706031136,-1.1771945696475492,0.1610226728976371,flood,3.5903916041026207,-0.433883739117558,-0.9009688679024191,harmonic_M2S2K1O1N2
2018-01-15 13:00:00,-0.8205407660227387,-0.852221793436525,0.42913482825576016,flood,4.039190554615448,-0.7818314824680297,-0.6234898018587337,harmonic_M2S2K1O1N2
2018-01-15 14:00:00,-0.2766502140915933,-0.2900036942026994,0.5898041152901767,flood,4.487989505128276,-0.9749279121818236,-0.2225209339563146,harmonic_M2S2K1O1N2
2018-01-15 15:00:00,0.35906746455761485,0.36713584181326153,0.600039319932516,flood,4.9367884556411035,-0.9749279121818236,0.22252093395631423,harmonic_M2S2K1O1N2
2018-01-15 16:00:00,0.9234284257734386,0.9505141442491962,0.4552275689410541,flood,5.385587406153931,-0.7818314824680299,0.6234898018587334,harmonic_M2S2K1O1N2
2018-01-15 17:00:00,1.269522602439723,1.3082706992589024,0.19056922488979489,flood,5.834386356666759,-0.43388373911755834,0.900968867902419,harmonic_M2S2K1O1N2
2018-01-15 18:00:00,1.3045668755530284,1.344495863584404,-0.12771719899946388,ebb,0.0,0.0,1.0,harmonic_M2S2K1O1N2
2018-01-15 19:00:00,1.0140882044407953,1.0442288967087558,-0.4192032845302352,ebb,0.5235987755982988,0.49999999999999994,0.8660254037844387,harmonic_M2S2K1O1N2
2018-01-15 20:00:00,0.466160306492558,0.47783740450897566,-0.6097840830826384,ebb,1.0471975511965976,0.8660254037844386,0.5000000000000001,harmonic_M2S2K1O1N2
2018-01-15 21:00:00,-0.20547996172448166,-0.21643520902538246,-0.6506732599257299,ebb,1.5707963267948966,1.0,6.123233995736766e-17,harmonic_M2S2K1O1N2
2018-01-15 22:00:00,-0.8351862133589018,-0.8673607502257745,-0.5309727197227143,ebb,2.0943951023931953,0.8660254037844387,-0.4999999999999998,harmonic_M2S2K1O1N2
2018-01-15 23:00:00,-1.2674254011699102,-1.3141651554919325,-0.2805651224954177,ebb,2.6179938779914944,0.49999999999999994,-0.8660254037844387,harmonic_M2S2K1O1N2
2018-01-16 00:00:00,-1.3963164583497372,-1.4473994705918838,0.03744372552256092,flood,3.141592653589793,1.2246467991473532e-16,-1.0,harmonic_M2S2K1O1N2
2018-01-16 01:00:00,-1.1925379501247884,-1.2367542127322857,0.3428196825589684,flood,3.665191429188092,-0.4999999999999997,-0.8660254037844388,harmonic_M2S2K1O1N2
2018-01-16 02:00:00,-0.7106770932318004,-0.7386560308542255,0.5587172836318302,flood,4.1887902047863905,-0.8660254037844385,-0.5000000000000004,harmonic_M2S2K1O1N2
2018-01-16 03:00:00,-0.07510338286112808,-0.08166531443371627,0.6313546530268066,flood,4.71238898038469,-1.0,-1.8369701987210297e-16,harmonic_M2S2K1O1N2
2018-01-16 04:00:00,0.5520322128218127,0.5666029471031603,0.5437849613855648,flood,5.235987755982988,-0.866025403784439,0.49999999999999933,harmonic_M2S2K1O1N2
2018-01-16 05:00:00,1.0124665399100015,1.0425525867473848,0.32021015895963356,flood,5.759586531581288,-0.49999999999999967,0.8660254037844388,harmonic_M2S2K1O1N2
2018-01-16 06:00:00,1.1924525307410798,1.228603587807201,0.019709511038008665,flood,0.0,0.0,1.0,harmonic_M2S2K1O1N2
2018-01-16 07:00:00,1.0518855619860188,1.0832999164933155,-0.2790207472745212,ebb,0.5235987755982988,0.49999999999999994,0.8660254037844387,harmonic_M2S2K1O1N2
2018-01-16 08:00:00,0.6344110361920374,0.6517576998891401,-0.49800068171238787,ebb,1.0471975511965976,0.8660254037844386,0.5000000000000001,harmonic_M2S2K1O1N2
2018-01-16 09:00:00,0.05588419856124309,0.053736171745886456,-0.5801404248454926,ebb,1.5707963267948966,1.0,6.123233995736766e-17,harmonic_M2S2K1O1N2
2018-01-16 10:00:00,-0.5258698134989477,-0.5476212773232761,-0.504050780436675,ebb,2.0943951023931953,0.8660254037844387,-0.4999999999999998,harmonic_M2S2K1O1N2
2018-01-16 11:00:00,-0.9522173623121069,-0.9883355123024494,-0.28965722232328106,ebb,2.6179938779914944,0.49999999999999994,-0.8660254037844387,harmonic_M2S2K1O1N2
2018-01-16 12:00:00,-1.1051842581455098,-1.1464569525734727,0.006854196702307025,flood,3.141592653589793,1.2246467991473532e-16,-1.0,harmonic_M2S2K1O1N2
2018-01-16 13:00:00,-0.9385089689074928,-0.9741651854671575,0.30748314651951664,flood,3.665191429188092,-0.4999999999999997,-0.8660254037844388,harmonic_M2S2K1O1N2
2018-01-16 14:00:00,-0.4902179651064765,-0.5107680641791633,0.5325521801896214,flood,4.1887902047863905,-0.8660254037844385,-0.5000000000000004,harmonic_M2S2K1O1N2
2018-01-16 15:00:00,0.12659539147174995,0.12683012848322356,0.6213559227300405,flood,4.71238898038469,-1.0,-1.8369701987210297e-16,harmonic_M2S2K1O1N2
2018-01-16 16:00:00,0.7524938803536045,0.7738195962778915,0.5479972036675339,flood,5.235987755982988,-0.866025403784439,0.49999999999999933,harmonic_M2S2K1O1N2
2018-01-16 17:00:00,1.2225897988068177,1.259756395128194,0.32831095750184447,flood,5.759586531581288,-0.49999999999999967,0.8660254037844388,harmonic_M2S2K1O1N2
2018-01-16 18:00:00,1.4091157953572935,1.4525677812902753,0.016062062664948362,flood,0.0,0.0,1.0,harmonic_M2S2K1O1N2
2018-01-16 19:00:00,1.2547139241367145,1.2929630110886972,-0.31063847961522023,ebb,0.5235987755982988,0.49999999999999994,0.8660254037844387,harmonic_M2S2K1O1N2
2018-01-16 20:00:00,0.787838836126853,0.8103555754041756,-0.5692332487838462,ebb,1.0471975511965976,0.8660254037844386,0.5000000000000001,harmonic_M2S2K1O1N2
2018-01-16 21:00:00,0.1162474265690221,0.11613346692531785,-0.6938338745029576,ebb,1.5707963267948966,1.0,6.123233995736766e-17,harmonic_M2S2K1O1N2
2018-01-16 22:00:00,-0.5998289128790623,-0.6240725856368606,-0.652127725869064,ebb,2.0943951023931953,0.8660254037844387,-0.4999999999999998,harmonic_M2S2K1O1N2
2018-01-16 23:00:00,-1.1880080251691059,-1.2320716423342286,-0.4537228466916005,ebb,2.6179938779914944,0.49999999999999994,-0.8660254037844387,harmonic_M2S2K1O1N2
2018-01-17 00:00:00,-1.5072746062622633,-1.5620965889595209,-0.14777224106403997,ebb,3.141592653589793,1.2246467991473532e-16,-1.0,harmonic_M2S2K1O1N2
2018-01-17 01:00:00,-1.4835525072971858,-1.5375751234870503,0.18952801919272977,flood,3.5903916041026207,-0.433883739117558,-0.9009688679024191,harmonic_M2S2K1O1N2
2018-01-17 02:00:00,-1.1282185678768037,-1.170267452293149,0.47436796774719947,flood,4.039190554615448,-0.7818314824680297,-0.6234898018587337,harmonic_M2S2K1O1N2
2018-01-17 03:00:00,-0.5348165718027869,-0.5568695156499565,0.6366967350481739,flood,4.487989505128276,-0.9749279121818236,-0.2225209339563146,harmonic_M2S2K1O1N2
2018-01-17 04:00:00,0.1451749022195441,0.14603571530621667,0.6380518170379623,flood,4.9367884556411035,-0.9749279121818236,0.22252093395631423,harmonic_M2S2K1O1N2
2018-01-17 05:00:00,0.7412870622731377,0.7622351406603265,0.4812648169436903,flood,5.385587406153931,-0.7818314824680299,0.6234898018587334,harmonic_M2S2K1O1N2
2018-01-17 06:00:00,1.1077045361069247,1.14099982949973,0.20955117110403781,flood,5.834386356666759,-0.43388373911755834,0.900968867902419,harmonic_M2S2K1O1N2
2018-01-17 07:00:00,1.1603894044812133,1.195460026409947,-0.10477811094224998,ebb,0.0,0.0,1.0,harmonic_M2S2K1O1N2
2018-01-17 08:00:00,0.8981483142224247,0.9243821656476826,-0.37907355695553746,ebb,0.6283185307179586,0.5877852522924731,0.8090169943749475,harmonic_M2S2K1O1N2
2018-01-17 09:00:00,0.4022422905701384,0.41176553528619586,-0.5417403330207728,ebb,1.2566370614359172,0.9510565162951535,0.30901699437494745,harmonic_M2S2K1O1N2
2018-01-17 10:00:00,-0.18533235181912103,-0.19560868261326259,-0.5507541497902024,ebb,1.8849555921538759,0.9510565162951536,-0.30901699437494734,harmonic_M2S2K1O1N2
2018-01-17 11:00:00,-0.6992660090102666,-0.7268604259141345,-0.40452596278772696,ebb,2.5132741228718345,0.5877852522924732,-0.8090169943749473,harmonic_M2S2K1O1N2
2018-01-17 12:00:00,-0.9943842773945749,-1.0319233311458635,-0.14231069022822956,ebb,3.141592653589793,1.2246467991473532e-16,-1.0,harmonic_M2S2K1O1N2
2018-01-17 13:00:00,-0.9838873894667257,-1.0210727282852112,0.16595195279027491,flood,3.5903916041026207,-0.433883739117558,-0.9009688679024191,harmonic_M2S2K1O1N2
2018-01-17 14:00:00,-0.6624803718140251,-0.6888352185444829,0.43775301111894,flood,4.039190554615448,-0.7818314824680297,-0.6234898018587337,harmonic_M2S2K1O1N2
2018-01-17 15:00:00,-0.10838136722884575,-0.11606467116297188,0.5994221964801743,flood,4.487989505128276,-0.9749279121818236,-0.2225209339563146,harmonic_M2S2K1O1N2
2018-01-17 16:00:00,0.5363640211463235,0.5504067824318903,0.605311337038299,flood,4.9367884556411035,-0.9749279121818236,0.22252093395631423,harmonic_M2S2K1O1N2
2018-01-17 17:00:00,1.1022413068477521,1.1353525051274553,0.44980377438729163,flood,5.385587406153931,-0.7818314824680299,0.6234898018587334,harmonic_M2S2K1O1N2
2018-01-17 18:00:00,1.4359715699209068,1.4803285182161086,0.169041947899919,flood,5.834386356666759,-0.43388373911755834,0.900968867902419,harmonic_M2S2K1O1N2
2018-01-17 19:00:00,1.4403252026475901,1.4848288558440876,-0.16809170108391258,ebb,0.0,0.0,1.0,harmonic_M2S2K1O1N2
2018-01-17 20:00:00,1.0997881677530816,1.13281670230083,-0.47744131024940856,ebb,0.5235987755982988,0.49999999999999994,0.8660254037844387,harmonic_M2S2K1O1N2
2018-01-17 21:00:00,0.485442582148773,0.4977694373965635,-0.6810184116328472,ebb,1.0471975511965976,0.8660254037844386,0.5000000000000001,harmonic_M2S2K1O1N2
2018-01-17 22:00:00,-0.26224865551261267,-0.27511684452029467,-0.726919064246176,ebb,1.5707963267948966,1.0,6.123233995736766e-17,harmonic_M2S2K1O1N2
2018-01-17 23:00:00,-0.9683955463435792,-1.0050588546052972,-0.6026077280962204,ebb,2.0943951023931953,0.8660254037844387,-0.4999999999999998,harmonic_M2S2K1O1N2
2018-01-18 00:00:00,-1.4674641117050535,-1.5209445952357055,-0.33815971512329435,ebb,2.6179938779914944,0.49999999999999994,-0.8660254037844387,harmonic_M2S2K1O1N2
2018-01-18 01:00:00,-1.6447149765901679,-1.7041683044717437,0.0013691325467728443,flood,3.141592653589793,1.2246467991473532e-16,-1.0,harmonic_M2S2K1O1N2
2018-01-18 02:00:00,-1.4647258466115078,-1.5181140584841009,0.33248731767640205,flood,3.665191429188092,-0.4999999999999997,-0.8660254037844388,harmonic_M2S2K1O1N2
2018-01-18 03:00:00,-0.9797403412373638,-1.0167859364579503,0.5744836126011369,flood,4.1887902047863905,-0.8660254037844385,-0.5000000000000004,harmonic_M2S2K1O1N2
2018-01-18 04:00:00,-0.315758621409234,-0.3304299423662632,0.6698764748540957,flood,4.71238898038469,-1.0,-1.8369701987210297e-16,harmonic_M2S2K1O1N2
2018-01-18 05:00:00,0.36001260847082783,0.3681128343579974,0.5988625462447145,flood,5.235987755982988,-0.866025403784439,0.49999999999999933,harmonic_M2S2K1O1N2
2018-01-18 06:00:00,0.8819664710801949,0.9076550409325688,0.3840767337950169,flood,5.759586531581288,-0.49999999999999967,0.8660254037844388,harmonic_M2S2K1O1N2
2018-01-18 07:00:00,1.1281660760608616,1.162150864500161,0.08446822988050062,flood,0.0,0.0,1.0,harmonic_M2S2K1O1N2
2018-01-18 08:00:00,1.0509029308411961,1.0822841735050825,-0.22010761378395394,ebb,0.5235987755982988,0.49999999999999994,0.8660254037844387,harmonic_M2S2K1O1N2
2018-01-18 09:00:00,0.6879508484929537,0.7071016498773864,-0.4496009559836233,ebb,1.0471975511965976,0.8660254037844386,0.5000000000000001,harmonic_M2S2K1O1N2
2018-01-18 10:00:00,0.15170101887394952,0.15278174332194605,-0.5444473201832565,ebb,1.5707963267948966,1.0,6.123233995736766e-17,harmonic_M2S2K1O1N2
2018-01-18 11:00:00,-0.4009437918735592,-0.4184856080720087,-0.4808980689404499,ebb,2.0943951023931953,0.8660254037844387,-0.4999999999999998,harmonic_M2S2K1O1N2
2018-01-18 12:00:00,-0.8100951190069503,-0.8414241581592946,-0.27706774550657476,ebb,2.6179938779914944,0.49999999999999994,-0.8660254037844387,harmonic_M2S2K1O1N2
2018-01-18 13:00:00,-0.9550792828867087,-0.991293871369173,0.011843135654142634,flood,3.141592653589793,1.2246467991473532e-16,-1.0,harmonic_M2S2K1O1N2
2018-01-18 14:00:00,-0.786408847698665,-0.8169397276326053,0.30790644379957005,flood,3.665191429188092,-0.4999999999999997,-0.8660254037844388,harmonic_M2S2K1O1N2
2018-01-18 15:00:00,-0.33926639528756863,-0.35472986061299355,0.5307010853165615,flood,4.1887902047863905,-0.8660254037844385,-0.5000000000000004,harmonic_M2S2K1O1N2
2018-01-18 16:00:00,0.2749933229344578,0.28022864342517334,0.6182126793208949,flood,4.71238898038469,-1.0,-1.8369701987210297e-16,harmonic_M2S2K1O1N2
2018-01-18 17:00:00,0.8971589633542211,0.9233594765007177,0.543020859758764,flood,5.235987755982988,-0.866025403784439,0.49999999999999933,harmonic_M2S2K1O1N2
2018-01-18 18:00:00,1.3610350424519857,1.4028668452983304,0.3196114769268588,flood,5.759586531581288,-0.49999999999999967,0.8660254037844388,harmonic_M2S2K1O1N2
2018-01-18 19:00:00,1.5363819172079387,1.584122405413969,0.0009323722522569522,flood,0.0,0.0,1.0,harmonic_M2S2K1O1N2
2018-01-18 20:00:00,1.3628997869564996,1.4047944263294074,-0.3349276978531353,ebb,0.4487989505128276,0.4338837391175581,0.9009688679024191,harmonic_M2S2K1O1N2
2018-01-18 21:00:00,0.8665265215016681,0.8916948094604759,-0.6045260966945364,ebb,0.8975979010256552,0.7818314824680298,0.6234898018587336,harmonic_M2S2K1O1N2
2018-01-18 22:00:00,0.15384759356742675,0.15500065140877559,-0.7402553698628238,ebb,1.3463968515384828,0.9749279121818236,0.22252093395631445,harmonic_M2S2K1O1N2
2018-01-18 23:00:00,-0.6139842182239796,-0.6387048840594693,-0.7075176442109593,ebb,1.7951958020513104,0.9749279121818236,-0.22252093395631434,harmonic_M2S2K1O1N2
2018-01-19 00:00:00,-1.2611876948544918,-1.3077172564141095,-0.5135027977321033,ebb,2.243994752564138,0.7818314824680299,-0.6234898018587335,harmonic_M2S2K1O1N2
2018-01-19 01:00:00,-1.6409898136881862,-1.7003176142940009,-0.2053434573962475,ebb,2.6927937030769655,0.43388373911755823,-0.900968867902419,harmonic_M2S2K1O1N2
2018-01-19 02:00:00,-1.6718746096469868,-1.7322431390480686,0.14186061001017947,flood,3.141592653589793,1.2246467991473532e-16,-1.0,harmonic_M2S2K1O1N2
2018-01-19 03:00:00,-1.3572685936678273,-1.4070358051767466,0.44406959928523193,flood,3.665191429188092,-0.4999999999999997,-0.8660254037844388,harmonic_M2S2K1O1N2
2018-01-19 04:00:00,-0.7837354110765229,-0.8141762038854358,0.6295113421831081,flood,4.1887902047863905,-0.8660254037844385,-0.5000000000000004,harmonic_M2S2K1O1N2
2018-01-19 05:00:00,-0.09824590930161103,-0.10558767745443674,0.6566578305940649,flood,4.71238898038469,-1.0,-1.8369701987210297e-16,harmonic_M2S2K1O1N2
2018-01-19 06:00:00,0.5295802501116068,0.5433944178242794,0.5244035160522085,flood,5.235987755982988,-0.866025403784439,0.49999999999999933,harmonic_M2S2K1O1N2
2018-01-19 07:00:00,0.9505611228028058,0.9785611351314156,0.2718877341965204,flood,5.759586531581288,-0.49999999999999967,0.8660254037844388,harmonic_M2S2K1O1N2
2018-01-19 08:00:00,1.0733557185046476,1.1054935555357608,-0.03194032879428099,ebb,0.0,0.0,1.0,harmonic_M2S2K1O1N2
2018-01-19 09:00:00,0.8866804652142438,0.9125278831108972,-0.30629479664356113,ebb,0.5235987755982988,0.49999999999999994,0.8660254037844387,harmonic_M2S2K1O1N2
2018-01-19 10:00:00,0.46076612521752536,0.47226145483931586,-0.4794296220415534,ebb,1.0471975511965976,0.8660254037844386,0.5000000000000001,harmonic_M2S2K1O1N2
2018-01-19 11:00:00,-0.07217877886886304,-0.07864215969843955,-0.5070610255543888,ebb,1.5707963267948966,1.0,6.123233995736766e-17,harmonic_M2S2K1O1N2
2018-01-19 12:00:00,-0.5533559258912522,-0.5760335926496969,-0.38362875856244233,ebb,2.0943951023931953,0.8660254037844387,-0.4999999999999998,harmonic_M2S2K1O1N2
2018-01-19 13:00:00,-0.8394362959937477,-0.8717540484216444,-0.14354075401157967,ebb,2.6179938779914944,0.49999999999999994,-0.8660254037844387,harmonic_M2S2K1O1N2
2018-01-19 14:00:00,-0.8404374339144115,-0.8727889218108364,0.14787956731404073,flood,3.141592653589793,1.2246467991473532e-16,-1.0,harmonic_M2S2K1O1N2
2018-01-19 15:00:00,-0.5436771613656662,-0.5660286815969386,0.4113875385594844,flood,3.665191429188092,-0.4999999999999997,-0.8660254037844388,harmonic_M2S2K1O1N2
2018-01-19 16:00:00,-0.017662356795442646,-0.022288690997207948,0.5743731602955946,flood,4.1887902047863905,-0.8660254037844385,-0.5000000000000004,harmonic_M2S2K1O1N2
2018-01-19 17:00:00,0.6050691592255231,0.6214270860597702,0.5897020378127426,flood,4.71238898038469,-1.0,-1.8369701987210297e-16,harmonic_M2S2K1O1N2
2018-01-19 18:00:00,1.1617417188300425,1.1968579098629062,0.4480197702297901,flood,5.235987755982988,-0.866025403784439,0.49999999999999933,harmonic_M2S2K1O1N2
2018-01-19 19:00:00,1.5011086996851033,1.547660581910809,0.1803833022768071,flood,5.759586531581288,-0.49999999999999967,0.8660254037844388,harmonic_M2S2K1O1N2
2018-01-19 20:00:00,1.5225083233836567,1.5697813113800034,-0.1494376302485344,ebb,0.0,0.0,1.0,harmonic_M2S2K1O1N2
2018-01-19 21:00:00,1.2022334391880345,1.2387140847376994,-0.46100803380984384,ebb,0.5235987755982988,0.49999999999999994,0.8660254037844387,harmonic_M2S2K1O1N2
2018-01-19 22:00:00,0.600492255763969,0.6166959541153098,-0.6775210292591637,ebb,1.0471975511965976,0.8660254037844386,0.5000000000000001,harmonic_M2S2K1O1N2
2018-01-19 23:00:00,-0.15280861933029286,-0.1619889938818921,-0.7451662577686752,ebb,1.5707963267948966,1.0,6.123233995736766e-17,harmonic_M2S2K1O1N2
2018-01-20 00:00:00,-0.8898402597733813,-0.9238564808125341,-0.6466567017280738,ebb,2.0943951023931953,0.8660254037844387,-0.4999999999999998,harmonic_M2S2K1O1N2
2018-01-20 01:00:00,-1.4461220227864404,-1.4988833393030578,-0.4055022132208918,ebb,2.6179938779914944,0.49999999999999994,-0.8660254037844387,harmonic_M2S2K1O1N2
2018-01-20 02:00:00,-1.700844686215165,-1.762189423875023,-0.07998409467468037,ebb,3.141592653589793,1.2246467991473532e-16,-1.0,harmonic_M2S2K1O1N2
2018-01-20 03:00:00,-1.6060902121358012,-1.6642419965449289,0.25159466910503636,flood,3.5903916041026207,-0.433883739117558,-0.9009688679024191,harmonic_M2S2K1O1N2
2018-01-20 04:00:00,-1.1976553480050922,-1.242044052202878,0.5106028093150453,flood,4.039190554615448,-0.7818314824680297,-0.6234898018587337,harmonic_M2S2K1O1N2
2018-01-20 05:00:00,-0.5848845935057105,-0.6086246856823626,0.6377041633695198,flood,4.487989505128276,-0.9749279121818236,-0.2225209339563146,harmonic_M2S2K1O1N2
2018-01-20 06:00:00,0.07775297873394743,0.0763418669130581,0.60744571028368,flood,4.9367884556411035,-0.9749279121818236,0.22252093395631423,harmonic_M2S2K1O1N2
2018-01-20 07:00:00,0.6300068270616495,0.6472050815781156,0.4341544658373374,flood,5.385587406153931,-0.7818314824680299,0.6234898018587334,harmonic_M2S2K1O1N2
2018-01-20 08:00:00,0.9460619104086222,0.9739103122198468,0.1677175225412092,flood,5.834386356666759,-0.43388373911755834,0.900968867902419,harmonic_M2S2K1O1N2
2018-01-20 09:00:00,0.9654418721440678,0.9939433229265779,-0.11960267464557206,ebb,0.0,0.0,1.0,harmonic_M2S2K1O1N2
2018-01-20 10:00:00,0.7068565611174781,0.726644430642158,-0.35189768570163127,ebb,0.6283185307179586,0.5877852522924731,0.8090169943749475,harmonic_M2S2K1O1N2
2018-01-20 11:00:00,0.2616465007408053,0.2664320717107283,-0.46908304280471214,ebb,1.2566370614359172,0.9510565162951535,0.30901699437494745,harmonic_M2S2K1O1N2
2018-01-20 12:00:00,-0.23130952449194617,-0.24313515376905048,-0.44215080028427517,ebb,1.8849555921538759,0.9510565162951536,-0.30901699437494734,harmonic_M2S2K1O1N2
2018-01-20 13:00:00,-0.622655099827745,-0.6476679494347393,-0.2803533016423425,ebb,2.5132741228718345,0.5877852522924732,-0.8090169943749473,harmonic_M2S2K1O1N2
2018-01-20 14:00:00,-0.7920161277766312,-0.8227359569219586,-0.02854435042422021,ebb,3.141592653589793,1.2246467991473532e-16,-1.0,harmonic_M2S2K1O1N2
2018-01-20 15:00:00,-0.6797438006761855,-0.7066803753075129,0.2445819575418747,flood,3.665191429188092,-0.4999999999999997,-0.8660254037844388,harmonic_M2S2K1O1N2
2018-01-20 16:00:00,-0.3028522126928818,-0.31708862479661915,0.4643053090998211,flood,4.1887902047863905,-0.8660254037844385,-0.5000000000000004,harmonic_M2S2K1O1N2
2018-01-20 17:00:00,0.2488668175234567,0.2532217499249258,0.569177201776857,flood,4.71238898038469,-1.0,-1.8369701987210297e-16,harmonic_M2S2K1O1N2
2018-01-20 18:00:00,0.8355021908608323,0.8596250481069075,0.526884154266041,flood,5.235987755982988,-0.866025403784439,0.49999999999999933,harmonic_M2S2K1O1N2
2018-01-20 19:00:00,1.3026351260555387,1.3424990196848026,0.3426576842839327,flood,5.759586531581288,-0.49999999999999967,0.8660254037844388,harmonic_M2S2K1O1N2
2018-01-20 20:00:00,1.5208175594286977,1.5680335735426114,0.05812596196872333,flood,0.0,0.0,1.0,harmonic_M2S2K1O1N2
2018-01-20 21:00:00,1.4188870499929853,1.4626682991038369,-0.2590638616495027,ebb,0.4487989505128276,0.4338837391175581,0.9009688679024191,harmonic_M2S2K1O1N2
2018-01-20 22:00:00,1.0026898361296923,1.0324464361687047,-0.5321891542672578,ebb,0.8975979010256552,0.7818314824680298,0.6234898018587336,harmonic_M2S2K1O1N2
2018-01-20 23:00:00,0.3545087414584698,0.36242350285713426,-0.6946529977202207,ebb,1.3463968515384828,0.9749279121818236,0.22252093395631445,harmonic_M2S2K1O1N2
2018-01-21 00:00:00,-0.38661615931074916,-0.40367517549989906,-0.7065910777995521,ebb,1.7951958020513104,0.9749279121818236,-0.22252093395631434,harmonic_M2S2K1O1N2
2018-01-21 01:00:00,-1.0586734141406344,-1.0983788268966501,-0.5647181835677347,ebb,2.243994752564138,0.7818314824680299,-0.6234898018587335,harmonic_M2S2K1O1N2
2018-01-21 02:00:00,-1.5160525264462186,-1.5711702998072767,-0.30298084338087883,ebb,2.6927937030769655,0.43388373911755823,-0.900968867902419,harmonic_M2S2K1O1N2
2018-01-21 03:00:00,-1.664635100902392,-1.7247596796805156,0.016084210026823254,flood,3.141592653589793,1.2246467991473532e-16,-1.0,harmonic_M2S2K1O1N2
2018-01-21 04:00:00,-1.483884106392572,-1.5379178965182305,0.31704636508412254,flood,3.665191429188092,-0.4999999999999997,-0.8660254037844388,harmonic_M2S2K1O1N2
2018-01-21 05:00:00,-1.030542370734147,-1.0692998482357707,0.5303370851582705,flood,4.1887902047863905,-0.8660254037844385,-0.5000000000000004,harmonic_M2S2K1O1N2
2018-01-21 06:00:00,-0.4232099360760311,-0.44150205729388226,0.6093361461383828,flood,4.71238898038469,-1.0,-1.8369701987210297e-16,harmonic_M2S2K1O1N2
2018-01-21 07:00:00,0.1881299215426186,0.19043819523645916,0.5415221030574202,flood,5.235987755982988,-0.866025403784439,0.49999999999999933,harmonic_M2S2K1O1N2
2018-01-21 08:00:00,0.6598342700388095,0.6780376235961413,0.3509538666088442,flood,5.759586531581288,-0.49999999999999967,0.8660254037844388,harmonic_M2S2K1O1N2
2018-01-21 09:00:00,0.8900376547603069,0.9159982002889647,0.0915565547909602,flood,0.0,0.0,1.0,harmonic_M2S2K1O1N2
2018-01-21 10:00:00,0.8429473796207299,0.8673211183147176,-0.16699772749542663,ebb,0.5235987755982988,0.49999999999999994,0.8660254037844387,harmonic_M2S2K1O1N2
2018-01-21 11:00:00,0.5560421997694537,0.5707480590777118,-0.35717943336374963,ebb,1.0471975511965976,0.8660254037844386,0.5000000000000001,harmonic_M2S2K1O1N2
2018-01-21 12:00:00,0.12858851289323056,0.12889041236414103,-0.43071549139695975,ebb,1.5707963267948966,1.0,6.123233995736766e-17,harmonic_M2S2K1O1N2
2018-01-21 13:00:00,-0.3053887830244658,-0.3197106702528833,-0.37062328600410344,ebb,2.0943951023931953,0.8660254037844387,-0.4999999999999998,harmonic_M2S2K1O1N2
2018-01-21 14:00:00,-0.6126580591149763,-0.6373340372026923,-0.1951824421833303,ebb,2.6179938779914944,0.49999999999999994,-0.8660254037844387,harmonic_M2S2K1O1N2
2018-01-21 15:00:00,-0.6957536673911264,-0.7232297284843641,0.0470788594224949,flood,3.141592653589793,1.2246467991473532e-16,-1.0,harmonic_M2S2K1O1N2
2018-01-21 16:00:00,-0.5185003402699865,-0.5400034740420276,0.29003556830180144,flood,3.665191429188092,-0.4999999999999997,-0.8660254037844388,harmonic_M2S2K1O1N2
2018-01-21 17:00:00,-0.1156825307875235,-0.12361186293451552,0.46699831242496226,flood,4.1887902047863905,-0.8660254037844385,-0.5000000000000004,harmonic_M2S2K1O1N2
2018-01-21 18:00:00,0.41549628457993804,0.42546615077397776,0.5277970718313899,flood,4.71238898038469,-1.0,-1.8369701987210297e-16,harmonic_M2S2K1O1N2
2018-01-21 19:00:00,0.9399116128752563,0.967552767348633,0.45161138821379415,flood,5.235987755982988,-0.866025403784439,0.49999999999999933,harmonic_M2S2K1O1N2
2018-01-21 20:00:00,1.3187190610075263,1.3591249369852594,0.2523477630195381,flood,5.759586531581288,-0.49999999999999967,0.8660254037844388,harmonic_M2S2K1O1N2
2018-01-21 21:00:00,1.4446071389143325,1.4892550810476337,-0.024738140366125982,ebb,0.0,0.0,1.0,harmonic_M2S2K1O1N2
2018-01-21 22:00:00,1.2692427802752744,1.3079814478923153,-0.3142718357464371,ebb,0.4487989505128276,0.4338837391175581,0.9009688679024191,harmonic_M2S2K1O1N2
2018-01-21 23:00:00,0.8160634674214583,0.8395312955958317,-0.5469825464675172,ebb,0.8975979010256552,0.7818314824680298,0.6234898018587336,harmonic_M2S2K1O1N2
2018-01-22 00:00:00,0.17527768734024,0.1771528777060969,-0.6668344667982105,ebb,1.3463968515384828,0.9749279121818236,0.22252093395631445,harmonic_M2S2K1O1N2
2018-01-22 01:00:00,-0.5176054661749627,-0.5390784452637717,-0.6447926464774705,ebb,1.7951958020513104,0.9749279121818236,-0.22252093395631434,harmonic_M2S2K1O1N2
2018-01-22 02:00:00,-1.114307605614701,-1.1558877306124846,-0.48582756086619383,ebb,2.243994752564138,0.7818314824680299,-0.6234898018587335,harmonic_M2S2K1O1N2
2018-01-22 03:00:00,-1.4892605879073504,-1.5434755499966222,-0.2274783040585473,ebb,2.6927937030769655,0.43388373911755823,-0.900968867902419,harmonic_M2S2K1O1N2
2018-01-22 04:00:00,-1.5692642137317956,-1.6261750679108955,0.0695895643636315,flood,3.141592653589793,1.2246467991473532e-16,-1.0,harmonic_M2S2K1O1N2
2018-01-22 05:00:00,-1.3500814591800874,-1.3996064849278695,0.33661123505909335,flood,3.665191429188092,-0.4999999999999997,-0.8660254037844388,harmonic_M2S2K1O1N2
2018-01-22 06:00:00,-0.8960417436136089,-0.9302669368219325,0.5135549146245406,flood,4.1887902047863905,-0.8660254037844385,-0.5000000000000004,harmonic_M2S2K1O1N2
2018-01-22 07:00:00,-0.3229716299310061,-0.3378860085297024,0.5635749079737484,flood,4.71238898038469,-1.0,-1.8369701987210297e-16,harmonic_M2S2K1O1N2
2018-01-22 08:00:00,0.2311080723338879,0.2348645860988456,0.4815414993630951,flood,5.235987755982988,-0.866025403784439,0.49999999999999933,harmonic_M2S2K1O1N2
2018-01-22 09:00:00,0.640111368795184,0.6576501173061418,0.2946161934005691,flood,5.759586531581288,-0.49999999999999967,0.8660254037844388,harmonic_M2S2K1O1N2
2018-01-22 10:00:00,0.8203404591350261,0.8439524096289824,0.05483904950321716,flood,0.0,0.0,1.0,harmonic_M2S2K1O1N2
2018-01-22 11:00:00,0.7497894678016184,0.771024052801133,-0.1743237926957551,ebb,0.5235987755982988,0.49999999999999994,0.8660254037844387,harmonic_M2S2K1O1N2
2018-01-22 12:00:00,0.4716928737435159,0.48355640336393396,-0.3340513571893784,ebb,1.0471975511965976,0.8660254037844386,0.5000000000000001,harmonic_M2S2K1O1N2
2018-01-22 13:00:00,0.08168675342286161,0.08040819849495962,-0.3848311807817509,ebb,1.5707963267948966,1.0,6.123233995736766e-17,harmonic_M2S2K1O1N2
2018-01-22 14:00:00,-0.2979694878199859,-0.3120413661388354,-0.31608875576737305,ebb,2.0943951023931953,0.8660254037844387,-0.4999999999999998,harmonic_M2S2K1O1N2
2018-01-22 15:00:00,-0.5504907581118845,-0.5730718769567462,-0.1484516146035012,ebb,2.6179938779914944,0.49999999999999994,-0.8660254037844387,harmonic_M2S2K1O1N2
2018-01-22 16:00:00,-0.5948727170269883,-0.6189493802392123,0.07182724113133435,flood,3.141592653589793,1.2246467991473532e-16,-1.0,harmonic_M2S2K1O1N2
2018-01-22 17:00:00,-0.40683627584921583,-0.42457665181012244,0.28481097845743586,flood,3.665191429188092,-0.4999999999999997,-0.8660254037844388,harmonic_M2S2K1O1N2
2018-01-22 18:00:00,-0.02525076011211652,-0.03013280168045465,0.4321483988593926,flood,4.1887902047863905,-0.8660254037844385,-0.5000000000000004,harmonic_M2S2K1O1N2
2018-01-22 19:00:00,0.4574605218695694,0.4688444621658634,0.4718427499976542,flood,4.71238898038469,-1.0,-1.8369701987210297e-16,harmonic_M2S2K1O1N2
2018-01-22 20:00:00,0.9184347398831919,0.9453521855069148,0.38885622747904186,flood,5.235987755982988,-0.866025403784439,0.49999999999999933,harmonic_M2S2K1O1N2
2018-01-22 21:00:00,1.2351729768276531,1.2727635900575343,0.19895454247120042,flood,5.759586531581288,-0.49999999999999967,0.8660254037844388,harmonic_M2S2K1O1N2
2018-01-22 22:00:00,1.3163438248255928,1.3566696621754717,-0.05510775120582034,ebb,0.0,0.0,1.0,harmonic_M2S2K1O1N2
2018-01-22 23:00:00,1.1249574744160125,1.158834142208221,-0.3140618851912788,ebb,0.4487989505128276,0.4338837391175581,0.9009688679024191,harmonic_M2S2K1O1N2
2018-01-23 00:00:00,0.6882200544430351,0.7073799272937155,-0.5166293323638909,ebb,0.8975979010256552,0.7818314824680298,0.6234898018587336,harmonic_M2S2K1O1N2
2018-01-23 01:00:00,0.09169880968823063,0.09075763226054283,-0.6144606399767063,ebb,1.3463968515384828,0.9749279121818236,0.22252093395631445,harmonic_M2S2K1O1N2
2018-01-23 02:00:00,-0.5407012255103776,-0.5629524652624913,-0.5838421946153891,ebb,1.7951958020513104,0.9749279121818236,-0.22252093395631434,harmonic_M2S2K1O1N2
2018-01-23 03:00:00,-1.0759855795425475,-1.11627436248065,-0.4313339348077915,ebb,2.243994752564138,0.7818314824680299,-0.6234898018587335,harmonic_M2S2K1O1N2
2018-01-23 04:00:00,-1.4033690951259605,-1.4546897609431984,-0.19201614431923886,ebb,2.6927937030769655,0.43388373911755823,-0.900968867902419,harmonic_M2S2K1O1N2
2018-01-23 05:00:00,-1.4600178681810252,-1.513247434721247,0.07915562606069071,flood,3.141592653589793,1.2246467991473532e-16,-1.0,harmonic_M2S2K1O1N2
2018-01-23 06:00:00,-1.2450578430045791,-1.2910438749483306,0.32071124739984325,flood,3.665191429188092,-0.4999999999999997,-0.8660254037844388,harmonic_M2S2K1O1N2
2018-01-23 07:00:00,-0.8185953733813387,-0.8502108466583028,0.4794407185646671,flood,4.1887902047863905,-0.8660254037844385,-0.5000000000000004,harmonic_M2S2K1O1N2
2018-01-23 08:00:00,-0.2861764058752449,-0.29985089125093844,0.5229755701714349,flood,4.71238898038469,-1.0,-1.8369701987210297e-16,harmonic_M2S2K1O1N2
2018-01-23 09:00:00,0.22735576696153117,0.23098583882754103,0.44714750996588726,flood,5.235987755982988,-0.866025403784439,0.49999999999999933,harmonic_M2S2K1O1N2
2018-01-23 10:00:00,0.6081186140565296,0.6245792987479672,0.2764039185834838,flood,5.759586531581288,-0.49999999999999967,0.8660254037844388,harmonic_M2S2K1O1N2
2018-01-23 11:00:00,0.7801636041284987,0.8024217101624059,0.057271612630662716,flood,0.0,0.0,1.0,harmonic_M2S2K1O1N2
2018-01-23 12:00:00,0.722661839317855,0.7429823012599265,-0.15344717733043778,ebb,0.5235987755982988,0.49999999999999994,0.8660254037844387,harmonic_M2S2K1O1N2
2018-01-23 13:00:00,0.47326924946762317,0.4851858984160895,-0.30280100517898395,ebb,1.0471975511965976,0.8660254037844386,0.5000000000000001,harmonic_M2S2K1O1N2
2018-01-23 14:00:00,0.11705982895988706,0.11697324494018387,-0.35466249470657957,ebb,1.5707963267948966,1.0,6.123233995736766e-17,harmonic_M2S2K1O1N2
2018-01-23 15:00:00,-0.23605573994553597,-0.24804130303271574,-0.2983957844321107,ebb,2.0943951023931953,0.8660254037844387,-0.4999999999999998,harmonic_M2S2K1O1N2
2018-01-23 16:00:00,-0.47973173990433426,-0.4999284833474069,-0.1511502161129487,ebb,2.6179938779914944,0.49999999999999994,-0.8660254037844387,harmonic_M2S2K1O1N2
2018-01-23 17:00:00,-0.5383561721714334,-0.560528390370692,0.04671241045002922,flood,3.141592653589793,1.2246467991473532e-16,-1.0,harmonic_M2S2K1O1N2
2018-01-23 18:00:00,-0.38630691900427583,-0.4033555146845114,0.24187215898802983,flood,3.665191429188092,-0.4999999999999997,-0.8660254037844388,harmonic_M2S2K1O1N2
2018-01-23 19:00:00,-0.05461185419537376,-0.060483280188130914,0.3814300141113628,flood,4.1887902047863905,-0.8660254037844385,-0.5000000000000004,harmonic_M2S2K1O1N2
2018-01-23 20:00:00,0.3765531092184497,0.3852107024082608,0.4261173501772529,flood,4.71238898038469,-1.0,-1.8369701987210297e-16,harmonic_M2S2K1O1N2
2018-01-23 21:00:00,0.797622846159132,0.8204692784345031,0.36011016534111817,flood,5.235987755982988,-0.866025403784439,0.49999999999999933,harmonic_M2S2K1O1N2
2018-01-23 22:00:00,1.096773439900686,1.129700386790544,0.19507224931349304,flood,5.759586531581288,-0.49999999999999967,0.8660254037844388,harmonic_M2S2K1O1N2
2018-01-23 23:00:00,1.1877673447861181,1.2237605245607392,-0.032530830156746404,ebb,0.0,0.0,1.0,harmonic_M2S2K1O1N2
2018-01-24 00:00:00,1.0317117795871933,1.0624463356499765,-0.27016724967811767,ebb,0.4487989505128276,0.4338837391175581,0.9009688679024191,harmonic_M2S2K1O1N2
2018-01-24 01:00:00,0.6474328454298828,0.6652183066459454,-0.46188361048143295,ebb,0.8975979010256552,0.7818314824680298,0.6234898018587336,harmonic_M2S2K1O1N2
2018-01-24 02:00:00,0.10794455862432739,0.10755081621097584,-0.561785375500223,ebb,1.3463968515384828,0.9749279121818236,0.22252093395631445,harmonic_M2S2K1O1N2
2018-01-24 03:00:00,-0.4761379055705633,-0.4962135471329059,-0.5450944575489884,ebb,1.7951958020513104,0.9749279121818236,-0.22252093395631434,harmonic_M2S2K1O1N2
2018-01-24 04:00:00,-0.9822443564736496,-1.0193743298058373,-0.41412646632327244,ebb,2.243994752564138,0.7818314824680299,-0.6234898018587335,harmonic_M2S2K1O1N2
2018-01-24 05:00:00,-1.304390838217108,-1.3523762214503907,-0.19776691826086412,ebb,2.6927937030769655,0.43388373911755823,-0.900968867902419,harmonic_M2S2K1O1N2
2018-01-24 06:00:00,-1.3777781929953778,-1.4282365190134572,0.055403625160695524,flood,3.141592653589793,1.2246467991473532e-16,-1.0,harmonic_M2S2K1O1N2
2018-01-24 07:00:00,-1.193583587895717,-1.2378350854887095,0.2886603636540479,flood,3.665191429188092,-0.4999999999999997,-0.8660254037844388,harmonic_M2S2K1O1N2
2018-01-24 08:00:00,-0.800457465687282,-0.8314617436418524,0.45057173473685397,flood,4.1887902047863905,-0.8660254037844385,-0.5000000000000004,harmonic_M2S2K1O1N2
2018-01-24 09:00:00,-0.29244011842200907,-0.30632567289530616,0.507095597997265,flood,4.71238898038469,-1.0,-1.8369701987210297e-16,harmonic_M2S2K1O1N2
2018-01-24 10:00:00,0.21373373030724804,0.2169047787166934,0.4494439641334148,flood,5.235987755982988,-0.866025403784439,0.49999999999999933,harmonic_M2S2K1O1N2
2018-01-24 11:00:00,0.6064478098448206,0.622852193239766,0.29585511110020923,flood,5.759586531581288,-0.49999999999999967,0.8660254037844388,harmonic_M2S2K1O1N2
2018-01-24 12:00:00,0.8054439525076665,0.8285539335725011,0.08688216751242939,flood,0.0,0.0,1.0,harmonic_M2S2K1O1N2
2018-01-24 13:00:00,0.7802121448696794,0.8024718865869551,-0.12463531098747815,ebb,0.5235987755982988,0.49999999999999994,0.8660254037844387,harmonic_M2S2K1O1N2
2018-01-24 14:00:00,0.5561733305327102,0.5708836085705415,-0.2864787020520207,ebb,1.0471975511965976,0.8660254037844386,0.5000000000000001,harmonic_M2S2K1O1N2
2018-01-24 15:00:00,0.207254740765638,0.21020746586191708,-0.3597161033822622,ebb,1.5707963267948966,1.0,6.123233995736766e-17,harmonic_M2S2K1O1N2
2018-01-24 16:00:00,-0.16325887623181412,-0.17279139438474594,-0.32807409638268425,ebb,2.0943951023931953,0.8660254037844387,-0.4999999999999998,harmonic_M2S2K1O1N2
2018-01-24 17:00:00,-0.44889345199973046,-0.4680510338351993,-0.20176329875064147,ebb,2.6179938779914944,0.49999999999999994,-0.8660254037844387,harmonic_M2S2K1O1N2
2018-01-24 18:00:00,-0.5667854737330971,-0.5899156776287491,-0.014844914350702038,ebb,3.141592653589793,1.2246467991473532e-16,-1.0,harmonic_M2S2K1O1N2
2018-01-24 19:00:00,-0.47858328070113454,-0.498741324372172,0.18321740863876332,flood,3.665191429188092,-0.4999999999999997,-0.8660254037844388,harmonic_M2S2K1O1N2
2018-01-24 20:00:00,-0.20035065645557043,-0.2111330609214338,0.33977432183451006,flood,4.1887902047863905,-0.8660254037844385,-0.5000000000000004,harmonic_M2S2K1O1N2
2018-01-24 21:00:00,0.20096536296788559,0.2037061541214193,0.41201933321458506,flood,4.71238898038469,-1.0,-1.8369701987210297e-16,harmonic_M2S2K1O1N2
2018-01-24 22:00:00,0.6236880099735996,0.6406733385279084,0.37767129545015354,flood,5.235987755982988,-0.866025403784439,0.49999999999999933,harmonic_M2S2K1O1N2
2018-01-24 23:00:00,0.9563079538681927,0.9845016178750996,0.24071066989245143,flood,5.759586531581288,-0.49999999999999967,0.8660254037844388,harmonic_M2S2K1O1N2
2018-01-25 00:00:00,1.1051093497585025,1.1383171928354472,0.030753905856032104,flood,0.0,0.0,1.0,harmonic_M2S2K1O1N2
2018-01-25 01:00:00,1.0178157655802569,1.0480820659376842,-0.20382063961412805,ebb,0.4487989505128276,0.4338837391175581,0.9009688679024191,harmonic_M2S2K1O1N2
2018-01-25 02:00:00,0.6974680705302464,0.7169395749246124,-0.40737359816490687,ebb,0.8975979010256552,0.7818314824680298,0.6234898018587336,harmonic_M2S2K1O1N2
2018-01-25 03:00:00,0.20306856925044314,0.20588023240661416,-0.5303851769781297,ebb,1.3463968515384828,0.9749279121818236,0.22252093395631445,harmonic_M2S2K1O1N2
2018-01-25 04:00:00,-0.363302283426013,-0.37957568905147654,-0.5414974933214075,ebb,1.7951958020513104,0.9749279121818236,-0.22252093395631434,harmonic_M2S2K1O1N2
2018-01-25 05:00:00,-0.8799264173923719,-0.9136085704567379,-0.435301201065938,ebb,2.243994752564138,0.7818314824680299,-0.6234898018587335,harmonic_M2S2K1O1N2
2018-01-25 06:00:00,-1.233904685557889,-1.2795148881735658,-0.233953355400286,ebb,2.6927937030769655,0.43388373911755823,-0.900968867902419,harmonic_M2S2K1O1N2
2018-01-25 07:00:00,-1.3478331281929439,-1.3972823916529409,0.017814707292089227,flood,3.141592653589793,1.2246467991473532e-16,-1.0,harmonic_M2S2K1O1N2
2018-01-25 08:00:00,-1.1982752709737106,-1.2426848647925626,0.263151669556385,flood,3.5903916041026207,-0.433883739117558,-0.9009688679024191,harmonic_M2S2K1O1N2
2018-01-25 09:00:00,-0.8215297890801738,-0.8532441437264414,0.446529738076607,flood,4.039190554615448,-0.7818314824680297,-0.6234898018587337,harmonic_M2S2K1O1N2
2018-01-25 10:00:00,-0.3052157948204966,-0.31953185284397606,0.5269639582547747,flood,4.487989505128276,-0.9749279121818236,-0.2225209339563146,harmonic_M2S2K1O1N2
2018-01-25 11:00:00,0.23239812742937563,0.23619811234069113,0.4878215556570338,flood,4.9367884556411035,-0.9749279121818236,0.22252093395631423,harmonic_M2S2K1O1N2
2018-01-25 12:00:00,0.6704273164935709,0.6889876252494989,0.3408315593221793,flood,5.385587406153931,-0.7818314824680299,0.6234898018587334,harmonic_M2S2K1O1N2
2018-01-25 13:00:00,0.9140612460737342,0.9408313175347947,0.12328495257379818,flood,5.834386356666759,-0.43388373911755834,0.900968867902419,harmonic_M2S2K1O1N2
2018-01-25 14:00:00,0.9169972216411673,0.9438662270346165,-0.11094746539635164,ebb,0.0,0.0,1.0,harmonic_M2S2K1O1N2
2018-01-25 15:00:00,0.6921663152810309,0.7114591657720108,-0.30445094831164177,ebb,0.6283185307179586,0.5877852522924731,0.8090169943749475,harmonic_M2S2K1O1N2
2018-01-25 16:00:00,0.30809532501788367,0.31444608777330363,-0.4102263153019406,ebb,1.2566370614359172,0.9510565162951535,0.30901699437494745,harmonic_M2S2K1O1N2
2018-01-25 17:00:00,-0.1282863153228503,-0.1366403587586187,-0.4031892462836174,ebb,1.8849555921538759,0.9510565162951536,-0.30901699437494734,harmonic_M2S2K1O1N2
2018-01-25 18:00:00,-0.4982831675493512,-0.5191050407478298,-0.2863896774145641,ebb,2.5132741228718345,0.5877852522924732,-0.8090169943749473,harmonic_M2S2K1O1N2
2018-01-25 19:00:00,-0.7010656701519785,-0.7287207304602711,-0.09038688764007075,ebb,3.141592653589793,1.2246467991473532e-16,-1.0,harmonic_M2S2K1O1N2
2018-01-25 20:00:00,-0.6790569428294927,-0.7059703723268759,0.13413373716618754,flood,3.665191429188092,-0.4999999999999997,-0.8660254037844388,harmonic_M2S2K1O1N2
2018-01-25 21:00:00,-0.43279819581960344,-0.4514134138137762,0.32876661772854127,flood,4.1887902047863905,-0.8660254037844385,-0.5000000000000004,harmonic_M2S2K1O1N2
2018-01-25 22:00:00,-0.02152370737241019,-0.026280157982891048,0.44183126827352076,flood,4.71238898038469,-1.0,-1.8369701987210297e-16,harmonic_M2S2K1O1N2
2018-01-25 23:00:00,0.4508643407274381,0.462026008690686,0.44133735163468185,flood,5.235987755982988,-0.866025403784439,0.49999999999999933,harmonic_M2S2K1O1N2
2018-01-26 00:00:00,0.8611509958969535,0.886138144103568,0.32326580663589083,flood,5.759586531581288,-0.49999999999999967,0.8660254037844388,harmonic_M2S2K1O1N2
2018-01-26 01:00:00,1.0973959539992197,1.1303438778237695,0.11306585021155119,flood,0.0,0.0,1.0,harmonic_M2S2K1O1N2
2018-01-26 02:00:00,1.087282696320056,1.1198898324478146,-0.14009897570146357,ebb,0.4487989505128276,0.4338837391175581,0.9009688679024191,harmonic_M2S2K1O1N2
2018-01-26 03:00:00,0.8171980025962926,0.8407040613429926,-0.3750505118630423,ebb,0.8975979010256552,0.7818314824680298,0.6234898018587336,harmonic_M2S2K1O1N2
2018-01-26 04:00:00,0.33718167259397136,0.3445125616067241,-0.533457019188125,ebb,1.3463968515384828,0.9749279121818236,0.22252093395631445,harmonic_M2S2K1O1N2
2018-01-26 05:00:00,-0.24971603577995743,-0.2621619115480342,-0.5742516918022733,ebb,1.7951958020513104,0.9749279121818236,-0.22252093395631434,harmonic_M2S2K1O1N2
2018-01-26 06:00:00,-0.8113217110105754,-0.8426920827856095,-0.4840567491416975,ebb,2.243994752564138,0.7818314824680299,-0.6234898018587335,harmonic_M2S2K1O1N2
2018-01-26 07:00:00,-1.2178295340633525,-1.262898050307814,-0.28098616110364133,ebb,2.6927937030769655,0.43388373911755823,-0.900968867902419,harmonic_M2S2K1O1N2
2018-01-26 08:00:00,-1.373294033217858,-1.4236012559484406,-0.01078544290427319,ebb,3.141592653589793,1.2246467991473532e-16,-1.0,harmonic_M2S2K1O1N2
2018-01-26 09:00:00,-1.2394004198718989,-1.285195812927537,0.26386569313776975,flood,3.5903916041026207,-0.433883739117558,-0.9009688679024191,harmonic_M2S2K1O1N2
2018-01-26 10:00:00,-0.8455626469423185,-0.8780868397770288,0.47836716447334887,flood,4.039190554615448,-0.7818314824680297,-0.6234898018587337,harmonic_M2S2K1O1N2
2018-01-26 11:00:00,-0.2826660909252011,-0.29622228878318396,0.5819058276138925,flood,4.487989505128276,-0.9749279121818236,-0.2225209339563146,harmonic_M2S2K1O1N2
2018-01-26 12:00:00,0.3182490082854665,0.32494192096373825,0.5500051446131442,flood,4.9367884556411035,-0.9749279121818236,0.22252093395631423,harmonic_M2S2K1O1N2
2018-01-26 13:00:00,0.8173441983010873,0.8408551834225616,0.39078340320147054,flood,5.385587406153931,-0.7818314824680299,0.6234898018587334,harmonic_M2S2K1O1N2
2018-01-26 14:00:00,1.0998158146884076,1.1328452808583604,0.1432887639115426,flood,5.834386356666759,-0.43388373911755834,0.900968867902419,harmonic_M2S2K1O1N2
2018-01-26 15:00:00,1.1039217261241725,1.1370895497003946,-0.13179110970411118,ebb,0.0,0.0,1.0,harmonic_M2S2K1O1N2
2018-01-26 16:00:00,0.8362335952801853,0.8603810987515819,-0.3668596185513606,ebb,0.5235987755982988,0.49999999999999994,0.8660254037844387,harmonic_M2S2K1O1N2
2018-01-26 17:00:00,0.3702024890214513,0.37864608457580323,-0.5040188554604759,ebb,1.0471975511965976,0.8660254037844386,0.5000000000000001,harmonic_M2S2K1O1N2
2018-01-26 18:00:00,-0.17180411564076653,-0.18162458378460045,-0.5094726317425882,ebb,1.5707963267948966,1.0,6.123233995736766e-17,harmonic_M2S2K1O1N2
2018-01-26 19:00:00,-0.6487427744637251,-0.6746347036745297,-0.38212737139273645,ebb,2.0943951023931953,0.8660254037844387,-0.4999999999999998,harmonic_M2S2K1O1N2
2018-01-26 20:00:00,-0.9360588584262395,-0.9716325133095107,-0.15417733863310373,ebb,2.6179938779914944,0.49999999999999994,-0.8660254037844387,harmonic_M2S2K1O1N2
2018-01-26 21:00:00,-0.9570974517299325,-0.9933800466979069,0.1165834527494139,flood,3.141592653589793,1.2246467991473532e-16,-1.0,harmonic_M2S2K1O1N2
2018-01-26 22:00:00,-0.7028919529274117,-0.7306085537126182,0.3609284990551483,flood,3.665191429188092,-0.4999999999999997,-0.8660254037844388,harmonic_M2S2K1O1N2
2018-01-26 23:00:00,-0.23524045361963597,-0.24719854390249857,0.5154117797355852,flood,4.1887902047863905,-0.8660254037844385,-0.5000000000000004,harmonic_M2S2K1O1N2
2018-01-27 00:00:00,0.3279316065437587,0.33495079493496865,0.5383811356178945,flood,4.71238898038469,-1.0,-1.8369701987210297e-16,harmonic_M2S2K1O1N2
2018-01-27 01:00:00,0.841521817616153,0.8658475189706815,0.42077875199955617,flood,5.235987755982988,-0.866025403784439,0.49999999999999933,harmonic_M2S2K1O1N2
2018-01-27 02:00:00,1.169489110542871,1.2048663663939874,0.18895150375680503,flood,5.759586531581288,-0.49999999999999967,0.8660254037844388,harmonic_M2S2K1O1N2
2018-01-27 03:00:00,1.219424825129763,1.2564847709410836,-0.10135687523100356,ebb,0.0,0.0,1.0,harmonic_M2S2K1O1N2
2018-01-27 04:00:00,0.966775360080864,0.9953217455715656,-0.3784715596216987,ebb,0.5235987755982988,0.49999999999999994,0.8660254037844387,harmonic_M2S2K1O1N2
2018-01-27 05:00:00,0.4624817058863656,0.474034845642471,-0.5724650040121952,ebb,1.0471975511965976,0.8660254037844386,0.5000000000000001,harmonic_M2S2K1O1N2
2018-01-27 06:00:00,-0.17815464794352653,-0.1881891107610366,-0.6326968409394791,ebb,1.5707963267948966,1.0,6.123233995736766e-17,harmonic_M2S2K1O1N2
2018-01-27 07:00:00,-0.8029119759925926,-0.8339989638849726,-0.5408276126849114,ebb,2.0943951023931953,0.8660254037844387,-0.4999999999999998,harmonic_M2S2K1O1N2
2018-01-27 08:00:00,-1.2598098733133494,-1.3062930062498181,-0.3159786082793005,ebb,2.6179938779914944,0.49999999999999994,-0.8660254037844387,harmonic_M2S2K1O1N2
2018-01-27 09:00:00,-1.4348691925511936,-1.4872513210534335,-0.010620081819836424,ebb,3.141592653589793,1.2246467991473532e-16,-1.0,harmonic_M2S2K1O1N2
2018-01-27 10:00:00,-1.2810500369530222,-1.328248902314775,0.30193356140227895,flood,3.665191429188092,-0.4999999999999997,-0.8660254037844388,harmonic_M2S2K1O1N2
2018-01-27 11:00:00,-0.8310020697466357,-0.8630356130078966,0.545429008719788,flood,4.1887902047863905,-0.8660254037844385,-0.5000000000000004,harmonic_M2S2K1O1N2
2018-01-27 12:00:00,-0.19019201951344605,-0.20063210713187296,0.65958812509545,flood,4.71238898038469,-1.0,-1.8369701987210297e-16,harmonic_M2S2K1O1N2
2018-01-27 13:00:00,0.48817418044426425,0.5005930826981937,0.6153178830295101,flood,5.235987755982988,-0.866025403784439,0.49999999999999933,harmonic_M2S2K1O1N2
2018-01-27 14:00:00,1.040443746545574,1.071472544780623,0.42235765558225524,flood,5.759586531581288,-0.49999999999999967,0.8660254037844388,harmonic_M2S2K1O1N2
2018-01-27 15:00:00,1.3328894916087748,1.3737728703418353,0.12734064260801836,flood,0.0,0.0,1.0,harmonic_M2S2K1O1N2
2018-01-27 16:00:00,1.2951250317616108,1.3347358568131418,-0.1973825603219454,ebb,0.4487989505128276,0.4338837391175581,0.9009688679024191,harmonic_M2S2K1O1N2
2018-01-27 17:00:00,0.938124370964884,0.965705300526213,-0.4714897993634175,ebb,0.8975979010256552,0.7818314824680298,0.6234898018587336,harmonic_M2S2K1O1N2
2018-01-27 18:00:00,0.3521454330347758,0.35998055773673304,-0.6266481584159924,ebb,1.3463968515384828,0.9749279121818236,0.22252093395631445,harmonic_M2S2K1O1N2
2018-01-27 19:00:00,-0.31517194586710096,-0.32982349754571266,-0.6237173042319464,ebb,1.7951958020513104,0.9749279121818236,-0.22252093395631434,harmonic_M2S2K1O1N2
2018-01-27 20:00:00,-0.895289175429117,-0.9294890092541037,-0.46284492485833395,ebb,2.243994752564138,0.7818314824680299,-0.6234898018587335,harmonic_M2S2K1O1N2
2018-01-27 21:00:00,-1.2408617955837689,-1.2867064327977973,-0.18382823819539496,ebb,2.6927937030769655,0.43388373911755823,-0.900968867902419,harmonic_M2S2K1O1N2
2018-01-27 22:00:00,-1.262945651819907,-1.3095344514731546,0.14347471972649256,flood,3.141592653589793,1.2246467991473532e-16,-1.0,harmonic_M2S2K1O1N2
2018-01-27 23:00:00,-0.9539123561307837,-0.990087622537801,0.4364015760832852,flood,3.665191429188092,-0.4999999999999997,-0.8660254037844388,harmonic_M2S2K1O1N2
2018-01-28 00:00:00,-0.3901424996533364,-0.4073203433698347,0.6201675880273398,flood,4.1887902047863905,-0.8660254037844385,-0.5000000000000004,harmonic_M2S2K1O1N2
2018-01-28 01:00:00,0.28642281992389607,0.29204328159048976,0.646811536504023,flood,4.71238898038469,-1.0,-1.8369701987210297e-16,harmonic_M2S2K1O1N2
2018-01-28 02:00:00,0.9034805733547097,0.92989410657648,0.5076120999100572,flood,5.235987755982988,-0.866025403784439,0.49999999999999933,harmonic_M2S2K1O1N2
2018-01-28 03:00:00,1.3016470197440104,1.3414776170324936,0.23576250659626513,flood,5.759586531581288,-0.49999999999999967,0.8660254037844388,harmonic_M2S2K1O1N2
2018-01-28 04:00:00,1.37500558654724,1.4173081565485588,-0.10149584730125805,ebb,0.0,0.0,1.0,harmonic_M2S2K1O1N2
2018-01-28 05:00:00,1.0986553251414943,1.1316456861514295,-0.41943262397403414,ebb,0.5235987755982988,0.49999999999999994,0.8660254037844387,harmonic_M2S2K1O1N2
2018-01-28 06:00:00,0.5361403385991717,0.5501755624262384,-0.6370152281629363,ebb,1.0471975511965976,0.8660254037844386,0.5000000000000001,harmonic_M2S2K1O1N2
2018-01-28 07:00:00,-0.17537513118437822,-0.18531593228134355,-0.6974364439712899,ebb,1.5707963267948966,1.0,6.123233995736766e-17,harmonic_M2S2K1O1N2
2018-01-28 08:00:00,-0.8587325493434081,-0.8917005300107451,-0.5827935842340737,ebb,2.0943951023931953,0.8660254037844387,-0.4999999999999998,harmonic_M2S2K1O1N2
2018-01-28 09:00:00,-1.3409622996525257,-1.3901800359520748,-0.3191384265345475,ebb,2.6179938779914944,0.49999999999999994,-0.8660254037844387,harmonic_M2S2K1O1N2
2018-01-28 10:00:00,-1.4970094024125031,-1.5514854772640367,0.029500657450414747,flood,3.141592653589793,1.2246467991473532e-16,-1.0,harmonic_M2S2K1O1N2
2018-01-28 11:00:00,-1.2819609847516962,-1.3291905464342644,0.37675644875744585,flood,3.665191429188092,-0.4999999999999997,-0.8660254037844388,harmonic_M2S2K1O1N2
2018-01-28 12:00:00,-0.7434965048976114,-0.7725813623004327,0.635395903096986,flood,4.1887902047863905,-0.8660254037844385,-0.5000000000000004,harmonic_M2S2K1O1N2
2018-01-28 13:00:00,-0.011169178557724216,-0.015576711328072881,0.7392821914487508,flood,4.71238898038469,-1.0,-1.8369701987210297e-16,harmonic_M2S2K1O1N2
2018-01-28 14:00:00,0.7350678779998902,0.755806387764224,0.660289704496889,flood,5.235987755982988,-0.866025403784439,0.49999999999999933,harmonic_M2S2K1O1N2
2018-01-28 15:00:00,1.3094102304360538,1.3495024255968917,0.41584297784259056,flood,5.759586531581288,-0.49999999999999967,0.8660254037844388,harmonic_M2S2K1O1N2
2018-01-28 16:00:00,1.5667538336850713,1.6155177681229422,0.06506653088622205,flood,0.0,0.0,1.0,harmonic_M2S2K1O1N2
2018-01-28 17:00:00,1.4395432922084979,1.4840205972720704,-0.30561454578259845,ebb,0.5235987755982988,0.49999999999999994,0.8660254037844387,harmonic_M2S2K1O1N2
2018-01-28 18:00:00,0.9555247421198744,0.9836920141434781,-0.6039090813736484,ebb,1.0471975511965976,0.8660254037844386,0.5000000000000001,harmonic_M2S2K1O1N2
2018-01-28 19:00:00,0.231725129461201,0.23550243627661552,-0.7547983080375957,ebb,1.5707963267948966,1.0,6.123233995736766e-17,harmonic_M2S2K1O1N2
2018-01-28 20:00:00,-0.5540718739553172,-0.5767736661043645,-0.7195577386332787,ebb,2.0943951023931953,0.8660254037844387,-0.4999999999999998,harmonic_M2S2K1O1N2
2018-01-28 21:00:00,-1.2073903478053563,-1.2521070934973313,-0.5058190366442454,ebb,2.6179938779914944,0.49999999999999994,-0.8660254037844387,harmonic_M2S2K1O1N2
2018-01-28 22:00:00,-1.565709947243808,-1.6225010328647786,-0.16604167857596364,ebb,3.141592653589793,1.2246467991473532e-16,-1.0,harmonic_M2S2K1O1N2
2018-01-28 23:00:00,-1.5394737049572835,-1.5953807046719195,0.21533318507333798,flood,3.5903916041026207,-0.433883739117558,-0.9009688679024191,harmonic_M2S2K1O1N2
2018-01-29 00:00:00,-1.135043577097132,-1.1773224446946207,0.5429098224802158,flood,4.039190554615448,-0.7818314824680297,-0.6234898018587337,harmonic_M2S2K1O1N2
2018-01-29 01:00:00,-0.453654059996852,-0.4729720606297185,0.734308876713471,flood,4.487989505128276,-0.9749279121818236,-0.2225209339563146,harmonic_M2S2K1O1N2
2018-01-29 02:00:00,0.3335741763298099,0.34078350309407185,0.7410493149372305,flood,4.9367884556411035,-0.9749279121818236,0.22252093395631423,harmonic_M2S2K1O1N2
2018-01-29 03:00:00,1.028444569877609,1.0590690303700838,0.5610324877172346,flood,5.385587406153931,-0.7818314824680299,0.6234898018587334,harmonic_M2S2K1O1N2
2018-01-29 04:00:00,1.455639151764279,1.5006588410011719,0.23939530085832605,flood,5.834386356666759,-0.43388373911755834,0.900968867902419,harmonic_M2S2K1O1N2
2018-01-29 05:00:00,1.5072351715942611,1.553993498302804,-0.14258529115588625,ebb,0.0,0.0,1.0,harmonic_M2S2K1O1N2
2018-01-29 06:00:00,1.1704685694525065,1.205878830251831,-0.48783054342539406,ebb,0.5235987755982988,0.49999999999999994,0.8660254037844387,harmonic_M2S2K1O1N2
2018-01-29 07:00:00,0.531574084743473,0.5454554389487212,-0.7079685319809869,ebb,1.0471975511965976,0.8660254037844386,0.5000000000000001,harmonic_M2S2K1O1N2
2018-01-29 08:00:00,-0.24546849450946714,-0.25777124035318943,-0.7458380865399827,ebb,1.5707963267948966,1.0,6.123233995736766e-17,harmonic_M2S2K1O1N2
2018-01-29 09:00:00,-0.9601020883364925,-0.9964859309163965,-0.5902659711282597,ebb,2.0943951023931953,0.8660254037844387,-0.4999999999999998,harmonic_M2S2K1O1N2
2018-01-29 10:00:00,-1.4260004367659866,-1.4780837137059182,-0.2793034592375018,ebb,2.6179938779914944,0.49999999999999994,-0.8660254037844387,harmonic_M2S2K1O1N2
2018-01-29 11:00:00,-1.5187090068114961,-1.5739162959204938,0.10899882185635179,flood,3.141592653589793,1.2246467991473532e-16,-1.0,harmonic_M2S2K1O1N2
2018-01-29 12:00:00,-1.208002793053283,-1.252740176388644,0.476046799587145,flood,3.665191429188092,-0.4999999999999997,-0.8660254037844388,harmonic_M2S2K1O1N2
2018-01-29 13:00:00,-0.5666154076372061,-0.589739880794558,0.7275448192815577,flood,4.1887902047863905,-0.8660254037844385,-0.5000000000000004,harmonic_M2S2K1O1N2
2018-01-29 14:00:00,0.2470868455098323,0.2513817979738649,0.7974712872443143,flood,4.71238898038469,-1.0,-1.8369701987210297e-16,harmonic_M2S2K1O1N2
2018-01-29 15:00:00,1.0283271668514224,1.0589476711995804,0.6651026668599369,flood,5.235987755982988,-0.866025403784439,0.49999999999999933,harmonic_M2S2K1O1N2
2018-01-29 16:00:00,1.577292179229706,1.6264112256028287,0.36071234673725294,flood,5.759586531581288,-0.49999999999999967,0.8660254037844388,harmonic_M2S2K1O1N2
2018-01-29 17:00:00,1.7497518603259283,1.8046823019363345,-0.041593609946871224,ebb,0.0,0.0,1.0,harmonic_M2S2K1O1N2
2018-01-29 18:00:00,1.4941049593359637,1.5404208356555382,-0.4421933654883927,ebb,0.5235987755982988,0.49999999999999994,0.8660254037844387,harmonic_M2S2K1O1N2
2018-01-29 19:00:00,0.8653651293491429,0.89049428173272,-0.7408682562604144,ebb,1.0471975511965976,0.8660254037844386,0.5000000000000001,harmonic_M2S2K1O1N2
2018-01-29 20:00:00,0.012368446815134826,0.008754064322690698,-0.8620655424801245,ebb,1.5707963267948966,1.0,6.123233995736766e-17,harmonic_M2S2K1O1N2
2018-01-29 21:00:00,-0.858765955611106,-0.8917350619735839,-0.774113688477499,ebb,2.0943951023931953,0.8660254037844387,-0.4999999999999998,harmonic_M2S2K1O1N2
2018-01-29 22:00:00,-1.535858930139863,-1.5916441223396975,-0.4974860009420078,ebb,2.6179938779914944,0.49999999999999994,-0.8660254037844387,harmonic_M2S2K1O1N2
2018-01-29 23:00:00,-1.8537379574951216,-1.9202347586569022,-0.09994991294316069,ebb,3.141592653589793,1.2246467991473532e-16,-1.0,harmonic_M2S2K1O1N2
2018-01-30 00:00:00,-1.7357587560261845,-1.798279997421433,0.3202520863418691,flood,3.665191429188092,-0.4999999999999997,-0.8660254037844388,harmonic_M2S2K1O1N2
2018-01-30 01:00:00,-1.2132337848113834,-1.2581474375240045,0.6590040242806278,flood,4.1887902047863905,-0.8660254037844385,-0.5000000000000004,harmonic_M2S2K1O1N2
2018-01-30 02:00:00,-0.4177507074649289,-0.4358588683800117,0.832517256453102,flood,4.71238898038469,-1.0,-1.8369701987210297e-16,harmonic_M2S2K1O1N2
2018-01-30 03:00:00,0.4518007280948205,0.4629939496191818,0.7985061894479939,flood,5.235987755982988,-0.866025403784439,0.49999999999999933,harmonic_M2S2K1O1N2
2018-01-30 04:00:00,1.1792616714310589,1.2149682344769972,0.5669516562959942,flood,5.759586531581288,-0.49999999999999967,0.8660254037844388,harmonic_M2S2K1O1N2
2018-01-30 05:00:00,1.585704040686809,1.635106542597468,0.19767599295143667,flood,0.0,0.0,1.0,harmonic_M2S2K1O1N2
2018-01-30 06:00:00,1.5746136573339322,1.6236424452229319,-0.21471562659611443,ebb,0.5235987755982988,0.49999999999999994,0.8660254037844387,harmonic_M2S2K1O1N2
2018-01-30 07:00:00,1.1562727874945802,1.1912046912707708,-0.5647651089561009,ebb,1.0471975511965976,0.8660254037844386,0.5000000000000001,harmonic_M2S2K1O1N2
2018-01-30 08:00:00,0.4450834394217304,0.45605030763757265,-0.7629303436990658,ebb,1.5707963267948966,1.0,6.123233995736766e-17,harmonic_M2S2K1O1N2
2018-01-30 09:00:00,-0.36958789990355123,-0.38607311272608696,-0.7584109445894376,ebb,2.0943951023931953,0.8660254037844387,-0.4999999999999998,harmonic_M2S2K1O1N2
2018-01-30 10:00:00,-1.0717384497571447,-1.1118841166367568,-0.5522173425891377,ebb,2.6179938779914944,0.49999999999999994,-0.8660254037844387,harmonic_M2S2K1O1N2
2018-01-30 11:00:00,-1.4740225850818265,-1.527724070302284,-0.19711975019400918,ebb,3.141592653589793,1.2246467991473532e-16,-1.0,harmonic_M2S2K1O1N2
2018-01-30 12:00:00,-1.465977950145163,-1.5194083543056336,0.2155701620800642,flood,3.5903916041026207,-0.433883739117558,-0.9009688679024191,harmonic_M2S2K1O1N2
2018-01-30 13:00:00,-1.0428822609216981,-1.0820555572315715,0.5790878312444773,flood,4.039190554615448,-0.7818314824680297,-0.6234898018587337,harmonic_M2S2K1O1N2
2018-01-30 14:00:00,-0.30780228765620854,-0.32220550304917395,0.7983551631927978,flood,4.487989505128276,-0.9749279121818236,-0.2225209339563146,harmonic_M2S2K1O1N2
2018-01-30 15:00:00,0.5538280654638974,0.568459314814186,0.8142954967347609,flood,4.9367884556411035,-0.9749279121818236,0.22252093395631423,harmonic_M2S2K1O1N2
2018-01-30 16:00:00,1.3207887058133132,1.3612643228684433,0.619134860539802,flood,5.385587406153931,-0.7818314824680299,0.6234898018587334,harmonic_M2S2K1O1N2
2018-01-30 17:00:00,1.7920977865435015,1.8484551640752482,0.25876115322190196,flood,5.834386356666759,-0.43388373911755834,0.900968867902419,harmonic_M2S2K1O1N2
2018-01-30 18:00:00,1.8383110122571171,1.8962256425803832,-0.17851886718993548,ebb,0.0,0.0,1.0,harmonic_M2S2K1O1N2
2018-01-30 19:00:00,1.4350600521636305,1.4793862849320514,-0.5840355539299324,ebb,0.5235987755982988,0.49999999999999994,0.8660254037844387,harmonic_M2S2K1O1N2
2018-01-30 20:00:00,0.6702399043972523,0.688793897904555,-0.8560812611726935,ebb,1.0471975511965976,0.8660254037844386,0.5000000000000001,harmonic_M2S2K1O1N2
2018-01-30 21:00:00,-0.27710247018175643,-0.2904711900223558,-0.9256023139937577,ebb,1.5707963267948966,1.0,6.123233995736766e-17,harmonic_M2S2K1O1N2
2018-01-30 22:00:00,-1.1809647235902632,-1.224791001749597,-0.7737454182445409,ebb,2.0943951023931953,0.8660254037844387,-0.4999999999999998,harmonic_M2S2K1O1N2
2018-01-30 23:00:00,-1.8245933066708382,-1.8901080169235092,-0.4367892295876563,ebb,2.6179938779914944,0.49999999999999994,-0.8660254037844387,harmonic_M2S2K1O1N2
2018-01-31 00:00:00,-2.054543182765576,-2.1278065424779733,0.0028242740917168163,flood,3.141592653589793,1.2246467991473532e-16,-1.0,harmonic_M2S2K1O1N2
2018-01-31 01:00:00,-1.8189447584874046,-1.8842691289122264,0.43712461553427173,flood,3.665191429188092,-0.4999999999999997,-0.8660254037844388,harmonic_M2S2K1O1N2
2018-01-31 02:00:00,-1.1802939516970323,-1.2240976267727883,0.7597178634842083,flood,4.1887902047863905,-0.8660254037844385,-0.5000000000000004,harmonic_M2S2K1O1N2
2018-01-31 03:00:00,-0.2995090315189879,-0.3136327880325731,0.8925150345005306,flood,4.71238898038469,-1.0,-1.8369701987210297e-16,harmonic_M2S2K1O1N2
2018-01-31 04:00:00,0.6047361173040288,0.6210828215833918,0.8053196578375735,flood,5.235987755982988,-0.866025403784439,0.49999999999999933,harmonic_M2S2K1O1N2
2018-01-31 05:00:00,1.3111302841561592,1.3512804401802745,0.5233095049797925,flood,5.759586531581288,-0.49999999999999967,0.8660254037844388,harmonic_M2S2K1O1N2
2018-01-31 06:00:00,1.6513551272636136,1.7029698819711572,0.12050986992016999,flood,0.0,0.0,1.0,harmonic_M2S2K1O1N2
2018-01-31 07:00:00,1.5521500239964992,1.6004218520502524,-0.29909398016748956,ebb,0.5235987755982988,0.49999999999999994,0.8660254037844387,harmonic_M2S2K1O1N2
2018-01-31 08:00:00,1.0531671669286344,1.0846247078364408,-0.6280203398601214,ebb,1.0471975511965976,0.8660254037844386,0.5000000000000001,harmonic_M2S2K1O1N2
2018-01-31 09:00:00,0.2961093442762563,0.30205621395386634,-0.7826190499823666,ebb,1.5707963267948966,1.0,6.123233995736766e-17,harmonic_M2S2K1O1N2
2018-01-31 10:00:00,-0.5120709330360987,-0.533357414276139,-0.7243274133483855,ebb,2.0943951023931953,0.8660254037844387,-0.4999999999999998,harmonic_M2S2K1O1N2
2018-01-31 11:00:00,-1.1525454824205146,-1.1954141138897276,-0.4694536576920247,ebb,2.6179938779914944,0.49999999999999994,-0.8660254037844387,harmonic_M2S2K1O1N2
2018-01-31 12:00:00,-1.450978248420148,-1.5039032057735078,-0.08499668469836763,ebb,3.141592653589793,1.2246467991473532e-16,-1.0,harmonic_M2S2K1O1N2
2018-01-31 13:00:00,-1.3225388518172498,-1.3711357709128953,0.32844461625968535,flood,3.665191429188092,-0.4999999999999997,-0.8660254037844388,harmonic_M2S2K1O1N2
2018-01-31 14:00:00,-0.7940890159007774,-0.8248786954140025,0.6623391322136004,flood,4.1887902047863905,-0.8660254037844385,-0.5000000000000004,harmonic_M2S2K1O1N2
2018-01-31 15:00:00,0.002139412609950972,-0.001819658915223357,0.8279529170775729,flood,4.71238898038469,-1.0,-1.8369701987210297e-16,harmonic_M2S2K1O1N2
2018-01-31 16:00:00,0.8618168182543684,0.8868264027594391,0.7790958047195656,flood,5.235987755982988,-0.866025403784439,0.49999999999999933,harmonic_M2S2K1O1N2
2018-01-31 17:00:00,1.5603310220490823,1.6088785262076317,0.5241004413980506,flood,5.759586531581288,-0.49999999999999967,0.8660254037844388,harmonic_M2S2K1O1N2
2018-01-31 18:00:00,1.9100177010504695,1.9703486405486468,0.1239780602527163,flood,0.0,0.0,1.0,harmonic_M2S2K1O1N2
2018-01-31 19:00:00,1.8082871425545148,1.8651900548212157,-0.32279859961896173,ebb,0.0,0.0,1.0,harmonic_M2S2K1O1N2
2018-01-31 20:00:00,1.264420501812546,1.3029966725148703,-0.7050419565303105,ebb,0.0,0.0,1.0,harmonic_M2S2K1O1N2
2018-01-31 21:00:00,0.39820322949389375,0.4075903694685277,-0.9268643950444444,ebb,0.0,0.0,1.0,harmonic_M2S2K1O1N2
2018-01-31 22:00:00,-0.5893082882763426,-0.6131974462436643,-0.9318701678580469,ebb,0.0,0.0,1.0,harmonic_M2S2K1O1N2
2018-01-31 23:00:00,-1.4655371062222,-1.5189526552103891,-0.8762288179458574,ebb,0.0,0.0,1.0,harmonic_M2S2K1O1N2
